learning_case,central_component_case,year,direct_capex_share_of_installed_capex,stack_share_of_direct_capex,stack_share_of_installed_capex,nonstack_equipment_share_of_installed_capex,bop_epc_share_of_installed_capex,stack_embodied_newbuild_capital_saving_share,nonstack_equipment_newbuild_capital_saving_share,bop_epc_newbuild_capital_saving_share,total_newbuild_capital_saving_share,incumbent_stack_embodied_share_of_newbuild_capital_saving
conservative,False,2026,0.5,0.2,0.1,0.4,0.5,0.0,0.0,0.0,0.0,
conservative,False,2027,0.5,0.2,0.1,0.4,0.5,0.022966103967129226,0.0918644158685169,0.030631530369524207,0.14546205020517033,0.15788381873303828
conservative,False,2028,0.5,0.2,0.1,0.4,0.5,0.026201412331349008,0.10480564932539603,0.035485702442487,0.16649276409923203,0.1573726790656956
conservative,False,2029,0.5,0.2,0.1,0.4,0.5,0.02849419136910608,0.11397676547642432,0.039024277568200705,0.1814952344137311,0.15699691212911726
conservative,False,2030,0.5,0.2,0.1,0.4,0.5,0.03025812909688812,0.12103251638755248,0.04180564496429062,0.19309629044873122,0.15669969126062483
conservative,False,2031,0.5,0.2,0.1,0.4,0.5,0.03226684166968417,0.12906736667873667,0.04503865614770569,0.20637286449612652,0.1563521529270133
conservative,False,2032,0.5,0.2,0.1,0.4,0.5,0.0338396509446958,0.1353586037787832,0.047621182623787395,0.21681943734726639,0.15607295802772936
conservative,False,2033,0.5,0.2,0.1,0.4,0.5,0.034999999999999996,0.13999999999999999,0.049769536925968694,0.22476953692596868,0.1557150514196583
conservative,False,2034,0.5,0.2,0.1,0.4,0.5,0.034999999999999996,0.13999999999999999,0.05160762427380816,0.22660762427380815,0.15445199653878275
conservative,False,2035,0.5,0.2,0.1,0.4,0.5,0.034999999999999996,0.13999999999999999,0.053213015732807234,0.22821301573280722,0.15336548569595235
conservative,False,2036,0.5,0.2,0.1,0.4,0.5,0.034999999999999996,0.13999999999999999,0.05463748189832984,0.22963748189832983,0.15241414298165823
conservative,False,2037,0.5,0.2,0.1,0.4,0.5,0.034999999999999996,0.13999999999999999,0.055917285879793055,0.23091728587979304,0.15156942394611245
conservative,False,2038,0.5,0.2,0.1,0.4,0.5,0.034999999999999996,0.13999999999999999,0.057078809568000044,0.23207880956800003,0.15081083906432594
conservative,False,2039,0.5,0.2,0.1,0.4,0.5,0.034999999999999996,0.13999999999999999,0.0581418412206296,0.2331418412206296,0.15012320318290004
conservative,False,2040,0.5,0.2,0.1,0.4,0.5,0.034999999999999996,0.13999999999999999,0.05912160131327121,0.2341216013132712,0.1494949624625518
conservative,False,2041,0.5,0.2,0.1,0.4,0.5,0.034999999999999996,0.13999999999999999,0.06072701687738452,0.2357270168773845,0.1484768291035794
conservative,False,2042,0.5,0.2,0.1,0.4,0.5,0.034999999999999996,0.13999999999999999,0.06214875541815107,0.23714875541815106,0.14758669063342317
conservative,False,2043,0.5,0.2,0.1,0.4,0.5,0.034999999999999996,0.13999999999999999,0.06342413577932676,0.23842413577932675,0.14679721868592288
conservative,False,2044,0.5,0.2,0.1,0.4,0.5,0.034999999999999996,0.13999999999999999,0.06458018115215547,0.23958018115215546,0.1460888786029082
conservative,False,2045,0.5,0.2,0.1,0.4,0.5,0.034999999999999996,0.13999999999999999,0.0656370837260607,0.24063708372606069,0.1454472413730035
conservative,False,2046,0.5,0.2,0.1,0.4,0.5,0.034999999999999996,0.13999999999999999,0.06661032560050606,0.24161032560050605,0.14486135852435061
conservative,False,2047,0.5,0.2,0.1,0.4,0.5,0.034999999999999996,0.13999999999999999,0.06751203624770591,0.2425120362477059,0.14432273359104703
conservative,False,2048,0.5,0.2,0.1,0.4,0.5,0.034999999999999996,0.13999999999999999,0.06835189408681647,0.24335189408681646,0.14382464591590008
conservative,False,2049,0.5,0.2,0.1,0.4,0.5,0.034999999999999996,0.13999999999999999,0.06913774428216324,0.24413774428216323,0.1433616915848481
conservative,False,2050,0.5,0.2,0.1,0.4,0.5,0.034999999999999996,0.13999999999999999,0.06987603356713235,0.24487603356713233,0.14292946308445006
conservative,False,2051,0.5,0.2,0.1,0.4,0.5,0.034999999999999996,0.13999999999999999,0.07040179790580059,0.24540179790580058,0.14262324195943757
conservative,False,2052,0.5,0.2,0.1,0.4,0.5,0.034999999999999996,0.13999999999999999,0.07090578030978806,0.24590578030978805,0.1423309364908282
conservative,False,2053,0.5,0.2,0.1,0.4,0.5,0.034999999999999996,0.13999999999999999,0.07138969138698881,0.2463896913869888,0.14205139753605883
conservative,False,2054,0.5,0.2,0.1,0.4,0.5,0.034999999999999996,0.13999999999999999,0.0718550486512533,0.2468550486512533,0.14178361022482697
conservative,False,2055,0.5,0.2,0.1,0.4,0.5,0.034999999999999996,0.13999999999999999,0.07230320447585858,0.24730320447585857,0.14152667400400246
conservative,False,2056,0.5,0.2,0.1,0.4,0.5,0.034999999999999996,0.13999999999999999,0.07273536917061957,0.24773536917061956,0.14127978623793078
conservative,False,2057,0.5,0.2,0.1,0.4,0.5,0.034999999999999996,0.13999999999999999,0.07315263016834722,0.2481526301683472,0.1410422286326602
conservative,False,2058,0.5,0.2,0.1,0.4,0.5,0.034999999999999996,0.13999999999999999,0.07355596808157872,0.2485559680815787,0.14081335592196534
conservative,False,2059,0.5,0.2,0.1,0.4,0.5,0.034999999999999996,0.13999999999999999,0.07394627022243883,0.24894627022243881,0.14059258637908795
conservative,False,2060,0.5,0.2,0.1,0.4,0.5,0.034999999999999996,0.13999999999999999,0.07432434205153948,0.24932434205153947,0.14037939381291906
conservative,False,2026,0.5,0.25,0.125,0.375,0.5,0.0,0.0,0.0,0.0,
conservative,False,2027,0.5,0.25,0.125,0.375,0.5,0.028707629958911532,0.0861228898767346,0.030631530369524207,0.14546205020517033,0.19735477341629784
conservative,False,2028,0.5,0.25,0.125,0.375,0.5,0.03275176541418626,0.09825529624255877,0.035485702442487,0.16649276409923203,0.19671584883211948
conservative,False,2029,0.5,0.25,0.125,0.375,0.5,0.0356177392113826,0.1068532176341478,0.039024277568200705,0.1814952344137311,0.19624614016139658
conservative,False,2030,0.5,0.25,0.125,0.375,0.5,0.03782266137111015,0.11346798411333045,0.04180564496429062,0.19309629044873122,0.19587461407578102
conservative,False,2031,0.5,0.25,0.125,0.375,0.5,0.04033355208710521,0.12100065626131562,0.04503865614770569,0.20637286449612652,0.19544019115876662
conservative,False,2032,0.5,0.25,0.125,0.375,0.5,0.04229956368086975,0.12689869104260926,0.047621182623787395,0.21681943734726639,0.19509119753466167
conservative,False,2033,0.5,0.25,0.125,0.375,0.5,0.04375,0.13124999999999998,0.049769536925968694,0.22476953692596868,0.19464381427457286
conservative,False,2034,0.5,0.25,0.125,0.375,0.5,0.04375,0.13124999999999998,0.05160762427380816,0.22660762427380815,0.19306499567347843
conservative,False,2035,0.5,0.25,0.125,0.375,0.5,0.04375,0.13124999999999998,0.053213015732807234,0.22821301573280722,0.19170685711994045
conservative,False,2036,0.5,0.25,0.125,0.375,0.5,0.04375,0.13124999999999998,0.05463748189832984,0.22963748189832983,0.1905176787270728
conservative,False,2037,0.5,0.25,0.125,0.375,0.5,0.04375,0.13124999999999998,0.055917285879793055,0.23091728587979304,0.18946177993264057
conservative,False,2038,0.5,0.25,0.125,0.375,0.5,0.04375,0.13124999999999998,0.057078809568000044,0.23207880956800003,0.1885135488304074
conservative,False,2039,0.5,0.25,0.125,0.375,0.5,0.04375,0.13124999999999998,0.0581418412206296,0.2331418412206296,0.18765400397862506
conservative,False,2040,0.5,0.25,0.125,0.375,0.5,0.04375,0.13124999999999998,0.05912160131327121,0.2341216013132712,0.18686870307818976
conservative,False,2041,0.5,0.25,0.125,0.375,0.5,0.04375,0.13124999999999998,0.06072701687738452,0.2357270168773845,0.18559603637947425
conservative,False,2042,0.5,0.25,0.125,0.375,0.5,0.04375,0.13124999999999998,0.06214875541815107,0.23714875541815106,0.18448336329177897
conservative,False,2043,0.5,0.25,0.125,0.375,0.5,0.04375,0.13124999999999998,0.06342413577932676,0.23842413577932675,0.1834965233574036
conservative,False,2044,0.5,0.25,0.125,0.375,0.5,0.04375,0.13124999999999998,0.06458018115215547,0.23958018115215546,0.18261109825363528
conservative,False,2045,0.5,0.25,0.125,0.375,0.5,0.04375,0.13124999999999998,0.0656370837260607,0.24063708372606069,0.18180905171625436
conservative,False,2046,0.5,0.25,0.125,0.375,0.5,0.04375,0.13124999999999998,0.06661032560050606,0.24161032560050605,0.18107669815543828
conservative,False,2047,0.5,0.25,0.125,0.375,0.5,0.04375,0.13124999999999998,0.06751203624770591,0.2425120362477059,0.18040341698880877
conservative,False,2048,0.5,0.25,0.125,0.375,0.5,0.04375,0.13124999999999998,0.06835189408681647,0.24335189408681646,0.17978080739487512
conservative,False,2049,0.5,0.25,0.125,0.375,0.5,0.04375,0.13124999999999998,0.06913774428216324,0.24413774428216323,0.17920211448106013
conservative,False,2050,0.5,0.25,0.125,0.375,0.5,0.04375,0.13124999999999998,0.06987603356713235,0.24487603356713233,0.1786618288555626
conservative,False,2051,0.5,0.25,0.125,0.375,0.5,0.04375,0.13124999999999998,0.07040179790580059,0.24540179790580058,0.17827905244929698
conservative,False,2052,0.5,0.25,0.125,0.375,0.5,0.04375,0.13124999999999998,0.07090578030978806,0.24590578030978805,0.17791367061353527
conservative,False,2053,0.5,0.25,0.125,0.375,0.5,0.04375,0.13124999999999998,0.07138969138698881,0.2463896913869888,0.17756424692007355
conservative,False,2054,0.5,0.25,0.125,0.375,0.5,0.04375,0.13124999999999998,0.0718550486512533,0.2468550486512533,0.17722951278103372
conservative,False,2055,0.5,0.25,0.125,0.375,0.5,0.04375,0.13124999999999998,0.07230320447585858,0.24730320447585857,0.17690834250500306
conservative,False,2056,0.5,0.25,0.125,0.375,0.5,0.04375,0.13124999999999998,0.07273536917061957,0.24773536917061956,0.17659973279741348
conservative,False,2057,0.5,0.25,0.125,0.375,0.5,0.04375,0.13124999999999998,0.07315263016834722,0.2481526301683472,0.17630278579082526
conservative,False,2058,0.5,0.25,0.125,0.375,0.5,0.04375,0.13124999999999998,0.07355596808157872,0.2485559680815787,0.17601669490245667
conservative,False,2059,0.5,0.25,0.125,0.375,0.5,0.04375,0.13124999999999998,0.07394627022243883,0.24894627022243881,0.17574073297385992
conservative,False,2060,0.5,0.25,0.125,0.375,0.5,0.04375,0.13124999999999998,0.07432434205153948,0.24932434205153947,0.17547424226614883
conservative,False,2026,0.5,0.35,0.175,0.325,0.5,0.0,0.0,0.0,0.0,
conservative,False,2027,0.5,0.35,0.175,0.325,0.5,0.040190681942476145,0.07463983789316998,0.030631530369524207,0.14546205020517033,0.276296682782817
conservative,False,2028,0.5,0.35,0.175,0.325,0.5,0.045852471579860755,0.08515459007688427,0.035485702442487,0.16649276409923203,0.27540218836496727
conservative,False,2029,0.5,0.35,0.175,0.325,0.5,0.04986483489593564,0.09260612194959476,0.039024277568200705,0.1814952344137311,0.2747445962259552
conservative,False,2030,0.5,0.35,0.175,0.325,0.5,0.05295172591955421,0.0983389195648864,0.04180564496429062,0.19309629044873122,0.27422445970609344
conservative,False,2031,0.5,0.35,0.175,0.325,0.5,0.05646697292194729,0.10486723542647354,0.04503865614770569,0.20637286449612652,0.27361626762227326
conservative,False,2032,0.5,0.35,0.175,0.325,0.5,0.059219389153217644,0.10997886557026135,0.047621182623787395,0.21681943734726639,0.2731276765485263
conservative,False,2033,0.5,0.35,0.175,0.325,0.5,0.06124999999999999,0.11374999999999999,0.049769536925968694,0.22476953692596868,0.272501339984402
conservative,False,2034,0.5,0.35,0.175,0.325,0.5,0.06124999999999999,0.11374999999999999,0.05160762427380816,0.22660762427380815,0.2702909939428698
conservative,False,2035,0.5,0.35,0.175,0.325,0.5,0.06124999999999999,0.11374999999999999,0.053213015732807234,0.22821301573280722,0.2683895999679166
conservative,False,2036,0.5,0.35,0.175,0.325,0.5,0.06124999999999999,0.11374999999999999,0.05463748189832984,0.22963748189832983,0.2667247502179019
conservative,False,2037,0.5,0.35,0.175,0.325,0.5,0.06124999999999999,0.11374999999999999,0.055917285879793055,0.23091728587979304,0.26524649190569677
conservative,False,2038,0.5,0.35,0.175,0.325,0.5,0.06124999999999999,0.11374999999999999,0.057078809568000044,0.23207880956800003,0.26391896836257034
conservative,False,2039,0.5,0.35,0.175,0.325,0.5,0.06124999999999999,0.11374999999999999,0.0581418412206296,0.2331418412206296,0.26271560557007506
conservative,False,2040,0.5,0.35,0.175,0.325,0.5,0.06124999999999999,0.11374999999999999,0.05912160131327121,0.2341216013132712,0.26161618430946565
conservative,False,2041,0.5,0.35,0.175,0.325,0.5,0.06124999999999999,0.11374999999999999,0.06072701687738452,0.2357270168773845,0.25983445093126395
conservative,False,2042,0.5,0.35,0.175,0.325,0.5,0.06124999999999999,0.11374999999999999,0.06214875541815107,0.23714875541815106,0.25827670860849056
conservative,False,2043,0.5,0.35,0.175,0.325,0.5,0.06124999999999999,0.11374999999999999,0.06342413577932676,0.23842413577932675,0.256895132700365
conservative,False,2044,0.5,0.35,0.175,0.325,0.5,0.06124999999999999,0.11374999999999999,0.06458018115215547,0.23958018115215546,0.25565553755508935
conservative,False,2045,0.5,0.35,0.175,0.325,0.5,0.06124999999999999,0.11374999999999999,0.0656370837260607,0.24063708372606069,0.25453267240275607
conservative,False,2046,0.5,0.35,0.175,0.325,0.5,0.06124999999999999,0.11374999999999999,0.06661032560050606,0.24161032560050605,0.2535073774176136
conservative,False,2047,0.5,0.35,0.175,0.325,0.5,0.06124999999999999,0.11374999999999999,0.06751203624770591,0.2425120362477059,0.2525647837843323
conservative,False,2048,0.5,0.35,0.175,0.325,0.5,0.06124999999999999,0.11374999999999999,0.06835189408681647,0.24335189408681646,0.25169313035282515
conservative,False,2049,0.5,0.35,0.175,0.325,0.5,0.06124999999999999,0.11374999999999999,0.06913774428216324,0.24413774428216323,0.25088296027348417
conservative,False,2050,0.5,0.35,0.175,0.325,0.5,0.06124999999999999,0.11374999999999999,0.06987603356713235,0.24487603356713233,0.25012656039778763
conservative,False,2051,0.5,0.35,0.175,0.325,0.5,0.06124999999999999,0.11374999999999999,0.07040179790580059,0.24540179790580058,0.24959067342901575
conservative,False,2052,0.5,0.35,0.175,0.325,0.5,0.06124999999999999,0.11374999999999999,0.07090578030978806,0.24590578030978805,0.24907913885894936
conservative,False,2053,0.5,0.35,0.175,0.325,0.5,0.06124999999999999,0.11374999999999999,0.07138969138698881,0.2463896913869888,0.24858994568810294
conservative,False,2054,0.5,0.35,0.175,0.325,0.5,0.06124999999999999,0.11374999999999999,0.0718550486512533,0.2468550486512533,0.24812131789344719
conservative,False,2055,0.5,0.35,0.175,0.325,0.5,0.06124999999999999,0.11374999999999999,0.07230320447585858,0.24730320447585857,0.24767167950700428
conservative,False,2056,0.5,0.35,0.175,0.325,0.5,0.06124999999999999,0.11374999999999999,0.07273536917061957,0.24773536917061956,0.24723962591637885
conservative,False,2057,0.5,0.35,0.175,0.325,0.5,0.06124999999999999,0.11374999999999999,0.07315263016834722,0.2481526301683472,0.24682390010715533
conservative,False,2058,0.5,0.35,0.175,0.325,0.5,0.06124999999999999,0.11374999999999999,0.07355596808157872,0.2485559680815787,0.24642337286343932
conservative,False,2059,0.5,0.35,0.175,0.325,0.5,0.06124999999999999,0.11374999999999999,0.07394627022243883,0.24894627022243881,0.2460370261634039
conservative,False,2060,0.5,0.35,0.175,0.325,0.5,0.06124999999999999,0.11374999999999999,0.07432434205153948,0.24932434205153947,0.24566393917260834
conservative,False,2026,0.5,0.5,0.25,0.25,0.5,0.0,0.0,0.0,0.0,
conservative,False,2027,0.5,0.5,0.25,0.25,0.5,0.057415259917823064,0.057415259917823064,0.030631530369524207,0.14546205020517033,0.3947095468325957
conservative,False,2028,0.5,0.5,0.25,0.25,0.5,0.06550353082837251,0.06550353082837251,0.035485702442487,0.16649276409923203,0.39343169766423897
conservative,False,2029,0.5,0.5,0.25,0.25,0.5,0.0712354784227652,0.0712354784227652,0.039024277568200705,0.1814952344137311,0.39249228032279315
conservative,False,2030,0.5,0.5,0.25,0.25,0.5,0.0756453227422203,0.0756453227422203,0.04180564496429062,0.19309629044873122,0.39174922815156205
conservative,False,2031,0.5,0.5,0.25,0.25,0.5,0.08066710417421041,0.08066710417421041,0.04503865614770569,0.20637286449612652,0.39088038231753325
conservative,False,2032,0.5,0.5,0.25,0.25,0.5,0.0845991273617395,0.0845991273617395,0.047621182623787395,0.21681943734726639,0.39018239506932334
conservative,False,2033,0.5,0.5,0.25,0.25,0.5,0.0875,0.0875,0.049769536925968694,0.22476953692596868,0.3892876285491457
conservative,False,2034,0.5,0.5,0.25,0.25,0.5,0.0875,0.0875,0.05160762427380816,0.22660762427380815,0.38612999134695686
conservative,False,2035,0.5,0.5,0.25,0.25,0.5,0.0875,0.0875,0.053213015732807234,0.22821301573280722,0.3834137142398809
conservative,False,2036,0.5,0.5,0.25,0.25,0.5,0.0875,0.0875,0.05463748189832984,0.22963748189832983,0.3810353574541456
conservative,False,2037,0.5,0.5,0.25,0.25,0.5,0.0875,0.0875,0.055917285879793055,0.23091728587979304,0.37892355986528115
conservative,False,2038,0.5,0.5,0.25,0.25,0.5,0.0875,0.0875,0.057078809568000044,0.23207880956800003,0.3770270976608148
conservative,False,2039,0.5,0.5,0.25,0.25,0.5,0.0875,0.0875,0.0581418412206296,0.2331418412206296,0.3753080079572501
conservative,False,2040,0.5,0.5,0.25,0.25,0.5,0.0875,0.0875,0.05912160131327121,0.2341216013132712,0.3737374061563795
conservative,False,2041,0.5,0.5,0.25,0.25,0.5,0.0875,0.0875,0.06072701687738452,0.2357270168773845,0.3711920727589485
conservative,False,2042,0.5,0.5,0.25,0.25,0.5,0.0875,0.0875,0.06214875541815107,0.23714875541815106,0.36896672658355795
conservative,False,2043,0.5,0.5,0.25,0.25,0.5,0.0875,0.0875,0.06342413577932676,0.23842413577932675,0.3669930467148072
conservative,False,2044,0.5,0.5,0.25,0.25,0.5,0.0875,0.0875,0.06458018115215547,0.23958018115215546,0.36522219650727056
conservative,False,2045,0.5,0.5,0.25,0.25,0.5,0.0875,0.0875,0.0656370837260607,0.24063708372606069,0.3636181034325087
conservative,False,2046,0.5,0.5,0.25,0.25,0.5,0.0875,0.0875,0.06661032560050606,0.24161032560050605,0.36215339631087656
conservative,False,2047,0.5,0.5,0.25,0.25,0.5,0.0875,0.0875,0.06751203624770591,0.2425120362477059,0.36080683397761754
conservative,False,2048,0.5,0.5,0.25,0.25,0.5,0.0875,0.0875,0.06835189408681647,0.24335189408681646,0.35956161478975024
conservative,False,2049,0.5,0.5,0.25,0.25,0.5,0.0875,0.0875,0.06913774428216324,0.24413774428216323,0.35840422896212026
conservative,False,2050,0.5,0.5,0.25,0.25,0.5,0.0875,0.0875,0.06987603356713235,0.24487603356713233,0.3573236577111252
conservative,False,2051,0.5,0.5,0.25,0.25,0.5,0.0875,0.0875,0.07040179790580059,0.24540179790580058,0.35655810489859396
conservative,False,2052,0.5,0.5,0.25,0.25,0.5,0.0875,0.0875,0.07090578030978806,0.24590578030978805,0.35582734122707055
conservative,False,2053,0.5,0.5,0.25,0.25,0.5,0.0875,0.0875,0.07138969138698881,0.2463896913869888,0.3551284938401471
conservative,False,2054,0.5,0.5,0.25,0.25,0.5,0.0875,0.0875,0.0718550486512533,0.2468550486512533,0.35445902556206743
conservative,False,2055,0.5,0.5,0.25,0.25,0.5,0.0875,0.0875,0.07230320447585858,0.24730320447585857,0.3538166850100061
conservative,False,2056,0.5,0.5,0.25,0.25,0.5,0.0875,0.0875,0.07273536917061957,0.24773536917061956,0.35319946559482696
conservative,False,2057,0.5,0.5,0.25,0.25,0.5,0.0875,0.0875,0.07315263016834722,0.2481526301683472,0.3526055715816505
conservative,False,2058,0.5,0.5,0.25,0.25,0.5,0.0875,0.0875,0.07355596808157872,0.2485559680815787,0.35203338980491333
conservative,False,2059,0.5,0.5,0.25,0.25,0.5,0.0875,0.0875,0.07394627022243883,0.24894627022243881,0.35148146594771984
conservative,False,2060,0.5,0.5,0.25,0.25,0.5,0.0875,0.0875,0.07432434205153948,0.24932434205153947,0.35094848453229766
conservative,False,2026,0.675,0.2,0.135,0.54,0.32499999999999996,0.0,0.0,0.0,0.0,
conservative,False,2027,0.675,0.2,0.135,0.54,0.32499999999999996,0.031004240355624456,0.12401696142249782,0.019910494740190732,0.17493169651831303,0.17723626405451753
conservative,False,2028,0.675,0.2,0.135,0.54,0.32499999999999996,0.03537190664732116,0.14148762658928463,0.023065706587616547,0.19992523982422233,0.1769256682068794
conservative,False,2029,0.675,0.2,0.135,0.54,0.32499999999999996,0.038467158348293215,0.15386863339317286,0.025365780419330453,0.21770157216079655,0.17669674116951709
conservative,False,2030,0.675,0.2,0.135,0.54,0.32499999999999996,0.04084847428079896,0.16339389712319585,0.0271736692267889,0.23141604063078372,0.17651531056125574
conservative,False,2031,0.675,0.2,0.135,0.54,0.32499999999999996,0.043560236254073625,0.1742409450162945,0.029275126496008694,0.24707630776637682,0.1763027651168482
conservative,False,2032,0.675,0.2,0.135,0.54,0.32499999999999996,0.04568352877533933,0.18273411510135731,0.030953768705461803,0.25937141258215846,0.17613170364667163
conservative,False,2033,0.675,0.2,0.135,0.54,0.32499999999999996,0.04725,0.189,0.032350199001879645,0.26860019900187965,0.17591200667602389
conservative,False,2034,0.675,0.2,0.135,0.54,0.32499999999999996,0.04725,0.189,0.033544955777975304,0.2697949557779753,0.17513300003608612
conservative,False,2035,0.675,0.2,0.135,0.54,0.32499999999999996,0.04725,0.189,0.034588460226324697,0.27083846022632474,0.1744582359555426
conservative,False,2036,0.675,0.2,0.135,0.54,0.32499999999999996,0.04725,0.189,0.035514363233914395,0.2717643632339144,0.173863855575982
conservative,False,2037,0.675,0.2,0.135,0.54,0.32499999999999996,0.04725,0.189,0.03634623582186548,0.2725962358218655,0.17333328120816988
conservative,False,2038,0.675,0.2,0.135,0.54,0.32499999999999996,0.04725,0.189,0.03710122621920002,0.27335122621920005,0.1728545382932004
conservative,False,2039,0.675,0.2,0.135,0.54,0.32499999999999996,0.04725,0.189,0.037792196793409234,0.27404219679340924,0.17241870249500338
conservative,False,2040,0.675,0.2,0.135,0.54,0.32499999999999996,0.04725,0.189,0.03842904085362628,0.27467904085362627,0.1720189492913624
conservative,False,2041,0.675,0.2,0.135,0.54,0.32499999999999996,0.04725,0.189,0.039472560970299934,0.27572256097029996,0.17136791357849615
conservative,False,2042,0.675,0.2,0.135,0.54,0.32499999999999996,0.04725,0.189,0.04039669102179819,0.2766466910217982,0.17079546415495342
conservative,False,2043,0.675,0.2,0.135,0.54,0.32499999999999996,0.04725,0.189,0.04122568825656239,0.27747568825656244,0.170285188936305
conservative,False,2044,0.675,0.2,0.135,0.54,0.32499999999999996,0.04725,0.189,0.04197711774890105,0.2782271177489011,0.16982528655831078
conservative,False,2045,0.675,0.2,0.135,0.54,0.32499999999999996,0.04725,0.189,0.04266410442193945,0.2789141044219395,0.16940699394864772
conservative,False,2046,0.675,0.2,0.135,0.54,0.32499999999999996,0.04725,0.189,0.04329671164032893,0.27954671164032896,0.16902363015735597
conservative,False,2047,0.675,0.2,0.135,0.54,0.32499999999999996,0.04725,0.189,0.04388282356100884,0.2801328235610089,0.16866998804126085
conservative,False,2048,0.675,0.2,0.135,0.54,0.32499999999999996,0.04725,0.189,0.0444287311564307,0.2806787311564307,0.1683419324482629
conservative,False,2049,0.675,0.2,0.135,0.54,0.32499999999999996,0.04725,0.189,0.0449395337834061,0.2811895337834061,0.16803612625353118
conservative,False,2050,0.675,0.2,0.135,0.54,0.32499999999999996,0.04725,0.189,0.04541942181863602,0.281669421818636,0.16774983842734545
conservative,False,2051,0.675,0.2,0.135,0.54,0.32499999999999996,0.04725,0.189,0.045761168638770375,0.2820111686387704,0.16754655579092606
conservative,False,2052,0.675,0.2,0.135,0.54,0.32499999999999996,0.04725,0.189,0.046088757201362233,0.28233875720136226,0.16735215692084948
conservative,False,2053,0.675,0.2,0.135,0.54,0.32499999999999996,0.04725,0.189,0.04640329940154272,0.2826532994015427,0.16716592411990827
conservative,False,2054,0.675,0.2,0.135,0.54,0.32499999999999996,0.04725,0.189,0.046705781623314645,0.28295578162331464,0.16698722227525162
conservative,False,2055,0.675,0.2,0.135,0.54,0.32499999999999996,0.04725,0.189,0.046997082909308076,0.2832470829093081,0.16681548672869762
conservative,False,2056,0.675,0.2,0.135,0.54,0.32499999999999996,0.04725,0.189,0.04727798996090271,0.2835279899609027,0.16665021328763896
conservative,False,2057,0.675,0.2,0.135,0.54,0.32499999999999996,0.04725,0.189,0.047549209609425686,0.28379920960942573,0.16649094993966715
conservative,False,2058,0.675,0.2,0.135,0.54,0.32499999999999996,0.04725,0.189,0.04781137925302616,0.28406137925302616,0.1663372899344839
conservative,False,2059,0.675,0.2,0.135,0.54,0.32499999999999996,0.04725,0.189,0.04806507564458523,0.28431507564458525,0.1661888659715884
conservative,False,2060,0.675,0.2,0.135,0.54,0.32499999999999996,0.04725,0.189,0.048310822333500654,0.28456082233350066,0.1660453452886911
conservative,False,2026,0.675,0.25,0.16875,0.5062500000000001,0.32499999999999996,0.0,0.0,0.0,0.0,
conservative,False,2027,0.675,0.25,0.16875,0.5062500000000001,0.32499999999999996,0.03875530044453057,0.11626590133359173,0.019910494740190732,0.17493169651831303,0.22154533006814695
conservative,False,2028,0.675,0.25,0.16875,0.5062500000000001,0.32499999999999996,0.04421488330915145,0.13264464992745437,0.023065706587616547,0.19992523982422236,0.22115708525859926
conservative,False,2029,0.675,0.25,0.16875,0.5062500000000001,0.32499999999999996,0.048083947935366515,0.14425184380609957,0.025365780419330453,0.21770157216079655,0.22087092646189635
conservative,False,2030,0.675,0.25,0.16875,0.5062500000000001,0.32499999999999996,0.051060592850998704,0.15318177855299614,0.0271736692267889,0.23141604063078375,0.22064413820156964
conservative,False,2031,0.675,0.25,0.16875,0.5062500000000001,0.32499999999999996,0.05445029531759203,0.1633508859527761,0.029275126496008694,0.24707630776637682,0.22037845639606024
conservative,False,2032,0.675,0.25,0.16875,0.5062500000000001,0.32499999999999996,0.057104410969174166,0.1713132329075225,0.030953768705461803,0.25937141258215846,0.22016462955833954
conservative,False,2033,0.675,0.25,0.16875,0.5062500000000001,0.32499999999999996,0.0590625,0.17718750000000003,0.032350199001879645,0.26860019900187965,0.21989000834502986
conservative,False,2034,0.675,0.25,0.16875,0.5062500000000001,0.32499999999999996,0.0590625,0.17718750000000003,0.033544955777975304,0.2697949557779753,0.21891625004510765
conservative,False,2035,0.675,0.25,0.16875,0.5062500000000001,0.32499999999999996,0.0590625,0.17718750000000003,0.034588460226324697,0.27083846022632474,0.21807279494442824
conservative,False,2036,0.675,0.25,0.16875,0.5062500000000001,0.32499999999999996,0.0590625,0.17718750000000003,0.035514363233914395,0.2717643632339144,0.21732981946997745
conservative,False,2037,0.675,0.25,0.16875,0.5062500000000001,0.32499999999999996,0.0590625,0.17718750000000003,0.03634623582186548,0.2725962358218655,0.21666660151021233
conservative,False,2038,0.675,0.25,0.16875,0.5062500000000001,0.32499999999999996,0.0590625,0.17718750000000003,0.03710122621920002,0.27335122621920005,0.21606817286650049
conservative,False,2039,0.675,0.25,0.16875,0.5062500000000001,0.32499999999999996,0.0590625,0.17718750000000003,0.037792196793409234,0.27404219679340924,0.21552337811875422
conservative,False,2040,0.675,0.25,0.16875,0.5062500000000001,0.32499999999999996,0.0590625,0.17718750000000003,0.03842904085362628,0.27467904085362627,0.21502368661420299
conservative,False,2041,0.675,0.25,0.16875,0.5062500000000001,0.32499999999999996,0.0590625,0.17718750000000003,0.039472560970299934,0.27572256097029996,0.21420989197312018
conservative,False,2042,0.675,0.25,0.16875,0.5062500000000001,0.32499999999999996,0.0590625,0.17718750000000003,0.04039669102179819,0.2766466910217982,0.21349433019369174
conservative,False,2043,0.675,0.25,0.16875,0.5062500000000001,0.32499999999999996,0.0590625,0.17718750000000003,0.04122568825656239,0.27747568825656244,0.21285648617038125
conservative,False,2044,0.675,0.25,0.16875,0.5062500000000001,0.32499999999999996,0.0590625,0.17718750000000003,0.04197711774890105,0.2782271177489011,0.21228160819788847
conservative,False,2045,0.675,0.25,0.16875,0.5062500000000001,0.32499999999999996,0.0590625,0.17718750000000003,0.04266410442193945,0.2789141044219395,0.21175874243580964
conservative,False,2046,0.675,0.25,0.16875,0.5062500000000001,0.32499999999999996,0.0590625,0.17718750000000003,0.04329671164032893,0.27954671164032896,0.21127953769669497
conservative,False,2047,0.675,0.25,0.16875,0.5062500000000001,0.32499999999999996,0.0590625,0.17718750000000003,0.04388282356100884,0.2801328235610089,0.21083748505157604
conservative,False,2048,0.675,0.25,0.16875,0.5062500000000001,0.32499999999999996,0.0590625,0.17718750000000003,0.0444287311564307,0.2806787311564307,0.2104274155603286
conservative,False,2049,0.675,0.25,0.16875,0.5062500000000001,0.32499999999999996,0.0590625,0.17718750000000003,0.0449395337834061,0.2811895337834061,0.21004515781691396
conservative,False,2050,0.675,0.25,0.16875,0.5062500000000001,0.32499999999999996,0.0590625,0.17718750000000003,0.04541942181863602,0.281669421818636,0.2096872980341818
conservative,False,2051,0.675,0.25,0.16875,0.5062500000000001,0.32499999999999996,0.0590625,0.17718750000000003,0.045761168638770375,0.2820111686387704,0.20943319473865754
conservative,False,2052,0.675,0.25,0.16875,0.5062500000000001,0.32499999999999996,0.0590625,0.17718750000000003,0.046088757201362233,0.28233875720136226,0.20919019615106185
conservative,False,2053,0.675,0.25,0.16875,0.5062500000000001,0.32499999999999996,0.0590625,0.17718750000000003,0.04640329940154272,0.2826532994015427,0.2089574051498853
conservative,False,2054,0.675,0.25,0.16875,0.5062500000000001,0.32499999999999996,0.0590625,0.17718750000000003,0.046705781623314645,0.28295578162331464,0.20873402784406453
conservative,False,2055,0.675,0.25,0.16875,0.5062500000000001,0.32499999999999996,0.0590625,0.17718750000000003,0.046997082909308076,0.2832470829093081,0.20851935841087202
conservative,False,2056,0.675,0.25,0.16875,0.5062500000000001,0.32499999999999996,0.0590625,0.17718750000000003,0.04727798996090271,0.2835279899609027,0.2083127666095487
conservative,False,2057,0.675,0.25,0.16875,0.5062500000000001,0.32499999999999996,0.0590625,0.17718750000000003,0.047549209609425686,0.28379920960942573,0.20811368742458392
conservative,False,2058,0.675,0.25,0.16875,0.5062500000000001,0.32499999999999996,0.0590625,0.17718750000000003,0.04781137925302616,0.28406137925302616,0.20792161241810486
conservative,False,2059,0.675,0.25,0.16875,0.5062500000000001,0.32499999999999996,0.0590625,0.17718750000000003,0.04806507564458523,0.28431507564458525,0.20773608246448552
conservative,False,2060,0.675,0.25,0.16875,0.5062500000000001,0.32499999999999996,0.0590625,0.17718750000000003,0.048310822333500654,0.28456082233350066,0.20755668161086388
conservative,False,2026,0.675,0.35,0.23625,0.4387500000000001,0.32499999999999996,0.0,0.0,0.0,0.0,
conservative,False,2027,0.675,0.35,0.23625,0.4387500000000001,0.32499999999999996,0.05425742062234279,0.1007637811557795,0.019910494740190732,0.17493169651831303,0.3101634620954057
conservative,False,2028,0.675,0.35,0.23625,0.4387500000000001,0.32499999999999996,0.06190083663281202,0.11495869660379378,0.023065706587616547,0.19992523982422236,0.3096199193620389
conservative,False,2029,0.675,0.35,0.23625,0.4387500000000001,0.32499999999999996,0.06731752710951311,0.12501826463195295,0.025365780419330453,0.21770157216079652,0.30921929704665485
conservative,False,2030,0.675,0.35,0.23625,0.4387500000000001,0.32499999999999996,0.07148482999139819,0.13275754141259666,0.0271736692267889,0.23141604063078375,0.3089017934821975
conservative,False,2031,0.675,0.35,0.23625,0.4387500000000001,0.32499999999999996,0.07623041344462883,0.1415707678257393,0.029275126496008694,0.24707630776637682,0.30852983895448427
conservative,False,2032,0.675,0.35,0.23625,0.4387500000000001,0.32499999999999996,0.07994617535684381,0.14847146851985285,0.030953768705461803,0.25937141258215846,0.3082304813816753
conservative,False,2033,0.675,0.35,0.23625,0.4387500000000001,0.32499999999999996,0.0826875,0.15356250000000002,0.032350199001879645,0.26860019900187965,0.3078460116830418
conservative,False,2034,0.675,0.35,0.23625,0.4387500000000001,0.32499999999999996,0.0826875,0.15356250000000002,0.033544955777975304,0.2697949557779753,0.3064827500631507
conservative,False,2035,0.675,0.35,0.23625,0.4387500000000001,0.32499999999999996,0.0826875,0.15356250000000002,0.034588460226324697,0.27083846022632474,0.30530191292219955
conservative,False,2036,0.675,0.35,0.23625,0.4387500000000001,0.32499999999999996,0.0826875,0.15356250000000002,0.035514363233914395,0.2717643632339144,0.30426174725796845
conservative,False,2037,0.675,0.35,0.23625,0.4387500000000001,0.32499999999999996,0.0826875,0.15356250000000002,0.03634623582186548,0.2725962358218655,0.30333324211429724
conservative,False,2038,0.675,0.35,0.23625,0.4387500000000001,0.32499999999999996,0.0826875,0.15356250000000002,0.03710122621920002,0.27335122621920005,0.3024954420131007
conservative,False,2039,0.675,0.35,0.23625,0.4387500000000001,0.32499999999999996,0.0826875,0.15356250000000002,0.037792196793409234,0.27404219679340924,0.30173272936625595
conservative,False,2040,0.675,0.35,0.23625,0.4387500000000001,0.32499999999999996,0.0826875,0.15356250000000002,0.03842904085362628,0.27467904085362627,0.3010331612598842
conservative,False,2041,0.675,0.35,0.23625,0.4387500000000001,0.32499999999999996,0.0826875,0.15356250000000002,0.039472560970299934,0.27572256097029996,0.29989384876236824
conservative,False,2042,0.675,0.35,0.23625,0.4387500000000001,0.32499999999999996,0.0826875,0.15356250000000002,0.04039669102179819,0.2766466910217982,0.29889206227116843
conservative,False,2043,0.675,0.35,0.23625,0.4387500000000001,0.32499999999999996,0.0826875,0.15356250000000002,0.04122568825656239,0.27747568825656244,0.29799908063853375
conservative,False,2044,0.675,0.35,0.23625,0.4387500000000001,0.32499999999999996,0.0826875,0.15356250000000002,0.04197711774890105,0.2782271177489011,0.29719425147704387
conservative,False,2045,0.675,0.35,0.23625,0.4387500000000001,0.32499999999999996,0.0826875,0.15356250000000002,0.04266410442193945,0.2789141044219395,0.2964622394101335
conservative,False,2046,0.675,0.35,0.23625,0.4387500000000001,0.32499999999999996,0.0826875,0.15356250000000002,0.04329671164032893,0.27954671164032896,0.29579135277537294
conservative,False,2047,0.675,0.35,0.23625,0.4387500000000001,0.32499999999999996,0.0826875,0.15356250000000002,0.04388282356100884,0.2801328235610089,0.29517247907220645
conservative,False,2048,0.675,0.35,0.23625,0.4387500000000001,0.32499999999999996,0.0826875,0.15356250000000002,0.0444287311564307,0.2806787311564307,0.2945983817844601
conservative,False,2049,0.675,0.35,0.23625,0.4387500000000001,0.32499999999999996,0.0826875,0.15356250000000002,0.0449395337834061,0.2811895337834061,0.29406322094367954
conservative,False,2050,0.675,0.35,0.23625,0.4387500000000001,0.32499999999999996,0.0826875,0.15356250000000002,0.04541942181863602,0.281669421818636,0.29356221724785453
conservative,False,2051,0.675,0.35,0.23625,0.4387500000000001,0.32499999999999996,0.0826875,0.15356250000000002,0.045761168638770375,0.2820111686387704,0.2932064726341206
conservative,False,2052,0.675,0.35,0.23625,0.4387500000000001,0.32499999999999996,0.0826875,0.15356250000000002,0.046088757201362233,0.28233875720136226,0.2928662746114866
conservative,False,2053,0.675,0.35,0.23625,0.4387500000000001,0.32499999999999996,0.0826875,0.15356250000000002,0.04640329940154272,0.2826532994015427,0.29254036720983945
conservative,False,2054,0.675,0.35,0.23625,0.4387500000000001,0.32499999999999996,0.0826875,0.15356250000000002,0.046705781623314645,0.28295578162331464,0.29222763898169035
conservative,False,2055,0.675,0.35,0.23625,0.4387500000000001,0.32499999999999996,0.0826875,0.15356250000000002,0.046997082909308076,0.2832470829093081,0.2919271017752208
conservative,False,2056,0.675,0.35,0.23625,0.4387500000000001,0.32499999999999996,0.0826875,0.15356250000000002,0.04727798996090271,0.2835279899609027,0.2916378732533682
conservative,False,2057,0.675,0.35,0.23625,0.4387500000000001,0.32499999999999996,0.0826875,0.15356250000000002,0.047549209609425686,0.28379920960942573,0.2913591623944175
conservative,False,2058,0.675,0.35,0.23625,0.4387500000000001,0.32499999999999996,0.0826875,0.15356250000000002,0.04781137925302616,0.28406137925302616,0.29109025738534683
conservative,False,2059,0.675,0.35,0.23625,0.4387500000000001,0.32499999999999996,0.0826875,0.15356250000000002,0.04806507564458523,0.28431507564458525,0.2908305154502797
conservative,False,2060,0.675,0.35,0.23625,0.4387500000000001,0.32499999999999996,0.0826875,0.15356250000000002,0.048310822333500654,0.28456082233350066,0.2905793542552094
conservative,False,2026,0.675,0.5,0.3375,0.3375,0.32499999999999996,0.0,0.0,0.0,0.0,
conservative,False,2027,0.675,0.5,0.3375,0.3375,0.32499999999999996,0.07751060088906114,0.07751060088906114,0.019910494740190732,0.17493169651831303,0.4430906601362939
conservative,False,2028,0.675,0.5,0.3375,0.3375,0.32499999999999996,0.0884297666183029,0.0884297666183029,0.023065706587616547,0.19992523982422236,0.4423141705171985
conservative,False,2029,0.675,0.5,0.3375,0.3375,0.32499999999999996,0.09616789587073303,0.09616789587073303,0.025365780419330453,0.21770157216079652,0.44174185292379275
conservative,False,2030,0.675,0.5,0.3375,0.3375,0.32499999999999996,0.10212118570199741,0.10212118570199741,0.0271736692267889,0.23141604063078372,0.44128827640313933
conservative,False,2031,0.675,0.5,0.3375,0.3375,0.32499999999999996,0.10890059063518406,0.10890059063518406,0.029275126496008694,0.24707630776637682,0.4407569127921205
conservative,False,2032,0.675,0.5,0.3375,0.3375,0.32499999999999996,0.11420882193834833,0.11420882193834833,0.030953768705461803,0.25937141258215846,0.4403292591166791
conservative,False,2033,0.675,0.5,0.3375,0.3375,0.32499999999999996,0.118125,0.118125,0.032350199001879645,0.26860019900187965,0.4397800166900597
conservative,False,2034,0.675,0.5,0.3375,0.3375,0.32499999999999996,0.118125,0.118125,0.033544955777975304,0.2697949557779753,0.4378325000902153
conservative,False,2035,0.675,0.5,0.3375,0.3375,0.32499999999999996,0.118125,0.118125,0.034588460226324697,0.2708384602263247,0.43614558988885654
conservative,False,2036,0.675,0.5,0.3375,0.3375,0.32499999999999996,0.118125,0.118125,0.035514363233914395,0.2717643632339144,0.4346596389399549
conservative,False,2037,0.675,0.5,0.3375,0.3375,0.32499999999999996,0.118125,0.118125,0.03634623582186548,0.2725962358218655,0.43333320302042466
conservative,False,2038,0.675,0.5,0.3375,0.3375,0.32499999999999996,0.118125,0.118125,0.03710122621920002,0.2733512262192,0.4321363457330011
conservative,False,2039,0.675,0.5,0.3375,0.3375,0.32499999999999996,0.118125,0.118125,0.037792196793409234,0.27404219679340924,0.43104675623750843
conservative,False,2040,0.675,0.5,0.3375,0.3375,0.32499999999999996,0.118125,0.118125,0.03842904085362628,0.27467904085362627,0.43004737322840597
conservative,False,2041,0.675,0.5,0.3375,0.3375,0.32499999999999996,0.118125,0.118125,0.039472560970299934,0.2757225609702999,0.4284197839462405
conservative,False,2042,0.675,0.5,0.3375,0.3375,0.32499999999999996,0.118125,0.118125,0.04039669102179819,0.2766466910217982,0.4269886603873835
conservative,False,2043,0.675,0.5,0.3375,0.3375,0.32499999999999996,0.118125,0.118125,0.04122568825656239,0.2774756882565624,0.42571297234076255
conservative,False,2044,0.675,0.5,0.3375,0.3375,0.32499999999999996,0.118125,0.118125,0.04197711774890105,0.278227117748901,0.424563216395777
conservative,False,2045,0.675,0.5,0.3375,0.3375,0.32499999999999996,0.118125,0.118125,0.04266410442193945,0.2789141044219394,0.4235174848716194
conservative,False,2046,0.675,0.5,0.3375,0.3375,0.32499999999999996,0.118125,0.118125,0.04329671164032893,0.2795467116403289,0.42255907539339
conservative,False,2047,0.675,0.5,0.3375,0.3375,0.32499999999999996,0.118125,0.118125,0.04388282356100884,0.2801328235610088,0.42167497010315214
conservative,False,2048,0.675,0.5,0.3375,0.3375,0.32499999999999996,0.118125,0.118125,0.0444287311564307,0.2806787311564307,0.4208548311206572
conservative,False,2049,0.675,0.5,0.3375,0.3375,0.32499999999999996,0.118125,0.118125,0.0449395337834061,0.2811895337834061,0.4200903156338279
conservative,False,2050,0.675,0.5,0.3375,0.3375,0.32499999999999996,0.118125,0.118125,0.04541942181863602,0.281669421818636,0.4193745960683636
conservative,False,2051,0.675,0.5,0.3375,0.3375,0.32499999999999996,0.118125,0.118125,0.045761168638770375,0.28201116863877035,0.4188663894773152
conservative,False,2052,0.675,0.5,0.3375,0.3375,0.32499999999999996,0.118125,0.118125,0.046088757201362233,0.2823387572013622,0.41838039230212376
conservative,False,2053,0.675,0.5,0.3375,0.3375,0.32499999999999996,0.118125,0.118125,0.04640329940154272,0.2826532994015427,0.4179148102997706
conservative,False,2054,0.675,0.5,0.3375,0.3375,0.32499999999999996,0.118125,0.118125,0.046705781623314645,0.28295578162331464,0.41746805568812906
conservative,False,2055,0.675,0.5,0.3375,0.3375,0.32499999999999996,0.118125,0.118125,0.046997082909308076,0.28324708290930806,0.4170387168217441
conservative,False,2056,0.675,0.5,0.3375,0.3375,0.32499999999999996,0.118125,0.118125,0.04727798996090271,0.28352798996090267,0.4166255332190975
conservative,False,2057,0.675,0.5,0.3375,0.3375,0.32499999999999996,0.118125,0.118125,0.047549209609425686,0.2837992096094257,0.4162273748491679
conservative,False,2058,0.675,0.5,0.3375,0.3375,0.32499999999999996,0.118125,0.118125,0.04781137925302616,0.28406137925302616,0.4158432248362097
conservative,False,2059,0.675,0.5,0.3375,0.3375,0.32499999999999996,0.118125,0.118125,0.04806507564458523,0.28431507564458525,0.41547216492897104
conservative,False,2060,0.675,0.5,0.3375,0.3375,0.32499999999999996,0.118125,0.118125,0.048310822333500654,0.28456082233350066,0.41511336322172776
conservative,False,2026,0.7,0.2,0.13999999999999999,0.5599999999999999,0.30000000000000004,0.0,0.0,0.0,0.0,
conservative,False,2027,0.7,0.2,0.13999999999999999,0.5599999999999999,0.30000000000000004,0.032152545553980914,0.12861018221592366,0.018378918221714526,0.1791416459916191,0.1794811327985963
conservative,False,2028,0.7,0.2,0.13999999999999999,0.5599999999999999,0.30000000000000004,0.0366819772638886,0.1467279090555544,0.0212914214654922,0.20470130778493523,0.17919757162679043
conservative,False,2029,0.7,0.2,0.13999999999999999,0.5599999999999999,0.30000000000000004,0.03989186791674851,0.15956747166699403,0.023414566540920428,0.22287390612466296,0.17898850794329987
conservative,False,2030,0.7,0.2,0.13999999999999999,0.5599999999999999,0.30000000000000004,0.04236138073564336,0.16944552294257345,0.025083386978574377,0.23689029065679118,0.1788227817112898
conservative,False,2031,0.7,0.2,0.13999999999999999,0.5599999999999999,0.30000000000000004,0.04517357833755783,0.1806943133502313,0.02702319368862342,0.2528910853764126,0.17862859131756179
conservative,False,2032,0.7,0.2,0.13999999999999999,0.5599999999999999,0.30000000000000004,0.047375511322574115,0.18950204529029646,0.02857270957427244,0.265450266187143,0.17847226903579097
conservative,False,2033,0.7,0.2,0.13999999999999999,0.5599999999999999,0.30000000000000004,0.048999999999999995,0.19599999999999998,0.029861722155581222,0.2748617221555812,0.17827145815620085
conservative,False,2034,0.7,0.2,0.13999999999999999,0.5599999999999999,0.30000000000000004,0.048999999999999995,0.19599999999999998,0.0309645745642849,0.27596457456428486,0.17755902212218777
conservative,False,2035,0.7,0.2,0.13999999999999999,0.5599999999999999,0.30000000000000004,0.048999999999999995,0.19599999999999998,0.031927809439684346,0.2769278094396843,0.17694142057868095
conservative,False,2036,0.7,0.2,0.13999999999999999,0.5599999999999999,0.30000000000000004,0.048999999999999995,0.19599999999999998,0.03278248913899791,0.2777824891389979,0.17639700814791526
conservative,False,2037,0.7,0.2,0.13999999999999999,0.5599999999999999,0.30000000000000004,0.048999999999999995,0.19599999999999998,0.033550371527875836,0.2785503715278758,0.17591073288192094
conservative,False,2038,0.7,0.2,0.13999999999999999,0.5599999999999999,0.30000000000000004,0.048999999999999995,0.19599999999999998,0.034247285740800035,0.2792472857408,0.17547171450569538
conservative,False,2039,0.7,0.2,0.13999999999999999,0.5599999999999999,0.30000000000000004,0.048999999999999995,0.19599999999999998,0.03488510473237776,0.2798851047323777,0.17507183902070503
conservative,False,2040,0.7,0.2,0.13999999999999999,0.5599999999999999,0.30000000000000004,0.048999999999999995,0.19599999999999998,0.035472960787962735,0.2804729607879627,0.17470489797782665
conservative,False,2041,0.7,0.2,0.13999999999999999,0.5599999999999999,0.30000000000000004,0.048999999999999995,0.19599999999999998,0.03643621012643072,0.28143621012643066,0.17410694941488708
conservative,False,2042,0.7,0.2,0.13999999999999999,0.5599999999999999,0.30000000000000004,0.048999999999999995,0.19599999999999998,0.03728925325089065,0.2822892532508906,0.17358081979993123
conservative,False,2043,0.7,0.2,0.13999999999999999,0.5599999999999999,0.30000000000000004,0.048999999999999995,0.19599999999999998,0.03805448146759606,0.28305448146759604,0.173111549924743
conservative,False,2044,0.7,0.2,0.13999999999999999,0.5599999999999999,0.30000000000000004,0.048999999999999995,0.19599999999999998,0.03874810869129329,0.28374810869129324,0.17268837570758952
conservative,False,2045,0.7,0.2,0.13999999999999999,0.5599999999999999,0.30000000000000004,0.048999999999999995,0.19599999999999998,0.03938225023563642,0.2843822502356364,0.1723032993775071
conservative,False,2046,0.7,0.2,0.13999999999999999,0.5599999999999999,0.30000000000000004,0.048999999999999995,0.19599999999999998,0.039966195360303644,0.2849661953603036,0.1719502200534548
conservative,False,2047,0.7,0.2,0.13999999999999999,0.5599999999999999,0.30000000000000004,0.048999999999999995,0.19599999999999998,0.04050722174862355,0.28550722174862353,0.1716243802867527
conservative,False,2048,0.7,0.2,0.13999999999999999,0.5599999999999999,0.30000000000000004,0.048999999999999995,0.19599999999999998,0.04101113645208988,0.28601113645208986,0.17132200028234934
conservative,False,2049,0.7,0.2,0.13999999999999999,0.5599999999999999,0.30000000000000004,0.048999999999999995,0.19599999999999998,0.04148264656929795,0.2864826465692979,0.17104002838143037
conservative,False,2050,0.7,0.2,0.13999999999999999,0.5599999999999999,0.30000000000000004,0.048999999999999995,0.19599999999999998,0.04192562014027941,0.2869256201402794,0.1707759661756369
conservative,False,2051,0.7,0.2,0.13999999999999999,0.5599999999999999,0.30000000000000004,0.048999999999999995,0.19599999999999998,0.04224107874348036,0.2872410787434803,0.17058841379634032
conservative,False,2052,0.7,0.2,0.13999999999999999,0.5599999999999999,0.30000000000000004,0.048999999999999995,0.19599999999999998,0.04254346818587284,0.2875434681858728,0.17040901784048038
conservative,False,2053,0.7,0.2,0.13999999999999999,0.5599999999999999,0.30000000000000004,0.048999999999999995,0.19599999999999998,0.04283381483219329,0.2878338148321933,0.17023712112687986
conservative,False,2054,0.7,0.2,0.13999999999999999,0.5599999999999999,0.30000000000000004,0.048999999999999995,0.19599999999999998,0.04311302919075199,0.28811302919075193,0.17007214195633757
conservative,False,2055,0.7,0.2,0.13999999999999999,0.5599999999999999,0.30000000000000004,0.048999999999999995,0.19599999999999998,0.043381922685515155,0.2883819226855151,0.16991356304061833
conservative,False,2056,0.7,0.2,0.13999999999999999,0.5599999999999999,0.30000000000000004,0.048999999999999995,0.19599999999999998,0.04364122150237175,0.2886412215023717,0.1697609223830054
conservative,False,2057,0.7,0.2,0.13999999999999999,0.5599999999999999,0.30000000000000004,0.048999999999999995,0.19599999999999998,0.04389157810100834,0.2888915781010083,0.16961380571249327
conservative,False,2058,0.7,0.2,0.13999999999999999,0.5599999999999999,0.30000000000000004,0.048999999999999995,0.19599999999999998,0.04413358084894724,0.2891335808489472,0.16947184016511452
conservative,False,2059,0.7,0.2,0.13999999999999999,0.5599999999999999,0.30000000000000004,0.048999999999999995,0.19599999999999998,0.0443677621334633,0.28936776213346327,0.16933468897409532
conservative,False,2060,0.7,0.2,0.13999999999999999,0.5599999999999999,0.30000000000000004,0.048999999999999995,0.19599999999999998,0.0445946052309237,0.2895946052309237,0.16920204698194305
conservative,False,2026,0.7,0.25,0.175,0.5249999999999999,0.30000000000000004,0.0,0.0,0.0,0.0,
conservative,False,2027,0.7,0.25,0.175,0.5249999999999999,0.30000000000000004,0.040190681942476145,0.12057204582742842,0.018378918221714526,0.1791416459916191,0.22435141599824537
conservative,False,2028,0.7,0.25,0.175,0.5249999999999999,0.30000000000000004,0.045852471579860755,0.13755741473958225,0.0212914214654922,0.2047013077849352,0.22399696453348808
conservative,False,2029,0.7,0.25,0.175,0.5249999999999999,0.30000000000000004,0.04986483489593564,0.1495945046878069,0.023414566540920428,0.22287390612466298,0.22373563492912485
conservative,False,2030,0.7,0.25,0.175,0.5249999999999999,0.30000000000000004,0.05295172591955421,0.1588551777586626,0.025083386978574377,0.23689029065679118,0.22352847713911228
conservative,False,2031,0.7,0.25,0.175,0.5249999999999999,0.30000000000000004,0.05646697292194729,0.16940091876584185,0.02702319368862342,0.2528910853764126,0.22328573914695224
conservative,False,2032,0.7,0.25,0.175,0.5249999999999999,0.30000000000000004,0.059219389153217644,0.1776581674596529,0.02857270957427244,0.265450266187143,0.2230903362947387
conservative,False,2033,0.7,0.25,0.175,0.5249999999999999,0.30000000000000004,0.06124999999999999,0.18374999999999997,0.029861722155581222,0.2748617221555812,0.22283932269525106
conservative,False,2034,0.7,0.25,0.175,0.5249999999999999,0.30000000000000004,0.06124999999999999,0.18374999999999997,0.0309645745642849,0.27596457456428486,0.2219487776527347
conservative,False,2035,0.7,0.25,0.175,0.5249999999999999,0.30000000000000004,0.06124999999999999,0.18374999999999997,0.031927809439684346,0.2769278094396843,0.22117677572335118
conservative,False,2036,0.7,0.25,0.175,0.5249999999999999,0.30000000000000004,0.06124999999999999,0.18374999999999997,0.03278248913899791,0.2777824891389979,0.22049626018489407
conservative,False,2037,0.7,0.25,0.175,0.5249999999999999,0.30000000000000004,0.06124999999999999,0.18374999999999997,0.033550371527875836,0.2785503715278758,0.21988841610240115
conservative,False,2038,0.7,0.25,0.175,0.5249999999999999,0.30000000000000004,0.06124999999999999,0.18374999999999997,0.034247285740800035,0.2792472857408,0.2193396431321192
conservative,False,2039,0.7,0.25,0.175,0.5249999999999999,0.30000000000000004,0.06124999999999999,0.18374999999999997,0.03488510473237776,0.2798851047323777,0.21883979877588128
conservative,False,2040,0.7,0.25,0.175,0.5249999999999999,0.30000000000000004,0.06124999999999999,0.18374999999999997,0.035472960787962735,0.2804729607879627,0.2183811224722833
conservative,False,2041,0.7,0.25,0.175,0.5249999999999999,0.30000000000000004,0.06124999999999999,0.18374999999999997,0.03643621012643072,0.28143621012643066,0.21763368676860884
conservative,False,2042,0.7,0.25,0.175,0.5249999999999999,0.30000000000000004,0.06124999999999999,0.18374999999999997,0.03728925325089065,0.2822892532508906,0.21697602474991404
conservative,False,2043,0.7,0.25,0.175,0.5249999999999999,0.30000000000000004,0.06124999999999999,0.18374999999999997,0.03805448146759606,0.28305448146759604,0.21638943740592875
conservative,False,2044,0.7,0.25,0.175,0.5249999999999999,0.30000000000000004,0.06124999999999999,0.18374999999999997,0.03874810869129329,0.28374810869129324,0.2158604696344869
conservative,False,2045,0.7,0.25,0.175,0.5249999999999999,0.30000000000000004,0.06124999999999999,0.18374999999999997,0.03938225023563642,0.2843822502356364,0.21537912422188385
conservative,False,2046,0.7,0.25,0.175,0.5249999999999999,0.30000000000000004,0.06124999999999999,0.18374999999999997,0.039966195360303644,0.2849661953603036,0.2149377750668185
conservative,False,2047,0.7,0.25,0.175,0.5249999999999999,0.30000000000000004,0.06124999999999999,0.18374999999999997,0.04050722174862355,0.28550722174862353,0.21453047535844086
conservative,False,2048,0.7,0.25,0.175,0.5249999999999999,0.30000000000000004,0.06124999999999999,0.18374999999999997,0.04101113645208988,0.28601113645208986,0.21415250035293668
conservative,False,2049,0.7,0.25,0.175,0.5249999999999999,0.30000000000000004,0.06124999999999999,0.18374999999999997,0.04148264656929795,0.2864826465692979,0.21380003547678794
conservative,False,2050,0.7,0.25,0.175,0.5249999999999999,0.30000000000000004,0.06124999999999999,0.18374999999999997,0.04192562014027941,0.2869256201402794,0.2134699577195461
conservative,False,2051,0.7,0.25,0.175,0.5249999999999999,0.30000000000000004,0.06124999999999999,0.18374999999999997,0.04224107874348036,0.2872410787434803,0.2132355172454254
conservative,False,2052,0.7,0.25,0.175,0.5249999999999999,0.30000000000000004,0.06124999999999999,0.18374999999999997,0.04254346818587284,0.2875434681858728,0.21301127230060046
conservative,False,2053,0.7,0.25,0.175,0.5249999999999999,0.30000000000000004,0.06124999999999999,0.18374999999999997,0.04283381483219329,0.2878338148321933,0.21279640140859982
conservative,False,2054,0.7,0.25,0.175,0.5249999999999999,0.30000000000000004,0.06124999999999999,0.18374999999999997,0.04311302919075199,0.28811302919075193,0.21259017744542197
conservative,False,2055,0.7,0.25,0.175,0.5249999999999999,0.30000000000000004,0.06124999999999999,0.18374999999999997,0.043381922685515155,0.2883819226855151,0.21239195380077291
conservative,False,2056,0.7,0.25,0.175,0.5249999999999999,0.30000000000000004,0.06124999999999999,0.18374999999999997,0.04364122150237175,0.2886412215023717,0.21220115297875675
conservative,False,2057,0.7,0.25,0.175,0.5249999999999999,0.30000000000000004,0.06124999999999999,0.18374999999999997,0.04389157810100834,0.2888915781010083,0.2120172571406166
conservative,False,2058,0.7,0.25,0.175,0.5249999999999999,0.30000000000000004,0.06124999999999999,0.18374999999999997,0.04413358084894724,0.2891335808489472,0.21183980020639315
conservative,False,2059,0.7,0.25,0.175,0.5249999999999999,0.30000000000000004,0.06124999999999999,0.18374999999999997,0.0443677621334633,0.28936776213346327,0.21166836121761912
conservative,False,2060,0.7,0.25,0.175,0.5249999999999999,0.30000000000000004,0.06124999999999999,0.18374999999999997,0.0445946052309237,0.2895946052309237,0.2115025587274288
conservative,False,2026,0.7,0.35,0.24499999999999997,0.45499999999999996,0.30000000000000004,0.0,0.0,0.0,0.0,
conservative,False,2027,0.7,0.35,0.24499999999999997,0.45499999999999996,0.30000000000000004,0.0562669547194666,0.10449577305043797,0.018378918221714526,0.1791416459916191,0.3140919823975435
conservative,False,2028,0.7,0.35,0.24499999999999997,0.45499999999999996,0.30000000000000004,0.06419346021180505,0.11921642610763797,0.0212914214654922,0.20470130778493523,0.31359575034688325
conservative,False,2029,0.7,0.35,0.24499999999999997,0.45499999999999996,0.30000000000000004,0.0698107688543099,0.12964857072943264,0.023414566540920428,0.22287390612466296,0.3132298889007748
conservative,False,2030,0.7,0.35,0.24499999999999997,0.45499999999999996,0.30000000000000004,0.07413241628737588,0.13767448739084093,0.025083386978574377,0.23689029065679118,0.31293986799475715
conservative,False,2031,0.7,0.35,0.24499999999999997,0.45499999999999996,0.30000000000000004,0.07905376209072619,0.14681412959706294,0.02702319368862342,0.2528910853764126,0.31260003480573306
conservative,False,2032,0.7,0.35,0.24499999999999997,0.45499999999999996,0.30000000000000004,0.08290714481450469,0.15397041179836587,0.02857270957427244,0.265450266187143,0.31232647081263415
conservative,False,2033,0.7,0.35,0.24499999999999997,0.45499999999999996,0.30000000000000004,0.08574999999999998,0.15924999999999997,0.029861722155581222,0.27486172215558113,0.3119750517733515
conservative,False,2034,0.7,0.35,0.24499999999999997,0.45499999999999996,0.30000000000000004,0.08574999999999998,0.15924999999999997,0.0309645745642849,0.27596457456428486,0.31072828871382857
conservative,False,2035,0.7,0.35,0.24499999999999997,0.45499999999999996,0.30000000000000004,0.08574999999999998,0.15924999999999997,0.031927809439684346,0.2769278094396843,0.3096474860126916
conservative,False,2036,0.7,0.35,0.24499999999999997,0.45499999999999996,0.30000000000000004,0.08574999999999998,0.15924999999999997,0.03278248913899791,0.27778248913899783,0.30869476425885173
conservative,False,2037,0.7,0.35,0.24499999999999997,0.45499999999999996,0.30000000000000004,0.08574999999999998,0.15924999999999997,0.033550371527875836,0.27855037152787576,0.30784378254336164
conservative,False,2038,0.7,0.35,0.24499999999999997,0.45499999999999996,0.30000000000000004,0.08574999999999998,0.15924999999999997,0.034247285740800035,0.2792472857408,0.30707550038496684
conservative,False,2039,0.7,0.35,0.24499999999999997,0.45499999999999996,0.30000000000000004,0.08574999999999998,0.15924999999999997,0.03488510473237776,0.2798851047323777,0.3063757182862337
conservative,False,2040,0.7,0.35,0.24499999999999997,0.45499999999999996,0.30000000000000004,0.08574999999999998,0.15924999999999997,0.035472960787962735,0.2804729607879627,0.30573357146119656
conservative,False,2041,0.7,0.35,0.24499999999999997,0.45499999999999996,0.30000000000000004,0.08574999999999998,0.15924999999999997,0.03643621012643072,0.28143621012643066,0.30468716147605235
conservative,False,2042,0.7,0.35,0.24499999999999997,0.45499999999999996,0.30000000000000004,0.08574999999999998,0.15924999999999997,0.03728925325089065,0.2822892532508906,0.3037664346498796
conservative,False,2043,0.7,0.35,0.24499999999999997,0.45499999999999996,0.30000000000000004,0.08574999999999998,0.15924999999999997,0.03805448146759606,0.283054481467596,0.30294521236830024
conservative,False,2044,0.7,0.35,0.24499999999999997,0.45499999999999996,0.30000000000000004,0.08574999999999998,0.15924999999999997,0.03874810869129329,0.28374810869129324,0.3022046574882816
conservative,False,2045,0.7,0.35,0.24499999999999997,0.45499999999999996,0.30000000000000004,0.08574999999999998,0.15924999999999997,0.03938225023563642,0.28438225023563635,0.30153077391063743
conservative,False,2046,0.7,0.35,0.24499999999999997,0.45499999999999996,0.30000000000000004,0.08574999999999998,0.15924999999999997,0.039966195360303644,0.2849661953603036,0.30091288509354586
conservative,False,2047,0.7,0.35,0.24499999999999997,0.45499999999999996,0.30000000000000004,0.08574999999999998,0.15924999999999997,0.04050722174862355,0.2855072217486235,0.3003426655018172
conservative,False,2048,0.7,0.35,0.24499999999999997,0.45499999999999996,0.30000000000000004,0.08574999999999998,0.15924999999999997,0.04101113645208988,0.2860111364520898,0.2998135004941114
conservative,False,2049,0.7,0.35,0.24499999999999997,0.45499999999999996,0.30000000000000004,0.08574999999999998,0.15924999999999997,0.04148264656929795,0.2864826465692979,0.2993200496675031
conservative,False,2050,0.7,0.35,0.24499999999999997,0.45499999999999996,0.30000000000000004,0.08574999999999998,0.15924999999999997,0.04192562014027941,0.28692562014027934,0.2988579408073646
conservative,False,2051,0.7,0.35,0.24499999999999997,0.45499999999999996,0.30000000000000004,0.08574999999999998,0.15924999999999997,0.04224107874348036,0.2872410787434803,0.2985297241435955
conservative,False,2052,0.7,0.35,0.24499999999999997,0.45499999999999996,0.30000000000000004,0.08574999999999998,0.15924999999999997,0.04254346818587284,0.2875434681858728,0.2982157812208406
conservative,False,2053,0.7,0.35,0.24499999999999997,0.45499999999999996,0.30000000000000004,0.08574999999999998,0.15924999999999997,0.04283381483219329,0.2878338148321932,0.29791496197203976
conservative,False,2054,0.7,0.35,0.24499999999999997,0.45499999999999996,0.30000000000000004,0.08574999999999998,0.15924999999999997,0.04311302919075199,0.28811302919075193,0.2976262484235907
conservative,False,2055,0.7,0.35,0.24499999999999997,0.45499999999999996,0.30000000000000004,0.08574999999999998,0.15924999999999997,0.043381922685515155,0.2883819226855151,0.2973487353210821
conservative,False,2056,0.7,0.35,0.24499999999999997,0.45499999999999996,0.30000000000000004,0.08574999999999998,0.15924999999999997,0.04364122150237175,0.2886412215023717,0.2970816141702594
conservative,False,2057,0.7,0.35,0.24499999999999997,0.45499999999999996,0.30000000000000004,0.08574999999999998,0.15924999999999997,0.04389157810100834,0.2888915781010083,0.2968241599968632
conservative,False,2058,0.7,0.35,0.24499999999999997,0.45499999999999996,0.30000000000000004,0.08574999999999998,0.15924999999999997,0.04413358084894724,0.2891335808489472,0.29657572028895035
conservative,False,2059,0.7,0.35,0.24499999999999997,0.45499999999999996,0.30000000000000004,0.08574999999999998,0.15924999999999997,0.0443677621334633,0.28936776213346327,0.2963357057046667
conservative,False,2060,0.7,0.35,0.24499999999999997,0.45499999999999996,0.30000000000000004,0.08574999999999998,0.15924999999999997,0.0445946052309237,0.2895946052309236,0.29610358221840033
conservative,False,2026,0.7,0.5,0.35,0.35,0.30000000000000004,0.0,0.0,0.0,0.0,
conservative,False,2027,0.7,0.5,0.35,0.35,0.30000000000000004,0.08038136388495229,0.08038136388495229,0.018378918221714526,0.1791416459916191,0.44870283199649075
conservative,False,2028,0.7,0.5,0.35,0.35,0.30000000000000004,0.09170494315972151,0.09170494315972151,0.0212914214654922,0.20470130778493523,0.4479939290669761
conservative,False,2029,0.7,0.5,0.35,0.35,0.30000000000000004,0.09972966979187128,0.09972966979187128,0.023414566540920428,0.22287390612466298,0.4474712698582497
conservative,False,2030,0.7,0.5,0.35,0.35,0.30000000000000004,0.10590345183910842,0.10590345183910842,0.025083386978574377,0.2368902906567912,0.4470569542782245
conservative,False,2031,0.7,0.5,0.35,0.35,0.30000000000000004,0.11293394584389457,0.11293394584389457,0.02702319368862342,0.2528910853764126,0.4465714782939045
conservative,False,2032,0.7,0.5,0.35,0.35,0.30000000000000004,0.11843877830643529,0.11843877830643529,0.02857270957427244,0.265450266187143,0.4461806725894774
conservative,False,2033,0.7,0.5,0.35,0.35,0.30000000000000004,0.12249999999999998,0.12249999999999998,0.029861722155581222,0.2748617221555812,0.4456786453905021
conservative,False,2034,0.7,0.5,0.35,0.35,0.30000000000000004,0.12249999999999998,0.12249999999999998,0.0309645745642849,0.27596457456428486,0.4438975553054694
conservative,False,2035,0.7,0.5,0.35,0.35,0.30000000000000004,0.12249999999999998,0.12249999999999998,0.031927809439684346,0.2769278094396843,0.44235355144670235
conservative,False,2036,0.7,0.5,0.35,0.35,0.30000000000000004,0.12249999999999998,0.12249999999999998,0.03278248913899791,0.2777824891389979,0.44099252036978814
conservative,False,2037,0.7,0.5,0.35,0.35,0.30000000000000004,0.12249999999999998,0.12249999999999998,0.033550371527875836,0.2785503715278758,0.4397768322048023
conservative,False,2038,0.7,0.5,0.35,0.35,0.30000000000000004,0.12249999999999998,0.12249999999999998,0.034247285740800035,0.2792472857408,0.4386792862642384
conservative,False,2039,0.7,0.5,0.35,0.35,0.30000000000000004,0.12249999999999998,0.12249999999999998,0.03488510473237776,0.2798851047323777,0.43767959755176256
conservative,False,2040,0.7,0.5,0.35,0.35,0.30000000000000004,0.12249999999999998,0.12249999999999998,0.035472960787962735,0.2804729607879627,0.4367622449445666
conservative,False,2041,0.7,0.5,0.35,0.35,0.30000000000000004,0.12249999999999998,0.12249999999999998,0.03643621012643072,0.28143621012643066,0.43526737353721767
conservative,False,2042,0.7,0.5,0.35,0.35,0.30000000000000004,0.12249999999999998,0.12249999999999998,0.03728925325089065,0.2822892532508906,0.4339520494998281
conservative,False,2043,0.7,0.5,0.35,0.35,0.30000000000000004,0.12249999999999998,0.12249999999999998,0.03805448146759606,0.28305448146759604,0.4327788748118575
conservative,False,2044,0.7,0.5,0.35,0.35,0.30000000000000004,0.12249999999999998,0.12249999999999998,0.03874810869129329,0.28374810869129324,0.4317209392689738
conservative,False,2045,0.7,0.5,0.35,0.35,0.30000000000000004,0.12249999999999998,0.12249999999999998,0.03938225023563642,0.2843822502356364,0.4307582484437677
conservative,False,2046,0.7,0.5,0.35,0.35,0.30000000000000004,0.12249999999999998,0.12249999999999998,0.039966195360303644,0.2849661953603036,0.429875550133637
conservative,False,2047,0.7,0.5,0.35,0.35,0.30000000000000004,0.12249999999999998,0.12249999999999998,0.04050722174862355,0.28550722174862353,0.4290609507168817
conservative,False,2048,0.7,0.5,0.35,0.35,0.30000000000000004,0.12249999999999998,0.12249999999999998,0.04101113645208988,0.28601113645208986,0.42830500070587335
conservative,False,2049,0.7,0.5,0.35,0.35,0.30000000000000004,0.12249999999999998,0.12249999999999998,0.04148264656929795,0.2864826465692979,0.4276000709535759
conservative,False,2050,0.7,0.5,0.35,0.35,0.30000000000000004,0.12249999999999998,0.12249999999999998,0.04192562014027941,0.2869256201402794,0.4269399154390922
conservative,False,2051,0.7,0.5,0.35,0.35,0.30000000000000004,0.12249999999999998,0.12249999999999998,0.04224107874348036,0.2872410787434803,0.4264710344908508
conservative,False,2052,0.7,0.5,0.35,0.35,0.30000000000000004,0.12249999999999998,0.12249999999999998,0.04254346818587284,0.2875434681858728,0.4260225446012009
conservative,False,2053,0.7,0.5,0.35,0.35,0.30000000000000004,0.12249999999999998,0.12249999999999998,0.04283381483219329,0.2878338148321933,0.42559280281719963
conservative,False,2054,0.7,0.5,0.35,0.35,0.30000000000000004,0.12249999999999998,0.12249999999999998,0.04311302919075199,0.28811302919075193,0.42518035489084394
conservative,False,2055,0.7,0.5,0.35,0.35,0.30000000000000004,0.12249999999999998,0.12249999999999998,0.043381922685515155,0.2883819226855151,0.42478390760154583
conservative,False,2056,0.7,0.5,0.35,0.35,0.30000000000000004,0.12249999999999998,0.12249999999999998,0.04364122150237175,0.2886412215023717,0.4244023059575135
conservative,False,2057,0.7,0.5,0.35,0.35,0.30000000000000004,0.12249999999999998,0.12249999999999998,0.04389157810100834,0.2888915781010083,0.4240345142812332
conservative,False,2058,0.7,0.5,0.35,0.35,0.30000000000000004,0.12249999999999998,0.12249999999999998,0.04413358084894724,0.2891335808489472,0.4236796004127863
conservative,False,2059,0.7,0.5,0.35,0.35,0.30000000000000004,0.12249999999999998,0.12249999999999998,0.0443677621334633,0.28936776213346327,0.42333672243523823
conservative,False,2060,0.7,0.5,0.35,0.35,0.30000000000000004,0.12249999999999998,0.12249999999999998,0.0445946052309237,0.2895946052309237,0.4230051174548576
base,False,2026,0.5,0.2,0.1,0.4,0.5,0.0,0.0,0.0,0.0,
base,False,2027,0.5,0.2,0.1,0.4,0.5,0.03979717729914443,0.1591887091965777,0.08523889238853533,0.28422477888425746,0.1400200835950011
base,False,2028,0.5,0.2,0.1,0.4,0.5,0.045,0.18,0.09941652637300585,0.32441652637300583,0.13871056602172033
base,False,2029,0.5,0.2,0.1,0.4,0.5,0.045,0.18,0.10874621846861265,0.33374621846861263,0.1348329883900454
base,False,2030,0.5,0.2,0.1,0.4,0.5,0.045,0.18,0.11566665012648902,0.340666650126489,0.13209393987727172
base,False,2031,0.5,0.2,0.1,0.4,0.5,0.045,0.18,0.12511806609112414,0.3501180660911241,0.1285280719798332
base,False,2032,0.5,0.2,0.1,0.4,0.5,0.045,0.18,0.13202547152629818,0.35702547152629815,0.12604142726182307
base,False,2033,0.5,0.2,0.1,0.4,0.5,0.045,0.18,0.13744942872632931,0.3624494287263293,0.12415525155642514
base,False,2034,0.5,0.2,0.1,0.4,0.5,0.045,0.18,0.14190372596657924,0.3669037259665792,0.12264797769892091
base,False,2035,0.5,0.2,0.1,0.4,0.5,0.045,0.18,0.14567579530237512,0.3706757953023751,0.12139988790822367
base,False,2036,0.5,0.2,0.1,0.4,0.5,0.045,0.18,0.1489424461381953,0.3739424461381953,0.12033937432010504
base,False,2037,0.5,0.2,0.1,0.4,0.5,0.045,0.18,0.1518200584802583,0.3768200584802583,0.11942039439590385
base,False,2038,0.5,0.2,0.1,0.4,0.5,0.045,0.18,0.15438923494022572,0.3793892349402257,0.11861169441744948
base,False,2039,0.5,0.2,0.1,0.4,0.5,0.045,0.18,0.15670806045248098,0.38170806045248096,0.11789114420758236
base,False,2040,0.5,0.2,0.1,0.4,0.5,0.045,0.18,0.15881974886863182,0.3838197488686318,0.11724253411306863
base,False,2041,0.5,0.2,0.1,0.4,0.5,0.045,0.18,0.1612176300772517,0.3862176300772517,0.1165146189494225
base,False,2042,0.5,0.2,0.1,0.4,0.5,0.045,0.18,0.16339200553725636,0.38839200553725634,0.1158623230098473
base,False,2043,0.5,0.2,0.1,0.4,0.5,0.045,0.18,0.16537991113528694,0.3903799111352869,0.11527232502598005
base,False,2044,0.5,0.2,0.1,0.4,0.5,0.045,0.18,0.16720995615463102,0.392209956154631,0.11473446630778157
base,False,2045,0.5,0.2,0.1,0.4,0.5,0.045,0.18,0.16890468999470076,0.39390468999470074,0.114240833234571
base,False,2046,0.5,0.2,0.1,0.4,0.5,0.045,0.18,0.17048219415219862,0.3954821941521986,0.11378514801776905
base,False,2047,0.5,0.2,0.1,0.4,0.5,0.045,0.18,0.17195718473490051,0.3969571847349005,0.11336235173587374
base,False,2048,0.5,0.2,0.1,0.4,0.5,0.045,0.18,0.17334179540775457,0.39834179540775455,0.11296831143198684
base,False,2049,0.5,0.2,0.1,0.4,0.5,0.045,0.18,0.17464614568602577,0.39964614568602574,0.11259960964406092
base,False,2050,0.5,0.2,0.1,0.4,0.5,0.045,0.18,0.175,0.39999999999999997,0.1125
base,False,2051,0.5,0.2,0.1,0.4,0.5,0.045,0.18,0.175,0.39999999999999997,0.1125
base,False,2052,0.5,0.2,0.1,0.4,0.5,0.045,0.18,0.175,0.39999999999999997,0.1125
base,False,2053,0.5,0.2,0.1,0.4,0.5,0.045,0.18,0.175,0.39999999999999997,0.1125
base,False,2054,0.5,0.2,0.1,0.4,0.5,0.045,0.18,0.175,0.39999999999999997,0.1125
base,False,2055,0.5,0.2,0.1,0.4,0.5,0.045,0.18,0.175,0.39999999999999997,0.1125
base,False,2056,0.5,0.2,0.1,0.4,0.5,0.045,0.18,0.175,0.39999999999999997,0.1125
base,False,2057,0.5,0.2,0.1,0.4,0.5,0.045,0.18,0.175,0.39999999999999997,0.1125
base,False,2058,0.5,0.2,0.1,0.4,0.5,0.045,0.18,0.175,0.39999999999999997,0.1125
base,False,2059,0.5,0.2,0.1,0.4,0.5,0.045,0.18,0.175,0.39999999999999997,0.1125
base,False,2060,0.5,0.2,0.1,0.4,0.5,0.045,0.18,0.175,0.39999999999999997,0.1125
base,False,2026,0.5,0.25,0.125,0.375,0.5,0.0,0.0,0.0,0.0,
base,False,2027,0.5,0.25,0.125,0.375,0.5,0.04974647162393053,0.1492394148717916,0.08523889238853533,0.28422477888425746,0.17502510449375136
base,False,2028,0.5,0.25,0.125,0.375,0.5,0.056249999999999994,0.16874999999999998,0.09941652637300585,0.32441652637300583,0.1733882075271504
base,False,2029,0.5,0.25,0.125,0.375,0.5,0.056249999999999994,0.16874999999999998,0.10874621846861265,0.33374621846861263,0.16854123548755673
base,False,2030,0.5,0.25,0.125,0.375,0.5,0.056249999999999994,0.16874999999999998,0.11566665012648902,0.340666650126489,0.16511742484658964
base,False,2031,0.5,0.25,0.125,0.375,0.5,0.056249999999999994,0.16874999999999998,0.12511806609112414,0.3501180660911241,0.1606600899747915
base,False,2032,0.5,0.25,0.125,0.375,0.5,0.056249999999999994,0.16874999999999998,0.13202547152629818,0.35702547152629815,0.15755178407727885
base,False,2033,0.5,0.25,0.125,0.375,0.5,0.056249999999999994,0.16874999999999998,0.13744942872632931,0.3624494287263293,0.1551940644455314
base,False,2034,0.5,0.25,0.125,0.375,0.5,0.056249999999999994,0.16874999999999998,0.14190372596657924,0.3669037259665792,0.15330997212365113
base,False,2035,0.5,0.25,0.125,0.375,0.5,0.056249999999999994,0.16874999999999998,0.14567579530237512,0.3706757953023751,0.1517498598852796
base,False,2036,0.5,0.25,0.125,0.375,0.5,0.056249999999999994,0.16874999999999998,0.1489424461381953,0.3739424461381953,0.1504242179001313
base,False,2037,0.5,0.25,0.125,0.375,0.5,0.056249999999999994,0.16874999999999998,0.1518200584802583,0.3768200584802583,0.1492754929948798
base,False,2038,0.5,0.25,0.125,0.375,0.5,0.056249999999999994,0.16874999999999998,0.15438923494022572,0.3793892349402257,0.14826461802181184
base,False,2039,0.5,0.25,0.125,0.375,0.5,0.056249999999999994,0.16874999999999998,0.15670806045248098,0.38170806045248096,0.14736393025947794
base,False,2040,0.5,0.25,0.125,0.375,0.5,0.056249999999999994,0.16874999999999998,0.15881974886863182,0.3838197488686318,0.14655316764133577
base,False,2041,0.5,0.25,0.125,0.375,0.5,0.056249999999999994,0.16874999999999998,0.1612176300772517,0.3862176300772517,0.14564327368677812
base,False,2042,0.5,0.25,0.125,0.375,0.5,0.056249999999999994,0.16874999999999998,0.16339200553725636,0.38839200553725634,0.14482790376230914
base,False,2043,0.5,0.25,0.125,0.375,0.5,0.056249999999999994,0.16874999999999998,0.16537991113528694,0.3903799111352869,0.14409040628247505
base,False,2044,0.5,0.25,0.125,0.375,0.5,0.056249999999999994,0.16874999999999998,0.16720995615463102,0.392209956154631,0.14341808288472696
base,False,2045,0.5,0.25,0.125,0.375,0.5,0.056249999999999994,0.16874999999999998,0.16890468999470076,0.39390468999470074,0.14280104154321374
base,False,2046,0.5,0.25,0.125,0.375,0.5,0.056249999999999994,0.16874999999999998,0.17048219415219862,0.3954821941521986,0.1422314350222113
base,False,2047,0.5,0.25,0.125,0.375,0.5,0.056249999999999994,0.16874999999999998,0.17195718473490051,0.3969571847349005,0.14170293966984215
base,False,2048,0.5,0.25,0.125,0.375,0.5,0.056249999999999994,0.16874999999999998,0.17334179540775457,0.39834179540775455,0.14121038928998353
base,False,2049,0.5,0.25,0.125,0.375,0.5,0.056249999999999994,0.16874999999999998,0.17464614568602577,0.39964614568602574,0.14074951205507613
base,False,2050,0.5,0.25,0.125,0.375,0.5,0.056249999999999994,0.16874999999999998,0.175,0.39999999999999997,0.140625
base,False,2051,0.5,0.25,0.125,0.375,0.5,0.056249999999999994,0.16874999999999998,0.175,0.39999999999999997,0.140625
base,False,2052,0.5,0.25,0.125,0.375,0.5,0.056249999999999994,0.16874999999999998,0.175,0.39999999999999997,0.140625
base,False,2053,0.5,0.25,0.125,0.375,0.5,0.056249999999999994,0.16874999999999998,0.175,0.39999999999999997,0.140625
base,False,2054,0.5,0.25,0.125,0.375,0.5,0.056249999999999994,0.16874999999999998,0.175,0.39999999999999997,0.140625
base,False,2055,0.5,0.25,0.125,0.375,0.5,0.056249999999999994,0.16874999999999998,0.175,0.39999999999999997,0.140625
base,False,2056,0.5,0.25,0.125,0.375,0.5,0.056249999999999994,0.16874999999999998,0.175,0.39999999999999997,0.140625
base,False,2057,0.5,0.25,0.125,0.375,0.5,0.056249999999999994,0.16874999999999998,0.175,0.39999999999999997,0.140625
base,False,2058,0.5,0.25,0.125,0.375,0.5,0.056249999999999994,0.16874999999999998,0.175,0.39999999999999997,0.140625
base,False,2059,0.5,0.25,0.125,0.375,0.5,0.056249999999999994,0.16874999999999998,0.175,0.39999999999999997,0.140625
base,False,2060,0.5,0.25,0.125,0.375,0.5,0.056249999999999994,0.16874999999999998,0.175,0.39999999999999997,0.140625
base,False,2026,0.5,0.35,0.175,0.325,0.5,0.0,0.0,0.0,0.0,
base,False,2027,0.5,0.35,0.175,0.325,0.5,0.06964506027350274,0.1293408262222194,0.08523889238853533,0.28422477888425746,0.24503514629125187
base,False,2028,0.5,0.35,0.175,0.325,0.5,0.07874999999999999,0.14625,0.09941652637300585,0.32441652637300583,0.24274349053801053
base,False,2029,0.5,0.35,0.175,0.325,0.5,0.07874999999999999,0.14625,0.10874621846861265,0.33374621846861263,0.2359577296825794
base,False,2030,0.5,0.35,0.175,0.325,0.5,0.07874999999999999,0.14625,0.11566665012648902,0.340666650126489,0.2311643947852255
base,False,2031,0.5,0.35,0.175,0.325,0.5,0.07874999999999999,0.14625,0.12511806609112414,0.3501180660911241,0.22492412596470807
base,False,2032,0.5,0.35,0.175,0.325,0.5,0.07874999999999999,0.14625,0.13202547152629818,0.35702547152629815,0.22057249770819037
base,False,2033,0.5,0.35,0.175,0.325,0.5,0.07874999999999999,0.14625,0.13744942872632931,0.3624494287263293,0.21727169022374396
base,False,2034,0.5,0.35,0.175,0.325,0.5,0.07874999999999999,0.14625,0.14190372596657924,0.3669037259665792,0.21463396097311158
base,False,2035,0.5,0.35,0.175,0.325,0.5,0.07874999999999999,0.14625,0.14567579530237512,0.3706757953023751,0.21244980383939138
base,False,2036,0.5,0.35,0.175,0.325,0.5,0.07874999999999999,0.14625,0.1489424461381953,0.3739424461381953,0.2105939050601838
base,False,2037,0.5,0.35,0.175,0.325,0.5,0.07874999999999999,0.14625,0.1518200584802583,0.3768200584802583,0.2089856901928317
base,False,2038,0.5,0.35,0.175,0.325,0.5,0.07874999999999999,0.14625,0.15438923494022572,0.3793892349402257,0.20757046523053657
base,False,2039,0.5,0.35,0.175,0.325,0.5,0.07874999999999999,0.14625,0.15670806045248098,0.38170806045248096,0.20630950236326911
base,False,2040,0.5,0.35,0.175,0.325,0.5,0.07874999999999999,0.14625,0.15881974886863182,0.3838197488686318,0.20517443469787008
base,False,2041,0.5,0.35,0.175,0.325,0.5,0.07874999999999999,0.14625,0.1612176300772517,0.3862176300772517,0.20390058316148935
base,False,2042,0.5,0.35,0.175,0.325,0.5,0.07874999999999999,0.14625,0.16339200553725636,0.38839200553725634,0.20275906526723275
base,False,2043,0.5,0.35,0.175,0.325,0.5,0.07874999999999999,0.14625,0.16537991113528694,0.3903799111352869,0.20172656879546505
base,False,2044,0.5,0.35,0.175,0.325,0.5,0.07874999999999999,0.14625,0.16720995615463102,0.392209956154631,0.2007853160386177
base,False,2045,0.5,0.35,0.175,0.325,0.5,0.07874999999999999,0.14625,0.16890468999470076,0.39390468999470074,0.19992145816049925
base,False,2046,0.5,0.35,0.175,0.325,0.5,0.07874999999999999,0.14625,0.17048219415219862,0.3954821941521986,0.19912400903109584
base,False,2047,0.5,0.35,0.175,0.325,0.5,0.07874999999999999,0.14625,0.17195718473490051,0.3969571847349005,0.19838411553777902
base,False,2048,0.5,0.35,0.175,0.325,0.5,0.07874999999999999,0.14625,0.17334179540775457,0.39834179540775455,0.19769454500597694
base,False,2049,0.5,0.35,0.175,0.325,0.5,0.07874999999999999,0.14625,0.17464614568602577,0.39964614568602574,0.19704931687710658
base,False,2050,0.5,0.35,0.175,0.325,0.5,0.07874999999999999,0.14625,0.175,0.39999999999999997,0.196875
base,False,2051,0.5,0.35,0.175,0.325,0.5,0.07874999999999999,0.14625,0.175,0.39999999999999997,0.196875
base,False,2052,0.5,0.35,0.175,0.325,0.5,0.07874999999999999,0.14625,0.175,0.39999999999999997,0.196875
base,False,2053,0.5,0.35,0.175,0.325,0.5,0.07874999999999999,0.14625,0.175,0.39999999999999997,0.196875
base,False,2054,0.5,0.35,0.175,0.325,0.5,0.07874999999999999,0.14625,0.175,0.39999999999999997,0.196875
base,False,2055,0.5,0.35,0.175,0.325,0.5,0.07874999999999999,0.14625,0.175,0.39999999999999997,0.196875
base,False,2056,0.5,0.35,0.175,0.325,0.5,0.07874999999999999,0.14625,0.175,0.39999999999999997,0.196875
base,False,2057,0.5,0.35,0.175,0.325,0.5,0.07874999999999999,0.14625,0.175,0.39999999999999997,0.196875
base,False,2058,0.5,0.35,0.175,0.325,0.5,0.07874999999999999,0.14625,0.175,0.39999999999999997,0.196875
base,False,2059,0.5,0.35,0.175,0.325,0.5,0.07874999999999999,0.14625,0.175,0.39999999999999997,0.196875
base,False,2060,0.5,0.35,0.175,0.325,0.5,0.07874999999999999,0.14625,0.175,0.39999999999999997,0.196875
base,False,2026,0.5,0.5,0.25,0.25,0.5,0.0,0.0,0.0,0.0,
base,False,2027,0.5,0.5,0.25,0.25,0.5,0.09949294324786107,0.09949294324786107,0.08523889238853533,0.28422477888425746,0.3500502089875027
base,False,2028,0.5,0.5,0.25,0.25,0.5,0.11249999999999999,0.11249999999999999,0.09941652637300585,0.32441652637300583,0.3467764150543008
base,False,2029,0.5,0.5,0.25,0.25,0.5,0.11249999999999999,0.11249999999999999,0.10874621846861265,0.33374621846861263,0.33708247097511346
base,False,2030,0.5,0.5,0.25,0.25,0.5,0.11249999999999999,0.11249999999999999,0.11566665012648902,0.340666650126489,0.3302348496931793
base,False,2031,0.5,0.5,0.25,0.25,0.5,0.11249999999999999,0.11249999999999999,0.12511806609112414,0.3501180660911241,0.321320179949583
base,False,2032,0.5,0.5,0.25,0.25,0.5,0.11249999999999999,0.11249999999999999,0.13202547152629818,0.35702547152629815,0.3151035681545577
base,False,2033,0.5,0.5,0.25,0.25,0.5,0.11249999999999999,0.11249999999999999,0.13744942872632931,0.3624494287263293,0.3103881288910628
base,False,2034,0.5,0.5,0.25,0.25,0.5,0.11249999999999999,0.11249999999999999,0.14190372596657924,0.3669037259665792,0.30661994424730227
base,False,2035,0.5,0.5,0.25,0.25,0.5,0.11249999999999999,0.11249999999999999,0.14567579530237512,0.3706757953023751,0.3034997197705592
base,False,2036,0.5,0.5,0.25,0.25,0.5,0.11249999999999999,0.11249999999999999,0.1489424461381953,0.3739424461381953,0.3008484358002626
base,False,2037,0.5,0.5,0.25,0.25,0.5,0.11249999999999999,0.11249999999999999,0.1518200584802583,0.3768200584802583,0.2985509859897596
base,False,2038,0.5,0.5,0.25,0.25,0.5,0.11249999999999999,0.11249999999999999,0.15438923494022572,0.3793892349402257,0.2965292360436237
base,False,2039,0.5,0.5,0.25,0.25,0.5,0.11249999999999999,0.11249999999999999,0.15670806045248098,0.38170806045248096,0.2947278605189559
base,False,2040,0.5,0.5,0.25,0.25,0.5,0.11249999999999999,0.11249999999999999,0.15881974886863182,0.3838197488686318,0.29310633528267155
base,False,2041,0.5,0.5,0.25,0.25,0.5,0.11249999999999999,0.11249999999999999,0.1612176300772517,0.3862176300772517,0.29128654737355625
base,False,2042,0.5,0.5,0.25,0.25,0.5,0.11249999999999999,0.11249999999999999,0.16339200553725636,0.38839200553725634,0.2896558075246183
base,False,2043,0.5,0.5,0.25,0.25,0.5,0.11249999999999999,0.11249999999999999,0.16537991113528694,0.3903799111352869,0.2881808125649501
base,False,2044,0.5,0.5,0.25,0.25,0.5,0.11249999999999999,0.11249999999999999,0.16720995615463102,0.392209956154631,0.2868361657694539
base,False,2045,0.5,0.5,0.25,0.25,0.5,0.11249999999999999,0.11249999999999999,0.16890468999470076,0.39390468999470074,0.2856020830864275
base,False,2046,0.5,0.5,0.25,0.25,0.5,0.11249999999999999,0.11249999999999999,0.17048219415219862,0.3954821941521986,0.2844628700444226
base,False,2047,0.5,0.5,0.25,0.25,0.5,0.11249999999999999,0.11249999999999999,0.17195718473490051,0.3969571847349005,0.2834058793396843
base,False,2048,0.5,0.5,0.25,0.25,0.5,0.11249999999999999,0.11249999999999999,0.17334179540775457,0.39834179540775455,0.28242077857996706
base,False,2049,0.5,0.5,0.25,0.25,0.5,0.11249999999999999,0.11249999999999999,0.17464614568602577,0.39964614568602574,0.28149902411015226
base,False,2050,0.5,0.5,0.25,0.25,0.5,0.11249999999999999,0.11249999999999999,0.175,0.39999999999999997,0.28125
base,False,2051,0.5,0.5,0.25,0.25,0.5,0.11249999999999999,0.11249999999999999,0.175,0.39999999999999997,0.28125
base,False,2052,0.5,0.5,0.25,0.25,0.5,0.11249999999999999,0.11249999999999999,0.175,0.39999999999999997,0.28125
base,False,2053,0.5,0.5,0.25,0.25,0.5,0.11249999999999999,0.11249999999999999,0.175,0.39999999999999997,0.28125
base,False,2054,0.5,0.5,0.25,0.25,0.5,0.11249999999999999,0.11249999999999999,0.175,0.39999999999999997,0.28125
base,False,2055,0.5,0.5,0.25,0.25,0.5,0.11249999999999999,0.11249999999999999,0.175,0.39999999999999997,0.28125
base,False,2056,0.5,0.5,0.25,0.25,0.5,0.11249999999999999,0.11249999999999999,0.175,0.39999999999999997,0.28125
base,False,2057,0.5,0.5,0.25,0.25,0.5,0.11249999999999999,0.11249999999999999,0.175,0.39999999999999997,0.28125
base,False,2058,0.5,0.5,0.25,0.25,0.5,0.11249999999999999,0.11249999999999999,0.175,0.39999999999999997,0.28125
base,False,2059,0.5,0.5,0.25,0.25,0.5,0.11249999999999999,0.11249999999999999,0.175,0.39999999999999997,0.28125
base,False,2060,0.5,0.5,0.25,0.25,0.5,0.11249999999999999,0.11249999999999999,0.175,0.39999999999999997,0.28125
base,False,2026,0.675,0.2,0.135,0.54,0.32499999999999996,0.0,0.0,0.0,0.0,
base,False,2027,0.675,0.2,0.135,0.54,0.32499999999999996,0.05372618935384498,0.21490475741537993,0.05540528005254795,0.32403622682177285,0.16580303344723113
base,False,2028,0.675,0.2,0.135,0.54,0.32499999999999996,0.06075,0.243,0.0646207421424538,0.36837074214245374,0.1649153774989741
base,False,2029,0.675,0.2,0.135,0.54,0.32499999999999996,0.06075,0.243,0.07068504200459821,0.3744350420045982,0.1622444301013204
base,False,2030,0.675,0.2,0.135,0.54,0.32499999999999996,0.06075,0.243,0.07518332258221785,0.3789333225822178,0.16031844226847844
base,False,2031,0.675,0.2,0.135,0.54,0.32499999999999996,0.06075,0.243,0.08132674295923067,0.38507674295923067,0.1577607609671504
base,False,2032,0.675,0.2,0.135,0.54,0.32499999999999996,0.06075,0.243,0.0858165564920938,0.38956655649209376,0.15594254431651378
base,False,2033,0.675,0.2,0.135,0.54,0.32499999999999996,0.06075,0.243,0.08934212867211404,0.393092128672114,0.15454392385117632
base,False,2034,0.675,0.2,0.135,0.54,0.32499999999999996,0.06075,0.243,0.0922374218782765,0.39598742187827646,0.15341396378664293
base,False,2035,0.675,0.2,0.135,0.54,0.32499999999999996,0.06075,0.243,0.09468926694654381,0.39843926694654375,0.1524699120785966
base,False,2036,0.675,0.2,0.135,0.54,0.32499999999999996,0.06075,0.243,0.09681258998982693,0.4005625899898269,0.1516616916261273
base,False,2037,0.675,0.2,0.135,0.54,0.32499999999999996,0.06075,0.243,0.09868303801216789,0.40243303801216784,0.150956790973417
base,False,2038,0.675,0.2,0.135,0.54,0.32499999999999996,0.06075,0.243,0.10035300271114671,0.4041030027111467,0.15033295865763258
base,False,2039,0.675,0.2,0.135,0.54,0.32499999999999996,0.06075,0.243,0.10186023929411263,0.4056102392941126,0.14977432548479006
base,False,2040,0.675,0.2,0.135,0.54,0.32499999999999996,0.06075,0.243,0.10323283676461066,0.4069828367646106,0.14926919396145538
base,False,2041,0.675,0.2,0.135,0.54,0.32499999999999996,0.06075,0.243,0.1047914595502136,0.4085414595502136,0.14869971842486465
base,False,2042,0.675,0.2,0.135,0.54,0.32499999999999996,0.06075,0.243,0.10620480359921662,0.4099548035992166,0.14818706712701654
base,False,2043,0.675,0.2,0.135,0.54,0.32499999999999996,0.06075,0.243,0.1074969422379365,0.41124694223793645,0.1477214630932178
base,False,2044,0.675,0.2,0.135,0.54,0.32499999999999996,0.06075,0.243,0.10868647150051015,0.4124364715005101,0.1472954120157748
base,False,2045,0.675,0.2,0.135,0.54,0.32499999999999996,0.06075,0.243,0.10978804849655548,0.41353804849655545,0.14690304851236927
base,False,2046,0.675,0.2,0.135,0.54,0.32499999999999996,0.06075,0.243,0.11081342619892909,0.41456342619892905,0.14653969974391565
base,False,2047,0.675,0.2,0.135,0.54,0.32499999999999996,0.06075,0.243,0.11177217007768532,0.41552217007768527,0.1462015853176794
base,False,2048,0.675,0.2,0.135,0.54,0.32499999999999996,0.06075,0.243,0.11267216701504046,0.4164221670150404,0.145885605551363
base,False,2049,0.675,0.2,0.135,0.54,0.32499999999999996,0.06075,0.243,0.11351999469591673,0.4172699946959167,0.14558918870807194
base,False,2050,0.675,0.2,0.135,0.54,0.32499999999999996,0.06075,0.243,0.11374999999999998,0.4174999999999999,0.14550898203592816
base,False,2051,0.675,0.2,0.135,0.54,0.32499999999999996,0.06075,0.243,0.11374999999999998,0.4174999999999999,0.14550898203592816
base,False,2052,0.675,0.2,0.135,0.54,0.32499999999999996,0.06075,0.243,0.11374999999999998,0.4174999999999999,0.14550898203592816
base,False,2053,0.675,0.2,0.135,0.54,0.32499999999999996,0.06075,0.243,0.11374999999999998,0.4174999999999999,0.14550898203592816
base,False,2054,0.675,0.2,0.135,0.54,0.32499999999999996,0.06075,0.243,0.11374999999999998,0.4174999999999999,0.14550898203592816
base,False,2055,0.675,0.2,0.135,0.54,0.32499999999999996,0.06075,0.243,0.11374999999999998,0.4174999999999999,0.14550898203592816
base,False,2056,0.675,0.2,0.135,0.54,0.32499999999999996,0.06075,0.243,0.11374999999999998,0.4174999999999999,0.14550898203592816
base,False,2057,0.675,0.2,0.135,0.54,0.32499999999999996,0.06075,0.243,0.11374999999999998,0.4174999999999999,0.14550898203592816
base,False,2058,0.675,0.2,0.135,0.54,0.32499999999999996,0.06075,0.243,0.11374999999999998,0.4174999999999999,0.14550898203592816
base,False,2059,0.675,0.2,0.135,0.54,0.32499999999999996,0.06075,0.243,0.11374999999999998,0.4174999999999999,0.14550898203592816
base,False,2060,0.675,0.2,0.135,0.54,0.32499999999999996,0.06075,0.243,0.11374999999999998,0.4174999999999999,0.14550898203592816
base,True,2026,0.675,0.25,0.16875,0.5062500000000001,0.32499999999999996,0.0,0.0,0.0,0.0,
base,True,2027,0.675,0.25,0.16875,0.5062500000000001,0.32499999999999996,0.06715773669230622,0.20147321007691868,0.05540528005254795,0.32403622682177285,0.2072537918090389
base,True,2028,0.675,0.25,0.16875,0.5062500000000001,0.32499999999999996,0.07593749999999999,0.22781250000000003,0.0646207421424538,0.3683707421424538,0.20614422187371756
base,True,2029,0.675,0.25,0.16875,0.5062500000000001,0.32499999999999996,0.07593749999999999,0.22781250000000003,0.07068504200459821,0.3744350420045982,0.20280553762665046
base,True,2030,0.675,0.25,0.16875,0.5062500000000001,0.32499999999999996,0.07593749999999999,0.22781250000000003,0.07518332258221785,0.3789333225822179,0.20039805283559797
base,True,2031,0.675,0.25,0.16875,0.5062500000000001,0.32499999999999996,0.07593749999999999,0.22781250000000003,0.08132674295923067,0.38507674295923067,0.19720095120893796
base,True,2032,0.675,0.25,0.16875,0.5062500000000001,0.32499999999999996,0.07593749999999999,0.22781250000000003,0.0858165564920938,0.3895665564920938,0.19492818039564216
base,True,2033,0.675,0.25,0.16875,0.5062500000000001,0.32499999999999996,0.07593749999999999,0.22781250000000003,0.08934212867211404,0.39309212867211407,0.19317990481397038
base,True,2034,0.675,0.25,0.16875,0.5062500000000001,0.32499999999999996,0.07593749999999999,0.22781250000000003,0.0922374218782765,0.3959874218782765,0.19176745473330362
base,True,2035,0.675,0.25,0.16875,0.5062500000000001,0.32499999999999996,0.07593749999999999,0.22781250000000003,0.09468926694654381,0.39843926694654386,0.19058739009824566
base,True,2036,0.675,0.25,0.16875,0.5062500000000001,0.32499999999999996,0.07593749999999999,0.22781250000000003,0.09681258998982693,0.40056258998982697,0.1895771145326591
base,True,2037,0.675,0.25,0.16875,0.5062500000000001,0.32499999999999996,0.07593749999999999,0.22781250000000003,0.09868303801216789,0.4024330380121679,0.1886959887167712
base,True,2038,0.675,0.25,0.16875,0.5062500000000001,0.32499999999999996,0.07593749999999999,0.22781250000000003,0.10035300271114671,0.40410300271114674,0.18791619832204068
base,True,2039,0.675,0.25,0.16875,0.5062500000000001,0.32499999999999996,0.07593749999999999,0.22781250000000003,0.10186023929411263,0.40561023929411266,0.18721790685598752
base,True,2040,0.675,0.25,0.16875,0.5062500000000001,0.32499999999999996,0.07593749999999999,0.22781250000000003,0.10323283676461066,0.40698283676461067,0.18658649245181919
base,True,2041,0.675,0.25,0.16875,0.5062500000000001,0.32499999999999996,0.07593749999999999,0.22781250000000003,0.1047914595502136,0.4085414595502136,0.1858746480310808
base,True,2042,0.675,0.25,0.16875,0.5062500000000001,0.32499999999999996,0.07593749999999999,0.22781250000000003,0.10620480359921662,0.40995480359921666,0.18523383390877066
base,True,2043,0.675,0.25,0.16875,0.5062500000000001,0.32499999999999996,0.07593749999999999,0.22781250000000003,0.1074969422379365,0.4112469422379365,0.1846518288665222
base,True,2044,0.675,0.25,0.16875,0.5062500000000001,0.32499999999999996,0.07593749999999999,0.22781250000000003,0.10868647150051015,0.41243647150051016,0.18411926501971845
base,True,2045,0.675,0.25,0.16875,0.5062500000000001,0.32499999999999996,0.07593749999999999,0.22781250000000003,0.10978804849655548,0.4135380484965555,0.18362881064046155
base,True,2046,0.675,0.25,0.16875,0.5062500000000001,0.32499999999999996,0.07593749999999999,0.22781250000000003,0.11081342619892909,0.4145634261989291,0.1831746246798945
base,True,2047,0.675,0.25,0.16875,0.5062500000000001,0.32499999999999996,0.07593749999999999,0.22781250000000003,0.11177217007768532,0.4155221700776853,0.18275198164709922
base,True,2048,0.675,0.25,0.16875,0.5062500000000001,0.32499999999999996,0.07593749999999999,0.22781250000000003,0.11267216701504046,0.4164221670150405,0.18235700693920373
base,True,2049,0.675,0.25,0.16875,0.5062500000000001,0.32499999999999996,0.07593749999999999,0.22781250000000003,0.11351999469591673,0.41726999469591675,0.1819864858850899
base,True,2050,0.675,0.25,0.16875,0.5062500000000001,0.32499999999999996,0.07593749999999999,0.22781250000000003,0.11374999999999998,0.4175,0.18188622754491016
base,True,2051,0.675,0.25,0.16875,0.5062500000000001,0.32499999999999996,0.07593749999999999,0.22781250000000003,0.11374999999999998,0.4175,0.18188622754491016
base,True,2052,0.675,0.25,0.16875,0.5062500000000001,0.32499999999999996,0.07593749999999999,0.22781250000000003,0.11374999999999998,0.4175,0.18188622754491016
base,True,2053,0.675,0.25,0.16875,0.5062500000000001,0.32499999999999996,0.07593749999999999,0.22781250000000003,0.11374999999999998,0.4175,0.18188622754491016
base,True,2054,0.675,0.25,0.16875,0.5062500000000001,0.32499999999999996,0.07593749999999999,0.22781250000000003,0.11374999999999998,0.4175,0.18188622754491016
base,True,2055,0.675,0.25,0.16875,0.5062500000000001,0.32499999999999996,0.07593749999999999,0.22781250000000003,0.11374999999999998,0.4175,0.18188622754491016
base,True,2056,0.675,0.25,0.16875,0.5062500000000001,0.32499999999999996,0.07593749999999999,0.22781250000000003,0.11374999999999998,0.4175,0.18188622754491016
base,True,2057,0.675,0.25,0.16875,0.5062500000000001,0.32499999999999996,0.07593749999999999,0.22781250000000003,0.11374999999999998,0.4175,0.18188622754491016
base,True,2058,0.675,0.25,0.16875,0.5062500000000001,0.32499999999999996,0.07593749999999999,0.22781250000000003,0.11374999999999998,0.4175,0.18188622754491016
base,True,2059,0.675,0.25,0.16875,0.5062500000000001,0.32499999999999996,0.07593749999999999,0.22781250000000003,0.11374999999999998,0.4175,0.18188622754491016
base,True,2060,0.675,0.25,0.16875,0.5062500000000001,0.32499999999999996,0.07593749999999999,0.22781250000000003,0.11374999999999998,0.4175,0.18188622754491016
base,False,2026,0.675,0.35,0.23625,0.4387500000000001,0.32499999999999996,0.0,0.0,0.0,0.0,
base,False,2027,0.675,0.35,0.23625,0.4387500000000001,0.32499999999999996,0.0940208313692287,0.1746101153999962,0.05540528005254795,0.3240362268217729,0.2901553085326544
base,False,2028,0.675,0.35,0.23625,0.4387500000000001,0.32499999999999996,0.10631249999999999,0.19743750000000002,0.0646207421424538,0.3683707421424538,0.28860191062320456
base,False,2029,0.675,0.35,0.23625,0.4387500000000001,0.32499999999999996,0.10631249999999999,0.19743750000000002,0.07068504200459821,0.3744350420045982,0.2839277526773107
base,False,2030,0.675,0.35,0.23625,0.4387500000000001,0.32499999999999996,0.10631249999999999,0.19743750000000002,0.07518332258221785,0.3789333225822179,0.28055727396983715
base,False,2031,0.675,0.35,0.23625,0.4387500000000001,0.32499999999999996,0.10631249999999999,0.19743750000000002,0.08132674295923067,0.38507674295923067,0.27608133169251314
base,False,2032,0.675,0.35,0.23625,0.4387500000000001,0.32499999999999996,0.10631249999999999,0.19743750000000002,0.0858165564920938,0.3895665564920938,0.272899452553899
base,False,2033,0.675,0.35,0.23625,0.4387500000000001,0.32499999999999996,0.10631249999999999,0.19743750000000002,0.08934212867211404,0.39309212867211407,0.2704518667395585
base,False,2034,0.675,0.35,0.23625,0.4387500000000001,0.32499999999999996,0.10631249999999999,0.19743750000000002,0.0922374218782765,0.3959874218782765,0.26847443662662507
base,False,2035,0.675,0.35,0.23625,0.4387500000000001,0.32499999999999996,0.10631249999999999,0.19743750000000002,0.09468926694654381,0.39843926694654386,0.2668223461375439
base,False,2036,0.675,0.35,0.23625,0.4387500000000001,0.32499999999999996,0.10631249999999999,0.19743750000000002,0.09681258998982693,0.40056258998982697,0.2654079603457227
base,False,2037,0.675,0.35,0.23625,0.4387500000000001,0.32499999999999996,0.10631249999999999,0.19743750000000002,0.09868303801216789,0.4024330380121679,0.2641743842034797
base,False,2038,0.675,0.35,0.23625,0.4387500000000001,0.32499999999999996,0.10631249999999999,0.19743750000000002,0.10035300271114671,0.40410300271114674,0.26308267765085697
base,False,2039,0.675,0.35,0.23625,0.4387500000000001,0.32499999999999996,0.10631249999999999,0.19743750000000002,0.10186023929411263,0.40561023929411266,0.26210506959838253
base,False,2040,0.675,0.35,0.23625,0.4387500000000001,0.32499999999999996,0.10631249999999999,0.19743750000000002,0.10323283676461066,0.40698283676461067,0.2612210894325469
base,False,2041,0.675,0.35,0.23625,0.4387500000000001,0.32499999999999996,0.10631249999999999,0.19743750000000002,0.1047914595502136,0.4085414595502136,0.26022450724351315
base,False,2042,0.675,0.35,0.23625,0.4387500000000001,0.32499999999999996,0.10631249999999999,0.19743750000000002,0.10620480359921662,0.40995480359921666,0.2593273674722789
base,False,2043,0.675,0.35,0.23625,0.4387500000000001,0.32499999999999996,0.10631249999999999,0.19743750000000002,0.1074969422379365,0.4112469422379365,0.2585125604131311
base,False,2044,0.675,0.35,0.23625,0.4387500000000001,0.32499999999999996,0.10631249999999999,0.19743750000000002,0.10868647150051015,0.41243647150051016,0.2577669710276059
base,False,2045,0.675,0.35,0.23625,0.4387500000000001,0.32499999999999996,0.10631249999999999,0.19743750000000002,0.10978804849655548,0.4135380484965555,0.25708033489664617
base,False,2046,0.675,0.35,0.23625,0.4387500000000001,0.32499999999999996,0.10631249999999999,0.19743750000000002,0.11081342619892909,0.4145634261989291,0.2564444745518523
base,False,2047,0.675,0.35,0.23625,0.4387500000000001,0.32499999999999996,0.10631249999999999,0.19743750000000002,0.11177217007768532,0.4155221700776853,0.25585277430593895
base,False,2048,0.675,0.35,0.23625,0.4387500000000001,0.32499999999999996,0.10631249999999999,0.19743750000000002,0.11267216701504046,0.4164221670150405,0.25529980971488525
base,False,2049,0.675,0.35,0.23625,0.4387500000000001,0.32499999999999996,0.10631249999999999,0.19743750000000002,0.11351999469591673,0.41726999469591675,0.2547810802391259
base,False,2050,0.675,0.35,0.23625,0.4387500000000001,0.32499999999999996,0.10631249999999999,0.19743750000000002,0.11374999999999998,0.4175,0.25464071856287424
base,False,2051,0.675,0.35,0.23625,0.4387500000000001,0.32499999999999996,0.10631249999999999,0.19743750000000002,0.11374999999999998,0.4175,0.25464071856287424
base,False,2052,0.675,0.35,0.23625,0.4387500000000001,0.32499999999999996,0.10631249999999999,0.19743750000000002,0.11374999999999998,0.4175,0.25464071856287424
base,False,2053,0.675,0.35,0.23625,0.4387500000000001,0.32499999999999996,0.10631249999999999,0.19743750000000002,0.11374999999999998,0.4175,0.25464071856287424
base,False,2054,0.675,0.35,0.23625,0.4387500000000001,0.32499999999999996,0.10631249999999999,0.19743750000000002,0.11374999999999998,0.4175,0.25464071856287424
base,False,2055,0.675,0.35,0.23625,0.4387500000000001,0.32499999999999996,0.10631249999999999,0.19743750000000002,0.11374999999999998,0.4175,0.25464071856287424
base,False,2056,0.675,0.35,0.23625,0.4387500000000001,0.32499999999999996,0.10631249999999999,0.19743750000000002,0.11374999999999998,0.4175,0.25464071856287424
base,False,2057,0.675,0.35,0.23625,0.4387500000000001,0.32499999999999996,0.10631249999999999,0.19743750000000002,0.11374999999999998,0.4175,0.25464071856287424
base,False,2058,0.675,0.35,0.23625,0.4387500000000001,0.32499999999999996,0.10631249999999999,0.19743750000000002,0.11374999999999998,0.4175,0.25464071856287424
base,False,2059,0.675,0.35,0.23625,0.4387500000000001,0.32499999999999996,0.10631249999999999,0.19743750000000002,0.11374999999999998,0.4175,0.25464071856287424
base,False,2060,0.675,0.35,0.23625,0.4387500000000001,0.32499999999999996,0.10631249999999999,0.19743750000000002,0.11374999999999998,0.4175,0.25464071856287424
base,False,2026,0.675,0.5,0.3375,0.3375,0.32499999999999996,0.0,0.0,0.0,0.0,
base,False,2027,0.675,0.5,0.3375,0.3375,0.32499999999999996,0.13431547338461244,0.13431547338461244,0.05540528005254795,0.32403622682177285,0.4145075836180778
base,False,2028,0.675,0.5,0.3375,0.3375,0.32499999999999996,0.15187499999999998,0.15187499999999998,0.0646207421424538,0.36837074214245374,0.4122884437474352
base,False,2029,0.675,0.5,0.3375,0.3375,0.32499999999999996,0.15187499999999998,0.15187499999999998,0.07068504200459821,0.3744350420045982,0.4056110752533009
base,False,2030,0.675,0.5,0.3375,0.3375,0.32499999999999996,0.15187499999999998,0.15187499999999998,0.07518332258221785,0.3789333225822178,0.40079610567119606
base,False,2031,0.675,0.5,0.3375,0.3375,0.32499999999999996,0.15187499999999998,0.15187499999999998,0.08132674295923067,0.38507674295923067,0.3944019024178759
base,False,2032,0.675,0.5,0.3375,0.3375,0.32499999999999996,0.15187499999999998,0.15187499999999998,0.0858165564920938,0.38956655649209376,0.3898563607912844
base,False,2033,0.675,0.5,0.3375,0.3375,0.32499999999999996,0.15187499999999998,0.15187499999999998,0.08934212867211404,0.393092128672114,0.3863598096279408
base,False,2034,0.675,0.5,0.3375,0.3375,0.32499999999999996,0.15187499999999998,0.15187499999999998,0.0922374218782765,0.39598742187827646,0.3835349094666073
base,False,2035,0.675,0.5,0.3375,0.3375,0.32499999999999996,0.15187499999999998,0.15187499999999998,0.09468926694654381,0.39843926694654375,0.3811747801964914
base,False,2036,0.675,0.5,0.3375,0.3375,0.32499999999999996,0.15187499999999998,0.15187499999999998,0.09681258998982693,0.4005625899898269,0.37915422906531826
base,False,2037,0.675,0.5,0.3375,0.3375,0.32499999999999996,0.15187499999999998,0.15187499999999998,0.09868303801216789,0.40243303801216784,0.37739197743354247
base,False,2038,0.675,0.5,0.3375,0.3375,0.32499999999999996,0.15187499999999998,0.15187499999999998,0.10035300271114671,0.4041030027111467,0.3758323966440814
base,False,2039,0.675,0.5,0.3375,0.3375,0.32499999999999996,0.15187499999999998,0.15187499999999998,0.10186023929411263,0.4056102392941126,0.3744358137119751
base,False,2040,0.675,0.5,0.3375,0.3375,0.32499999999999996,0.15187499999999998,0.15187499999999998,0.10323283676461066,0.4069828367646106,0.3731729849036384
base,False,2041,0.675,0.5,0.3375,0.3375,0.32499999999999996,0.15187499999999998,0.15187499999999998,0.1047914595502136,0.4085414595502136,0.3717492960621616
base,False,2042,0.675,0.5,0.3375,0.3375,0.32499999999999996,0.15187499999999998,0.15187499999999998,0.10620480359921662,0.4099548035992166,0.37046766781754137
base,False,2043,0.675,0.5,0.3375,0.3375,0.32499999999999996,0.15187499999999998,0.15187499999999998,0.1074969422379365,0.41124694223793645,0.36930365773304447
base,False,2044,0.675,0.5,0.3375,0.3375,0.32499999999999996,0.15187499999999998,0.15187499999999998,0.10868647150051015,0.4124364715005101,0.36823853003943696
base,False,2045,0.675,0.5,0.3375,0.3375,0.32499999999999996,0.15187499999999998,0.15187499999999998,0.10978804849655548,0.41353804849655545,0.3672576212809231
base,False,2046,0.675,0.5,0.3375,0.3375,0.32499999999999996,0.15187499999999998,0.15187499999999998,0.11081342619892909,0.41456342619892905,0.3663492493597891
base,False,2047,0.675,0.5,0.3375,0.3375,0.32499999999999996,0.15187499999999998,0.15187499999999998,0.11177217007768532,0.41552217007768527,0.3655039632941985
base,False,2048,0.675,0.5,0.3375,0.3375,0.32499999999999996,0.15187499999999998,0.15187499999999998,0.11267216701504046,0.4164221670150404,0.3647140138784075
base,False,2049,0.675,0.5,0.3375,0.3375,0.32499999999999996,0.15187499999999998,0.15187499999999998,0.11351999469591673,0.4172699946959167,0.36397297177017984
base,False,2050,0.675,0.5,0.3375,0.3375,0.32499999999999996,0.15187499999999998,0.15187499999999998,0.11374999999999998,0.4174999999999999,0.36377245508982037
base,False,2051,0.675,0.5,0.3375,0.3375,0.32499999999999996,0.15187499999999998,0.15187499999999998,0.11374999999999998,0.4174999999999999,0.36377245508982037
base,False,2052,0.675,0.5,0.3375,0.3375,0.32499999999999996,0.15187499999999998,0.15187499999999998,0.11374999999999998,0.4174999999999999,0.36377245508982037
base,False,2053,0.675,0.5,0.3375,0.3375,0.32499999999999996,0.15187499999999998,0.15187499999999998,0.11374999999999998,0.4174999999999999,0.36377245508982037
base,False,2054,0.675,0.5,0.3375,0.3375,0.32499999999999996,0.15187499999999998,0.15187499999999998,0.11374999999999998,0.4174999999999999,0.36377245508982037
base,False,2055,0.675,0.5,0.3375,0.3375,0.32499999999999996,0.15187499999999998,0.15187499999999998,0.11374999999999998,0.4174999999999999,0.36377245508982037
base,False,2056,0.675,0.5,0.3375,0.3375,0.32499999999999996,0.15187499999999998,0.15187499999999998,0.11374999999999998,0.4174999999999999,0.36377245508982037
base,False,2057,0.675,0.5,0.3375,0.3375,0.32499999999999996,0.15187499999999998,0.15187499999999998,0.11374999999999998,0.4174999999999999,0.36377245508982037
base,False,2058,0.675,0.5,0.3375,0.3375,0.32499999999999996,0.15187499999999998,0.15187499999999998,0.11374999999999998,0.4174999999999999,0.36377245508982037
base,False,2059,0.675,0.5,0.3375,0.3375,0.32499999999999996,0.15187499999999998,0.15187499999999998,0.11374999999999998,0.4174999999999999,0.36377245508982037
base,False,2060,0.675,0.5,0.3375,0.3375,0.32499999999999996,0.15187499999999998,0.15187499999999998,0.11374999999999998,0.4174999999999999,0.36377245508982037
base,False,2026,0.7,0.2,0.13999999999999999,0.5599999999999999,0.30000000000000004,0.0,0.0,0.0,0.0,
base,False,2027,0.7,0.2,0.13999999999999999,0.5599999999999999,0.30000000000000004,0.05571604821880219,0.22286419287520876,0.051143335433121204,0.32972357652713213,0.16897805369467553
base,False,2028,0.7,0.2,0.13999999999999999,0.5599999999999999,0.30000000000000004,0.06299999999999999,0.25199999999999995,0.05964991582380352,0.37464991582380347,0.16815698426482142
base,False,2029,0.7,0.2,0.13999999999999999,0.5599999999999999,0.30000000000000004,0.06299999999999999,0.25199999999999995,0.0652477310811676,0.38024773108116755,0.16568146197972192
base,False,2030,0.7,0.2,0.13999999999999999,0.5599999999999999,0.30000000000000004,0.06299999999999999,0.25199999999999995,0.06939999007589343,0.38439999007589337,0.16389178362767826
base,False,2031,0.7,0.2,0.13999999999999999,0.5599999999999999,0.30000000000000004,0.06299999999999999,0.25199999999999995,0.0750708396546745,0.39007083965467443,0.1615091249983547
base,False,2032,0.7,0.2,0.13999999999999999,0.5599999999999999,0.30000000000000004,0.06299999999999999,0.25199999999999995,0.07921528291577892,0.3942152829157789,0.15981115580813102
base,False,2033,0.7,0.2,0.13999999999999999,0.5599999999999999,0.30000000000000004,0.06299999999999999,0.25199999999999995,0.0824696572357976,0.3974696572357975,0.15850266517986164
base,False,2034,0.7,0.2,0.13999999999999999,0.5599999999999999,0.30000000000000004,0.06299999999999999,0.25199999999999995,0.08514223557994756,0.4001422355799475,0.1574440146481681
base,False,2035,0.7,0.2,0.13999999999999999,0.5599999999999999,0.30000000000000004,0.06299999999999999,0.25199999999999995,0.08740547718142509,0.40240547718142505,0.15655850522033612
base,False,2036,0.7,0.2,0.13999999999999999,0.5599999999999999,0.30000000000000004,0.06299999999999999,0.25199999999999995,0.08936546768291719,0.40436546768291715,0.1557996541124065
base,False,2037,0.7,0.2,0.13999999999999999,0.5599999999999999,0.30000000000000004,0.06299999999999999,0.25199999999999995,0.091092035088155,0.40609203508815495,0.15513724613269964
base,False,2038,0.7,0.2,0.13999999999999999,0.5599999999999999,0.30000000000000004,0.06299999999999999,0.25199999999999995,0.09263354096413544,0.4076335409641354,0.1545505795499367
base,False,2039,0.7,0.2,0.13999999999999999,0.5599999999999999,0.30000000000000004,0.06299999999999999,0.25199999999999995,0.0940248362714886,0.40902483627148856,0.15402487676367896
base,False,2040,0.7,0.2,0.13999999999999999,0.5599999999999999,0.30000000000000004,0.06299999999999999,0.25199999999999995,0.09529184932117911,0.41029184932117907,0.153549235999283
base,False,2041,0.7,0.2,0.13999999999999999,0.5599999999999999,0.30000000000000004,0.06299999999999999,0.25199999999999995,0.09673057804635103,0.411730578046351,0.15301268197988369
base,False,2042,0.7,0.2,0.13999999999999999,0.5599999999999999,0.30000000000000004,0.06299999999999999,0.25199999999999995,0.09803520332235383,0.41303520332235377,0.1525293715723102
base,False,2043,0.7,0.2,0.13999999999999999,0.5599999999999999,0.30000000000000004,0.06299999999999999,0.25199999999999995,0.09922794668117217,0.41422794668117213,0.15209017282576198
base,False,2044,0.7,0.2,0.13999999999999999,0.5599999999999999,0.30000000000000004,0.06299999999999999,0.25199999999999995,0.10032597369277862,0.41532597369277857,0.15168808114707946
base,False,2045,0.7,0.2,0.13999999999999999,0.5599999999999999,0.30000000000000004,0.06299999999999999,0.25199999999999995,0.10134281399682048,0.41634281399682044,0.1513176110696151
base,False,2046,0.7,0.2,0.13999999999999999,0.5599999999999999,0.30000000000000004,0.06299999999999999,0.25199999999999995,0.10228931649131918,0.4172893164913191,0.1509743899741334
base,False,2047,0.7,0.2,0.13999999999999999,0.5599999999999999,0.30000000000000004,0.06299999999999999,0.25199999999999995,0.10317431084094032,0.41817431084094026,0.15065487852017556
base,False,2048,0.7,0.2,0.13999999999999999,0.5599999999999999,0.30000000000000004,0.06299999999999999,0.25199999999999995,0.10400507724465276,0.4190050772446527,0.1503561732814396
base,False,2049,0.7,0.2,0.13999999999999999,0.5599999999999999,0.30000000000000004,0.06299999999999999,0.25199999999999995,0.10478768741161548,0.41978768741161543,0.1500758642742812
base,False,2050,0.7,0.2,0.13999999999999999,0.5599999999999999,0.30000000000000004,0.06299999999999999,0.25199999999999995,0.10500000000000001,0.41999999999999993,0.15
base,False,2051,0.7,0.2,0.13999999999999999,0.5599999999999999,0.30000000000000004,0.06299999999999999,0.25199999999999995,0.10500000000000001,0.41999999999999993,0.15
base,False,2052,0.7,0.2,0.13999999999999999,0.5599999999999999,0.30000000000000004,0.06299999999999999,0.25199999999999995,0.10500000000000001,0.41999999999999993,0.15
base,False,2053,0.7,0.2,0.13999999999999999,0.5599999999999999,0.30000000000000004,0.06299999999999999,0.25199999999999995,0.10500000000000001,0.41999999999999993,0.15
base,False,2054,0.7,0.2,0.13999999999999999,0.5599999999999999,0.30000000000000004,0.06299999999999999,0.25199999999999995,0.10500000000000001,0.41999999999999993,0.15
base,False,2055,0.7,0.2,0.13999999999999999,0.5599999999999999,0.30000000000000004,0.06299999999999999,0.25199999999999995,0.10500000000000001,0.41999999999999993,0.15
base,False,2056,0.7,0.2,0.13999999999999999,0.5599999999999999,0.30000000000000004,0.06299999999999999,0.25199999999999995,0.10500000000000001,0.41999999999999993,0.15
base,False,2057,0.7,0.2,0.13999999999999999,0.5599999999999999,0.30000000000000004,0.06299999999999999,0.25199999999999995,0.10500000000000001,0.41999999999999993,0.15
base,False,2058,0.7,0.2,0.13999999999999999,0.5599999999999999,0.30000000000000004,0.06299999999999999,0.25199999999999995,0.10500000000000001,0.41999999999999993,0.15
base,False,2059,0.7,0.2,0.13999999999999999,0.5599999999999999,0.30000000000000004,0.06299999999999999,0.25199999999999995,0.10500000000000001,0.41999999999999993,0.15
base,False,2060,0.7,0.2,0.13999999999999999,0.5599999999999999,0.30000000000000004,0.06299999999999999,0.25199999999999995,0.10500000000000001,0.41999999999999993,0.15
base,False,2026,0.7,0.25,0.175,0.5249999999999999,0.30000000000000004,0.0,0.0,0.0,0.0,
base,False,2027,0.7,0.25,0.175,0.5249999999999999,0.30000000000000004,0.06964506027350274,0.20893518082050822,0.051143335433121204,0.3297235765271322,0.2112225671183444
base,False,2028,0.7,0.25,0.175,0.5249999999999999,0.30000000000000004,0.07874999999999999,0.23624999999999993,0.05964991582380352,0.37464991582380347,0.21019623033102677
base,False,2029,0.7,0.25,0.175,0.5249999999999999,0.30000000000000004,0.07874999999999999,0.23624999999999993,0.0652477310811676,0.38024773108116755,0.20710182747465242
base,False,2030,0.7,0.25,0.175,0.5249999999999999,0.30000000000000004,0.07874999999999999,0.23624999999999993,0.06939999007589343,0.38439999007589337,0.20486472953459783
base,False,2031,0.7,0.25,0.175,0.5249999999999999,0.30000000000000004,0.07874999999999999,0.23624999999999993,0.0750708396546745,0.39007083965467443,0.20188640624794338
base,False,2032,0.7,0.25,0.175,0.5249999999999999,0.30000000000000004,0.07874999999999999,0.23624999999999993,0.07921528291577892,0.3942152829157789,0.19976394476016376
base,False,2033,0.7,0.25,0.175,0.5249999999999999,0.30000000000000004,0.07874999999999999,0.23624999999999993,0.0824696572357976,0.3974696572357975,0.19812833147482706
base,False,2034,0.7,0.25,0.175,0.5249999999999999,0.30000000000000004,0.07874999999999999,0.23624999999999993,0.08514223557994756,0.4001422355799475,0.19680501831021013
base,False,2035,0.7,0.25,0.175,0.5249999999999999,0.30000000000000004,0.07874999999999999,0.23624999999999993,0.08740547718142509,0.40240547718142505,0.19569813152542018
base,False,2036,0.7,0.25,0.175,0.5249999999999999,0.30000000000000004,0.07874999999999999,0.23624999999999993,0.08936546768291719,0.40436546768291715,0.19474956764050816
base,False,2037,0.7,0.25,0.175,0.5249999999999999,0.30000000000000004,0.07874999999999999,0.23624999999999993,0.091092035088155,0.40609203508815495,0.19392155766587454
base,False,2038,0.7,0.25,0.175,0.5249999999999999,0.30000000000000004,0.07874999999999999,0.23624999999999993,0.09263354096413544,0.4076335409641354,0.19318822443742087
base,False,2039,0.7,0.25,0.175,0.5249999999999999,0.30000000000000004,0.07874999999999999,0.23624999999999993,0.0940248362714886,0.40902483627148856,0.1925310959545987
base,False,2040,0.7,0.25,0.175,0.5249999999999999,0.30000000000000004,0.07874999999999999,0.23624999999999993,0.09529184932117911,0.41029184932117907,0.19193654499910376
base,False,2041,0.7,0.25,0.175,0.5249999999999999,0.30000000000000004,0.07874999999999999,0.23624999999999993,0.09673057804635103,0.411730578046351,0.19126585247485461
base,False,2042,0.7,0.25,0.175,0.5249999999999999,0.30000000000000004,0.07874999999999999,0.23624999999999993,0.09803520332235383,0.41303520332235377,0.19066171446538774
base,False,2043,0.7,0.25,0.175,0.5249999999999999,0.30000000000000004,0.07874999999999999,0.23624999999999993,0.09922794668117217,0.41422794668117213,0.19011271603220248
base,False,2044,0.7,0.25,0.175,0.5249999999999999,0.30000000000000004,0.07874999999999999,0.23624999999999993,0.10032597369277862,0.41532597369277857,0.18961010143384935
base,False,2045,0.7,0.25,0.175,0.5249999999999999,0.30000000000000004,0.07874999999999999,0.23624999999999993,0.10134281399682048,0.41634281399682044,0.1891470138370189
base,False,2046,0.7,0.25,0.175,0.5249999999999999,0.30000000000000004,0.07874999999999999,0.23624999999999993,0.10228931649131918,0.4172893164913191,0.18871798746766674
base,False,2047,0.7,0.25,0.175,0.5249999999999999,0.30000000000000004,0.07874999999999999,0.23624999999999993,0.10317431084094032,0.41817431084094026,0.18831859815021945
base,False,2048,0.7,0.25,0.175,0.5249999999999999,0.30000000000000004,0.07874999999999999,0.23624999999999993,0.10400507724465276,0.4190050772446527,0.18794521660179953
base,False,2049,0.7,0.25,0.175,0.5249999999999999,0.30000000000000004,0.07874999999999999,0.23624999999999993,0.10478768741161548,0.41978768741161543,0.18759483034285152
base,False,2050,0.7,0.25,0.175,0.5249999999999999,0.30000000000000004,0.07874999999999999,0.23624999999999993,0.10500000000000001,0.41999999999999993,0.1875
base,False,2051,0.7,0.25,0.175,0.5249999999999999,0.30000000000000004,0.07874999999999999,0.23624999999999993,0.10500000000000001,0.41999999999999993,0.1875
base,False,2052,0.7,0.25,0.175,0.5249999999999999,0.30000000000000004,0.07874999999999999,0.23624999999999993,0.10500000000000001,0.41999999999999993,0.1875
base,False,2053,0.7,0.25,0.175,0.5249999999999999,0.30000000000000004,0.07874999999999999,0.23624999999999993,0.10500000000000001,0.41999999999999993,0.1875
base,False,2054,0.7,0.25,0.175,0.5249999999999999,0.30000000000000004,0.07874999999999999,0.23624999999999993,0.10500000000000001,0.41999999999999993,0.1875
base,False,2055,0.7,0.25,0.175,0.5249999999999999,0.30000000000000004,0.07874999999999999,0.23624999999999993,0.10500000000000001,0.41999999999999993,0.1875
base,False,2056,0.7,0.25,0.175,0.5249999999999999,0.30000000000000004,0.07874999999999999,0.23624999999999993,0.10500000000000001,0.41999999999999993,0.1875
base,False,2057,0.7,0.25,0.175,0.5249999999999999,0.30000000000000004,0.07874999999999999,0.23624999999999993,0.10500000000000001,0.41999999999999993,0.1875
base,False,2058,0.7,0.25,0.175,0.5249999999999999,0.30000000000000004,0.07874999999999999,0.23624999999999993,0.10500000000000001,0.41999999999999993,0.1875
base,False,2059,0.7,0.25,0.175,0.5249999999999999,0.30000000000000004,0.07874999999999999,0.23624999999999993,0.10500000000000001,0.41999999999999993,0.1875
base,False,2060,0.7,0.25,0.175,0.5249999999999999,0.30000000000000004,0.07874999999999999,0.23624999999999993,0.10500000000000001,0.41999999999999993,0.1875
base,False,2026,0.7,0.35,0.24499999999999997,0.45499999999999996,0.30000000000000004,0.0,0.0,0.0,0.0,
base,False,2027,0.7,0.35,0.24499999999999997,0.45499999999999996,0.30000000000000004,0.09750308438290384,0.18107715671110713,0.051143335433121204,0.3297235765271322,0.29571159396568214
base,False,2028,0.7,0.35,0.24499999999999997,0.45499999999999996,0.30000000000000004,0.11024999999999997,0.20474999999999996,0.05964991582380352,0.37464991582380347,0.29427472246343744
base,False,2029,0.7,0.35,0.24499999999999997,0.45499999999999996,0.30000000000000004,0.11024999999999997,0.20474999999999996,0.0652477310811676,0.38024773108116755,0.28994255846451333
base,False,2030,0.7,0.35,0.24499999999999997,0.45499999999999996,0.30000000000000004,0.11024999999999997,0.20474999999999996,0.06939999007589343,0.38439999007589337,0.28681062134843693
base,False,2031,0.7,0.35,0.24499999999999997,0.45499999999999996,0.30000000000000004,0.11024999999999997,0.20474999999999996,0.0750708396546745,0.39007083965467443,0.28264096874712075
base,False,2032,0.7,0.35,0.24499999999999997,0.45499999999999996,0.30000000000000004,0.11024999999999997,0.20474999999999996,0.07921528291577892,0.3942152829157789,0.27966952266422923
base,False,2033,0.7,0.35,0.24499999999999997,0.45499999999999996,0.30000000000000004,0.11024999999999997,0.20474999999999996,0.0824696572357976,0.3974696572357975,0.2773796640647579
base,False,2034,0.7,0.35,0.24499999999999997,0.45499999999999996,0.30000000000000004,0.11024999999999997,0.20474999999999996,0.08514223557994756,0.4001422355799475,0.27552702563429415
base,False,2035,0.7,0.35,0.24499999999999997,0.45499999999999996,0.30000000000000004,0.11024999999999997,0.20474999999999996,0.08740547718142509,0.40240547718142505,0.2739773841355882
base,False,2036,0.7,0.35,0.24499999999999997,0.45499999999999996,0.30000000000000004,0.11024999999999997,0.20474999999999996,0.08936546768291719,0.40436546768291715,0.2726493946967114
base,False,2037,0.7,0.35,0.24499999999999997,0.45499999999999996,0.30000000000000004,0.11024999999999997,0.20474999999999996,0.091092035088155,0.40609203508815495,0.27149018073222436
base,False,2038,0.7,0.35,0.24499999999999997,0.45499999999999996,0.30000000000000004,0.11024999999999997,0.20474999999999996,0.09263354096413544,0.4076335409641354,0.27046351421238923
base,False,2039,0.7,0.35,0.24499999999999997,0.45499999999999996,0.30000000000000004,0.11024999999999997,0.20474999999999996,0.0940248362714886,0.40902483627148856,0.2695435343364382
base,False,2040,0.7,0.35,0.24499999999999997,0.45499999999999996,0.30000000000000004,0.11024999999999997,0.20474999999999996,0.09529184932117911,0.41029184932117907,0.26871116299874526
base,False,2041,0.7,0.35,0.24499999999999997,0.45499999999999996,0.30000000000000004,0.11024999999999997,0.20474999999999996,0.09673057804635103,0.411730578046351,0.26777219346479647
base,False,2042,0.7,0.35,0.24499999999999997,0.45499999999999996,0.30000000000000004,0.11024999999999997,0.20474999999999996,0.09803520332235383,0.41303520332235377,0.26692640025154285
base,False,2043,0.7,0.35,0.24499999999999997,0.45499999999999996,0.30000000000000004,0.11024999999999997,0.20474999999999996,0.09922794668117217,0.41422794668117213,0.26615780244508347
base,False,2044,0.7,0.35,0.24499999999999997,0.45499999999999996,0.30000000000000004,0.11024999999999997,0.20474999999999996,0.10032597369277862,0.41532597369277857,0.26545414200738904
base,False,2045,0.7,0.35,0.24499999999999997,0.45499999999999996,0.30000000000000004,0.11024999999999997,0.20474999999999996,0.10134281399682048,0.41634281399682044,0.26480581937182646
base,False,2046,0.7,0.35,0.24499999999999997,0.45499999999999996,0.30000000000000004,0.11024999999999997,0.20474999999999996,0.10228931649131918,0.4172893164913191,0.26420518245473346
base,False,2047,0.7,0.35,0.24499999999999997,0.45499999999999996,0.30000000000000004,0.11024999999999997,0.20474999999999996,0.10317431084094032,0.41817431084094026,0.26364603741030723
base,False,2048,0.7,0.35,0.24499999999999997,0.45499999999999996,0.30000000000000004,0.11024999999999997,0.20474999999999996,0.10400507724465276,0.4190050772446527,0.2631233032425193
base,False,2049,0.7,0.35,0.24499999999999997,0.45499999999999996,0.30000000000000004,0.11024999999999997,0.20474999999999996,0.10478768741161548,0.41978768741161543,0.2626327624799921
base,False,2050,0.7,0.35,0.24499999999999997,0.45499999999999996,0.30000000000000004,0.11024999999999997,0.20474999999999996,0.10500000000000001,0.41999999999999993,0.26249999999999996
base,False,2051,0.7,0.35,0.24499999999999997,0.45499999999999996,0.30000000000000004,0.11024999999999997,0.20474999999999996,0.10500000000000001,0.41999999999999993,0.26249999999999996
base,False,2052,0.7,0.35,0.24499999999999997,0.45499999999999996,0.30000000000000004,0.11024999999999997,0.20474999999999996,0.10500000000000001,0.41999999999999993,0.26249999999999996
base,False,2053,0.7,0.35,0.24499999999999997,0.45499999999999996,0.30000000000000004,0.11024999999999997,0.20474999999999996,0.10500000000000001,0.41999999999999993,0.26249999999999996
base,False,2054,0.7,0.35,0.24499999999999997,0.45499999999999996,0.30000000000000004,0.11024999999999997,0.20474999999999996,0.10500000000000001,0.41999999999999993,0.26249999999999996
base,False,2055,0.7,0.35,0.24499999999999997,0.45499999999999996,0.30000000000000004,0.11024999999999997,0.20474999999999996,0.10500000000000001,0.41999999999999993,0.26249999999999996
base,False,2056,0.7,0.35,0.24499999999999997,0.45499999999999996,0.30000000000000004,0.11024999999999997,0.20474999999999996,0.10500000000000001,0.41999999999999993,0.26249999999999996
base,False,2057,0.7,0.35,0.24499999999999997,0.45499999999999996,0.30000000000000004,0.11024999999999997,0.20474999999999996,0.10500000000000001,0.41999999999999993,0.26249999999999996
base,False,2058,0.7,0.35,0.24499999999999997,0.45499999999999996,0.30000000000000004,0.11024999999999997,0.20474999999999996,0.10500000000000001,0.41999999999999993,0.26249999999999996
base,False,2059,0.7,0.35,0.24499999999999997,0.45499999999999996,0.30000000000000004,0.11024999999999997,0.20474999999999996,0.10500000000000001,0.41999999999999993,0.26249999999999996
base,False,2060,0.7,0.35,0.24499999999999997,0.45499999999999996,0.30000000000000004,0.11024999999999997,0.20474999999999996,0.10500000000000001,0.41999999999999993,0.26249999999999996
base,False,2026,0.7,0.5,0.35,0.35,0.30000000000000004,0.0,0.0,0.0,0.0,
base,False,2027,0.7,0.5,0.35,0.35,0.30000000000000004,0.13929012054700549,0.13929012054700549,0.051143335433121204,0.3297235765271322,0.4224451342366888
base,False,2028,0.7,0.5,0.35,0.35,0.30000000000000004,0.15749999999999997,0.15749999999999997,0.05964991582380352,0.37464991582380347,0.42039246066205355
base,False,2029,0.7,0.5,0.35,0.35,0.30000000000000004,0.15749999999999997,0.15749999999999997,0.0652477310811676,0.38024773108116755,0.41420365494930483
base,False,2030,0.7,0.5,0.35,0.35,0.30000000000000004,0.15749999999999997,0.15749999999999997,0.06939999007589343,0.38439999007589337,0.40972945906919567
base,False,2031,0.7,0.5,0.35,0.35,0.30000000000000004,0.15749999999999997,0.15749999999999997,0.0750708396546745,0.39007083965467443,0.40377281249588676
base,False,2032,0.7,0.5,0.35,0.35,0.30000000000000004,0.15749999999999997,0.15749999999999997,0.07921528291577892,0.3942152829157789,0.39952788952032753
base,False,2033,0.7,0.5,0.35,0.35,0.30000000000000004,0.15749999999999997,0.15749999999999997,0.0824696572357976,0.3974696572357975,0.3962566629496541
base,False,2034,0.7,0.5,0.35,0.35,0.30000000000000004,0.15749999999999997,0.15749999999999997,0.08514223557994756,0.4001422355799475,0.39361003662042027
base,False,2035,0.7,0.5,0.35,0.35,0.30000000000000004,0.15749999999999997,0.15749999999999997,0.08740547718142509,0.40240547718142505,0.39139626305084035
base,False,2036,0.7,0.5,0.35,0.35,0.30000000000000004,0.15749999999999997,0.15749999999999997,0.08936546768291719,0.40436546768291715,0.3894991352810163
base,False,2037,0.7,0.5,0.35,0.35,0.30000000000000004,0.15749999999999997,0.15749999999999997,0.091092035088155,0.40609203508815495,0.3878431153317491
base,False,2038,0.7,0.5,0.35,0.35,0.30000000000000004,0.15749999999999997,0.15749999999999997,0.09263354096413544,0.4076335409641354,0.38637644887484174
base,False,2039,0.7,0.5,0.35,0.35,0.30000000000000004,0.15749999999999997,0.15749999999999997,0.0940248362714886,0.40902483627148856,0.3850621919091974
base,False,2040,0.7,0.5,0.35,0.35,0.30000000000000004,0.15749999999999997,0.15749999999999997,0.09529184932117911,0.41029184932117907,0.3838730899982075
base,False,2041,0.7,0.5,0.35,0.35,0.30000000000000004,0.15749999999999997,0.15749999999999997,0.09673057804635103,0.411730578046351,0.38253170494970923
base,False,2042,0.7,0.5,0.35,0.35,0.30000000000000004,0.15749999999999997,0.15749999999999997,0.09803520332235383,0.41303520332235377,0.3813234289307755
base,False,2043,0.7,0.5,0.35,0.35,0.30000000000000004,0.15749999999999997,0.15749999999999997,0.09922794668117217,0.41422794668117213,0.38022543206440496
base,False,2044,0.7,0.5,0.35,0.35,0.30000000000000004,0.15749999999999997,0.15749999999999997,0.10032597369277862,0.41532597369277857,0.3792202028676987
base,False,2045,0.7,0.5,0.35,0.35,0.30000000000000004,0.15749999999999997,0.15749999999999997,0.10134281399682048,0.41634281399682044,0.3782940276740378
base,False,2046,0.7,0.5,0.35,0.35,0.30000000000000004,0.15749999999999997,0.15749999999999997,0.10228931649131918,0.4172893164913191,0.3774359749353335
base,False,2047,0.7,0.5,0.35,0.35,0.30000000000000004,0.15749999999999997,0.15749999999999997,0.10317431084094032,0.41817431084094026,0.3766371963004389
base,False,2048,0.7,0.5,0.35,0.35,0.30000000000000004,0.15749999999999997,0.15749999999999997,0.10400507724465276,0.4190050772446527,0.37589043320359905
base,False,2049,0.7,0.5,0.35,0.35,0.30000000000000004,0.15749999999999997,0.15749999999999997,0.10478768741161548,0.41978768741161543,0.37518966068570303
base,False,2050,0.7,0.5,0.35,0.35,0.30000000000000004,0.15749999999999997,0.15749999999999997,0.10500000000000001,0.41999999999999993,0.375
base,False,2051,0.7,0.5,0.35,0.35,0.30000000000000004,0.15749999999999997,0.15749999999999997,0.10500000000000001,0.41999999999999993,0.375
base,False,2052,0.7,0.5,0.35,0.35,0.30000000000000004,0.15749999999999997,0.15749999999999997,0.10500000000000001,0.41999999999999993,0.375
base,False,2053,0.7,0.5,0.35,0.35,0.30000000000000004,0.15749999999999997,0.15749999999999997,0.10500000000000001,0.41999999999999993,0.375
base,False,2054,0.7,0.5,0.35,0.35,0.30000000000000004,0.15749999999999997,0.15749999999999997,0.10500000000000001,0.41999999999999993,0.375
base,False,2055,0.7,0.5,0.35,0.35,0.30000000000000004,0.15749999999999997,0.15749999999999997,0.10500000000000001,0.41999999999999993,0.375
base,False,2056,0.7,0.5,0.35,0.35,0.30000000000000004,0.15749999999999997,0.15749999999999997,0.10500000000000001,0.41999999999999993,0.375
base,False,2057,0.7,0.5,0.35,0.35,0.30000000000000004,0.15749999999999997,0.15749999999999997,0.10500000000000001,0.41999999999999993,0.375
base,False,2058,0.7,0.5,0.35,0.35,0.30000000000000004,0.15749999999999997,0.15749999999999997,0.10500000000000001,0.41999999999999993,0.375
base,False,2059,0.7,0.5,0.35,0.35,0.30000000000000004,0.15749999999999997,0.15749999999999997,0.10500000000000001,0.41999999999999993,0.375
base,False,2060,0.7,0.5,0.35,0.35,0.30000000000000004,0.15749999999999997,0.15749999999999997,0.10500000000000001,0.41999999999999993,0.375
optimistic,False,2026,0.5,0.2,0.1,0.4,0.5,0.0,0.0,0.0,0.0,
optimistic,False,2027,0.5,0.2,0.1,0.4,0.5,0.055933048826139656,0.22000000000000003,0.14564407824879438,0.42157712707493405,0.13267571989549073
optimistic,False,2028,0.5,0.2,0.1,0.4,0.5,0.06,0.22000000000000003,0.16789085474015536,0.4478908547401554,0.13396120810461534
optimistic,False,2029,0.5,0.2,0.1,0.4,0.5,0.06,0.22000000000000003,0.1815185031103384,0.46151850311033843,0.13000562186702921
optimistic,False,2030,0.5,0.2,0.1,0.4,0.5,0.06,0.22000000000000003,0.1912447093039275,0.47124470930392753,0.12732238434809295
optimistic,False,2031,0.5,0.2,0.1,0.4,0.5,0.06,0.22000000000000003,0.20462971856033146,0.4846297185603315,0.12380586188201458
optimistic,False,2032,0.5,0.2,0.1,0.4,0.5,0.06,0.22000000000000003,0.21402206596360124,0.49402206596360126,0.12145206486469108
optimistic,False,2033,0.5,0.2,0.1,0.4,0.5,0.06,0.22000000000000003,0.22120747926696321,0.5012074792669632,0.11971090313287523
optimistic,False,2034,0.5,0.2,0.1,0.4,0.5,0.06,0.22000000000000003,0.22699900949446794,0.506999009494468,0.1183434264690702
optimistic,False,2035,0.5,0.2,0.1,0.4,0.5,0.06,0.22000000000000003,0.23183356937035815,0.5118335693703582,0.11722560533458198
optimistic,False,2036,0.5,0.2,0.1,0.4,0.5,0.06,0.22000000000000003,0.23597227847903413,0.5159722784790342,0.11628531706561057
optimistic,False,2037,0.5,0.2,0.1,0.4,0.5,0.06,0.22000000000000003,0.23958327129072904,0.5195832712907291,0.11547715893729654
optimistic,False,2038,0.5,0.2,0.1,0.4,0.5,0.06,0.22000000000000003,0.24278097194814596,0.522780971948146,0.11477081841064278
optimistic,False,2039,0.5,0.2,0.1,0.4,0.5,0.06,0.22000000000000003,0.24564665939704722,0.5256466593970472,0.11414511807004368
optimistic,False,2040,0.5,0.2,0.1,0.4,0.5,0.06,0.22000000000000003,0.24824007462549003,0.52824007462549,0.11358471816538836
optimistic,False,2041,0.5,0.2,0.1,0.4,0.5,0.06,0.22000000000000003,0.25,0.53,0.11320754716981131
optimistic,False,2042,0.5,0.2,0.1,0.4,0.5,0.06,0.22000000000000003,0.25,0.53,0.11320754716981131
optimistic,False,2043,0.5,0.2,0.1,0.4,0.5,0.06,0.22000000000000003,0.25,0.53,0.11320754716981131
optimistic,False,2044,0.5,0.2,0.1,0.4,0.5,0.06,0.22000000000000003,0.25,0.53,0.11320754716981131
optimistic,False,2045,0.5,0.2,0.1,0.4,0.5,0.06,0.22000000000000003,0.25,0.53,0.11320754716981131
optimistic,False,2046,0.5,0.2,0.1,0.4,0.5,0.06,0.22000000000000003,0.25,0.53,0.11320754716981131
optimistic,False,2047,0.5,0.2,0.1,0.4,0.5,0.06,0.22000000000000003,0.25,0.53,0.11320754716981131
optimistic,False,2048,0.5,0.2,0.1,0.4,0.5,0.06,0.22000000000000003,0.25,0.53,0.11320754716981131
optimistic,False,2049,0.5,0.2,0.1,0.4,0.5,0.06,0.22000000000000003,0.25,0.53,0.11320754716981131
optimistic,False,2050,0.5,0.2,0.1,0.4,0.5,0.06,0.22000000000000003,0.25,0.53,0.11320754716981131
optimistic,False,2051,0.5,0.2,0.1,0.4,0.5,0.06,0.22000000000000003,0.25,0.53,0.11320754716981131
optimistic,False,2052,0.5,0.2,0.1,0.4,0.5,0.06,0.22000000000000003,0.25,0.53,0.11320754716981131
optimistic,False,2053,0.5,0.2,0.1,0.4,0.5,0.06,0.22000000000000003,0.25,0.53,0.11320754716981131
optimistic,False,2054,0.5,0.2,0.1,0.4,0.5,0.06,0.22000000000000003,0.25,0.53,0.11320754716981131
optimistic,False,2055,0.5,0.2,0.1,0.4,0.5,0.06,0.22000000000000003,0.25,0.53,0.11320754716981131
optimistic,False,2056,0.5,0.2,0.1,0.4,0.5,0.06,0.22000000000000003,0.25,0.53,0.11320754716981131
optimistic,False,2057,0.5,0.2,0.1,0.4,0.5,0.06,0.22000000000000003,0.25,0.53,0.11320754716981131
optimistic,False,2058,0.5,0.2,0.1,0.4,0.5,0.06,0.22000000000000003,0.25,0.53,0.11320754716981131
optimistic,False,2059,0.5,0.2,0.1,0.4,0.5,0.06,0.22000000000000003,0.25,0.53,0.11320754716981131
optimistic,False,2060,0.5,0.2,0.1,0.4,0.5,0.06,0.22000000000000003,0.25,0.53,0.11320754716981131
optimistic,False,2026,0.5,0.25,0.125,0.375,0.5,0.0,0.0,0.0,0.0,
optimistic,False,2027,0.5,0.25,0.125,0.375,0.5,0.06991631103267457,0.20625000000000002,0.14564407824879438,0.42181038928146897,0.1657529373607255
optimistic,False,2028,0.5,0.25,0.125,0.375,0.5,0.075,0.20625000000000002,0.16789085474015536,0.44914085474015536,0.16698547729172908
optimistic,False,2029,0.5,0.25,0.125,0.375,0.5,0.075,0.20625000000000002,0.1815185031103384,0.4627685031103384,0.1620680739849697
optimistic,False,2030,0.5,0.25,0.125,0.375,0.5,0.075,0.20625000000000002,0.1912447093039275,0.4724947093039275,0.15873193608980074
optimistic,False,2031,0.5,0.25,0.125,0.375,0.5,0.075,0.20625000000000002,0.20462971856033146,0.48587971856033146,0.1543591904231485
optimistic,False,2032,0.5,0.25,0.125,0.375,0.5,0.075,0.20625000000000002,0.21402206596360124,0.49527206596360124,0.15143192025998883
optimistic,False,2033,0.5,0.25,0.125,0.375,0.5,0.075,0.20625000000000002,0.22120747926696321,0.5024574792669632,0.14926636202016086
optimistic,False,2034,0.5,0.25,0.125,0.375,0.5,0.075,0.20625000000000002,0.22699900949446794,0.5082490094944679,0.1475654622024725
optimistic,False,2035,0.5,0.25,0.125,0.375,0.5,0.075,0.20625000000000002,0.23183356937035815,0.5130835693703582,0.14617501802296634
optimistic,False,2036,0.5,0.25,0.125,0.375,0.5,0.075,0.20625000000000002,0.23597227847903413,0.5172222784790341,0.1450053547974542
optimistic,False,2037,0.5,0.25,0.125,0.375,0.5,0.075,0.20625000000000002,0.23958327129072904,0.5208332712907291,0.14400001715354127
optimistic,False,2038,0.5,0.25,0.125,0.375,0.5,0.075,0.20625000000000002,0.24278097194814596,0.524030971948146,0.14312131155374042
optimistic,False,2039,0.5,0.25,0.125,0.375,0.5,0.075,0.20625000000000002,0.24564665939704722,0.5268966593970472,0.1423429028489686
optimistic,False,2040,0.5,0.25,0.125,0.375,0.5,0.075,0.20625000000000002,0.24824007462549003,0.52949007462549,0.14164571461145467
optimistic,False,2041,0.5,0.25,0.125,0.375,0.5,0.075,0.20625000000000002,0.25,0.53125,0.1411764705882353
optimistic,False,2042,0.5,0.25,0.125,0.375,0.5,0.075,0.20625000000000002,0.25,0.53125,0.1411764705882353
optimistic,False,2043,0.5,0.25,0.125,0.375,0.5,0.075,0.20625000000000002,0.25,0.53125,0.1411764705882353
optimistic,False,2044,0.5,0.25,0.125,0.375,0.5,0.075,0.20625000000000002,0.25,0.53125,0.1411764705882353
optimistic,False,2045,0.5,0.25,0.125,0.375,0.5,0.075,0.20625000000000002,0.25,0.53125,0.1411764705882353
optimistic,False,2046,0.5,0.25,0.125,0.375,0.5,0.075,0.20625000000000002,0.25,0.53125,0.1411764705882353
optimistic,False,2047,0.5,0.25,0.125,0.375,0.5,0.075,0.20625000000000002,0.25,0.53125,0.1411764705882353
optimistic,False,2048,0.5,0.25,0.125,0.375,0.5,0.075,0.20625000000000002,0.25,0.53125,0.1411764705882353
optimistic,False,2049,0.5,0.25,0.125,0.375,0.5,0.075,0.20625000000000002,0.25,0.53125,0.1411764705882353
optimistic,False,2050,0.5,0.25,0.125,0.375,0.5,0.075,0.20625000000000002,0.25,0.53125,0.1411764705882353
optimistic,False,2051,0.5,0.25,0.125,0.375,0.5,0.075,0.20625000000000002,0.25,0.53125,0.1411764705882353
optimistic,False,2052,0.5,0.25,0.125,0.375,0.5,0.075,0.20625000000000002,0.25,0.53125,0.1411764705882353
optimistic,False,2053,0.5,0.25,0.125,0.375,0.5,0.075,0.20625000000000002,0.25,0.53125,0.1411764705882353
optimistic,False,2054,0.5,0.25,0.125,0.375,0.5,0.075,0.20625000000000002,0.25,0.53125,0.1411764705882353
optimistic,False,2055,0.5,0.25,0.125,0.375,0.5,0.075,0.20625000000000002,0.25,0.53125,0.1411764705882353
optimistic,False,2056,0.5,0.25,0.125,0.375,0.5,0.075,0.20625000000000002,0.25,0.53125,0.1411764705882353
optimistic,False,2057,0.5,0.25,0.125,0.375,0.5,0.075,0.20625000000000002,0.25,0.53125,0.1411764705882353
optimistic,False,2058,0.5,0.25,0.125,0.375,0.5,0.075,0.20625000000000002,0.25,0.53125,0.1411764705882353
optimistic,False,2059,0.5,0.25,0.125,0.375,0.5,0.075,0.20625000000000002,0.25,0.53125,0.1411764705882353
optimistic,False,2060,0.5,0.25,0.125,0.375,0.5,0.075,0.20625000000000002,0.25,0.53125,0.1411764705882353
optimistic,False,2026,0.5,0.35,0.175,0.325,0.5,0.0,0.0,0.0,0.0,
optimistic,False,2027,0.5,0.35,0.175,0.325,0.5,0.09788283544574439,0.17875000000000002,0.14564407824879438,0.4222769136945388,0.2317977428350478
optimistic,False,2028,0.5,0.35,0.175,0.325,0.5,0.105,0.17875000000000002,0.16789085474015536,0.45164085474015536,0.23248561085203448
optimistic,False,2029,0.5,0.35,0.175,0.325,0.5,0.105,0.17875000000000002,0.1815185031103384,0.4652685031103384,0.22567614033202513
optimistic,False,2030,0.5,0.35,0.175,0.325,0.5,0.105,0.17875000000000002,0.1912447093039275,0.4749947093039275,0.22105509375856072
optimistic,False,2031,0.5,0.35,0.175,0.325,0.5,0.105,0.17875000000000002,0.20462971856033146,0.48837971856033147,0.21499664300049948
optimistic,False,2032,0.5,0.35,0.175,0.325,0.5,0.105,0.17875000000000002,0.21402206596360124,0.49777206596360124,0.2109399204568421
optimistic,False,2033,0.5,0.35,0.175,0.325,0.5,0.105,0.17875000000000002,0.22120747926696321,0.5049574792669632,0.2079383003741749
optimistic,False,2034,0.5,0.35,0.175,0.325,0.5,0.105,0.17875000000000002,0.22699900949446794,0.510749009494468,0.20558042805394275
optimistic,False,2035,0.5,0.35,0.175,0.325,0.5,0.105,0.17875000000000002,0.23183356937035815,0.5155835693703581,0.2036527271965402
optimistic,False,2036,0.5,0.35,0.175,0.325,0.5,0.105,0.17875000000000002,0.23597227847903413,0.5197222784790341,0.20203097759688546
optimistic,False,2037,0.5,0.35,0.175,0.325,0.5,0.105,0.17875000000000002,0.23958327129072904,0.523333271290729,0.20063696646122275
optimistic,False,2038,0.5,0.35,0.175,0.325,0.5,0.105,0.17875000000000002,0.24278097194814596,0.5265309719481459,0.19941846841697408
optimistic,False,2039,0.5,0.35,0.175,0.325,0.5,0.105,0.17875000000000002,0.24564665939704722,0.5293966593970472,0.19833899239105335
optimistic,False,2040,0.5,0.35,0.175,0.325,0.5,0.105,0.17875000000000002,0.24824007462549003,0.53199007462549,0.1973721033685033
optimistic,False,2041,0.5,0.35,0.175,0.325,0.5,0.105,0.17875000000000002,0.25,0.53375,0.19672131147540986
optimistic,False,2042,0.5,0.35,0.175,0.325,0.5,0.105,0.17875000000000002,0.25,0.53375,0.19672131147540986
optimistic,False,2043,0.5,0.35,0.175,0.325,0.5,0.105,0.17875000000000002,0.25,0.53375,0.19672131147540986
optimistic,False,2044,0.5,0.35,0.175,0.325,0.5,0.105,0.17875000000000002,0.25,0.53375,0.19672131147540986
optimistic,False,2045,0.5,0.35,0.175,0.325,0.5,0.105,0.17875000000000002,0.25,0.53375,0.19672131147540986
optimistic,False,2046,0.5,0.35,0.175,0.325,0.5,0.105,0.17875000000000002,0.25,0.53375,0.19672131147540986
optimistic,False,2047,0.5,0.35,0.175,0.325,0.5,0.105,0.17875000000000002,0.25,0.53375,0.19672131147540986
optimistic,False,2048,0.5,0.35,0.175,0.325,0.5,0.105,0.17875000000000002,0.25,0.53375,0.19672131147540986
optimistic,False,2049,0.5,0.35,0.175,0.325,0.5,0.105,0.17875000000000002,0.25,0.53375,0.19672131147540986
optimistic,False,2050,0.5,0.35,0.175,0.325,0.5,0.105,0.17875000000000002,0.25,0.53375,0.19672131147540986
optimistic,False,2051,0.5,0.35,0.175,0.325,0.5,0.105,0.17875000000000002,0.25,0.53375,0.19672131147540986
optimistic,False,2052,0.5,0.35,0.175,0.325,0.5,0.105,0.17875000000000002,0.25,0.53375,0.19672131147540986
optimistic,False,2053,0.5,0.35,0.175,0.325,0.5,0.105,0.17875000000000002,0.25,0.53375,0.19672131147540986
optimistic,False,2054,0.5,0.35,0.175,0.325,0.5,0.105,0.17875000000000002,0.25,0.53375,0.19672131147540986
optimistic,False,2055,0.5,0.35,0.175,0.325,0.5,0.105,0.17875000000000002,0.25,0.53375,0.19672131147540986
optimistic,False,2056,0.5,0.35,0.175,0.325,0.5,0.105,0.17875000000000002,0.25,0.53375,0.19672131147540986
optimistic,False,2057,0.5,0.35,0.175,0.325,0.5,0.105,0.17875000000000002,0.25,0.53375,0.19672131147540986
optimistic,False,2058,0.5,0.35,0.175,0.325,0.5,0.105,0.17875000000000002,0.25,0.53375,0.19672131147540986
optimistic,False,2059,0.5,0.35,0.175,0.325,0.5,0.105,0.17875000000000002,0.25,0.53375,0.19672131147540986
optimistic,False,2060,0.5,0.35,0.175,0.325,0.5,0.105,0.17875000000000002,0.25,0.53375,0.19672131147540986
optimistic,False,2026,0.5,0.5,0.25,0.25,0.5,0.0,0.0,0.0,0.0,
optimistic,False,2027,0.5,0.5,0.25,0.25,0.5,0.13983262206534913,0.1375,0.14564407824879438,0.42297670031414353,0.3305917842791243
optimistic,False,2028,0.5,0.5,0.25,0.25,0.5,0.15,0.1375,0.16789085474015536,0.45539085474015534,0.3293873788607142
optimistic,False,2029,0.5,0.5,0.25,0.25,0.5,0.15,0.1375,0.1815185031103384,0.4690185031103384,0.31981680681094987
optimistic,False,2030,0.5,0.5,0.25,0.25,0.5,0.15,0.1375,0.1912447093039275,0.4787447093039275,0.3133193894050401
optimistic,False,2031,0.5,0.5,0.25,0.25,0.5,0.15,0.1375,0.20462971856033146,0.49212971856033144,0.304797687160222
optimistic,False,2032,0.5,0.5,0.25,0.25,0.5,0.15,0.1375,0.21402206596360124,0.5015220659636013,0.2990895320065269
optimistic,False,2033,0.5,0.5,0.25,0.25,0.5,0.15,0.1375,0.22120747926696321,0.5087074792669632,0.294864939308828
optimistic,False,2034,0.5,0.5,0.25,0.25,0.5,0.15,0.1375,0.22699900949446794,0.5144990094944679,0.2915457507826608
optimistic,False,2035,0.5,0.5,0.25,0.25,0.5,0.15,0.1375,0.23183356937035815,0.5193335693703581,0.28883170441275446
optimistic,False,2036,0.5,0.5,0.25,0.25,0.5,0.15,0.1375,0.23597227847903413,0.5234722784790341,0.28654812521463396
optimistic,False,2037,0.5,0.5,0.25,0.25,0.5,0.15,0.1375,0.23958327129072904,0.527083271290729,0.28458501373545375
optimistic,False,2038,0.5,0.5,0.25,0.25,0.5,0.15,0.1375,0.24278097194814596,0.5302809719481459,0.2828689090029576
optimistic,False,2039,0.5,0.5,0.25,0.25,0.5,0.15,0.1375,0.24564665939704722,0.5331466593970472,0.28134847580146116
optimistic,False,2040,0.5,0.5,0.25,0.25,0.5,0.15,0.1375,0.24824007462549003,0.53574007462549,0.2799865216445825
optimistic,False,2041,0.5,0.5,0.25,0.25,0.5,0.15,0.1375,0.25,0.5375,0.27906976744186046
optimistic,False,2042,0.5,0.5,0.25,0.25,0.5,0.15,0.1375,0.25,0.5375,0.27906976744186046
optimistic,False,2043,0.5,0.5,0.25,0.25,0.5,0.15,0.1375,0.25,0.5375,0.27906976744186046
optimistic,False,2044,0.5,0.5,0.25,0.25,0.5,0.15,0.1375,0.25,0.5375,0.27906976744186046
optimistic,False,2045,0.5,0.5,0.25,0.25,0.5,0.15,0.1375,0.25,0.5375,0.27906976744186046
optimistic,False,2046,0.5,0.5,0.25,0.25,0.5,0.15,0.1375,0.25,0.5375,0.27906976744186046
optimistic,False,2047,0.5,0.5,0.25,0.25,0.5,0.15,0.1375,0.25,0.5375,0.27906976744186046
optimistic,False,2048,0.5,0.5,0.25,0.25,0.5,0.15,0.1375,0.25,0.5375,0.27906976744186046
optimistic,False,2049,0.5,0.5,0.25,0.25,0.5,0.15,0.1375,0.25,0.5375,0.27906976744186046
optimistic,False,2050,0.5,0.5,0.25,0.25,0.5,0.15,0.1375,0.25,0.5375,0.27906976744186046
optimistic,False,2051,0.5,0.5,0.25,0.25,0.5,0.15,0.1375,0.25,0.5375,0.27906976744186046
optimistic,False,2052,0.5,0.5,0.25,0.25,0.5,0.15,0.1375,0.25,0.5375,0.27906976744186046
optimistic,False,2053,0.5,0.5,0.25,0.25,0.5,0.15,0.1375,0.25,0.5375,0.27906976744186046
optimistic,False,2054,0.5,0.5,0.25,0.25,0.5,0.15,0.1375,0.25,0.5375,0.27906976744186046
optimistic,False,2055,0.5,0.5,0.25,0.25,0.5,0.15,0.1375,0.25,0.5375,0.27906976744186046
optimistic,False,2056,0.5,0.5,0.25,0.25,0.5,0.15,0.1375,0.25,0.5375,0.27906976744186046
optimistic,False,2057,0.5,0.5,0.25,0.25,0.5,0.15,0.1375,0.25,0.5375,0.27906976744186046
optimistic,False,2058,0.5,0.5,0.25,0.25,0.5,0.15,0.1375,0.25,0.5375,0.27906976744186046
optimistic,False,2059,0.5,0.5,0.25,0.25,0.5,0.15,0.1375,0.25,0.5375,0.27906976744186046
optimistic,False,2060,0.5,0.5,0.25,0.25,0.5,0.15,0.1375,0.25,0.5375,0.27906976744186046
optimistic,False,2026,0.675,0.2,0.135,0.54,0.32499999999999996,0.0,0.0,0.0,0.0,
optimistic,False,2027,0.675,0.2,0.135,0.54,0.32499999999999996,0.07550961591528854,0.29700000000000004,0.09466865086171633,0.4671782667770049,0.16162912807613766
optimistic,False,2028,0.675,0.2,0.135,0.54,0.32499999999999996,0.081,0.29700000000000004,0.10912905558110098,0.48712905558110103,0.16628037082159738
optimistic,False,2029,0.675,0.2,0.135,0.54,0.32499999999999996,0.081,0.29700000000000004,0.11798702702171994,0.49598702702172,0.1633107230372235
optimistic,False,2030,0.675,0.2,0.135,0.54,0.32499999999999996,0.081,0.29700000000000004,0.12430906104755286,0.5023090610475529,0.1612553033207813
optimistic,False,2031,0.675,0.2,0.135,0.54,0.32499999999999996,0.081,0.29700000000000004,0.13300931706421543,0.5110093170642155,0.1585098300464475
optimistic,False,2032,0.675,0.2,0.135,0.54,0.32499999999999996,0.081,0.29700000000000004,0.13911434287634078,0.5171143428763408,0.15663847099938163
optimistic,False,2033,0.675,0.2,0.135,0.54,0.32499999999999996,0.081,0.29700000000000004,0.14378486152352607,0.5217848615235261,0.15523639333554695
optimistic,False,2034,0.675,0.2,0.135,0.54,0.32499999999999996,0.081,0.29700000000000004,0.14754935617140413,0.5255493561714042,0.1541244395960832
optimistic,False,2035,0.675,0.2,0.135,0.54,0.32499999999999996,0.081,0.29700000000000004,0.1506918200907328,0.5286918200907329,0.15320834732434288
optimistic,False,2036,0.675,0.2,0.135,0.54,0.32499999999999996,0.081,0.29700000000000004,0.15338198101137215,0.5313819810113722,0.1524327186364765
optimistic,False,2037,0.675,0.2,0.135,0.54,0.32499999999999996,0.081,0.29700000000000004,0.15572912633897384,0.5337291263389738,0.15176237533747883
optimistic,False,2038,0.675,0.2,0.135,0.54,0.32499999999999996,0.081,0.29700000000000004,0.15780763176629486,0.535807631766295,0.15117365860016352
optimistic,False,2039,0.675,0.2,0.135,0.54,0.32499999999999996,0.081,0.29700000000000004,0.15967032860808067,0.5376703286080807,0.15064993489540804
optimistic,False,2040,0.675,0.2,0.135,0.54,0.32499999999999996,0.081,0.29700000000000004,0.16135604850656848,0.5393560485065685,0.15017908897894477
optimistic,False,2041,0.675,0.2,0.135,0.54,0.32499999999999996,0.081,0.29700000000000004,0.16249999999999998,0.5405,0.1498612395929695
optimistic,False,2042,0.675,0.2,0.135,0.54,0.32499999999999996,0.081,0.29700000000000004,0.16249999999999998,0.5405,0.1498612395929695
optimistic,False,2043,0.675,0.2,0.135,0.54,0.32499999999999996,0.081,0.29700000000000004,0.16249999999999998,0.5405,0.1498612395929695
optimistic,False,2044,0.675,0.2,0.135,0.54,0.32499999999999996,0.081,0.29700000000000004,0.16249999999999998,0.5405,0.1498612395929695
optimistic,False,2045,0.675,0.2,0.135,0.54,0.32499999999999996,0.081,0.29700000000000004,0.16249999999999998,0.5405,0.1498612395929695
optimistic,False,2046,0.675,0.2,0.135,0.54,0.32499999999999996,0.081,0.29700000000000004,0.16249999999999998,0.5405,0.1498612395929695
optimistic,False,2047,0.675,0.2,0.135,0.54,0.32499999999999996,0.081,0.29700000000000004,0.16249999999999998,0.5405,0.1498612395929695
optimistic,False,2048,0.675,0.2,0.135,0.54,0.32499999999999996,0.081,0.29700000000000004,0.16249999999999998,0.5405,0.1498612395929695
optimistic,False,2049,0.675,0.2,0.135,0.54,0.32499999999999996,0.081,0.29700000000000004,0.16249999999999998,0.5405,0.1498612395929695
optimistic,False,2050,0.675,0.2,0.135,0.54,0.32499999999999996,0.081,0.29700000000000004,0.16249999999999998,0.5405,0.1498612395929695
optimistic,False,2051,0.675,0.2,0.135,0.54,0.32499999999999996,0.081,0.29700000000000004,0.16249999999999998,0.5405,0.1498612395929695
optimistic,False,2052,0.675,0.2,0.135,0.54,0.32499999999999996,0.081,0.29700000000000004,0.16249999999999998,0.5405,0.1498612395929695
optimistic,False,2053,0.675,0.2,0.135,0.54,0.32499999999999996,0.081,0.29700000000000004,0.16249999999999998,0.5405,0.1498612395929695
optimistic,False,2054,0.675,0.2,0.135,0.54,0.32499999999999996,0.081,0.29700000000000004,0.16249999999999998,0.5405,0.1498612395929695
optimistic,False,2055,0.675,0.2,0.135,0.54,0.32499999999999996,0.081,0.29700000000000004,0.16249999999999998,0.5405,0.1498612395929695
optimistic,False,2056,0.675,0.2,0.135,0.54,0.32499999999999996,0.081,0.29700000000000004,0.16249999999999998,0.5405,0.1498612395929695
optimistic,False,2057,0.675,0.2,0.135,0.54,0.32499999999999996,0.081,0.29700000000000004,0.16249999999999998,0.5405,0.1498612395929695
optimistic,False,2058,0.675,0.2,0.135,0.54,0.32499999999999996,0.081,0.29700000000000004,0.16249999999999998,0.5405,0.1498612395929695
optimistic,False,2059,0.675,0.2,0.135,0.54,0.32499999999999996,0.081,0.29700000000000004,0.16249999999999998,0.5405,0.1498612395929695
optimistic,False,2060,0.675,0.2,0.135,0.54,0.32499999999999996,0.081,0.29700000000000004,0.16249999999999998,0.5405,0.1498612395929695
optimistic,False,2026,0.675,0.25,0.16875,0.5062500000000001,0.32499999999999996,0.0,0.0,0.0,0.0,
optimistic,False,2027,0.675,0.25,0.16875,0.5062500000000001,0.32499999999999996,0.09438701989411068,0.27843750000000006,0.09466865086171633,0.4674931707558271,0.20190031811910525
optimistic,False,2028,0.675,0.25,0.16875,0.5062500000000001,0.32499999999999996,0.10125,0.27843750000000006,0.10912905558110098,0.48881655558110104,0.20713291897332498
optimistic,False,2029,0.675,0.25,0.16875,0.5062500000000001,0.32499999999999996,0.10125,0.27843750000000006,0.11798702702171994,0.49767452702172,0.20344621736201732
optimistic,False,2030,0.675,0.25,0.16875,0.5062500000000001,0.32499999999999996,0.10125,0.27843750000000006,0.12430906104755286,0.503996561047553,0.2008942279081283
optimistic,False,2031,0.675,0.25,0.16875,0.5062500000000001,0.32499999999999996,0.10125,0.27843750000000006,0.13300931706421543,0.5126968170642154,0.19748513474254398
optimistic,False,2032,0.675,0.25,0.16875,0.5062500000000001,0.32499999999999996,0.10125,0.27843750000000006,0.13911434287634078,0.5188018428763408,0.19516121885506388
optimistic,False,2033,0.675,0.25,0.16875,0.5062500000000001,0.32499999999999996,0.10125,0.27843750000000006,0.14378486152352607,0.5234723615235262,0.19341995383542246
optimistic,False,2034,0.675,0.25,0.16875,0.5062500000000001,0.32499999999999996,0.10125,0.27843750000000006,0.14754935617140413,0.5272368561714043,0.1920389267458262
optimistic,False,2035,0.675,0.25,0.16875,0.5062500000000001,0.32499999999999996,0.10125,0.27843750000000006,0.1506918200907328,0.5303793200907329,0.1909011082533893
optimistic,False,2036,0.675,0.25,0.16875,0.5062500000000001,0.32499999999999996,0.10125,0.27843750000000006,0.15338198101137215,0.5330694810113722,0.18993771657665015
optimistic,False,2037,0.675,0.25,0.16875,0.5062500000000001,0.32499999999999996,0.10125,0.27843750000000006,0.15572912633897384,0.5354166263389739,0.1891050726091915
optimistic,False,2038,0.675,0.25,0.16875,0.5062500000000001,0.32499999999999996,0.10125,0.27843750000000006,0.15780763176629486,0.5374951317662949,0.1883737991584711
optimistic,False,2039,0.675,0.25,0.16875,0.5062500000000001,0.32499999999999996,0.10125,0.27843750000000006,0.15967032860808067,0.5393578286080807,0.1877232416581319
optimistic,False,2040,0.675,0.25,0.16875,0.5062500000000001,0.32499999999999996,0.10125,0.27843750000000006,0.16135604850656848,0.5410435485065686,0.18713835564526796
optimistic,False,2041,0.675,0.25,0.16875,0.5062500000000001,0.32499999999999996,0.10125,0.27843750000000006,0.16249999999999998,0.5421875,0.1867435158501441
optimistic,False,2042,0.675,0.25,0.16875,0.5062500000000001,0.32499999999999996,0.10125,0.27843750000000006,0.16249999999999998,0.5421875,0.1867435158501441
optimistic,False,2043,0.675,0.25,0.16875,0.5062500000000001,0.32499999999999996,0.10125,0.27843750000000006,0.16249999999999998,0.5421875,0.1867435158501441
optimistic,False,2044,0.675,0.25,0.16875,0.5062500000000001,0.32499999999999996,0.10125,0.27843750000000006,0.16249999999999998,0.5421875,0.1867435158501441
optimistic,False,2045,0.675,0.25,0.16875,0.5062500000000001,0.32499999999999996,0.10125,0.27843750000000006,0.16249999999999998,0.5421875,0.1867435158501441
optimistic,False,2046,0.675,0.25,0.16875,0.5062500000000001,0.32499999999999996,0.10125,0.27843750000000006,0.16249999999999998,0.5421875,0.1867435158501441
optimistic,False,2047,0.675,0.25,0.16875,0.5062500000000001,0.32499999999999996,0.10125,0.27843750000000006,0.16249999999999998,0.5421875,0.1867435158501441
optimistic,False,2048,0.675,0.25,0.16875,0.5062500000000001,0.32499999999999996,0.10125,0.27843750000000006,0.16249999999999998,0.5421875,0.1867435158501441
optimistic,False,2049,0.675,0.25,0.16875,0.5062500000000001,0.32499999999999996,0.10125,0.27843750000000006,0.16249999999999998,0.5421875,0.1867435158501441
optimistic,False,2050,0.675,0.25,0.16875,0.5062500000000001,0.32499999999999996,0.10125,0.27843750000000006,0.16249999999999998,0.5421875,0.1867435158501441
optimistic,False,2051,0.675,0.25,0.16875,0.5062500000000001,0.32499999999999996,0.10125,0.27843750000000006,0.16249999999999998,0.5421875,0.1867435158501441
optimistic,False,2052,0.675,0.25,0.16875,0.5062500000000001,0.32499999999999996,0.10125,0.27843750000000006,0.16249999999999998,0.5421875,0.1867435158501441
optimistic,False,2053,0.675,0.25,0.16875,0.5062500000000001,0.32499999999999996,0.10125,0.27843750000000006,0.16249999999999998,0.5421875,0.1867435158501441
optimistic,False,2054,0.675,0.25,0.16875,0.5062500000000001,0.32499999999999996,0.10125,0.27843750000000006,0.16249999999999998,0.5421875,0.1867435158501441
optimistic,False,2055,0.675,0.25,0.16875,0.5062500000000001,0.32499999999999996,0.10125,0.27843750000000006,0.16249999999999998,0.5421875,0.1867435158501441
optimistic,False,2056,0.675,0.25,0.16875,0.5062500000000001,0.32499999999999996,0.10125,0.27843750000000006,0.16249999999999998,0.5421875,0.1867435158501441
optimistic,False,2057,0.675,0.25,0.16875,0.5062500000000001,0.32499999999999996,0.10125,0.27843750000000006,0.16249999999999998,0.5421875,0.1867435158501441
optimistic,False,2058,0.675,0.25,0.16875,0.5062500000000001,0.32499999999999996,0.10125,0.27843750000000006,0.16249999999999998,0.5421875,0.1867435158501441
optimistic,False,2059,0.675,0.25,0.16875,0.5062500000000001,0.32499999999999996,0.10125,0.27843750000000006,0.16249999999999998,0.5421875,0.1867435158501441
optimistic,False,2060,0.675,0.25,0.16875,0.5062500000000001,0.32499999999999996,0.10125,0.27843750000000006,0.16249999999999998,0.5421875,0.1867435158501441
optimistic,False,2026,0.675,0.35,0.23625,0.4387500000000001,0.32499999999999996,0.0,0.0,0.0,0.0,
optimistic,False,2027,0.675,0.35,0.23625,0.4387500000000001,0.32499999999999996,0.13214182785175493,0.24131250000000007,0.09466865086171633,0.46812297871347136,0.2822801568402313
optimistic,False,2028,0.675,0.35,0.23625,0.4387500000000001,0.32499999999999996,0.14175,0.24131250000000007,0.10912905558110098,0.49219155558110106,0.28799762692524106
optimistic,False,2029,0.675,0.35,0.23625,0.4387500000000001,0.32499999999999996,0.14175,0.24131250000000007,0.11798702702171994,0.50104952702172,0.28290616467113294
optimistic,False,2030,0.675,0.35,0.23625,0.4387500000000001,0.32499999999999996,0.14175,0.24131250000000007,0.12430906104755286,0.507371561047553,0.27938105105326266
optimistic,False,2031,0.675,0.35,0.23625,0.4387500000000001,0.32499999999999996,0.14175,0.24131250000000007,0.13300931706421543,0.5160718170642156,0.27467107350751113
optimistic,False,2032,0.675,0.35,0.23625,0.4387500000000001,0.32499999999999996,0.14175,0.24131250000000007,0.13911434287634078,0.5221768428763409,0.2714597591482402
optimistic,False,2033,0.675,0.35,0.23625,0.4387500000000001,0.32499999999999996,0.14175,0.24131250000000007,0.14378486152352607,0.5268473615235262,0.2690532597336927
optimistic,False,2034,0.675,0.35,0.23625,0.4387500000000001,0.32499999999999996,0.14175,0.24131250000000007,0.14754935617140413,0.5306118561714042,0.26714442647924985
optimistic,False,2035,0.675,0.35,0.23625,0.4387500000000001,0.32499999999999996,0.14175,0.24131250000000007,0.1506918200907328,0.5337543200907329,0.2655716209957868
optimistic,False,2036,0.675,0.35,0.23625,0.4387500000000001,0.32499999999999996,0.14175,0.24131250000000007,0.15338198101137215,0.5364444810113722,0.2642398328579225
optimistic,False,2037,0.675,0.35,0.23625,0.4387500000000001,0.32499999999999996,0.14175,0.24131250000000007,0.15572912633897384,0.5387916263389739,0.26308872126163996
optimistic,False,2038,0.675,0.35,0.23625,0.4387500000000001,0.32499999999999996,0.14175,0.24131250000000007,0.15780763176629486,0.540870131766295,0.26207769975593487
optimistic,False,2039,0.675,0.35,0.23625,0.4387500000000001,0.32499999999999996,0.14175,0.24131250000000007,0.15967032860808067,0.5427328286080808,0.26117823084986214
optimistic,False,2040,0.675,0.35,0.23625,0.4387500000000001,0.32499999999999996,0.14175,0.24131250000000007,0.16135604850656848,0.5444185485065686,0.2603695270648732
optimistic,False,2041,0.675,0.35,0.23625,0.4387500000000001,0.32499999999999996,0.14175,0.24131250000000007,0.16249999999999998,0.5455625000000001,0.25982357658380106
optimistic,False,2042,0.675,0.35,0.23625,0.4387500000000001,0.32499999999999996,0.14175,0.24131250000000007,0.16249999999999998,0.5455625000000001,0.25982357658380106
optimistic,False,2043,0.675,0.35,0.23625,0.4387500000000001,0.32499999999999996,0.14175,0.24131250000000007,0.16249999999999998,0.5455625000000001,0.25982357658380106
optimistic,False,2044,0.675,0.35,0.23625,0.4387500000000001,0.32499999999999996,0.14175,0.24131250000000007,0.16249999999999998,0.5455625000000001,0.25982357658380106
optimistic,False,2045,0.675,0.35,0.23625,0.4387500000000001,0.32499999999999996,0.14175,0.24131250000000007,0.16249999999999998,0.5455625000000001,0.25982357658380106
optimistic,False,2046,0.675,0.35,0.23625,0.4387500000000001,0.32499999999999996,0.14175,0.24131250000000007,0.16249999999999998,0.5455625000000001,0.25982357658380106
optimistic,False,2047,0.675,0.35,0.23625,0.4387500000000001,0.32499999999999996,0.14175,0.24131250000000007,0.16249999999999998,0.5455625000000001,0.25982357658380106
optimistic,False,2048,0.675,0.35,0.23625,0.4387500000000001,0.32499999999999996,0.14175,0.24131250000000007,0.16249999999999998,0.5455625000000001,0.25982357658380106
optimistic,False,2049,0.675,0.35,0.23625,0.4387500000000001,0.32499999999999996,0.14175,0.24131250000000007,0.16249999999999998,0.5455625000000001,0.25982357658380106
optimistic,False,2050,0.675,0.35,0.23625,0.4387500000000001,0.32499999999999996,0.14175,0.24131250000000007,0.16249999999999998,0.5455625000000001,0.25982357658380106
optimistic,False,2051,0.675,0.35,0.23625,0.4387500000000001,0.32499999999999996,0.14175,0.24131250000000007,0.16249999999999998,0.5455625000000001,0.25982357658380106
optimistic,False,2052,0.675,0.35,0.23625,0.4387500000000001,0.32499999999999996,0.14175,0.24131250000000007,0.16249999999999998,0.5455625000000001,0.25982357658380106
optimistic,False,2053,0.675,0.35,0.23625,0.4387500000000001,0.32499999999999996,0.14175,0.24131250000000007,0.16249999999999998,0.5455625000000001,0.25982357658380106
optimistic,False,2054,0.675,0.35,0.23625,0.4387500000000001,0.32499999999999996,0.14175,0.24131250000000007,0.16249999999999998,0.5455625000000001,0.25982357658380106
optimistic,False,2055,0.675,0.35,0.23625,0.4387500000000001,0.32499999999999996,0.14175,0.24131250000000007,0.16249999999999998,0.5455625000000001,0.25982357658380106
optimistic,False,2056,0.675,0.35,0.23625,0.4387500000000001,0.32499999999999996,0.14175,0.24131250000000007,0.16249999999999998,0.5455625000000001,0.25982357658380106
optimistic,False,2057,0.675,0.35,0.23625,0.4387500000000001,0.32499999999999996,0.14175,0.24131250000000007,0.16249999999999998,0.5455625000000001,0.25982357658380106
optimistic,False,2058,0.675,0.35,0.23625,0.4387500000000001,0.32499999999999996,0.14175,0.24131250000000007,0.16249999999999998,0.5455625000000001,0.25982357658380106
optimistic,False,2059,0.675,0.35,0.23625,0.4387500000000001,0.32499999999999996,0.14175,0.24131250000000007,0.16249999999999998,0.5455625000000001,0.25982357658380106
optimistic,False,2060,0.675,0.35,0.23625,0.4387500000000001,0.32499999999999996,0.14175,0.24131250000000007,0.16249999999999998,0.5455625000000001,0.25982357658380106
optimistic,False,2026,0.675,0.5,0.3375,0.3375,0.32499999999999996,0.0,0.0,0.0,0.0,
optimistic,False,2027,0.675,0.5,0.3375,0.3375,0.32499999999999996,0.18877403978822135,0.18562500000000004,0.09466865086171633,0.46906769064993775,0.40244519831808717
optimistic,False,2028,0.675,0.5,0.3375,0.3375,0.32499999999999996,0.2025,0.18562500000000004,0.10912905558110098,0.49725405558110103,0.40723649757537816
optimistic,False,2029,0.675,0.5,0.3375,0.3375,0.32499999999999996,0.2025,0.18562500000000004,0.11798702702171994,0.50611202702172,0.4001090454056917
optimistic,False,2030,0.675,0.5,0.3375,0.3375,0.32499999999999996,0.2025,0.18562500000000004,0.12430906104755286,0.512434061047553,0.39517279469291244
optimistic,False,2031,0.675,0.5,0.3375,0.3375,0.32499999999999996,0.2025,0.18562500000000004,0.13300931706421543,0.5211343170642155,0.3885754466157089
optimistic,False,2032,0.675,0.5,0.3375,0.3375,0.32499999999999996,0.2025,0.18562500000000004,0.13911434287634078,0.5272393428763409,0.38407604200260625
optimistic,False,2033,0.675,0.5,0.3375,0.3375,0.32499999999999996,0.2025,0.18562500000000004,0.14378486152352607,0.5319098615235262,0.38070360158390015
optimistic,False,2034,0.675,0.5,0.3375,0.3375,0.32499999999999996,0.2025,0.18562500000000004,0.14754935617140413,0.5356743561714041,0.3780281763855883
optimistic,False,2035,0.675,0.5,0.3375,0.3375,0.32499999999999996,0.2025,0.18562500000000004,0.1506918200907328,0.5388168200907328,0.37582345696984826
optimistic,False,2036,0.675,0.5,0.3375,0.3375,0.32499999999999996,0.2025,0.18562500000000004,0.15338198101137215,0.5415069810113722,0.37395639779526185
optimistic,False,2037,0.675,0.5,0.3375,0.3375,0.32499999999999996,0.2025,0.18562500000000004,0.15572912633897384,0.5438541263389739,0.37234249073948483
optimistic,False,2038,0.675,0.5,0.3375,0.3375,0.32499999999999996,0.2025,0.18562500000000004,0.15780763176629486,0.5459326317662949,0.3709248874624645
optimistic,False,2039,0.675,0.5,0.3375,0.3375,0.32499999999999996,0.2025,0.18562500000000004,0.15967032860808067,0.5477953286080808,0.369663612346863
optimistic,False,2040,0.675,0.5,0.3375,0.3375,0.32499999999999996,0.2025,0.18562500000000004,0.16135604850656848,0.5494810485065685,0.36852954355818757
optimistic,False,2041,0.675,0.5,0.3375,0.3375,0.32499999999999996,0.2025,0.18562500000000004,0.16249999999999998,0.550625,0.3677639046538025
optimistic,False,2042,0.675,0.5,0.3375,0.3375,0.32499999999999996,0.2025,0.18562500000000004,0.16249999999999998,0.550625,0.3677639046538025
optimistic,False,2043,0.675,0.5,0.3375,0.3375,0.32499999999999996,0.2025,0.18562500000000004,0.16249999999999998,0.550625,0.3677639046538025
optimistic,False,2044,0.675,0.5,0.3375,0.3375,0.32499999999999996,0.2025,0.18562500000000004,0.16249999999999998,0.550625,0.3677639046538025
optimistic,False,2045,0.675,0.5,0.3375,0.3375,0.32499999999999996,0.2025,0.18562500000000004,0.16249999999999998,0.550625,0.3677639046538025
optimistic,False,2046,0.675,0.5,0.3375,0.3375,0.32499999999999996,0.2025,0.18562500000000004,0.16249999999999998,0.550625,0.3677639046538025
optimistic,False,2047,0.675,0.5,0.3375,0.3375,0.32499999999999996,0.2025,0.18562500000000004,0.16249999999999998,0.550625,0.3677639046538025
optimistic,False,2048,0.675,0.5,0.3375,0.3375,0.32499999999999996,0.2025,0.18562500000000004,0.16249999999999998,0.550625,0.3677639046538025
optimistic,False,2049,0.675,0.5,0.3375,0.3375,0.32499999999999996,0.2025,0.18562500000000004,0.16249999999999998,0.550625,0.3677639046538025
optimistic,False,2050,0.675,0.5,0.3375,0.3375,0.32499999999999996,0.2025,0.18562500000000004,0.16249999999999998,0.550625,0.3677639046538025
optimistic,False,2051,0.675,0.5,0.3375,0.3375,0.32499999999999996,0.2025,0.18562500000000004,0.16249999999999998,0.550625,0.3677639046538025
optimistic,False,2052,0.675,0.5,0.3375,0.3375,0.32499999999999996,0.2025,0.18562500000000004,0.16249999999999998,0.550625,0.3677639046538025
optimistic,False,2053,0.675,0.5,0.3375,0.3375,0.32499999999999996,0.2025,0.18562500000000004,0.16249999999999998,0.550625,0.3677639046538025
optimistic,False,2054,0.675,0.5,0.3375,0.3375,0.32499999999999996,0.2025,0.18562500000000004,0.16249999999999998,0.550625,0.3677639046538025
optimistic,False,2055,0.675,0.5,0.3375,0.3375,0.32499999999999996,0.2025,0.18562500000000004,0.16249999999999998,0.550625,0.3677639046538025
optimistic,False,2056,0.675,0.5,0.3375,0.3375,0.32499999999999996,0.2025,0.18562500000000004,0.16249999999999998,0.550625,0.3677639046538025
optimistic,False,2057,0.675,0.5,0.3375,0.3375,0.32499999999999996,0.2025,0.18562500000000004,0.16249999999999998,0.550625,0.3677639046538025
optimistic,False,2058,0.675,0.5,0.3375,0.3375,0.32499999999999996,0.2025,0.18562500000000004,0.16249999999999998,0.550625,0.3677639046538025
optimistic,False,2059,0.675,0.5,0.3375,0.3375,0.32499999999999996,0.2025,0.18562500000000004,0.16249999999999998,0.550625,0.3677639046538025
optimistic,False,2060,0.675,0.5,0.3375,0.3375,0.32499999999999996,0.2025,0.18562500000000004,0.16249999999999998,0.550625,0.3677639046538025
optimistic,False,2026,0.7,0.2,0.13999999999999999,0.5599999999999999,0.30000000000000004,0.0,0.0,0.0,0.0,
optimistic,False,2027,0.7,0.2,0.13999999999999999,0.5599999999999999,0.30000000000000004,0.0783062683565955,0.308,0.08738644694927665,0.47369271530587215,0.16531026512837904
optimistic,False,2028,0.7,0.2,0.13999999999999999,0.5599999999999999,0.30000000000000004,0.08399999999999999,0.308,0.10073451284409322,0.49273451284409325,0.17047719981120651
optimistic,False,2029,0.7,0.2,0.13999999999999999,0.5599999999999999,0.30000000000000004,0.08399999999999999,0.308,0.10891110186620306,0.5009111018662031,0.16769442658996403
optimistic,False,2030,0.7,0.2,0.13999999999999999,0.5599999999999999,0.30000000000000004,0.08399999999999999,0.308,0.11474682558235652,0.5067468255823565,0.16576324854816146
optimistic,False,2031,0.7,0.2,0.13999999999999999,0.5599999999999999,0.30000000000000004,0.08399999999999999,0.308,0.1227778311361989,0.5147778311361989,0.1631771900794528
optimistic,False,2032,0.7,0.2,0.13999999999999999,0.5599999999999999,0.30000000000000004,0.08399999999999999,0.308,0.12841323957816075,0.5204132395781608,0.161410190232841
optimistic,False,2033,0.7,0.2,0.13999999999999999,0.5599999999999999,0.30000000000000004,0.08399999999999999,0.308,0.13272448756017796,0.524724487560178,0.16008400978307014
optimistic,False,2034,0.7,0.2,0.13999999999999999,0.5599999999999999,0.30000000000000004,0.08399999999999999,0.308,0.1361994056966808,0.5281994056966808,0.15903084913396723
optimistic,False,2035,0.7,0.2,0.13999999999999999,0.5599999999999999,0.30000000000000004,0.08399999999999999,0.308,0.1391001416222149,0.531100141622215,0.1581622624754473
optimistic,False,2036,0.7,0.2,0.13999999999999999,0.5599999999999999,0.30000000000000004,0.08399999999999999,0.308,0.1415833670874205,0.5335833670874205,0.1574261965070544
optimistic,False,2037,0.7,0.2,0.13999999999999999,0.5599999999999999,0.30000000000000004,0.08399999999999999,0.308,0.14374996277443744,0.5357499627744374,0.15678955825773122
optimistic,False,2038,0.7,0.2,0.13999999999999999,0.5599999999999999,0.30000000000000004,0.08399999999999999,0.308,0.1456685831688876,0.5376685831688877,0.15623006928343192
optimistic,False,2039,0.7,0.2,0.13999999999999999,0.5599999999999999,0.30000000000000004,0.08399999999999999,0.308,0.14738799563822835,0.5393879956382284,0.155732053140351
optimistic,False,2040,0.7,0.2,0.13999999999999999,0.5599999999999999,0.30000000000000004,0.08399999999999999,0.308,0.14894404477529405,0.540944044775294,0.1552840830975286
optimistic,False,2041,0.7,0.2,0.13999999999999999,0.5599999999999999,0.30000000000000004,0.08399999999999999,0.308,0.15000000000000002,0.542,0.15498154981549814
optimistic,False,2042,0.7,0.2,0.13999999999999999,0.5599999999999999,0.30000000000000004,0.08399999999999999,0.308,0.15000000000000002,0.542,0.15498154981549814
optimistic,False,2043,0.7,0.2,0.13999999999999999,0.5599999999999999,0.30000000000000004,0.08399999999999999,0.308,0.15000000000000002,0.542,0.15498154981549814
optimistic,False,2044,0.7,0.2,0.13999999999999999,0.5599999999999999,0.30000000000000004,0.08399999999999999,0.308,0.15000000000000002,0.542,0.15498154981549814
optimistic,False,2045,0.7,0.2,0.13999999999999999,0.5599999999999999,0.30000000000000004,0.08399999999999999,0.308,0.15000000000000002,0.542,0.15498154981549814
optimistic,False,2046,0.7,0.2,0.13999999999999999,0.5599999999999999,0.30000000000000004,0.08399999999999999,0.308,0.15000000000000002,0.542,0.15498154981549814
optimistic,False,2047,0.7,0.2,0.13999999999999999,0.5599999999999999,0.30000000000000004,0.08399999999999999,0.308,0.15000000000000002,0.542,0.15498154981549814
optimistic,False,2048,0.7,0.2,0.13999999999999999,0.5599999999999999,0.30000000000000004,0.08399999999999999,0.308,0.15000000000000002,0.542,0.15498154981549814
optimistic,False,2049,0.7,0.2,0.13999999999999999,0.5599999999999999,0.30000000000000004,0.08399999999999999,0.308,0.15000000000000002,0.542,0.15498154981549814
optimistic,False,2050,0.7,0.2,0.13999999999999999,0.5599999999999999,0.30000000000000004,0.08399999999999999,0.308,0.15000000000000002,0.542,0.15498154981549814
optimistic,False,2051,0.7,0.2,0.13999999999999999,0.5599999999999999,0.30000000000000004,0.08399999999999999,0.308,0.15000000000000002,0.542,0.15498154981549814
optimistic,False,2052,0.7,0.2,0.13999999999999999,0.5599999999999999,0.30000000000000004,0.08399999999999999,0.308,0.15000000000000002,0.542,0.15498154981549814
optimistic,False,2053,0.7,0.2,0.13999999999999999,0.5599999999999999,0.30000000000000004,0.08399999999999999,0.308,0.15000000000000002,0.542,0.15498154981549814
optimistic,False,2054,0.7,0.2,0.13999999999999999,0.5599999999999999,0.30000000000000004,0.08399999999999999,0.308,0.15000000000000002,0.542,0.15498154981549814
optimistic,False,2055,0.7,0.2,0.13999999999999999,0.5599999999999999,0.30000000000000004,0.08399999999999999,0.308,0.15000000000000002,0.542,0.15498154981549814
optimistic,False,2056,0.7,0.2,0.13999999999999999,0.5599999999999999,0.30000000000000004,0.08399999999999999,0.308,0.15000000000000002,0.542,0.15498154981549814
optimistic,False,2057,0.7,0.2,0.13999999999999999,0.5599999999999999,0.30000000000000004,0.08399999999999999,0.308,0.15000000000000002,0.542,0.15498154981549814
optimistic,False,2058,0.7,0.2,0.13999999999999999,0.5599999999999999,0.30000000000000004,0.08399999999999999,0.308,0.15000000000000002,0.542,0.15498154981549814
optimistic,False,2059,0.7,0.2,0.13999999999999999,0.5599999999999999,0.30000000000000004,0.08399999999999999,0.308,0.15000000000000002,0.542,0.15498154981549814
optimistic,False,2060,0.7,0.2,0.13999999999999999,0.5599999999999999,0.30000000000000004,0.08399999999999999,0.308,0.15000000000000002,0.542,0.15498154981549814
optimistic,False,2026,0.7,0.25,0.175,0.5249999999999999,0.30000000000000004,0.0,0.0,0.0,0.0,
optimistic,False,2027,0.7,0.25,0.175,0.5249999999999999,0.30000000000000004,0.09788283544574439,0.28874999999999995,0.08738644694927665,0.474019282395021,0.20649547197992324
optimistic,False,2028,0.7,0.25,0.175,0.5249999999999999,0.30000000000000004,0.105,0.28874999999999995,0.10073451284409322,0.49448451284409317,0.21234234293017307
optimistic,False,2029,0.7,0.25,0.175,0.5249999999999999,0.30000000000000004,0.105,0.28874999999999995,0.10891110186620306,0.502661101866203,0.20888825415408532
optimistic,False,2030,0.7,0.25,0.175,0.5249999999999999,0.30000000000000004,0.105,0.28874999999999995,0.11474682558235652,0.5084968255823564,0.2064909645792747
optimistic,False,2031,0.7,0.25,0.175,0.5249999999999999,0.30000000000000004,0.105,0.28874999999999995,0.1227778311361989,0.5165278311361988,0.20328043073503516
optimistic,False,2032,0.7,0.25,0.175,0.5249999999999999,0.30000000000000004,0.105,0.28874999999999995,0.12841323957816075,0.5221632395781607,0.20108654160493222
optimistic,False,2033,0.7,0.25,0.175,0.5249999999999999,0.30000000000000004,0.105,0.28874999999999995,0.13272448756017796,0.5264744875601779,0.1994398636230177
optimistic,False,2034,0.7,0.25,0.175,0.5249999999999999,0.30000000000000004,0.105,0.28874999999999995,0.1361994056966808,0.5299494056966807,0.19813212142763925
optimistic,False,2035,0.7,0.25,0.175,0.5249999999999999,0.30000000000000004,0.105,0.28874999999999995,0.1391001416222149,0.5328501416222149,0.19705352743331706
optimistic,False,2036,0.7,0.25,0.175,0.5249999999999999,0.30000000000000004,0.105,0.28874999999999995,0.1415833670874205,0.5353333670874204,0.19613946459431775
optimistic,False,2037,0.7,0.25,0.175,0.5249999999999999,0.30000000000000004,0.105,0.28874999999999995,0.14374996277443744,0.5374999627744373,0.19534885073855046
optimistic,False,2038,0.7,0.25,0.175,0.5249999999999999,0.30000000000000004,0.105,0.28874999999999995,0.1456685831688876,0.5394185831688876,0.19465402801505885
optimistic,False,2039,0.7,0.25,0.175,0.5249999999999999,0.30000000000000004,0.105,0.28874999999999995,0.14738799563822835,0.5411379956382283,0.19403553408989704
optimistic,False,2040,0.7,0.25,0.175,0.5249999999999999,0.30000000000000004,0.105,0.28874999999999995,0.14894404477529405,0.5426940447752939,0.19347918225908659
optimistic,False,2041,0.7,0.25,0.175,0.5249999999999999,0.30000000000000004,0.105,0.28874999999999995,0.15000000000000002,0.54375,0.19310344827586207
optimistic,False,2042,0.7,0.25,0.175,0.5249999999999999,0.30000000000000004,0.105,0.28874999999999995,0.15000000000000002,0.54375,0.19310344827586207
optimistic,False,2043,0.7,0.25,0.175,0.5249999999999999,0.30000000000000004,0.105,0.28874999999999995,0.15000000000000002,0.54375,0.19310344827586207
optimistic,False,2044,0.7,0.25,0.175,0.5249999999999999,0.30000000000000004,0.105,0.28874999999999995,0.15000000000000002,0.54375,0.19310344827586207
optimistic,False,2045,0.7,0.25,0.175,0.5249999999999999,0.30000000000000004,0.105,0.28874999999999995,0.15000000000000002,0.54375,0.19310344827586207
optimistic,False,2046,0.7,0.25,0.175,0.5249999999999999,0.30000000000000004,0.105,0.28874999999999995,0.15000000000000002,0.54375,0.19310344827586207
optimistic,False,2047,0.7,0.25,0.175,0.5249999999999999,0.30000000000000004,0.105,0.28874999999999995,0.15000000000000002,0.54375,0.19310344827586207
optimistic,False,2048,0.7,0.25,0.175,0.5249999999999999,0.30000000000000004,0.105,0.28874999999999995,0.15000000000000002,0.54375,0.19310344827586207
optimistic,False,2049,0.7,0.25,0.175,0.5249999999999999,0.30000000000000004,0.105,0.28874999999999995,0.15000000000000002,0.54375,0.19310344827586207
optimistic,False,2050,0.7,0.25,0.175,0.5249999999999999,0.30000000000000004,0.105,0.28874999999999995,0.15000000000000002,0.54375,0.19310344827586207
optimistic,False,2051,0.7,0.25,0.175,0.5249999999999999,0.30000000000000004,0.105,0.28874999999999995,0.15000000000000002,0.54375,0.19310344827586207
optimistic,False,2052,0.7,0.25,0.175,0.5249999999999999,0.30000000000000004,0.105,0.28874999999999995,0.15000000000000002,0.54375,0.19310344827586207
optimistic,False,2053,0.7,0.25,0.175,0.5249999999999999,0.30000000000000004,0.105,0.28874999999999995,0.15000000000000002,0.54375,0.19310344827586207
optimistic,False,2054,0.7,0.25,0.175,0.5249999999999999,0.30000000000000004,0.105,0.28874999999999995,0.15000000000000002,0.54375,0.19310344827586207
optimistic,False,2055,0.7,0.25,0.175,0.5249999999999999,0.30000000000000004,0.105,0.28874999999999995,0.15000000000000002,0.54375,0.19310344827586207
optimistic,False,2056,0.7,0.25,0.175,0.5249999999999999,0.30000000000000004,0.105,0.28874999999999995,0.15000000000000002,0.54375,0.19310344827586207
optimistic,False,2057,0.7,0.25,0.175,0.5249999999999999,0.30000000000000004,0.105,0.28874999999999995,0.15000000000000002,0.54375,0.19310344827586207
optimistic,False,2058,0.7,0.25,0.175,0.5249999999999999,0.30000000000000004,0.105,0.28874999999999995,0.15000000000000002,0.54375,0.19310344827586207
optimistic,False,2059,0.7,0.25,0.175,0.5249999999999999,0.30000000000000004,0.105,0.28874999999999995,0.15000000000000002,0.54375,0.19310344827586207
optimistic,False,2060,0.7,0.25,0.175,0.5249999999999999,0.30000000000000004,0.105,0.28874999999999995,0.15000000000000002,0.54375,0.19310344827586207
optimistic,False,2026,0.7,0.35,0.24499999999999997,0.45499999999999996,0.30000000000000004,0.0,0.0,0.0,0.0,
optimistic,False,2027,0.7,0.35,0.24499999999999997,0.45499999999999996,0.30000000000000004,0.13703596962404213,0.25025,0.08738644694927665,0.47467241657331877,0.28869587707099326
optimistic,False,2028,0.7,0.35,0.24499999999999997,0.45499999999999996,0.30000000000000004,0.14699999999999996,0.25025,0.10073451284409322,0.4979845128440932,0.29518990291576014
optimistic,False,2029,0.7,0.35,0.24499999999999997,0.45499999999999996,0.30000000000000004,0.14699999999999996,0.25025,0.10891110186620306,0.506161101866203,0.29042136872631014
optimistic,False,2030,0.7,0.35,0.24499999999999997,0.45499999999999996,0.30000000000000004,0.14699999999999996,0.25025,0.11474682558235652,0.5119968255823565,0.2871111550990554
optimistic,False,2031,0.7,0.35,0.24499999999999997,0.45499999999999996,0.30000000000000004,0.14699999999999996,0.25025,0.1227778311361989,0.5200278311361989,0.2826771784095141
optimistic,False,2032,0.7,0.35,0.24499999999999997,0.45499999999999996,0.30000000000000004,0.14699999999999996,0.25025,0.12841323957816075,0.5256632395781606,0.2796467185302247
optimistic,False,2033,0.7,0.35,0.24499999999999997,0.45499999999999996,0.30000000000000004,0.14699999999999996,0.25025,0.13272448756017796,0.529974487560178,0.2773718423253502
optimistic,False,2034,0.7,0.35,0.24499999999999997,0.45499999999999996,0.30000000000000004,0.14699999999999996,0.25025,0.1361994056966808,0.5334494056966808,0.2755650272175655
optimistic,False,2035,0.7,0.35,0.24499999999999997,0.45499999999999996,0.30000000000000004,0.14699999999999996,0.25025,0.1391001416222149,0.5363501416222148,0.2740746922437495
optimistic,False,2036,0.7,0.35,0.24499999999999997,0.45499999999999996,0.30000000000000004,0.14699999999999996,0.25025,0.1415833670874205,0.5388333670874205,0.2728116129752422
optimistic,False,2037,0.7,0.35,0.24499999999999997,0.45499999999999996,0.30000000000000004,0.14699999999999996,0.25025,0.14374996277443744,0.5409999627744374,0.27171905751366865
optimistic,False,2038,0.7,0.35,0.24499999999999997,0.45499999999999996,0.30000000000000004,0.14699999999999996,0.25025,0.1456685831688876,0.5429185831688875,0.2707588293294285
optimistic,False,2039,0.7,0.35,0.24499999999999997,0.45499999999999996,0.30000000000000004,0.14699999999999996,0.25025,0.14738799563822835,0.5446379956382283,0.26990404851894245
optimistic,False,2040,0.7,0.35,0.24499999999999997,0.45499999999999996,0.30000000000000004,0.14699999999999996,0.25025,0.14894404477529405,0.546194044775294,0.26913512039567594
optimistic,False,2041,0.7,0.35,0.24499999999999997,0.45499999999999996,0.30000000000000004,0.14699999999999996,0.25025,0.15000000000000002,0.54725,0.2686158063042484
optimistic,False,2042,0.7,0.35,0.24499999999999997,0.45499999999999996,0.30000000000000004,0.14699999999999996,0.25025,0.15000000000000002,0.54725,0.2686158063042484
optimistic,False,2043,0.7,0.35,0.24499999999999997,0.45499999999999996,0.30000000000000004,0.14699999999999996,0.25025,0.15000000000000002,0.54725,0.2686158063042484
optimistic,False,2044,0.7,0.35,0.24499999999999997,0.45499999999999996,0.30000000000000004,0.14699999999999996,0.25025,0.15000000000000002,0.54725,0.2686158063042484
optimistic,False,2045,0.7,0.35,0.24499999999999997,0.45499999999999996,0.30000000000000004,0.14699999999999996,0.25025,0.15000000000000002,0.54725,0.2686158063042484
optimistic,False,2046,0.7,0.35,0.24499999999999997,0.45499999999999996,0.30000000000000004,0.14699999999999996,0.25025,0.15000000000000002,0.54725,0.2686158063042484
optimistic,False,2047,0.7,0.35,0.24499999999999997,0.45499999999999996,0.30000000000000004,0.14699999999999996,0.25025,0.15000000000000002,0.54725,0.2686158063042484
optimistic,False,2048,0.7,0.35,0.24499999999999997,0.45499999999999996,0.30000000000000004,0.14699999999999996,0.25025,0.15000000000000002,0.54725,0.2686158063042484
optimistic,False,2049,0.7,0.35,0.24499999999999997,0.45499999999999996,0.30000000000000004,0.14699999999999996,0.25025,0.15000000000000002,0.54725,0.2686158063042484
optimistic,False,2050,0.7,0.35,0.24499999999999997,0.45499999999999996,0.30000000000000004,0.14699999999999996,0.25025,0.15000000000000002,0.54725,0.2686158063042484
optimistic,False,2051,0.7,0.35,0.24499999999999997,0.45499999999999996,0.30000000000000004,0.14699999999999996,0.25025,0.15000000000000002,0.54725,0.2686158063042484
optimistic,False,2052,0.7,0.35,0.24499999999999997,0.45499999999999996,0.30000000000000004,0.14699999999999996,0.25025,0.15000000000000002,0.54725,0.2686158063042484
optimistic,False,2053,0.7,0.35,0.24499999999999997,0.45499999999999996,0.30000000000000004,0.14699999999999996,0.25025,0.15000000000000002,0.54725,0.2686158063042484
optimistic,False,2054,0.7,0.35,0.24499999999999997,0.45499999999999996,0.30000000000000004,0.14699999999999996,0.25025,0.15000000000000002,0.54725,0.2686158063042484
optimistic,False,2055,0.7,0.35,0.24499999999999997,0.45499999999999996,0.30000000000000004,0.14699999999999996,0.25025,0.15000000000000002,0.54725,0.2686158063042484
optimistic,False,2056,0.7,0.35,0.24499999999999997,0.45499999999999996,0.30000000000000004,0.14699999999999996,0.25025,0.15000000000000002,0.54725,0.2686158063042484
optimistic,False,2057,0.7,0.35,0.24499999999999997,0.45499999999999996,0.30000000000000004,0.14699999999999996,0.25025,0.15000000000000002,0.54725,0.2686158063042484
optimistic,False,2058,0.7,0.35,0.24499999999999997,0.45499999999999996,0.30000000000000004,0.14699999999999996,0.25025,0.15000000000000002,0.54725,0.2686158063042484
optimistic,False,2059,0.7,0.35,0.24499999999999997,0.45499999999999996,0.30000000000000004,0.14699999999999996,0.25025,0.15000000000000002,0.54725,0.2686158063042484
optimistic,False,2060,0.7,0.35,0.24499999999999997,0.45499999999999996,0.30000000000000004,0.14699999999999996,0.25025,0.15000000000000002,0.54725,0.2686158063042484
optimistic,False,2026,0.7,0.5,0.35,0.35,0.30000000000000004,0.0,0.0,0.0,0.0,
optimistic,False,2027,0.7,0.5,0.35,0.35,0.30000000000000004,0.19576567089148877,0.1925,0.08738644694927665,0.47565211784076544,0.41157321401231617
optimistic,False,2028,0.7,0.5,0.35,0.35,0.30000000000000004,0.21,0.1925,0.10073451284409322,0.5032345128440932,0.41730047252355285
optimistic,False,2029,0.7,0.5,0.35,0.35,0.30000000000000004,0.21,0.1925,0.10891110186620306,0.5114111018662031,0.4106285515384467
optimistic,False,2030,0.7,0.5,0.35,0.35,0.30000000000000004,0.21,0.1925,0.11474682558235652,0.5172468255823565,0.4059957250845682
optimistic,False,2031,0.7,0.5,0.35,0.35,0.30000000000000004,0.21,0.1925,0.1227778311361989,0.5252778311361989,0.399788431097046
optimistic,False,2032,0.7,0.5,0.35,0.35,0.30000000000000004,0.21,0.1925,0.12841323957816075,0.5309132395781607,0.39554485430963515
optimistic,False,2033,0.7,0.5,0.35,0.35,0.30000000000000004,0.21,0.1925,0.13272448756017796,0.5352244875601779,0.39235872961882867
optimistic,False,2034,0.7,0.5,0.35,0.35,0.30000000000000004,0.21,0.1925,0.1361994056966808,0.5386994056966807,0.3898277922330627
optimistic,False,2035,0.7,0.5,0.35,0.35,0.30000000000000004,0.21,0.1925,0.1391001416222149,0.5416001416222149,0.3877399281525343
optimistic,False,2036,0.7,0.5,0.35,0.35,0.30000000000000004,0.21,0.1925,0.1415833670874205,0.5440833670874204,0.3859702624694614
optimistic,False,2037,0.7,0.5,0.35,0.35,0.30000000000000004,0.21,0.1925,0.14374996277443744,0.5462499627744374,0.38443938546631107
optimistic,False,2038,0.7,0.5,0.35,0.35,0.30000000000000004,0.21,0.1925,0.1456685831688876,0.5481685831688876,0.38309382632988326
optimistic,False,2039,0.7,0.5,0.35,0.35,0.30000000000000004,0.21,0.1925,0.14738799563822835,0.5498879956382283,0.3818959527499108
optimistic,False,2040,0.7,0.5,0.35,0.35,0.30000000000000004,0.21,0.1925,0.14894404477529405,0.551444044775294,0.38081832960145967
optimistic,False,2041,0.7,0.5,0.35,0.35,0.30000000000000004,0.21,0.1925,0.15000000000000002,0.5525,0.38009049773755654
optimistic,False,2042,0.7,0.5,0.35,0.35,0.30000000000000004,0.21,0.1925,0.15000000000000002,0.5525,0.38009049773755654
optimistic,False,2043,0.7,0.5,0.35,0.35,0.30000000000000004,0.21,0.1925,0.15000000000000002,0.5525,0.38009049773755654
optimistic,False,2044,0.7,0.5,0.35,0.35,0.30000000000000004,0.21,0.1925,0.15000000000000002,0.5525,0.38009049773755654
optimistic,False,2045,0.7,0.5,0.35,0.35,0.30000000000000004,0.21,0.1925,0.15000000000000002,0.5525,0.38009049773755654
optimistic,False,2046,0.7,0.5,0.35,0.35,0.30000000000000004,0.21,0.1925,0.15000000000000002,0.5525,0.38009049773755654
optimistic,False,2047,0.7,0.5,0.35,0.35,0.30000000000000004,0.21,0.1925,0.15000000000000002,0.5525,0.38009049773755654
optimistic,False,2048,0.7,0.5,0.35,0.35,0.30000000000000004,0.21,0.1925,0.15000000000000002,0.5525,0.38009049773755654
optimistic,False,2049,0.7,0.5,0.35,0.35,0.30000000000000004,0.21,0.1925,0.15000000000000002,0.5525,0.38009049773755654
optimistic,False,2050,0.7,0.5,0.35,0.35,0.30000000000000004,0.21,0.1925,0.15000000000000002,0.5525,0.38009049773755654
optimistic,False,2051,0.7,0.5,0.35,0.35,0.30000000000000004,0.21,0.1925,0.15000000000000002,0.5525,0.38009049773755654
optimistic,False,2052,0.7,0.5,0.35,0.35,0.30000000000000004,0.21,0.1925,0.15000000000000002,0.5525,0.38009049773755654
optimistic,False,2053,0.7,0.5,0.35,0.35,0.30000000000000004,0.21,0.1925,0.15000000000000002,0.5525,0.38009049773755654
optimistic,False,2054,0.7,0.5,0.35,0.35,0.30000000000000004,0.21,0.1925,0.15000000000000002,0.5525,0.38009049773755654
optimistic,False,2055,0.7,0.5,0.35,0.35,0.30000000000000004,0.21,0.1925,0.15000000000000002,0.5525,0.38009049773755654
optimistic,False,2056,0.7,0.5,0.35,0.35,0.30000000000000004,0.21,0.1925,0.15000000000000002,0.5525,0.38009049773755654
optimistic,False,2057,0.7,0.5,0.35,0.35,0.30000000000000004,0.21,0.1925,0.15000000000000002,0.5525,0.38009049773755654
optimistic,False,2058,0.7,0.5,0.35,0.35,0.30000000000000004,0.21,0.1925,0.15000000000000002,0.5525,0.38009049773755654
optimistic,False,2059,0.7,0.5,0.35,0.35,0.30000000000000004,0.21,0.1925,0.15000000000000002,0.5525,0.38009049773755654
optimistic,False,2060,0.7,0.5,0.35,0.35,0.30000000000000004,0.21,0.1925,0.15000000000000002,0.5525,0.38009049773755654
