ObjectId,province,technology,instrument,required_support,public_cost_pv_100m_cny,annual_h2_t,right_censored
10956,Tibet,solar PV,15y_price_premium,4.454329535365105,0.0168995908597043,35.55745114131128,False
11041,Tibet,solar PV,15y_price_premium,5.796458646655083,0.021139098119585,34.0604801700346,False
11990,Tibet,solar PV,15y_price_premium,5.539255365729332,0.0203482119891224,34.34841923151096,False
1798,Qinghai,solar PV,15y_price_premium,7.660739198327064,0.0825993377395056,99.70342745717228,False
1800,Qinghai,solar PV,15y_price_premium,7.660739421844482,0.3591275644580161,433.493161156016,False
4006,Qinghai,solar PV,15y_price_premium,8.724581971764565,0.079936860050112,84.77793977802926,False
4040,Qinghai,solar PV,15y_price_premium,10.37411279976368,0.0329993327083435,29.44770715433067,False
4117,Qinghai,solar PV,15y_price_premium,10.37411279976368,0.0329993327083435,29.44770715433067,False
4126,Qinghai,solar PV,15y_price_premium,9.045168086886406,0.0298213119426496,30.51025494926288,False
4127,Qinghai,solar PV,15y_price_premium,10.37411279976368,0.0329993327083435,29.44770715433067,False
4128,Qinghai,solar PV,15y_price_premium,10.37411279976368,0.0329993327083435,29.44770715433067,False
4129,Qinghai,solar PV,15y_price_premium,10.37411279976368,0.0329993327083435,29.44770715433067,False
4130,Qinghai,solar PV,15y_price_premium,10.046164467930794,0.0322382194458734,29.701316827564614,False
4132,Qinghai,solar PV,15y_price_premium,10.046164467930794,0.0322382194458734,29.701316827564614,False
4133,Qinghai,solar PV,15y_price_premium,10.046164467930794,0.0322382194458734,29.701316827564614,False
4134,Qinghai,solar PV,15y_price_premium,10.37411279976368,0.0329993327083435,29.44770715433067,False
4135,Qinghai,solar PV,15y_price_premium,10.37411279976368,0.0329993327083435,29.44770715433067,False
4136,Qinghai,solar PV,15y_price_premium,9.045168086886406,0.0298213119426496,30.51025494926288,False
4137,Qinghai,solar PV,15y_price_premium,8.50390411913395,0.030246568101865,32.90938100393676,False
4138,Qinghai,solar PV,15y_price_premium,8.504206538200378,0.0486815180170941,52.960906796747885,False
4139,Qinghai,solar PV,15y_price_premium,10.073239356279371,0.0323013056186813,29.680397414036463,False
4140,Qinghai,solar PV,15y_price_premium,8.894702196121216,0.0817563219766775,85.0663810897123,False
4141,Qinghai,solar PV,15y_price_premium,10.35750724375248,0.0329618879317261,29.459883843455675,False
4143,Qinghai,solar PV,15y_price_premium,8.894702196121216,0.0408781609212896,42.53319047509246,False
4144,Qinghai,solar PV,15y_price_premium,10.645577162504196,0.0336212329530222,29.239777303737203,False
4145,Qinghai,solar PV,15y_price_premium,10.645577162504196,0.0336212329530222,29.239777303737203,False
4146,Qinghai,solar PV,15y_price_premium,9.042046889662744,0.0298139247441661,30.512578149506496,False
4147,Qinghai,solar PV,15y_price_premium,10.37411279976368,0.0329993327083435,29.44770715433067,False
4148,Qinghai,solar PV,15y_price_premium,10.37411279976368,0.0329993327083435,29.44770715433067,False
4149,Qinghai,solar PV,15y_price_premium,8.503903895616531,0.0378082095076419,41.13672666191771,False
4151,Qinghai,solar PV,15y_price_premium,10.291939303278925,0.0328106465602871,29.51027771852696,False
4153,Qinghai,solar PV,15y_price_premium,7.660739421844482,0.0718255124891583,86.69863174542289,False
4154,Qinghai,solar PV,15y_price_premium,10.036612898111343,0.0322212854391739,29.704816221665663,False
4155,Qinghai,solar PV,15y_price_premium,7.660739198327064,0.1436510208650907,173.3972635850945,False
4156,Qinghai,solar PV,15y_price_premium,7.660739198327064,0.1077382663162745,130.0479484944896,False
4157,Qinghai,solar PV,15y_price_premium,7.660739198327064,0.1436510208650907,173.3972635850945,False
4159,Qinghai,solar PV,15y_price_premium,7.660739421844482,0.3806752192919199,459.5027519919197,False
4160,Qinghai,solar PV,15y_price_premium,8.001651987433434,0.0399258696142248,46.15138216621063,False
4161,Qinghai,solar PV,15y_price_premium,8.265335708856583,0.0278513031680762,31.166670382256893,False
4163,Qinghai,solar PV,15y_price_premium,8.342973366379738,0.0280514878548038,31.099888882075398,False
4165,Qinghai,solar PV,15y_price_premium,7.914625704288483,0.0403482700718111,47.14348955161445,False
4167,Qinghai,solar PV,15y_price_premium,8.265335708856583,0.0278513031680762,31.166670382256893,False
4173,Qinghai,solar PV,15y_price_premium,10.76023869216442,0.0338832185170658,29.151442163745724,False
4176,Qinghai,solar PV,15y_price_premium,10.23376040160656,0.0326814930080998,29.551171791084386,False
4179,Qinghai,solar PV,15y_price_premium,10.036612898111343,0.0322212854391739,29.704816221665663,False
4180,Qinghai,solar PV,15y_price_premium,8.377640470862389,0.028140380301222,31.070328538105414,False
4182,Qinghai,solar PV,15y_price_premium,8.001651987433434,0.0399258696142248,46.15138216621063,False
4189,Qinghai,solar PV,15y_price_premium,8.001651987433434,0.0399258696142248,46.15138216621063,False
4190,Qinghai,solar PV,15y_price_premium,8.001651987433434,0.0798517392063898,92.30276430692172,False
4192,Qinghai,solar PV,15y_price_premium,9.700053334236143,0.0314155169655063,29.977367584366814,False
4197,Qinghai,solar PV,15y_price_premium,8.130765035748482,0.0325575982617386,37.035015442851005,False
4204,Qinghai,solar PV,15y_price_premium,8.749554455280304,0.0804103478603027,85.0511492030115,False
4205,Qinghai,solar PV,15y_price_premium,9.112017005681992,0.28948638592269,294.05760198448826,False
4208,Qinghai,solar PV,15y_price_premium,7.96258382499218,0.1530645732768118,177.79013015711018,False
4225,Qinghai,solar PV,15y_price_premium,8.9851925522089,0.7156045290089451,737.0393071508719,False
4228,Qinghai,solar PV,15y_price_premium,8.001651987433434,0.0798517392063898,92.30276430692172,False
4233,Qinghai,solar PV,15y_price_premium,8.985192328691483,0.0715604509831176,73.70393057333989,False
4242,Qinghai,solar PV,15y_price_premium,10.760815143585203,0.0338819607414628,29.15283082995675,False
4250,Qinghai,solar PV,15y_price_premium,10.760815143585203,0.0338819607414628,29.15283082995675,False
4256,Qinghai,solar PV,15y_price_premium,9.19405035674572,0.0301889966352395,30.38724808895517,False
4263,Qinghai,solar PV,15y_price_premium,7.96258382499218,0.076532286705769,88.89506515679983,False
4268,Qinghai,solar PV,15y_price_premium,8.724581748247147,0.0479621152132342,50.86676430368544,False
4274,Qinghai,solar PV,15y_price_premium,8.655499443411827,0.046413090589439,49.61680059387553,False
4283,Qinghai,solar PV,15y_price_premium,8.724581971764565,0.039968430103039,42.38896997172044,False
4288,Qinghai,solar PV,15y_price_premium,7.660739421844482,0.0718255124891583,86.69863174542289,False
4291,Qinghai,solar PV,15y_price_premium,8.433027192950249,0.0357633821207614,39.23600570495086,False
4298,Qinghai,solar PV,15y_price_premium,10.53043931722641,0.0333583601121379,29.327740024991236,False
4301,Qinghai,solar PV,15y_price_premium,7.9898057878017426,0.075194821321199,87.04120356084296,False
4309,Qinghai,solar PV,15y_price_premium,10.23376040160656,0.0326814930080998,29.551171791084386,False
4317,Qinghai,solar PV,15y_price_premium,7.82898411154747,0.0804365360896144,95.0062439188986,False
4320,Qinghai,solar PV,15y_price_premium,8.724581971764565,0.039968430103039,42.38896997172044,False
4326,Qinghai,solar PV,15y_price_premium,8.96575391292572,0.0296305631966294,30.571286273481057,False
4420,Qinghai,solar PV,15y_price_premium,10.760815143585203,0.0338819607414628,29.15283082995675,False
4434,Qinghai,solar PV,15y_price_premium,9.096652418375015,0.1432684750109618,145.7642101918477,False
4440,Qinghai,solar PV,15y_price_premium,8.696376532316208,0.0719992159605886,76.60724294530172,False
4446,Qinghai,solar PV,15y_price_premium,9.096652418375015,0.1432684750109618,145.7642101918477,False
4452,Qinghai,solar PV,15y_price_premium,7.869191542267799,0.4586009296330178,538.9238506084965,False
4456,Qinghai,solar PV,15y_price_premium,10.739935040473938,0.0338346224107189,29.16869827108702,False
4463,Qinghai,solar PV,15y_price_premium,7.869191542267799,0.4586009296330178,538.9238506084965,False
4479,Qinghai,solar PV,15y_price_premium,10.10478749871254,0.0323715286355513,29.658363033256745,False
4490,Qinghai,solar PV,15y_price_premium,7.939752414822578,0.0480226255109448,55.930967894922965,False
4510,Qinghai,solar PV,15y_price_premium,8.239376842975616,0.0458882716936805,51.51414846933018,False
4516,Qinghai,solar PV,15y_price_premium,8.749554231762886,0.0402051729101136,42.52557460896224,False
4522,Qinghai,solar PV,15y_price_premium,8.749554231762886,0.0402051729101136,42.52557460896224,False
4535,Qinghai,solar PV,15y_price_premium,10.104420930147173,0.0323794966157331,29.652239851491125,False
4541,Qinghai,solar PV,15y_price_premium,10.23376040160656,0.0326814930080998,29.551171791084386,False
4543,Qinghai,solar PV,15y_price_premium,8.749554455280304,0.0804103478603027,85.0511492030115,False
4603,Qinghai,solar PV,15y_price_premium,10.036612898111343,0.0322212854391739,29.704816221665663,False
4609,Qinghai,solar PV,15y_price_premium,9.982624277472496,0.0320867393664195,29.75276623819687,False
4615,Qinghai,solar PV,15y_price_premium,8.96575391292572,0.0296305631966294,30.571286273481057,False
4622,Qinghai,solar PV,15y_price_premium,7.96258382499218,0.076532286705769,88.89506515679983,False
4631,Qinghai,solar PV,15y_price_premium,7.660739421844482,0.0718255124891583,86.69863174542289,False
4641,Qinghai,solar PV,15y_price_premium,8.970268741250038,0.0391402535647733,40.38142039059842,False
4642,Qinghai,solar PV,15y_price_premium,9.41100776195526,0.0307184385868138,30.210555830015004,False
4647,Qinghai,solar PV,15y_price_premium,7.914625704288483,0.0806965402040644,94.28697917385044,False
4648,Qinghai,solar PV,15y_price_premium,8.749554455280304,0.0804103478603027,85.0511492030115,False
4654,Qinghai,solar PV,15y_price_premium,8.749554455280304,0.0804103478603027,85.0511492030115,False
4682,Qinghai,solar PV,15y_price_premium,8.420907631516457,0.14338142341756,157.5217965714973,False
4690,Qinghai,solar PV,15y_price_premium,9.41100776195526,0.0307184385868138,30.210555830015004,False
4693,Qinghai,solar PV,15y_price_premium,10.581709295511246,0.0334816591275502,29.28417615659286,False
4705,Qinghai,solar PV,15y_price_premium,7.972321808338165,0.3700662703724854,429.2341682033298,False
4710,Qinghai,solar PV,15y_price_premium,8.585413098335266,0.0286709239901465,30.89328822607507,False
4712,Qinghai,solar PV,15y_price_premium,8.870769515633583,0.0293998538241556,30.645710166782013,False
4716,Qinghai,solar PV,15y_price_premium,8.174128979444504,0.0276115990483443,31.24816402755167,False
4718,Qinghai,solar PV,15y_price_premium,8.63476350903511,0.0291892512244721,31.27833946096096,False
4722,Qinghai,solar PV,15y_price_premium,8.111290633678436,0.1329549452412928,151.62972994083856,False
4724,Qinghai,solar PV,15y_price_premium,8.63476350903511,0.0291892512244721,31.27833946096096,False
4726,Qinghai,solar PV,15y_price_premium,10.094220712780952,0.0323565195488259,29.65956621585417,False
4744,Qinghai,solar PV,15y_price_premium,7.783618345856667,0.0949374048012125,112.7836727462063,False
4746,Qinghai,solar PV,15y_price_premium,9.117658361792564,0.0300137755971582,30.440424931861138,False
4752,Qinghai,solar PV,15y_price_premium,9.117658361792564,0.0300137755971582,30.440424931861138,False
4756,Qinghai,solar PV,15y_price_premium,8.14672127366066,0.0292942863881485,33.259771097955976,False
4757,Qinghai,solar PV,15y_price_premium,7.463931441307068,0.0265103198377584,32.830808904952946,False
4767,Qinghai,solar PV,15y_price_premium,8.74258004128933,0.0541024107126496,57.26019082888275,False
4795,Qinghai,solar PV,15y_price_premium,10.300144851207731,0.0328269891579152,29.505848925728834,False
4804,Qinghai,solar PV,15y_price_premium,8.816033229231834,0.0337049644273016,35.38063412671152,False
4811,Qinghai,solar PV,15y_price_premium,7.660739198327064,0.2154765326243717,260.09589697910855,False
4817,Qinghai,solar PV,15y_price_premium,9.531036168336868,0.0310070766515225,30.114873798277472,False
4824,Qinghai,solar PV,15y_price_premium,10.4142677038908,0.0330901423933241,29.418017403261544,False
4850,Qinghai,solar PV,15y_price_premium,10.323426872491837,0.0328823587387191,29.486765212346047,False
4854,Qinghai,solar PV,15y_price_premium,8.625519946217537,0.3633519434190944,389.762056819693,False
4857,Qinghai,solar PV,15y_price_premium,10.323426872491837,0.0328823587387191,29.486765212346047,False
4863,Qinghai,solar PV,15y_price_premium,10.323426872491837,0.0328823587387191,29.486765212346047,False
4865,Qinghai,solar PV,15y_price_premium,8.103377223014832,0.4181963545246012,477.34104004106,False
4868,Qinghai,solar PV,15y_price_premium,9.042046889662744,0.0298139247441661,30.512578149506496,False
4874,Qinghai,solar PV,15y_price_premium,9.042046889662744,0.0298139247441661,30.512578149506496,False
4879,Qinghai,solar PV,15y_price_premium,10.37411279976368,0.0329993327083435,29.44770715433067,False
4882,Qinghai,solar PV,15y_price_premium,10.104420930147173,0.0323794966157331,29.652239851491125,False
4889,Qinghai,solar PV,15y_price_premium,10.104420930147173,0.0323794966157331,29.652239851491125,False
4891,Qinghai,solar PV,15y_price_premium,7.97080859541893,0.0816444044943059,94.72709649913062,False
4897,Qinghai,solar PV,15y_price_premium,7.829021215438843,0.0438558677807019,51.80594714859016,False
4899,Qinghai,solar PV,15y_price_premium,8.724581971764565,0.039968430103039,42.38896997172044,False
4903,Qinghai,solar PV,15y_price_premium,10.23376040160656,0.0326814930080998,29.551171791084386,False
4905,Qinghai,solar PV,15y_price_premium,8.50390411913395,0.030246568101865,32.90938100393676,False
4911,Qinghai,solar PV,15y_price_premium,10.37411279976368,0.0329993327083435,29.44770715433067,False
4916,Qinghai,solar PV,15y_price_premium,8.503903895616531,0.0378082095076419,41.13672666191771,False
4928,Qinghai,solar PV,15y_price_premium,10.37411279976368,0.0329993327083435,29.44770715433067,False
4931,Qinghai,solar PV,15y_price_premium,9.096652418375015,0.0716342375346821,72.8821051256337,False
4932,Qinghai,solar PV,15y_price_premium,7.829020768404007,0.2631351920857681,310.8356833953559,False
4933,Qinghai,solar PV,15y_price_premium,9.045168086886406,0.0298213119426496,30.51025494926288,False
4943,Qinghai,solar PV,15y_price_premium,8.894702196121216,0.1635126438839917,170.132762107253,False
4944,Qinghai,solar PV,15y_price_premium,7.752083837985992,0.6701554894085009,799.4371134054145,False
4952,Qinghai,solar PV,15y_price_premium,8.894702196121216,0.1226344829421992,127.59957161082755,False
4956,Qinghai,solar PV,15y_price_premium,8.894702196121216,0.0408781609212896,42.53319047509246,False
4957,Qinghai,solar PV,15y_price_premium,10.37411279976368,0.0329993327083435,29.44770715433067,False
4960,Qinghai,solar PV,15y_price_premium,7.972321137785912,0.0277549677695011,32.19256241347175,False
4966,Qinghai,solar PV,15y_price_premium,8.970268964767456,0.0652337572282329,67.30236696840579,False
4977,Qinghai,solar PV,15y_price_premium,8.812374696135521,0.0293643742786349,30.839338094239523,False
4992,Qinghai,solar PV,15y_price_premium,8.852802962064743,0.5736100502138141,599.6202609006336,False
4994,Qinghai,solar PV,15y_price_premium,8.77918392419815,0.5440641363911086,573.5342550631643,False
4997,Qinghai,solar PV,15y_price_premium,10.76023869216442,0.0338832185170658,29.151442163745724,False
4998,Qinghai,solar PV,15y_price_premium,10.37411279976368,0.0329993327083435,29.44770715433067,False
6017,Xinjiang,solar PV,15y_price_premium,8.86411428451538,0.035147082062404,36.695103105477386,False
6030,Xinjiang,solar PV,15y_price_premium,10.59268020093441,0.0335261834999459,29.3173917059386,False
6031,Xinjiang,solar PV,15y_price_premium,9.651923552155496,0.0442044366674057,42.40966493826082,False
6032,Xinjiang,solar PV,15y_price_premium,10.002608746290209,0.0321595024186936,29.774597620047007,False
6036,Xinjiang,solar PV,15y_price_premium,10.055515095591543,0.1142712681948171,105.25837080994066,False
6037,Xinjiang,solar PV,15y_price_premium,9.258875325322151,0.0651583060490784,65.14777734923996,False
6057,Xinjiang,solar PV,15y_price_premium,9.72783699631691,0.0315116776627745,29.989942670443003,False
6059,Xinjiang,solar PV,15y_price_premium,9.279678985476494,0.0304304154170575,30.35083466000991,False
6060,Xinjiang,solar PV,15y_price_premium,9.099622070789335,0.0299851864270405,30.500813242896893,False
6061,Xinjiang,solar PV,15y_price_premium,10.429742261767387,0.0331646146019253,29.43390389862595,False
6063,Xinjiang,solar PV,15y_price_premium,8.474573269486427,0.0284164148217881,31.02445716524637,False
6066,Xinjiang,solar PV,15y_price_premium,9.364486411213877,0.0587882197723437,58.12015184054919,False
6067,Xinjiang,solar PV,15y_price_premium,8.683789819478989,0.0289513243984531,30.844307051366407,False
6068,Xinjiang,solar PV,15y_price_premium,9.672498553991318,0.0313881953000411,30.027688616064623,False
6069,Xinjiang,solar PV,15y_price_premium,8.241650238633156,0.0278205511515699,31.22205873556984,False
6070,Xinjiang,solar PV,15y_price_premium,8.221020251512527,0.0460721731692919,51.8338852934741,False
6076,Xinjiang,solar PV,15y_price_premium,8.803800120949745,0.0405485998788701,42.61731550939613,False
6082,Xinjiang,solar PV,15y_price_premium,8.604888170957565,0.15734398500574,169.18695659494296,False
6083,Xinjiang,solar PV,15y_price_premium,9.121833890676498,0.0467066702273749,47.39717659356285,False
6086,Xinjiang,solar PV,15y_price_premium,9.900043979287148,0.1059983434176165,99.1628129019405,False
6089,Xinjiang,solar PV,15y_price_premium,10.18727883696556,0.0325896394903946,29.631561800223277,False
6098,Xinjiang,solar PV,15y_price_premium,9.045919999480247,0.0369623286149918,37.82234510771485,False
6101,Xinjiang,solar PV,15y_price_premium,9.594735503196716,0.0311910455548965,30.097873037344083,False
6102,Xinjiang,solar PV,15y_price_premium,9.696258008480072,0.2072239244331315,197.9012718801668,False
6104,Xinjiang,solar PV,15y_price_premium,10.057290494441986,0.0322990872771077,29.723527651299023,False
6111,Xinjiang,solar PV,15y_price_premium,8.670797869563103,0.028916766188476,30.856596117633558,False
6112,Xinjiang,solar PV,15y_price_premium,9.575943276286123,0.1264075915377959,122.23098832517827,False
6114,Xinjiang,solar PV,15y_price_premium,8.87799896299839,0.0364975976221007,38.04510259245382,False
6120,Xinjiang,solar PV,15y_price_premium,8.670555353164673,0.0289145421943518,30.85803354066645,False
6123,Xinjiang,solar PV,15y_price_premium,10.288146659731863,0.0328386387909014,29.54257357511978,False
6124,Xinjiang,solar PV,15y_price_premium,8.87799896299839,0.0364975976221007,38.04510259245382,False
6129,Xinjiang,solar PV,15y_price_premium,9.483856335282326,0.1871954739730929,182.75630494050256,False
6131,Xinjiang,solar PV,15y_price_premium,9.121097177267076,0.3791957534251095,384.8491925157933,False
6133,Xinjiang,solar PV,15y_price_premium,9.744784757494926,0.0909293515920258,86.40707877227715,False
6140,Xinjiang,solar PV,15y_price_premium,8.649550080299377,0.0300520892984623,32.1506099104819,False
6143,Xinjiang,solar PV,15y_price_premium,9.12109650671482,0.0631992876165389,64.14153211156068,False
6149,Xinjiang,solar PV,15y_price_premium,8.763783127069473,0.1306301453763081,137.9186413412861,False
6159,Xinjiang,solar PV,15y_price_premium,9.12109650671482,0.2527971504782084,256.56612845847525,False
6160,Xinjiang,solar PV,15y_price_premium,9.431561306118963,0.2295558143376717,225.34034956214083,False
6165,Xinjiang,solar PV,15y_price_premium,8.841344118118286,0.1382593085887708,144.7052038639583,False
6178,Xinjiang,solar PV,15y_price_premium,9.36345174908638,0.0546606784802696,54.047787605704976,False
6183,Xinjiang,solar PV,15y_price_premium,8.53863313794136,0.0288322102904662,31.24225182524382,False
6189,Xinjiang,solar PV,15y_price_premium,9.650415480136871,0.0442976499896697,42.50256690393814,False
6190,Xinjiang,solar PV,15y_price_premium,8.943317010998726,0.0398437043346302,41.23149740936059,False
6191,Xinjiang,solar PV,15y_price_premium,9.361930266022682,0.0306291739006272,30.285184515507098,False
6197,Xinjiang,solar PV,15y_price_premium,9.363451302051544,0.2915236042585817,288.25486684995855,False
6199,Xinjiang,solar PV,15y_price_premium,9.650415480136871,0.7087623996759418,680.0410703106695,False
6214,Xinjiang,solar PV,15y_price_premium,8.841344118118286,0.0691296542911648,72.35260192860848,False
6215,Xinjiang,solar PV,15y_price_premium,9.157553985714912,0.0410494687673494,41.495619333360025,False
6219,Xinjiang,solar PV,15y_price_premium,9.097257480025291,0.0301752292695489,30.703081369225377,False
6224,Xinjiang,solar PV,15y_price_premium,9.255963116884232,0.0930800817814623,93.0963028926392,False
6230,Xinjiang,solar PV,15y_price_premium,8.934648782014847,0.0297688672581828,30.83202927902133,False
6247,Xinjiang,solar PV,15y_price_premium,9.589149802923204,0.2044522526755136,197.42261687205345,False
6253,Xinjiang,solar PV,15y_price_premium,8.841344118118286,0.0691296542911648,72.35260192860848,False
6259,Xinjiang,solar PV,15y_price_premium,9.493533745408058,0.1893861643869973,184.7124676508089,False
6268,Xinjiang,solar PV,15y_price_premium,8.655327335000038,0.2387852275709971,255.28895266322476,False
6270,Xinjiang,solar PV,15y_price_premium,8.87799896299839,0.0364975976221007,38.04510259245382,False
6276,Xinjiang,solar PV,15y_price_premium,8.610720857977867,0.1583964449944403,170.20506989129112,False
6288,Xinjiang,solar PV,15y_price_premium,8.346614241600037,0.3540118432235077,392.3532713729536,False
6290,Xinjiang,solar PV,15y_price_premium,9.9685737490654,0.0320898257025449,29.79376772244172,False
6294,Xinjiang,solar PV,15y_price_premium,8.278192654252052,0.031985832900446,35.74194240537535,False
6295,Xinjiang,solar PV,15y_price_premium,10.700943991541862,0.0337709178832074,29.23605729100773,False
6321,Xinjiang,solar PV,15y_price_premium,9.63331013917923,0.0312907592843898,30.061676514383368,False
6322,Xinjiang,solar PV,15y_price_premium,9.141084998846054,0.0523459394895914,53.00738235307836,False
6323,Xinjiang,solar PV,15y_price_premium,10.615032389760016,0.0335829747715192,29.296159664202285,False
6328,Xinjiang,solar PV,15y_price_premium,10.615032389760016,0.0335829747715192,29.296159664202285,False
6358,Xinjiang,solar PV,15y_price_premium,9.171130433678629,0.036167754315142,36.50788956980493,False
6360,Xinjiang,solar PV,15y_price_premium,10.14197587966919,0.0324898345313887,29.66265589448028,False
6361,Xinjiang,solar PV,15y_price_premium,9.091739729046822,0.045895168932022,46.725852408788725,False
6362,Xinjiang,solar PV,15y_price_premium,9.431342035531998,0.2168487448087886,212.8693110163605,False
6365,Xinjiang,solar PV,15y_price_premium,10.170201435685158,0.0325564765702283,29.640060061318927,False
6380,Xinjiang,solar PV,15y_price_premium,10.560539960861206,0.0334616355324409,29.335621845624,False
6387,Xinjiang,solar PV,15y_price_premium,9.514914974570274,0.0309999880086047,30.161246629679702,False
6388,Xinjiang,solar PV,15y_price_premium,8.677068874239922,0.0562827050768097,60.013652017176085,False
6389,Xinjiang,solar PV,15y_price_premium,7.982613891363144,0.0495430513304059,57.39438590497792,False
6394,Xinjiang,solar PV,15y_price_premium,8.617418333888054,0.070397498050801,75.58691504574384,False
6405,Xinjiang,solar PV,15y_price_premium,9.36448685824871,0.3527293352706847,348.7209108438819,False
6415,Xinjiang,solar PV,15y_price_premium,10.733705833554268,0.0338485177033694,29.208811411028805,False
6428,Xinjiang,solar PV,15y_price_premium,9.785074219107628,0.0316477758182528,29.944560923703676,False
6435,Xinjiang,solar PV,15y_price_premium,8.740900531411171,0.0679552586827295,71.94074896299782,False
6443,Xinjiang,solar PV,15y_price_premium,10.737923383712769,0.0338657916726959,29.200106359091897,False
6447,Xinjiang,solar PV,15y_price_premium,9.424207136034966,0.0856294170776816,84.11628386819388,False
6451,Xinjiang,solar PV,15y_price_premium,8.332721516489983,0.0309396890830156,34.351076869192894,False
6465,Xinjiang,solar PV,15y_price_premium,9.696224704384804,0.0314351560612024,30.01593175550288,False
6467,Xinjiang,solar PV,15y_price_premium,10.628622472286224,0.0336144047604598,29.285459896819845,False
6468,Xinjiang,solar PV,15y_price_premium,9.305488541722298,0.0304907335149994,30.331806195107088,False
6475,Xinjiang,solar PV,15y_price_premium,9.24893483519554,0.0553873302194328,55.43613064501905,False
6476,Xinjiang,solar PV,15y_price_premium,9.305488541722298,0.0304907335149994,30.331806195107088,False
6485,Xinjiang,solar PV,15y_price_premium,10.114493295550346,0.0324308015587222,29.68036765317168,False
6528,Xinjiang,solar PV,15y_price_premium,8.134762197732925,0.0477299972552712,54.26671438725729,False
6536,Xinjiang,solar PV,15y_price_premium,8.221020251512527,0.0460721731692919,51.8338852934741,False
6538,Xinjiang,solar PV,15y_price_premium,9.764374047517776,0.0315964354074627,29.962551235210714,False
6548,Xinjiang,solar PV,15y_price_premium,9.764374047517776,0.0315964354074627,29.962551235210714,False
6559,Xinjiang,solar PV,15y_price_premium,9.000342786312103,0.0499852529777992,51.40128068527715,False
6564,Xinjiang,solar PV,15y_price_premium,9.787159413099287,0.031649529056947,29.94525871223872,False
6565,Xinjiang,solar PV,15y_price_premium,9.744784533977509,0.0788054360444016,74.88613475119422,False
6566,Xinjiang,solar PV,15y_price_premium,9.52952854335308,0.0310333124218556,30.15089582592902,False
6574,Xinjiang,solar PV,15y_price_premium,9.267158657312391,0.030398207537592,30.362254425254587,False
6576,Xinjiang,solar PV,15y_price_premium,9.742608815431597,0.0742277309734118,70.55335176827985,False
6579,Xinjiang,solar PV,15y_price_premium,9.04664307832718,0.3184301822950698,325.802783521422,False
6582,Xinjiang,solar PV,15y_price_premium,9.03580941259861,0.2959054699089158,303.0937820188902,False
6590,Xinjiang,solar PV,15y_price_premium,9.01178777217865,0.0297694131628342,30.57224576216878,False
6598,Xinjiang,solar PV,15y_price_premium,9.263072311878204,0.2416471602870105,241.48837011410723,False
6602,Xinjiang,solar PV,15y_price_premium,9.523234069347382,0.0310235043145437,30.15198792587981,False
6607,Xinjiang,solar PV,15y_price_premium,9.380199238657951,0.0407053421893845,40.17108336858203,False
6609,Xinjiang,solar PV,15y_price_premium,9.2559964209795,0.3074276321590173,307.4768306792287,False
6625,Xinjiang,solar PV,15y_price_premium,9.447243735194206,0.0484773107180832,47.50506674528046,False
6628,Xinjiang,solar PV,15y_price_premium,9.365265369415283,0.0421454759485194,41.66351343915377,False
6634,Xinjiang,solar PV,15y_price_premium,10.461964085698128,0.0332254199456601,29.418657750789475,False
6638,Xinjiang,solar PV,15y_price_premium,9.332830756902696,0.04868222728187,48.29636196041467,False
6644,Xinjiang,solar PV,15y_price_premium,9.282677248120308,0.0304338871423775,30.351268663277157,False
6659,Xinjiang,solar PV,15y_price_premium,10.783643871545792,0.0339670850429156,29.166997313159992,False
6669,Xinjiang,solar PV,15y_price_premium,9.138364121317863,0.0317825247954944,32.1937110953689,False
6672,Xinjiang,solar PV,15y_price_premium,8.627170398831367,0.0330842874706872,35.4837246825097,False
6675,Xinjiang,solar PV,15y_price_premium,9.07883070409298,0.0299363882764477,30.51604749706868,False
6707,Xinjiang,solar PV,15y_price_premium,9.881517514586449,0.031885228815894,29.861764340586102,False
6720,Xinjiang,solar PV,15y_price_premium,9.568912982940674,0.031135288008737,30.113936769627045,False
6731,Xinjiang,solar PV,15y_price_premium,10.7751202583313,0.0339483713862436,29.173056036584104,False
6739,Xinjiang,solar PV,15y_price_premium,8.622464686632156,0.2830444886085083,303.7282878784447,False
6740,Xinjiang,solar PV,15y_price_premium,9.003693759441376,0.0297510790017666,30.57763576507768,False
6745,Xinjiang,solar PV,15y_price_premium,9.873423501849174,0.0322745654599583,30.27274162304045,False
6747,Xinjiang,solar PV,15y_price_premium,9.471469894051552,0.2317624694408591,226.55028166959136,False
6753,Xinjiang,solar PV,15y_price_premium,7.909069731831551,0.0277878579786168,32.48606413210636,False
6755,Xinjiang,solar PV,15y_price_premium,9.623267948627472,0.0312577383000231,30.076320483338144,False
6760,Xinjiang,solar PV,15y_price_premium,8.386301323771477,0.0361500979531609,39.87236665448207,False
6764,Xinjiang,solar PV,15y_price_premium,9.628972560167313,0.0312857667008244,30.06116277739694,False
6766,Xinjiang,solar PV,15y_price_premium,7.963126301765442,0.2075680403179595,241.07382561344608,False
6777,Xinjiang,solar PV,15y_price_premium,10.203518941998482,0.0326304670728563,29.616726773247706,False
6790,Xinjiang,solar PV,15y_price_premium,9.49736550450325,0.1126566706724301,109.8275078180518,False
6793,Xinjiang,solar PV,15y_price_premium,10.51520325243473,0.0333496086852766,29.3762928795384,False
6799,Xinjiang,solar PV,15y_price_premium,9.579042121767998,0.1095139138962767,105.86123320315156,False
6802,Xinjiang,solar PV,15y_price_premium,9.951510652899742,0.0320412529165136,29.81331091678224,False
6804,Xinjiang,solar PV,15y_price_premium,9.10093255341053,0.0574627100536405,58.44056162637421,False
6806,Xinjiang,solar PV,15y_price_premium,8.922042176127434,0.030987926214926,32.14543720365835,False
6812,Xinjiang,solar PV,15y_price_premium,9.569508656859398,0.523980008721246,506.9864066247761,False
6815,Xinjiang,solar PV,15y_price_premium,9.646728560328484,0.0313264343646409,30.04834296944219,False
6819,Xinjiang,solar PV,15y_price_premium,9.486524686217308,0.0948440025267025,92.57276083037384,False
6824,Xinjiang,solar PV,15y_price_premium,9.021741673350334,0.3479815953806305,356.99455977984513,False
6827,Xinjiang,solar PV,15y_price_premium,9.579042121767998,0.2190278276568021,211.72246627507965,False
6831,Xinjiang,solar PV,15y_price_premium,9.39573772251606,0.0314707096655464,31.00761228626154,False
6839,Xinjiang,solar PV,15y_price_premium,8.849586769938469,0.0525892163965382,55.00026771086392,False
6845,Xinjiang,solar PV,15y_price_premium,10.702056661248209,0.033778972638574,29.23126175055905,False
6852,Xinjiang,solar PV,15y_price_premium,10.702056661248209,0.033778972638574,29.23126175055905,False
6854,Xinjiang,solar PV,15y_price_premium,9.316074773669245,0.0790997630544829,78.60307032237792,False
6867,Xinjiang,solar PV,15y_price_premium,9.316074550151823,0.0527331742118945,52.40204698835903,False
6883,Xinjiang,solar PV,15y_price_premium,9.18846644461155,0.0302165447702378,30.41828794679634,False
6885,Xinjiang,solar PV,15y_price_premium,9.316074550151823,0.0527331742118945,52.40204698835903,False
6895,Xinjiang,solar PV,15y_price_premium,8.922652378678322,0.0450192028951272,46.6956543550476,False
6898,Xinjiang,solar PV,15y_price_premium,8.781108185648918,0.1346678367259885,141.90410429911745,False
6907,Xinjiang,solar PV,15y_price_premium,9.560248777270315,0.0450261194147346,43.61082527032576,False
6913,Xinjiang,solar PV,15y_price_premium,8.777364045381546,0.0639613859894161,67.43206023381715,False
6916,Xinjiang,solar PV,15y_price_premium,8.906452283263206,0.410923636707768,426.9965848790443,False
6918,Xinjiang,solar PV,15y_price_premium,9.79589156806469,0.0720505888595201,68.11583023153705,False
6928,Xinjiang,solar PV,15y_price_premium,7.954812347888946,0.0567283365475531,65.94315368689674,False
6938,Xinjiang,solar PV,15y_price_premium,9.440094083547592,0.0308178212730458,30.222622247128548,False
6959,Xinjiang,solar PV,15y_price_premium,8.492005169391632,0.0352988805569537,38.45825765948378,False
6963,Xinjiang,solar PV,15y_price_premium,8.841344118118286,0.0691296542911648,72.35260192860848,False
697,Gansu,solar PV,15y_price_premium,10.562171414494514,0.0334012729058836,29.30253490976733,False
6981,Xinjiang,solar PV,15y_price_premium,8.514474257826805,0.0580705419613231,63.10378326207099,False
7325,Xinjiang,solar PV,15y_price_premium,9.884253814816477,0.0318852577989386,29.864316333209228,False
7332,Xinjiang,solar PV,15y_price_premium,8.862974122166634,0.0621763004005437,64.92314946770409,False
W100,Gansu,wind,15y_price_premium,6.723926514387131,0.1555867760265878,213.78296894271472,False
W1057,Guangxi,wind,15y_price_premium,6.740737706422806,0.0268176006639362,36.75742089134923,False
W1069,Guangxi,wind,15y_price_premium,8.603017777204514,0.0293933626634448,31.61060202151533,False
W1073,Guangxi,wind,15y_price_premium,9.093040823936462,0.0299453298801834,30.474869723037035,False
W1083,Guangxi,wind,15y_price_premium,9.887242913246157,0.0318659189871711,29.83305526202697,False
W1130,Hebei,wind,15y_price_premium,10.221676602959633,0.0326990817523049,29.63007216599593,False
W1134,Hebei,wind,15y_price_premium,10.524107962846756,0.0333986074581645,29.395188160654,False
W124,Gansu,wind,15y_price_premium,6.723926737904549,0.154812717723582,212.71937223759235,False
W125,Gansu,wind,15y_price_premium,6.723926737904549,0.154812717723582,212.71937223759235,False
W1273,Guangxi,wind,15y_price_premium,10.326344221830368,0.0328949333587195,29.488453155350246,False
W1280,Hebei,wind,15y_price_premium,9.56513598561287,0.0311551761399417,30.142829713519664,False
W1284,Hebei,wind,15y_price_premium,10.39194792509079,0.0331043696984113,29.490111596897204,False
W130,Gansu,wind,15y_price_premium,7.476882264018059,0.1204884419824254,148.9642493308424,False
W1340,Hebei,wind,15y_price_premium,9.315620362758636,0.0305562275175709,30.34069712869292,False
W1356,Hebei,wind,15y_price_premium,9.272994250059128,0.0304518255995383,30.375703295929743,False
W1358,Hebei,wind,15y_price_premium,9.272994250059128,0.0304518255995383,30.375703295929743,False
W136,Gansu,wind,15y_price_premium,7.476882040500641,0.0301221096857984,37.24106244481737,False
W1360,Hebei,wind,15y_price_premium,8.894518911838531,0.0295104756236611,30.69286221872544,False
W1362,Hebei,wind,15y_price_premium,8.894518911838531,0.0295104756236611,30.69286221872544,False
W1374,Hebei,wind,15y_price_premium,8.833722844719887,0.0346978394700131,36.34530224893695,False
W1376,Hebei,wind,15y_price_premium,7.903038337826729,0.0776236186165029,90.82951259281444,False
W138,Gansu,wind,15y_price_premium,8.063441589474678,0.0971962728301533,111.48610638573652,False
W1387,Hebei,wind,15y_price_premium,7.903038337826729,0.0566652409244399,66.30554341390938,False
W1389,Hebei,wind,15y_price_premium,7.9030390083789825,0.038423694384497,44.96060862716958,False
W139,Gansu,wind,15y_price_premium,8.06344248354435,0.0976798451508284,112.04076127267388,False
W140,Gansu,wind,15y_price_premium,8.06344136595726,0.0483563532287108,55.46572448660063,False
W141,Gansu,wind,15y_price_premium,8.84748950600624,0.1149371157970557,120.22489939872176,False
W1482,Hainan,wind,15y_price_premium,6.752756014466286,0.0334728895594479,45.77273032999172,False
W1483,Hainan,wind,15y_price_premium,6.752756685018539,0.0321339773518045,43.94182136814959,False
W1502,Hebei,wind,15y_price_premium,9.283390492200851,0.0304738450386414,30.369743813056637,False
W1509,Hebei,wind,15y_price_premium,9.17598769068718,0.0302009509331101,30.464947445488463,False
W1529,Hebei,wind,15y_price_premium,9.56513598561287,0.0311551761399417,30.142829713519664,False
W1612,Hebei,wind,15y_price_premium,9.272994250059128,0.0304518255995383,30.375703295929743,False
W1769,Guangxi,wind,15y_price_premium,6.740739047527313,0.028529367441021,39.10363836412603,False
W1774,Guangxi,wind,15y_price_premium,6.740739047527313,0.028529367441021,39.10363836412603,False
W178,Beijing,wind,15y_price_premium,10.082161948084831,0.0324392335068003,29.77316318162201,False
W180,Beijing,wind,15y_price_premium,10.082161948084831,0.0324392335068003,29.77316318162201,False
W181,Beijing,wind,15y_price_premium,10.082161948084831,0.0324392335068003,29.77316318162201,False
W1866,Hebei,wind,15y_price_premium,6.740418747067452,0.0237938271370117,32.60138737362779,False
W1875,Hebei,wind,15y_price_premium,9.739025384187698,0.031585302403464,29.993622469725107,False
W1883,Hebei,wind,15y_price_premium,10.489645153284073,0.0333209570534743,29.420687083481276,False
W1887,Hebei,wind,15y_price_premium,9.074722006917,0.0299637904157772,30.539013355989766,False
W1892,Hebei,wind,15y_price_premium,9.332342818379402,0.0305933006862672,30.329829256231715,False
W2206,Heilongjiang,wind,15y_price_premium,6.708362102508545,0.0461329462893272,63.50362335717792,False
W2208,Heilongjiang,wind,15y_price_premium,6.708362326025963,0.0480551534374777,66.14960690883714,False
W2214,Heilongjiang,wind,15y_price_premium,6.708362326025963,0.0480551534374777,66.14960690883714,False
W2237,Heilongjiang,wind,15y_price_premium,7.250858545303345,0.0582730417772359,74.27125674745585,False
W2263,Hebei,wind,15y_price_premium,9.728163108229635,0.0315456754160396,30.01235551949373,False
W2266,Hebei,wind,15y_price_premium,10.39194792509079,0.0331043696984113,29.490111596897204,False
W2269,Heilongjiang,wind,15y_price_premium,6.86516560614109,0.0539809068844909,72.63465390964204,False
W2282,Heilongjiang,wind,15y_price_premium,7.545864209532738,0.0571145608298089,69.96063758175143,False
W2377,Hebei,wind,15y_price_premium,7.770762741565704,0.0409294351863079,48.63751120979122,False
W2379,Heilongjiang,wind,15y_price_premium,6.629707217216492,0.0572484853701679,79.75628029796763,False
W2383,Heilongjiang,wind,15y_price_premium,8.980318084359169,0.0297090659545456,30.59802959362307,False
W2404,Heilongjiang,wind,15y_price_premium,9.845105409622192,0.0318074699685954,29.89720933831632,False
W2420,Heilongjiang,wind,15y_price_premium,9.5147967338562,0.0310223983302628,30.157479826067284,False
W2423,Hebei,wind,15y_price_premium,10.224253088235857,0.0327271362066665,29.612104076312846,False
W2431,Hebei,wind,15y_price_premium,6.740418747067452,0.0237938271370117,32.60138737362779,False
W2436,Hebei,wind,15y_price_premium,6.740418747067452,0.0237938271370117,32.60138737362779,False
W2441,Hebei,wind,15y_price_premium,6.740418747067452,0.0237938271370117,32.60138737362779,False
W2447,Hebei,wind,15y_price_premium,10.224253088235857,0.0327271362066665,29.612104076312846,False
W2455,Hebei,wind,15y_price_premium,9.739025384187698,0.031585302403464,29.993622469725107,False
W2456,Heilongjiang,wind,15y_price_premium,9.5147967338562,0.0310223983302628,30.157479826067284,False
W2461,Hebei,wind,15y_price_premium,9.739025384187698,0.031585302403464,29.993622469725107,False
W2465,Hebei,wind,15y_price_premium,9.892210364341736,0.0319492362346834,29.871932506774552,False
W2466,Heilongjiang,wind,15y_price_premium,6.532955020666122,0.0325818840227515,46.05431595807231,False
W2468,Hebei,wind,15y_price_premium,10.454461053013802,0.0332606210105996,29.433057383011683,False
W2471,Heilongjiang,wind,15y_price_premium,6.532955020666122,0.0325818840227515,46.05431595807231,False
W2475,Heilongjiang,wind,15y_price_premium,6.532955020666122,0.0325818840227515,46.05431595807231,False
W2476,Hebei,wind,15y_price_premium,10.454461053013802,0.0332606210105996,29.433057383011683,False
W2477,Hebei,wind,15y_price_premium,10.224253088235857,0.0327271362066665,29.612104076312846,False
W2482,Hebei,wind,15y_price_premium,6.740418747067452,0.0237938271370117,32.60138737362779,False
W2488,Hebei,wind,15y_price_premium,6.740418747067452,0.0237938271370117,32.60138737362779,False
W2495,Heilongjiang,wind,15y_price_premium,6.532954350113869,0.028672055364602,40.52779856259617,False
W2497,Heilongjiang,wind,15y_price_premium,6.532955020666122,0.0325818840227515,46.05431595807231,False
W2504,Heilongjiang,wind,15y_price_premium,7.057226076722145,0.0408646730800337,53.4698137369802,False
W2507,Hebei,wind,15y_price_premium,6.740418747067452,0.0237938271370117,32.60138737362779,False
W2515,Hebei,wind,15y_price_premium,8.674626499414444,0.0458313321999936,48.883223255413895,False
W2519,Hebei,wind,15y_price_premium,10.224253088235857,0.0327271362066665,29.612104076312846,False
W2524,Heilongjiang,wind,15y_price_premium,6.418093889951706,0.0338992035541466,48.773872593432,False
W2525,Hebei,wind,15y_price_premium,6.740418747067452,0.0237938271370117,32.60138737362779,False
W2553,Heilongjiang,wind,15y_price_premium,6.749696061015129,0.0462279646789,63.26671263308787,False
W2567,Heilongjiang,wind,15y_price_premium,7.545863315463066,0.0285572770610803,34.9803188273507,False
W2577,Heilongjiang,wind,15y_price_premium,7.766325920820236,0.0265830136440866,31.644359720623505,False
W2590,Heilongjiang,wind,15y_price_premium,9.466540887951853,0.0309051132856533,30.196931797539875,False
W2604,Heilongjiang,wind,15y_price_premium,6.532955020666122,0.0325818840227515,46.05431595807231,False
W2610,Heilongjiang,wind,15y_price_premium,6.654203832149506,0.0317905148970667,44.11832155262015,False
W2622,Heilongjiang,wind,15y_price_premium,6.667833030223846,0.0317274986324388,43.95475170153194,False
W2626,Heilongjiang,wind,15y_price_premium,6.694891378283501,0.0428587283590138,59.119608201444215,False
W2638,Heilongjiang,wind,15y_price_premium,6.353402137756348,0.0428655552990559,62.30125308547954,False
W2648,Heilongjiang,wind,15y_price_premium,6.694891378283501,0.0428587283590138,59.119608201444215,False
W2655,Heilongjiang,wind,15y_price_premium,6.866562366485596,0.0544317777747189,73.19945076636847,False
W2665,Heilongjiang,wind,15y_price_premium,6.673624366521835,0.051891175683897,71.80108282751239,False
W2679,Heilongjiang,wind,15y_price_premium,6.673623919487,0.0498155253110351,68.92903950251623,False
W2693,Heilongjiang,wind,15y_price_premium,6.694891378283501,0.0428587283590138,59.119608201444215,False
W2703,Heilongjiang,wind,15y_price_premium,6.694891378283501,0.0428587283590138,59.119608201444215,False
W2708,Heilongjiang,wind,15y_price_premium,6.379227116703987,0.0351980880754012,50.950711234633744,False
W2710,Heilongjiang,wind,15y_price_premium,7.730722725391388,0.0576048087864026,68.80783354164447,False
W2713,Heilongjiang,wind,15y_price_premium,7.730722725391388,0.0576048087864026,68.80783354164447,False
W2720,Heilongjiang,wind,15y_price_premium,7.730722725391388,0.0576048087864026,68.80783354164447,False
W2724,Heilongjiang,wind,15y_price_premium,7.730722725391388,0.0576048087864026,68.80783354164447,False
W2734,Heilongjiang,wind,15y_price_premium,6.673624366521835,0.051891175683897,71.80108282751239,False
W2736,Heilongjiang,wind,15y_price_premium,6.889101415872574,0.0369970125017838,49.59157357416878,False
W2751,Heilongjiang,wind,15y_price_premium,6.88910186290741,0.0377520558187278,50.60364623046291,False
W2766,Heilongjiang,wind,15y_price_premium,6.889101192355156,0.034731887587376,46.55535401567257,False
W2767,Heilongjiang,wind,15y_price_premium,6.981582418084145,0.0549011192310059,72.61503825420542,False
W2778,Heilongjiang,wind,15y_price_premium,6.673624366521835,0.051891175683897,71.80108282751239,False
W2780,Hebei,wind,15y_price_premium,6.852221041917801,0.0368172279510946,49.63240080103868,False
W2781,Heilongjiang,wind,15y_price_premium,6.379227116703987,0.0351980880754012,50.950711234633744,False
W2786,Hebei,wind,15y_price_premium,8.123986423015594,0.0275513589579945,31.34456253335781,False
W2790,Heilongjiang,wind,15y_price_premium,6.379227116703987,0.0351980880754012,50.950711234633744,False
W2792,Hebei,wind,15y_price_premium,6.852221041917801,0.0368172279510946,49.63240080103868,False
W2794,Heilongjiang,wind,15y_price_premium,6.673624366521835,0.051891175683897,71.80108282751239,False
W2797,Hebei,wind,15y_price_premium,6.852221041917801,0.0368172279510946,49.63240080103868,False
W2803,Heilongjiang,wind,15y_price_premium,7.44176834821701,0.0449257841855257,55.750167899025854,False
W2812,Heilongjiang,wind,15y_price_premium,6.981582418084145,0.0549011192310059,72.61503825420542,False
W2813,Heilongjiang,wind,15y_price_premium,9.466540887951853,0.0309051132856533,30.196931797539875,False
W2820,Heilongjiang,wind,15y_price_premium,6.88910186290741,0.0377520558187278,50.60364623046291,False
W2822,Heilongjiang,wind,15y_price_premium,8.980318084359169,0.0297090659545456,30.59802959362307,False
W2824,Heilongjiang,wind,15y_price_premium,6.353402137756348,0.0428655552990559,62.30125308547954,False
W2827,Heilongjiang,wind,15y_price_premium,6.673623919487,0.0498155253110351,68.92903950251623,False
W2833,Heilongjiang,wind,15y_price_premium,6.353402137756348,0.0428655552990559,62.30125308547954,False
W2837,Heilongjiang,wind,15y_price_premium,6.673623919487,0.0498155253110351,68.92903950251623,False
W2843,Heilongjiang,wind,15y_price_premium,7.555011212825775,0.0550688962587576,67.37889347563657,False
W2845,Heilongjiang,wind,15y_price_premium,6.694891378283501,0.0428587283590138,59.119608201444215,False
W2853,Heilongjiang,wind,15y_price_premium,6.981582418084145,0.0549011192310059,72.61503825420542,False
W2866,Heilongjiang,wind,15y_price_premium,6.981582418084145,0.0549011192310059,72.61503825420542,False
W2868,Heilongjiang,wind,15y_price_premium,10.676322430372238,0.0337380250419354,29.250941333278007,False
W2869,Heilongjiang,wind,15y_price_premium,6.692652404308319,0.0567363477824533,78.31423383090656,False
W2877,Heilongjiang,wind,15y_price_premium,9.76855181157589,0.0316352609463238,29.95089575119609,False
W2880,Heilongjiang,wind,15y_price_premium,6.673624366521835,0.051891175683897,71.80108282751239,False
W2887,Heilongjiang,wind,15y_price_premium,6.673624366521835,0.051891175683897,71.80108282751239,False
W2892,Heilongjiang,wind,15y_price_premium,6.673624366521835,0.051891175683897,71.80108282751239,False
W2907,Heilongjiang,wind,15y_price_premium,8.080809116363525,0.0274164448507315,31.36402984417628,False
W2911,Heilongjiang,wind,15y_price_premium,7.098549082875252,0.058641441020362,76.34365997902876,False
W2919,Heilongjiang,wind,15y_price_premium,9.005131870508194,0.0672643215498807,69.13379534516943,False
W2924,Heilongjiang,wind,15y_price_premium,8.980318084359169,0.0297090659545456,30.59802959362307,False
W2934,Heilongjiang,wind,15y_price_premium,6.875034347176552,0.0521561741058259,70.08674955409703,False
W2966,Heilongjiang,wind,15y_price_premium,8.378207758069038,0.0378366938280138,41.77869879373524,False
W3095,Hunan,wind,15y_price_premium,10.342224910855291,0.0329558092752878,29.46450984866167,False
W3102,Hunan,wind,15y_price_premium,10.049698501825333,0.0322775622970434,29.68995171602076,False
W3107,Hunan,wind,15y_price_premium,10.016951635479929,0.0321967912675686,29.718444018759985,False
W3191,Inner Mongolia,wind,15y_price_premium,7.4023982137441635,0.1556677324761006,194.36136694752784,False
W3243,Hunan,wind,15y_price_premium,6.307010874152184,0.0249745175506979,36.567144451479535,False
W3274,Inner Mongolia,wind,15y_price_premium,9.607859998941422,0.0640243823601425,61.70528122546428,False
W3282,Inner Mongolia,wind,15y_price_premium,9.572798609733582,0.0311479375546485,30.129000771668544,False
W3338,Hunan,wind,15y_price_premium,10.702878087759018,0.0337849366230466,29.186107415188427,False
W3351,Hunan,wind,15y_price_premium,10.702878087759018,0.0337849366230466,29.186107415188427,False
W3358,Hunan,wind,15y_price_premium,10.049698501825333,0.0322775622970434,29.68995171602076,False
W3384,Hunan,wind,15y_price_premium,10.049698501825333,0.0322775622970434,29.68995171602076,False
W3410,Hunan,wind,15y_price_premium,8.911894261837006,0.0295126776256218,30.61811518041835,False
W3413,Hunan,wind,15y_price_premium,10.049698501825333,0.0322775622970434,29.68995171602076,False
W3447,Hunan,wind,15y_price_premium,6.949974149465561,0.0600003381756496,79.76749446676352,False
W3449,Hunan,wind,15y_price_premium,7.94378936290741,0.0270317961482874,31.446099117311253,False
W3459,Hunan,wind,15y_price_premium,8.69119293987751,0.0289619270935412,30.800614367851384,False
W3463,Hunan,wind,15y_price_premium,6.454307734966278,0.0258492209066109,36.98217610001543,False
W3472,Hunan,wind,15y_price_premium,9.761148914694786,0.0315906426979975,29.92120036739913,False
W3572,Hunan,wind,15y_price_premium,10.543106943368912,0.033414227961893,29.312603966602595,False
W3610,Hunan,wind,15y_price_premium,9.931212142109873,0.0319858062436402,29.792466188331257,False
W3973,Hunan,wind,15y_price_premium,10.543106943368912,0.033414227961893,29.312603966602595,False
W3983,Hunan,wind,15y_price_premium,9.360119551420212,0.0306123948621594,30.25292166151497,False
W4016,Inner Mongolia,wind,15y_price_premium,6.437819302082062,0.0378522619211049,54.29405711370973,False
W4047,Inner Mongolia,wind,15y_price_premium,7.014040499925613,0.0531014179732649,69.90890851546246,False
W4050,Inner Mongolia,wind,15y_price_premium,6.58773310482502,0.0277156214623722,38.85544213207642,False
W4054,Inner Mongolia,wind,15y_price_premium,6.58773310482502,0.0277156214623722,38.85544213207642,False
W4062,Inner Mongolia,wind,15y_price_premium,7.014040499925613,0.0531014179732649,69.90890851546246,False
W4090,Inner Mongolia,wind,15y_price_premium,6.855475679039955,0.082095497844926,110.63470696444884,False
W4101,Inner Mongolia,wind,15y_price_premium,6.500588357448578,0.0378659872258215,53.80062047388802,False
W4230,Inner Mongolia,wind,15y_price_premium,6.500587910413742,0.039443734234503,56.04231335369702,False
W4253,Inner Mongolia,wind,15y_price_premium,6.500587910413742,0.039443734234503,56.04231335369702,False
W4259,Inner Mongolia,wind,15y_price_premium,7.362801879644394,0.1336161456151134,167.7292438007388,False
W4268,Inner Mongolia,wind,15y_price_premium,7.362802103161812,0.0451405915475163,56.66528562306206,False
W4304,Inner Mongolia,wind,15y_price_premium,7.362802103161812,0.0451405915475163,56.66528562306206,False
W4313,Inner Mongolia,wind,15y_price_premium,7.053304240107536,0.0484118801255772,63.380258257849405,False
W4347,Inner Mongolia,wind,15y_price_premium,6.262054145336151,0.0374509940179513,55.22569667609722,False
W4386,Inner Mongolia,wind,15y_price_premium,7.434108182787895,0.0256987810748617,31.94401436811776,False
W4416,Inner Mongolia,wind,15y_price_premium,6.523325890302658,0.0478717543085823,67.76492157492247,False
W4461,Inner Mongolia,wind,15y_price_premium,8.331586942076683,0.0280778724778466,31.14630247940278,False
W4475,Inner Mongolia,wind,15y_price_premium,6.87686026096344,0.0241631993243515,32.45676433890404,False
W4484,Inner Mongolia,wind,15y_price_premium,8.27659159898758,0.0984903893161603,110.06344743158584,False
W4505,Inner Mongolia,wind,15y_price_premium,8.731454908847809,0.0290898296541682,30.81125174030029,False
W4506,Inner Mongolia,wind,15y_price_premium,6.523325890302658,0.0478717543085823,67.76492157492247,False
W4510,Inner Mongolia,wind,15y_price_premium,7.973137199878693,0.0271359003391173,31.46496851528973,False
W4517,Inner Mongolia,wind,15y_price_premium,7.973137199878693,0.0271359003391173,31.46496851528973,False
W4522,Inner Mongolia,wind,15y_price_premium,7.892756313085556,0.0269237899742821,31.535957809080287,False
W4533,Inner Mongolia,wind,15y_price_premium,6.437819302082062,0.0378522619211049,54.29405711370973,False
W4534,Inner Mongolia,wind,15y_price_premium,4.412594139575958,0.0167825033855985,35.780137395081994,False
W4539,Inner Mongolia,wind,15y_price_premium,6.855475679039955,0.082095497844926,110.63470696444884,False
W4548,Inner Mongolia,wind,15y_price_premium,6.855475679039955,0.0410477488075165,55.31735332731854,False
W4551,Inner Mongolia,wind,15y_price_premium,6.58773310482502,0.0277156214623722,38.85544213207642,False
W4588,Inner Mongolia,wind,15y_price_premium,8.52071151137352,0.028562982969293,30.984109150661112,False
W4603,Inner Mongolia,wind,15y_price_premium,7.532278597354889,0.1244156073684297,152.68504975401686,False
W4611,Inner Mongolia,wind,15y_price_premium,8.03342029452324,0.042875340545124,49.35849093091224,False
W4626,Inner Mongolia,wind,15y_price_premium,6.437819302082062,0.0378522619211049,54.29405711370973,False
W4690,Inner Mongolia,wind,15y_price_premium,7.415207326412201,0.2198717629182022,274.0906281620384,False
W4736,Inner Mongolia,wind,15y_price_premium,8.03342029452324,0.042875340545124,49.35849093091224,False
W4753,Inner Mongolia,wind,15y_price_premium,8.03342029452324,0.042875340545124,49.35849093091224,False
W4783,Inner Mongolia,wind,15y_price_premium,8.797797560691833,0.0292533881160829,30.75800934058569,False
W4791,Inner Mongolia,wind,15y_price_premium,8.72886411845684,0.0290796912456661,30.81618456304458,False
W4807,Inner Mongolia,wind,15y_price_premium,8.530475422739983,0.0285778830130547,30.98346584002994,False
W4808,Inner Mongolia,wind,15y_price_premium,8.72886411845684,0.0290796912456661,30.81618456304458,False
W4814,Inner Mongolia,wind,15y_price_premium,8.071611821651459,0.0927495511356346,106.25993379189256,False
W4815,Inner Mongolia,wind,15y_price_premium,8.72886411845684,0.0290796912456661,30.81618456304458,False
W4832,Inner Mongolia,wind,15y_price_premium,8.72886411845684,0.0290796912456661,30.81618456304458,False
W4837,Inner Mongolia,wind,15y_price_premium,8.331586942076683,0.0280778724778466,31.14630247940278,False
W4852,Inner Mongolia,wind,15y_price_premium,8.03342029452324,0.042875340545124,49.35849093091224,False
W4875,Inner Mongolia,wind,15y_price_premium,6.335535943508148,0.0313623957176272,45.71098119929852,False
W4888,Inner Mongolia,wind,15y_price_premium,6.335535943508148,0.0313623957176272,45.71098119929852,False
W4964,Inner Mongolia,wind,15y_price_premium,6.437819302082062,0.0378522619211049,54.29405711370973,False
W4968,Inner Mongolia,wind,15y_price_premium,7.442446276545525,0.0257260710240544,31.932678830510422,False
W4991,Inner Mongolia,wind,15y_price_premium,7.023773789405823,0.0305657187090096,40.186209673445006,False
W5005,Qinghai,wind,15y_price_premium,7.409947514533997,0.0384625053003893,47.98112904327606,False
W5007,Qinghai,wind,15y_price_premium,8.014640361070633,0.0686132354188902,79.17076519194174,False
W5009,Qinghai,wind,15y_price_premium,9.507649540901184,0.0309579464259775,30.128309951747266,False
W5010,Qinghai,wind,15y_price_premium,9.507649540901184,0.0309579464259775,30.128309951747266,False
W5014,Qinghai,wind,15y_price_premium,9.507649540901184,0.0309579464259775,30.128309951747266,False
W5019,Qinghai,wind,15y_price_premium,9.507649540901184,0.0309579464259775,30.128309951747266,False
W5021,Qinghai,wind,15y_price_premium,8.014640137553215,0.1543797776324454,178.13422427275117,False
W5022,Qinghai,wind,15y_price_premium,8.014640361070633,0.1372264714973634,158.3415311449566,False
W5025,Qinghai,wind,15y_price_premium,9.44791205227375,0.0308130290054918,30.17688042791432,False
W5112,Liaoning,wind,15y_price_premium,4.996662586927414,0.0187151734696483,34.89474432266458,False
W5243,Liaoning,wind,15y_price_premium,9.738845452666284,0.0315406499645751,29.96829299565148,False
W5305,Liaoning,wind,15y_price_premium,7.800207808613777,0.0270058627159189,31.97129757517488,False
W5342,Liaoning,wind,15y_price_premium,4.373858571052551,0.0170193396458785,36.386274556050864,False
W5379,Liaoning,wind,15y_price_premium,4.356288984417915,0.0166252751239858,35.67801213692832,False
W5423,Liaoning,wind,15y_price_premium,9.18286845088005,0.0305264944387629,30.81132371655257,False
W5501,Shandong,wind,15y_price_premium,6.87005952000618,0.0398268855982767,53.53896028624135,False
W5754,Qinghai,wind,15y_price_premium,8.014640137553215,0.1029198505606403,118.7561481370734,False
W5824,Jilin,wind,15y_price_premium,6.524935662746429,0.0233671526546364,33.34541118722837,False
W583,Gansu,wind,15y_price_premium,10.048582032322884,0.0409810993915896,37.77484939118982,False
W584,Gansu,wind,15y_price_premium,10.084860920906069,0.0323022929754892,29.66793762583437,False
W585,Gansu,wind,15y_price_premium,10.084860920906069,0.0323022929754892,29.66793762583437,False
W5940,Qinghai,wind,15y_price_premium,9.783054515719414,0.0496652856702468,47.01512340593825,False
W5948,Jilin,wind,15y_price_premium,7.753495573997498,0.0341970555935659,40.72989222248575,False
W5967,Liaoning,wind,15y_price_premium,6.486096829175949,0.0314873631975425,44.82828324556751,False
W6268,Shanxi,wind,15y_price_premium,7.865758314728737,0.0268366754088411,31.54181218894431,False
W6270,Shanxi,wind,15y_price_premium,8.805302381515503,0.0292605323699459,30.73083304518369,False
W6271,Shanxi,wind,15y_price_premium,7.865758314728737,0.0268366754088411,31.54181218894431,False
W629,Gansu,wind,15y_price_premium,6.65748305618763,0.0485619666753411,67.36167176848181,False
W6339,Shandong,wind,15y_price_premium,6.87005952000618,0.0398268855982767,53.53896028624135,False
W6352,Shandong,wind,15y_price_premium,10.236812978982924,0.0327394646031952,29.600421789674847,False
W6360,Shandong,wind,15y_price_premium,10.236812978982924,0.0327394646031952,29.600421789674847,False
W6375,Shandong,wind,15y_price_premium,6.586565226316452,0.026901779002722,37.71998560083358,False
W6384,Shandong,wind,15y_price_premium,6.586565226316452,0.026901779002722,37.71998560083358,False
W6386,Shandong,wind,15y_price_premium,6.586565226316452,0.0263637437248973,36.96558631258454,False
W6452,Shanxi,wind,15y_price_premium,9.244569540023804,0.0318794273798588,31.922582327099065,False
W6550,Shanxi,wind,15y_price_premium,8.935917913913727,0.0295768839960625,30.629489325038524,False
W6723,Shanxi,wind,15y_price_premium,9.757966473698616,0.0315824608119005,29.9581275476208,False
W6866,Shanxi,wind,15y_price_premium,10.784430876374245,0.0339686720316064,29.15816263251397,False
W6906,Shanxi,wind,15y_price_premium,8.37805062532425,0.0281657637998351,31.100789020500365,False
W6910,Shandong,wind,15y_price_premium,6.87005952000618,0.0398268855982767,53.53896028624135,False
W6915,Shanxi,wind,15y_price_premium,8.37805062532425,0.0281657637998351,31.100789020500365,False
W6918,Shandong,wind,15y_price_premium,6.87005952000618,0.0398268855982767,53.53896028624135,False
W6931,Shandong,wind,15y_price_premium,6.87005952000618,0.0398268855982767,53.53896028624135,False
W6937,Shandong,wind,15y_price_premium,6.586565226316452,0.026901779002722,37.71998560083358,False
W6954,Shandong,wind,15y_price_premium,6.58656544983387,0.0258257088869243,36.2111864122285,False
W6956,Shandong,wind,15y_price_premium,6.58656544983387,0.0258257088869243,36.2111864122285,False
W7010,Xinjiang,wind,15y_price_premium,9.427618682384493,0.037532755234341,36.85775112453369,False
W7013,Xinjiang,wind,15y_price_premium,9.427618682384493,0.0373460256770683,36.674379786443005,False
W7016,Xinjiang,wind,15y_price_premium,9.427618682384493,0.0373460256770683,36.674379786443005,False
W7019,Shanxi,wind,15y_price_premium,10.784430876374245,0.0339686720316064,29.15816263251397,False
W7029,Shanxi,wind,15y_price_premium,10.784430876374245,0.0339686720316064,29.15816263251397,False
W7080,Shanxi,wind,15y_price_premium,8.298295810818672,0.0406395881573482,45.30429999433451,False
W7124,Shanxi,wind,15y_price_premium,9.32885192334652,0.0305522132756068,30.300751475822494,False
W7125,Shanxi,wind,15y_price_premium,9.32885192334652,0.0305522132756068,30.300751475822494,False
W7127,Shanxi,wind,15y_price_premium,9.32885192334652,0.0305522132756068,30.300751475822494,False
W7177,Shanxi,wind,15y_price_premium,10.784430876374245,0.0339686720316064,29.15816263251397,False
W7183,Shanxi,wind,15y_price_premium,10.784430876374245,0.0339686720316064,29.15816263251397,False
W7194,Xinjiang,wind,15y_price_premium,10.790401250123978,0.0339802091801826,29.16341080726705,False
W7196,Shanxi,wind,15y_price_premium,9.32885192334652,0.0305522132756068,30.300751475822494,False
W7213,Xinjiang,wind,15y_price_premium,6.55243456363678,0.0312480795285775,44.05112949676943,False
W7224,Xinjiang,wind,15y_price_premium,7.910166084766388,0.1574474858537542,184.0539467972923,False
W7233,Xinjiang,wind,15y_price_premium,6.904706731438637,0.0266551948525641,35.66119678049342,False
W7243,Xinjiang,wind,15y_price_premium,6.904706731438637,0.0266551948525641,35.66119678049342,False
W7248,Shanxi,wind,15y_price_premium,8.148523047566414,0.0751454756656594,85.29070781655858,False
W7253,Shanxi,wind,15y_price_premium,8.705679774284363,0.0290000028714214,30.822078717256804,False
W7256,Xinjiang,wind,15y_price_premium,6.55243456363678,0.0312480795285775,44.05112949676943,False
W7258,Xinjiang,wind,15y_price_premium,6.55243456363678,0.0312480795285775,44.05112949676943,False
W7260,Shanxi,wind,15y_price_premium,8.148523047566414,0.0375727379875381,42.645354083874544,False
W7268,Xinjiang,wind,15y_price_premium,7.194256335496903,0.0250326928405926,32.150052428004955,False
W7269,Shanxi,wind,15y_price_premium,8.893762975931168,0.0294750013584287,30.662149509166785,False
W7273,Xinjiang,wind,15y_price_premium,9.847137853503227,0.0317903706978591,29.898812897112798,False
W7276,Xinjiang,wind,15y_price_premium,6.55243456363678,0.0312480795285775,44.05112949676943,False
W7277,Shanxi,wind,15y_price_premium,7.865758314728737,0.0268366754088411,31.54181218894431,False
W7281,Xinjiang,wind,15y_price_premium,6.579014360904694,0.0424473607896492,59.58219772182094,False
W7285,Xinjiang,wind,15y_price_premium,6.55243456363678,0.0312480795285775,44.05112949676943,False
W7371,Shanxi,wind,15y_price_premium,8.015284091234207,0.0272311853237918,31.4097530588159,False
W7380,Xinjiang,wind,15y_price_premium,6.904706731438637,0.0266551948525641,35.66119678049342,False
W7382,Shanxi,wind,15y_price_premium,8.37805062532425,0.0281657637998351,31.100789020500365,False
W7383,Xinjiang,wind,15y_price_premium,7.194256335496903,0.0250326928405926,32.150052428004955,False
W7399,Xinjiang,wind,15y_price_premium,6.904706731438637,0.0266551948525641,35.66119678049342,False
W7408,Shanxi,wind,15y_price_premium,8.148523718118668,0.0747697534396328,84.86425314179232,False
W7410,Xinjiang,wind,15y_price_premium,10.317773893475533,0.0328998907172467,29.524933817707737,False
W7421,Xinjiang,wind,15y_price_premium,7.922239154577255,0.0306812595751222,35.812070985992285,False
W7424,Xinjiang,wind,15y_price_premium,6.904706731438637,0.0266551948525641,35.66119678049342,False
W7431,Xinjiang,wind,15y_price_premium,6.904706731438637,0.0266551948525641,35.66119678049342,False
W7439,Xinjiang,wind,15y_price_premium,6.904706060886383,0.1599311516428248,213.96717808641327,False
W7447,Xinjiang,wind,15y_price_premium,6.904706731438637,0.0266551948525641,35.66119678049342,False
W7460,Xinjiang,wind,15y_price_premium,6.904706731438637,0.0266551948525641,35.66119678049342,False
W7468,Xinjiang,wind,15y_price_premium,6.904706731438637,0.0266551948525641,35.66119678049342,False
W7470,Xinjiang,wind,15y_price_premium,7.9222384840250015,0.076703143275907,89.53017843423751,False
W7474,Shanxi,wind,15y_price_premium,7.721867859363556,0.026453882715042,31.669938330079056,False
W7477,Xinjiang,wind,15y_price_premium,6.904706731438637,0.0266551948525641,35.66119678049342,False
W7479,Shanxi,wind,15y_price_premium,10.784430876374245,0.0339686720316064,29.15816263251397,False
W7480,Xinjiang,wind,15y_price_premium,6.904706731438637,0.0266551948525641,35.66119678049342,False
W7487,Xinjiang,wind,15y_price_premium,6.904706731438637,0.0266551948525641,35.66119678049342,False
W7492,Shanxi,wind,15y_price_premium,8.298295140266418,0.0541861121105231,60.4057321507501,False
W7495,Xinjiang,wind,15y_price_premium,6.904706731438637,0.0266551948525641,35.66119678049342,False
W7508,Xinjiang,wind,15y_price_premium,6.904706731438637,0.0266551948525641,35.66119678049342,False
W7514,Shanxi,wind,15y_price_premium,7.597282603383064,0.0282243250139855,34.34030354608406,False
W7515,Shanxi,wind,15y_price_premium,9.358403384685516,0.0306244697006521,30.276504822250345,False
W7516,Xinjiang,wind,15y_price_premium,6.904706731438637,0.0266551948525641,35.66119678049342,False
W7520,Shanxi,wind,15y_price_premium,7.597282603383064,0.0282243250139855,34.34030354608406,False
W7521,Shanxi,wind,15y_price_premium,8.148523047566414,0.0375727379875381,42.645354083874544,False
W7522,Xinjiang,wind,15y_price_premium,6.904706731438637,0.0266551948525641,35.66119678049342,False
W7535,Shanxi,wind,15y_price_premium,7.597281709313393,0.035167505504257,42.78801904022665,False
W7545,Xinjiang,wind,15y_price_premium,6.904706731438637,0.0266551948525641,35.66119678049342,False
W7546,Xinjiang,wind,15y_price_premium,10.80677166581154,0.0340115073466171,29.155066383994026,False
W7559,Xinjiang,wind,15y_price_premium,10.157119184732435,0.0325196964484314,29.654815279959625,False
W7560,Xinjiang,wind,15y_price_premium,6.904706731438637,0.0266551948525641,35.66119678049342,False
W7568,Xinjiang,wind,15y_price_premium,6.904706731438637,0.0266551948525641,35.66119678049342,False
W7578,Xinjiang,wind,15y_price_premium,6.904706731438637,0.0266551948525641,35.66119678049342,False
W7592,Xinjiang,wind,15y_price_premium,6.904706731438637,0.0266551948525641,35.66119678049342,False
W7600,Xinjiang,wind,15y_price_premium,6.55243456363678,0.0312480795285775,44.05112949676943,False
W7603,Shanxi,wind,15y_price_premium,10.272178128361702,0.0327970573437448,29.549776720443436,False
W7606,Xinjiang,wind,15y_price_premium,6.55243456363678,0.0312480795285775,44.05112949676943,False
W7611,Shanxi,wind,15y_price_premium,10.272178128361702,0.0327970573437448,29.549776720443436,False
W7626,Shanxi,wind,15y_price_premium,8.985316827893257,0.0297054797654847,30.584122902604687,False
W7639,Shanxi,wind,15y_price_premium,8.911715671420097,0.029521956950188,30.645553118181983,False
W7661,Shanxi,wind,15y_price_premium,10.272178128361702,0.0327970573437448,29.549776720443436,False
W7664,Xinjiang,wind,15y_price_premium,7.205974906682968,0.025060813637499,32.14264595102042,False
W7683,Xinjiang,wind,15y_price_premium,6.904706731438637,0.0266551948525641,35.66119678049342,False
W7693,Shanxi,wind,15y_price_premium,8.04856538772583,0.0297312841316914,34.16107862727755,False
W7695,Xinjiang,wind,15y_price_premium,10.088969394564629,0.032375682919792,29.69699314124173,False
W7700,Shanxi,wind,15y_price_premium,8.04856538772583,0.0297312841316914,34.16107862727755,False
W7725,Xinjiang,wind,15y_price_premium,9.732733368873596,0.0357390549517473,34.00293988826534,False
W7727,Xinjiang,wind,15y_price_premium,9.427618682384493,0.0373460256770683,36.674379786443005,False
W7729,Xinjiang,wind,15y_price_premium,6.369635090231896,0.0432334195058692,62.67709293839805,False
W7735,Xinjiang,wind,15y_price_premium,8.922639638185501,0.0802842143683721,83.26781214885325,False
W7754,Shanxi,wind,15y_price_premium,10.272178128361702,0.0327970573437448,29.549776720443436,False
W7757,Xinjiang,wind,15y_price_premium,10.317773893475533,0.0328998907172467,29.524933817707737,False
W7776,Xinjiang,wind,15y_price_premium,9.427618682384493,0.0373460256770683,36.674379786443005,False
W7784,Xinjiang,wind,15y_price_premium,8.922639861702919,0.2408526438701851,249.8034309823364,False
W7787,Xinjiang,wind,15y_price_premium,8.922639638185501,0.1204263192746433,124.90171586071102,False
W7788,Shanxi,wind,15y_price_premium,8.7518709897995,0.0291150051465177,30.784254313568347,False
W7789,Shanxi,wind,15y_price_premium,9.32885192334652,0.0305522132756068,30.300751475822494,False
W7793,Xinjiang,wind,15y_price_premium,6.369635090231896,0.0432334195058692,62.67709293839805,False
W7794,Shanxi,wind,15y_price_premium,8.37805062532425,0.0281657637998351,31.100789020500365,False
W7799,Shanxi,wind,15y_price_premium,9.32885192334652,0.0305522132756068,30.300751475822494,False
W7804,Xinjiang,wind,15y_price_premium,7.6129187643527985,0.0302357207111843,36.71742765397944,False
W7806,Xinjiang,wind,15y_price_premium,8.922639638185501,0.0802842143683721,83.26781214885325,False
W7812,Shanxi,wind,15y_price_premium,9.32885192334652,0.0305522132756068,30.300751475822494,False
W7816,Xinjiang,wind,15y_price_premium,8.922639638185501,0.0802842143683721,83.26781214885325,False
W7819,Shanxi,wind,15y_price_premium,10.784430876374245,0.0339686720316064,29.15816263251397,False
W7828,Xinjiang,wind,15y_price_premium,7.194256335496903,0.0250326928405926,32.150052428004955,False
W7829,Shanxi,wind,15y_price_premium,10.784430876374245,0.0339686720316064,29.15816263251397,False
W7830,Shanxi,wind,15y_price_premium,10.784430876374245,0.0339686720316064,29.15816263251397,False
W7838,Shanxi,wind,15y_price_premium,9.32885192334652,0.0305522132756068,30.300751475822494,False
W7840,Xinjiang,wind,15y_price_premium,10.12910597026348,0.0324698766690936,29.665376838598934,False
W7844,Xinjiang,wind,15y_price_premium,9.427618682384493,0.037532755234341,36.85775112453369,False
W7850,Shanxi,wind,15y_price_premium,9.358403384685516,0.0306244697006521,30.276504822250345,False
W7851,Xinjiang,wind,15y_price_premium,9.427618682384493,0.0373460256770683,36.674379786443005,False
W7852,Shanxi,wind,15y_price_premium,9.32885192334652,0.0305522132756068,30.300751475822494,False
W7865,Xinjiang,wind,15y_price_premium,9.109874814748764,0.0300114981468145,30.491599555294226,False
W7876,Xinjiang,wind,15y_price_premium,6.579014360904694,0.0424473607896492,59.58219772182094,False
W7877,Shanxi,wind,15y_price_premium,9.32885192334652,0.0305522132756068,30.300751475822494,False
W7883,Xinjiang,wind,15y_price_premium,8.01677294075489,0.0280964883850479,32.405244034115604,False
W7884,Shanxi,wind,15y_price_premium,9.32885192334652,0.0305522132756068,30.300751475822494,False
W7890,Xinjiang,wind,15y_price_premium,8.800719603896141,0.029249517064382,30.74307636872887,False
W7897,Xinjiang,wind,15y_price_premium,6.369635090231896,0.0432334195058692,62.67709293839805,False
W7904,Xinjiang,wind,15y_price_premium,6.579014360904694,0.0424473607896492,59.58219772182094,False
W7911,Xinjiang,wind,15y_price_premium,6.579014360904694,0.0424473607896492,59.58219772182094,False
W7914,Xinjiang,wind,15y_price_premium,6.579014360904694,0.0424473607896492,59.58219772182094,False
W7921,Xinjiang,wind,15y_price_premium,6.579014360904694,0.0424473607896492,59.58219772182094,False
W7927,Xinjiang,wind,15y_price_premium,8.01677294075489,0.0280964883850479,32.405244034115604,False
W7935,Shanxi,wind,15y_price_premium,9.32885192334652,0.0305522132756068,30.300751475822494,False
W7941,Shanxi,wind,15y_price_premium,9.32885192334652,0.0305522132756068,30.300751475822494,False
W7948,Shanxi,wind,15y_price_premium,8.148523047566414,0.0375727379875381,42.645354083874544,False
W7953,Shanxi,wind,15y_price_premium,9.32885192334652,0.0305522132756068,30.300751475822494,False
W7958,Shanxi,wind,15y_price_premium,8.148523047566414,0.0375727379875381,42.645354083874544,False
W7978,Shanxi,wind,15y_price_premium,9.32885192334652,0.0305522132756068,30.300751475822494,False
W8000,Xinjiang,wind,15y_price_premium,9.427618682384493,0.0373460256770683,36.674379786443005,False
W8045,Yunnan,wind,15y_price_premium,8.113890588283539,0.0551711120189598,62.882264364991805,False
W8050,Yunnan,wind,15y_price_premium,8.113889917731285,0.0424393133521927,48.3709724993514,False
W8096,Yunnan,wind,15y_price_premium,9.159303680062294,0.0332944067440335,33.64733670870073,False
W8098,Yunnan,wind,15y_price_premium,9.159303680062294,0.0332944067440335,33.64733670870073,False
W8111,Yunnan,wind,15y_price_premium,9.273962303996086,0.0451404629149731,45.05830801945254,False
W8153,Yunnan,wind,15y_price_premium,9.64353047311306,0.0313162530097716,30.062591102648327,False
W8162,Yunnan,wind,15y_price_premium,8.9733025431633,0.0409949898228179,42.285164940094816,False
W8214,Yunnan,wind,15y_price_premium,9.155348315835,0.0301391578026552,30.45239573672008,False
W89,Gansu,wind,15y_price_premium,6.723926737904549,0.154812717723582,212.71937223759235,False
W912,Gansu,wind,15y_price_premium,8.550449833273888,0.0285700884542547,30.90887809435079,False
W922,Gansu,wind,15y_price_premium,8.550449833273888,0.0285700884542547,30.90887809435079,False
W925,Gansu,wind,15y_price_premium,8.063441589474678,0.0971962728301533,111.48610638573652,False
W97,Gansu,wind,15y_price_premium,6.723926514387131,0.1555867760265878,213.78296894271472,False
W985,Gansu,wind,15y_price_premium,7.0113446563482285,0.1333473610601375,175.7400002187701,False
W994,Gansu,wind,15y_price_premium,8.550449833273888,0.0285700884542547,30.90887809435079,False
10956,Tibet,solar PV,upfront_capex_grant,0.2579380087554455,0.018571536630392,35.55745114131128,False
11041,Tibet,solar PV,upfront_capex_grant,0.3226151317358017,0.0232282894849777,34.0604801700346,False
11990,Tibet,solar PV,upfront_capex_grant,0.3105669170618057,0.02236081802845,34.34841923151096,False
1798,Qinghai,solar PV,upfront_capex_grant,0.4006242752075195,0.0907289629795056,99.70342745717228,False
1800,Qinghai,solar PV,upfront_capex_grant,0.4006242789328098,0.3944737554413785,433.493161156016,False
4006,Qinghai,solar PV,upfront_capex_grant,0.4426501467823982,0.0877886377631104,84.77793977802926,False
4040,Qinghai,solar PV,upfront_capex_grant,0.5032454505562782,0.036233672440052,29.44770715433067,False
4117,Qinghai,solar PV,upfront_capex_grant,0.5032454505562782,0.036233672440052,29.44770715433067,False
4126,Qinghai,solar PV,upfront_capex_grant,0.4548480808734894,0.0327490618228912,30.51025494926288,False
4127,Qinghai,solar PV,upfront_capex_grant,0.5032454505562782,0.036233672440052,29.44770715433067,False
4128,Qinghai,solar PV,upfront_capex_grant,0.5032454505562782,0.036233672440052,29.44770715433067,False
4129,Qinghai,solar PV,upfront_capex_grant,0.5032454505562782,0.036233672440052,29.44770715433067,False
4130,Qinghai,solar PV,upfront_capex_grant,0.4916584305465221,0.0353994069993496,29.701316827564614,False
4132,Qinghai,solar PV,upfront_capex_grant,0.4916584305465221,0.0353994069993496,29.701316827564614,False
4133,Qinghai,solar PV,upfront_capex_grant,0.4916584305465221,0.0353994069993496,29.701316827564614,False
4134,Qinghai,solar PV,upfront_capex_grant,0.5032454505562782,0.036233672440052,29.44770715433067,False
4135,Qinghai,solar PV,upfront_capex_grant,0.5032454505562782,0.036233672440052,29.44770715433067,False
4136,Qinghai,solar PV,upfront_capex_grant,0.4548480808734894,0.0327490618228912,30.51025494926288,False
4137,Qinghai,solar PV,upfront_capex_grant,0.4341139532625675,0.0332185021131016,32.90938100393676,False
4138,Qinghai,solar PV,upfront_capex_grant,0.4341494441032409,0.0534650737761781,52.960906796747885,False
4139,Qinghai,solar PV,upfront_capex_grant,0.4926184304058552,0.0354685269892215,29.680397414036463,False
4140,Qinghai,solar PV,upfront_capex_grant,0.4491116143763065,0.0897839924006044,85.0663810897123,False
4141,Qinghai,solar PV,upfront_capex_grant,0.5026766806840897,0.0361927210092544,29.459883843455675,False
4143,Qinghai,solar PV,upfront_capex_grant,0.4491116181015968,0.0448919965884619,42.53319047509246,False
4144,Qinghai,solar PV,upfront_capex_grant,0.5127159133553505,0.0369155457615852,29.239777303737203,False
4145,Qinghai,solar PV,upfront_capex_grant,0.5127159133553505,0.0369155457615852,29.239777303737203,False
4146,Qinghai,solar PV,upfront_capex_grant,0.45473612844944,0.0327410012483596,30.512578149506496,False
4147,Qinghai,solar PV,upfront_capex_grant,0.5032454505562782,0.036233672440052,29.44770715433067,False
4148,Qinghai,solar PV,upfront_capex_grant,0.5032454505562782,0.036233672440052,29.44770715433067,False
4149,Qinghai,solar PV,upfront_capex_grant,0.4341139383614063,0.0415231261639199,41.13672666191771,False
4151,Qinghai,solar PV,upfront_capex_grant,0.5003742352128029,0.0360269449353218,29.51027771852696,False
4153,Qinghai,solar PV,upfront_capex_grant,0.4006242789328098,0.0788947507830222,86.69863174542289,False
4154,Qinghai,solar PV,upfront_capex_grant,0.4914094470441341,0.0353814801871776,29.704816221665663,False
4155,Qinghai,solar PV,upfront_capex_grant,0.4006242752075195,0.1577894996839162,173.3972635850945,False
4156,Qinghai,solar PV,upfront_capex_grant,0.4006242752075195,0.118342125350468,130.0479484944896,False
4157,Qinghai,solar PV,upfront_capex_grant,0.4006242752075195,0.1577894996839162,173.3972635850945,False
4159,Qinghai,solar PV,upfront_capex_grant,0.4006242826581001,0.4181421867027484,459.5027519919197,False
4160,Qinghai,solar PV,upfront_capex_grant,0.4143581949174404,0.043852661593576,46.15138216621063,False
4161,Qinghai,solar PV,upfront_capex_grant,0.4248535893857479,0.0305894584357738,31.166670382256893,False
4163,Qinghai,solar PV,upfront_capex_grant,0.4279018938541412,0.0308089363574981,31.099888882075398,False
4165,Qinghai,solar PV,upfront_capex_grant,0.4109122827649116,0.044317640862764,47.14348955161445,False
4167,Qinghai,solar PV,upfront_capex_grant,0.4248535893857479,0.0305894584357738,31.166670382256893,False
4173,Qinghai,solar PV,upfront_capex_grant,0.516708716750145,0.0372030276060104,29.151442163745724,False
4176,Qinghai,solar PV,upfront_capex_grant,0.4984170123934746,0.0358860248923301,29.551171791084386,False
4179,Qinghai,solar PV,upfront_capex_grant,0.4914094470441341,0.0353814801871776,29.704816221665663,False
4180,Qinghai,solar PV,upfront_capex_grant,0.429255161434412,0.0309063716232776,31.070328538105414,False
4182,Qinghai,solar PV,upfront_capex_grant,0.4143581949174404,0.043852661593576,46.15138216621063,False
4189,Qinghai,solar PV,upfront_capex_grant,0.4143581949174404,0.043852661593576,46.15138216621063,False
4190,Qinghai,solar PV,upfront_capex_grant,0.4143581949174404,0.0877053231217336,92.30276430692172,False
4192,Qinghai,solar PV,upfront_capex_grant,0.47912572696805,0.0344970523416996,29.977367584366814,False
4197,Qinghai,solar PV,upfront_capex_grant,0.4195267595350742,0.0357591549916017,37.035015442851005,False
4204,Qinghai,solar PV,upfront_capex_grant,0.4435627833008766,0.0883075040284963,85.0511492030115,False
4205,Qinghai,solar PV,upfront_capex_grant,0.4573168717324734,0.3179012646280354,294.05760198448826,False
4208,Qinghai,solar PV,upfront_capex_grant,0.4128046482801437,0.1681202341529492,177.79013015711018,False
4225,Qinghai,solar PV,upfront_capex_grant,0.4525695331394672,0.7858642860975154,737.0393071508719,False
4228,Qinghai,solar PV,upfront_capex_grant,0.4143581949174404,0.0877053231217336,92.30276430692172,False
4233,Qinghai,solar PV,upfront_capex_grant,0.4525695219635963,0.0785864259853902,73.70393057333989,False
4242,Qinghai,solar PV,upfront_capex_grant,0.5166853182017803,0.0372013429105281,29.15283082995675,False
4250,Qinghai,solar PV,upfront_capex_grant,0.5166853182017803,0.0372013429105281,29.15283082995675,False
4256,Qinghai,solar PV,upfront_capex_grant,0.4604478925466537,0.033152248263359,30.38724808895517,False
4263,Qinghai,solar PV,upfront_capex_grant,0.4128046445548534,0.0840601163408751,88.89506515679983,False
4268,Qinghai,solar PV,upfront_capex_grant,0.4426501393318176,0.0526731818931545,50.86676430368544,False
4274,Qinghai,solar PV,upfront_capex_grant,0.4399853944778442,0.0509724253315657,49.61680059387553,False
4283,Qinghai,solar PV,upfront_capex_grant,0.4426501467823982,0.0438943189699121,42.38896997172044,False
4288,Qinghai,solar PV,upfront_capex_grant,0.4006242789328098,0.0788947507830222,86.69863174542289,False
4291,Qinghai,solar PV,upfront_capex_grant,0.431366890668869,0.0392778996956166,39.23600570495086,False
4298,Qinghai,solar PV,upfront_capex_grant,0.5087125152349472,0.0366273010969162,29.327740024991236,False
4301,Qinghai,solar PV,upfront_capex_grant,0.4139060527086258,0.0825909288289752,87.04120356084296,False
4309,Qinghai,solar PV,upfront_capex_grant,0.4984170123934746,0.0358860248923301,29.551171791084386,False
4317,Qinghai,solar PV,upfront_capex_grant,0.4074678421020508,0.0883510665236639,95.0062439188986,False
4320,Qinghai,solar PV,upfront_capex_grant,0.4426501467823982,0.0438943189699121,42.38896997172044,False
4326,Qinghai,solar PV,upfront_capex_grant,0.4519532732665539,0.0325406356751918,30.571286273481057,False
4420,Qinghai,solar PV,upfront_capex_grant,0.5166853182017803,0.0372013429105281,29.15283082995675,False
4434,Qinghai,solar PV,upfront_capex_grant,0.4567621611058712,0.1573322015684622,145.7642101918477,False
4440,Qinghai,solar PV,upfront_capex_grant,0.4415633901953697,0.0790715857264374,76.60724294530172,False
4446,Qinghai,solar PV,upfront_capex_grant,0.4567621611058712,0.1573322015684622,145.7642101918477,False
4452,Qinghai,solar PV,upfront_capex_grant,0.409082368016243,0.503720651163412,538.9238506084965,False
4456,Qinghai,solar PV,upfront_capex_grant,0.5159642733633518,0.0371494276821613,29.16869827108702,False
4463,Qinghai,solar PV,upfront_capex_grant,0.409082368016243,0.503720651163412,538.9238506084965,False
4479,Qinghai,solar PV,upfront_capex_grant,0.4936818666756153,0.0355450944006443,29.658363033256745,False
4490,Qinghai,solar PV,upfront_capex_grant,0.4119323976337909,0.0527468891928759,55.930967894922965,False
4510,Qinghai,solar PV,upfront_capex_grant,0.4238187484443187,0.0503997816848585,51.51414846933018,False
4516,Qinghai,solar PV,upfront_capex_grant,0.4435627795755863,0.0441537515961385,42.52557460896224,False
4522,Qinghai,solar PV,upfront_capex_grant,0.4435627795755863,0.0441537515961385,42.52557460896224,False
4535,Qinghai,solar PV,upfront_capex_grant,0.4938175193965435,0.0355548613965511,29.652239851491125,False
4541,Qinghai,solar PV,upfront_capex_grant,0.4984170123934746,0.0358860248923301,29.551171791084386,False
4543,Qinghai,solar PV,upfront_capex_grant,0.4435627833008766,0.0883075040284963,85.0511492030115,False
4603,Qinghai,solar PV,upfront_capex_grant,0.4914094470441341,0.0353814801871776,29.704816221665663,False
4609,Qinghai,solar PV,upfront_capex_grant,0.4893482960760593,0.0352330773174762,29.75276623819687,False
4615,Qinghai,solar PV,upfront_capex_grant,0.4519532732665539,0.0325406356751918,30.571286273481057,False
4622,Qinghai,solar PV,upfront_capex_grant,0.4128046445548534,0.0840601163408751,88.89506515679983,False
4631,Qinghai,solar PV,upfront_capex_grant,0.4006242789328098,0.0788947507830222,86.69863174542289,False
4641,Qinghai,solar PV,upfront_capex_grant,0.4519907273352146,0.0429831026288457,40.38142039059842,False
4642,Qinghai,solar PV,upfront_capex_grant,0.4685095325112343,0.0337326863408088,30.210555830015004,False
4647,Qinghai,solar PV,upfront_capex_grant,0.4109122827649116,0.0886352818779918,94.28697917385044,False
4648,Qinghai,solar PV,upfront_capex_grant,0.4435627833008766,0.0883075040284963,85.0511492030115,False
4654,Qinghai,solar PV,upfront_capex_grant,0.4435627833008766,0.0883075040284963,85.0511492030115,False
4682,Qinghai,solar PV,upfront_capex_grant,0.4309072569012642,0.1574724416473685,157.5217965714973,False
4690,Qinghai,solar PV,upfront_capex_grant,0.4685095325112343,0.0337326863408088,30.210555830015004,False
4693,Qinghai,solar PV,upfront_capex_grant,0.5106002576649189,0.0367632185518741,29.28417615659286,False
4705,Qinghai,solar PV,upfront_capex_grant,0.4132500514388084,0.4064706944935217,429.2341682033298,False
4710,Qinghai,solar PV,upfront_capex_grant,0.4373340643942356,0.0314880526363849,30.89328822607507,False
4712,Qinghai,solar PV,upfront_capex_grant,0.4484496004879474,0.0322883712351322,30.645710166782013,False
4716,Qinghai,solar PV,upfront_capex_grant,0.4211982972919941,0.0303262774050235,31.24816402755167,False
4718,Qinghai,solar PV,upfront_capex_grant,0.4391895309090614,0.0320567422544316,31.27833946096096,False
4722,Qinghai,solar PV,upfront_capex_grant,0.4187022261321544,0.146027960389399,151.62972994083856,False
4724,Qinghai,solar PV,upfront_capex_grant,0.4391895309090614,0.0320567422544316,31.27833946096096,False
4726,Qinghai,solar PV,upfront_capex_grant,0.4934690818190574,0.0355297738909721,29.65956621585417,False
4744,Qinghai,solar PV,upfront_capex_grant,0.4056373946368694,0.104279631076072,112.7836727462063,False
4746,Qinghai,solar PV,upfront_capex_grant,0.4577997773885727,0.0329615839719772,30.440424931861138,False
4752,Qinghai,solar PV,upfront_capex_grant,0.4577997773885727,0.0329615839719772,30.440424931861138,False
4756,Qinghai,solar PV,upfront_capex_grant,0.4201441444456577,0.0321747563662197,33.259771097955976,False
4757,Qinghai,solar PV,upfront_capex_grant,0.3926372677087784,0.0291210839842971,32.830808904952946,False
4767,Qinghai,solar PV,upfront_capex_grant,0.4433457404375076,0.059416516539678,57.26019082888275,False
4795,Qinghai,solar PV,upfront_capex_grant,0.5006187483668327,0.0360445498824119,29.505848925728834,False
4804,Qinghai,solar PV,upfront_capex_grant,0.4461199007928371,0.0370149104066589,35.38063412671152,False
4811,Qinghai,solar PV,upfront_capex_grant,0.4006242752075195,0.2366842505674874,260.09589697910855,False
4817,Qinghai,solar PV,upfront_capex_grant,0.4729019589722156,0.0340489410459995,30.114873798277472,False
4824,Qinghai,solar PV,upfront_capex_grant,0.5046254694461823,0.0363330338001251,29.418017403261544,False
4850,Qinghai,solar PV,upfront_capex_grant,0.5014643482863903,0.0361054330766201,29.486765212346047,False
4854,Qinghai,solar PV,upfront_capex_grant,0.4388407431542873,0.3990480542942051,389.762056819693,False
4857,Qinghai,solar PV,upfront_capex_grant,0.5014643482863903,0.0361054330766201,29.486765212346047,False
4863,Qinghai,solar PV,upfront_capex_grant,0.5014643482863903,0.0361054330766201,29.486765212346047,False
4865,Qinghai,solar PV,upfront_capex_grant,0.4184215143322944,0.4593200700559787,477.34104004106,False
4868,Qinghai,solar PV,upfront_capex_grant,0.45473612844944,0.0327410012483596,30.512578149506496,False
4874,Qinghai,solar PV,upfront_capex_grant,0.45473612844944,0.0327410012483596,30.512578149506496,False
4879,Qinghai,solar PV,upfront_capex_grant,0.5032454505562782,0.036233672440052,29.44770715433067,False
4882,Qinghai,solar PV,upfront_capex_grant,0.4938175193965435,0.0355548613965511,29.652239851491125,False
4889,Qinghai,solar PV,upfront_capex_grant,0.4938175193965435,0.0355548613965511,29.652239851491125,False
4891,Qinghai,solar PV,upfront_capex_grant,0.4131578616797924,0.0896754032201851,94.72709649913062,False
4897,Qinghai,solar PV,upfront_capex_grant,0.4074354097247123,0.0481707009361274,51.80594714859016,False
4899,Qinghai,solar PV,upfront_capex_grant,0.4426501467823982,0.0438943189699121,42.38896997172044,False
4903,Qinghai,solar PV,upfront_capex_grant,0.4984170123934746,0.0358860248923301,29.551171791084386,False
4905,Qinghai,solar PV,upfront_capex_grant,0.4341139532625675,0.0332185021131016,32.90938100393676,False
4911,Qinghai,solar PV,upfront_capex_grant,0.5032454505562782,0.036233672440052,29.44770715433067,False
4916,Qinghai,solar PV,upfront_capex_grant,0.4341139383614063,0.0415231261639199,41.13672666191771,False
4928,Qinghai,solar PV,upfront_capex_grant,0.5032454505562782,0.036233672440052,29.44770715433067,False
4931,Qinghai,solar PV,upfront_capex_grant,0.4567621611058712,0.0786661008637946,72.8821051256337,False
4932,Qinghai,solar PV,upfront_capex_grant,0.4074353873729706,0.2890241862801638,310.8356833953559,False
4933,Qinghai,solar PV,upfront_capex_grant,0.4548480808734894,0.0327490618228912,30.51025494926288,False
4943,Qinghai,solar PV,upfront_capex_grant,0.4491116143763065,0.1795679846975011,170.132762107253,False
4944,Qinghai,solar PV,upfront_capex_grant,0.4043338522315025,0.7361013838829218,799.4371134054145,False
4952,Qinghai,solar PV,upfront_capex_grant,0.4491116143763065,0.1346759886416086,127.59957161082755,False
4956,Qinghai,solar PV,upfront_capex_grant,0.4491116181015968,0.0448919965884619,42.53319047509246,False
4957,Qinghai,solar PV,upfront_capex_grant,0.5032454505562782,0.036233672440052,29.44770715433067,False
4960,Qinghai,solar PV,upfront_capex_grant,0.413250021636486,0.0304852990729873,32.19256241347175,False
4966,Qinghai,solar PV,upfront_capex_grant,0.4519907310605049,0.0716385048776104,67.30236696840579,False
4977,Qinghai,solar PV,upfront_capex_grant,0.445958599448204,0.0322479337995422,30.839338094239523,False
4992,Qinghai,solar PV,upfront_capex_grant,0.4475299566984176,0.6299382821115537,599.6202609006336,False
4994,Qinghai,solar PV,upfront_capex_grant,0.4446949101984501,0.5974942355615239,573.5342550631643,False
4997,Qinghai,solar PV,upfront_capex_grant,0.516708716750145,0.0372030276060104,29.151442163745724,False
4998,Qinghai,solar PV,upfront_capex_grant,0.5032454505562782,0.036233672440052,29.44770715433067,False
6017,Xinjiang,solar PV,upfront_capex_grant,0.4484414085745811,0.0385983035189764,36.695103105477386,False
6030,Xinjiang,solar PV,upfront_capex_grant,0.5112526640295982,0.036810191810131,29.3173917059386,False
6031,Xinjiang,solar PV,upfront_capex_grant,0.4777457192540169,0.0485393241868409,42.40966493826082,False
6032,Xinjiang,solar PV,upfront_capex_grant,0.4904427342116833,0.0353118768632411,29.774597620047007,False
6036,Xinjiang,solar PV,upfront_capex_grant,0.4922897517681122,0.1254706493284938,105.25837080994066,False
6037,Xinjiang,solar PV,upfront_capex_grant,0.4632820039987564,0.0715520604487477,65.14777734923996,False
6057,Xinjiang,solar PV,upfront_capex_grant,0.4805837981402874,0.0346020334661006,29.989942670443003,False
6059,Xinjiang,solar PV,upfront_capex_grant,0.464122012257576,0.0334167848825454,30.35083466000991,False
6060,Xinjiang,solar PV,upfront_capex_grant,0.4573382139205932,0.0329283514022827,30.500813242896893,False
6061,Xinjiang,solar PV,upfront_capex_grant,0.5057662092149258,0.0364151670634746,29.43390389862595,False
6063,Xinjiang,solar PV,upfront_capex_grant,0.4334528483450413,0.0312086050808429,31.02445716524637,False
6066,Xinjiang,solar PV,upfront_capex_grant,0.4671999253332615,0.0645559112689202,58.12015184054919,False
6067,Xinjiang,solar PV,upfront_capex_grant,0.4416030310094356,0.0317954182326793,30.844307051366407,False
6068,Xinjiang,solar PV,upfront_capex_grant,0.4787176586687565,0.0344676714241504,30.027688616064623,False
6069,Xinjiang,solar PV,upfront_capex_grant,0.4243845604360103,0.0305556883513927,31.22205873556984,False
6070,Xinjiang,solar PV,upfront_capex_grant,0.4235733188688755,0.0506018912564529,51.8338852934741,False
6076,Xinjiang,solar PV,upfront_capex_grant,0.4461800418794155,0.0445309650533743,42.61731550939613,False
6082,Xinjiang,solar PV,upfront_capex_grant,0.4385194815695286,0.1728015775471476,169.18695659494296,False
6083,Xinjiang,solar PV,upfront_capex_grant,0.4581574872136116,0.0512908022211592,47.39717659356285,False
6086,Xinjiang,solar PV,upfront_capex_grant,0.4867207556962967,0.1163891403310829,99.1628129019405,False
6089,Xinjiang,solar PV,upfront_capex_grant,0.496988758444786,0.0357831906080245,29.631561800223277,False
6098,Xinjiang,solar PV,upfront_capex_grant,0.4552993588149547,0.0405904916500552,37.82234510771485,False
6101,Xinjiang,solar PV,upfront_capex_grant,0.4756987802684307,0.034250312179327,30.097873037344083,False
6102,Xinjiang,solar PV,upfront_capex_grant,0.4793673940002918,0.2275442747057075,197.9012718801668,False
6104,Xinjiang,solar PV,upfront_capex_grant,0.4925861954689026,0.0354662060737609,29.723527651299023,False
6111,Xinjiang,solar PV,upfront_capex_grant,0.4410741552710533,0.0317573391795158,30.856596117633558,False
6112,Xinjiang,solar PV,upfront_capex_grant,0.4749733172357082,0.1388051552318424,122.23098832517827,False
6114,Xinjiang,solar PV,upfront_capex_grant,0.4489750787615776,0.0400813923931877,38.04510259245382,False
6120,Xinjiang,solar PV,upfront_capex_grant,0.44103779271245,0.0317547210752964,30.85803354066645,False
6123,Xinjiang,solar PV,upfront_capex_grant,0.5008040927350521,0.0360578946769237,29.54257357511978,False
6124,Xinjiang,solar PV,upfront_capex_grant,0.4489750787615776,0.0400813923931877,38.04510259245382,False
6129,Xinjiang,solar PV,upfront_capex_grant,0.4715975187718868,0.2055575180460264,182.75630494050256,False
6131,Xinjiang,solar PV,upfront_capex_grant,0.4581173919141292,0.4164117820671539,384.8491925157933,False
6133,Xinjiang,solar PV,upfront_capex_grant,0.4811348021030426,0.0998453465258314,86.40707877227715,False
6140,Xinjiang,solar PV,upfront_capex_grant,0.4402196258306503,0.033004048651643,32.1506099104819,False
6143,Xinjiang,solar PV,upfront_capex_grant,0.4581173658370971,0.0694019583533682,64.14153211156068,False
6149,Xinjiang,solar PV,upfront_capex_grant,0.4446492716670036,0.1434604577740226,137.9186413412861,False
6159,Xinjiang,solar PV,upfront_capex_grant,0.4581173658370971,0.2776078334465144,256.56612845847525,False
6160,Xinjiang,solar PV,upfront_capex_grant,0.4696809723973274,0.2520752584807537,225.34034956214083,False
6165,Xinjiang,solar PV,upfront_capex_grant,0.4476006217300892,0.1518368324741743,144.7052038639583,False
6178,Xinjiang,solar PV,upfront_capex_grant,0.4671489410102367,0.0600232754987914,54.047787605704976,False
6183,Xinjiang,solar PV,upfront_capex_grant,0.4359509982168674,0.031665003952253,31.24225182524382,False
6189,Xinjiang,solar PV,upfront_capex_grant,0.4777126908302307,0.0486418970564841,42.50256690393814,False
6190,Xinjiang,solar PV,upfront_capex_grant,0.4514537453651428,0.0437556300557811,41.23149740936059,False
6191,Xinjiang,solar PV,upfront_capex_grant,0.467145424336195,0.033634470552206,30.285184515507098,False
6197,Xinjiang,solar PV,upfront_capex_grant,0.4671489298343658,0.3201241253679309,288.25486684995855,False
6199,Xinjiang,solar PV,upfront_capex_grant,0.4777126908302307,0.7782703526838172,680.0410703106695,False
6214,Xinjiang,solar PV,upfront_capex_grant,0.4476006217300892,0.0759184162521768,72.35260192860848,False
6215,Xinjiang,solar PV,upfront_capex_grant,0.4594902172684669,0.0450780769168478,41.495619333360025,False
6219,Xinjiang,solar PV,upfront_capex_grant,0.457239743322134,0.0331369951382648,30.703081369225377,False
6224,Xinjiang,solar PV,upfront_capex_grant,0.4631668291985988,0.102213604425461,93.0963028926392,False
6230,Xinjiang,solar PV,upfront_capex_grant,0.4511572159826755,0.0326918811029141,30.83202927902133,False
6247,Xinjiang,solar PV,upfront_capex_grant,0.4754619337618351,0.2245039766875182,197.42261687205345,False
6253,Xinjiang,solar PV,upfront_capex_grant,0.4476006217300892,0.0759184162521768,72.35260192860848,False
6259,Xinjiang,solar PV,upfront_capex_grant,0.4719456359744072,0.2079625092383329,184.7124676508089,False
6268,Xinjiang,solar PV,upfront_capex_grant,0.4404430985450744,0.2622404624543263,255.28895266322476,False
6270,Xinjiang,solar PV,upfront_capex_grant,0.4489750787615776,0.0400813923931877,38.04510259245382,False
6276,Xinjiang,solar PV,upfront_capex_grant,0.4387426823377609,0.1739572033776161,170.20506989129112,False
6288,Xinjiang,solar PV,upfront_capex_grant,0.4284889809787273,0.3888075791379817,392.3532713729536,False
6290,Xinjiang,solar PV,upfront_capex_grant,0.4893986843526363,0.0352367052733898,29.79376772244172,False
6294,Xinjiang,solar PV,upfront_capex_grant,0.4258002936840057,0.0351300888121498,35.74194240537535,False
6295,Xinjiang,solar PV,upfront_capex_grant,0.5149767175316811,0.037078323662281,29.23605729100773,False
6321,Xinjiang,solar PV,upfront_capex_grant,0.4772283919155597,0.0343604442179203,30.061676514383368,False
6322,Xinjiang,solar PV,upfront_capex_grant,0.4588858112692833,0.0574834652541727,53.00738235307836,False
6323,Xinjiang,solar PV,upfront_capex_grant,0.512127049267292,0.036873147547245,29.296159664202285,False
6328,Xinjiang,solar PV,upfront_capex_grant,0.512127049267292,0.036873147547245,29.296159664202285,False
6358,Xinjiang,solar PV,upfront_capex_grant,0.4599914848804474,0.0397171376801612,36.50788956980493,False
6360,Xinjiang,solar PV,upfront_capex_grant,0.4954785853624344,0.0356744581460952,29.66265589448028,False
6361,Xinjiang,solar PV,upfront_capex_grant,0.4570345245301723,0.0503999428487554,46.725852408788725,False
6362,Xinjiang,solar PV,upfront_capex_grant,0.4696759805083275,0.2381217771947078,212.8693110163605,False
6365,Xinjiang,solar PV,upfront_capex_grant,0.4964945949614048,0.0357476108372211,29.640060061318927,False
6380,Xinjiang,solar PV,upfront_capex_grant,0.5102843195199966,0.0367404710054397,29.335621845624,False
6387,Xinjiang,solar PV,upfront_capex_grant,0.4727915897965431,0.0340409944653511,30.161246629679702,False
6388,Xinjiang,solar PV,upfront_capex_grant,0.4413224421441555,0.061811537474739,60.013652017176085,False
6389,Xinjiang,solar PV,upfront_capex_grant,0.4141052290797233,0.0544162927797141,57.39438590497792,False
6394,Xinjiang,solar PV,upfront_capex_grant,0.4390023164451122,0.0773132382411421,75.58691504574384,False
6405,Xinjiang,solar PV,upfront_capex_grant,0.467199943959713,0.387335488131265,348.7209108438819,False
6415,Xinjiang,solar PV,upfront_capex_grant,0.5161638855934143,0.0371637997627258,29.208811411028805,False
6428,Xinjiang,solar PV,upfront_capex_grant,0.4826556108891964,0.0347512039840221,29.944560923703676,False
6435,Xinjiang,solar PV,upfront_capex_grant,0.4437448754906654,0.0746295625768105,71.94074896299782,False
6443,Xinjiang,solar PV,upfront_capex_grant,0.5164397060871124,0.037183658838272,29.200106359091897,False
6447,Xinjiang,solar PV,upfront_capex_grant,0.4694302976131439,0.0940301491033538,84.11628386819388,False
6451,Xinjiang,solar PV,upfront_capex_grant,0.427915696054697,0.0339806159422327,34.351076869192894,False
6465,Xinjiang,solar PV,upfront_capex_grant,0.4794170223176479,0.0345180256068706,30.01593175550288,False
6467,Xinjiang,solar PV,upfront_capex_grant,0.5126064270734787,0.0369076627492904,29.285459896819845,False
6468,Xinjiang,solar PV,upfront_capex_grant,0.4650361202657223,0.033482600659132,30.331806195107088,False
6475,Xinjiang,solar PV,upfront_capex_grant,0.462919320911169,0.0608224693679885,55.43613064501905,False
6476,Xinjiang,solar PV,upfront_capex_grant,0.4650361202657223,0.033482600659132,30.331806195107088,False
6485,Xinjiang,solar PV,upfront_capex_grant,0.4945881217718124,0.0356103447675704,29.68036765317168,False
6528,Xinjiang,solar PV,upfront_capex_grant,0.4201554730534553,0.052423412968627,54.26671438725729,False
6536,Xinjiang,solar PV,upfront_capex_grant,0.4235733188688755,0.0506018912564529,51.8338852934741,False
6538,Xinjiang,solar PV,upfront_capex_grant,0.4818705730140209,0.0346946812570095,29.962551235210714,False
6548,Xinjiang,solar PV,upfront_capex_grant,0.4818705730140209,0.0346946812570095,29.962551235210714,False
6559,Xinjiang,solar PV,upfront_capex_grant,0.4536057785153389,0.0548923744532063,51.40128068527715,False
6564,Xinjiang,solar PV,upfront_capex_grant,0.4826771579682827,0.0347527553737163,29.94525871223872,False
6565,Xinjiang,solar PV,upfront_capex_grant,0.481134794652462,0.0865326318304681,74.88613475119422,False
6566,Xinjiang,solar PV,upfront_capex_grant,0.4732959195971489,0.0340773062109947,30.15089582592902,False
6574,Xinjiang,solar PV,upfront_capex_grant,0.4636290967464447,0.033381294965744,30.362254425254587,False
6576,Xinjiang,solar PV,upfront_capex_grant,0.4810491353273392,0.0815059796202173,70.55335176827985,False
6579,Xinjiang,solar PV,upfront_capex_grant,0.4553359262645244,0.3496873952162007,325.802783521422,False
6582,Xinjiang,solar PV,upfront_capex_grant,0.4549502842128277,0.3249536390869885,303.0937820188902,False
6590,Xinjiang,solar PV,upfront_capex_grant,0.4540552347898483,0.032691976904869,30.57224576216878,False
6598,Xinjiang,solar PV,upfront_capex_grant,0.4634514227509498,0.2653596813132582,241.48837011410723,False
6602,Xinjiang,solar PV,upfront_capex_grant,0.4731551297008991,0.0340671693384647,30.15198792587981,False
6607,Xinjiang,solar PV,upfront_capex_grant,0.4678153954446316,0.0446991331927281,40.17108336858203,False
6609,Xinjiang,solar PV,upfront_capex_grant,0.4631711803376674,0.337594307308567,307.4768306792287,False
6625,Xinjiang,solar PV,upfront_capex_grant,0.4702807702124119,0.0532330530766259,47.50506674528046,False
6628,Xinjiang,solar PV,upfront_capex_grant,0.4672257788479328,0.0462803217649754,41.66351343915377,False
6634,Xinjiang,solar PV,upfront_capex_grant,0.5066703408956528,0.036480264544487,29.418657750789475,False
6638,Xinjiang,solar PV,upfront_capex_grant,0.4659964740276336,0.053458332631686,48.29636196041467,False
6644,Xinjiang,solar PV,upfront_capex_grant,0.4641687795519829,0.0334201521277427,30.351268663277157,False
6659,Xinjiang,solar PV,upfront_capex_grant,0.5179786682128906,0.0372944641113281,29.166997313159992,False
6669,Xinjiang,solar PV,upfront_capex_grant,0.4587833620607853,0.0349018520799443,32.1937110953689,False
6672,Xinjiang,solar PV,upfront_capex_grant,0.4393741972744465,0.0363343476627451,35.4837246825097,False
6675,Xinjiang,solar PV,upfront_capex_grant,0.4565992020070553,0.0328751425445079,30.51604749706868,False
6707,Xinjiang,solar PV,upfront_capex_grant,0.4862849935889244,0.0350125195384025,29.861764340586102,False
6720,Xinjiang,solar PV,upfront_capex_grant,0.4748599231243133,0.0341899144649505,30.113936769627045,False
6731,Xinjiang,solar PV,upfront_capex_grant,0.5176945999264717,0.0372740111947059,29.173056036584104,False
6739,Xinjiang,solar PV,upfront_capex_grant,0.439200859516859,0.3108503329208351,303.7282878784447,False
6740,Xinjiang,solar PV,upfront_capex_grant,0.4537788033485412,0.0326720738410949,30.57763576507768,False
6745,Xinjiang,solar PV,upfront_capex_grant,0.4857773631811142,0.0354385930336323,30.27274162304045,False
6747,Xinjiang,solar PV,upfront_capex_grant,0.4711553156375885,0.2544972031604792,226.55028166959136,False
6753,Xinjiang,solar PV,upfront_capex_grant,0.4111850708723068,0.0305217559393915,32.48606413210636,False
6755,Xinjiang,solar PV,upfront_capex_grant,0.4767113402485847,0.0343232164978981,30.076320483338144,False
6760,Xinjiang,solar PV,upfront_capex_grant,0.4300724416971206,0.0397032748208092,39.87236665448207,False
6764,Xinjiang,solar PV,upfront_capex_grant,0.4771610200405121,0.0343555934429168,30.06116277739694,False
6766,Xinjiang,solar PV,upfront_capex_grant,0.4132963493466377,0.227984586864399,241.07382561344608,False
6777,Xinjiang,solar PV,upfront_capex_grant,0.4976153261959553,0.0358283034861087,29.616726773247706,False
6790,Xinjiang,solar PV,upfront_capex_grant,0.4720997363328933,0.1237070989535897,109.8275078180518,False
6793,Xinjiang,solar PV,upfront_capex_grant,0.508564792573452,0.0366166650652885,29.3762928795384,False
6799,Xinjiang,solar PV,upfront_capex_grant,0.4750872552394867,0.1202545734942899,105.86123320315156,False
6802,Xinjiang,solar PV,upfront_capex_grant,0.4886455982923507,0.0351824830770492,29.81331091678224,False
6804,Xinjiang,solar PV,upfront_capex_grant,0.4573969021439552,0.0631030113760271,58.44056162637421,False
6806,Xinjiang,solar PV,upfront_capex_grant,0.4506282061338424,0.034030351993555,32.14543720365835,False
6812,Xinjiang,solar PV,upfront_capex_grant,0.4747492931783199,0.5753717176713379,506.9864066247761,False
6815,Xinjiang,solar PV,upfront_capex_grant,0.477777186781168,0.034399957448244,30.04834296944219,False
6819,Xinjiang,solar PV,upfront_capex_grant,0.4716835431754589,0.1041469841601588,92.57276083037384,False
6824,Xinjiang,solar PV,upfront_capex_grant,0.4544142372906208,0.3821422827769077,356.99455977984513,False
6827,Xinjiang,solar PV,upfront_capex_grant,0.4750872552394867,0.2405091468248443,211.72246627507965,False
6831,Xinjiang,solar PV,upfront_capex_grant,0.4683801606297493,0.0345583074720472,31.00761228626154,False
6839,Xinjiang,solar PV,upfront_capex_grant,0.4478615224361419,0.0577529570704599,55.00026771086392,False
6845,Xinjiang,solar PV,upfront_capex_grant,0.51510851085186,0.0370878127813339,29.23126175055905,False
6852,Xinjiang,solar PV,upfront_capex_grant,0.51510851085186,0.0370878127813339,29.23126175055905,False
6854,Xinjiang,solar PV,upfront_capex_grant,0.4654123783111572,0.0868609163697308,78.60307032237792,False
6867,Xinjiang,solar PV,upfront_capex_grant,0.4654123671352863,0.0579072759344688,52.40204698835903,False
6883,Xinjiang,solar PV,upfront_capex_grant,0.4608807414770126,0.0331834133863449,30.41828794679634,False
6885,Xinjiang,solar PV,upfront_capex_grant,0.4654123671352863,0.0579072759344688,52.40204698835903,False
6895,Xinjiang,solar PV,upfront_capex_grant,0.450663648545742,0.0494393531661,46.6956543550476,False
6898,Xinjiang,solar PV,upfront_capex_grant,0.4453089982271194,0.1478942421455178,141.90410429911745,False
6907,Xinjiang,solar PV,upfront_capex_grant,0.4743896350264549,0.0494421205068875,43.61082527032576,False
6913,Xinjiang,solar PV,upfront_capex_grant,0.4451440535485744,0.0702430839114572,67.43206023381715,False
6916,Xinjiang,solar PV,upfront_capex_grant,0.4500490538775921,0.4512707270760481,426.9965848790443,False
6918,Xinjiang,solar PV,upfront_capex_grant,0.4829690009355545,0.0791146692346426,68.11583023153705,False
6928,Xinjiang,solar PV,upfront_capex_grant,0.4130077064037323,0.0623088607337064,65.94315368689674,False
6938,Xinjiang,solar PV,upfront_capex_grant,0.4700159542262554,0.0338411487042903,30.222622247128548,False
6959,Xinjiang,solar PV,upfront_capex_grant,0.434142418205738,0.0387673275205052,38.45825765948378,False
6963,Xinjiang,solar PV,upfront_capex_grant,0.4476006217300892,0.0759184162521768,72.35260192860848,False
697,Gansu,solar PV,upfront_capex_grant,0.5093402452766895,0.0366724976599216,29.30253490976733,False
6981,Xinjiang,solar PV,upfront_capex_grant,0.4350069463253021,0.0637761831793466,63.10378326207099,False
7325,Xinjiang,solar PV,upfront_capex_grant,0.4862750321626663,0.0350118023157119,29.864316333209228,False
7332,Xinjiang,solar PV,upfront_capex_grant,0.4483978152275085,0.0682816288899008,64.92314946770409,False
W100,Gansu,wind,upfront_capex_grant,0.3613384030759334,0.1709366550613502,213.78296894271472,False
W1057,Guangxi,wind,upfront_capex_grant,0.3622865565121174,0.029463192088095,36.75742089134923,False
W1069,Guangxi,wind,upfront_capex_grant,0.438054122030735,0.0322811775118909,31.61060202151533,False
W1073,Guangxi,wind,upfront_capex_grant,0.456737969070673,0.0328851337730884,30.474869723037035,False
W1083,Guangxi,wind,upfront_capex_grant,0.4859847091138363,0.0349908990561962,29.83305526202697,False
W1130,Hebei,wind,upfront_capex_grant,0.4986563995480537,0.0359032607674598,29.63007216599593,False
W1134,Hebei,wind,upfront_capex_grant,0.5093102119863033,0.0366703352630138,29.395188160654,False
W124,Gansu,wind,upfront_capex_grant,0.361338410526514,0.1700862285701483,212.71937223759235,False
W125,Gansu,wind,upfront_capex_grant,0.361338410526514,0.1700862285701483,212.71937223759235,False
W1273,Guangxi,wind,upfront_capex_grant,0.5016571022570133,0.0361193113625049,29.488453155350246,False
W1280,Hebei,wind,upfront_capex_grant,0.4751646853983402,0.0342118573486805,30.142829713519664,False
W1284,Hebei,wind,upfront_capex_grant,0.5048454329371452,0.0363488711714744,29.490111596897204,False
W130,Gansu,wind,upfront_capex_grant,0.3929807879030704,0.1323537283896445,148.9642493308424,False
W1340,Hebei,wind,upfront_capex_grant,0.4660544767975807,0.0335559223294258,30.34069712869292,False
W1356,Hebei,wind,upfront_capex_grant,0.4644644483923912,0.0334414402842521,30.375703295929743,False
W1358,Hebei,wind,upfront_capex_grant,0.4644644483923912,0.0334414402842521,30.375703295929743,False
W136,Gansu,wind,upfront_capex_grant,0.3929807804524898,0.0330884314263048,37.24106244481737,False
W1360,Hebei,wind,upfront_capex_grant,0.4501220248639583,0.032408785790205,30.69286221872544,False
W1362,Hebei,wind,upfront_capex_grant,0.4501220248639583,0.032408785790205,30.69286221872544,False
W1374,Hebei,wind,upfront_capex_grant,0.4477261863648891,0.0381053407558595,36.34530224893695,False
W1376,Hebei,wind,upfront_capex_grant,0.4112867638468742,0.0852598138609514,90.82951259281444,False
W138,Gansu,wind,upfront_capex_grant,0.4166568294167518,0.106755172355808,111.48610638573652,False
W1387,Hebei,wind,upfront_capex_grant,0.4112867563962936,0.0622396619306709,66.30554341390938,False
W1389,Hebei,wind,upfront_capex_grant,0.411286786198616,0.0422036106842493,44.96060862716958,False
W139,Gansu,wind,upfront_capex_grant,0.4166568592190742,0.1072863002060603,112.04076127267388,False
W140,Gansu,wind,upfront_capex_grant,0.4166568182408809,0.0531120241361056,55.46572448660063,False
W141,Gansu,wind,upfront_capex_grant,0.4471229091286659,0.1262238418066066,120.22489939872176,False
W1482,Hainan,wind,upfront_capex_grant,0.3630750328302383,0.0367760632537817,45.77273032999172,False
W1483,Hainan,wind,upfront_capex_grant,0.3630750589072704,0.0353050241280462,43.94182136814959,False
W1502,Hebei,wind,upfront_capex_grant,0.4647943265736103,0.0334651915132999,30.369743813056637,False
W1509,Hebei,wind,upfront_capex_grant,0.4606242068111896,0.0331649428904056,30.464947445488463,False
W1529,Hebei,wind,upfront_capex_grant,0.4751646853983402,0.0342118573486805,30.142829713519664,False
W1612,Hebei,wind,upfront_capex_grant,0.4644644483923912,0.0334414402842521,30.375703295929743,False
W1769,Guangxi,wind,upfront_capex_grant,0.3622866123914718,0.0313438266760434,39.10363836412603,False
W1774,Guangxi,wind,upfront_capex_grant,0.3622866123914718,0.0313438266760434,39.10363836412603,False
W178,Beijing,wind,upfront_capex_grant,0.4947258122265339,0.0356202584803104,29.77316318162201,False
W180,Beijing,wind,upfront_capex_grant,0.4947258122265339,0.0356202584803104,29.77316318162201,False
W181,Beijing,wind,upfront_capex_grant,0.4947258122265339,0.0356202584803104,29.77316318162201,False
W1866,Hebei,wind,upfront_capex_grant,0.3630776740610599,0.0261415925323963,32.60138737362779,False
W1875,Hebei,wind,upfront_capex_grant,0.4817352294921875,0.0346849365234375,29.993622469725107,False
W1883,Hebei,wind,upfront_capex_grant,0.5081300511956215,0.0365853636860847,29.420687083481276,False
W1887,Hebei,wind,upfront_capex_grant,0.4570329077541828,0.0329063693583011,30.539013355989766,False
W1892,Hebei,wind,upfront_capex_grant,0.4666130729019642,0.0335961412489414,30.329829256231715,False
W2206,Heilongjiang,wind,upfront_capex_grant,0.3614702820777893,0.0506857127041957,63.50362335717792,False
W2208,Heilongjiang,wind,upfront_capex_grant,0.3614702932536602,0.0527976187946462,66.14960690883714,False
W2214,Heilongjiang,wind,upfront_capex_grant,0.3614702932536602,0.0527976187946462,66.14960690883714,False
W2237,Heilongjiang,wind,upfront_capex_grant,0.3843665011227131,0.0640146588718058,74.27125674745585,False
W2263,Hebei,wind,upfront_capex_grant,0.4811098501086235,0.0346399092078208,30.01235551949373,False
W2266,Hebei,wind,upfront_capex_grant,0.5048454329371452,0.0363488711714744,29.490111596897204,False
W2269,Heilongjiang,wind,upfront_capex_grant,0.3681346550583839,0.0593051948963889,72.63465390964204,False
W2282,Heilongjiang,wind,upfront_capex_grant,0.3965770117938518,0.0627383991463871,69.96063758175143,False
W2377,Hebei,wind,upfront_capex_grant,0.4063124097883701,0.0449604727900917,48.63751120979122,False
W2379,Heilongjiang,wind,upfront_capex_grant,0.3580095395445823,0.0628984571503437,79.75628029796763,False
W2383,Heilongjiang,wind,upfront_capex_grant,0.4531526528298855,0.0326269910037517,30.59802959362307,False
W2404,Heilongjiang,wind,upfront_capex_grant,0.4851023033261299,0.0349273658394813,29.89720933831632,False
W2420,Heilongjiang,wind,upfront_capex_grant,0.4731569066643715,0.0340672972798347,30.157479826067284,False
W2423,Hebei,wind,upfront_capex_grant,0.4991195499897003,0.0359366075992584,29.612104076312846,False
W2431,Hebei,wind,upfront_capex_grant,0.3630776740610599,0.0261415925323963,32.60138737362779,False
W2436,Hebei,wind,upfront_capex_grant,0.3630776740610599,0.0261415925323963,32.60138737362779,False
W2441,Hebei,wind,upfront_capex_grant,0.3630776740610599,0.0261415925323963,32.60138737362779,False
W2447,Hebei,wind,upfront_capex_grant,0.4991195499897003,0.0359366075992584,29.612104076312846,False
W2455,Hebei,wind,upfront_capex_grant,0.4817352294921875,0.0346849365234375,29.993622469725107,False
W2456,Heilongjiang,wind,upfront_capex_grant,0.4731569066643715,0.0340672972798347,30.157479826067284,False
W2461,Hebei,wind,upfront_capex_grant,0.4817352294921875,0.0346849365234375,29.993622469725107,False
W2465,Hebei,wind,upfront_capex_grant,0.4872765354812145,0.0350839105546474,29.871932506774552,False
W2466,Heilongjiang,wind,upfront_capex_grant,0.3538450337946415,0.0357985993414679,46.05431595807231,False
W2468,Hebei,wind,upfront_capex_grant,0.5072449445724487,0.0365216360092163,29.433057383011683,False
W2471,Heilongjiang,wind,upfront_capex_grant,0.3538450337946415,0.0357985993414679,46.05431595807231,False
W2475,Heilongjiang,wind,upfront_capex_grant,0.3538450337946415,0.0357985993414679,46.05431595807231,False
W2476,Hebei,wind,upfront_capex_grant,0.5072449445724487,0.0365216360092163,29.433057383011683,False
W2477,Hebei,wind,upfront_capex_grant,0.4991195499897003,0.0359366075992584,29.612104076312846,False
W2482,Hebei,wind,upfront_capex_grant,0.3630776740610599,0.0261415925323963,32.60138737362779,False
W2488,Hebei,wind,upfront_capex_grant,0.3630776740610599,0.0261415925323963,32.60138737362779,False
W2495,Heilongjiang,wind,upfront_capex_grant,0.3538450077176094,0.0315027649087367,40.52779856259617,False
W2497,Heilongjiang,wind,upfront_capex_grant,0.3538450337946415,0.0357985993414679,46.05431595807231,False
W2504,Heilongjiang,wind,upfront_capex_grant,0.3764112964272499,0.0448946308254153,53.4698137369802,False
W2507,Hebei,wind,upfront_capex_grant,0.3630776740610599,0.0261415925323963,32.60138737362779,False
W2515,Hebei,wind,upfront_capex_grant,0.4416295848786831,0.05033341494593,48.883223255413895,False
W2519,Hebei,wind,upfront_capex_grant,0.4991195499897003,0.0359366075992584,29.612104076312846,False
W2524,Heilongjiang,wind,upfront_capex_grant,0.3488091118633747,0.0372468831820425,48.773872593432,False
W2525,Hebei,wind,upfront_capex_grant,0.3630776740610599,0.0261415925323963,32.60138737362779,False
W2553,Heilongjiang,wind,upfront_capex_grant,0.363170389086008,0.0507886869989898,63.26671263308787,False
W2567,Heilongjiang,wind,upfront_capex_grant,0.3965769782662391,0.0313691962717075,34.9803188273507,False
W2577,Heilongjiang,wind,upfront_capex_grant,0.4055443927645683,0.0291991962790489,31.644359720623505,False
W2590,Heilongjiang,wind,upfront_capex_grant,0.4713700376451015,0.0339386427104473,30.196931797539875,False
W2604,Heilongjiang,wind,upfront_capex_grant,0.3538450337946415,0.0357985993414679,46.05431595807231,False
W2610,Heilongjiang,wind,upfront_capex_grant,0.3591165877878666,0.0349281697660758,44.11832155262015,False
W2622,Heilongjiang,wind,upfront_capex_grant,0.3596306182444095,0.0348582107154703,43.95475170153194,False
W2626,Heilongjiang,wind,upfront_capex_grant,0.3608694449067116,0.0470882967176209,59.119608201444215,False
W2638,Heilongjiang,wind,upfront_capex_grant,0.3459627442061901,0.0470994206566257,62.30125308547954,False
W2648,Heilongjiang,wind,upfront_capex_grant,0.3608694449067116,0.0470882967176209,59.119608201444215,False
W2655,Heilongjiang,wind,upfront_capex_grant,0.3682859987020492,0.0598017801290975,73.19945076636847,False
W2665,Heilongjiang,wind,upfront_capex_grant,0.3599689491093158,0.057012637002076,71.80108282751239,False
W2679,Heilongjiang,wind,upfront_capex_grant,0.359968937933445,0.0547321293083799,68.92903950251623,False
W2693,Heilongjiang,wind,upfront_capex_grant,0.3608694449067116,0.0470882967176209,59.119608201444215,False
W2703,Heilongjiang,wind,upfront_capex_grant,0.3608694449067116,0.0470882967176209,59.119608201444215,False
W2708,Heilongjiang,wind,upfront_capex_grant,0.3470998257398605,0.0386743886130762,50.950711234633744,False
W2710,Heilongjiang,wind,upfront_capex_grant,0.4044063352048397,0.0632786331949634,68.80783354164447,False
W2713,Heilongjiang,wind,upfront_capex_grant,0.4044063352048397,0.0632786331949634,68.80783354164447,False
W2720,Heilongjiang,wind,upfront_capex_grant,0.4044063352048397,0.0632786331949634,68.80783354164447,False
W2724,Heilongjiang,wind,upfront_capex_grant,0.4044063352048397,0.0632786331949634,68.80783354164447,False
W2734,Heilongjiang,wind,upfront_capex_grant,0.3599689491093158,0.057012637002076,71.80108282751239,False
W2736,Heilongjiang,wind,upfront_capex_grant,0.3692459799349308,0.0406467557351532,49.59157357416878,False
W2751,Heilongjiang,wind,upfront_capex_grant,0.3692459985613823,0.0414762836887475,50.60364623046291,False
W2766,Heilongjiang,wind,upfront_capex_grant,0.3692459724843502,0.0381581771916082,46.55535401567257,False
W2767,Heilongjiang,wind,upfront_capex_grant,0.3731957897543907,0.0603161002130824,72.61503825420542,False
W2778,Heilongjiang,wind,upfront_capex_grant,0.3599689491093158,0.057012637002076,71.80108282751239,False
W2780,Hebei,wind,upfront_capex_grant,0.3678408041596412,0.0404486931119176,49.63240080103868,False
W2781,Heilongjiang,wind,upfront_capex_grant,0.3470998257398605,0.0386743886130762,50.950711234633744,False
W2786,Hebei,wind,upfront_capex_grant,0.420302003622055,0.0302617442607879,31.34456253335781,False
W2790,Heilongjiang,wind,upfront_capex_grant,0.3470998257398605,0.0386743886130762,50.950711234633744,False
W2792,Hebei,wind,upfront_capex_grant,0.3678408041596412,0.0404486931119176,49.63240080103868,False
W2794,Heilongjiang,wind,upfront_capex_grant,0.3599689491093158,0.057012637002076,71.80108282751239,False
W2797,Hebei,wind,upfront_capex_grant,0.3678408041596412,0.0404486931119176,49.63240080103868,False
W2803,Heilongjiang,wind,upfront_capex_grant,0.3925100155174732,0.0493528077093009,55.750167899025854,False
W2812,Heilongjiang,wind,upfront_capex_grant,0.3731957897543907,0.0603161002130824,72.61503825420542,False
W2813,Heilongjiang,wind,upfront_capex_grant,0.4713700376451015,0.0339386427104473,30.196931797539875,False
W2820,Heilongjiang,wind,upfront_capex_grant,0.3692459985613823,0.0414762836887475,50.60364623046291,False
W2822,Heilongjiang,wind,upfront_capex_grant,0.4531526528298855,0.0326269910037517,30.59802959362307,False
W2824,Heilongjiang,wind,upfront_capex_grant,0.3459627442061901,0.0470994206566257,62.30125308547954,False
W2827,Heilongjiang,wind,upfront_capex_grant,0.359968937933445,0.0547321293083799,68.92903950251623,False
W2833,Heilongjiang,wind,upfront_capex_grant,0.3459627442061901,0.0470994206566257,62.30125308547954,False
W2837,Heilongjiang,wind,upfront_capex_grant,0.359968937933445,0.0547321293083799,68.92903950251623,False
W2843,Heilongjiang,wind,upfront_capex_grant,0.3969314880669117,0.0604909260450357,67.37889347563657,False
W2845,Heilongjiang,wind,upfront_capex_grant,0.3608694449067116,0.0470882967176209,59.119608201444215,False
W2853,Heilongjiang,wind,upfront_capex_grant,0.3731957897543907,0.0603161002130824,72.61503825420542,False
W2866,Heilongjiang,wind,upfront_capex_grant,0.3731957897543907,0.0603161002130824,72.61503825420542,False
W2868,Heilongjiang,wind,upfront_capex_grant,0.5145006664097309,0.0370440479815006,29.250941333278007,False
W2869,Heilongjiang,wind,upfront_capex_grant,0.3606927245855331,0.0623343124942604,78.31423383090656,False
W2877,Heilongjiang,wind,upfront_capex_grant,0.4824958182871341,0.0347396989166736,29.95089575119609,False
W2880,Heilongjiang,wind,upfront_capex_grant,0.3599689491093158,0.057012637002076,71.80108282751239,False
W2887,Heilongjiang,wind,upfront_capex_grant,0.3599689491093158,0.057012637002076,71.80108282751239,False
W2892,Heilongjiang,wind,upfront_capex_grant,0.3599689491093158,0.057012637002076,71.80108282751239,False
W2907,Heilongjiang,wind,upfront_capex_grant,0.4182420633733272,0.0301134285628795,31.36402984417628,False
W2911,Heilongjiang,wind,upfront_capex_grant,0.3779603578150272,0.0644210989615096,76.34365997902876,False
W2919,Heilongjiang,wind,upfront_capex_grant,0.4538963139057159,0.0738676328157175,69.13379534516943,False
W2924,Heilongjiang,wind,upfront_capex_grant,0.4531526528298855,0.0326269910037517,30.59802959362307,False
W2934,Heilongjiang,wind,upfront_capex_grant,0.3685285858809948,0.0572999967631558,70.08674955409703,False
W2966,Heilongjiang,wind,upfront_capex_grant,0.429824136197567,0.0415553345238514,41.77869879373524,False
W3095,Hunan,wind,upfront_capex_grant,0.5026178732514381,0.0361884868741035,29.46450984866167,False
W3102,Hunan,wind,upfront_capex_grant,0.4922941327095032,0.0354451775550842,29.68995171602076,False
W3107,Hunan,wind,upfront_capex_grant,0.4910578690469265,0.0353561665713787,29.718444018759985,False
W3191,Inner Mongolia,wind,upfront_capex_grant,0.3907227739691734,0.1710002948689093,194.36136694752784,False
W3243,Hunan,wind,upfront_capex_grant,0.343504786491394,0.0274415400930383,36.567144451479535,False
W3274,Inner Mongolia,wind,upfront_capex_grant,0.4763207510113716,0.0703032418025751,61.70528122546428,False
W3282,Inner Mongolia,wind,upfront_capex_grant,0.4750384725630283,0.034202770024538,30.129000771668544,False
W3338,Hunan,wind,upfront_capex_grant,0.5152499713003635,0.0370979979336261,29.186107415188427,False
W3351,Hunan,wind,upfront_capex_grant,0.5152499713003635,0.0370979979336261,29.186107415188427,False
W3358,Hunan,wind,upfront_capex_grant,0.4922941327095032,0.0354451775550842,29.68995171602076,False
W3384,Hunan,wind,upfront_capex_grant,0.4922941327095032,0.0354451775550842,29.68995171602076,False
W3410,Hunan,wind,upfront_capex_grant,0.4501709751784801,0.0324123102128505,30.61811518041835,False
W3413,Hunan,wind,upfront_capex_grant,0.4922941327095032,0.0354451775550842,29.68995171602076,False
W3447,Hunan,wind,upfront_capex_grant,0.3712836615741253,0.0659165982605125,79.76749446676352,False
W3449,Hunan,wind,upfront_capex_grant,0.4123915955424309,0.029692194879055,31.446099117311253,False
W3459,Hunan,wind,upfront_capex_grant,0.4417890235781669,0.031808809697628,30.800614367851384,False
W3463,Hunan,wind,upfront_capex_grant,0.350005891174078,0.028401829212361,36.98217610001543,False
W3472,Hunan,wind,upfront_capex_grant,0.4818261377513408,0.0346914819180965,29.92120036739913,False
W3572,Hunan,wind,upfront_capex_grant,0.5095932930707932,0.0366907171010971,29.312603966602595,False
W3610,Hunan,wind,upfront_capex_grant,0.4878304228186607,0.0351237904429435,29.792466188331257,False
W3973,Hunan,wind,upfront_capex_grant,0.5095932930707932,0.0366907171010971,29.312603966602595,False
W3983,Hunan,wind,upfront_capex_grant,0.4669096916913986,0.0336174978017807,30.25292166151497,False
W4016,Inner Mongolia,wind,upfront_capex_grant,0.3497340679168701,0.0415901529593436,54.29405711370973,False
W4047,Inner Mongolia,wind,upfront_capex_grant,0.3746369108557701,0.0583385608214025,69.90890851546246,False
W4050,Inner Mongolia,wind,upfront_capex_grant,0.3562575988471508,0.0304513100095717,38.85544213207642,False
W4054,Inner Mongolia,wind,upfront_capex_grant,0.3562575988471508,0.0304513100095717,38.85544213207642,False
W4062,Inner Mongolia,wind,upfront_capex_grant,0.3746369108557701,0.0583385608214025,69.90890851546246,False
W4090,Inner Mongolia,wind,upfront_capex_grant,0.3677453100681305,0.0901922850110655,110.63470696444884,False
W4101,Inner Mongolia,wind,upfront_capex_grant,0.352436900138855,0.0416041797831725,53.80062047388802,False
W4230,Inner Mongolia,wind,upfront_capex_grant,0.3524368852376938,0.0433376852707429,56.04231335369702,False
W4253,Inner Mongolia,wind,upfront_capex_grant,0.3524368852376938,0.0433376852707429,56.04231335369702,False
W4259,Inner Mongolia,wind,upfront_capex_grant,0.3890708833932876,0.1467775056517394,167.7292438007388,False
W4268,Inner Mongolia,wind,upfront_capex_grant,0.3890708908438682,0.0495869968017184,56.66528562306206,False
W4304,Inner Mongolia,wind,upfront_capex_grant,0.3890708908438682,0.0495869968017184,56.66528562306206,False
W4313,Inner Mongolia,wind,upfront_capex_grant,0.3763033971190452,0.0531861390983641,63.380258257849405,False
W4347,Inner Mongolia,wind,upfront_capex_grant,0.3419701233506202,0.0411505942723566,55.22569667609722,False
W4386,Inner Mongolia,wind,upfront_capex_grant,0.3920852765440941,0.0282301399111747,31.94401436811776,False
W4416,Inner Mongolia,wind,upfront_capex_grant,0.3534848690032959,0.0525981423686575,67.76492157492247,False
W4461,Inner Mongolia,wind,upfront_capex_grant,0.4283238649368286,0.0308393182754516,31.14630247940278,False
W4475,Inner Mongolia,wind,upfront_capex_grant,0.368700873106718,0.0265464628636837,32.45676433890404,False
W4484,Inner Mongolia,wind,upfront_capex_grant,0.4259430021047592,0.1081728718445643,110.06344743158584,False
W4505,Inner Mongolia,wind,upfront_capex_grant,0.4437223896384239,0.0319480120539665,30.81125174030029,False
W4506,Inner Mongolia,wind,upfront_capex_grant,0.3534848690032959,0.0525981423686575,67.76492157492247,False
W4510,Inner Mongolia,wind,upfront_capex_grant,0.4139663428068161,0.0298055766820907,31.46496851528973,False
W4517,Inner Mongolia,wind,upfront_capex_grant,0.4139663428068161,0.0298055766820907,31.46496851528973,False
W4522,Inner Mongolia,wind,upfront_capex_grant,0.4107359871268272,0.0295729910731315,31.535957809080287,False
W4533,Inner Mongolia,wind,upfront_capex_grant,0.3497340679168701,0.0415901529593436,54.29405711370973,False
W4534,Inner Mongolia,wind,upfront_capex_grant,0.2561616376042366,0.018443637907505,35.780137395081994,False
W4539,Inner Mongolia,wind,upfront_capex_grant,0.3677453100681305,0.0901922850110655,110.63470696444884,False
W4548,Inner Mongolia,wind,upfront_capex_grant,0.3677453063428402,0.0450961418953599,55.31735332731854,False
W4551,Inner Mongolia,wind,upfront_capex_grant,0.3562575988471508,0.0304513100095717,38.85544213207642,False
W4588,Inner Mongolia,wind,upfront_capex_grant,0.4357113689184189,0.0313712185621261,30.984109150661112,False
W4603,Inner Mongolia,wind,upfront_capex_grant,0.3960584215819835,0.1366659726317013,152.68504975401686,False
W4611,Inner Mongolia,wind,upfront_capex_grant,0.4162967354059219,0.0470922009210638,49.35849093091224,False
W4626,Inner Mongolia,wind,upfront_capex_grant,0.3497340679168701,0.0415901529593436,54.29405711370973,False
W4690,Inner Mongolia,wind,upfront_capex_grant,0.3912161886692047,0.2415255747476786,274.0906281620384,False
W4736,Inner Mongolia,wind,upfront_capex_grant,0.4162967354059219,0.0470922009210638,49.35849093091224,False
W4753,Inner Mongolia,wind,upfront_capex_grant,0.4162967354059219,0.0470922009210638,49.35849093091224,False
W4783,Inner Mongolia,wind,upfront_capex_grant,0.4462077394127846,0.0321269572377204,30.75800934058569,False
W4791,Inner Mongolia,wind,upfront_capex_grant,0.4435624182224273,0.0319364941120147,30.81618456304458,False
W4807,Inner Mongolia,wind,upfront_capex_grant,0.435922872275114,0.0313864468038082,30.98346584002994,False
W4808,Inner Mongolia,wind,upfront_capex_grant,0.4435624182224273,0.0319364941120147,30.81618456304458,False
W4814,Inner Mongolia,wind,upfront_capex_grant,0.4178481251001358,0.1018715820001181,106.25993379189256,False
W4815,Inner Mongolia,wind,upfront_capex_grant,0.4435624182224273,0.0319364941120147,30.81618456304458,False
W4832,Inner Mongolia,wind,upfront_capex_grant,0.4435624182224273,0.0319364941120147,30.81618456304458,False
W4837,Inner Mongolia,wind,upfront_capex_grant,0.4283238649368286,0.0308393182754516,31.14630247940278,False
W4852,Inner Mongolia,wind,upfront_capex_grant,0.4162967354059219,0.0470922009210638,49.35849093091224,False
W4875,Inner Mongolia,wind,upfront_capex_grant,0.3452279791235924,0.0344602064091394,45.71098119929852,False
W4888,Inner Mongolia,wind,upfront_capex_grant,0.3452279791235924,0.0344602064091394,45.71098119929852,False
W4964,Inner Mongolia,wind,upfront_capex_grant,0.3497340679168701,0.0415901529593436,54.29405711370973,False
W4968,Inner Mongolia,wind,upfront_capex_grant,0.3925077803432941,0.0282605601847171,31.932678830510422,False
W4991,Inner Mongolia,wind,upfront_capex_grant,0.3750397749245167,0.0335801308684313,40.186209673445006,False
W5005,Qinghai,wind,upfront_capex_grant,0.390394002199173,0.0422506259979955,47.98112904327606,False
W5007,Qinghai,wind,upfront_capex_grant,0.4149216562509537,0.0753620429622226,79.17076519194174,False
W5009,Qinghai,wind,upfront_capex_grant,0.4721654541790485,0.0339959127008914,30.128309951747266,False
W5010,Qinghai,wind,upfront_capex_grant,0.4721654541790485,0.0339959127008914,30.128309951747266,False
W5014,Qinghai,wind,upfront_capex_grant,0.4721654541790485,0.0339959127008914,30.128309951747266,False
W5019,Qinghai,wind,upfront_capex_grant,0.4721654541790485,0.0339959127008914,30.128309951747266,False
W5021,Qinghai,wind,upfront_capex_grant,0.4149216450750828,0.1695645934002849,178.13422427275117,False
W5022,Qinghai,wind,upfront_capex_grant,0.4149216562509537,0.150724086630078,158.3415311449566,False
W5025,Qinghai,wind,upfront_capex_grant,0.4699580073356628,0.0338369765281677,30.17688042791432,False
W5112,Liaoning,wind,upfront_capex_grant,0.2856323048472404,0.0205655259490013,34.89474432266458,False
W5243,Liaoning,wind,upfront_capex_grant,0.4810396656394005,0.0346348559260368,29.96829299565148,False
W5305,Liaoning,wind,upfront_capex_grant,0.4070369638502598,0.0296655129685526,31.97129757517488,False
W5342,Liaoning,wind,upfront_capex_grant,0.2546027414500713,0.0187027041833452,36.386274556050864,False
W5379,Liaoning,wind,upfront_capex_grant,0.2537446767091751,0.0182696167230606,35.67801213692832,False
W5423,Liaoning,wind,upfront_capex_grant,0.4655819647014141,0.0335219014585018,30.81132371655257,False
W5501,Shandong,wind,upfront_capex_grant,0.3685511834919452,0.0437556184909177,53.53896028624135,False
W5754,Qinghai,wind,upfront_capex_grant,0.4149216450750828,0.11304306100261,118.7561481370734,False
W5824,Jilin,wind,upfront_capex_grant,0.3565401844680309,0.0256708932816982,33.34541118722837,False
W583,Gansu,wind,upfront_capex_grant,0.4913150109350681,0.0449976824779257,37.77484939118982,False
W584,Gansu,wind,upfront_capex_grant,0.492613136768341,0.0354681458473205,29.66793762583437,False
W585,Gansu,wind,upfront_capex_grant,0.492613136768341,0.0354681458473205,29.66793762583437,False
W5940,Qinghai,wind,upfront_capex_grant,0.4819866754114628,0.0545347765441789,47.01512340593825,False
W5948,Jilin,wind,upfront_capex_grant,0.4054188691079616,0.0375650557685487,40.72989222248575,False
W5967,Liaoning,wind,upfront_capex_grant,0.3516254797577858,0.0345964253427479,44.82828324556751,False
W6268,Shanxi,wind,upfront_capex_grant,0.4094091206789017,0.0294774566888809,31.54181218894431,False
W6270,Shanxi,wind,upfront_capex_grant,0.4463239721953869,0.0321353259980678,30.73083304518369,False
W6271,Shanxi,wind,upfront_capex_grant,0.4094091206789017,0.0294774566888809,31.54181218894431,False
W629,Gansu,wind,upfront_capex_grant,0.3585768043994903,0.0533550806377179,67.36167176848181,False
W6339,Shandong,wind,upfront_capex_grant,0.3685511834919452,0.0437556184909177,53.53896028624135,False
W6352,Shandong,wind,upfront_capex_grant,0.4992939010262489,0.0359491608738899,29.600421789674847,False
W6360,Shandong,wind,upfront_capex_grant,0.4992939010262489,0.0359491608738899,29.600421789674847,False
W6375,Shandong,wind,upfront_capex_grant,0.3563039638102054,0.029557178973486,37.71998560083358,False
W6384,Shandong,wind,upfront_capex_grant,0.3563039638102054,0.029557178973486,37.71998560083358,False
W6386,Shandong,wind,upfront_capex_grant,0.3563039600849151,0.0289660353565646,36.96558631258454,False
W6452,Shanxi,wind,upfront_capex_grant,0.4626803509891033,0.0350077711568719,31.922582327099065,False
W6550,Shanxi,wind,upfront_capex_grant,0.4511251822113991,0.0324810131192207,30.629489325038524,False
W6723,Shanxi,wind,upfront_capex_grant,0.4816680587828159,0.0346801002323627,29.9581275476208,False
W6866,Shanxi,wind,upfront_capex_grant,0.5180113948881626,0.0372968204319477,29.15816263251397,False
W6906,Shanxi,wind,upfront_capex_grant,0.4296383336186409,0.0309339600205421,31.100789020500365,False
W6910,Shandong,wind,upfront_capex_grant,0.3685511834919452,0.0437556184909177,53.53896028624135,False
W6915,Shanxi,wind,upfront_capex_grant,0.4296383336186409,0.0309339600205421,31.100789020500365,False
W6918,Shandong,wind,upfront_capex_grant,0.3685511834919452,0.0437556184909177,53.53896028624135,False
W6931,Shandong,wind,upfront_capex_grant,0.3685511834919452,0.0437556184909177,53.53896028624135,False
W6937,Shandong,wind,upfront_capex_grant,0.3563039638102054,0.029557178973486,37.71998560083358,False
W6954,Shandong,wind,upfront_capex_grant,0.3563039675354957,0.0283748923226078,36.2111864122285,False
W6956,Shandong,wind,upfront_capex_grant,0.3563039675354957,0.0283748923226078,36.2111864122285,False
W7010,Xinjiang,wind,upfront_capex_grant,0.4695442393422127,0.0412148147373088,36.85775112453369,False
W7013,Xinjiang,wind,upfront_capex_grant,0.4695442393422127,0.041009766559946,36.674379786443005,False
W7016,Xinjiang,wind,upfront_capex_grant,0.4695442393422127,0.041009766559946,36.674379786443005,False
W7019,Shanxi,wind,upfront_capex_grant,0.5180113948881626,0.0372968204319477,29.15816263251397,False
W7029,Shanxi,wind,upfront_capex_grant,0.5180113948881626,0.0372968204319477,29.15816263251397,False
W7080,Shanxi,wind,upfront_capex_grant,0.4265078194439411,0.0446342830540169,45.30429999433451,False
W7124,Shanxi,wind,upfront_capex_grant,0.4659872315824032,0.033551080673933,30.300751475822494,False
W7125,Shanxi,wind,upfront_capex_grant,0.4659872315824032,0.033551080673933,30.300751475822494,False
W7127,Shanxi,wind,upfront_capex_grant,0.4659872315824032,0.033551080673933,30.300751475822494,False
W7177,Shanxi,wind,upfront_capex_grant,0.5180113948881626,0.0372968204319477,29.15816263251397,False
W7183,Shanxi,wind,upfront_capex_grant,0.5180113948881626,0.0372968204319477,29.15816263251397,False
W7194,Xinjiang,wind,upfront_capex_grant,0.5181749686598778,0.0373085977435112,29.16341080726705,False
W7196,Shanxi,wind,upfront_capex_grant,0.4659872315824032,0.033551080673933,30.300751475822494,False
W7213,Xinjiang,wind,upfront_capex_grant,0.3545283824205398,0.0343323992987998,44.05112949676943,False
W7224,Xinjiang,wind,upfront_capex_grant,0.4112122058868408,0.1729372356545997,184.0539467972923,False
W7233,Xinjiang,wind,upfront_capex_grant,0.3697276264429092,0.029284053798805,35.66119678049342,False
W7243,Xinjiang,wind,upfront_capex_grant,0.3697276264429092,0.029284053798805,35.66119678049342,False
W7248,Shanxi,wind,upfront_capex_grant,0.4206382408738136,0.0825347035113539,85.29070781655858,False
W7253,Shanxi,wind,upfront_capex_grant,0.4423415437340736,0.0318485911488533,30.822078717256804,False
W7256,Xinjiang,wind,upfront_capex_grant,0.3545283824205398,0.0343323992987998,44.05112949676943,False
W7258,Xinjiang,wind,upfront_capex_grant,0.3545283824205398,0.0343323992987998,44.05112949676943,False
W7260,Shanxi,wind,upfront_capex_grant,0.4206382445991039,0.041267352351422,42.645354083874544,False
W7268,Xinjiang,wind,upfront_capex_grant,0.3819407783448696,0.0274997360408306,32.150052428004955,False
W7269,Shanxi,wind,upfront_capex_grant,0.4495788887143135,0.0323696799874305,30.662149509166785,False
W7273,Xinjiang,wind,upfront_capex_grant,0.4848190583288669,0.0349069721996784,29.898812897112798,False
W7276,Xinjiang,wind,upfront_capex_grant,0.3545283824205398,0.0343323992987998,44.05112949676943,False
W7277,Shanxi,wind,upfront_capex_grant,0.4094091206789017,0.0294774566888809,31.54181218894431,False
W7281,Xinjiang,wind,upfront_capex_grant,0.3557482659816742,0.0466375135453997,59.58219772182094,False
W7285,Xinjiang,wind,upfront_capex_grant,0.3545283824205398,0.0343323992987998,44.05112949676943,False
W7371,Shanxi,wind,upfront_capex_grant,0.4154177531599998,0.0299100782275199,31.4097530588159,False
W7380,Xinjiang,wind,upfront_capex_grant,0.3697276264429092,0.029284053798805,35.66119678049342,False
W7382,Shanxi,wind,upfront_capex_grant,0.4296383336186409,0.0309339600205421,31.100789020500365,False
W7383,Xinjiang,wind,upfront_capex_grant,0.3819407783448696,0.0274997360408306,32.150052428004955,False
W7399,Xinjiang,wind,upfront_capex_grant,0.3697276264429092,0.029284053798805,35.66119678049342,False
W7408,Shanxi,wind,upfront_capex_grant,0.4206382669508457,0.082122035423198,84.86425314179232,False
W7410,Xinjiang,wind,upfront_capex_grant,0.5017247572541237,0.0361241825222969,29.524933817707737,False
W7421,Xinjiang,wind,upfront_capex_grant,0.4116932600736618,0.0336995958792852,35.812070985992285,False
W7424,Xinjiang,wind,upfront_capex_grant,0.3697276264429092,0.029284053798805,35.66119678049342,False
W7431,Xinjiang,wind,upfront_capex_grant,0.3697276264429092,0.029284053798805,35.66119678049342,False
W7439,Xinjiang,wind,upfront_capex_grant,0.3697276003658771,0.1757043052836128,213.96717808641327,False
W7447,Xinjiang,wind,upfront_capex_grant,0.3697276264429092,0.029284053798805,35.66119678049342,False
W7460,Xinjiang,wind,upfront_capex_grant,0.3697276264429092,0.029284053798805,35.66119678049342,False
W7468,Xinjiang,wind,upfront_capex_grant,0.3697276264429092,0.029284053798805,35.66119678049342,False
W7470,Xinjiang,wind,upfront_capex_grant,0.4116932339966297,0.0842489838139948,89.53017843423751,False
W7474,Shanxi,wind,upfront_capex_grant,0.403578944504261,0.0290576840043067,31.669938330079056,False
W7477,Xinjiang,wind,upfront_capex_grant,0.3697276264429092,0.029284053798805,35.66119678049342,False
W7479,Shanxi,wind,upfront_capex_grant,0.5180113948881626,0.0372968204319477,29.15816263251397,False
W7480,Xinjiang,wind,upfront_capex_grant,0.3697276264429092,0.029284053798805,35.66119678049342,False
W7487,Xinjiang,wind,upfront_capex_grant,0.3697276264429092,0.029284053798805,35.66119678049342,False
W7492,Shanxi,wind,upfront_capex_grant,0.426507793366909,0.059512371472619,60.4057321507501,False
W7495,Xinjiang,wind,upfront_capex_grant,0.3697276264429092,0.029284053798805,35.66119678049342,False
W7508,Xinjiang,wind,upfront_capex_grant,0.3697276264429092,0.029284053798805,35.66119678049342,False
W7514,Shanxi,wind,upfront_capex_grant,0.398507546633482,0.0310031467176773,34.34030354608406,False
W7515,Shanxi,wind,upfront_capex_grant,0.467087872326374,0.0336303268074989,30.276504822250345,False
W7516,Xinjiang,wind,upfront_capex_grant,0.3697276264429092,0.029284053798805,35.66119678049342,False
W7520,Shanxi,wind,upfront_capex_grant,0.398507546633482,0.0310031467176773,34.34030354608406,False
W7521,Shanxi,wind,upfront_capex_grant,0.4206382445991039,0.041267352351422,42.645354083874544,False
W7522,Xinjiang,wind,upfront_capex_grant,0.3697276264429092,0.029284053798805,35.66119678049342,False
W7535,Shanxi,wind,upfront_capex_grant,0.398507509380579,0.0386299169362939,42.78801904022665,False
W7545,Xinjiang,wind,upfront_capex_grant,0.3697276264429092,0.029284053798805,35.66119678049342,False
W7546,Xinjiang,wind,upfront_capex_grant,0.51864218339324,0.0373422372043132,29.155066383994026,False
W7559,Xinjiang,wind,upfront_capex_grant,0.4959243647754192,0.0357065542638301,29.654815279959625,False
W7560,Xinjiang,wind,upfront_capex_grant,0.3697276264429092,0.029284053798805,35.66119678049342,False
W7568,Xinjiang,wind,upfront_capex_grant,0.3697276264429092,0.029284053798805,35.66119678049342,False
W7578,Xinjiang,wind,upfront_capex_grant,0.3697276264429092,0.029284053798805,35.66119678049342,False
W7592,Xinjiang,wind,upfront_capex_grant,0.3697276264429092,0.029284053798805,35.66119678049342,False
W7600,Xinjiang,wind,upfront_capex_grant,0.3545283824205398,0.0343323992987998,44.05112949676943,False
W7603,Shanxi,wind,upfront_capex_grant,0.5001720190048218,0.0360123853683471,29.549776720443436,False
W7606,Xinjiang,wind,upfront_capex_grant,0.3545283824205398,0.0343323992987998,44.05112949676943,False
W7611,Shanxi,wind,upfront_capex_grant,0.5001720190048218,0.0360123853683471,29.549776720443436,False
W7626,Shanxi,wind,upfront_capex_grant,0.4530922025442123,0.0326226385831832,30.584122902604687,False
W7639,Shanxi,wind,upfront_capex_grant,0.4502972364425659,0.0324214010238647,30.645553118181983,False
W7661,Shanxi,wind,upfront_capex_grant,0.5001720190048218,0.0360123853683471,29.549776720443436,False
W7664,Xinjiang,wind,upfront_capex_grant,0.3823630437254905,0.0275301391482353,32.14264595102042,False
W7683,Xinjiang,wind,upfront_capex_grant,0.3697276264429092,0.029284053798805,35.66119678049342,False
W7693,Shanxi,wind,upfront_capex_grant,0.4166760668158531,0.0326554562638693,34.16107862727755,False
W7695,Xinjiang,wind,upfront_capex_grant,0.4937563203275203,0.0355504550635814,29.69699314124173,False
W7700,Shanxi,wind,upfront_capex_grant,0.4166760668158531,0.0326554562638693,34.16107862727755,False
W7725,Xinjiang,wind,upfront_capex_grant,0.4807018861174583,0.0392435094852726,34.00293988826534,False
W7727,Xinjiang,wind,upfront_capex_grant,0.4695442393422127,0.041009766559946,36.674379786443005,False
W7729,Xinjiang,wind,upfront_capex_grant,0.3465822041034698,0.0475034244983591,62.67709293839805,False
W7735,Xinjiang,wind,upfront_capex_grant,0.4506844691932201,0.0881671918427394,83.26781214885325,False
W7754,Shanxi,wind,upfront_capex_grant,0.5001720190048218,0.0360123853683471,29.549776720443436,False
W7757,Xinjiang,wind,upfront_capex_grant,0.5017247572541237,0.0361241825222969,29.524933817707737,False
W7776,Xinjiang,wind,upfront_capex_grant,0.4695442393422127,0.041009766559946,36.674379786443005,False
W7784,Xinjiang,wind,upfront_capex_grant,0.4506844840943813,0.2645015815217124,249.8034309823364,False
W7787,Xinjiang,wind,upfront_capex_grant,0.4506844729185104,0.1322507868953367,124.90171586071102,False
W7788,Shanxi,wind,upfront_capex_grant,0.4440905340015888,0.0319745184481143,30.784254313568347,False
W7789,Shanxi,wind,upfront_capex_grant,0.4659872315824032,0.033551080673933,30.300751475822494,False
W7793,Xinjiang,wind,upfront_capex_grant,0.3465822041034698,0.0475034244983591,62.67709293839805,False
W7794,Shanxi,wind,upfront_capex_grant,0.4296383336186409,0.0309339600205421,31.100789020500365,False
W7799,Shanxi,wind,upfront_capex_grant,0.4659872315824032,0.033551080673933,30.300751475822494,False
W7804,Xinjiang,wind,upfront_capex_grant,0.3991783894598484,0.0332121981276791,36.71742765397944,False
W7806,Xinjiang,wind,upfront_capex_grant,0.4506844691932201,0.0881671918427394,83.26781214885325,False
W7812,Shanxi,wind,upfront_capex_grant,0.4659872315824032,0.033551080673933,30.300751475822494,False
W7816,Xinjiang,wind,upfront_capex_grant,0.4506844691932201,0.0881671918427394,83.26781214885325,False
W7819,Shanxi,wind,upfront_capex_grant,0.5180113948881626,0.0372968204319477,29.15816263251397,False
W7828,Xinjiang,wind,upfront_capex_grant,0.3819407783448696,0.0274997360408306,32.150052428004955,False
W7829,Shanxi,wind,upfront_capex_grant,0.5180113948881626,0.0372968204319477,29.15816263251397,False
W7830,Shanxi,wind,upfront_capex_grant,0.5180113948881626,0.0372968204319477,29.15816263251397,False
W7838,Shanxi,wind,upfront_capex_grant,0.4659872315824032,0.033551080673933,30.300751475822494,False
W7840,Xinjiang,wind,upfront_capex_grant,0.4951911121606827,0.0356537600755691,29.665376838598934,False
W7844,Xinjiang,wind,upfront_capex_grant,0.4695442393422127,0.0412148147373088,36.85775112453369,False
W7850,Shanxi,wind,upfront_capex_grant,0.467087872326374,0.0336303268074989,30.276504822250345,False
W7851,Xinjiang,wind,upfront_capex_grant,0.4695442393422127,0.041009766559946,36.674379786443005,False
W7852,Shanxi,wind,upfront_capex_grant,0.4659872315824032,0.033551080673933,30.300751475822494,False
W7865,Xinjiang,wind,upfront_capex_grant,0.4577404335141182,0.0329573112130165,30.491599555294226,False
W7876,Xinjiang,wind,upfront_capex_grant,0.3557482659816742,0.0466375135453997,59.58219772182094,False
W7877,Shanxi,wind,upfront_capex_grant,0.4659872315824032,0.033551080673933,30.300751475822494,False
W7883,Xinjiang,wind,upfront_capex_grant,0.4155189357697963,0.0308603002180389,32.405244034115604,False
W7884,Shanxi,wind,upfront_capex_grant,0.4659872315824032,0.033551080673933,30.300751475822494,False
W7890,Xinjiang,wind,upfront_capex_grant,0.4461494386196136,0.0321227595806121,30.74307636872887,False
W7897,Xinjiang,wind,upfront_capex_grant,0.3465822041034698,0.0475034244983591,62.67709293839805,False
W7904,Xinjiang,wind,upfront_capex_grant,0.3557482659816742,0.0466375135453997,59.58219772182094,False
W7911,Xinjiang,wind,upfront_capex_grant,0.3557482659816742,0.0466375135453997,59.58219772182094,False
W7914,Xinjiang,wind,upfront_capex_grant,0.3557482659816742,0.0466375135453997,59.58219772182094,False
W7921,Xinjiang,wind,upfront_capex_grant,0.3557482659816742,0.0466375135453997,59.58219772182094,False
W7927,Xinjiang,wind,upfront_capex_grant,0.4155189357697963,0.0308603002180389,32.405244034115604,False
W7935,Shanxi,wind,upfront_capex_grant,0.4659872315824032,0.033551080673933,30.300751475822494,False
W7941,Shanxi,wind,upfront_capex_grant,0.4659872315824032,0.033551080673933,30.300751475822494,False
W7948,Shanxi,wind,upfront_capex_grant,0.4206382445991039,0.041267352351422,42.645354083874544,False
W7953,Shanxi,wind,upfront_capex_grant,0.4659872315824032,0.033551080673933,30.300751475822494,False
W7958,Shanxi,wind,upfront_capex_grant,0.4206382445991039,0.041267352351422,42.645354083874544,False
W7978,Shanxi,wind,upfront_capex_grant,0.4659872315824032,0.033551080673933,30.300751475822494,False
W8000,Xinjiang,wind,upfront_capex_grant,0.4695442393422127,0.041009766559946,36.674379786443005,False
W8045,Yunnan,wind,upfront_capex_grant,0.4194305986166,0.0605967123971726,62.882264364991805,False
W8050,Yunnan,wind,upfront_capex_grant,0.4194305762648582,0.0466128524130804,48.3709724993514,False
W8096,Yunnan,wind,upfront_capex_grant,0.4596636183559894,0.0365620684098324,33.64733670870073,False
W8098,Yunnan,wind,upfront_capex_grant,0.4596636183559894,0.0365620684098324,33.64733670870073,False
W8111,Yunnan,wind,upfront_capex_grant,0.4639420174062252,0.0495699314892805,45.05830801945254,False
W8153,Yunnan,wind,upfront_capex_grant,0.4776088632643223,0.0343878381550312,30.062591102648327,False
W8162,Yunnan,wind,upfront_capex_grant,0.4526518210768699,0.0450195322338005,42.285164940094816,False
W8214,Yunnan,wind,upfront_capex_grant,0.4596998654305935,0.0330983903110027,30.45239573672008,False
W89,Gansu,wind,upfront_capex_grant,0.361338410526514,0.1700862285701483,212.71937223759235,False
W912,Gansu,wind,upfront_capex_grant,0.4357995614409446,0.031377568423748,30.90887809435079,False
W922,Gansu,wind,upfront_capex_grant,0.4357995614409446,0.031377568423748,30.90887809435079,False
W925,Gansu,wind,upfront_capex_grant,0.4166568294167518,0.106755172355808,111.48610638573652,False
W97,Gansu,wind,upfront_capex_grant,0.3613384030759334,0.1709366550613502,213.78296894271472,False
W985,Gansu,wind,upfront_capex_grant,0.3735966421663761,0.1464939039240868,175.7400002187701,False
W994,Gansu,wind,upfront_capex_grant,0.4357995614409446,0.031377568423748,30.90887809435079,False
