ObjectId,merge_province_cn,power_type_cn,initial_6p5_gap_100m_cny,operating_learning_gain_100m_cny,gap_share_of_initial_capex,gain_share_of_initial_capex,learning_gain_share_of_gap,closes_gap_at_baseline_learning,selected_electrolyser_capacity_mw,annual_active_hours_at_fid,operating_horizon_years,initial_stack_life_hours,cumulative_operating_hours,first_stack_replacement_year_no_learning,first_stack_replacement_year_with_learning,stack_replacements_no_learning,stack_replacements_with_learning,triggers_stack_replacement_no_learning,triggers_stack_replacement_with_learning,has_positive_operating_learning_gain,replacement_gain_identity_mismatch
10956,西藏,光伏,0.0019033394201048016,0.0015878052220351091,0.026226093868201485,0.0218783514688202,0.8342207413261485,False,1.0079758677189032,2211.0,30,60000.0,66330.0,2053.0,2053.0,1,1,True,True,True,False
11041,西藏,光伏,0.00601928139877793,0.0014231998153052701,0.08328364144065495,0.019691596930549712,0.23644015307113178,False,1.0038121423659607,2158.0,30,60000.0,64740.0,2053.0,2053.0,1,1,True,True,True,False
11990,西藏,光伏,0.005399826632730435,0.0014765159225602622,0.07440240568582945,0.020344419208948986,0.2734376532777051,False,1.007999559018828,2175.0,30,60000.0,65250.0,2053.0,2053.0,1,1,True,True,True,False
1798,青海,光伏,0.03205708755680958,0.0,0.14155179389201047,0.0,0.0,False,3.1454022230024252,1867.0,30,60000.0,56010.0,,,0,0,False,False,False,False
1800,青海,光伏,0.1393786458081772,0.0,0.14155179832700038,0.0,0.0,False,13.675661828340925,1867.0,30,60000.0,56010.0,,,0,0,False,False,False,False
4006,青海,光伏,0.03630752114222292,0.0,0.18307072500973934,0.0,0.0,False,2.754515376221355,1807.0,30,60000.0,54210.0,,,0,0,False,False,False,False
4040,青海,光伏,0.018117131768381745,0.0,0.24682067756035345,0.0,0.0,False,1.0194722443985045,1760.0,30,60000.0,52800.0,,,0,0,False,False,False,False
4117,青海,光伏,0.018117131768381745,0.0,0.24682067756035345,0.0,0.0,False,1.0194722443985045,1760.0,30,60000.0,52800.0,,,0,0,False,False,False,False
4126,青海,光伏,0.014123072577987937,0.0,0.19551612406163524,0.0,0.0,False,1.0032614279094023,1795.0,30,60000.0,53850.0,,,0,0,False,False,False,False
4127,青海,光伏,0.018117131768381745,0.0,0.24682067756035345,0.0,0.0,False,1.0194722443985045,1760.0,30,60000.0,52800.0,,,0,0,False,False,False,False
4128,青海,光伏,0.018117131768381745,0.0,0.24682067756035345,0.0,0.0,False,1.0194722443985045,1760.0,30,60000.0,52800.0,,,0,0,False,False,False,False
4129,青海,光伏,0.018117131768381745,0.0,0.24682067756035345,0.0,0.0,False,1.0194722443985045,1760.0,30,60000.0,52800.0,,,0,0,False,False,False,False
4130,青海,光伏,0.017467171891096724,0.0,0.2363104061829664,0.0,0.0,False,1.0266141619287374,1779.0,30,60000.0,53370.0,,,0,0,False,False,False,False
4132,青海,光伏,0.017467171891096724,0.0,0.2363104061829664,0.0,0.0,False,1.0266141619287374,1779.0,30,60000.0,53370.0,,,0,0,False,False,False,False
4133,青海,光伏,0.017467171891096724,0.0,0.2363104061829664,0.0,0.0,False,1.0266141619287374,1779.0,30,60000.0,53370.0,,,0,0,False,False,False,False
4134,青海,光伏,0.018117131768381745,0.0,0.24682067756035345,0.0,0.0,False,1.0194722443985045,1760.0,30,60000.0,52800.0,,,0,0,False,False,False,False
4135,青海,光伏,0.018117131768381745,0.0,0.24682067756035345,0.0,0.0,False,1.0194722443985045,1760.0,30,60000.0,52800.0,,,0,0,False,False,False,False
4136,青海,光伏,0.014123072577987937,0.0,0.19551612406163524,0.0,0.0,False,1.0032614279094023,1795.0,30,60000.0,53850.0,,,0,0,False,False,False,False
4137,青海,光伏,0.013356731035184349,0.0,0.17455161863128665,0.0,0.0,False,1.0627810542296423,1811.0,30,60000.0,54330.0,,,0,0,False,False,False,False
4138,青海,光伏,0.0215011201147948,0.0,0.17459434142956964,0.0,0.0,False,1.710402902040804,1819.0,30,60000.0,54570.0,,,0,0,False,False,False,False
4139,青海,光伏,0.016941057435189855,0.0,0.23415746920027938,0.0,0.0,False,1.0048471448774787,1777.0,30,60000.0,53310.0,,,0,0,False,False,False,False
4140,青海,光伏,0.037884802885605966,0.0,0.1895048831017243,0.0,0.0,False,2.776592398271824,1788.0,30,60000.0,53640.0,,,0,0,False,False,False,False
4141,青海,光伏,0.01765684723114674,0.0,0.24440800619576108,0.0,0.0,False,1.003379525648844,1764.0,30,60000.0,52920.0,,,0,0,False,False,False,False
4143,青海,光伏,0.018942401726259325,0.0,0.1895048858708441,0.0,0.0,False,1.3882961996242118,1788.0,30,60000.0,53640.0,,,0,0,False,False,False,False
4144,青海,光伏,0.018496031493716873,0.0,0.25493849924017836,0.0,0.0,False,1.0076521477425304,1753.0,30,60000.0,52590.0,,,0,0,False,False,False,False
4145,青海,光伏,0.018496031493716873,0.0,0.25493849924017836,0.0,0.0,False,1.0076521477425304,1753.0,30,60000.0,52590.0,,,0,0,False,False,False,False
4146,青海,光伏,0.014287110537017282,0.0,0.19638849847052017,0.0,0.0,False,1.0104058656046666,1795.0,30,60000.0,53850.0,,,0,0,False,False,False,False
4147,青海,光伏,0.018117131768381745,0.0,0.24682067756035345,0.0,0.0,False,1.0194722443985045,1760.0,30,60000.0,52800.0,,,0,0,False,False,False,False
4148,青海,光伏,0.018117131768381745,0.0,0.24682067756035345,0.0,0.0,False,1.0194722443985045,1760.0,30,60000.0,52800.0,,,0,0,False,False,False,False
4149,青海,光伏,0.016695912274476046,0.0,0.17455160296449854,0.0,0.0,False,1.3284763161183735,1811.0,30,60000.0,54330.0,,,0,0,False,False,False,False
4151,青海,光伏,0.017985102443977594,0.0,0.24460768412739448,0.0,0.0,False,1.021198865402747,1767.0,30,60000.0,53010.0,,,0,0,False,False,False,False
4153,青海,光伏,0.027875729536878738,0.0,0.14155180078015162,0.0,0.0,False,2.7351323550856224,1867.0,30,60000.0,56010.0,,,0,0,False,False,False,False
4154,青海,光伏,0.017257542903970313,0.0,0.23550718098261242,0.0,0.0,False,1.0177528128374684,1809.0,30,60000.0,54270.0,,,0,0,False,False,False,False
4155,青海,光伏,0.05575145715915946,0.0,0.14155179629122064,0.0,0.0,False,5.4702646957878285,1867.0,30,60000.0,56010.0,,,0,0,False,False,False,False
4156,青海,光伏,0.04181359256272512,0.0,0.1415517945503759,0.0,0.0,False,4.102698542209459,1867.0,30,60000.0,56010.0,,,0,0,False,False,False,False
4157,青海,光伏,0.05575145715915946,0.0,0.14155179629122064,0.0,0.0,False,5.4702646957878285,1867.0,30,60000.0,56010.0,,,0,0,False,False,False,False
4159,青海,光伏,0.14774136875882038,0.0,0.14155180166024423,0.0,0.0,False,14.496201608996715,1867.0,30,60000.0,56010.0,,,0,0,False,False,False,False
4160,青海,光伏,0.016405860941564043,0.0,0.1550168833266175,0.0,0.0,False,1.469899115852112,1844.0,30,60000.0,55320.0,,,0,0,False,False,False,False
4161,青海,光伏,0.012378960091887955,0.0,0.16809761409650087,0.0,0.0,False,1.0227985816474505,1844.0,30,60000.0,55320.0,,,0,0,False,False,False,False
4163,青海,光伏,0.012190018857002428,0.0,0.16887509583166765,0.0,0.0,False,1.0025505337218505,1840.0,30,60000.0,55200.0,,,0,0,False,False,False,False
4165,青海,光伏,0.016355650701065486,0.0,0.15164926730852113,0.0,0.0,False,1.4979420561949002,1862.0,30,60000.0,55860.0,,,0,0,False,False,False,False
4167,青海,光伏,0.012378960091887955,0.0,0.16809761409650087,0.0,0.0,False,1.0227985816474505,1844.0,30,60000.0,55320.0,,,0,0,False,False,False,False
4176,青海,光伏,0.017675301218571617,0.0,0.24195510081635202,0.0,0.0,False,1.0146109500238014,1801.0,30,60000.0,54030.0,,,0,0,False,False,False,False
4179,青海,光伏,0.017257542903970313,0.0,0.23550718098261242,0.0,0.0,False,1.0177528128374684,1809.0,30,60000.0,54270.0,,,0,0,False,False,False,False
4180,青海,光伏,0.012821809315573775,0.0,0.173123809032171,0.0,0.0,False,1.028631971154427,1837.0,30,60000.0,55110.0,,,0,0,False,False,False,False
4182,青海,光伏,0.016405860941564043,0.0,0.1550168833266175,0.0,0.0,False,1.469899115852112,1844.0,30,60000.0,55320.0,,,0,0,False,False,False,False
4189,青海,光伏,0.016405860941564043,0.0,0.1550168833266175,0.0,0.0,False,1.469899115852112,1844.0,30,60000.0,55320.0,,,0,0,False,False,False,False
4190,青海,光伏,0.032811721719359185,0.0,0.15501688266852723,0.0,0.0,False,2.9397982295114597,1844.0,30,60000.0,55320.0,,,0,0,False,False,False,False
4192,青海,光伏,0.016529140606652212,0.0,0.22348826947460415,0.0,0.0,False,1.0272190028331718,1773.0,30,60000.0,53190.0,,,0,0,False,False,False,False
4197,青海,光伏,0.013646048116088638,0.0,0.16009557127250076,0.0,0.0,False,1.1838456526332497,1848.0,30,60000.0,55440.0,,,0,0,False,False,False,False
4204,青海,光伏,0.036625492418478504,0.0,0.18396743895811038,0.0,0.0,False,2.765094723185874,1791.0,30,60000.0,53730.0,,,0,0,False,False,False,False
4205,青海,光伏,0.13744450816605275,0.0,0.19772080046568158,0.0,0.0,False,9.654783400685377,1777.0,30,60000.0,53310.0,,,0,0,False,False,False,False
4208,青海,光伏,0.06251324860470027,0.0,0.15349585808710817,0.0,0.0,False,5.656436432711095,1849.0,30,60000.0,55470.0,,,0,0,False,False,False,False
4225,青海,光伏,0.33506864904905553,0.0,0.19296189526926322,0.0,0.0,False,24.11735866451001,1793.0,30,60000.0,53790.0,,,0,0,False,False,False,False
4228,青海,光伏,0.032811721719359185,0.0,0.15501688266852723,0.0,0.0,False,2.9397982295114597,1844.0,30,60000.0,55320.0,,,0,0,False,False,False,False
4233,青海,光伏,0.03350686298149388,0.0,0.19296188587140392,0.0,0.0,False,2.4117358454681175,1793.0,30,60000.0,53790.0,,,0,0,False,False,False,False
4242,青海,光伏,0.018676151492268107,0.0,0.2584396814641037,0.0,0.0,False,1.0036809807173384,1747.0,30,60000.0,52410.0,,,0,0,False,False,False,False
4250,青海,光伏,0.018676151492268107,0.0,0.2584396814641037,0.0,0.0,False,1.0036809807173384,1747.0,30,60000.0,52410.0,,,0,0,False,False,False,False
4256,青海,光伏,0.014535182707309002,0.0,0.201199601437517,0.0,0.0,False,1.0033694707104448,1792.0,30,60000.0,53760.0,,,0,0,False,False,False,False
4263,青海,光伏,0.03125662413758238,0.0,0.15349585723598605,0.0,0.0,False,2.828218217128975,1849.0,30,60000.0,55470.0,,,0,0,False,False,False,False
4268,青海,光伏,0.02178451169294796,0.0,0.18307071624644408,0.0,0.0,False,1.6527092295567063,1807.0,30,60000.0,54210.0,,,0,0,False,False,False,False
4274,青海,光伏,0.0209005663574125,0.0,0.18041017027851167,0.0,0.0,False,1.6090314831188142,1807.0,30,60000.0,54210.0,,,0,0,False,False,False,False
4283,青海,光伏,0.018153760616217138,0.0,0.1830707250960935,0.0,0.0,False,1.3772576908830256,1807.0,30,60000.0,54210.0,,,0,0,False,False,False,False
4288,青海,光伏,0.027875729536878738,0.0,0.14155180078015162,0.0,0.0,False,2.7351323550856224,1867.0,30,60000.0,56010.0,,,0,0,False,False,False,False
4291,青海,光伏,0.015644555570837337,0.0,0.17181527894276793,0.0,0.0,False,1.2646459347296215,1818.0,30,60000.0,54540.0,,,0,0,False,False,False,False
4298,青海,光伏,0.01858347540303018,0.0,0.25311408067285357,0.0,0.0,False,1.019713420746756,1752.0,30,60000.0,52560.0,,,0,0,False,False,False,False
4301,青海,光伏,0.030844939592468684,0.0,0.15458001712502512,0.0,0.0,False,2.7713927501883604,1852.0,30,60000.0,55560.0,,,0,0,False,False,False,False
4309,青海,光伏,0.017675301218571617,0.0,0.24195510081635202,0.0,0.0,False,1.0146109500238014,1801.0,30,60000.0,54030.0,,,0,0,False,False,False,False
4317,青海,光伏,0.03214965853196633,0.0,0.14827157726307028,0.0,0.0,False,3.0115214487396815,1867.0,30,60000.0,56010.0,,,0,0,False,False,False,False
4320,青海,光伏,0.018153760616217138,0.0,0.1830707250960935,0.0,0.0,False,1.3772576908830256,1807.0,30,60000.0,54210.0,,,0,0,False,False,False,False
4326,青海,光伏,0.01387034168694483,0.0,0.19249351279412602,0.0,0.0,False,1.0007798795117577,1833.0,30,60000.0,54990.0,,,0,0,False,False,False,False
4420,青海,光伏,0.018676151492268107,0.0,0.2584396814641037,0.0,0.0,False,1.0036809807173384,1747.0,30,60000.0,52410.0,,,0,0,False,False,False,False
4434,青海,光伏,0.06791383292971677,0.0,0.19716541679779467,0.0,0.0,False,4.784042226567341,1785.0,30,60000.0,53550.0,,,0,0,False,False,False,False
4440,青海,光伏,0.03258851739206844,0.0,0.1819856790385736,0.0,0.0,False,2.487109422583328,1807.0,30,60000.0,54210.0,,,0,0,False,False,False,False
4446,青海,光伏,0.06791383292971677,0.0,0.19716541679779467,0.0,0.0,False,4.784042226567341,1785.0,30,60000.0,53550.0,,,0,0,False,False,False,False
4452,青海,光伏,0.18452083701842323,0.0,0.14985333791952865,0.0,0.0,False,17.10198410401693,1863.0,30,60000.0,55890.0,,,0,0,False,False,False,False
4456,青海,光伏,0.018792728233382287,0.0,0.25857585611855993,0.0,0.0,False,1.0094140971648016,1746.0,30,60000.0,52380.0,,,0,0,False,False,False,False
4463,青海,光伏,0.18452083701842323,0.0,0.14985333791952865,0.0,0.0,False,17.10198410401693,1863.0,30,60000.0,55890.0,,,0,0,False,False,False,False
4479,青海,光伏,0.017092023385073245,0.0,0.23552963296593324,0.0,0.0,False,1.0078953153037375,1757.0,30,60000.0,52710.0,,,0,0,False,False,False,False
4490,青海,光伏,0.019546902696164194,0.0,0.15265359942843498,0.0,0.0,False,1.7784366741789208,1865.0,30,60000.0,55950.0,,,0,0,False,False,False,False
4510,青海,光伏,0.019538825164646195,0.0,0.16430468844353188,0.0,0.0,False,1.6516422891027986,1842.0,30,60000.0,55260.0,,,0,0,False,False,False,False
4516,青海,光伏,0.01831274601649447,0.0,0.18396743721882106,0.0,0.0,False,1.3825473601124518,1791.0,30,60000.0,53730.0,,,0,0,False,False,False,False
4522,青海,光伏,0.01831274601649447,0.0,0.18396743721882106,0.0,0.0,False,1.3825473601124518,1791.0,30,60000.0,53730.0,,,0,0,False,False,False,False
4535,青海,光伏,0.017289331342246105,0.0,0.2373334557958908,0.0,0.0,False,1.0117815087231286,1801.0,30,60000.0,54030.0,,,0,0,False,False,False,False
4541,青海,光伏,0.017675301218571617,0.0,0.24195510081635202,0.0,0.0,False,1.0146109500238014,1801.0,30,60000.0,54030.0,,,0,0,False,False,False,False
4543,青海,光伏,0.036625492418478504,0.0,0.18396743895811038,0.0,0.0,False,2.765094723185874,1791.0,30,60000.0,53730.0,,,0,0,False,False,False,False
4603,青海,光伏,0.017257542903970313,0.0,0.23550718098261242,0.0,0.0,False,1.0177528128374684,1809.0,30,60000.0,54270.0,,,0,0,False,False,False,False
4609,青海,光伏,0.0170218428838969,0.0,0.2324262000367027,0.0,0.0,False,1.0171593583736926,1770.0,30,60000.0,53100.0,,,0,0,False,False,False,False
4615,青海,光伏,0.01387034168694483,0.0,0.19249351279412602,0.0,0.0,False,1.0007798795117577,1833.0,30,60000.0,54990.0,,,0,0,False,False,False,False
4622,青海,光伏,0.03125662413758238,0.0,0.15349585723598605,0.0,0.0,False,2.828218217128975,1849.0,30,60000.0,55470.0,,,0,0,False,False,False,False
4631,青海,光伏,0.027875729536878738,0.0,0.14155180078015162,0.0,0.0,False,2.7351323550856224,1867.0,30,60000.0,56010.0,,,0,0,False,False,False,False
4641,青海,光伏,0.01829485838009667,0.0,0.1923803969461546,0.0,0.0,False,1.3207959818808315,1789.0,30,60000.0,53670.0,,,0,0,False,False,False,False
4642,青海,光伏,0.015068346103821446,0.0,0.20914842747456266,0.0,0.0,False,1.000641445419194,1782.0,30,60000.0,53460.0,,,0,0,False,False,False,False
4647,青海,光伏,0.03271130175263886,0.0,0.15164926867261655,0.0,0.0,False,2.995884117543095,1862.0,30,60000.0,55860.0,,,0,0,False,False,False,False
4648,青海,光伏,0.036625492418478504,0.0,0.18396743895811038,0.0,0.0,False,2.765094723185874,1791.0,30,60000.0,53730.0,,,0,0,False,False,False,False
4654,青海,光伏,0.036625492418478504,0.0,0.18396743895811038,0.0,0.0,False,2.765094723185874,1791.0,30,60000.0,53730.0,,,0,0,False,False,False,False
4682,青海,光伏,0.0626228133934709,0.0,0.17136093437382238,0.0,0.0,False,5.075610145975065,1823.0,30,60000.0,54690.0,,,0,0,False,False,False,False
4690,青海,光伏,0.015068346103821446,0.0,0.20914842747456266,0.0,0.0,False,1.000641445419194,1782.0,30,60000.0,53460.0,,,0,0,False,False,False,False
4693,青海,光伏,0.01882578277839276,0.0,0.25600339734429,0.0,0.0,False,1.021350528812765,1783.0,30,60000.0,53490.0,,,0,0,False,False,False,False
4705,青海,光伏,0.15142453632584643,0.0,0.1539500836677196,0.0,0.0,False,13.661042007749066,1868.0,30,60000.0,56040.0,,,0,0,False,False,False,False
4710,青海,光伏,0.013094992617570703,0.0,0.17948116555688018,0.0,0.0,False,1.0133369532226542,1827.0,30,60000.0,54810.0,,,0,0,False,False,False,False
4712,青海,光伏,0.013714456153481198,0.0,0.1898531526120277,0.0,0.0,False,1.0032941516461893,1869.0,30,60000.0,56070.0,,,0,0,False,False,False,False
4716,青海,光伏,0.01376058026293478,0.0,0.17229073390054356,0.0,0.0,False,1.1092829311927126,1816.0,30,60000.0,54480.0,,,0,0,False,False,False,False
4718,青海,光伏,0.01311039426495136,0.0,0.17961737538881817,0.0,0.0,False,1.0137594363644802,1809.0,30,60000.0,54270.0,,,0,0,False,False,False,False
4722,青海,光伏,0.05554783880909325,0.0,0.1592708937670395,0.0,0.0,False,4.843934400003127,1831.0,30,60000.0,54930.0,,,0,0,False,False,False,False
4724,青海,光伏,0.01311039426495136,0.0,0.17961737538881817,0.0,0.0,False,1.0137594363644802,1809.0,30,60000.0,54270.0,,,0,0,False,False,False,False
4726,青海,光伏,0.017069634357024015,0.0,0.23589574471133085,0.0,0.0,False,1.0050128511168486,1805.0,30,60000.0,54150.0,,,0,0,False,False,False,False
4744,青海,光伏,0.0376556967173896,0.0,0.14647691550169784,0.0,0.0,False,3.5704997333553226,1870.0,30,60000.0,56100.0,,,0,0,False,False,False,False
4746,青海,光伏,0.014314001103228955,0.0,0.19852313505103067,0.0,0.0,False,1.0014226847015923,1865.0,30,60000.0,55950.0,,,0,0,False,False,False,False
4752,青海,光伏,0.014314001103228955,0.0,0.19852313505103067,0.0,0.0,False,1.0014226847015923,1865.0,30,60000.0,55950.0,,,0,0,False,False,False,False
4756,青海,光伏,0.012306182369729643,0.0,0.16069649150632495,0.0,0.0,False,1.063615004767239,1842.0,30,60000.0,55260.0,,,0,0,False,False,False,False
4757,青海,光伏,0.0099194051961633,0.0,0.13374255421322767,0.0,0.0,False,1.0301098062904588,1904.0,30,60000.0,57120.0,,,0,0,False,False,False,False
4767,青海,光伏,0.024628054699396752,0.0,0.18376612736877662,0.0,0.0,False,1.8613675989534813,1808.0,30,60000.0,54240.0,,,0,0,False,False,False,False
4795,青海,光伏,0.017913624287422335,0.0,0.2438599192110564,0.0,0.0,False,1.0202592460878246,1755.0,30,60000.0,52650.0,,,0,0,False,False,False,False
4804,青海,光伏,0.015475903786652302,0.0,0.18652236588255452,0.0,0.0,False,1.1523717658786803,1793.0,30,60000.0,53790.0,,,0,0,False,False,False,False
4811,青海,光伏,0.08362718463875941,0.0,0.1415517938063878,0.0,0.0,False,8.205397079792505,1867.0,30,60000.0,56010.0,,,0,0,False,False,False,False
4817,青海,光伏,0.01561520738581117,0.0,0.21461334175837168,0.0,0.0,False,1.0105517139874107,1767.0,30,60000.0,53010.0,,,0,0,False,False,False,False
4824,青海,光伏,0.01793115117704043,0.0,0.24702657732630726,0.0,0.0,False,1.0081658785192653,1748.0,30,60000.0,52440.0,,,0,0,False,False,False,False
4850,青海,光伏,0.01756392735465969,0.0,0.2430194056145928,0.0,0.0,False,1.0038022883993767,1762.0,30,60000.0,52860.0,,,0,0,False,False,False,False
4854,青海,光伏,0.1630160568482117,0.0,0.1792718615302609,0.0,0.0,False,12.62948842803993,1812.0,30,60000.0,54360.0,,,0,0,False,False,False,False
4857,青海,光伏,0.01756392735465969,0.0,0.2430194056145928,0.0,0.0,False,1.0038022883993767,1762.0,30,60000.0,52860.0,,,0,0,False,False,False,False
4863,青海,光伏,0.01756392735465969,0.0,0.2430194056145928,0.0,0.0,False,1.0038022883993767,1762.0,30,60000.0,52860.0,,,0,0,False,False,False,False
4865,青海,光伏,0.17454788798135507,0.0,0.15900587928535617,0.0,0.0,False,15.246456501225309,1843.0,30,60000.0,55290.0,,,0,0,False,False,False,False
4868,青海,光伏,0.014287110537017282,0.0,0.19638849847052017,0.0,0.0,False,1.0104058656046666,1795.0,30,60000.0,53850.0,,,0,0,False,False,False,False
4874,青海,光伏,0.014287110537017282,0.0,0.19638849847052017,0.0,0.0,False,1.0104058656046666,1795.0,30,60000.0,53850.0,,,0,0,False,False,False,False
4879,青海,光伏,0.018117131768381745,0.0,0.24682067756035345,0.0,0.0,False,1.0194722443985045,1760.0,30,60000.0,52800.0,,,0,0,False,False,False,False
4882,青海,光伏,0.017289331342246105,0.0,0.2373334557958908,0.0,0.0,False,1.0117815087231286,1801.0,30,60000.0,54030.0,,,0,0,False,False,False,False
4889,青海,光伏,0.017289331342246105,0.0,0.2373334557958908,0.0,0.0,False,1.0117815087231286,1801.0,30,60000.0,54030.0,,,0,0,False,False,False,False
4891,青海,光伏,0.03339290802981909,0.0,0.1538497958352592,0.0,0.0,False,3.014566166858388,1857.0,30,60000.0,55710.0,,,0,0,False,False,False,False
4897,青海,光伏,0.01752497717564553,0.0,0.14822902962203388,0.0,0.0,False,1.6420701221177891,1855.0,30,60000.0,55650.0,,,0,0,False,False,False,False
4899,青海,光伏,0.018153760616217138,0.0,0.1830707250960935,0.0,0.0,False,1.3772576908830256,1807.0,30,60000.0,54210.0,,,0,0,False,False,False,False
4903,青海,光伏,0.017675301218571617,0.0,0.24195510081635202,0.0,0.0,False,1.0146109500238014,1801.0,30,60000.0,54030.0,,,0,0,False,False,False,False
4905,青海,光伏,0.013356731035184349,0.0,0.17455161863128665,0.0,0.0,False,1.0627810542296423,1811.0,30,60000.0,54330.0,,,0,0,False,False,False,False
4911,青海,光伏,0.018117131768381745,0.0,0.24682067756035345,0.0,0.0,False,1.0194722443985045,1760.0,30,60000.0,52800.0,,,0,0,False,False,False,False
4916,青海,光伏,0.016695912274476046,0.0,0.17455160296449854,0.0,0.0,False,1.3284763161183735,1811.0,30,60000.0,54330.0,,,0,0,False,False,False,False
4928,青海,光伏,0.018117131768381745,0.0,0.24682067756035345,0.0,0.0,False,1.0194722443985045,1760.0,30,60000.0,52800.0,,,0,0,False,False,False,False
4931,青海,光伏,0.033956916645375194,0.0,0.19716541764652207,0.0,0.0,False,2.39202111570298,1785.0,30,60000.0,53550.0,,,0,0,False,False,False,False
4932,青海,光伏,0.10514984813880494,0.0,0.14822901038155548,0.0,0.0,False,9.85242061404955,1855.0,30,60000.0,55650.0,,,0,0,False,False,False,False
4933,青海,光伏,0.014123072577987937,0.0,0.19551612406163524,0.0,0.0,False,1.0032614279094023,1795.0,30,60000.0,53850.0,,,0,0,False,False,False,False
4943,青海,光伏,0.07576960564222578,0.0,0.18950488288856795,0.0,0.0,False,5.55318479333646,1788.0,30,60000.0,53640.0,,,0,0,False,False,False,False
4944,青海,光伏,0.2643222093365702,0.0,0.145189806012368,0.0,0.0,False,25.2851208853363,1862.0,30,60000.0,55860.0,,,0,0,False,False,False,False
4952,青海,光伏,0.056827204549132294,0.0,0.1895048837805105,0.0,0.0,False,4.1648885986664546,1788.0,30,60000.0,53640.0,,,0,0,False,False,False,False
4956,青海,光伏,0.018942401726259325,0.0,0.1895048858708441,0.0,0.0,False,1.3882961996242118,1788.0,30,60000.0,53640.0,,,0,0,False,False,False,False
4957,青海,光伏,0.018117131768381745,0.0,0.24682067756035345,0.0,0.0,False,1.0194722443985045,1760.0,30,60000.0,52800.0,,,0,0,False,False,False,False
4960,青海,光伏,0.011356837801580671,0.0,0.15395005494251088,0.0,0.0,False,1.0245781231724094,1868.0,30,60000.0,56040.0,,,0,0,False,False,False,False
4966,青海,光伏,0.030491431445165872,0.0,0.19238040232033243,0.0,0.0,False,2.2013266335721933,1789.0,30,60000.0,53670.0,,,0,0,False,False,False,False
4977,青海,光伏,0.013475608104843323,0.0,0.18635498802822856,0.0,0.0,False,1.0043263432800027,1786.0,30,60000.0,53580.0,,,0,0,False,False,False,False
4992,青海,光伏,0.2645297868254145,0.0,0.18793111548419117,0.0,0.0,False,19.549848398195167,1794.0,30,60000.0,53820.0,,,0,0,False,False,False,False
4994,青海,光伏,0.24869586425625098,0.0,0.18509598660516555,0.0,0.0,False,18.661178392535003,1789.0,30,60000.0,53670.0,,,0,0,False,False,False,False
4998,青海,光伏,0.018117131768381745,0.0,0.24682067756035345,0.0,0.0,False,1.0194722443985045,1760.0,30,60000.0,52800.0,,,0,0,False,False,False,False
6017,新疆,光伏,0.01623014872531871,0.0,0.1885645246604835,0.0,0.0,False,1.1954461354911106,1791.0,30,60000.0,53730.0,,,0,0,False,False,False,False
6030,新疆,光伏,0.0181648787418346,0.0,0.2521671660542527,0.0,0.0,False,1.0004870438651852,1706.0,30,60000.0,51180.0,,,0,0,False,False,False,False
6031,新疆,光伏,0.0221639351689792,0.0,0.21814735425743714,0.0,0.0,False,1.4111215510742057,1735.0,30,60000.0,52050.0,,,0,0,False,False,False,False
6032,新疆,光伏,0.01699756106544641,0.0,0.2319417538418238,0.0,0.0,False,1.0178298349036607,1727.0,30,60000.0,51810.0,,,0,0,False,False,False,False
6036,新疆,光伏,0.059357812320307846,0.0,0.23289305386599707,0.0,0.0,False,3.539882561197511,1711.0,30,60000.0,51330.0,,,0,0,False,False,False,False
6037,新疆,光伏,0.03142769200889651,0.0,0.20348658087025212,0.0,0.0,False,2.145083574941509,1762.0,30,60000.0,52860.0,,,0,0,False,False,False,False
6057,新疆,光伏,0.016559167541721393,0.0,0.22362391412267835,0.0,0.0,False,1.028460837839078,1752.0,30,60000.0,52560.0,,,0,0,False,False,False,False
6059,新疆,光伏,0.014966324111046975,0.0,0.20536826325355098,0.0,0.0,False,1.0121603472723337,1782.0,30,60000.0,53460.0,,,0,0,False,False,False,False
6060,新疆,光伏,0.014463997393471916,0.0,0.19846827266981,0.0,0.0,False,1.0121963071716105,1774.0,30,60000.0,53220.0,,,0,0,False,False,False,False
6061,新疆,光伏,0.018064157314828445,0.0,0.24826158409842594,0.0,0.0,False,1.0105916093631035,1771.0,30,60000.0,53130.0,,,0,0,False,False,False,False
6063,新疆,光伏,0.012840621837946372,0.0,0.17516757568737065,0.0,0.0,False,1.018122042687696,1812.0,30,60000.0,54360.0,,,0,0,False,False,False,False
6066,新疆,光伏,0.02866577673619691,0.0,0.2074581318352311,0.0,0.0,False,1.919113917014085,1755.0,30,60000.0,52650.0,,,0,0,False,False,False,False
6067,新疆,光伏,0.013337212416649983,0.0,0.18293593541918132,0.0,0.0,False,1.0125897949897167,1821.0,30,60000.0,54630.0,,,0,0,False,False,False,False
6068,新疆,光伏,0.01599432303068426,0.0,0.22050541170760815,0.0,0.0,False,1.007428224576792,1803.0,30,60000.0,54090.0,,,0,0,False,False,False,False
6069,新疆,光伏,0.012276145906277663,0.0,0.16690212070292387,0.0,0.0,False,1.0215689636416447,1842.0,30,60000.0,55260.0,,,0,0,False,False,False,False
6070,新疆,光伏,0.019567423329158586,0.0,0.16379305665155372,0.0,0.0,False,1.6592264288631429,1846.0,30,60000.0,55380.0,,,0,0,False,False,False,False
6076,新疆,光伏,0.01859572503393962,0.0,0.18632071783031268,0.0,0.0,False,1.386179496366765,1807.0,30,60000.0,54210.0,,,0,0,False,False,False,False
6082,新疆,光伏,0.07040784076760162,0.0,0.17867435164713416,0.0,0.0,False,5.473010917980209,1811.0,30,60000.0,54330.0,,,0,0,False,False,False,False
6083,新疆,光伏,0.02219858391496052,0.0,0.1982898879671478,0.0,0.0,False,1.5548632794459165,1769.0,30,60000.0,53070.0,,,0,0,False,False,False,False
6086,新疆,光伏,0.0543410686706075,0.0,0.22724565138521743,0.0,0.0,False,3.321238757568784,1719.0,30,60000.0,51570.0,,,0,0,False,False,False,False
6089,新疆,光伏,0.017380552295768074,0.0,0.23813778090206353,0.0,0.0,False,1.0136844256675177,1709.0,30,60000.0,51270.0,,,0,0,False,False,False,False
6098,新疆,光伏,0.01741979257999646,0.0,0.1953960168982357,0.0,0.0,False,1.238211338448458,1772.0,30,60000.0,53160.0,,,0,0,False,False,False,False
6101,新疆,光伏,0.01615164398460232,0.0,0.21781661212440484,0.0,0.0,False,1.0298956837456834,1751.0,30,60000.0,52530.0,,,0,0,False,False,False,False
6102,新疆,光伏,0.10433099465881075,0.0,0.21979404706067077,0.0,0.0,False,6.592724470301496,1735.0,30,60000.0,52050.0,,,0,0,False,False,False,False
6104,新疆,光伏,0.017167863533483506,0.0,0.23514659567142568,0.0,0.0,False,1.0140165899290314,1783.0,30,60000.0,53490.0,,,0,0,False,False,False,False
6111,新疆,光伏,0.01316211036342449,0.0,0.18188759545741479,0.0,0.0,False,1.0050552810991236,1811.0,30,60000.0,54330.0,,,0,0,False,False,False,False
6112,新疆,光伏,0.06292960144930608,0.0,0.21533697003381252,0.0,0.0,False,4.058858273218171,1740.0,30,60000.0,52200.0,,,0,0,False,False,False,False
6114,新疆,光伏,0.016881395284224915,0.0,0.18909836522117385,0.0,0.0,False,1.2399040209458096,1792.0,30,60000.0,53760.0,,,0,0,False,False,False,False
6120,新疆,光伏,0.013560661842075947,0.0,0.18360005971553972,0.0,0.0,False,1.025830415720976,1801.0,30,60000.0,54030.0,,,0,0,False,False,False,False
6123,新疆,光伏,0.018775683623437445,0.0,0.2494987089031455,0.0,0.0,False,1.0451893110199808,1779.0,30,60000.0,53370.0,,,0,0,False,False,False,False
6124,新疆,光伏,0.016881395284224915,0.0,0.18909836522117385,0.0,0.0,False,1.2399040209458096,1792.0,30,60000.0,53760.0,,,0,0,False,False,False,False
6129,新疆,光伏,0.0923683697316379,0.0,0.2119148664204585,0.0,0.0,False,6.05381795869454,1746.0,30,60000.0,52380.0,,,0,0,False,False,False,False
6131,新疆,光伏,0.18019764695467613,0.0,0.1982452937381736,0.0,0.0,False,12.624486813281672,1765.0,30,60000.0,52950.0,,,0,0,False,False,False,False
6133,新疆,光伏,0.04598401030780523,0.0,0.22158777017841486,0.0,0.0,False,2.882229508047288,1734.0,30,60000.0,52020.0,,,0,0,False,False,False,False
6140,新疆,光伏,0.013522140170985547,0.0,0.18036306846264824,0.0,0.0,False,1.041274713141691,1801.0,30,60000.0,54030.0,,,0,0,False,False,False,False
6143,新疆,光伏,0.03003293626682893,0.0,0.19824526536930717,0.0,0.0,False,2.1040810938915295,1765.0,30,60000.0,52950.0,,,0,0,False,False,False,False
6149,新疆,光伏,0.059621401552072864,0.0,0.1847938671550483,0.0,0.0,False,4.481074151999778,1809.0,30,60000.0,54270.0,,,0,0,False,False,False,False
6159,新疆,光伏,0.12013174514234075,0.0,0.19824526546952034,0.0,0.0,False,8.416324376567847,1765.0,30,60000.0,52950.0,,,0,0,False,False,False,False
6160,新疆,光伏,0.11269220883125128,0.0,0.2099745391295752,0.0,0.0,False,7.4540921655975,1752.0,30,60000.0,52560.0,,,0,0,False,False,False,False
6165,新疆,光伏,0.06368383474865602,0.0,0.18773392175777276,0.0,0.0,False,4.71144317745455,1801.0,30,60000.0,54030.0,,,0,0,False,False,False,False
6178,新疆,光伏,0.026648840930771002,0.0,0.2074025070526281,0.0,0.0,False,1.7845627613905104,1751.0,30,60000.0,52530.0,,,0,0,False,False,False,False
6183,新疆,光伏,0.012791719723955137,0.0,0.17611123595554928,0.0,0.0,False,1.008809988640723,1813.0,30,60000.0,54390.0,,,0,0,False,False,False,False
6189,新疆,光伏,0.02220957433773138,0.0,0.2181205125850941,0.0,0.0,False,1.4142012898760679,1742.0,30,60000.0,52260.0,,,0,0,False,False,False,False
6190,新疆,光伏,0.01856727913366252,0.0,0.19157003785446622,0.0,0.0,False,1.3461336634089502,1788.0,30,60000.0,53640.0,,,0,0,False,False,False,False
6191,新疆,光伏,0.01547432869652565,0.0,0.2095413604334043,0.0,0.0,False,1.0256745086108914,1767.0,30,60000.0,53010.0,,,0,0,False,False,False,False
6197,新疆,光伏,0.1421271427121836,0.0,0.2074024959602872,0.0,0.0,False,9.517667972533683,1751.0,30,60000.0,52530.0,,,0,0,False,False,False,False
6199,新疆,光伏,0.35535318917115016,0.0,0.2181205125039886,0.0,0.0,False,22.62722063162294,1742.0,30,60000.0,52260.0,,,0,0,False,False,False,False
6214,新疆,光伏,0.03184191743858062,0.0,0.18773392209927978,0.0,0.0,False,2.355721589195501,1801.0,30,60000.0,54030.0,,,0,0,False,False,False,False
6215,新疆,光伏,0.01958551893269032,0.0,0.1996392695788238,0.0,0.0,False,1.3625630711895744,1765.0,30,60000.0,52950.0,,,0,0,False,False,False,False
6219,新疆,光伏,0.014303104277088705,0.0,0.1973609164342656,0.0,0.0,False,1.0065530179925042,1772.0,30,60000.0,53160.0,,,0,0,False,False,False,False
6224,新疆,光伏,0.04488003951231425,0.0,0.2033676995549573,0.0,0.0,False,3.0650584310072717,1760.0,30,60000.0,52800.0,,,0,0,False,False,False,False
6230,新疆,光伏,0.013860862457535416,0.0,0.19128382664107477,0.0,0.0,False,1.0064205738528564,1799.0,30,60000.0,53970.0,,,0,0,False,False,False,False
6247,新疆,光伏,0.10191270142222676,0.0,0.21583408368996812,0.0,0.0,False,6.558066095126225,1741.0,30,60000.0,52230.0,,,0,0,False,False,False,False
6253,新疆,光伏,0.03184191743858062,0.0,0.18773392209927978,0.0,0.0,False,2.355721589195501,1801.0,30,60000.0,54030.0,,,0,0,False,False,False,False
6259,新疆,光伏,0.09353462724827424,0.0,0.21226546700167986,0.0,0.0,False,6.120129022704568,1743.0,30,60000.0,52290.0,,,0,0,False,False,False,False
6268,新疆,光伏,0.10752130802863957,0.0,0.18058623610001234,0.0,0.0,False,8.269464675982965,1801.0,30,60000.0,54030.0,,,0,0,False,False,False,False
6270,新疆,光伏,0.016881395284224915,0.0,0.18909836522117385,0.0,0.0,False,1.2399040209458096,1792.0,30,60000.0,53760.0,,,0,0,False,False,False,False
6276,新疆,光伏,0.07093065667141439,0.0,0.1788963375114798,0.0,0.0,False,5.50680926747303,1810.0,30,60000.0,54300.0,,,0,0,False,False,False,False
6288,新疆,光伏,0.15305529826719172,0.0,0.1686760040359963,0.0,0.0,False,12.6026700931042,1831.0,30,60000.0,54930.0,,,0,0,False,False,False,False
6290,新疆,光伏,0.01659046158505767,0.0,0.23017571169927287,0.0,0.0,False,1.001074682767988,1783.0,30,60000.0,53490.0,,,0,0,False,False,False,False
6294,新疆,光伏,0.013695099536489265,0.0,0.165993813333373,0.0,0.0,False,1.145884367404502,1834.0,30,60000.0,55020.0,,,0,0,False,False,False,False
6295,新疆,光伏,0.018874865185331265,0.0,0.2568975147839354,0.0,0.0,False,1.0204493631334117,1695.0,30,60000.0,50850.0,,,0,0,False,False,False,False
6321,新疆,光伏,0.015733099134956872,0.0,0.21795464623307512,0.0,0.0,False,1.0025721843507538,1787.0,30,60000.0,53610.0,,,0,0,False,False,False,False
6322,新疆,光伏,0.02493203513492438,0.0,0.1990304015058234,0.0,0.0,False,1.73982599212466,1770.0,30,60000.0,53100.0,,,0,0,False,False,False,False
6323,新疆,光伏,0.01912526376610132,0.0,0.2568146560199839,0.0,0.0,False,1.0343204999850326,1734.0,30,60000.0,52020.0,,,0,0,False,False,False,False
6328,新疆,光伏,0.01912526376610132,0.0,0.2568146560199839,0.0,0.0,False,1.0343204999850326,1734.0,30,60000.0,52020.0,,,0,0,False,False,False,False
6358,新疆,光伏,0.01728119097965817,0.0,0.20014535698039992,0.0,0.0,False,1.1992111383710284,1762.0,30,60000.0,52860.0,,,0,0,False,False,False,False
6360,新疆,光伏,0.017286773465046465,0.0,0.23705282563006627,0.0,0.0,False,1.0128294200470864,1741.0,30,60000.0,52230.0,,,0,0,False,False,False,False
6361,新疆,光伏,0.021741301553141187,0.0,0.1971535056661744,0.0,0.0,False,1.531611221170454,1773.0,30,60000.0,53190.0,,,0,0,False,False,False,False
6362,新疆,光伏,0.10645324545788871,0.0,0.20997043205269147,0.0,0.0,False,7.041550010504348,1753.0,30,60000.0,52590.0,,,0,0,False,False,False,False
6365,新疆,光伏,0.017504689354182052,0.0,0.23871115112694793,0.0,0.0,False,1.0184722595780948,1744.0,30,60000.0,52320.0,,,0,0,False,False,False,False
6380,新疆,光伏,0.018680768112392703,0.0,0.2544390377358721,0.0,0.0,False,1.0197142505367272,1748.0,30,60000.0,52440.0,,,0,0,False,False,False,False
6387,新疆,光伏,0.01560938906284719,0.0,0.21391434506945073,0.0,0.0,False,1.0134760726165206,1761.0,30,60000.0,52830.0,,,0,0,False,False,False,False
6388,新疆,光伏,0.025417517087506395,0.0,0.18147616403949485,0.0,0.0,False,1.9452751413843126,1814.0,30,60000.0,54420.0,,,0,0,False,False,False,False
6389,新疆,光伏,0.0203033674267931,0.0,0.15450759671184844,0.0,0.0,False,1.825096113474081,1861.0,30,60000.0,55830.0,,,0,0,False,False,False,False
6394,新疆,光伏,0.03155131511903162,0.0,0.1791556108533782,0.0,0.0,False,2.4459893156524455,1810.0,30,60000.0,54300.0,,,0,0,False,False,False,False
6405,新疆,光伏,0.17199467849146624,0.0,0.20745815091786754,0.0,0.0,False,11.514683652964166,1755.0,30,60000.0,52650.0,,,0,0,False,False,False,False
6415,新疆,光伏,0.019113939262195602,0.0,0.2592535914700242,0.0,0.0,False,1.0239834176889322,1710.0,30,60000.0,51300.0,,,0,0,False,False,False,False
6428,新疆,光伏,0.016500449635935575,0.0,0.22468875339932037,0.0,0.0,False,1.0199571992058127,1749.0,30,60000.0,52470.0,,,0,0,False,False,False,False
6435,新疆,光伏,0.030925750517995614,0.0,0.18388347511670275,0.0,0.0,False,2.3358505296755943,1801.0,30,60000.0,54030.0,,,0,0,False,False,False,False
6447,新疆,光伏,0.042009721743985255,0.0,0.20972673519052165,0.0,0.0,False,2.7820409115953275,1759.0,30,60000.0,52770.0,,,0,0,False,False,False,False
6451,新疆,光伏,0.01334837980271437,0.0,0.16809528244547953,0.0,0.0,False,1.1029111657950288,1822.0,30,60000.0,54660.0,,,0,0,False,False,False,False
6465,新疆,光伏,0.016675931230226138,0.0,0.2223846143246464,0.0,0.0,False,1.0414846219408362,1749.0,30,60000.0,52470.0,,,0,0,False,False,False,False
6467,新疆,光伏,0.018299863619290896,0.0,0.2537150071925143,0.0,0.0,False,1.0017727185420129,1737.0,30,60000.0,52110.0,,,0,0,False,False,False,False
6468,新疆,光伏,0.015261847614727122,0.0,0.20678911018608537,0.0,0.0,False,1.025054489423313,1766.0,30,60000.0,52980.0,,,0,0,False,False,False,False
6475,新疆,光伏,0.026687876392971977,0.0,0.20312121070996844,0.0,0.0,False,1.8248461035004933,1765.0,30,60000.0,52950.0,,,0,0,False,False,False,False
6476,新疆,光伏,0.015261847614727122,0.0,0.20678911018608537,0.0,0.0,False,1.025054489423313,1766.0,30,60000.0,52980.0,,,0,0,False,False,False,False
6485,新疆,光伏,0.018091575487752358,0.0,0.24095999011445404,0.0,0.0,False,1.0427950368647767,1764.0,30,60000.0,52920.0,,,0,0,False,False,False,False
6528,新疆,光伏,0.02001820633908273,0.0,0.16043898093991754,0.0,0.0,False,1.732936983079507,1849.0,30,60000.0,55470.0,,,0,0,False,False,False,False
6536,新疆,光伏,0.019567423329158586,0.0,0.16379305665155372,0.0,0.0,False,1.6592264288631429,1846.0,30,60000.0,55380.0,,,0,0,False,False,False,False
6538,新疆,光伏,0.01638764197978608,0.0,0.22348029963513097,0.0,0.0,False,1.018461756941194,1740.0,30,60000.0,52200.0,,,0,0,False,False,False,False
6548,新疆,光伏,0.01638764197978608,0.0,0.22348029963513097,0.0,0.0,False,1.018461756941194,1740.0,30,60000.0,52200.0,,,0,0,False,False,False,False
6559,新疆,光伏,0.02344206467770551,0.0,0.19371462983810528,0.0,0.0,False,1.6807415728326867,1783.0,30,60000.0,53490.0,,,0,0,False,False,False,False
6564,新疆,光伏,0.016825665996205618,0.0,0.22531376668579567,0.0,0.0,False,1.0371749979606915,1731.0,30,60000.0,51930.0,,,0,0,False,False,False,False
6565,新疆,光伏,0.03985280792979828,0.0,0.22158776584067952,0.0,0.0,False,2.497932226299759,1734.0,30,60000.0,52020.0,,,0,0,False,False,False,False
6566,新疆,光伏,0.0157676487752823,0.0,0.21479227693455846,0.0,0.0,False,1.0195670207716214,1749.0,30,60000.0,52470.0,,,0,0,False,False,False,False
6574,新疆,光伏,0.015268603326020811,0.0,0.2059971773429199,0.0,0.0,False,1.029450683834387,1772.0,30,60000.0,53160.0,,,0,0,False,False,False,False
6576,新疆,光伏,0.03752939433945717,0.0,0.22149887383080405,0.0,0.0,False,2.3532471250674445,1732.0,30,60000.0,51960.0,,,0,0,False,False,False,False
6579,新疆,光伏,0.1500897084270708,0.0,0.19543522970611923,0.0,0.0,False,10.666343457338526,1775.0,30,60000.0,53250.0,,,0,0,False,False,False,False
6582,新疆,光伏,0.13932199535130102,0.0,0.19505730589834971,0.0,0.0,False,9.920303698959708,1783.0,30,60000.0,53490.0,,,0,0,False,False,False,False
6590,新疆,光伏,0.014283137975710668,0.0,0.195629770317293,0.0,0.0,False,1.0140425764829464,1786.0,30,60000.0,53580.0,,,0,0,False,False,False,False
6598,新疆,光伏,0.11661159625923838,0.0,0.20366247776656174,0.0,0.0,False,7.952400075663067,1766.0,30,60000.0,52980.0,,,0,0,False,False,False,False
6602,新疆,光伏,0.016365550984039082,0.0,0.2185251029118921,0.0,0.0,False,1.0401519834286985,1774.0,30,60000.0,53220.0,,,0,0,False,False,False,False
6607,新疆,光伏,0.01988298041872528,0.0,0.2080927231205693,0.0,0.0,False,1.327064693442575,1765.0,30,60000.0,52950.0,,,0,0,False,False,False,False
6609,新疆,光伏,0.14823373810591955,0.0,0.20337308407759735,0.0,0.0,False,10.12327628051425,1761.0,30,60000.0,52830.0,,,0,0,False,False,False,False
6625,新疆,光伏,0.02383749236840868,0.0,0.21058935422717756,0.0,0.0,False,1.5721415933371907,1758.0,30,60000.0,52740.0,,,0,0,False,False,False,False
6628,新疆,光伏,0.020551947073733565,0.0,0.20748342086147006,0.0,0.0,False,1.3757422553197254,1754.0,30,60000.0,52620.0,,,0,0,False,False,False,False
6634,新疆,光伏,0.018213742196926126,0.0,0.24827162900142022,0.0,0.0,False,1.0189188456266458,1702.0,30,60000.0,51060.0,,,0,0,False,False,False,False
6638,新疆,光伏,0.023658176634799823,0.0,0.20622840913682183,0.0,0.0,False,1.5933100001583314,1747.0,30,60000.0,52410.0,,,0,0,False,False,False,False
6644,新疆,光伏,0.01490262950071426,0.0,0.20495594342808585,0.0,0.0,False,1.0098802787845123,1761.0,30,60000.0,52830.0,,,0,0,False,False,False,False
6659,新疆,光伏,0.018657100746759425,0.0,0.25904757985554244,0.0,0.0,False,1.000304266131531,1738.0,30,60000.0,52140.0,,,0,0,False,False,False,False
6669,新疆,光伏,0.015133283685086877,0.0,0.19892637078859732,0.0,0.0,False,1.0565944313616094,1770.0,30,60000.0,53100.0,,,0,0,False,False,False,False
6672,新疆,光伏,0.01484595529874292,0.0,0.1795251631514957,0.0,0.0,False,1.1485510998792472,1808.0,30,60000.0,54240.0,,,0,0,False,False,False,False
6675,新疆,光伏,0.014484584760286703,0.0,0.19800662550174755,0.0,0.0,False,1.0160002869981732,1790.0,30,60000.0,53700.0,,,0,0,False,False,False,False
6707,新疆,光伏,0.016465460483871045,0.0,0.22754272219299138,0.0,0.0,False,1.0050286335720013,1792.0,30,60000.0,53760.0,,,0,0,False,False,False,False
6720,新疆,光伏,0.016318126710571916,0.0,0.21997979506699278,0.0,0.0,False,1.0302793885634907,1781.0,30,60000.0,53430.0,,,0,0,False,False,False,False
6739,新疆,光伏,0.12694077133242254,0.0,0.17935478901716875,0.0,0.0,False,9.830048465207689,1811.0,30,60000.0,54330.0,,,0,0,False,False,False,False
6740,新疆,光伏,0.014475971067009085,0.0,0.19616333685225035,0.0,0.0,False,1.024937467595658,1796.0,30,60000.0,53880.0,,,0,0,False,False,False,False
6745,新疆,光伏,0.016508632214825254,0.0,0.2262934033366911,0.0,0.0,False,1.0132268778427234,1725.0,30,60000.0,51750.0,,,0,0,False,False,False,False
6747,新疆,光伏,0.11422706588482703,0.0,0.21147065120155625,0.0,0.0,False,7.502161728655413,1751.0,30,60000.0,52530.0,,,0,0,False,False,False,False
6753,新疆,光伏,0.011256949566470949,0.0,0.15165214001732846,0.0,0.0,False,1.030954932377981,1875.0,30,60000.0,56250.0,,,0,0,False,False,False,False
6755,新疆,光伏,0.016226686249165616,0.0,0.21883001515442166,0.0,0.0,False,1.0298890771016271,1738.0,30,60000.0,52140.0,,,0,0,False,False,False,False
6760,新疆,光伏,0.01571842355252391,0.0,0.17026456450691596,0.0,0.0,False,1.2821895082028723,1839.0,30,60000.0,55170.0,,,0,0,False,False,False,False
6764,新疆,光伏,0.016168266862067987,0.0,0.22035253635972385,0.0,0.0,False,1.019090888096587,1816.0,30,60000.0,54480.0,,,0,0,False,False,False,False
6766,新疆,光伏,0.08478761969808038,0.0,0.15370518758730944,0.0,0.0,False,7.661457935315864,1852.0,30,60000.0,55560.0,,,0,0,False,False,False,False
6777,新疆,光伏,0.01769786229120726,0.0,0.23983511419726583,0.0,0.0,False,1.0248859669950547,1723.0,30,60000.0,51690.0,,,0,0,False,False,False,False
6790,新疆,光伏,0.055663191185038305,0.0,0.21242578723604827,0.0,0.0,False,3.6393880782040138,1747.0,30,60000.0,52410.0,,,0,0,False,False,False,False
6793,新疆,光伏,0.01874878113322516,0.0,0.2516945430164676,0.0,0.0,False,1.0345863475650459,1709.0,30,60000.0,51270.0,,,0,0,False,False,False,False
6799,新疆,光伏,0.05453559968702154,0.0,0.21545266525249215,0.0,0.0,False,3.5155698058054288,1740.0,30,60000.0,52200.0,,,0,0,False,False,False,False
6802,新疆,光伏,0.016631097375234976,0.0,0.2295673461225861,0.0,0.0,False,1.0061860601968442,1740.0,30,60000.0,52200.0,,,0,0,False,False,False,False
6804,新疆,光伏,0.02725096151810306,0.0,0.19752631620936778,0.0,0.0,False,1.9161273490219144,1778.0,30,60000.0,53340.0,,,0,0,False,False,False,False
6806,新疆,光伏,0.014404307846293613,0.0,0.19074111859331477,0.0,0.0,False,1.0488552896928132,1783.0,30,60000.0,53490.0,,,0,0,False,False,False,False
6812,新疆,光伏,0.2607062853972881,0.0,0.21511332746843054,0.0,0.0,False,16.832618755568674,1744.0,30,60000.0,52320.0,,,0,0,False,False,False,False
6815,新疆,光伏,0.01626932208731693,0.0,0.2216909574225302,0.0,0.0,False,1.0192693892228477,1801.0,30,60000.0,54030.0,,,0,0,False,False,False,False
6819,新疆,光伏,0.04680890743289788,0.0,0.21199837410719385,0.0,0.0,False,3.0666448131204933,1742.0,30,60000.0,52260.0,,,0,0,False,False,False,False
6824,新疆,光伏,0.16358363611014862,0.0,0.19452108962152143,0.0,0.0,False,11.67994149320721,1782.0,30,60000.0,53460.0,,,0,0,False,False,False,False
6827,新疆,光伏,0.10907119925694572,0.0,0.21545266516786254,0.0,0.0,False,7.031139606824146,1740.0,30,60000.0,52200.0,,,0,0,False,False,False,False
6831,新疆,光伏,0.015395650498799625,0.0,0.2086623385552064,0.0,0.0,False,1.0247583758073409,1761.0,30,60000.0,52830.0,,,0,0,False,False,False,False
6839,新疆,光伏,0.024240298716405807,0.0,0.18797820298952708,0.0,0.0,False,1.7910098625870643,1783.0,30,60000.0,53490.0,,,0,0,False,False,False,False
6845,新疆,光伏,0.018974883861731857,0.0,0.25848336133192185,0.0,0.0,False,1.0195629315449417,1722.0,30,60000.0,51660.0,,,0,0,False,False,False,False
6852,新疆,光伏,0.018974883861731857,0.0,0.25848336133192185,0.0,0.0,False,1.0195629315449417,1722.0,30,60000.0,51660.0,,,0,0,False,False,False,False
6854,新疆,光伏,0.03838050277106955,0.0,0.20564785431720628,0.0,0.0,False,2.5921133009481463,1760.0,30,60000.0,52800.0,,,0,0,False,False,False,False
6867,新疆,光伏,0.02558700061549926,0.0,0.2056478453213353,0.0,0.0,False,1.7280755263606542,1760.0,30,60000.0,52800.0,,,0,0,False,False,False,False
6883,新疆,光伏,0.01459940668332305,0.0,0.20182984986009408,0.0,0.0,False,1.0046558396041665,1839.0,30,60000.0,55170.0,,,0,0,False,False,False,False
6885,新疆,光伏,0.02558700061549926,0.0,0.2056478453213353,0.0,0.0,False,1.7280755263606542,1760.0,30,60000.0,52800.0,,,0,0,False,False,False,False
6895,新疆,光伏,0.020929235291848418,0.0,0.19078011611940235,0.0,0.0,False,1.5236589085414238,1787.0,30,60000.0,53610.0,,,0,0,False,False,False,False
6898,新疆,光伏,0.06159120223812883,0.0,0.18545087469516666,0.0,0.0,False,4.612722187612042,1807.0,30,60000.0,54210.0,,,0,0,False,False,False,False
6907,新疆,光伏,0.022381007555409945,0.0,0.21474236737593425,0.0,0.0,False,1.447536091535645,1738.0,30,60000.0,52140.0,,,0,0,False,False,False,False
6913,新疆,光伏,0.029236886614639458,0.0,0.18527982394944167,0.0,0.0,False,2.191646456651298,1800.0,30,60000.0,54000.0,,,0,0,False,False,False,False
6916,新疆,光伏,0.19068347833683863,0.0,0.1901672629457321,0.0,0.0,False,13.92659074197734,1788.0,30,60000.0,53640.0,,,0,0,False,False,False,False
6918,新疆,光伏,0.036601916113952145,0.0,0.22344264380924433,0.0,0.0,False,2.2751250046123963,1726.0,30,60000.0,51780.0,,,0,0,False,False,False,False
6928,新疆,光伏,0.02314827998234266,0.0,0.1534359304619253,0.0,0.0,False,2.095362459599568,1868.0,30,60000.0,56040.0,,,0,0,False,False,False,False
6938,新疆,光伏,0.015340866129192754,0.0,0.21105301502517382,0.0,0.0,False,1.0095453272831143,1757.0,30,60000.0,52710.0,,,0,0,False,False,False,False
6959,新疆,光伏,0.015565056054610218,0.0,0.17430789036159694,0.0,0.0,False,1.2402268976082857,1816.0,30,60000.0,54480.0,,,0,0,False,False,False,False
6963,新疆,光伏,0.03184191743858062,0.0,0.18773392209927978,0.0,0.0,False,2.355721589195501,1801.0,30,60000.0,54030.0,,,0,0,False,False,False,False
697,甘肃,光伏,0.020345738162233097,0.0,0.2520580522540698,0.0,0.0,False,1.1210897417109567,1673.0,30,60000.0,50190.0,,,0,0,False,False,False,False
6981,新疆,光伏,0.025681243904724843,0.0,0.17516757717240478,0.0,0.0,False,2.0362440862564433,1812.0,30,60000.0,54360.0,,,0,0,False,False,False,False
7325,新疆,光伏,0.016387135655126017,0.0,0.2270436157187579,0.0,0.0,False,1.0024466250710387,1758.0,30,60000.0,52740.0,,,0,0,False,False,False,False
7332,新疆,光伏,0.02870781218938585,0.0,0.1885209898322469,0.0,0.0,False,2.1149879071623054,1791.0,30,60000.0,53730.0,,,0,0,False,False,False,False
W100,甘肃,风电,0.049039802772763076,0.0,0.10366392167150539,0.0,0.0,False,6.570351197037061,1950.0,30,60000.0,58500.0,,,0,0,False,False,False,False
W1057,广西,风电,0.008492379123365215,0.0,0.10442435361382808,0.0,0.0,False,1.1295230084251147,1948.0,30,60000.0,58440.0,,,0,0,False,False,False,False
W1069,广西,风电,0.013150434340876952,0.0,0.1784508005444888,0.0,0.0,False,1.0235029534402922,1817.0,30,60000.0,54510.0,,,0,0,False,False,False,False
W1073,广西,风电,0.014410151340952256,0.0,0.198298278758904,0.0,0.0,False,1.0092926277484007,1796.0,30,60000.0,53880.0,,,0,0,False,False,False,False
W1083,广西,风电,0.016440629852449058,0.0,0.22730441510024477,0.0,0.0,False,1.0045650947136786,1771.0,30,60000.0,53130.0,,,0,0,False,False,False,False
W1130,河北,风电,0.01723538808361874,0.0,0.2391753058250055,0.0,0.0,False,1.0008574640452423,1712.0,30,60000.0,51360.0,,,0,0,False,False,False,False
W1134,河北,风电,0.019542205467546533,0.0,0.2547713430315261,0.0,0.0,False,1.065345564979828,1702.0,30,60000.0,51060.0,,,0,0,False,False,False,False
W124,甘肃,风电,0.0487958279205991,0.0,0.10366393005111946,0.0,0.0,False,6.537662925728759,1950.0,30,60000.0,58500.0,,,0,0,False,False,False,False
W125,甘肃,风电,0.0487958279205991,0.0,0.10366393005111946,0.0,0.0,False,6.537662925728759,1950.0,30,60000.0,58500.0,,,0,0,False,False,False,False
W1273,广西,风电,0.01819778676025141,0.0,0.24662348512574275,0.0,0.0,False,1.0248295623912713,1760.0,30,60000.0,52800.0,,,0,0,False,False,False,False
W1280,河北,风电,0.016348461025729576,0.0,0.21959632390565814,0.0,0.0,False,1.0339970845242281,1789.0,30,60000.0,53670.0,,,0,0,False,False,False,False
W1284,河北,风电,0.01774125391469534,0.0,0.24577266363126726,0.0,0.0,False,1.00257815792098,1762.0,30,60000.0,52860.0,,,0,0,False,False,False,False
W130,甘肃,风电,0.045193480041005714,0.0,0.13418714841421636,0.0,0.0,False,4.677699989973453,1899.0,30,60000.0,56970.0,,,0,0,False,False,False,False
W1340,河北,风电,0.015103607847511859,0.0,0.20759504808923868,0.0,0.0,False,1.0104881265051557,1838.0,30,60000.0,55140.0,,,0,0,False,False,False,False
W1356,河北,风电,0.015256170515242081,0.0,0.20759505842518125,0.0,0.0,False,1.020695091509161,1838.0,30,60000.0,55140.0,,,0,0,False,False,False,False
W1358,河北,风电,0.015256170515242081,0.0,0.20759505842518125,0.0,0.0,False,1.020695091509161,1838.0,30,60000.0,55140.0,,,0,0,False,False,False,False
W136,甘肃,风电,0.011298369476422725,0.0,0.13418714225163947,0.0,0.0,False,1.1694249959461502,1899.0,30,60000.0,56970.0,,,0,0,False,False,False,False
W1360,河北,风电,0.014350231973053728,0.0,0.19374049344469438,0.0,0.0,False,1.028740940315707,1825.0,30,60000.0,54750.0,,,0,0,False,False,False,False
W1362,河北,风电,0.014350231973053728,0.0,0.19374049344469438,0.0,0.0,False,1.028740940315707,1825.0,30,60000.0,54750.0,,,0,0,False,False,False,False
W1374,河北,风电,0.015969344026819394,0.0,0.18763494455241997,0.0,0.0,False,1.1820636360993637,1805.0,30,60000.0,54150.0,,,0,0,False,False,False,False
W1376,河北,风电,0.03140812974058793,0.0,0.15151039457529752,0.0,0.0,False,2.8791689533752622,1862.0,30,60000.0,55860.0,,,0,0,False,False,False,False
W138,甘肃,风电,0.040325583228411,0.0,0.15738749965511117,0.0,0.0,False,3.558589761361986,1848.0,30,60000.0,55440.0,,,0,0,False,False,False,False
W1387,河北,风电,0.02292793319543385,0.0,0.15151038714389178,0.0,0.0,False,2.101793300157151,1862.0,30,60000.0,55860.0,,,0,0,False,False,False,False
W1389,河北,风电,0.01554702656590377,0.0,0.15151041552047734,0.0,0.0,False,1.4251886498011563,1862.0,30,60000.0,55860.0,,,0,0,False,False,False,False
W139,甘肃,风电,0.040526215289868,0.0,0.15738752800945793,0.0,0.0,False,3.5762941852313883,1848.0,30,60000.0,55440.0,,,0,0,False,False,False,False
W140,甘肃,风电,0.020062477667425933,0.0,0.15738748893314805,0.0,0.0,False,1.7704426511121927,1848.0,30,60000.0,55440.0,,,0,0,False,False,False,False
W141,甘肃,风电,0.05296879485324323,0.0,0.18763144354382982,0.0,0.0,False,3.920865780277355,1791.0,30,60000.0,53730.0,,,0,0,False,False,False,False
W1482,海南,风电,0.010649936337558433,0.0,0.10514246613934014,0.0,0.0,False,1.4068129453047433,2000.0,30,60000.0,60000.0,,,0,0,False,False,False,False
W1483,海南,风电,0.010223941757469447,0.0,0.10514249310224565,0.0,0.0,False,1.3505404607238831,2000.0,30,60000.0,60000.0,,,0,0,False,False,False,False
W1502,河北,风电,0.015385470587154327,0.0,0.20861146236010775,0.0,0.0,False,1.0243305380764993,1816.0,30,60000.0,54480.0,,,0,0,False,False,False,False
W1509,河北,风电,0.01482717019851129,0.0,0.20221681622745546,0.0,0.0,False,1.018376825753861,1771.0,30,60000.0,53130.0,,,0,0,False,False,False,False
W1529,河北,风电,0.016348461025729576,0.0,0.21959632390565814,0.0,0.0,False,1.0339970845242281,1789.0,30,60000.0,53670.0,,,0,0,False,False,False,False
W1612,河北,风电,0.015256170515242081,0.0,0.20759505842518125,0.0,0.0,False,1.020695091509161,1838.0,30,60000.0,55140.0,,,0,0,False,False,False,False
W1769,广西,风电,0.009034450657100354,0.0,0.1044244073069879,0.0,0.0,False,1.201620239794449,1948.0,30,60000.0,58440.0,,,0,0,False,False,False,False
W1774,广西,风电,0.009034450657100354,0.0,0.1044244073069879,0.0,0.0,False,1.201620239794449,1948.0,30,60000.0,58440.0,,,0,0,False,False,False,False
W178,北京,风电,0.01735000728819989,0.0,0.2371977499843387,0.0,0.0,False,1.0159131925287286,1800.0,30,60000.0,54000.0,,,0,0,False,False,False,False
W180,北京,风电,0.01735000728819989,0.0,0.2371977499843387,0.0,0.0,False,1.0159131925287286,1800.0,30,60000.0,54000.0,,,0,0,False,False,False,False
W181,北京,风电,0.01735000728819989,0.0,0.2371977499843387,0.0,0.0,False,1.0159131925287286,1800.0,30,60000.0,54000.0,,,0,0,False,False,False,False
W1866,河北,风电,0.007837786371382528,0.0,0.10719279138191645,0.0,0.0,False,1.0155360509190365,1985.0,30,60000.0,59550.0,,,0,0,False,False,False,False
W1875,河北,风电,0.016879548690291117,0.0,0.22864338503925058,0.0,0.0,False,1.0253442329582285,1847.0,30,60000.0,55410.0,,,0,0,False,False,False,False
W1883,河北,风电,0.01840728235812365,0.0,0.2502475633700006,0.0,0.0,False,1.0216151397261992,1717.0,30,60000.0,51510.0,,,0,0,False,False,False,False
W1887,河北,风电,0.014645655518235755,0.0,0.2000128195085306,0.0,0.0,False,1.0169942241579333,1846.0,30,60000.0,55380.0,,,0,0,False,False,False,False
W1892,河北,风电,0.015231616357699816,0.0,0.20861147001833394,0.0,0.0,False,1.0140872271868993,1816.0,30,60000.0,54480.0,,,0,0,False,False,False,False
W2206,黑龙江,风电,0.014495732443072904,0.0,0.10337778075058972,0.0,0.0,False,1.9475134386046777,1998.0,30,60000.0,59940.0,,,0,0,False,False,False,False
W2208,黑龙江,风电,0.015099722668545057,0.0,0.10337779062114405,0.0,0.0,False,2.028659822737255,1998.0,30,60000.0,59940.0,,,0,0,False,False,False,False
W2214,黑龙江,风电,0.015099722668545057,0.0,0.10337779062114405,0.0,0.0,False,2.028659822737255,1998.0,30,60000.0,59940.0,,,0,0,False,False,False,False
W2237,黑龙江,风电,0.020889056522326827,0.0,0.12542523398148755,0.0,0.0,False,2.3131372836437274,1924.0,30,60000.0,57720.0,,,0,0,False,False,False,False
W2263,河北,风电,0.01678395496851925,0.0,0.22541814847171193,0.0,0.0,False,1.0341247466289603,1780.0,30,60000.0,53400.0,,,0,0,False,False,False,False
W2266,河北,风电,0.01774125391469534,0.0,0.24577266363126726,0.0,0.0,False,1.00257815792098,1762.0,30,60000.0,52860.0,,,0,0,False,False,False,False
W2269,黑龙江,风电,0.017685880341548693,0.0,0.10978440371564002,0.0,0.0,False,2.23745102812778,1965.0,30,60000.0,58950.0,,,0,0,False,False,False,False
W2282,黑龙江,风电,0.021716347378937313,0.0,0.13727165926757876,0.0,0.0,False,2.197219276199209,1908.0,30,60000.0,57240.0,,,0,0,False,False,False,False
W2377,河北,风电,0.01623820549400463,0.0,0.14674633062047737,0.0,0.0,False,1.536874079969018,1999.0,30,60000.0,59970.0,,,0,0,False,False,False,False
W2379,黑龙江,风电,0.01757727181360064,0.0,0.1000474617906068,0.0,0.0,False,2.440129622676928,1978.0,30,60000.0,59340.0,,,0,0,False,False,False,False
W2383,黑龙江,风电,0.014130110237452108,0.0,0.1945671855330485,0.0,0.0,False,1.008656883934774,1847.0,30,60000.0,55410.0,,,0,0,False,False,False,False
W2404,黑龙江,风电,0.016577155216298926,0.0,0.22728326157839332,0.0,0.0,False,1.0130014207563107,1798.0,30,60000.0,53940.0,,,0,0,False,False,False,False
W2420,黑龙江,风电,0.01586225283432782,0.0,0.2169883522488628,0.0,0.0,False,1.0153036550587315,1837.0,30,60000.0,55110.0,,,0,0,False,False,False,False
W2423,河北,风电,0.017323822118981407,0.0,0.24010100296294865,0.0,0.0,False,1.00211426679687,1826.0,30,60000.0,54780.0,,,0,0,False,False,False,False
W2431,河北,风电,0.007837786371382528,0.0,0.10719279138191645,0.0,0.0,False,1.0155360509190365,1985.0,30,60000.0,59550.0,,,0,0,False,False,False,False
W2436,河北,风电,0.007837786371382528,0.0,0.10719279138191645,0.0,0.0,False,1.0155360509190365,1985.0,30,60000.0,59550.0,,,0,0,False,False,False,False
W2441,河北,风电,0.007837786371382528,0.0,0.10719279138191645,0.0,0.0,False,1.0155360509190365,1985.0,30,60000.0,59550.0,,,0,0,False,False,False,False
W2447,河北,风电,0.017323822118981407,0.0,0.24010100296294865,0.0,0.0,False,1.00211426679687,1826.0,30,60000.0,54780.0,,,0,0,False,False,False,False
W2455,河北,风电,0.016879548690291117,0.0,0.22864338503925058,0.0,0.0,False,1.0253442329582285,1847.0,30,60000.0,55410.0,,,0,0,False,False,False,False
W2456,黑龙江,风电,0.01586225283432782,0.0,0.2169883522488628,0.0,0.0,False,1.0153036550587315,1837.0,30,60000.0,55110.0,,,0,0,False,False,False,False
W2461,河北,风电,0.016879548690291117,0.0,0.22864338503925058,0.0,0.0,False,1.0253442329582285,1847.0,30,60000.0,55410.0,,,0,0,False,False,False,False
W2465,河北,风电,0.016541957196303775,0.0,0.22864337548883487,0.0,0.0,False,1.0048373586727346,1847.0,30,60000.0,55410.0,,,0,0,False,False,False,False
W2466,黑龙江,风电,0.009723558943882396,0.0,0.09611082853503532,0.0,0.0,False,1.4051427069626683,1998.0,30,60000.0,59940.0,,,0,0,False,False,False,False
W2468,河北,风电,0.018478692202277505,0.0,0.25189087458705983,0.0,0.0,False,1.0188876561334326,1821.0,30,60000.0,54630.0,,,0,0,False,False,False,False
W2471,黑龙江,风电,0.009723558943882396,0.0,0.09611082853503532,0.0,0.0,False,1.4051427069626683,1998.0,30,60000.0,59940.0,,,0,0,False,False,False,False
W2475,黑龙江,风电,0.009723558943882396,0.0,0.09611082853503532,0.0,0.0,False,1.4051427069626683,1998.0,30,60000.0,59940.0,,,0,0,False,False,False,False
W2476,河北,风电,0.018478692202277505,0.0,0.25189087458705983,0.0,0.0,False,1.0188876561334326,1821.0,30,60000.0,54630.0,,,0,0,False,False,False,False
W2477,河北,风电,0.017323822118981407,0.0,0.24010100296294865,0.0,0.0,False,1.00211426679687,1826.0,30,60000.0,54780.0,,,0,0,False,False,False,False
W2482,河北,风电,0.007837786371382528,0.0,0.10719279138191645,0.0,0.0,False,1.0155360509190365,1985.0,30,60000.0,59550.0,,,0,0,False,False,False,False
W2488,河北,风电,0.007837786371382528,0.0,0.10719279138191645,0.0,0.0,False,1.0155360509190365,1985.0,30,60000.0,59550.0,,,0,0,False,False,False,False
W2495,黑龙江,风电,0.00855672944708569,0.0,0.09611080189351383,0.0,0.0,False,1.2365255746646429,1998.0,30,60000.0,59940.0,,,0,0,False,False,False,False
W2497,黑龙江,风电,0.009723558943882396,0.0,0.09611082853503532,0.0,0.0,False,1.4051427069626683,1998.0,30,60000.0,59940.0,,,0,0,False,False,False,False
W2504,黑龙江,风电,0.014051281612161971,0.0,0.11781054952130425,0.0,0.0,False,1.656529825646166,2000.0,30,60000.0,60000.0,,,0,0,False,False,False,False
W2507,河北,风电,0.007837786371382528,0.0,0.10719279138191645,0.0,0.0,False,1.0155360509190365,1985.0,30,60000.0,59550.0,,,0,0,False,False,False,False
W2515,河北,风电,0.02069206541016769,0.0,0.18155390940971372,0.0,0.0,False,1.58294469283438,1814.0,30,60000.0,54420.0,,,0,0,False,False,False,False
W2519,河北,风电,0.017323822118981407,0.0,0.24010100296294865,0.0,0.0,False,1.00211426679687,1826.0,30,60000.0,54780.0,,,0,0,False,False,False,False
W2524,黑龙江,风电,0.009752182948351855,0.0,0.09132711202487288,0.0,0.0,False,1.483097213857883,1998.0,30,60000.0,59940.0,,,0,0,False,False,False,False
W2525,河北,风电,0.007837786371382528,0.0,0.10719279138191645,0.0,0.0,False,1.0155360509190365,1985.0,30,60000.0,59550.0,,,0,0,False,False,False,False
W2553,黑龙江,风电,0.014682582522342813,0.0,0.10498950696505938,0.0,0.0,False,1.9423346499058012,1965.0,30,60000.0,58950.0,,,0,0,False,False,False,False
W2567,黑龙江,风电,0.010858171023725788,0.0,0.13727162840862955,0.0,0.0,False,1.0986096153544274,1908.0,30,60000.0,57240.0,,,0,0,False,False,False,False
W2577,黑龙江,风电,0.01099812479234465,0.0,0.14957352147616143,0.0,0.0,False,1.0212484918418807,1883.0,30,60000.0,56490.0,,,0,0,False,False,False,False
W2590,黑龙江,风电,0.015489413584155889,0.0,0.21328430872089477,0.0,0.0,False,1.0086571558618915,1840.0,30,60000.0,55200.0,,,0,0,False,False,False,False
W2604,黑龙江,风电,0.009723558943882396,0.0,0.09611082853503532,0.0,0.0,False,1.4051427069626683,1998.0,30,60000.0,59940.0,,,0,0,False,False,False,False
W2610,黑龙江,风电,0.0098346298358573,0.0,0.10111548164313154,0.0,0.0,False,1.3508523010912432,1995.0,30,60000.0,59850.0,,,0,0,False,False,False,False
W2622,黑龙江,风电,0.009845426610197437,0.0,0.10157483089439998,0.0,0.0,False,1.3462196791142385,1965.0,30,60000.0,58950.0,,,0,0,False,False,False,False
W2626,黑龙江,风电,0.013412755976306333,0.0,0.1027910147794232,0.0,0.0,False,1.812301180686373,1991.0,30,60000.0,59730.0,,,0,0,False,False,False,False
W2638,黑龙江,风电,0.01206545388149801,0.0,0.08862524160048382,0.0,0.0,False,1.8908354474175466,2000.0,30,60000.0,60000.0,,,0,0,False,False,False,False
W2648,黑龙江,风电,0.013412755976306333,0.0,0.1027910147794232,0.0,0.0,False,1.812301180686373,1991.0,30,60000.0,59730.0,,,0,0,False,False,False,False
W2655,黑龙江,风电,0.0178555856005102,0.0,0.10996264929067187,0.0,0.0,False,2.2552589088317636,2000.0,30,60000.0,60000.0,,,0,0,False,False,False,False
W2665,黑龙江,风电,0.016143730678128583,0.0,0.10192901210126738,0.0,0.0,False,2.1997513467305234,1999.0,30,60000.0,59970.0,,,0,0,False,False,False,False
W2679,黑龙江,风电,0.015497979331427254,0.0,0.10192899911888119,0.0,0.0,False,2.111761273015552,1999.0,30,60000.0,59970.0,,,0,0,False,False,False,False
W2693,黑龙江,风电,0.013412755976306333,0.0,0.1027910147794232,0.0,0.0,False,1.812301180686373,1991.0,30,60000.0,59730.0,,,0,0,False,False,False,False
W2703,黑龙江,风电,0.013412755976306333,0.0,0.1027910147794232,0.0,0.0,False,1.812301180686373,1991.0,30,60000.0,59730.0,,,0,0,False,False,False,False
W2708,黑龙江,风电,0.009995000738897225,0.0,0.08970440488277048,0.0,0.0,False,1.547521048585307,1999.0,30,60000.0,59970.0,,,0,0,False,False,False,False
W2710,黑龙江,风电,0.02269516205378063,0.0,0.14504212321987833,0.0,0.0,False,2.1732347616177634,1999.0,30,60000.0,59970.0,,,0,0,False,False,False,False
W2713,黑龙江,风电,0.02269516205378063,0.0,0.14504212321987833,0.0,0.0,False,2.1732347616177634,1999.0,30,60000.0,59970.0,,,0,0,False,False,False,False
W2720,黑龙江,风电,0.02269516205378063,0.0,0.14504212321987833,0.0,0.0,False,2.1732347616177634,1999.0,30,60000.0,59970.0,,,0,0,False,False,False,False
W2724,黑龙江,风电,0.02269516205378063,0.0,0.14504212321987833,0.0,0.0,False,2.1732347616177634,1999.0,30,60000.0,59970.0,,,0,0,False,False,False,False
W2734,黑龙江,风电,0.016143730678128583,0.0,0.10192901210126738,0.0,0.0,False,2.1997513467305234,1999.0,30,60000.0,59970.0,,,0,0,False,False,False,False
W2736,黑龙江,风电,0.012206601680527963,0.0,0.11088802827389863,0.0,0.0,False,1.5288948418580866,1998.0,30,60000.0,59940.0,,,0,0,False,False,False,False
W2751,黑龙江,风电,0.012455717836496159,0.0,0.11088804399280373,0.0,0.0,False,1.5600967862114472,1998.0,30,60000.0,59940.0,,,0,0,False,False,False,False
W2766,黑龙江,风电,0.011459257443032316,0.0,0.1108880185039747,0.0,0.0,False,1.4352890016674253,1998.0,30,60000.0,59940.0,,,0,0,False,False,False,False
W2767,黑龙江,风电,0.018538506166007603,0.0,0.11470390865869085,0.0,0.0,False,2.2447295416218807,1999.0,30,60000.0,59970.0,,,0,0,False,False,False,False
W2778,黑龙江,风电,0.016143730678128583,0.0,0.10192901210126738,0.0,0.0,False,2.1997513467305234,1999.0,30,60000.0,59970.0,,,0,0,False,False,False,False
W2780,河北,风电,0.012022536864492405,0.0,0.1093330658678519,0.0,0.0,False,1.5272568947744476,1967.0,30,60000.0,59010.0,,,0,0,False,False,False,False
W2781,黑龙江,风电,0.009995000738897225,0.0,0.08970440488277048,0.0,0.0,False,1.547521048585307,1999.0,30,60000.0,59970.0,,,0,0,False,False,False,False
W2786,河北,风电,0.012340244412418282,0.0,0.16667967768799702,0.0,0.0,False,1.0282734277098486,1907.0,30,60000.0,57210.0,,,0,0,False,False,False,False
W2790,黑龙江,风电,0.009995000738897225,0.0,0.08970440488277048,0.0,0.0,False,1.547521048585307,1999.0,30,60000.0,59970.0,,,0,0,False,False,False,False
W2792,河北,风电,0.012022536864492405,0.0,0.1093330658678519,0.0,0.0,False,1.5272568947744476,1967.0,30,60000.0,59010.0,,,0,0,False,False,False,False
W2794,黑龙江,风电,0.016143730678128583,0.0,0.10192901210126738,0.0,0.0,False,2.1997513467305234,1999.0,30,60000.0,59970.0,,,0,0,False,False,False,False
W2797,河北,风电,0.012022536864492405,0.0,0.1093330658678519,0.0,0.0,False,1.5272568947744476,1967.0,30,60000.0,59010.0,,,0,0,False,False,False,False
W2803,黑龙江,风电,0.01676742469954735,0.0,0.1333537529976655,0.0,0.0,False,1.7463392920700265,1993.0,30,60000.0,59790.0,,,0,0,False,False,False,False
W2812,黑龙江,风电,0.018538506166007603,0.0,0.11470390865869085,0.0,0.0,False,2.2447295416218807,1999.0,30,60000.0,59970.0,,,0,0,False,False,False,False
W2813,黑龙江,风电,0.015489413584155889,0.0,0.21328430872089477,0.0,0.0,False,1.0086571558618915,1840.0,30,60000.0,55200.0,,,0,0,False,False,False,False
W2820,黑龙江,风电,0.012455717836496159,0.0,0.11088804399280373,0.0,0.0,False,1.5600967862114472,1998.0,30,60000.0,59940.0,,,0,0,False,False,False,False
W2822,黑龙江,风电,0.014130110237452108,0.0,0.1945671855330485,0.0,0.0,False,1.008656883934774,1847.0,30,60000.0,55410.0,,,0,0,False,False,False,False
W2824,黑龙江,风电,0.01206545388149801,0.0,0.08862524160048382,0.0,0.0,False,1.8908354474175466,2000.0,30,60000.0,60000.0,,,0,0,False,False,False,False
W2827,黑龙江,风电,0.015497979331427254,0.0,0.10192899911888119,0.0,0.0,False,2.111761273015552,1999.0,30,60000.0,59970.0,,,0,0,False,False,False,False
W2833,黑龙江,风电,0.01206545388149801,0.0,0.08862524160048382,0.0,0.0,False,1.8908354474175466,2000.0,30,60000.0,60000.0,,,0,0,False,False,False,False
W2837,黑龙江,风电,0.015497979331427254,0.0,0.10192899911888119,0.0,0.0,False,2.111761273015552,1999.0,30,60000.0,59970.0,,,0,0,False,False,False,False
W2843,黑龙江,风电,0.02097166646485883,0.0,0.13761261930329638,0.0,0.0,False,2.1166165342968974,1900.0,30,60000.0,57000.0,,,0,0,False,False,False,False
W2845,黑龙江,风电,0.013412755976306333,0.0,0.1027910147794232,0.0,0.0,False,1.812301180686373,1991.0,30,60000.0,59730.0,,,0,0,False,False,False,False
W2853,黑龙江,风电,0.018538506166007603,0.0,0.11470390865869085,0.0,0.0,False,2.2447295416218807,1999.0,30,60000.0,59970.0,,,0,0,False,False,False,False
W2866,黑龙江,风电,0.018538506166007603,0.0,0.11470390865869085,0.0,0.0,False,2.2447295416218807,1999.0,30,60000.0,59970.0,,,0,0,False,False,False,False
W2868,黑龙江,风电,0.018483445344116143,0.0,0.25591075580141154,0.0,0.0,False,1.0031407936112382,1772.0,30,60000.0,53160.0,,,0,0,False,False,False,False
W2869,黑龙江,风电,0.01772973788705779,0.0,0.10259177022701671,0.0,0.0,False,2.4002545135693776,1960.0,30,60000.0,58800.0,,,0,0,False,False,False,False
W2877,黑龙江,风电,0.017462127298922183,0.0,0.23255456404525623,0.0,0.0,False,1.042893081088558,1844.0,30,60000.0,55320.0,,,0,0,False,False,False,False
W2880,黑龙江,风电,0.016143730678128583,0.0,0.10192901210126738,0.0,0.0,False,2.1997513467305234,1999.0,30,60000.0,59970.0,,,0,0,False,False,False,False
W2887,黑龙江,风电,0.016143730678128583,0.0,0.10192901210126738,0.0,0.0,False,2.1997513467305234,1999.0,30,60000.0,59970.0,,,0,0,False,False,False,False
W2892,黑龙江,风电,0.016143730678128583,0.0,0.10192901210126738,0.0,0.0,False,2.1997513467305234,1999.0,30,60000.0,59970.0,,,0,0,False,False,False,False
W2907,黑龙江,风电,0.011876696404739547,0.0,0.16154855588784914,0.0,0.0,False,1.0210807260140955,1895.0,30,60000.0,56850.0,,,0,0,False,False,False,False
W2911,黑龙江,风电,0.020323478497561772,0.0,0.11923840680789977,0.0,0.0,False,2.367278649932926,1925.0,30,60000.0,57750.0,,,0,0,False,False,False,False
W2919,黑龙江,风电,0.03156232506882113,0.0,0.19394181810011366,0.0,0.0,False,2.2602945061057578,1782.0,30,60000.0,53460.0,,,0,0,False,False,False,False
W2924,黑龙江,风电,0.014130110237452108,0.0,0.1945671855330485,0.0,0.0,False,1.008656883934774,1847.0,30,60000.0,55410.0,,,0,0,False,False,False,False
W2934,黑龙江,风电,0.01712721992904748,0.0,0.11015480797693895,0.0,0.0,False,2.15948862277445,1954.0,30,60000.0,58620.0,,,0,0,False,False,False,False
W2966,黑龙江,风电,0.01642992963063831,0.0,0.16994160658777907,0.0,0.0,False,1.342775743233492,1826.0,30,60000.0,54780.0,,,0,0,False,False,False,False
W3095,湖南,风电,0.018768457564842973,0.0,0.25326067565356786,0.0,0.0,False,1.0292676550010535,1862.0,30,60000.0,55860.0,,,0,0,False,False,False,False
W3102,湖南,风电,0.016962100219870588,0.0,0.23460628430255737,0.0,0.0,False,1.0041705659178388,1897.0,30,60000.0,56910.0,,,0,0,False,False,False,False
W3107,湖南,风电,0.017513395260154888,0.0,0.23835045693153764,0.0,0.0,False,1.020520807750546,1873.0,30,60000.0,56190.0,,,0,0,False,False,False,False
W3191,内蒙古,风电,0.05755958271361609,0.0,0.13151930435917147,0.0,0.0,False,6.078489030150308,1915.0,30,60000.0,57450.0,,,0,0,False,False,False,False
W3243,湖南,风电,0.0069149851351565424,0.0,0.08655966408553402,0.0,0.0,False,1.1095405836557322,1995.0,30,60000.0,59850.0,,,0,0,False,False,False,False
W3274,内蒙古,风电,0.03196986899311349,0.0,0.2166032691820648,0.0,0.0,False,2.0499503997073267,1737.0,30,60000.0,52110.0,,,0,0,False,False,False,False
W3282,内蒙古,风电,0.0159849350079595,0.0,0.21660327537372348,0.0,0.0,False,1.0249752033463133,1737.0,30,60000.0,52110.0,,,0,0,False,False,False,False
W3358,湖南,风电,0.016962100219870588,0.0,0.23460628430255737,0.0,0.0,False,1.0041705659178388,1897.0,30,60000.0,56910.0,,,0,0,False,False,False,False
W3384,湖南,风电,0.016962100219870588,0.0,0.23460628430255737,0.0,0.0,False,1.0041705659178388,1897.0,30,60000.0,56910.0,,,0,0,False,False,False,False
W3410,湖南,风电,0.01442349975485887,0.0,0.19548952549783213,0.0,0.0,False,1.0247422974402405,1880.0,30,60000.0,56400.0,,,0,0,False,False,False,False
W3413,湖南,风电,0.016962100219870588,0.0,0.23460628430255737,0.0,0.0,False,1.0041705659178388,1897.0,30,60000.0,56910.0,,,0,0,False,False,False,False
W3447,湖南,风电,0.020075795721505814,0.0,0.11307948439687698,0.0,0.0,False,2.465792072003168,1943.0,30,60000.0,58290.0,,,0,0,False,False,False,False
W3449,湖南,风电,0.011354239423152689,0.0,0.1559176150251789,0.0,0.0,False,1.011417277903739,1925.0,30,60000.0,57750.0,,,0,0,False,False,False,False
W3459,湖南,风电,0.013161630626689732,0.0,0.1825262632499654,0.0,0.0,False,1.0015020420395604,1909.0,30,60000.0,57270.0,,,0,0,False,False,False,False
W3463,湖南,风电,0.007525453637795935,0.0,0.09273885450447066,0.0,0.0,False,1.1270377445603863,2000.0,30,60000.0,60000.0,,,0,0,False,False,False,False
W3472,湖南,风电,0.016748897093167108,0.0,0.2279941475713147,0.0,0.0,False,1.0203050087751455,1882.0,30,60000.0,56460.0,,,0,0,False,False,False,False
W3572,湖南,风电,0.01908534411503802,0.0,0.2580000702911081,0.0,0.0,False,1.0274191922540272,1845.0,30,60000.0,55350.0,,,0,0,False,False,False,False
W3610,湖南,风电,0.016714441294010673,0.0,0.23019056126565898,0.0,0.0,False,1.008490603159249,1835.0,30,60000.0,55050.0,,,0,0,False,False,False,False
W3973,湖南,风电,0.01908534411503802,0.0,0.2580000702911081,0.0,0.0,False,1.0274191922540272,1845.0,30,60000.0,55350.0,,,0,0,False,False,False,False
W3983,湖南,风电,0.015333379463739409,0.0,0.21002686763075243,0.0,0.0,False,1.0139826683386908,1833.0,30,60000.0,54990.0,,,0,0,False,False,False,False
W4016,内蒙古,风电,0.010960672682407182,0.0,0.0921689479735943,0.0,0.0,False,1.6516578346651658,1999.0,30,60000.0,59970.0,,,0,0,False,False,False,False
W4047,内蒙古,风电,0.018072734843282003,0.0,0.11605897466566653,0.0,0.0,False,2.1627815244774022,2000.0,30,60000.0,60000.0,,,0,0,False,False,False,False
W4050,内蒙古,风电,0.008406724443237616,0.0,0.0983524013704527,0.0,0.0,False,1.1871602531782304,1985.0,30,60000.0,59550.0,,,0,0,False,False,False,False
W4054,内蒙古,风电,0.008406724443237616,0.0,0.0983524013704527,0.0,0.0,False,1.1871602531782304,1985.0,30,60000.0,59550.0,,,0,0,False,False,False,False
W4062,内蒙古,风电,0.018072734843282003,0.0,0.11605897466566653,0.0,0.0,False,2.1627815244774022,2000.0,30,60000.0,60000.0,,,0,0,False,False,False,False
W4090,内蒙古,风电,0.026821205882106024,0.0,0.10935938336972083,0.0,0.0,False,3.4063537749036468,1953.0,30,60000.0,58590.0,,,0,0,False,False,False,False
W4101,内蒙古,风电,0.011181086327663113,0.0,0.09471710357093432,0.0,0.0,False,1.6395440718442973,1979.0,30,60000.0,59370.0,,,0,0,False,False,False,False
W4230,内蒙古,风电,0.011646963074621956,0.0,0.09471708889974653,0.0,0.0,False,1.707858401429913,1979.0,30,60000.0,59370.0,,,0,0,False,False,False,False
W4253,内蒙古,风电,0.011646963074621956,0.0,0.09471708889974653,0.0,0.0,False,1.707858401429913,1979.0,30,60000.0,59370.0,,,0,0,False,False,False,False
W4259,内蒙古,风电,0.04901319632566513,0.0,0.1299218671667703,0.0,0.0,False,5.239601713718063,1913.0,30,60000.0,57390.0,,,0,0,False,False,False,False
W4268,内蒙古,风电,0.016558513276125307,0.0,0.12992187321110008,0.0,0.0,False,1.7701357390654315,1913.0,30,60000.0,57390.0,,,0,0,False,False,False,False
W4304,内蒙古,风电,0.016558513276125307,0.0,0.12992187321110008,0.0,0.0,False,1.7701357390654315,1913.0,30,60000.0,57390.0,,,0,0,False,False,False,False
W4313,内蒙古,风电,0.016631099299309376,0.0,0.1176686119776417,0.0,0.0,False,1.963034035891202,2000.0,30,60000.0,60000.0,,,0,0,False,False,False,False
W4347,内蒙古,风电,0.010203665960759879,0.0,0.08479461764598592,0.0,0.0,False,1.6713039898357323,2000.0,30,60000.0,60000.0,,,0,0,False,False,False,False
W4386,内蒙古,风电,0.009745966722362259,0.0,0.13430347284011468,0.0,0.0,False,1.0078715468723722,1930.0,30,60000.0,57900.0,,,0,0,False,False,False,False
W4416,内蒙古,风电,0.014244955089533568,0.0,0.09573296426495302,0.0,0.0,False,2.06665070892591,2000.0,30,60000.0,60000.0,,,0,0,False,False,False,False
W4461,内蒙古,风电,0.01276962592208347,0.0,0.17350772616244212,0.0,0.0,False,1.0221787784738057,1914.0,30,60000.0,57420.0,,,0,0,False,False,False,False
W4475,内蒙古,风电,0.008319888851336643,0.0,0.1133691073781732,0.0,0.0,False,1.01927248521644,1967.0,30,60000.0,59010.0,,,0,0,False,False,False,False
W4484,内蒙古,风电,0.042169277231339515,0.0,0.16604633152676337,0.0,0.0,False,3.527234842261034,1846.0,30,60000.0,55380.0,,,0,0,False,False,False,False
W4505,内蒙古,风电,0.013657502638308169,0.0,0.18637644633118472,0.0,0.0,False,1.0177656049203803,1855.0,30,60000.0,55650.0,,,0,0,False,False,False,False
W4506,内蒙古,风电,0.014244955089533568,0.0,0.09573296426495302,0.0,0.0,False,2.06665070892591,2000.0,30,60000.0,60000.0,,,0,0,False,False,False,False
W4510,内蒙古,风电,0.011147414176368662,0.0,0.15453273348278543,0.0,0.0,False,1.0018925660902538,1887.0,30,60000.0,56610.0,,,0,0,False,False,False,False
W4517,内蒙古,风电,0.011147414176368662,0.0,0.15453273348278543,0.0,0.0,False,1.0018925660902538,1887.0,30,60000.0,56610.0,,,0,0,False,False,False,False
W4522,内蒙古,风电,0.01137965038487311,0.0,0.15453271259500564,0.0,0.0,False,1.0227653235086767,1887.0,30,60000.0,56610.0,,,0,0,False,False,False,False
W4533,内蒙古,风电,0.010960672682407182,0.0,0.0921689479735943,0.0,0.0,False,1.6516578346651658,1999.0,30,60000.0,59970.0,,,0,0,False,False,False,False
W4534,内蒙古,风电,0.002152393822622877,0.0017698273030238043,0.02960609253417234,0.02434390507540871,0.8222599806884399,False,1.009736715949087,2274.0,30,60000.0,68220.0,2052.0,2052.0,1,1,True,True,True,False
W4539,内蒙古,风电,0.026821205882106024,0.0,0.10935938336972083,0.0,0.0,False,3.4063537749036468,1953.0,30,60000.0,58590.0,,,0,0,False,False,False,False
W4548,内蒙古,风电,0.01341060279069993,0.0,0.10935938251550364,0.0,0.0,False,1.7031768816603288,1953.0,30,60000.0,58590.0,,,0,0,False,False,False,False
W4551,内蒙古,风电,0.008406724443237616,0.0,0.0983524013704527,0.0,0.0,False,1.1871602531782304,1985.0,30,60000.0,59550.0,,,0,0,False,False,False,False
W4588,内蒙古,风电,0.013158042406613361,0.0,0.1794349226100577,0.0,0.0,False,1.018478378246853,1908.0,30,60000.0,57240.0,,,0,0,False,False,False,False
W4603,内蒙古,风电,0.04717669205860626,0.0,0.13671820302003063,0.0,0.0,False,4.792572018016584,1901.0,30,60000.0,57030.0,,,0,0,False,False,False,False
W4611,内蒙古,风电,0.017709822528780336,0.0,0.15655546267007975,0.0,0.0,False,1.5711349393315042,1856.0,30,60000.0,55680.0,,,0,0,False,False,False,False
W4626,内蒙古,风电,0.010960672682407182,0.0,0.0921689479735943,0.0,0.0,False,1.6516578346651658,1999.0,30,60000.0,59970.0,,,0,0,False,False,False,False
W4690,内蒙古,风电,0.08148264108334759,0.0,0.13198324161170175,0.0,0.0,False,8.574598824518413,1901.0,30,60000.0,57030.0,,,0,0,False,False,False,False
W4736,内蒙古,风电,0.017709822528780336,0.0,0.15655546267007975,0.0,0.0,False,1.5711349393315042,1856.0,30,60000.0,55680.0,,,0,0,False,False,False,False
W4753,内蒙古,风电,0.017709822528780336,0.0,0.15655546267007975,0.0,0.0,False,1.5711349393315042,1856.0,30,60000.0,55680.0,,,0,0,False,False,False,False
W4783,内蒙古,风电,0.014131587911968974,0.0,0.1906067155104376,0.0,0.0,False,1.0297226611732606,1829.0,30,60000.0,54870.0,,,0,0,False,False,False,False
W4791,内蒙古,风电,0.013609639954485627,0.0,0.18588803902099382,0.0,0.0,False,1.016863581654578,1834.0,30,60000.0,55020.0,,,0,0,False,False,False,False
W4807,内蒙古,风电,0.013390870628714675,0.0,0.18000033232420806,0.0,0.0,False,1.033244282864532,1849.0,30,60000.0,55470.0,,,0,0,False,False,False,False
W4808,内蒙古,风电,0.013609639954485627,0.0,0.18588803902099382,0.0,0.0,False,1.016863581654578,1834.0,30,60000.0,55020.0,,,0,0,False,False,False,False
W4814,内蒙古,风电,0.03854151938052519,0.0,0.1580863013558022,0.0,0.0,False,3.386118061426991,1864.0,30,60000.0,55920.0,,,0,0,False,False,False,False
W4815,内蒙古,风电,0.013609639954485627,0.0,0.18588803902099382,0.0,0.0,False,1.016863581654578,1834.0,30,60000.0,55020.0,,,0,0,False,False,False,False
W4832,内蒙古,风电,0.013609639954485627,0.0,0.18588803902099382,0.0,0.0,False,1.016863581654578,1834.0,30,60000.0,55020.0,,,0,0,False,False,False,False
W4837,内蒙古,风电,0.01276962592208347,0.0,0.17350772616244212,0.0,0.0,False,1.0221787784738057,1914.0,30,60000.0,57420.0,,,0,0,False,False,False,False
W4852,内蒙古,风电,0.017709822528780336,0.0,0.15655546267007975,0.0,0.0,False,1.5711349393315042,1856.0,30,60000.0,55680.0,,,0,0,False,False,False,False
W4875,内蒙古,风电,0.008773004616366771,0.0,0.08788939388787245,0.0,0.0,False,1.3863707661231313,2000.0,30,60000.0,60000.0,,,0,0,False,False,False,False
W4888,内蒙古,风电,0.008773004616366771,0.0,0.08788939388787245,0.0,0.0,False,1.3863707661231313,2000.0,30,60000.0,60000.0,,,0,0,False,False,False,False
W4964,内蒙古,风电,0.010960672682407182,0.0,0.0921689479735943,0.0,0.0,False,1.6516578346651658,1999.0,30,60000.0,59970.0,,,0,0,False,False,False,False
W4968,内蒙古,风电,0.010205083673993198,0.0,0.1388972291389855,0.0,0.0,False,1.0204470897549596,1950.0,30,60000.0,58500.0,,,0,0,False,False,False,False
W4991,内蒙古,风电,0.010426147335187881,0.0,0.11644445238284351,0.0,0.0,False,1.2435766489030684,1996.0,30,60000.0,59880.0,,,0,0,False,False,False,False
W5005,青海,风电,0.014238709206563158,0.0,0.131565072516656,0.0,0.0,False,1.5031333644126466,1901.0,30,60000.0,57030.0,,,0,0,False,False,False,False
W5007,青海,风电,0.028258559340852318,0.0,0.15558347125554758,0.0,0.0,False,2.5226329485894956,1859.0,30,60000.0,55770.0,,,0,0,False,False,False,False
W5009,青海,风电,0.015598145523423687,0.0,0.21459243473683826,0.0,0.0,False,1.009545887827896,1805.0,30,60000.0,54150.0,,,0,0,False,False,False,False
W5010,青海,风电,0.015598145523423687,0.0,0.21459243473683826,0.0,0.0,False,1.009545887827896,1805.0,30,60000.0,54150.0,,,0,0,False,False,False,False
W5014,青海,风电,0.015598145523423687,0.0,0.21459243473683826,0.0,0.0,False,1.009545887827896,1805.0,30,60000.0,54150.0,,,0,0,False,False,False,False
W5019,青海,风电,0.015598145523423687,0.0,0.21459243473683826,0.0,0.0,False,1.009545887827896,1805.0,30,60000.0,54150.0,,,0,0,False,False,False,False
W5021,青海,风电,0.06358175507661339,0.0,0.15558346164208764,0.0,0.0,False,5.675924177925246,1859.0,30,60000.0,55770.0,,,0,0,False,False,False,False
W5022,青海,风电,0.05651711888273891,0.0,0.15558347108058335,0.0,0.0,False,5.0452659207990065,1859.0,30,60000.0,55770.0,,,0,0,False,False,False,False
W5025,青海,风电,0.01591011029168601,0.0,0.21459245720389988,0.0,0.0,False,1.0297368180151427,1805.0,30,60000.0,54150.0,,,0,0,False,False,False,False
W5112,辽宁,风电,0.0037842356566162873,0.0013131765706493898,0.05153472725506003,0.017883187662436156,0.34701236651408224,False,1.0198720622695159,2112.0,30,60000.0,63360.0,2054.0,2054.0,1,1,True,True,True,False
W5243,辽宁,风电,0.015992298212590583,0.0,0.22193833732436075,0.0,0.0,False,1.0007971386576069,1802.0,30,60000.0,54060.0,,,0,0,False,False,False,False
W5305,辽宁,风电,0.01076753969963349,0.0,0.14774012747131623,0.0,0.0,False,1.0122447100497092,1997.0,30,60000.0,59910.0,,,0,0,False,False,False,False
W5342,辽宁,风电,0.0014103759848201503,0.0015185530108307206,0.019199661647341916,0.020672291867774598,1.076700842310758,True,1.0202552370206082,2177.0,30,60000.0,65310.0,2053.0,2053.0,1,1,True,True,True,False
W5379,辽宁,风电,0.0015381928941016552,0.0014936992500557617,0.021086945301197133,0.02047698601595765,0.9710740803598115,False,1.013128733949126,2172.0,30,60000.0,65160.0,2053.0,2053.0,1,1,True,True,True,False
W5501,山东,风电,0.013072415903714989,0.0,0.11010824480547836,0.0,0.0,False,1.6489349395841792,1987.0,30,60000.0,59610.0,,,0,0,False,False,False,False
W5754,青海,风电,0.04238783640421191,0.0,0.15558346223129088,0.0,0.0,False,3.7839494096313775,1859.0,30,60000.0,55770.0,,,0,0,False,False,False,False
W5824,吉林,风电,0.008796550487433143,0.001291277816248343,0.11948679573486096,0.0175399037256075,0.1467936571378835,False,1.0224921638752698,2108.0,30,60000.0,63240.0,2054.0,2054.0,1,1,True,True,True,False
W583,甘肃,风电,0.021273737049068597,0.0,0.23228099260490442,0.0,0.0,False,1.272030771060663,1711.0,30,60000.0,51330.0,,,0,0,False,False,False,False
W584,甘肃,风电,0.02067917397224279,0.0,0.2395224518183619,0.0,0.0,False,1.1990974016593856,1710.0,30,60000.0,51300.0,,,0,0,False,False,False,False
W585,甘肃,风电,0.02067917397224279,0.0,0.2395224518183619,0.0,0.0,False,1.1990974016593856,1710.0,30,60000.0,51300.0,,,0,0,False,False,False,False
W5940,青海,风电,0.02519938649587451,0.0,0.22271602249466824,0.0,0.0,False,1.571469691264565,1725.0,30,60000.0,51750.0,,,0,0,False,False,False,False
W5948,吉林,风电,0.013525375379237274,0.0,0.14597189537788574,0.0,0.0,False,1.2869082458403078,1994.0,30,60000.0,59820.0,,,0,0,False,False,False,False
W5967,辽宁,风电,0.00926048919850119,0.0,0.09412024291397901,0.0,0.0,False,1.3665275561633305,1999.0,30,60000.0,59970.0,,,0,0,False,False,False,False
W6268,山西,风电,0.01130899638690657,0.0,0.1533401028080742,0.0,0.0,False,1.0243203922928417,1888.0,30,60000.0,56640.0,,,0,0,False,False,False,False
W6270,山西,风电,0.01344110419544749,0.0,0.18660961893131714,0.0,0.0,False,1.0003878888111226,1860.0,30,60000.0,55800.0,,,0,0,False,False,False,False
W6271,山西,风电,0.01130899638690657,0.0,0.1533401028080742,0.0,0.0,False,1.0243203922928417,1888.0,30,60000.0,56640.0,,,0,0,False,False,False,False
W629,甘肃,风电,0.015036169898497266,0.0,0.10105170282133358,0.0,0.0,False,2.0666222062969117,1993.0,30,60000.0,59790.0,,,0,0,False,False,False,False
W6339,山东,风电,0.013072415903714989,0.0,0.11010824480547836,0.0,0.0,False,1.6489349395841792,1987.0,30,60000.0,59610.0,,,0,0,False,False,False,False
W6352,山东,风电,0.01753069319409265,0.0,0.24122547559656646,0.0,0.0,False,1.0093537977935658,1783.0,30,60000.0,53490.0,,,0,0,False,False,False,False
W6360,山东,风电,0.01753069319409265,0.0,0.24122547559656646,0.0,0.0,False,1.0093537977935658,1783.0,30,60000.0,53490.0,,,0,0,False,False,False,False
W6375,山东,风电,0.008157719649617338,0.0,0.09833914966710501,0.0,0.0,False,1.152152140666118,1988.0,30,60000.0,59640.0,,,0,0,False,False,False,False
W6384,山东,风电,0.008157719649617338,0.0,0.09833914966710501,0.0,0.0,False,1.152152140666118,1988.0,30,60000.0,59640.0,,,0,0,False,False,False,False
W6386,山东,风电,0.007994565065905828,0.0,0.09833914642009178,0.0,0.0,False,1.1291091081981663,1988.0,30,60000.0,59640.0,,,0,0,False,False,False,False
W6452,山西,风电,0.015353555442819584,0.0,0.20292032844313104,0.0,0.0,False,1.0508746325752107,1765.0,30,60000.0,52950.0,,,0,0,False,False,False,False
W6550,山西,风电,0.014389559525369902,0.0,0.19367174889085118,0.0,0.0,False,1.0319264144227296,1795.0,30,60000.0,53850.0,,,0,0,False,False,False,False
W6723,山西,风电,0.016647368247518616,0.0,0.22526055964063232,0.0,0.0,False,1.0264266778483884,1773.0,30,60000.0,53190.0,,,0,0,False,False,False,False
W6906,山西,风电,0.013499286153184221,0.0,0.1756188991721208,0.0,0.0,False,1.0675962914283867,1824.0,30,60000.0,54720.0,,,0,0,False,False,False,False
W6910,山东,风电,0.013072415903714989,0.0,0.11010824480547836,0.0,0.0,False,1.6489349395841792,1987.0,30,60000.0,59610.0,,,0,0,False,False,False,False
W6915,山西,风电,0.013499286153184221,0.0,0.1756188991721208,0.0,0.0,False,1.0675962914283867,1824.0,30,60000.0,54720.0,,,0,0,False,False,False,False
W6918,山东,风电,0.013072415903714989,0.0,0.11010824480547836,0.0,0.0,False,1.6489349395841792,1987.0,30,60000.0,59610.0,,,0,0,False,False,False,False
W6931,山东,风电,0.013072415903714989,0.0,0.11010824480547836,0.0,0.0,False,1.6489349395841792,1987.0,30,60000.0,59610.0,,,0,0,False,False,False,False
W6937,山东,风电,0.008157719649617338,0.0,0.09833914966710501,0.0,0.0,False,1.152152140666118,1988.0,30,60000.0,59640.0,,,0,0,False,False,False,False
W6954,山东,风电,0.00783141102853607,0.0,0.09833915100517952,0.0,0.0,False,1.106066063279595,1988.0,30,60000.0,59640.0,,,0,0,False,False,False,False
W6956,山东,风电,0.00783141102853607,0.0,0.09833915100517952,0.0,0.0,False,1.106066063279595,1988.0,30,60000.0,59640.0,,,0,0,False,False,False,False
W7010,新疆,风电,0.018418835997551206,0.0,0.20983858336284858,0.0,0.0,False,1.2191140567809773,1755.0,30,60000.0,52650.0,,,0,0,False,False,False,False
W7013,新疆,风电,0.0183272003725532,0.0,0.20983858431926966,0.0,0.0,False,1.213048832008439,1755.0,30,60000.0,52650.0,,,0,0,False,False,False,False
W7016,新疆,风电,0.0183272003725532,0.0,0.20983858431926966,0.0,0.0,False,1.213048832008439,1755.0,30,60000.0,52650.0,,,0,0,False,False,False,False
W7080,山西,风电,0.017449217977280964,0.0,0.16673792881327204,0.0,0.0,False,1.4534800294650607,1829.0,30,60000.0,54870.0,,,0,0,False,False,False,False
W7124,山西,风电,0.01492976513639642,0.0,0.20668762124691095,0.0,0.0,False,1.0032427092907772,1816.0,30,60000.0,54480.0,,,0,0,False,False,False,False
W7125,山西,风电,0.01492976513639642,0.0,0.20668762124691095,0.0,0.0,False,1.0032427092907772,1816.0,30,60000.0,54480.0,,,0,0,False,False,False,False
W7127,山西,风电,0.01492976513639642,0.0,0.20668762124691095,0.0,0.0,False,1.0032427092907772,1816.0,30,60000.0,54480.0,,,0,0,False,False,False,False
W7196,山西,风电,0.01492976513639642,0.0,0.20668762124691095,0.0,0.0,False,1.0032427092907772,1816.0,30,60000.0,54480.0,,,0,0,False,False,False,False
W7213,新疆,风电,0.009373602901446591,0.0,0.09679510730316218,0.0,0.0,False,1.344994936355684,1969.0,30,60000.0,59070.0,,,0,0,False,False,False,False
W7224,新疆,风电,0.06378698524789836,0.0,0.1516734485281568,0.0,0.0,False,5.8410378300378,1869.0,30,60000.0,56070.0,,,0,0,False,False,False,False
W7233,新疆,风电,0.008822240428925023,0.0,0.11138574037957216,0.0,0.0,False,1.1000610729061955,1964.0,30,60000.0,58920.0,,,0,0,False,False,False,False
W7243,新疆,风电,0.008822240428925023,0.0,0.11138574037957216,0.0,0.0,False,1.1000610729061955,1964.0,30,60000.0,58920.0,,,0,0,False,False,False,False
W7248,山西,风电,0.03158176576637819,0.0,0.16095651684058757,0.0,0.0,False,2.7251809634931976,1851.0,30,60000.0,55530.0,,,0,0,False,False,False,False
W7253,山西,风电,0.013851332226615047,0.0,0.18589178303064982,0.0,0.0,False,1.0349011189312376,1807.0,30,60000.0,54210.0,,,0,0,False,False,False,False
W7256,新疆,风电,0.009373602901446591,0.0,0.09679510730316218,0.0,0.0,False,1.344994936355684,1969.0,30,60000.0,59070.0,,,0,0,False,False,False,False
W7258,新疆,风电,0.009373602901446591,0.0,0.09679510730316218,0.0,0.0,False,1.344994936355684,1969.0,30,60000.0,59070.0,,,0,0,False,False,False,False
W7260,山西,风电,0.015790883171492087,0.0,0.16095651888113116,0.0,0.0,False,1.3625904893497884,1851.0,30,60000.0,55530.0,,,0,0,False,False,False,False
W7268,新疆,风电,0.00966829445747909,0.0,0.1301764977936594,0.0,0.0,False,1.031536949763661,1929.0,30,60000.0,57870.0,,,0,0,False,False,False,False
W7269,山西,风电,0.013878961937935103,0.0,0.19077688258284906,0.0,0.0,False,1.0104125701151812,1817.0,30,60000.0,54510.0,,,0,0,False,False,False,False
W7273,新疆,风电,0.017984926044941663,0.0,0.22831263906100155,0.0,0.0,False,1.0940727615449204,1721.0,30,60000.0,51630.0,,,0,0,False,False,False,False
W7276,新疆,风电,0.009373602901446591,0.0,0.09679510730316218,0.0,0.0,False,1.344994936355684,1969.0,30,60000.0,59070.0,,,0,0,False,False,False,False
W7277,山西,风电,0.01130899638690657,0.0,0.1533401028080742,0.0,0.0,False,1.0243203922928417,1888.0,30,60000.0,56640.0,,,0,0,False,False,False,False
W7281,新疆,风电,0.01284449586895464,0.0,0.09797707436399354,0.0,0.0,False,1.8207910076488625,1993.0,30,60000.0,59790.0,,,0,0,False,False,False,False
W7285,新疆,风电,0.009373602901446591,0.0,0.09679510730316218,0.0,0.0,False,1.344994936355684,1969.0,30,60000.0,59070.0,,,0,0,False,False,False,False
W7371,山西,风电,0.011423609474448334,0.0,0.1570973352043746,0.0,0.0,False,1.0099550224340987,1886.0,30,60000.0,56580.0,,,0,0,False,False,False,False
W7380,新疆,风电,0.008822240428925023,0.0,0.11138574037957216,0.0,0.0,False,1.1000610729061955,1964.0,30,60000.0,58920.0,,,0,0,False,False,False,False
W7382,山西,风电,0.013499286153184221,0.0,0.1756188991721208,0.0,0.0,False,1.0675962914283867,1824.0,30,60000.0,54720.0,,,0,0,False,False,False,False
W7383,新疆,风电,0.00966829445747909,0.0,0.1301764977936594,0.0,0.0,False,1.031536949763661,1929.0,30,60000.0,57870.0,,,0,0,False,False,False,False
W7399,新疆,风电,0.008822240428925023,0.0,0.11138574037957216,0.0,0.0,False,1.1000610729061955,1964.0,30,60000.0,58920.0,,,0,0,False,False,False,False
W7408,山西,风电,0.031423861834927916,0.0,0.160956541262408,0.0,0.0,False,2.7115550698469355,1851.0,30,60000.0,55530.0,,,0,0,False,False,False,False
W7410,新疆,风电,0.017908211764137188,0.0,0.24433139315244265,0.0,0.0,False,1.017982831357288,1741.0,30,60000.0,52230.0,,,0,0,False,False,False,False
W7421,新疆,风电,0.012453920766893993,0.0,0.15214411649290113,0.0,0.0,False,1.1368899813519058,1867.0,30,60000.0,56010.0,,,0,0,False,False,False,False
W7424,新疆,风电,0.008822240428925023,0.0,0.11138574037957216,0.0,0.0,False,1.1000610729061955,1964.0,30,60000.0,58920.0,,,0,0,False,False,False,False
W7431,新疆,风电,0.008822240428925023,0.0,0.11138574037957216,0.0,0.0,False,1.1000610729061955,1964.0,30,60000.0,58920.0,,,0,0,False,False,False,False
W7439,新疆,风电,0.052933429557911846,0.0,0.11138571623496941,0.0,0.0,False,6.600366245226455,1964.0,30,60000.0,58920.0,,,0,0,False,False,False,False
W7447,新疆,风电,0.008822240428925023,0.0,0.11138574037957216,0.0,0.0,False,1.1000610729061955,1964.0,30,60000.0,58920.0,,,0,0,False,False,False,False
W7460,新疆,风电,0.008822240428925023,0.0,0.11138574037957216,0.0,0.0,False,1.1000610729061955,1964.0,30,60000.0,58920.0,,,0,0,False,False,False,False
W7468,新疆,风电,0.008822240428925023,0.0,0.11138574037957216,0.0,0.0,False,1.1000610729061955,1964.0,30,60000.0,58920.0,,,0,0,False,False,False,False
W7470,新疆,风电,0.031134796735510423,0.0,0.15214409216103522,0.0,0.0,False,2.8422249348988617,1867.0,30,60000.0,56010.0,,,0,0,False,False,False,False
W7474,山西,风电,0.010548358669180807,0.0,0.1452881221686347,0.0,0.0,False,1.0083754909183353,1893.0,30,60000.0,56790.0,,,0,0,False,False,False,False
W7477,新疆,风电,0.008822240428925023,0.0,0.11138574037957216,0.0,0.0,False,1.1000610729061955,1964.0,30,60000.0,58920.0,,,0,0,False,False,False,False
W7480,新疆,风电,0.008822240428925023,0.0,0.11138574037957216,0.0,0.0,False,1.1000610729061955,1964.0,30,60000.0,58920.0,,,0,0,False,False,False,False
W7487,新疆,风电,0.008822240428925023,0.0,0.11138574037957216,0.0,0.0,False,1.1000610729061955,1964.0,30,60000.0,58920.0,,,0,0,False,False,False,False
W7492,山西,风电,0.02326561930804466,0.0,0.16673790183195988,0.0,0.0,False,1.9379732979144568,1829.0,30,60000.0,54870.0,,,0,0,False,False,False,False
W7495,新疆,风电,0.008822240428925023,0.0,0.11138574037957216,0.0,0.0,False,1.1000610729061955,1964.0,30,60000.0,58920.0,,,0,0,False,False,False,False
W7508,新疆,风电,0.008822240428925023,0.0,0.11138574037957216,0.0,0.0,False,1.1000610729061955,1964.0,30,60000.0,58920.0,,,0,0,False,False,False,False
W7514,山西,风电,0.010834863486505482,0.0,0.13926892342363703,0.0,0.0,False,1.0805297505790397,1903.0,30,60000.0,57090.0,,,0,0,False,False,False,False
W7515,山西,风电,0.015568300564409544,0.0,0.2118788812178834,0.0,0.0,False,1.0205188713714048,1806.0,30,60000.0,54180.0,,,0,0,False,False,False,False
W7516,新疆,风电,0.008822240428925023,0.0,0.11138574037957216,0.0,0.0,False,1.1000610729061955,1964.0,30,60000.0,58920.0,,,0,0,False,False,False,False
W7520,山西,风电,0.010834863486505482,0.0,0.13926892342363703,0.0,0.0,False,1.0805297505790397,1903.0,30,60000.0,57090.0,,,0,0,False,False,False,False
W7521,山西,风电,0.015790883171492087,0.0,0.16095651888113116,0.0,0.0,False,1.3625904893497884,1851.0,30,60000.0,55530.0,,,0,0,False,False,False,False
W7522,新疆,风电,0.008822240428925023,0.0,0.11138574037957216,0.0,0.0,False,1.1000610729061955,1964.0,30,60000.0,58920.0,,,0,0,False,False,False,False
W7535,山西,风电,0.013500236239727712,0.0,0.13926888656829362,0.0,0.0,False,1.3463400600634723,1903.0,30,60000.0,57090.0,,,0,0,False,False,False,False
W7545,新疆,风电,0.008822240428925023,0.0,0.11138574037957216,0.0,0.0,False,1.1000610729061955,1964.0,30,60000.0,58920.0,,,0,0,False,False,False,False
W7559,新疆,风电,0.017102944458098807,0.0,0.2367045643268354,0.0,0.0,False,1.0035332268598849,1712.0,30,60000.0,51360.0,,,0,0,False,False,False,False
W7560,新疆,风电,0.008822240428925023,0.0,0.11138574037957216,0.0,0.0,False,1.1000610729061955,1964.0,30,60000.0,58920.0,,,0,0,False,False,False,False
W7568,新疆,风电,0.008822240428925023,0.0,0.11138574037957216,0.0,0.0,False,1.1000610729061955,1964.0,30,60000.0,58920.0,,,0,0,False,False,False,False
W7578,新疆,风电,0.008822240428925023,0.0,0.11138574037957216,0.0,0.0,False,1.1000610729061955,1964.0,30,60000.0,58920.0,,,0,0,False,False,False,False
W7592,新疆,风电,0.008822240428925023,0.0,0.11138574037957216,0.0,0.0,False,1.1000610729061955,1964.0,30,60000.0,58920.0,,,0,0,False,False,False,False
W7600,新疆,风电,0.009373602901446591,0.0,0.09679510730316218,0.0,0.0,False,1.344994936355684,1969.0,30,60000.0,59070.0,,,0,0,False,False,False,False
W7603,山西,风电,0.01827201583771119,0.0,0.24610771058245887,0.0,0.0,False,1.031166382984819,1783.0,30,60000.0,53490.0,,,0,0,False,False,False,False
W7606,新疆,风电,0.009373602901446591,0.0,0.09679510730316218,0.0,0.0,False,1.344994936355684,1969.0,30,60000.0,59070.0,,,0,0,False,False,False,False
W7611,山西,风电,0.01827201583771119,0.0,0.24610771058245887,0.0,0.0,False,1.031166382984819,1783.0,30,60000.0,53490.0,,,0,0,False,False,False,False
W7626,山西,风电,0.014103512609069937,0.0,0.19421818650279057,0.0,0.0,False,1.008567339123009,1826.0,30,60000.0,54780.0,,,0,0,False,False,False,False
W7639,山西,风电,0.014412344582836533,0.0,0.1942181377941121,0.0,0.0,False,1.0306527228244522,1826.0,30,60000.0,54780.0,,,0,0,False,False,False,False
W7661,山西,风电,0.01827201583771119,0.0,0.24610771058245887,0.0,0.0,False,1.031166382984819,1783.0,30,60000.0,53490.0,,,0,0,False,False,False,False
W7664,新疆,风电,0.009552694115434624,0.0,0.12819517679803316,0.0,0.0,False,1.0349555300964322,1910.0,30,60000.0,57300.0,,,0,0,False,False,False,False
W7683,新疆,风电,0.008822240428925023,0.0,0.11138574037957216,0.0,0.0,False,1.1000610729061955,1964.0,30,60000.0,58920.0,,,0,0,False,False,False,False
W7693,山西,风电,0.012310042956994711,0.0,0.15707330010053844,0.0,0.0,False,1.0884906520568016,1860.0,30,60000.0,55800.0,,,0,0,False,False,False,False
W7695,新疆,风电,0.017153522064371495,0.0,0.2358960634181581,0.0,0.0,False,1.0099505627732357,1794.0,30,60000.0,53820.0,,,0,0,False,False,False,False
W7700,山西,风电,0.012310042956994711,0.0,0.15707330010053844,0.0,0.0,False,1.0884906520568016,1860.0,30,60000.0,55800.0,,,0,0,False,False,False,False
W7725,新疆,风电,0.01805423634062425,0.0,0.2211500850759893,0.0,0.0,False,1.133860212726162,1736.0,30,60000.0,52080.0,,,0,0,False,False,False,False
W7727,新疆,风电,0.0183272003725532,0.0,0.20983858431926966,0.0,0.0,False,1.213048832008439,1755.0,30,60000.0,52650.0,,,0,0,False,False,False,False
W7729,新疆,风电,0.012236294109943943,0.0,0.08927528546555982,0.0,0.0,False,1.9036458793552542,1998.0,30,60000.0,59940.0,,,0,0,False,False,False,False
W7735,新疆,风电,0.03732752699931795,0.0,0.19080721910696283,0.0,0.0,False,2.717076835022164,1794.0,30,60000.0,53820.0,,,0,0,False,False,False,False
W7754,山西,风电,0.01827201583771119,0.0,0.24610771058245887,0.0,0.0,False,1.031166382984819,1783.0,30,60000.0,53490.0,,,0,0,False,False,False,False
W7757,新疆,风电,0.017908211764137188,0.0,0.24433139315244265,0.0,0.0,False,1.017982831357288,1741.0,30,60000.0,52230.0,,,0,0,False,False,False,False
W7776,新疆,风电,0.0183272003725532,0.0,0.20983858431926966,0.0,0.0,False,1.213048832008439,1755.0,30,60000.0,52650.0,,,0,0,False,False,False,False
W7784,新疆,风电,0.11198258918237748,0.0,0.19080723503753397,0.0,0.0,False,8.151230420262541,1794.0,30,60000.0,53820.0,,,0,0,False,False,False,False
W7787,新疆,风电,0.05599129133134213,0.0,0.19080722477411952,0.0,0.0,False,4.075615192071581,1794.0,30,60000.0,53820.0,,,0,0,False,False,False,False
W7788,山西,风电,0.014497694147624822,0.0,0.18913161353115313,0.0,0.0,False,1.0646388480595765,1797.0,30,60000.0,53910.0,,,0,0,False,False,False,False
W7789,山西,风电,0.01492976513639642,0.0,0.20668762124691095,0.0,0.0,False,1.0032427092907772,1816.0,30,60000.0,54480.0,,,0,0,False,False,False,False
W7793,新疆,风电,0.012236294109943943,0.0,0.08927528546555982,0.0,0.0,False,1.9036458793552542,1998.0,30,60000.0,59940.0,,,0,0,False,False,False,False
W7794,山西,风电,0.013499286153184221,0.0,0.1756188991721208,0.0,0.0,False,1.0675962914283867,1824.0,30,60000.0,54720.0,,,0,0,False,False,False,False
W7799,山西,风电,0.01492976513639642,0.0,0.20668762124691095,0.0,0.0,False,1.0032427092907772,1816.0,30,60000.0,54480.0,,,0,0,False,False,False,False
W7804,新疆,风电,0.011637622387133105,0.0,0.13987292692217532,0.0,0.0,False,1.1555749051828295,1889.0,30,60000.0,56670.0,,,0,0,False,False,False,False
W7806,新疆,风电,0.03732752699931795,0.0,0.19080721910696283,0.0,0.0,False,2.717076835022164,1794.0,30,60000.0,53820.0,,,0,0,False,False,False,False
W7812,山西,风电,0.01492976513639642,0.0,0.20668762124691095,0.0,0.0,False,1.0032427092907772,1816.0,30,60000.0,54480.0,,,0,0,False,False,False,False
W7816,新疆,风电,0.03732752699931795,0.0,0.19080721910696283,0.0,0.0,False,2.717076835022164,1794.0,30,60000.0,53820.0,,,0,0,False,False,False,False
W7828,新疆,风电,0.00966829445747909,0.0,0.1301764977936594,0.0,0.0,False,1.031536949763661,1929.0,30,60000.0,57870.0,,,0,0,False,False,False,False
W7838,山西,风电,0.01492976513639642,0.0,0.20668762124691095,0.0,0.0,False,1.0032427092907772,1816.0,30,60000.0,54480.0,,,0,0,False,False,False,False
W7840,新疆,风电,0.017935923210561,0.0,0.2416978526846772,0.0,0.0,False,1.030667181458653,1788.0,30,60000.0,53640.0,,,0,0,False,False,False,False
W7844,新疆,风电,0.018418835997551206,0.0,0.20983858336284858,0.0,0.0,False,1.2191140567809773,1755.0,30,60000.0,52650.0,,,0,0,False,False,False,False
W7850,山西,风电,0.015568300564409544,0.0,0.2118788812178834,0.0,0.0,False,1.0205188713714048,1806.0,30,60000.0,54180.0,,,0,0,False,False,False,False
W7851,新疆,风电,0.0183272003725532,0.0,0.20983858431926966,0.0,0.0,False,1.213048832008439,1755.0,30,60000.0,52650.0,,,0,0,False,False,False,False
W7852,山西,风电,0.01492976513639642,0.0,0.20668762124691095,0.0,0.0,False,1.0032427092907772,1816.0,30,60000.0,54480.0,,,0,0,False,False,False,False
W7865,新疆,风电,0.015181245375621268,0.0,0.20089630880107617,0.0,0.0,False,1.0495495485969455,1777.0,30,60000.0,53310.0,,,0,0,False,False,False,False
W7876,新疆,风电,0.01284449586895464,0.0,0.09797707436399354,0.0,0.0,False,1.8207910076488625,1993.0,30,60000.0,59790.0,,,0,0,False,False,False,False
W7877,山西,风电,0.01492976513639642,0.0,0.20668762124691095,0.0,0.0,False,1.0032427092907772,1816.0,30,60000.0,54480.0,,,0,0,False,False,False,False
W7883,新疆,风电,0.011579275613726533,0.0,0.15590931539895933,0.0,0.0,False,1.0315180462523024,1876.0,30,60000.0,56280.0,,,0,0,False,False,False,False
W7884,山西,风电,0.01492976513639642,0.0,0.20668762124691095,0.0,0.0,False,1.0032427092907772,1816.0,30,60000.0,54480.0,,,0,0,False,False,False,False
W7890,新疆,风电,0.013530224713433762,0.0,0.18689153327136676,0.0,0.0,False,1.0055018779995786,1836.0,30,60000.0,55080.0,,,0,0,False,False,False,False
W7897,新疆,风电,0.012236294109943943,0.0,0.08927528546555982,0.0,0.0,False,1.9036458793552542,1998.0,30,60000.0,59940.0,,,0,0,False,False,False,False
W7904,新疆,风电,0.01284449586895464,0.0,0.09797707436399354,0.0,0.0,False,1.8207910076488625,1993.0,30,60000.0,59790.0,,,0,0,False,False,False,False
W7911,新疆,风电,0.01284449586895464,0.0,0.09797707436399354,0.0,0.0,False,1.8207910076488625,1993.0,30,60000.0,59790.0,,,0,0,False,False,False,False
W7914,新疆,风电,0.01284449586895464,0.0,0.09797707436399354,0.0,0.0,False,1.8207910076488625,1993.0,30,60000.0,59790.0,,,0,0,False,False,False,False
W7921,新疆,风电,0.01284449586895464,0.0,0.09797707436399354,0.0,0.0,False,1.8207910076488625,1993.0,30,60000.0,59790.0,,,0,0,False,False,False,False
W7927,新疆,风电,0.011579275613726533,0.0,0.15590931539895933,0.0,0.0,False,1.0315180462523024,1876.0,30,60000.0,56280.0,,,0,0,False,False,False,False
W7935,山西,风电,0.01492976513639642,0.0,0.20668762124691095,0.0,0.0,False,1.0032427092907772,1816.0,30,60000.0,54480.0,,,0,0,False,False,False,False
W7941,山西,风电,0.01492976513639642,0.0,0.20668762124691095,0.0,0.0,False,1.0032427092907772,1816.0,30,60000.0,54480.0,,,0,0,False,False,False,False
W7948,山西,风电,0.015790883171492087,0.0,0.16095651888113116,0.0,0.0,False,1.3625904893497884,1851.0,30,60000.0,55530.0,,,0,0,False,False,False,False
W7953,山西,风电,0.01492976513639642,0.0,0.20668762124691095,0.0,0.0,False,1.0032427092907772,1816.0,30,60000.0,54480.0,,,0,0,False,False,False,False
W7958,山西,风电,0.015790883171492087,0.0,0.16095651888113116,0.0,0.0,False,1.3625904893497884,1851.0,30,60000.0,55530.0,,,0,0,False,False,False,False
W7978,山西,风电,0.01492976513639642,0.0,0.20668762124691095,0.0,0.0,False,1.0032427092907772,1816.0,30,60000.0,54480.0,,,0,0,False,False,False,False
W8000,新疆,风电,0.0183272003725532,0.0,0.20983858431926966,0.0,0.0,False,1.213048832008439,1755.0,30,60000.0,52650.0,,,0,0,False,False,False,False
W8045,云南,风电,0.02307063703869498,0.0,0.15968739426295409,0.0,0.0,False,2.0065798925786265,1858.0,30,60000.0,55740.0,,,0,0,False,False,False,False
W8050,云南,风电,0.01774664121929728,0.0,0.15968737307495834,0.0,0.0,False,1.54352296803139,1858.0,30,60000.0,55740.0,,,0,0,False,False,False,False
W8096,云南,风电,0.015890229188448374,0.0,0.19977426231454293,0.0,0.0,False,1.1047350397412652,1772.0,30,60000.0,53160.0,,,0,0,False,False,False,False
W8098,云南,风电,0.015890229188448374,0.0,0.19977426231454293,0.0,0.0,False,1.1047350397412652,1772.0,30,60000.0,53160.0,,,0,0,False,False,False,False
W8111,云南,风电,0.02180836157417864,0.0,0.20411194772857008,0.0,0.0,False,1.4839597295660134,1765.0,30,60000.0,52950.0,,,0,0,False,False,False,False
W8153,云南,风电,0.016051752581209975,0.0,0.21962477252230853,0.0,0.0,False,1.0150995514393322,1758.0,30,60000.0,52740.0,,,0,0,False,False,False,False
W8162,云南,风电,0.019166522889039465,0.0,0.192711053601785,0.0,0.0,False,1.3813515198888886,1779.0,30,60000.0,53370.0,,,0,0,False,False,False,False
W8214,云南,风电,0.014674346877710737,0.0,0.2014758195211129,0.0,0.0,False,1.0115872653401987,1832.0,30,60000.0,54960.0,,,0,0,False,False,False,False
W89,甘肃,风电,0.0487958279205991,0.0,0.10366393005111946,0.0,0.0,False,6.537662925728759,1950.0,30,60000.0,58500.0,,,0,0,False,False,False,False
W912,甘肃,风电,0.01315192973303668,0.0,0.17939423724201006,0.0,0.0,False,1.0182361125134536,1828.0,30,60000.0,54840.0,,,0,0,False,False,False,False
W922,甘肃,风电,0.01315192973303668,0.0,0.17939423724201006,0.0,0.0,False,1.0182361125134536,1828.0,30,60000.0,54840.0,,,0,0,False,False,False,False
W925,甘肃,风电,0.040325583228411,0.0,0.15738749965511117,0.0,0.0,False,3.558589761361986,1848.0,30,60000.0,55440.0,,,0,0,False,False,False,False
W93,甘肃,风电,0.09759165996752117,0.0,0.10366393388938316,0.0,0.0,False,13.075325920174691,1950.0,30,60000.0,58500.0,,,0,0,False,False,False,False
W97,甘肃,风电,0.049039802772763076,0.0,0.10366392167150539,0.0,0.0,False,6.570351197037061,1950.0,30,60000.0,58500.0,,,0,0,False,False,False,False
W985,甘肃,风电,0.04528469610245053,0.0,0.11548747048319037,0.0,0.0,False,5.446080946292628,1936.0,30,60000.0,58080.0,,,0,0,False,False,False,False
W994,甘肃,风电,0.01315192973303668,0.0,0.17939423724201006,0.0,0.0,False,1.0182361125134536,1828.0,30,60000.0,54840.0,,,0,0,False,False,False,False
