ObjectId,merge_province_cn,power_type_cn,instrument,required_support,public_cost_pv_100m_cny,annual_h2_t,right_censored
10956,西藏,光伏,15y_price_premium,4.510518461465836,0.01722001838875248,35.77591109901294,False
11041,西藏,光伏,15y_price_premium,5.823240950703621,0.02130070520958453,34.163021554844754,False
11990,西藏,光伏,15y_price_premium,5.608283579349518,0.02072404059274854,34.55004286582674,False
1798,青海,光伏,15y_price_premium,7.6607391983270645,0.08259933773950569,99.70342745717228,False
1800,青海,光伏,15y_price_premium,7.660739421844482,0.3591275644580161,433.493161156016,False
4006,青海,光伏,15y_price_premium,8.724581971764565,0.07993686005011208,84.77793977802926,False
4040,青海,光伏,15y_price_premium,10.443851798772812,0.033806005501324746,29.96611562085609,False
4117,青海,光伏,15y_price_premium,10.443851798772812,0.033806005501324746,29.96611562085609,False
4126,青海,光伏,15y_price_premium,9.052515774965286,0.029936875038865794,30.603627491966584,False
4127,青海,光伏,15y_price_premium,10.443851798772812,0.033806005501324746,29.96611562085609,False
4128,青海,光伏,15y_price_premium,10.443851798772812,0.033806005501324746,29.96611562085609,False
4129,青海,光伏,15y_price_premium,10.443851798772812,0.033806005501324746,29.96611562085609,False
4130,青海,光伏,15y_price_premium,10.148887261748314,0.03334347844420915,30.408992578147995,False
4132,青海,光伏,15y_price_premium,10.148887261748314,0.03334347844420915,30.408992578147995,False
4133,青海,光伏,15y_price_premium,10.148887261748314,0.03334347844420915,30.408992578147995,False
4134,青海,光伏,15y_price_premium,10.443851798772812,0.033806005501324746,29.96611562085609,False
4135,青海,光伏,15y_price_premium,10.443851798772812,0.033806005501324746,29.96611562085609,False
4136,青海,光伏,15y_price_premium,9.052515774965286,0.029936875038865794,30.603627491966584,False
4137,青海,光伏,15y_price_premium,8.50390411913395,0.03024656810186503,32.90938100393676,False
4138,青海,光伏,15y_price_premium,8.504206538200378,0.048681518017094194,52.960906796747885,False
4139,青海,光伏,15y_price_premium,10.08972018957138,0.03249676844034179,29.811226335465715,False
4140,青海,光伏,15y_price_premium,8.894702196121216,0.08175632197667754,85.0663810897123,False
4141,青海,光伏,15y_price_premium,10.375774428248405,0.03311548933600776,29.545372614480815,False
4143,青海,光伏,15y_price_premium,8.894702196121216,0.04087816092128968,42.53319047509246,False
4144,青海,光伏,15y_price_premium,10.673936381936073,0.03394360266472002,29.441705353922394,False
4145,青海,光伏,15y_price_premium,10.673936381936073,0.03394360266472002,29.441705353922394,False
4146,青海,光伏,15y_price_premium,9.075309187173843,0.03020719707862775,30.802412453652884,False
4147,青海,光伏,15y_price_premium,10.443851798772812,0.033806005501324746,29.96611562085609,False
4148,青海,光伏,15y_price_premium,10.443851798772812,0.033806005501324746,29.96611562085609,False
4149,青海,光伏,15y_price_premium,8.503903895616531,0.03780820950764193,41.13672666191771,False
4151,青海,光伏,15y_price_premium,10.381002053618431,0.03371653490909421,30.065513015131078,False
4153,青海,光伏,15y_price_premium,7.660739421844482,0.07182551248915836,86.69863174542289,False
4154,青海,光伏,15y_price_premium,10.123203992843628,0.03300031884445438,30.162777422323753,False
4155,青海,光伏,15y_price_premium,7.6607391983270645,0.1436510208650907,173.3972635850945,False
4156,青海,光伏,15y_price_premium,7.6607391983270645,0.10773826631627455,130.0479484944896,False
4157,青海,光伏,15y_price_premium,7.6607391983270645,0.1436510208650907,173.3972635850945,False
4159,青海,光伏,15y_price_premium,7.660739421844482,0.38067521929191994,459.50275199191964,False
4160,青海,光伏,15y_price_premium,8.001651987433434,0.039925869614224826,46.15138216621063,False
4161,青海,光伏,15y_price_premium,8.335571587085724,0.028672008697442693,31.815058110999363,False
4163,青海,光伏,15y_price_premium,8.355766385793686,0.02815596053450653,31.168252560292377,False
4165,青海,光伏,15y_price_premium,7.914625704288483,0.04034827007181111,47.14348955161445,False
4167,青海,光伏,15y_price_premium,8.335571587085724,0.028672008697442693,31.815058110999363,False
4176,青海,光伏,15y_price_premium,10.30291199684143,0.03332217202512518,29.928253569184005,False
4179,青海,光伏,15y_price_premium,10.123203992843628,0.03300031884445438,30.162777422323753,False
4180,青海,光伏,15y_price_premium,8.464672565460205,0.02917604425924154,31.882946531372077,False
4182,青海,光伏,15y_price_premium,8.001651987433434,0.039925869614224826,46.15138216621063,False
4189,青海,光伏,15y_price_premium,8.001651987433434,0.039925869614224826,46.15138216621063,False
4190,青海,光伏,15y_price_premium,8.001651987433434,0.07985173920638985,92.30276430692173,False
4192,青海,光伏,15y_price_premium,9.798540472984314,0.03251187360679558,30.712690394787415,False
4197,青海,光伏,15y_price_premium,8.130765035748482,0.03255759826173864,37.035015442851005,False
4204,青海,光伏,15y_price_premium,8.749554455280304,0.08041034786030272,85.0511492030115,False
4205,青海,光伏,15y_price_premium,9.112017005681992,0.28948638592269005,294.05760198448826,False
4208,青海,光伏,15y_price_premium,7.96258382499218,0.15306457327681183,177.79013015711018,False
4225,青海,光伏,15y_price_premium,8.9851925522089,0.7156045290089451,737.0393071508719,False
4228,青海,光伏,15y_price_premium,8.001651987433434,0.07985173920638985,92.30276430692173,False
4233,青海,光伏,15y_price_premium,8.985192328691483,0.07156045098311765,73.70393057333989,False
4242,青海,光伏,15y_price_premium,10.774402096867561,0.03403756895030519,29.249788040818295,False
4250,青海,光伏,15y_price_premium,10.774402096867561,0.03403756895030519,29.249788040818295,False
4256,青海,光伏,15y_price_premium,9.20155182480812,0.030309254520007985,30.483424142240086,False
4263,青海,光伏,15y_price_premium,7.96258382499218,0.07653228670576902,88.89506515679983,False
4268,青海,光伏,15y_price_premium,8.724581748247147,0.047962115213234256,50.86676430368544,False
4274,青海,光伏,15y_price_premium,8.655499443411827,0.046413090589439,49.61680059387553,False
4283,青海,光伏,15y_price_premium,8.724581971764565,0.03996843010303908,42.388969971720435,False
4288,青海,光伏,15y_price_premium,7.660739421844482,0.07182551248915836,86.69863174542289,False
4291,青海,光伏,15y_price_premium,8.433027192950249,0.03576338212076146,39.23600570495086,False
4298,青海,光伏,15y_price_premium,10.622296705842018,0.03422967243624876,29.834486918293795,False
4301,青海,光伏,15y_price_premium,7.9898057878017426,0.07519482132119902,87.04120356084296,False
4309,青海,光伏,15y_price_premium,10.30291199684143,0.03332217202512518,29.928253569184005,False
4317,青海,光伏,15y_price_premium,7.82898411154747,0.08043653608961443,95.00624391889859,False
4320,青海,光伏,15y_price_premium,8.724581971764565,0.03996843010303908,42.388969971720435,False
4326,青海,光伏,15y_price_premium,8.968678191304207,0.0296609712962024,30.592681645046106,False
4420,青海,光伏,15y_price_premium,10.774402096867561,0.03403756895030519,29.249788040818295,False
4434,青海,光伏,15y_price_premium,9.096652418375015,0.14326847501096188,145.7642101918477,False
4440,青海,光伏,15y_price_premium,8.696376532316208,0.07199921596058864,76.60724294530172,False
4446,青海,光伏,15y_price_premium,9.096652418375015,0.14326847501096188,145.7642101918477,False
4452,青海,光伏,15y_price_premium,7.869191542267799,0.45860092963301785,538.9238506084965,False
4456,青海,光伏,15y_price_premium,10.77841468155384,0.03424096559245738,29.413933484320697,False
4463,青海,光伏,15y_price_premium,7.869191542267799,0.45860092963301785,538.9238506084965,False
4479,青海,光伏,15y_price_premium,10.129893869161606,0.03268642428643109,29.872644612709973,False
4490,青海,光伏,15y_price_premium,7.939752414822578,0.04802262551094485,55.930967894922965,False
4510,青海,光伏,15y_price_premium,8.239376842975616,0.04588827169368051,51.51414846933018,False
4516,青海,光伏,15y_price_premium,8.749554231762886,0.040205172910113635,42.52557460896224,False
4522,青海,光伏,15y_price_premium,8.749554231762886,0.040205172910113635,42.52557460896224,False
4535,青海,光伏,15y_price_premium,10.174600929021835,0.03292685312180036,29.946143761922976,False
4541,青海,光伏,15y_price_premium,10.30291199684143,0.03332217202512518,29.928253569184005,False
4543,青海,光伏,15y_price_premium,8.749554455280304,0.08041034786030272,85.0511492030115,False
4603,青海,光伏,15y_price_premium,10.123203992843628,0.03300031884445438,30.162777422323753,False
4609,青海,光伏,15y_price_premium,10.042900443077087,0.03278164688153547,30.215008234826435,False
4615,青海,光伏,15y_price_premium,8.968678191304207,0.0296609712962024,30.592681645046106,False
4622,青海,光伏,15y_price_premium,7.96258382499218,0.07653228670576902,88.89506515679983,False
4631,青海,光伏,15y_price_premium,7.660739421844482,0.07182551248915836,86.69863174542289,False
4641,青海,光伏,15y_price_premium,8.970268741250038,0.039140253564773304,40.38142039059842,False
4642,青海,光伏,15y_price_premium,9.412602335214615,0.03074202683321285,30.228632230720265,False
4647,青海,光伏,15y_price_premium,7.914625704288483,0.08069654020406444,94.28697917385043,False
4648,青海,光伏,15y_price_premium,8.749554455280304,0.08041034786030272,85.0511492030115,False
4654,青海,光伏,15y_price_premium,8.749554455280304,0.08041034786030272,85.0511492030115,False
4682,青海,光伏,15y_price_premium,8.420907631516457,0.14338142341756,157.5217965714973,False
4690,青海,光伏,15y_price_premium,9.412602335214615,0.03074202683321285,30.228632230720265,False
4693,青海,光伏,15y_price_premium,10.700542777776718,0.034472883620710965,29.8169283187603,False
4705,青海,光伏,15y_price_premium,7.972321808338165,0.37006627037248546,429.2341682033298,False
4710,青海,光伏,15y_price_premium,8.62942636013031,0.029166594793325257,31.26742019197688,False
4712,青海,光伏,15y_price_premium,8.895491436123848,0.029558502465193443,30.72610344442959,False
4716,青海,光伏,15y_price_premium,8.445399776101112,0.03140466702976677,34.40431399461618,False
4718,青海,光伏,15y_price_premium,8.63476350903511,0.029189251224472135,31.278339460960957,False
4722,青海,光伏,15y_price_premium,8.111290633678436,0.1329549452412928,151.62972994083856,False
4724,青海,光伏,15y_price_premium,8.63476350903511,0.029189251224472135,31.278339460960957,False
4726,青海,光伏,15y_price_premium,10.134395509958267,0.03261281012355298,29.776935029895725,False
4744,青海,光伏,15y_price_premium,7.783618345856667,0.09493740480121253,112.7836727462063,False
4746,青海,光伏,15y_price_premium,9.123589396476746,0.030071169186359444,30.478807920055246,False
4752,青海,光伏,15y_price_premium,9.123589396476746,0.030071169186359444,30.478807920055246,False
4756,青海,光伏,15y_price_premium,8.14672127366066,0.02929428638814855,33.259771097955976,False
4757,青海,光伏,15y_price_premium,7.463931441307068,0.026510319837758468,32.830808904952946,False
4767,青海,光伏,15y_price_premium,8.74258004128933,0.05410241071264961,57.26019082888275,False
4795,青海,光伏,15y_price_premium,10.361523628234863,0.03363717346018607,30.054967871873174,False
4804,青海,光伏,15y_price_premium,8.816033229231834,0.03370496442730167,35.38063412671152,False
4811,青海,光伏,15y_price_premium,7.6607391983270645,0.21547653262437175,260.09589697910855,False
4817,青海,光伏,15y_price_premium,9.56002525985241,0.03140486253522884,30.409047528298885,False
4824,青海,光伏,15y_price_premium,10.451071858406067,0.033445492641275276,29.629853864018372,False
4850,青海,光伏,15y_price_premium,10.337215438485146,0.03303946674692539,29.58812986011639,False
4854,青海,光伏,15y_price_premium,8.625519946217537,0.36335194341909444,389.76205681969304,False
4857,青海,光伏,15y_price_premium,10.337215438485146,0.03303946674692539,29.58812986011639,False
4863,青海,光伏,15y_price_premium,10.337215438485146,0.03303946674692539,29.58812986011639,False
4865,青海,光伏,15y_price_premium,8.103377223014832,0.41819635452460124,477.34104004106,False
4868,青海,光伏,15y_price_premium,9.075309187173843,0.03020719707862775,30.802412453652884,False
4874,青海,光伏,15y_price_premium,9.075309187173843,0.03020719707862775,30.802412453652884,False
4879,青海,光伏,15y_price_premium,10.443851798772812,0.033806005501324746,29.96611562085609,False
4882,青海,光伏,15y_price_premium,10.174600929021835,0.03292685312180036,29.946143761922976,False
4889,青海,光伏,15y_price_premium,10.174600929021835,0.03292685312180036,29.946143761922976,False
4891,青海,光伏,15y_price_premium,7.97080859541893,0.08164440449430596,94.72709649913062,False
4897,青海,光伏,15y_price_premium,7.829021215438843,0.04385586778070198,51.805947148590164,False
4899,青海,光伏,15y_price_premium,8.724581971764565,0.03996843010303908,42.388969971720435,False
4903,青海,光伏,15y_price_premium,10.30291199684143,0.03332217202512518,29.928253569184005,False
4905,青海,光伏,15y_price_premium,8.50390411913395,0.03024656810186503,32.90938100393676,False
4911,青海,光伏,15y_price_premium,10.443851798772812,0.033806005501324746,29.96611562085609,False
4916,青海,光伏,15y_price_premium,8.503903895616531,0.03780820950764193,41.13672666191771,False
4928,青海,光伏,15y_price_premium,10.443851798772812,0.033806005501324746,29.96611562085609,False
4931,青海,光伏,15y_price_premium,9.096652418375015,0.07163423753468211,72.8821051256337,False
4932,青海,光伏,15y_price_premium,7.829020768404007,0.2631351920857681,310.8356833953559,False
4933,青海,光伏,15y_price_premium,9.052515774965286,0.029936875038865794,30.603627491966584,False
4943,青海,光伏,15y_price_premium,8.894702196121216,0.16351264388399173,170.132762107253,False
4944,青海,光伏,15y_price_premium,7.752083837985992,0.6701554894085009,799.4371134054145,False
4952,青海,光伏,15y_price_premium,8.894702196121216,0.12263448294219924,127.59957161082757,False
4956,青海,光伏,15y_price_premium,8.894702196121216,0.04087816092128968,42.53319047509246,False
4957,青海,光伏,15y_price_premium,10.443851798772812,0.033806005501324746,29.96611562085609,False
4960,青海,光伏,15y_price_premium,7.972321137785912,0.027754967769501118,32.19256241347175,False
4966,青海,光伏,15y_price_premium,8.970268964767456,0.06523375722823298,67.30236696840579,False
4977,青海,光伏,15y_price_premium,8.812374696135521,0.0293643742786349,30.839338094239523,False
4992,青海,光伏,15y_price_premium,8.852802962064743,0.5736100502138141,599.6202609006336,False
4994,青海,光伏,15y_price_premium,8.77918392419815,0.5440641363911086,573.5342550631643,False
4998,青海,光伏,15y_price_premium,10.443851798772812,0.033806005501324746,29.96611562085609,False
6017,新疆,光伏,15y_price_premium,8.86411428451538,0.03514708206240403,36.695103105477386,False
6030,新疆,光伏,15y_price_premium,10.59332974255085,0.03354399859430987,29.33117175546754,False
6031,新疆,光伏,15y_price_premium,9.651923552155495,0.04420443666740572,42.40966493826082,False
6032,新疆,光伏,15y_price_premium,10.027534738183022,0.03279272501946851,30.28539164261902,False
6036,新疆,光伏,15y_price_premium,10.055515095591545,0.11427126819481714,105.25837080994066,False
6037,新疆,光伏,15y_price_premium,9.258875325322151,0.06515830604907846,65.14777734923996,False
6057,新疆,光伏,15y_price_premium,9.797846898436546,0.03258004290964263,30.78614152387897,False
6059,新疆,光伏,15y_price_premium,9.30629812180996,0.030866517617419483,30.697738667251894,False
6060,新疆,光伏,15y_price_premium,9.125959798693657,0.03041671280742918,30.85079527034201,False
6061,新疆,光伏,15y_price_premium,10.475409775972366,0.03362223383363395,29.709957644478756,False
6063,新疆,光伏,15y_price_premium,8.514474257826805,0.02903527099879866,31.55189165074462,False
6066,新疆,光伏,15y_price_premium,9.364486411213875,0.0587882197723437,58.12015184054919,False
6067,新疆,光伏,15y_price_premium,8.714237585663795,0.029393914645925653,31.20641774482906,False
6068,新疆,光伏,15y_price_premium,9.707772731781006,0.03170645019439355,30.222254795740053,False
6069,新疆,光伏,15y_price_premium,8.300455436110497,0.02857610011162032,31.843458294801753,False
6070,新疆,光伏,15y_price_premium,8.221020251512527,0.04607217316929193,51.8338852934741,False
6076,新疆,光伏,15y_price_premium,8.803800120949745,0.040548599878870197,42.61731550939613,False
6082,新疆,光伏,15y_price_premium,8.604888170957565,0.15734398500574,169.18695659494296,False
6083,新疆,光伏,15y_price_premium,9.121833890676498,0.046706670227374965,47.39717659356285,False
6086,新疆,光伏,15y_price_premium,9.900043979287148,0.10599834341761656,99.1628129019405,False
6089,新疆,光伏,15y_price_premium,10.20042859017849,0.03306674289672853,30.02660138102392,False
6098,新疆,光伏,15y_price_premium,9.045919999480247,0.03696232861499187,37.82234510771485,False
6101,新疆,光伏,15y_price_premium,9.64123584330082,0.032238883648368986,30.95894610702664,False
6102,新疆,光伏,15y_price_premium,9.696258008480072,0.2072239244331315,197.9012718801668,False
6104,新疆,光伏,15y_price_premium,10.109136253595352,0.03287535390226999,30.09868224941955,False
6111,新疆,光伏,15y_price_premium,8.688040673732758,0.029106713734680517,30.99797279577492,False
6112,新疆,光伏,15y_price_premium,9.575943276286125,0.12640759153779596,122.23098832517829,False
6114,新疆,光伏,15y_price_premium,8.87799896299839,0.036497597622100746,38.04510259245382,False
6120,新疆,光伏,15y_price_premium,8.733529150485992,0.02982465055820979,31.600478058664308,False
6123,新疆,光伏,15y_price_premium,10.509229078888893,0.03485621449907299,30.69862454748486,False
6124,新疆,光伏,15y_price_premium,8.87799896299839,0.036497597622100746,38.04510259245382,False
6129,新疆,光伏,15y_price_premium,9.483856335282326,0.1871954739730929,182.75630494050256,False
6131,新疆,光伏,15y_price_premium,9.121097177267075,0.3791957534251095,384.84919251579333,False
6133,新疆,光伏,15y_price_premium,9.744784757494926,0.09092935159202586,86.40707877227715,False
6140,新疆,光伏,15y_price_premium,8.649550080299377,0.030052089298462308,32.1506099104819,False
6143,新疆,光伏,15y_price_premium,9.12109650671482,0.0631992876165389,64.14153211156068,False
6149,新疆,光伏,15y_price_premium,8.763783127069473,0.13063014537630818,137.9186413412861,False
6159,新疆,光伏,15y_price_premium,9.12109650671482,0.2527971504782084,256.56612845847525,False
6160,新疆,光伏,15y_price_premium,9.431561306118965,0.2295558143376717,225.34034956214083,False
6165,新疆,光伏,15y_price_premium,8.841344118118286,0.1382593085887708,144.7052038639583,False
6178,新疆,光伏,15y_price_premium,9.36345174908638,0.05466067848026963,54.047787605704976,False
6183,新疆,光伏,15y_price_premium,8.53863313794136,0.028832210290466224,31.24225182524382,False
6189,新疆,光伏,15y_price_premium,9.650415480136871,0.04429764998966977,42.50256690393814,False
6190,新疆,光伏,15y_price_premium,8.943317010998726,0.039843704334630275,41.23149740936059,False
6191,新疆,光伏,15y_price_premium,9.418404176831245,0.031556634844561636,31.01546675268056,False
6197,新疆,光伏,15y_price_premium,9.363451302051544,0.2915236042585817,288.25486684995855,False
6199,新疆,光伏,15y_price_premium,9.650415480136871,0.7087623996759418,680.0410703106695,False
6214,新疆,光伏,15y_price_premium,8.841344118118286,0.06912965429116487,72.35260192860848,False
6215,新疆,光伏,15y_price_premium,9.157553985714912,0.04104946876734948,41.495619333360025,False
6219,新疆,光伏,15y_price_premium,9.097257480025291,0.03017522926954897,30.703081369225377,False
6224,新疆,光伏,15y_price_premium,9.255963116884232,0.09308008178146236,93.0963028926392,False
6230,新疆,光伏,15y_price_premium,8.934648782014847,0.02976886725818282,30.832029279021334,False
6247,新疆,光伏,15y_price_premium,9.589149802923203,0.20445225267551367,197.42261687205345,False
6253,新疆,光伏,15y_price_premium,8.841344118118286,0.06912965429116487,72.35260192860848,False
6259,新疆,光伏,15y_price_premium,9.493533745408058,0.18938616438699735,184.7124676508089,False
6268,新疆,光伏,15y_price_premium,8.655327335000038,0.23878522757099716,255.28895266322473,False
6270,新疆,光伏,15y_price_premium,8.87799896299839,0.036497597622100746,38.04510259245382,False
6276,新疆,光伏,15y_price_premium,8.610720857977867,0.1583964449944403,170.20506989129112,False
6288,新疆,光伏,15y_price_premium,8.346614241600037,0.35401184322350776,392.3532713729536,False
6290,新疆,光伏,15y_price_premium,9.972678199410439,0.03213402560702399,29.822525984820857,False
6294,新疆,光伏,15y_price_premium,8.278192654252052,0.03198583290044605,35.74194240537535,False
6295,新疆,光伏,15y_price_premium,10.728883668780327,0.034526300049735975,29.812166256651626,False
6321,新疆,光伏,15y_price_premium,9.640909060835838,0.031389580239130285,30.132846529149322,False
6322,新疆,光伏,15y_price_premium,9.141084998846054,0.05234593948959143,53.007382353078356,False
6323,新疆,光伏,15y_price_premium,10.721734017133713,0.03498678984951374,30.21736196036964,False
6328,新疆,光伏,15y_price_premium,10.721734017133713,0.03498678984951374,30.21736196036964,False
6358,新疆,光伏,15y_price_premium,9.171130433678627,0.03616775431514204,36.50788956980493,False
6360,新疆,光伏,15y_price_premium,10.166651085019112,0.03296516025067067,30.023573342174867,False
6361,新疆,光伏,15y_price_premium,9.091739729046822,0.04589516893202207,46.725852408788725,False
6362,新疆,光伏,15y_price_premium,9.431342035531998,0.21684874480878863,212.8693110163605,False
6365,新疆,光伏,15y_price_premium,10.212188735604286,0.03325777214304666,30.154043566714513,False
6380,新疆,光伏,15y_price_premium,10.652537271380424,0.03433493282557918,29.84254694053854,False
6387,新疆,光伏,15y_price_premium,9.535547867417336,0.031468371105416955,30.55070849892021,False
6388,新疆,光伏,15y_price_premium,8.677068874239922,0.05628270507680978,60.013652017176085,False
6389,新疆,光伏,15y_price_premium,7.982613891363144,0.04954305133040595,57.39438590497792,False
6394,新疆,光伏,15y_price_premium,8.617418333888054,0.070397498050801,75.58691504574384,False
6405,新疆,光伏,15y_price_premium,9.36448685824871,0.35272933527068473,348.7209108438819,False
6415,新疆,光伏,15y_price_premium,10.794232562184334,0.03480060534297872,29.862322189158167,False
6428,新疆,光伏,15y_price_premium,9.827069342136383,0.0323811319649119,30.50816803645263,False
6435,新疆,光伏,15y_price_premium,8.740900531411171,0.06795525868272953,71.94074896299782,False
6447,新疆,光伏,15y_price_premium,9.424207136034966,0.08562941707768162,84.11628386819388,False
6451,新疆,光伏,15y_price_premium,8.332721516489983,0.03093968908301562,34.351076869192894,False
6465,新疆,光伏,15y_price_premium,9.76463109254837,0.03290941994060062,31.204161070548963,False
6467,新疆,光伏,15y_price_premium,10.633358806371689,0.033684824603543814,29.33373917999799,False
6468,新疆,光伏,15y_price_premium,9.345579743385315,0.031355236794492446,31.057995031360626,False
6475,新疆,光伏,15y_price_premium,9.248934835195541,0.05538733021943286,55.43613064501905,False
6476,新疆,光伏,15y_price_premium,9.345579743385315,0.031355236794492446,31.057995031360626,False
6485,新疆,光伏,15y_price_premium,10.272231549024582,0.034201943259594865,30.82228259395934,False
6528,新疆,光伏,15y_price_premium,8.134762197732925,0.04772999725527124,54.26671438725729,False
6536,新疆,光伏,15y_price_premium,8.221020251512527,0.04607217316929193,51.8338852934741,False
6538,新疆,光伏,15y_price_premium,9.795319586992264,0.032254827642818604,30.49059131858627,False
6548,新疆,光伏,15y_price_premium,9.795319586992264,0.032254827642818604,30.49059131858627,False
6559,新疆,光伏,15y_price_premium,9.000342786312103,0.049985252977799245,51.40128068527715,False
6564,新疆,光伏,15y_price_premium,9.846097826957703,0.03297119008503436,31.01000478244382,False
6565,新疆,光伏,15y_price_premium,9.744784533977509,0.0788054360444016,74.88613475119422,False
6566,新疆,光伏,15y_price_premium,9.56035852432251,0.031716366034957345,30.71548420467689,False
6574,新疆,光伏,15y_price_premium,9.323992654681206,0.03143649755300484,31.208586778174467,False
6576,新疆,光伏,15y_price_premium,9.742608815431595,0.07422773097341183,70.55335176827985,False
6579,新疆,光伏,15y_price_premium,9.046643078327179,0.3184301822950698,325.80278352142193,False
6582,新疆,光伏,15y_price_premium,9.03580941259861,0.29590546990891586,303.0937820188902,False
6590,新疆,光伏,15y_price_premium,9.05063733458519,0.030285058671624548,30.968951978341508,False
6598,新疆,光伏,15y_price_premium,9.263072311878204,0.24164716028701058,241.48837011410723,False
6602,新疆,光伏,15y_price_premium,9.657702594995499,0.03260563349358233,31.250102991434204,False
6607,新疆,光伏,15y_price_premium,9.380199238657951,0.04070534218938458,40.17108336858203,False
6609,新疆,光伏,15y_price_premium,9.2559964209795,0.30742763215901736,307.4768306792287,False
6625,新疆,光伏,15y_price_premium,9.447243735194206,0.048477310718083234,47.50506674528046,False
6628,新疆,光伏,15y_price_premium,9.365265369415283,0.04214547594851942,41.66351343915377,False
6634,新疆,光伏,15y_price_premium,10.483997762203217,0.033905674754048744,29.957879661009983,False
6638,新疆,光伏,15y_price_premium,9.332830756902695,0.048682227281870015,48.29636196041467,False
6644,新疆,光伏,15y_price_premium,9.297704324126244,0.030771791973589986,30.638657412176144,False
6659,新疆,光伏,15y_price_premium,10.784892663359642,0.03398024890754927,29.174922334920453,False
6669,新疆,光伏,15y_price_premium,9.138364121317863,0.03178252479549442,32.1937110953689,False
6672,新疆,光伏,15y_price_premium,8.627170398831367,0.03308428747068726,35.4837246825097,False
6675,新疆,光伏,15y_price_premium,9.112188220024109,0.030499372726901054,30.97612031191444,False
6707,新疆,光伏,15y_price_premium,9.899767711758614,0.03208911670768119,29.99731122631617,False
6720,新疆,光伏,15y_price_premium,9.696080759167671,0.032392471149739574,30.920619196730584,False
6739,新疆,光伏,15y_price_premium,8.622464686632156,0.28304448860850834,303.7282878784447,False
6740,新疆,光伏,15y_price_premium,9.063480645418167,0.030645006644252713,31.289298671577644,False
6745,新疆,光伏,15y_price_premium,9.873423501849174,0.03227456545995838,30.272741623040446,False
6747,新疆,光伏,15y_price_premium,9.471469894051552,0.23176246944085918,226.55028166959136,False
6753,新疆,光伏,15y_price_premium,7.909069731831551,0.027787857978616836,32.48606413210636,False
6755,新疆,光伏,15y_price_premium,9.669952690601349,0.03230724917058418,30.936744588534296,False
6760,新疆,光伏,15y_price_premium,8.386301323771477,0.036150097953160966,39.872366654482065,False
6764,新疆,光伏,15y_price_premium,9.702187702059746,0.03206235400618212,30.574872485298137,False
6766,新疆,光伏,15y_price_premium,7.963126301765442,0.20756804031795956,241.07382561344608,False
6777,新疆,光伏,15y_price_premium,10.245834812521935,0.033543442521941906,30.31996202723341,False
6790,新疆,光伏,15y_price_premium,9.49736550450325,0.11265667067243011,109.8275078180518,False
6793,新疆,光伏,15y_price_premium,10.579608455300331,0.03465540098971379,30.341322946931868,False
6799,新疆,光伏,15y_price_premium,9.579042121767998,0.1095139138962767,105.86123320315157,False
6802,新疆,光伏,15y_price_premium,9.961000084877014,0.032262048305814646,29.99015599673231,False
6804,新疆,光伏,15y_price_premium,9.10093255341053,0.05746271005364054,58.44056162637421,False
6806,新疆,光伏,15y_price_premium,8.922042176127434,0.03098792621492609,32.14543720365835,False
6812,新疆,光伏,15y_price_premium,9.569508656859398,0.523980008721246,506.9864066247761,False
6815,新疆,光伏,15y_price_premium,9.739995002746582,0.03215741852589402,30.551357129300982,False
6819,新疆,光伏,15y_price_premium,9.486524686217308,0.09484400252670251,92.57276083037384,False
6824,新疆,光伏,15y_price_premium,9.021741673350334,0.3479815953806305,356.99455977984513,False
6827,新疆,光伏,15y_price_premium,9.579042121767998,0.2190278276568021,211.72246627507965,False
6831,新疆,光伏,15y_price_premium,9.39573772251606,0.031470709665546465,31.00761228626154,False
6839,新疆,光伏,15y_price_premium,8.849586769938469,0.052589216396538255,55.000267710863916,False
6845,新疆,光伏,15y_price_premium,10.770760998129845,0.03459860094222773,29.74987515144828,False
6852,新疆,光伏,15y_price_premium,10.770760998129845,0.03459860094222773,29.74987515144828,False
6854,新疆,光伏,15y_price_premium,9.316074773669243,0.07909976305448291,78.60307032237792,False
6867,新疆,光伏,15y_price_premium,9.316074550151825,0.052733174211894544,52.40204698835903,False
6883,新疆,光伏,15y_price_premium,9.207011684775352,0.030403155489127386,30.544496104227637,False
6885,新疆,光伏,15y_price_premium,9.316074550151825,0.052733174211894544,52.40204698835903,False
6895,新疆,光伏,15y_price_premium,8.922652378678322,0.04501920289512722,46.695654355047594,False
6898,新疆,光伏,15y_price_premium,8.781108185648918,0.13466783672598853,141.90410429911745,False
6907,新疆,光伏,15y_price_premium,9.560248777270317,0.04502611941473465,43.610825270325755,False
6913,新疆,光伏,15y_price_premium,8.777364045381546,0.06396138598941614,67.43206023381715,False
6916,新疆,光伏,15y_price_premium,8.906452283263206,0.41092363670776805,426.9965848790443,False
6918,新疆,光伏,15y_price_premium,9.79589156806469,0.0720505888595201,68.11583023153705,False
6928,新疆,光伏,15y_price_premium,7.9548123478889465,0.056728336547553146,65.94315368689674,False
6938,新疆,光伏,15y_price_premium,9.45968896150589,0.031159885146803255,30.495105846034775,False
6959,新疆,光伏,15y_price_premium,8.492005169391632,0.035298880556953786,38.45825765948378,False
6963,新疆,光伏,15y_price_premium,8.841344118118286,0.06912965429116487,72.35260192860848,False
697,甘肃,光伏,15y_price_premium,10.605101510882378,0.03755561786253125,32.8140703885246,False
6981,新疆,光伏,15y_price_premium,8.514474257826805,0.0580705419613231,63.10378326207099,False
7325,新疆,光伏,15y_price_premium,9.890066832304,0.03197710521870735,29.93273859894801,False
7332,新疆,光伏,15y_price_premium,8.862974122166634,0.062176300400543755,64.92314946770409,False
W100,甘肃,风电,15y_price_premium,6.723926514387131,0.15558677602658788,213.78296894271472,False
W1057,广西,风电,15y_price_premium,6.740737706422806,0.026817600663936236,36.75742089134923,False
W1069,广西,风电,15y_price_premium,8.603017777204514,0.02939336266344483,31.61060202151533,False
W1073,广西,风电,15y_price_premium,9.124219045042992,0.030301117298662354,30.732228985198578,False
W1083,广西,风电,15y_price_premium,9.901560544967651,0.032045509539882874,29.95780731864931,False
W1130,河北,风电,15y_price_premium,10.222776085138321,0.03272968772929222,29.65461582154253,False
W1134,河北,风电,15y_price_premium,10.661080107092857,0.0359135047456054,31.204855980931207,False
W124,甘肃,风电,15y_price_premium,6.723926737904549,0.15481271772358204,212.71937223759235,False
W125,甘肃,风电,15y_price_premium,6.723926737904549,0.15481271772358204,212.71937223759235,False
W1273,广西,风电,15y_price_premium,10.43721579015255,0.033973170340491514,30.13343961474761,False
W1280,河北,风电,15y_price_premium,9.679353162646294,0.03249820944016099,31.072522252726447,False
W1284,河北,风电,15y_price_premium,10.400459244847298,0.0332094508350823,29.559510086349544,False
W130,甘肃,风电,15y_price_premium,7.476882264018059,0.12048844198242543,148.9642493308424,False
W1340,河北,风电,15y_price_premium,9.35387447476387,0.03097134079432526,30.627113721777587,False
W1356,河北,风电,15y_price_premium,9.353874921798706,0.03128418432008681,30.936478709014906,False
W1358,河北,风电,15y_price_premium,9.353874921798706,0.03128418432008681,30.936478709014906,False
W136,甘肃,风电,15y_price_premium,7.476882040500641,0.030122109685798468,37.24106244481737,False
W1360,河北,风电,15y_price_premium,8.991859406232834,0.03060851357657029,31.491271211831577,False
W1362,河北,风电,15y_price_premium,8.991859406232834,0.03060851357657029,31.491271211831577,False
W1374,河北,风电,15y_price_premium,8.833722844719887,0.03469783947001311,36.345302248936946,False
W1376,河北,风电,15y_price_premium,7.903038337826729,0.07762361861650299,90.82951259281445,False
W138,甘肃,风电,15y_price_premium,8.063441589474678,0.09719627283015335,111.48610638573652,False
W1387,河北,风电,15y_price_premium,7.903038337826729,0.05666524092443997,66.30554341390938,False
W1389,河北,风电,15y_price_premium,7.9030390083789825,0.03842369438449705,44.96060862716958,False
W139,甘肃,风电,15y_price_premium,8.06344248354435,0.09767984515082848,112.04076127267388,False
W140,甘肃,风电,15y_price_premium,8.06344136595726,0.04835635322871086,55.46572448660063,False
W141,甘肃,风电,15y_price_premium,8.84748950600624,0.11493711579705572,120.22489939872175,False
W1482,海南,风电,15y_price_premium,6.752756014466286,0.03347288955944792,45.77273032999172,False
W1483,海南,风电,15y_price_premium,6.752756685018539,0.03213397735180455,43.94182136814959,False
W1502,河北,风电,15y_price_premium,9.383167549967766,0.03146474922256002,31.02513824096275,False
W1509,河北,风电,15y_price_premium,9.219489097595215,0.030864625858842386,30.98850685817584,False
W1529,河北,风电,15y_price_premium,9.679353162646294,0.03249820944016099,31.072522252726447,False
W1612,河北,风电,15y_price_premium,9.353874921798706,0.03128418432008681,30.936478709014906,False
W1769,广西,风电,15y_price_premium,6.740739047527313,0.02852936744102106,39.10363836412603,False
W1774,广西,风电,15y_price_premium,6.740739047527313,0.02852936744102106,39.10363836412603,False
W178,北京,风电,15y_price_premium,10.147269442677498,0.033110671393550666,30.194752128119298,False
W180,北京,风电,15y_price_premium,10.147269442677498,0.033110671393550666,30.194752128119298,False
W181,北京,风电,15y_price_premium,10.147269442677498,0.033110671393550666,30.194752128119298,False
W1866,河北,风电,15y_price_premium,6.799170076847076,0.024332184426444806,33.051290738711785,False
W1875,河北,风电,15y_price_premium,9.91772398352623,0.03282107602814632,30.60814287074957,False
W1883,河北,风电,15y_price_premium,10.53143486380577,0.03413931303718001,30.023641998363463,False
W1887,河北,风电,15y_price_premium,9.15368378162384,0.030671609392009896,30.991417651493087,False
W1892,河北,风电,15y_price_premium,9.383167773485184,0.031150102132051886,30.714886522995446,False
W2206,黑龙江,风电,15y_price_premium,6.708362102508545,0.04613294628932723,63.503623357177915,False
W2208,黑龙江,风电,15y_price_premium,6.708362326025963,0.0480551534374777,66.14960690883714,False
W2214,黑龙江,风电,15y_price_premium,6.708362326025963,0.0480551534374777,66.14960690883714,False
W2237,黑龙江,风电,15y_price_premium,7.250858545303345,0.058273041777235995,74.27125674745585,False
W2263,河北,风电,15y_price_premium,9.837681949138641,0.03289217262932554,30.946014466718836,False
W2266,河北,风电,15y_price_premium,10.400459244847298,0.0332094508350823,29.559510086349544,False
W2269,黑龙江,风电,15y_price_premium,6.86516560614109,0.053980906884490934,72.63465390964204,False
W2282,黑龙江,风电,15y_price_premium,7.545864209532738,0.05711456082980892,69.96063758175143,False
W2377,河北,风电,15y_price_premium,7.770762741565704,0.04092943518630791,48.63751120979122,False
W2379,黑龙江,风电,15y_price_premium,6.629707217216492,0.057248485370167995,79.75628029796763,False
W2383,黑龙江,风电,15y_price_premium,9.014855995774269,0.03005308804601444,30.83376032146815,False
W2404,黑龙江,风电,15y_price_premium,9.890450611710548,0.03233022578472583,30.249246148822692,False
W2420,黑龙江,风电,15y_price_premium,9.607895314693451,0.031724702217078495,30.542986256544012,False
W2423,河北,风电,15y_price_premium,10.23499220609665,0.03282144193098691,29.666273415448366,False
W2431,河北,风电,15y_price_premium,6.799170076847076,0.024332184426444806,33.051290738711785,False
W2436,河北,风电,15y_price_premium,6.799170076847076,0.024332184426444806,33.051290738711785,False
W2441,河北,风电,15y_price_premium,6.799170076847076,0.024332184426444806,33.051290738711785,False
W2447,河北,风电,15y_price_premium,10.23499220609665,0.03282144193098691,29.666273415448366,False
W2455,河北,风电,15y_price_premium,9.91772398352623,0.03282107602814632,30.60814287074957,False
W2456,黑龙江,风电,15y_price_premium,9.607895314693451,0.031724702217078495,30.542986256544012,False
W2461,河北,风电,15y_price_premium,9.91772398352623,0.03282107602814632,30.60814287074957,False
W2465,河北,风电,15y_price_premium,9.917723760008812,0.03216465433827283,29.995980531464106,False
W2466,黑龙江,风电,15y_price_premium,6.532955020666122,0.032581884022751514,46.05431595807231,False
W2468,河北,风电,15y_price_premium,10.565164759755135,0.03414777015834728,29.902118694497354,False
W2471,黑龙江,风电,15y_price_premium,6.532955020666122,0.032581884022751514,46.05431595807231,False
W2475,黑龙江,风电,15y_price_premium,6.532955020666122,0.032581884022751514,46.05431595807231,False
W2476,河北,风电,15y_price_premium,10.565164759755135,0.03414777015834728,29.902118694497354,False
W2477,河北,风电,15y_price_premium,10.23499220609665,0.03282144193098691,29.666273415448366,False
W2482,河北,风电,15y_price_premium,6.799170076847076,0.024332184426444806,33.051290738711785,False
W2488,河北,风电,15y_price_premium,6.799170076847076,0.024332184426444806,33.051290738711785,False
W2495,黑龙江,风电,15y_price_premium,6.532954350113869,0.028672055364602014,40.52779856259617,False
W2497,黑龙江,风电,15y_price_premium,6.532955020666122,0.032581884022751514,46.05431595807231,False
W2504,黑龙江,风电,15y_price_premium,7.057226076722145,0.040864673080033796,53.4698137369802,False
W2507,河北,风电,15y_price_premium,6.799170076847076,0.024332184426444806,33.051290738711785,False
W2515,河北,风电,15y_price_premium,8.674626499414444,0.045831332199993635,48.883223255413895,False
W2519,河北,风电,15y_price_premium,10.23499220609665,0.03282144193098691,29.666273415448366,False
W2524,黑龙江,风电,15y_price_premium,6.418093889951706,0.03389920355414661,48.773872593431996,False
W2525,河北,风电,15y_price_premium,6.799170076847076,0.024332184426444806,33.051290738711785,False
W2553,黑龙江,风电,15y_price_premium,6.749696061015129,0.04622796467890004,63.26671263308787,False
W2567,黑龙江,风电,15y_price_premium,7.545863315463066,0.028557277061080327,34.9803188273507,False
W2577,黑龙江,风电,15y_price_premium,7.8549449890851974,0.0273880238509225,32.236525406178,False
W2590,黑龙江,风电,15y_price_premium,9.508514106273651,0.031275227402358906,30.423993306638152,False
W2604,黑龙江,风电,15y_price_premium,6.532955020666122,0.032581884022751514,46.05431595807231,False
W2610,黑龙江,风电,15y_price_premium,6.654203832149506,0.031790514897066725,44.118321552620145,False
W2622,黑龙江,风电,15y_price_premium,6.667833030223846,0.03172749863243881,43.95475170153194,False
W2626,黑龙江,风电,15y_price_premium,6.694891378283501,0.04285872835901387,59.119608201444215,False
W2638,黑龙江,风电,15y_price_premium,6.353402137756348,0.04286555529905593,62.30125308547954,False
W2648,黑龙江,风电,15y_price_premium,6.694891378283501,0.04285872835901387,59.119608201444215,False
W2655,黑龙江,风电,15y_price_premium,6.866562366485596,0.05443177777471896,73.19945076636847,False
W2665,黑龙江,风电,15y_price_premium,6.673624366521835,0.051891175683897055,71.80108282751239,False
W2679,黑龙江,风电,15y_price_premium,6.6736239194869995,0.04981552531103517,68.92903950251623,False
W2693,黑龙江,风电,15y_price_premium,6.694891378283501,0.04285872835901387,59.119608201444215,False
W2703,黑龙江,风电,15y_price_premium,6.694891378283501,0.04285872835901387,59.119608201444215,False
W2708,黑龙江,风电,15y_price_premium,6.379227116703987,0.03519808807540124,50.950711234633744,False
W2710,黑龙江,风电,15y_price_premium,7.730722725391388,0.05760480878640263,68.80783354164447,False
W2713,黑龙江,风电,15y_price_premium,7.730722725391388,0.05760480878640263,68.80783354164447,False
W2720,黑龙江,风电,15y_price_premium,7.730722725391388,0.05760480878640263,68.80783354164447,False
W2724,黑龙江,风电,15y_price_premium,7.730722725391388,0.05760480878640263,68.80783354164447,False
W2734,黑龙江,风电,15y_price_premium,6.673624366521835,0.051891175683897055,71.80108282751239,False
W2736,黑龙江,风电,15y_price_premium,6.889101415872574,0.03699701250178385,49.59157357416878,False
W2751,黑龙江,风电,15y_price_premium,6.88910186290741,0.037752055818727884,50.60364623046291,False
W2766,黑龙江,风电,15y_price_premium,6.889101192355156,0.03473188758737608,46.55535401567257,False
W2767,黑龙江,风电,15y_price_premium,6.981582418084145,0.05490111923100597,72.61503825420542,False
W2778,黑龙江,风电,15y_price_premium,6.673624366521835,0.051891175683897055,71.80108282751239,False
W2780,河北,风电,15y_price_premium,6.852221041917801,0.03681722795109467,49.63240080103868,False
W2781,黑龙江,风电,15y_price_premium,6.379227116703987,0.03519808807540124,50.950711234633744,False
W2786,河北,风电,15y_price_premium,8.284429907798767,0.028759080935577462,32.08727720676722,False
W2790,黑龙江,风电,15y_price_premium,6.379227116703987,0.03519808807540124,50.950711234633744,False
W2792,河北,风电,15y_price_premium,6.852221041917801,0.03681722795109467,49.63240080103868,False
W2794,黑龙江,风电,15y_price_premium,6.673624366521835,0.051891175683897055,71.80108282751239,False
W2797,河北,风电,15y_price_premium,6.852221041917801,0.03681722795109467,49.63240080103868,False
W2803,黑龙江,风电,15y_price_premium,7.4417683482170105,0.04492578418552573,55.750167899025854,False
W2812,黑龙江,风电,15y_price_premium,6.981582418084145,0.05490111923100597,72.61503825420542,False
W2813,黑龙江,风电,15y_price_premium,9.508514106273651,0.031275227402358906,30.423993306638152,False
W2820,黑龙江,风电,15y_price_premium,6.88910186290741,0.037752055818727884,50.60364623046291,False
W2822,黑龙江,风电,15y_price_premium,9.014855995774269,0.03005308804601444,30.83376032146815,False
W2824,黑龙江,风电,15y_price_premium,6.353402137756348,0.04286555529905593,62.30125308547954,False
W2827,黑龙江,风电,15y_price_premium,6.6736239194869995,0.04981552531103517,68.92903950251623,False
W2833,黑龙江,风电,15y_price_premium,6.353402137756348,0.04286555529905593,62.30125308547954,False
W2837,黑龙江,风电,15y_price_premium,6.6736239194869995,0.04981552531103517,68.92903950251623,False
W2843,黑龙江,风电,15y_price_premium,7.555011212825775,0.055068896258757674,67.37889347563657,False
W2845,黑龙江,风电,15y_price_premium,6.694891378283501,0.04285872835901387,59.119608201444215,False
W2853,黑龙江,风电,15y_price_premium,6.981582418084145,0.05490111923100597,72.61503825420542,False
W2866,黑龙江,风电,15y_price_premium,6.981582418084145,0.05490111923100597,72.61503825420542,False
W2868,黑龙江,风电,15y_price_premium,10.689589083194733,0.033874293788574206,29.33263719957126,False
W2869,黑龙江,风电,15y_price_premium,6.692652404308319,0.05673634778245339,78.31423383090656,False
W2877,黑龙江,风电,15y_price_premium,10.02919390797615,0.03363574126388394,31.020226290835122,False
W2880,黑龙江,风电,15y_price_premium,6.673624366521835,0.051891175683897055,71.80108282751239,False
W2887,黑龙江,风电,15y_price_premium,6.673624366521835,0.051891175683897055,71.80108282751239,False
W2892,黑龙江,风电,15y_price_premium,6.673624366521835,0.051891175683897055,71.80108282751239,False
W2907,黑龙江,风电,15y_price_premium,8.157691061496735,0.028199876075626615,31.956228206520965,False
W2911,黑龙江,风电,15y_price_premium,7.098549082875252,0.05864144102036204,76.34365997902876,False
W2919,黑龙江,风电,15y_price_premium,9.005131870508194,0.06726432154988077,69.13379534516943,False
W2924,黑龙江,风电,15y_price_premium,9.014855995774269,0.03005308804601444,30.83376032146815,False
W2934,黑龙江,风电,15y_price_premium,6.875034347176552,0.05215617410582595,70.08674955409703,False
W2966,黑龙江,风电,15y_price_premium,8.378207758069038,0.03783669382801381,41.77869879373524,False
W3095,湖南,风电,15y_price_premium,10.61116173863411,0.034555331016335275,30.114753395394132,False
W3102,湖南,风电,15y_price_premium,10.086369216442108,0.03249858139942396,29.784885087011638,False
W3107,湖南,风电,15y_price_premium,10.192517191171646,0.0332768099742493,30.188174825484573,False
W3191,内蒙古,风电,15y_price_premium,7.4023982137441635,0.15566773247610066,194.36136694752784,False
W3243,湖南,风电,15y_price_premium,6.3070108741521835,0.02497451755069799,36.567144451479535,False
W3274,内蒙古,风电,15y_price_premium,9.607859998941422,0.06402438236014256,61.705281225464276,False
W3282,内蒙古,风电,15y_price_premium,9.60786022245884,0.03201219189090833,30.852640580064808,False
W3358,湖南,风电,15y_price_premium,10.086369216442108,0.03249858139942396,29.784885087011638,False
W3384,湖南,风电,15y_price_premium,10.086369216442108,0.03249858139942396,29.784885087011638,False
W3410,湖南,风电,15y_price_premium,9.041409641504288,0.030573705310882448,31.264852672332545,False
W3413,湖南,风电,15y_price_premium,10.086369216442108,0.03249858139942396,29.784885087011638,False
W3447,湖南,风电,15y_price_premium,6.949974149465561,0.06000033817564961,79.76749446676352,False
W3449,湖南,风电,15y_price_premium,8.015799969434738,0.027531744774225746,31.74130631122628,False
W3459,湖南,风电,15y_price_premium,8.698755651712418,0.029024615451687226,30.84044651756175,False
W3463,湖南,风电,15y_price_premium,6.454307734966278,0.025849220906610956,36.98217610001543,False
W3472,湖南,风电,15y_price_premium,9.906959161162376,0.03258573847052996,30.41042323909349,False
W3572,湖南,风电,15y_price_premium,10.747843757271767,0.03480956867236117,29.955921409510033,False
W3610,湖南,风电,15y_price_premium,9.972341358661652,0.032355510072073074,30.012524423284273,False
W3973,湖南,风电,15y_price_premium,10.747843757271767,0.03480956867236117,29.955921409510033,False
W3983,湖南,风电,15y_price_premium,9.428780302405357,0.03120976354489755,30.619322837298387,False
W4016,内蒙古,风电,15y_price_premium,6.437819302082062,0.03785226192110491,54.294057113709734,False
W4047,内蒙古,风电,15y_price_premium,7.014040499925613,0.05310141797326499,69.90890851546246,False
W4050,内蒙古,风电,15y_price_premium,6.58773310482502,0.027715621462372254,38.85544213207642,False
W4054,内蒙古,风电,15y_price_premium,6.58773310482502,0.027715621462372254,38.85544213207642,False
W4062,内蒙古,风电,15y_price_premium,7.014040499925613,0.05310141797326499,69.90890851546246,False
W4090,内蒙古,风电,15y_price_premium,6.855475679039955,0.08209549784492608,110.63470696444885,False
W4101,内蒙古,风电,15y_price_premium,6.500588357448578,0.03786598722582152,53.80062047388802,False
W4230,内蒙古,风电,15y_price_premium,6.500587910413742,0.039443734234503,56.04231335369702,False
W4253,内蒙古,风电,15y_price_premium,6.500587910413742,0.039443734234503,56.04231335369702,False
W4259,内蒙古,风电,15y_price_premium,7.362801879644394,0.13361614561511345,167.7292438007388,False
W4268,内蒙古,风电,15y_price_premium,7.362802103161812,0.04514059154751632,56.66528562306206,False
W4304,内蒙古,风电,15y_price_premium,7.362802103161812,0.04514059154751632,56.66528562306206,False
W4313,内蒙古,风电,15y_price_premium,7.053304240107536,0.04841188012557726,63.380258257849405,False
W4347,内蒙古,风电,15y_price_premium,6.262054145336151,0.03745099401795132,55.22569667609722,False
W4386,内蒙古,风电,15y_price_premium,7.470166236162186,0.025999548336106598,32.16255548970129,False
W4416,内蒙古,风电,15y_price_premium,6.523325890302658,0.047871754308582384,67.76492157492247,False
W4461,内蒙古,风电,15y_price_premium,8.459940925240517,0.029038092943434235,31.724087371048224,False
W4475,内蒙古,风电,15y_price_premium,6.95139616727829,0.024841826240137654,33.01087534485377,False
W4484,内蒙古,风电,15y_price_premium,8.27659159898758,0.0984903893161603,110.06344743158583,False
W4505,内蒙古,风电,15y_price_premium,8.798343613743782,0.029778338203493817,31.301050859586542,False
W4506,内蒙古,风电,15y_price_premium,6.523325890302658,0.047871754308582384,67.76492157492247,False
W4510,内蒙古,风电,15y_price_premium,7.979181110858917,0.027203235209255622,31.519152913742413,False
W4517,内蒙古,风电,15y_price_premium,7.979181110858917,0.027203235209255622,31.519152913742413,False
W4522,内蒙古,风电,15y_price_premium,7.9791804403066635,0.027769967237394555,32.17580227458714,False
W4533,内蒙古,风电,15y_price_premium,6.437819302082062,0.03785226192110491,54.294057113709734,False
W4534,内蒙古,风电,15y_price_premium,4.549895748496056,0.017400854965131256,35.96876729057795,False
W4539,内蒙古,风电,15y_price_premium,6.855475679039955,0.08209549784492608,110.63470696444885,False
W4548,内蒙古,风电,15y_price_premium,6.855475679039955,0.04104774880751652,55.31735332731854,False
W4551,内蒙古,风电,15y_price_premium,6.58773310482502,0.027715621462372254,38.85544213207642,False
W4588,内蒙古,风电,15y_price_premium,8.61287534236908,0.029330271461607833,31.47631070879108,False
W4603,内蒙古,风电,15y_price_premium,7.532278597354889,0.12441560736842971,152.68504975401686,False
W4611,内蒙古,风电,15y_price_premium,8.03342029452324,0.04287534054512402,49.35849093091224,False
W4626,内蒙古,风电,15y_price_premium,6.437819302082062,0.03785226192110491,54.294057113709734,False
W4690,内蒙古,风电,15y_price_premium,7.415207326412201,0.21987176291820223,274.0906281620384,False
W4736,内蒙古,风电,15y_price_premium,8.03342029452324,0.04287534054512402,49.35849093091224,False
W4753,内蒙古,风电,15y_price_premium,8.03342029452324,0.04287534054512402,49.35849093091224,False
W4783,内蒙古,风电,15y_price_premium,8.91169935464859,0.03041660688943244,31.573976152276035,False
W4791,内蒙古,风电,15y_price_premium,8.787753358483315,0.02972095788661406,31.28534574819031,False
W4807,内蒙古,风电,15y_price_premium,8.633402287960052,0.02979863311402607,31.922827062617948,False
W4808,内蒙古,风电,15y_price_premium,8.787753358483315,0.02972095788661406,31.28534574819031,False
W4814,内蒙古,风电,15y_price_premium,8.071611821651459,0.09274955113563467,106.25993379189255,False
W4815,内蒙古,风电,15y_price_premium,8.787753358483315,0.02972095788661406,31.28534574819031,False
W4832,内蒙古,风电,15y_price_premium,8.787753358483315,0.02972095788661406,31.28534574819031,False
W4837,内蒙古,风电,15y_price_premium,8.459940925240517,0.029038092943434235,31.724087371048224,False
W4852,内蒙古,风电,15y_price_premium,8.03342029452324,0.04287534054512402,49.35849093091224,False
W4875,内蒙古,风电,15y_price_premium,6.335535943508148,0.03136239571762721,45.71098119929852,False
W4888,内蒙古,风电,15y_price_premium,6.335535943508148,0.03136239571762721,45.71098119929852,False
W4964,内蒙古,风电,15y_price_premium,6.437819302082062,0.03785226192110491,54.294057113709734,False
W4968,内蒙古,风电,15y_price_premium,7.58178323507309,0.02663571835309856,32.457602040539115,False
W4991,内蒙古,风电,15y_price_premium,7.023773789405823,0.03056571870900963,40.186209673445006,False
W5005,青海,风电,15y_price_premium,7.409947514533997,0.03846250530038937,47.98112904327606,False
W5007,青海,风电,15y_price_premium,8.014640361070633,0.06861323541889022,79.17076519194174,False
W5009,青海,风电,15y_price_premium,9.55523930490017,0.03136911491515002,30.37738026273574,False
W5010,青海,风电,15y_price_premium,9.55523930490017,0.03136911491515002,30.37738026273574,False
W5014,青海,风电,15y_price_premium,9.55523930490017,0.03136911491515002,30.37738026273574,False
W5019,青海,风电,15y_price_premium,9.55523930490017,0.03136911491515002,30.37738026273574,False
W5021,青海,风电,15y_price_premium,8.014640137553215,0.15437977763244543,178.13422427275117,False
W5022,青海,风电,15y_price_premium,8.014640361070633,0.13722647149736342,158.3415311449566,False
W5025,青海,风电,15y_price_premium,9.555239975452423,0.03199649932729933,30.984927740596948,False
W5112,辽宁,风电,15y_price_premium,5.118441581726074,0.019483377111954425,35.4432061605608,False
W5243,辽宁,风电,15y_price_premium,9.74785141646862,0.03158717007110359,29.985084018732284,False
W5305,辽宁,风电,15y_price_premium,7.800207808613777,0.02700586271591893,31.97129757517488,False
W5342,辽宁,风电,15y_price_premium,4.373858571052551,0.01701933964587856,36.386274556050864,False
W5379,辽宁,风电,15y_price_premium,4.41672183573246,0.017045431095425823,36.07684629235077,False
W5501,山东,风电,15y_price_premium,6.87005952000618,0.03982688559827678,53.53896028624135,False
W5754,青海,风电,15y_price_premium,8.014640137553215,0.10291985056064037,118.7561481370734,False
W5824,吉林,风电,15y_price_premium,6.70606903731823,0.024428707436212775,33.90925769616554,False
W583,甘肃,风电,15y_price_premium,10.048582032322884,0.040981099391589663,37.77484939118982,False
W584,甘肃,风电,15y_price_premium,10.248920917510986,0.03919306740295799,35.42090567891175,False
W585,甘肃,风电,15y_price_premium,10.248920917510986,0.03919306740295799,35.42090567891175,False
W5940,青海,风电,15y_price_premium,9.783054515719414,0.04966528567024688,47.01512340593825,False
W5948,吉林,风电,15y_price_premium,7.753495573997498,0.034197055593565936,40.729892222485745,False
W5967,辽宁,风电,15y_price_premium,6.486096829175949,0.03148736319754254,44.828283245567505,False
W6268,山西,风电,15y_price_premium,7.951195389032364,0.027720723135358425,32.231449752308784,False
W6270,山西,风电,15y_price_premium,8.806757479906082,0.029275548074477492,30.741523153679346,False
W6271,山西,风电,15y_price_premium,7.951195389032364,0.027720723135358425,32.231449752308784,False
W629,甘肃,风电,15y_price_premium,6.65748305618763,0.048561966675341184,67.36167176848181,False
W6339,山东,风电,15y_price_premium,6.87005952000618,0.03982688559827678,53.53896028624135,False
W6352,山东,风电,15y_price_premium,10.27310661971569,0.03313104205414608,29.848629539129767,False
W6360,山东,风电,15y_price_premium,10.27310661971569,0.03313104205414608,29.848629539129767,False
W6375,山东,风电,15y_price_premium,6.586565226316452,0.026901779002722035,37.71998560083358,False
W6384,山东,风电,15y_price_premium,6.586565226316452,0.026901779002722035,37.71998560083358,False
W6386,山东,风电,15y_price_premium,6.586565226316452,0.02636374372489737,36.96558631258454,False
W6452,山西,风电,15y_price_premium,9.244569540023804,0.03187942737985888,31.922582327099065,False
W6550,山西,风电,15y_price_premium,8.998832255601883,0.030682809546620525,31.55329376713296,False
W6723,山西,风电,15y_price_premium,9.84089009463787,0.0326197299552444,30.68196954725382,False
W6906,山西,风电,15y_price_premium,8.525660634040833,0.03047393723314617,33.06759375223605,False
W6910,山东,风电,15y_price_premium,6.87005952000618,0.03982688559827678,53.53896028624135,False
W6915,山西,风电,15y_price_premium,8.525660634040833,0.03047393723314617,33.06759375223605,False
W6918,山东,风电,15y_price_premium,6.87005952000618,0.03982688559827678,53.53896028624135,False
W6931,山东,风电,15y_price_premium,6.87005952000618,0.03982688559827678,53.53896028624135,False
W6937,山东,风电,15y_price_premium,6.586565226316452,0.026901779002722035,37.71998560083358,False
W6954,山东,风电,15y_price_premium,6.58656544983387,0.025825708886924394,36.2111864122285,False
W6956,山东,风电,15y_price_premium,6.58656544983387,0.025825708886924394,36.2111864122285,False
W7010,新疆,风电,15y_price_premium,9.427618682384491,0.037532755234341,36.85775112453369,False
W7013,新疆,风电,15y_price_premium,9.427618682384491,0.0373460256770683,36.674379786443005,False
W7016,新疆,风电,15y_price_premium,9.427618682384491,0.0373460256770683,36.674379786443005,False
W7080,山西,风电,15y_price_premium,8.298295810818672,0.04063958815734829,45.30429999433451,False
W7124,山西,风电,15y_price_premium,9.338377341628075,0.030674664201617897,30.39116303313634,False
W7125,山西,风电,15y_price_premium,9.338377341628075,0.030674664201617897,30.39116303313634,False
W7127,山西,风电,15y_price_premium,9.338377341628075,0.030674664201617897,30.39116303313634,False
W7196,山西,风电,15y_price_premium,9.338377341628075,0.030674664201617897,30.39116303313634,False
W7213,新疆,风电,15y_price_premium,6.55243456363678,0.031248079528577537,44.05112949676943,False
W7224,新疆,风电,15y_price_premium,7.910166084766388,0.1574474858537542,184.0539467972923,False
W7233,新疆,风电,15y_price_premium,6.904706731438637,0.026655194852564127,35.66119678049342,False
W7243,新疆,风电,15y_price_premium,6.904706731438637,0.026655194852564127,35.66119678049342,False
W7248,山西,风电,15y_price_premium,8.148523047566414,0.0751454756656594,85.29070781655858,False
W7253,山西,风电,15y_price_premium,8.793441206216812,0.0302409703968096,31.821251764564217,False
W7256,新疆,风电,15y_price_premium,6.55243456363678,0.031248079528577537,44.05112949676943,False
W7258,新疆,风电,15y_price_premium,6.55243456363678,0.031248079528577537,44.05112949676943,False
W7260,山西,风电,15y_price_premium,8.148523047566414,0.03757273798753811,42.645354083874544,False
W7268,新疆,风电,15y_price_premium,7.369083389639854,0.02631497549843429,32.99963179374414,False
W7269,山西,风电,15y_price_premium,8.920320197939873,0.02984910327390562,30.958874168388686,False
W7273,新疆,风电,15y_price_premium,9.928914606571198,0.03499296232272643,32.64048178728509,False
W7276,新疆,风电,15y_price_premium,6.55243456363678,0.031248079528577537,44.05112949676943,False
W7277,山西,风电,15y_price_premium,7.951195389032364,0.027720723135358425,32.231449752308784,False
W7281,新疆,风电,15y_price_premium,6.579014360904694,0.042447360789649294,59.58219772182094,False
W7285,新疆,风电,15y_price_premium,6.55243456363678,0.031248079528577537,44.05112949676943,False
W7371,山西,风电,15y_price_premium,8.046723380684853,0.027585765216276106,31.6944237273105,False
W7380,新疆,风电,15y_price_premium,6.904706731438637,0.026655194852564127,35.66119678049342,False
W7382,山西,风电,15y_price_premium,8.525660634040833,0.03047393723314617,33.06759375223605,False
W7383,新疆,风电,15y_price_premium,7.369083389639854,0.02631497549843429,32.99963179374414,False
W7399,新疆,风电,15y_price_premium,6.904706731438637,0.026655194852564127,35.66119678049342,False
W7408,山西,风电,15y_price_premium,8.148523718118668,0.07476975343963282,84.86425314179232,False
W7410,新疆,风电,15y_price_premium,10.368904173374176,0.033611951408210466,30.015527053353072,False
W7421,新疆,风电,15y_price_premium,7.922239154577255,0.030681259575122213,35.812070985992285,False
W7424,新疆,风电,15y_price_premium,6.904706731438637,0.026655194852564127,35.66119678049342,False
W7431,新疆,风电,15y_price_premium,6.904706731438637,0.026655194852564127,35.66119678049342,False
W7439,新疆,风电,15y_price_premium,6.904706060886383,0.15993115164282484,213.96717808641327,False
W7447,新疆,风电,15y_price_premium,6.904706731438637,0.026655194852564127,35.66119678049342,False
W7460,新疆,风电,15y_price_premium,6.904706731438637,0.026655194852564127,35.66119678049342,False
W7468,新疆,风电,15y_price_premium,6.904706731438637,0.026655194852564127,35.66119678049342,False
W7470,新疆,风电,15y_price_premium,7.9222384840250015,0.076703143275907,89.53017843423751,False
W7474,山西,风电,15y_price_premium,7.748129591345787,0.02674608678010919,31.911566540380093,False
W7477,新疆,风电,15y_price_premium,6.904706731438637,0.026655194852564127,35.66119678049342,False
W7480,新疆,风电,15y_price_premium,6.904706731438637,0.026655194852564127,35.66119678049342,False
W7487,新疆,风电,15y_price_premium,6.904706731438637,0.026655194852564127,35.66119678049342,False
W7492,山西,风电,15y_price_premium,8.298295140266418,0.054186112110523134,60.4057321507501,False
W7495,新疆,风电,15y_price_premium,6.904706731438637,0.026655194852564127,35.66119678049342,False
W7508,新疆,风电,15y_price_premium,6.904706731438637,0.026655194852564127,35.66119678049342,False
W7514,山西,风电,15y_price_premium,7.597282603383064,0.02822432501398551,34.34030354608406,False
W7515,山西,风电,15y_price_premium,9.47722926735878,0.03154626197447967,30.800057641419688,False
W7516,新疆,风电,15y_price_premium,6.904706731438637,0.026655194852564127,35.66119678049342,False
W7520,山西,风电,15y_price_premium,7.597282603383064,0.02822432501398551,34.34030354608406,False
W7521,山西,风电,15y_price_premium,8.148523047566414,0.03757273798753811,42.645354083874544,False
W7522,新疆,风电,15y_price_premium,6.904706731438637,0.026655194852564127,35.66119678049342,False
W7535,山西,风电,15y_price_premium,7.597281709313393,0.03516750550425706,42.78801904022665,False
W7545,新疆,风电,15y_price_premium,6.904706731438637,0.026655194852564127,35.66119678049342,False
W7559,新疆,风电,15y_price_premium,10.16042947769165,0.03264236917281727,29.75698287198407,False
W7560,新疆,风电,15y_price_premium,6.904706731438637,0.026655194852564127,35.66119678049342,False
W7568,新疆,风电,15y_price_premium,6.904706731438637,0.026655194852564127,35.66119678049342,False
W7578,新疆,风电,15y_price_premium,6.904706731438637,0.026655194852564127,35.66119678049342,False
W7592,新疆,风电,15y_price_premium,6.904706731438637,0.026655194852564127,35.66119678049342,False
W7600,新疆,风电,15y_price_premium,6.55243456363678,0.031248079528577537,44.05112949676943,False
W7603,山西,风电,15y_price_premium,10.414707362651825,0.03415944407368309,30.356718144166333,False
W7606,新疆,风电,15y_price_premium,6.55243456363678,0.031248079528577537,44.05112949676943,False
W7611,山西,风电,15y_price_premium,10.414707362651825,0.03415944407368309,30.356718144166333,False
W7626,山西,风电,15y_price_premium,9.010023102164268,0.030022064382295467,30.825313483546466,False
W7639,山西,风电,15y_price_premium,9.010021761059761,0.030679477395673265,31.500320462803092,False
W7661,山西,风电,15y_price_premium,10.414707362651825,0.03415944407368309,30.356718144166333,False
W7664,新疆,风电,15y_price_premium,7.321511954069138,0.0262643390094691,33.156785991537724,False
W7683,新疆,风电,15y_price_premium,6.904706731438637,0.026655194852564127,35.66119678049342,False
W7693,山西,风电,15y_price_premium,8.04856538772583,0.029731284131691446,34.16107862727755,False
W7695,新疆,风电,15y_price_premium,10.128511860966682,0.032791563715689136,29.961036341166924,False
W7700,山西,风电,15y_price_premium,8.04856538772583,0.029731284131691446,34.16107862727755,False
W7725,新疆,风电,15y_price_premium,9.732733368873596,0.035739054951747375,34.00293988826534,False
W7727,新疆,风电,15y_price_premium,9.427618682384491,0.0373460256770683,36.674379786443005,False
W7729,新疆,风电,15y_price_premium,6.3696350902318954,0.04323341950586925,62.67709293839805,False
W7735,新疆,风电,15y_price_premium,8.922639638185501,0.08028421436837216,83.26781214885325,False
W7754,山西,风电,15y_price_premium,10.414707362651825,0.03415944407368309,30.356718144166333,False
W7757,新疆,风电,15y_price_premium,10.368904173374176,0.033611951408210466,30.015527053353072,False
W7776,新疆,风电,15y_price_premium,9.427618682384491,0.0373460256770683,36.674379786443005,False
W7784,新疆,风电,15y_price_premium,8.922639861702919,0.2408526438701851,249.80343098233638,False
W7787,新疆,风电,15y_price_premium,8.922639638185501,0.12042631927464337,124.90171586071102,False
W7788,山西,风电,15y_price_premium,8.879205286502838,0.03133752877065032,32.66007347511381,False
W7789,山西,风电,15y_price_premium,9.338377341628075,0.030674664201617897,30.39116303313634,False
W7793,新疆,风电,15y_price_premium,6.3696350902318954,0.04323341950586925,62.67709293839805,False
W7794,山西,风电,15y_price_premium,8.525660634040833,0.03047393723314617,33.06759375223605,False
W7799,山西,风电,15y_price_premium,9.338377341628075,0.030674664201617897,30.39116303313634,False
W7804,新疆,风电,15y_price_premium,7.6129187643527985,0.030235720711184334,36.71742765397944,False
W7806,新疆,风电,15y_price_premium,8.922639638185501,0.08028421436837216,83.26781214885325,False
W7812,山西,风电,15y_price_premium,9.338377341628075,0.030674664201617897,30.39116303313634,False
W7816,新疆,风电,15y_price_premium,8.922639638185501,0.08028421436837216,83.26781214885325,False
W7828,新疆,风电,15y_price_premium,7.369083389639854,0.02631497549843429,32.99963179374414,False
W7838,山西,风电,15y_price_premium,9.338377341628075,0.030674664201617897,30.39116303313634,False
W7840,新疆,风电,15y_price_premium,10.289908200502396,0.0338513244437293,30.446136420716368,False
W7844,新疆,风电,15y_price_premium,9.427618682384491,0.037532755234341,36.85775112453369,False
W7850,山西,风电,15y_price_premium,9.47722926735878,0.03154626197447967,30.800057641419688,False
W7851,新疆,风电,15y_price_premium,9.427618682384491,0.0373460256770683,36.674379786443005,False
W7852,山西,风电,15y_price_premium,9.338377341628075,0.030674664201617897,30.39116303313634,False
W7865,新疆,风电,15y_price_premium,9.189198911190033,0.03170369281416174,31.933828411525123,False
W7876,新疆,风电,15y_price_premium,6.579014360904694,0.042447360789649294,59.58219772182094,False
W7877,山西,风电,15y_price_premium,9.338377341628075,0.030674664201617897,30.39116303313634,False
W7883,新疆,风电,15y_price_premium,8.01677294075489,0.02809648838504795,32.405244034115604,False
W7884,山西,风电,15y_price_premium,9.338377341628075,0.030674664201617897,30.39116303313634,False
W7890,新疆,风电,15y_price_premium,8.8157357275486,0.029448464250809565,30.899460496855934,False
W7897,新疆,风电,15y_price_premium,6.3696350902318954,0.04323341950586925,62.67709293839805,False
W7904,新疆,风电,15y_price_premium,6.579014360904694,0.042447360789649294,59.58219772182094,False
W7911,新疆,风电,15y_price_premium,6.579014360904694,0.042447360789649294,59.58219772182094,False
W7914,新疆,风电,15y_price_premium,6.579014360904694,0.042447360789649294,59.58219772182094,False
W7921,新疆,风电,15y_price_premium,6.579014360904694,0.042447360789649294,59.58219772182094,False
W7927,新疆,风电,15y_price_premium,8.01677294075489,0.02809648838504795,32.405244034115604,False
W7935,山西,风电,15y_price_premium,9.338377341628075,0.030674664201617897,30.39116303313634,False
W7941,山西,风电,15y_price_premium,9.338377341628075,0.030674664201617897,30.39116303313634,False
W7948,山西,风电,15y_price_premium,8.148523047566414,0.03757273798753811,42.645354083874544,False
W7953,山西,风电,15y_price_premium,9.338377341628075,0.030674664201617897,30.39116303313634,False
W7958,山西,风电,15y_price_premium,8.148523047566414,0.03757273798753811,42.645354083874544,False
W7978,山西,风电,15y_price_premium,9.338377341628075,0.030674664201617897,30.39116303313634,False
W8000,新疆,风电,15y_price_premium,9.427618682384491,0.0373460256770683,36.674379786443005,False
W8045,云南,风电,15y_price_premium,8.113890588283539,0.055171112018959814,62.882264364991805,False
W8050,云南,风电,15y_price_premium,8.113889917731285,0.042439313352192726,48.3709724993514,False
W8096,云南,风电,15y_price_premium,9.159303680062294,0.03329440674403351,33.64733670870073,False
W8098,云南,风电,15y_price_premium,9.159303680062294,0.03329440674403351,33.64733670870073,False
W8111,云南,风电,15y_price_premium,9.273962303996086,0.04514046291497315,45.05830801945254,False
W8153,云南,风电,15y_price_premium,9.687958136200905,0.03189691329844048,30.480559728060605,False
W8162,云南,风电,15y_price_premium,8.9733025431633,0.040994989822817976,42.285164940094816,False
W8214,云南,风电,15y_price_premium,9.197435081005096,0.03059346800819742,30.769979265683986,False
W89,甘肃,风电,15y_price_premium,6.723926737904549,0.15481271772358204,212.71937223759235,False
W912,甘肃,风电,15y_price_premium,8.629197478294373,0.029294327844839572,31.404853607275736,False
W922,甘肃,风电,15y_price_premium,8.629197478294373,0.029294327844839572,31.404853607275736,False
W925,甘肃,风电,15y_price_premium,8.063441589474678,0.09719627283015335,111.48610638573652,False
W93,甘肃,风电,15y_price_premium,6.723926737904549,0.30962543624284533,425.4387455684852,False
W97,甘肃,风电,15y_price_premium,6.723926514387131,0.15558677602658788,213.78296894271472,False
W985,甘肃,风电,15y_price_premium,7.0113446563482285,0.13334736106013753,175.7400002187701,False
W994,甘肃,风电,15y_price_premium,8.629197478294373,0.029294327844839572,31.404853607275736,False
10956,西藏,光伏,upfront_capex_grant,0.26074865460395813,0.018923641299429216,35.77591109901294,False
11041,西藏,光伏,upfront_capex_grant,0.32384486123919487,0.023405717084740093,34.163021554844754,False
11990,西藏,光伏,upfront_capex_grant,0.3137926384806633,0.022773804567254148,34.55004286582674,False
1798,青海,光伏,upfront_capex_grant,0.40062427520751953,0.09072896297950565,99.70342745717228,False
1800,青海,光伏,upfront_capex_grant,0.40062427893280983,0.3944737554413785,433.493161156016,False
4006,青海,光伏,upfront_capex_grant,0.4426501467823982,0.0877886377631104,84.77793977802926,False
4040,青海,光伏,upfront_capex_grant,0.5056972950696945,0.03711919366014871,29.96611562085609,False
4117,青海,光伏,upfront_capex_grant,0.5056972950696945,0.03711919366014871,29.96611562085609,False
4126,青海,光伏,upfront_capex_grant,0.45512596890330315,0.03287594371972163,30.603627491966584,False
4127,青海,光伏,upfront_capex_grant,0.5056972950696945,0.03711919366014871,29.96611562085609,False
4128,青海,光伏,upfront_capex_grant,0.5056972950696945,0.03711919366014871,29.96611562085609,False
4129,青海,光伏,upfront_capex_grant,0.5056972950696945,0.03711919366014871,29.96611562085609,False
4130,青海,光伏,upfront_capex_grant,0.49532685428857803,0.03661268856453118,30.408992578147995,False
4132,青海,光伏,upfront_capex_grant,0.49532685428857803,0.03661268856453118,30.408992578147995,False
4133,青海,光伏,upfront_capex_grant,0.49532685428857803,0.03661268856453118,30.408992578147995,False
4134,青海,光伏,upfront_capex_grant,0.5056972950696945,0.03711919366014871,29.96611562085609,False
4135,青海,光伏,upfront_capex_grant,0.5056972950696945,0.03711919366014871,29.96611562085609,False
4136,青海,光伏,upfront_capex_grant,0.45512596890330315,0.03287594371972163,30.603627491966584,False
4137,青海,光伏,upfront_capex_grant,0.4341139532625675,0.033218502113101615,32.90938100393676,False
4138,青海,光伏,upfront_capex_grant,0.43414944410324097,0.05346507377617814,52.960906796747885,False
4139,青海,光伏,upfront_capex_grant,0.49320800974965096,0.03568310355079011,29.811226335465715,False
4140,青海,光伏,upfront_capex_grant,0.44911161437630653,0.08978399240060445,85.0663810897123,False
4141,青海,光伏,upfront_capex_grant,0.503317080438137,0.03636129984631049,29.545372614480815,False
4143,青海,光伏,upfront_capex_grant,0.44911161810159683,0.044891996588461956,42.53319047509246,False
4144,青海,光伏,upfront_capex_grant,0.5136999003589153,0.037269418168208515,29.441705353922394,False
4145,青海,光伏,upfront_capex_grant,0.5136999003589153,0.037269418168208515,29.441705353922394,False
4146,青海,光伏,upfront_capex_grant,0.455987311899662,0.03317272233010006,30.802412453652884,False
4147,青海,光伏,upfront_capex_grant,0.5056972950696945,0.03711919366014871,29.96611562085609,False
4148,青海,光伏,upfront_capex_grant,0.5056972950696945,0.03711919366014871,29.96611562085609,False
4149,青海,光伏,upfront_capex_grant,0.4341139383614063,0.04152312616391998,41.13672666191771,False
4151,青海,光伏,upfront_capex_grant,0.5035109966993332,0.037021309815395906,30.065513015131078,False
4153,青海,光伏,upfront_capex_grant,0.40062427893280983,0.07889475078302222,86.69863174542289,False
4154,青海,光伏,upfront_capex_grant,0.4945077821612358,0.036236641411052345,30.162777422323753,False
4155,青海,光伏,upfront_capex_grant,0.40062427520751953,0.15778949968391623,173.3972635850945,False
4156,青海,光伏,upfront_capex_grant,0.40062427520751953,0.11834212535046801,130.0479484944896,False
4157,青海,光伏,upfront_capex_grant,0.40062427520751953,0.15778949968391623,173.3972635850945,False
4159,青海,光伏,upfront_capex_grant,0.40062428265810013,0.4181421867027484,459.50275199191964,False
4160,青海,光伏,upfront_capex_grant,0.4143581949174404,0.04385266159357604,46.15138216621063,False
4161,青海,光伏,upfront_capex_grant,0.4276195168495178,0.03149054174292876,31.815058110999363,False
4163,青海,光伏,upfront_capex_grant,0.4284019060432911,0.030923608287683486,31.168252560292377,False
4165,青海,光伏,upfront_capex_grant,0.41091228276491165,0.04431764086276407,47.14348955161445,False
4167,青海,光伏,upfront_capex_grant,0.4276195168495178,0.03149054174292876,31.815058110999363,False
4176,青海,光伏,upfront_capex_grant,0.5008666999638081,0.03658930835656072,29.928253569184005,False
4179,青海,光伏,upfront_capex_grant,0.4945077821612358,0.036236641411052345,30.162777422323753,False
4180,青海,光伏,upfront_capex_grant,0.43266015127301216,0.032043460625563035,31.882946531372077,False
4182,青海,光伏,upfront_capex_grant,0.4143581949174404,0.04385266159357604,46.15138216621063,False
4189,青海,光伏,upfront_capex_grant,0.4143581949174404,0.04385266159357604,46.15138216621063,False
4190,青海,光伏,upfront_capex_grant,0.4143581949174404,0.08770532312173361,92.30276430692173,False
4192,青海,光伏,upfront_capex_grant,0.482702299952507,0.035700550216019485,30.712690394787415,False
4197,青海,光伏,upfront_capex_grant,0.41952675953507423,0.0357591549916017,37.035015442851005,False
4204,青海,光伏,upfront_capex_grant,0.4435627833008766,0.0883075040284963,85.0511492030115,False
4205,青海,光伏,upfront_capex_grant,0.4573168717324734,0.3179012646280354,294.05760198448826,False
4208,青海,光伏,upfront_capex_grant,0.41280464828014374,0.1681202341529492,177.79013015711018,False
4225,青海,光伏,upfront_capex_grant,0.45256953313946724,0.7858642860975154,737.0393071508719,False
4228,青海,光伏,upfront_capex_grant,0.4143581949174404,0.08770532312173361,92.30276430692173,False
4233,青海,光伏,upfront_capex_grant,0.45256952196359634,0.07858642598539027,73.70393057333989,False
4242,青海,光伏,upfront_capex_grant,0.5171540901064873,0.03737215615248446,29.249788040818295,False
4250,青海,光伏,upfront_capex_grant,0.5171540901064873,0.03737215615248446,29.249788040818295,False
4256,青海,光伏,upfront_capex_grant,0.46072930097579956,0.03328428346998345,30.483424142240086,False
4263,青海,光伏,upfront_capex_grant,0.41280464455485344,0.08406011634087512,88.89506515679983,False
4268,青海,光伏,upfront_capex_grant,0.4426501393318176,0.0526731818931545,50.86676430368544,False
4274,青海,光伏,upfront_capex_grant,0.43998539447784424,0.050972425331565756,49.61680059387553,False
4283,青海,光伏,upfront_capex_grant,0.4426501467823982,0.04389431896991219,42.388969971720435,False
4288,青海,光伏,upfront_capex_grant,0.40062427893280983,0.07889475078302222,86.69863174542289,False
4291,青海,光伏,upfront_capex_grant,0.431366890668869,0.039277899695616646,39.23600570495086,False
4298,青海,光伏,upfront_capex_grant,0.5119037441909313,0.0375836485019045,29.834486918293795,False
4301,青海,光伏,upfront_capex_grant,0.4139060527086258,0.08259092882897523,87.04120356084296,False
4309,青海,光伏,upfront_capex_grant,0.5008666999638081,0.03658930835656072,29.928253569184005,False
4317,青海,光伏,upfront_capex_grant,0.4074678421020508,0.08835106652366399,95.00624391889859,False
4320,青海,光伏,upfront_capex_grant,0.4426501467823982,0.04389431896991219,42.388969971720435,False
4326,青海,光伏,upfront_capex_grant,0.4520643875002861,0.032574019914294684,30.592681645046106,False
4420,青海,光伏,upfront_capex_grant,0.5171540901064873,0.03737215615248446,29.249788040818295,False
4434,青海,光伏,upfront_capex_grant,0.4567621611058712,0.15733220156846228,145.7642101918477,False
4440,青海,光伏,upfront_capex_grant,0.4415633901953697,0.07907158572643748,76.60724294530172,False
4446,青海,光伏,upfront_capex_grant,0.4567621611058712,0.15733220156846228,145.7642101918477,False
4452,青海,光伏,upfront_capex_grant,0.409082368016243,0.503720651163412,538.9238506084965,False
4456,青海,光伏,upfront_capex_grant,0.5172891393303871,0.03759544436762447,29.413933484320697,False
4463,青海,光伏,upfront_capex_grant,0.409082368016243,0.503720651163412,538.9238506084965,False
4479,青海,光伏,upfront_capex_grant,0.4945782199501991,0.03589078110761284,29.872644612709973,False
4490,青海,光伏,upfront_capex_grant,0.41193239763379097,0.05274688919287593,55.930967894922965,False
4510,青海,光伏,upfront_capex_grant,0.42381874844431877,0.05039978168485856,51.51414846933018,False
4516,青海,光伏,upfront_capex_grant,0.4435627795755863,0.04415375159613851,42.52557460896224,False
4522,青海,光伏,upfront_capex_grant,0.4435627795755863,0.04415375159613851,42.52557460896224,False
4535,青海,光伏,upfront_capex_grant,0.49631417542696,0.036155628375419885,29.946143761922976,False
4541,青海,光伏,upfront_capex_grant,0.5008666999638081,0.03658930835656072,29.928253569184005,False
4543,青海,光伏,upfront_capex_grant,0.4435627833008766,0.0883075040284963,85.0511492030115,False
4603,青海,光伏,upfront_capex_grant,0.4945077821612358,0.036236641411052345,30.162777422323753,False
4609,青海,光伏,upfront_capex_grant,0.49150918051600456,0.03599590771356758,30.215008234826435,False
4615,青海,光伏,upfront_capex_grant,0.4520643875002861,0.032574019914294684,30.592681645046106,False
4622,青海,光伏,upfront_capex_grant,0.41280464455485344,0.08406011634087512,88.89506515679983,False
4631,青海,光伏,upfront_capex_grant,0.40062427893280983,0.07889475078302222,86.69863174542289,False
4641,青海,光伏,upfront_capex_grant,0.4519907273352146,0.042983102628845714,40.38142039059842,False
4642,青海,光伏,upfront_capex_grant,0.46856866776943207,0.033758584487636446,30.228632230720265,False
4647,青海,光伏,upfront_capex_grant,0.41091228276491165,0.08863528187799187,94.28697917385043,False
4648,青海,光伏,upfront_capex_grant,0.4435627833008766,0.0883075040284963,85.0511492030115,False
4654,青海,光伏,upfront_capex_grant,0.4435627833008766,0.0883075040284963,85.0511492030115,False
4682,青海,光伏,upfront_capex_grant,0.4309072569012642,0.1574724416473685,157.5217965714973,False
4690,青海,光伏,upfront_capex_grant,0.46856866776943207,0.033758584487636446,30.228632230720265,False
4693,青海,光伏,upfront_capex_grant,0.514721367508173,0.03785118774449055,29.8169283187603,False
4705,青海,光伏,upfront_capex_grant,0.41325005143880844,0.40647069449352174,429.2341682033298,False
4710,青海,光伏,upfront_capex_grant,0.4390367455780506,0.0320322353844133,31.26742019197688,False
4712,青海,光伏,upfront_capex_grant,0.4493873678147793,0.0324624756925615,30.72610344442959,False
4716,青海,光伏,upfront_capex_grant,0.43184492737054825,0.034490750893510023,34.40431399461618,False
4718,青海,光伏,upfront_capex_grant,0.43918953090906143,0.03205674225443164,31.278339460960957,False
4722,青海,光伏,upfront_capex_grant,0.41870222613215446,0.14602796038939905,151.62972994083856,False
4724,青海,光伏,upfront_capex_grant,0.43918953090906143,0.03205674225443164,31.278339460960957,False
4726,青海,光伏,upfront_capex_grant,0.49489425122737885,0.03581100593477035,29.776935029895725,False
4744,青海,光伏,upfront_capex_grant,0.40563739463686943,0.10427963107607208,112.7836727462063,False
4746,青海,光伏,upfront_capex_grant,0.4580232836306095,0.03302459325714268,30.478807920055246,False
4752,青海,光伏,upfront_capex_grant,0.4580232836306095,0.03302459325714268,30.478807920055246,False
4756,青海,光伏,upfront_capex_grant,0.42014414444565773,0.0321747563662197,33.259771097955976,False
4757,青海,光伏,upfront_capex_grant,0.3926372677087784,0.029121083984297143,32.830808904952946,False
4767,青海,光伏,upfront_capex_grant,0.44334574043750763,0.05941651653967801,57.26019082888275,False
4795,青海,光伏,upfront_capex_grant,0.5027855187654495,0.03693395335100496,30.054967871873174,False
4804,青海,光伏,upfront_capex_grant,0.44611990079283714,0.03701491040665896,35.38063412671152,False
4811,青海,光伏,upfront_capex_grant,0.40062427520751953,0.2366842505674874,260.09589697910855,False
4817,青海,光伏,upfront_capex_grant,0.47396593540906906,0.03448563036474824,30.409047528298885,False
4824,青海,光伏,upfront_capex_grant,0.5059111751616001,0.03672305167388461,29.629853864018372,False
4850,青海,光伏,upfront_capex_grant,0.5019511319696903,0.03627789803537996,29.58812986011639,False
4854,青海,光伏,upfront_capex_grant,0.43884074315428734,0.39904805429420515,389.76205681969304,False
4857,青海,光伏,upfront_capex_grant,0.5019511319696903,0.03627789803537996,29.58812986011639,False
4863,青海,光伏,upfront_capex_grant,0.5019511319696903,0.03627789803537996,29.58812986011639,False
4865,青海,光伏,upfront_capex_grant,0.41842151433229446,0.45932007005597875,477.34104004106,False
4868,青海,光伏,upfront_capex_grant,0.455987311899662,0.03317272233010006,30.802412453652884,False
4874,青海,光伏,upfront_capex_grant,0.455987311899662,0.03317272233010006,30.802412453652884,False
4879,青海,光伏,upfront_capex_grant,0.5056972950696945,0.03711919366014871,29.96611562085609,False
4882,青海,光伏,upfront_capex_grant,0.49631417542696,0.036155628375419885,29.946143761922976,False
4889,青海,光伏,upfront_capex_grant,0.49631417542696,0.036155628375419885,29.946143761922976,False
4891,青海,光伏,upfront_capex_grant,0.4131578616797924,0.08967540322018512,94.72709649913062,False
4897,青海,光伏,upfront_capex_grant,0.40743540972471237,0.048170700936127436,51.805947148590164,False
4899,青海,光伏,upfront_capex_grant,0.4426501467823982,0.04389431896991219,42.388969971720435,False
4903,青海,光伏,upfront_capex_grant,0.5008666999638081,0.03658930835656072,29.928253569184005,False
4905,青海,光伏,upfront_capex_grant,0.4341139532625675,0.033218502113101615,32.90938100393676,False
4911,青海,光伏,upfront_capex_grant,0.5056972950696945,0.03711919366014871,29.96611562085609,False
4916,青海,光伏,upfront_capex_grant,0.4341139383614063,0.04152312616391998,41.13672666191771,False
4928,青海,光伏,upfront_capex_grant,0.5056972950696945,0.03711919366014871,29.96611562085609,False
4931,青海,光伏,upfront_capex_grant,0.4567621611058712,0.07866610086379466,72.8821051256337,False
4932,青海,光伏,upfront_capex_grant,0.4074353873729706,0.2890241862801638,310.8356833953559,False
4933,青海,光伏,upfront_capex_grant,0.45512596890330315,0.03287594371972163,30.603627491966584,False
4943,青海,光伏,upfront_capex_grant,0.44911161437630653,0.17956798469750118,170.132762107253,False
4944,青海,光伏,upfront_capex_grant,0.40433385223150253,0.7361013838829218,799.4371134054145,False
4952,青海,光伏,upfront_capex_grant,0.44911161437630653,0.13467598864160862,127.59957161082757,False
4956,青海,光伏,upfront_capex_grant,0.44911161810159683,0.044891996588461956,42.53319047509246,False
4957,青海,光伏,upfront_capex_grant,0.5056972950696945,0.03711919366014871,29.96611562085609,False
4960,青海,光伏,upfront_capex_grant,0.41325002163648605,0.030485299072987325,32.19256241347175,False
4966,青海,光伏,upfront_capex_grant,0.4519907310605049,0.07163850487761042,67.30236696840579,False
4977,青海,光伏,upfront_capex_grant,0.44595859944820404,0.03224793379954221,30.839338094239523,False
4992,青海,光伏,upfront_capex_grant,0.44752995669841766,0.6299382821115537,599.6202609006336,False
4994,青海,光伏,upfront_capex_grant,0.4446949101984501,0.5974942355615239,573.5342550631643,False
4998,青海,光伏,upfront_capex_grant,0.5056972950696945,0.03711919366014871,29.96611562085609,False
6017,新疆,光伏,upfront_capex_grant,0.44844140857458115,0.038598303518976466,36.695103105477386,False
6030,新疆,光伏,upfront_capex_grant,0.5112752877175808,0.03682974968711168,29.33117175546754,False
6031,新疆,光伏,upfront_capex_grant,0.4777457192540169,0.0485393241868409,42.40966493826082,False
6032,新疆,光伏,upfront_capex_grant,0.49133798480033875,0.03600708911648828,30.28539164261902,False
6036,新疆,光伏,upfront_capex_grant,0.4922897517681122,0.1254706493284938,105.25837080994066,False
6037,新疆,光伏,upfront_capex_grant,0.4632820039987564,0.07155206044874776,65.14777734923996,False
6057,新疆,光伏,upfront_capex_grant,0.4831231087446213,0.035774870198321755,30.78614152387897,False
6059,新疆,光伏,upfront_capex_grant,0.46511612087488174,0.03389559079872104,30.697738667251894,False
6060,新疆,光伏,upfront_capex_grant,0.45832839235663414,0.033402118047500595,30.85079527034201,False
6061,新疆,光伏,upfront_capex_grant,0.5073692016303539,0.03691750017721625,29.709957644478756,False
6063,新疆,光伏,upfront_capex_grant,0.4350069426000118,0.03188809130279424,31.55189165074462,False
6066,新疆,光伏,upfront_capex_grant,0.4671999253332615,0.06455591126892025,58.12015184054919,False
6067,新疆,光伏,upfront_capex_grant,0.4427778869867325,0.03228137062631103,31.20641774482906,False
6068,新疆,光伏,upfront_capex_grant,0.4800040200352669,0.03481701103395733,30.222254795740053,False
6069,新疆,光伏,upfront_capex_grant,0.4267025329172611,0.03138523663215969,31.843458294801753,False
6070,新疆,光伏,upfront_capex_grant,0.4235733188688755,0.05060189125645297,51.8338852934741,False
6076,新疆,光伏,upfront_capex_grant,0.4461800418794155,0.044530965053374345,42.61731550939613,False
6082,新疆,光伏,upfront_capex_grant,0.4385194815695286,0.17280157754714764,169.18695659494296,False
6083,新疆,光伏,upfront_capex_grant,0.4581574872136116,0.05129080222115928,47.39717659356285,False
6086,新疆,光伏,upfront_capex_grant,0.4867207556962967,0.11638914033108298,99.1628129019405,False
6089,新疆,光伏,upfront_capex_grant,0.49745655804872513,0.036307005504491674,30.02660138102392,False
6098,新疆,光伏,upfront_capex_grant,0.45529935881495476,0.04059049165005527,37.82234510771485,False
6101,新疆,光伏,upfront_capex_grant,0.477404922246933,0.035400763355116306,30.95894610702664,False
6102,新疆,光伏,upfront_capex_grant,0.4793673940002918,0.22754427470570754,197.9012718801668,False
6104,新疆,光伏,upfront_capex_grant,0.49444200843572617,0.03609881275043926,30.09868224941955,False
6111,新疆,光伏,upfront_capex_grant,0.44173716753721237,0.03196585966255514,30.99797279577492,False
6112,新疆,光伏,upfront_capex_grant,0.47497331723570824,0.1388051552318424,122.23098832517829,False
6114,新疆,光伏,upfront_capex_grant,0.4489750787615776,0.040081392393187795,38.04510259245382,False
6120,新疆,光伏,upfront_capex_grant,0.4434610716998577,0.032753941598731295,31.600478058664308,False
6123,新疆,光伏,upfront_capex_grant,0.5085801966488361,0.038272506144033845,30.69862454748486,False
6124,新疆,光伏,upfront_capex_grant,0.4489750787615776,0.040081392393187795,38.04510259245382,False
6129,新疆,光伏,upfront_capex_grant,0.4715975187718868,0.20555751804602646,182.75630494050256,False
6131,新疆,光伏,upfront_capex_grant,0.45811739191412926,0.41641178206715396,384.84919251579333,False
6133,新疆,光伏,upfront_capex_grant,0.4811348021030426,0.09984534652583148,86.40707877227715,False
6140,新疆,光伏,upfront_capex_grant,0.44021962583065033,0.03300404865164302,32.1506099104819,False
6143,新疆,光伏,upfront_capex_grant,0.45811736583709717,0.06940195835336824,64.14153211156068,False
6149,新疆,光伏,upfront_capex_grant,0.44464927166700363,0.14346045777402264,137.9186413412861,False
6159,新疆,光伏,upfront_capex_grant,0.45811736583709717,0.2776078334465144,256.56612845847525,False
6160,新疆,光伏,upfront_capex_grant,0.4696809723973274,0.2520752584807537,225.34034956214083,False
6165,新疆,光伏,upfront_capex_grant,0.4476006217300892,0.15183683247417434,144.7052038639583,False
6178,新疆,光伏,upfront_capex_grant,0.46714894101023674,0.06002327549879141,54.047787605704976,False
6183,新疆,光伏,upfront_capex_grant,0.43595099821686745,0.03166500395225303,31.24225182524382,False
6189,新疆,光伏,upfront_capex_grant,0.4777126908302307,0.048641897056484126,42.50256690393814,False
6190,新疆,光伏,upfront_capex_grant,0.4514537453651428,0.04375563005578112,41.23149740936059,False
6191,新疆,光伏,upfront_capex_grant,0.4692401550710201,0.03465271191405363,31.01546675268056,False
6197,新疆,光伏,upfront_capex_grant,0.46714892983436584,0.3201241253679309,288.25486684995855,False
6199,新疆,光伏,upfront_capex_grant,0.4777126908302307,0.7782703526838172,680.0410703106695,False
6214,新疆,光伏,upfront_capex_grant,0.4476006217300892,0.0759184162521768,72.35260192860848,False
6215,新疆,光伏,upfront_capex_grant,0.45949021726846695,0.045078076916847884,41.495619333360025,False
6219,新疆,光伏,upfront_capex_grant,0.457239743322134,0.03313699513826486,30.703081369225377,False
6224,新疆,光伏,upfront_capex_grant,0.46316682919859886,0.10221360442546107,93.0963028926392,False
6230,新疆,光伏,upfront_capex_grant,0.45115721598267555,0.03269188110291418,30.832029279021334,False
6247,新疆,光伏,upfront_capex_grant,0.4754619337618351,0.22450397668751826,197.42261687205345,False
6253,新疆,光伏,upfront_capex_grant,0.4476006217300892,0.0759184162521768,72.35260192860848,False
6259,新疆,光伏,upfront_capex_grant,0.4719456359744072,0.20796250923833293,184.7124676508089,False
6268,新疆,光伏,upfront_capex_grant,0.44044309854507446,0.26224046245432636,255.28895266322473,False
6270,新疆,光伏,upfront_capex_grant,0.4489750787615776,0.040081392393187795,38.04510259245382,False
6276,新疆,光伏,upfront_capex_grant,0.4387426823377609,0.1739572033776161,170.20506989129112,False
6288,新疆,光伏,upfront_capex_grant,0.42848898097872734,0.3888075791379817,392.3532713729536,False
6290,新疆,光伏,upfront_capex_grant,0.4895464926958084,0.0352852271910459,29.822525984820857,False
6294,新疆,光伏,upfront_capex_grant,0.42580029368400574,0.03513008881214986,35.74194240537535,False
6295,新疆,光伏,upfront_capex_grant,0.5159437507390976,0.03790760197351506,29.812166256651626,False
6321,新疆,光伏,upfront_capex_grant,0.47750695422291756,0.034468933689932105,30.132846529149322,False
6322,新疆,光伏,upfront_capex_grant,0.4588858112692833,0.057483465254172736,53.007382353078356,False
6323,新疆,光伏,upfront_capex_grant,0.515826404094696,0.03841414734158694,30.21736196036964,False
6328,新疆,光伏,upfront_capex_grant,0.515826404094696,0.03841414734158694,30.21736196036964,False
6358,新疆,光伏,upfront_capex_grant,0.4599914848804474,0.0397171376801612,36.50788956980493,False
6360,新疆,光伏,upfront_capex_grant,0.49635835364460945,0.03619629672893254,30.023573342174867,False
6361,新疆,光伏,upfront_capex_grant,0.45703452453017235,0.050399942848755486,46.725852408788725,False
6362,新疆,光伏,upfront_capex_grant,0.4696759805083275,0.23812177719470784,212.8693110163605,False
6365,新疆,光伏,upfront_capex_grant,0.4979887045919895,0.03651751304713238,30.154043566714513,False
6380,新疆,光伏,upfront_capex_grant,0.5134740397334099,0.03769896928297102,29.84254694053854,False
6387,新疆,光伏,upfront_capex_grant,0.4735524579882622,0.034555254141588755,30.55070849892021,False
6388,新疆,光伏,upfront_capex_grant,0.4413224421441555,0.06181153747473904,60.013652017176085,False
6389,新疆,光伏,upfront_capex_grant,0.41410522907972336,0.054416292779714194,57.39438590497792,False
6394,新疆,光伏,upfront_capex_grant,0.43900231644511223,0.07731323824114211,75.58691504574384,False
6405,新疆,光伏,upfront_capex_grant,0.467199943959713,0.38733548813126506,348.7209108438819,False
6415,新疆,光伏,upfront_capex_grant,0.5182502344250679,0.03820893453105634,29.862322189158167,False
6428,新疆,光伏,upfront_capex_grant,0.48417459428310394,0.035556290144035586,30.50816803645263,False
6435,新疆,光伏,upfront_capex_grant,0.44374487549066544,0.07462956257681051,71.94074896299782,False
6447,新疆,光伏,upfront_capex_grant,0.4694302976131439,0.09403014910335386,84.11628386819388,False
6451,新疆,光伏,upfront_capex_grant,0.42791569605469704,0.033980615942232756,34.351076869192894,False
6465,新疆,光伏,upfront_capex_grant,0.4819054454565048,0.03613659196841987,31.204161070548963,False
6467,新疆,光伏,upfront_capex_grant,0.5127711035311222,0.03698496737093954,29.33373917999799,False
6468,新疆,光伏,upfront_capex_grant,0.46653061360120773,0.03443178959462383,31.057995031360626,False
6475,新疆,光伏,upfront_capex_grant,0.46291932091116905,0.06082246936798857,55.43613064501905,False
6476,新疆,光伏,upfront_capex_grant,0.46653061360120773,0.03443178959462383,31.057995031360626,False
6485,新疆,光伏,upfront_capex_grant,0.5001848563551903,0.03755450057199218,30.82228259395934,False
6528,新疆,光伏,upfront_capex_grant,0.42015547305345535,0.052423412968627056,54.26671438725729,False
6536,新疆,光伏,upfront_capex_grant,0.4235733188688755,0.05060189125645297,51.8338852934741,False
6538,新疆,光伏,upfront_capex_grant,0.4829929396510124,0.03541750832931568,30.49059131858627,False
6548,新疆,光伏,upfront_capex_grant,0.4829929396510124,0.03541750832931568,30.49059131858627,False
6559,新疆,光伏,upfront_capex_grant,0.4536057785153389,0.05489237445320635,51.40128068527715,False
6564,新疆,光伏,upfront_capex_grant,0.48480699211359024,0.036203737756085416,31.01000478244382,False
6565,新疆,光伏,upfront_capex_grant,0.481134794652462,0.08653263183046812,74.88613475119422,False
6566,新疆,光伏,upfront_capex_grant,0.4744283966720104,0.034827231381432386,30.71548420467689,False
6574,新疆,光伏,upfront_capex_grant,0.465744998306036,0.034521228503898785,31.208586778174467,False
6576,新疆,光伏,upfront_capex_grant,0.4810491353273392,0.08150597962021734,70.55335176827985,False
6579,新疆,光伏,upfront_capex_grant,0.45533592626452446,0.34968739521620074,325.80278352142193,False
6582,新疆,光伏,upfront_capex_grant,0.4549502842128277,0.32495363908698854,303.0937820188902,False
6590,新疆,光伏,upfront_capex_grant,0.4555208310484886,0.033258061235380484,30.968951978341508,False
6598,新疆,光伏,upfront_capex_grant,0.46345142275094986,0.26535968131325827,241.48837011410723,False
6602,新疆,光伏,upfront_capex_grant,0.47808099910616875,0.03580393676110958,31.250102991434204,False
6607,新疆,光伏,upfront_capex_grant,0.4678153954446316,0.04469913319272818,40.17108336858203,False
6609,新疆,光伏,upfront_capex_grant,0.46317118033766747,0.33759430730856704,307.4768306792287,False
6625,新疆,光伏,upfront_capex_grant,0.4702807702124119,0.053233053076625944,47.50506674528046,False
6628,新疆,光伏,upfront_capex_grant,0.4672257788479328,0.04628032176497547,41.66351343915377,False
6634,新疆,光伏,upfront_capex_grant,0.5074427090585232,0.037227091632160925,29.957879661009983,False
6638,新疆,光伏,upfront_capex_grant,0.46599647402763367,0.05345833263168606,48.29636196041467,False
6644,新疆,光伏,upfront_capex_grant,0.46473001688718796,0.03379116088897664,30.638657412176144,False
6659,新疆,光伏,upfront_capex_grant,0.5180217400193214,0.03730891366729484,29.174922334920453,False
6669,新疆,光伏,upfront_capex_grant,0.4587833620607853,0.03490185207994436,32.1937110953689,False
6672,新疆,光伏,upfront_capex_grant,0.4393741972744465,0.03633434766274513,35.4837246825097,False
6675,新疆,光伏,upfront_capex_grant,0.45785846561193466,0.03349327193757136,30.97612031191444,False
6707,新疆,光伏,upfront_capex_grant,0.4869450107216835,0.035236344870022834,29.99731122631617,False
6720,新疆,光伏,upfront_capex_grant,0.47950704395771027,0.03556988813236583,30.920619196730584,False
6739,新疆,光伏,upfront_capex_grant,0.43920085951685905,0.3108503329208351,303.7282878784447,False
6740,新疆,光伏,upfront_capex_grant,0.45603737980127335,0.0336535053971383,31.289298671577644,False
6745,新疆,光伏,upfront_capex_grant,0.4857773631811142,0.03543859303363232,30.272741623040446,False
6747,新疆,光伏,upfront_capex_grant,0.4711553156375885,0.2544972031604792,226.55028166959136,False
6753,新疆,光伏,upfront_capex_grant,0.4111850708723068,0.030521755939391597,32.48606413210636,False
6755,新疆,光伏,upfront_capex_grant,0.47841518372297287,0.03547544918658177,30.936744588534296,False
6760,新疆,光伏,upfront_capex_grant,0.43007244169712067,0.03970327482080925,39.872366654482065,False
6764,新疆,光伏,upfront_capex_grant,0.4798412509262562,0.03520813295173073,30.574872485298137,False
6766,新疆,光伏,upfront_capex_grant,0.4132963493466377,0.227984586864399,241.07382561344608,False
6777,新疆,光伏,upfront_capex_grant,0.49911507964134216,0.036830594954882216,30.31996202723341,False
6790,新疆,光伏,upfront_capex_grant,0.47209973633289337,0.12370709895358971,109.8275078180518,False
6793,新疆,光伏,upfront_capex_grant,0.5108070932328701,0.03805013123266413,30.341322946931868,False
6799,新疆,光伏,upfront_capex_grant,0.4750872552394867,0.12025457349428999,105.86123320315157,False
6802,新疆,光伏,upfront_capex_grant,0.4889875166118145,0.035424894443405804,29.99015599673231,False
6804,新疆,光伏,upfront_capex_grant,0.45739690214395523,0.06310301137602718,58.44056162637421,False
6806,新疆,光伏,upfront_capex_grant,0.45062820613384247,0.03403035199355501,32.14543720365835,False
6812,新疆,光伏,upfront_capex_grant,0.47474929317831993,0.5753717176713379,506.9864066247761,False
6815,新疆,光伏,upfront_capex_grant,0.48117348551750183,0.03531206913794301,30.551357129300982,False
6819,新疆,光伏,upfront_capex_grant,0.4716835431754589,0.10414698416015886,92.57276083037384,False
6824,新疆,光伏,upfront_capex_grant,0.4544142372906208,0.3821422827769077,356.99455977984513,False
6827,新疆,光伏,upfront_capex_grant,0.4750872552394867,0.24050914682484434,211.72246627507965,False
6831,新疆,光伏,upfront_capex_grant,0.4683801606297493,0.03455830747204728,31.00761228626154,False
6839,新疆,光伏,upfront_capex_grant,0.44786152243614197,0.05775295707045994,55.000267710863916,False
6845,新疆,光伏,upfront_capex_grant,0.5174807384610176,0.03798750086808166,29.74987515144828,False
6852,新疆,光伏,upfront_capex_grant,0.5174807384610176,0.03798750086808166,29.74987515144828,False
6854,新疆,光伏,upfront_capex_grant,0.4654123783111572,0.08686091636973081,78.60307032237792,False
6867,新疆,光伏,upfront_capex_grant,0.46541236713528633,0.05790727593446889,52.40204698835903,False
6883,新疆,光伏,upfront_capex_grant,0.4615771062672138,0.033388281737204345,30.544496104227637,False
6885,新疆,光伏,upfront_capex_grant,0.46541236713528633,0.05790727593446889,52.40204698835903,False
6895,新疆,光伏,upfront_capex_grant,0.45066364854574203,0.04943935316610008,46.695654355047594,False
6898,新疆,光伏,upfront_capex_grant,0.44530899822711945,0.14789424214551783,141.90410429911745,False
6907,新疆,光伏,upfront_capex_grant,0.4743896350264549,0.04944212050688753,43.610825270325755,False
6913,新疆,光伏,upfront_capex_grant,0.44514405354857445,0.07024308391145728,67.43206023381715,False
6916,新疆,光伏,upfront_capex_grant,0.4500490538775921,0.4512707270760481,426.9965848790443,False
6918,新疆,光伏,upfront_capex_grant,0.4829690009355545,0.07911466923464265,68.11583023153705,False
6928,新疆,光伏,upfront_capex_grant,0.4130077064037323,0.06230886073370646,65.94315368689674,False
6938,新疆,光伏,upfront_capex_grant,0.47073834016919136,0.03421668180173877,30.495105846034775,False
6959,新疆,光伏,upfront_capex_grant,0.43414241820573807,0.038767327520505226,38.45825765948378,False
6963,新疆,光伏,upfront_capex_grant,0.4476006217300892,0.0759184162521768,72.35260192860848,False
697,甘肃,光伏,upfront_capex_grant,0.5108315646648407,0.04123353793592953,32.8140703885246,False
6981,新疆,光伏,upfront_capex_grant,0.4350069463253021,0.06377618317934668,63.10378326207099,False
7325,新疆,光伏,upfront_capex_grant,0.4864852763712406,0.035112637688047316,29.93273859894801,False
7332,新疆,光伏,upfront_capex_grant,0.44839781522750854,0.06828162888990084,64.92314946770409,False
W100,甘肃,风电,upfront_capex_grant,0.36133840307593346,0.1709366550613502,213.78296894271472,False
W1057,广西,风电,upfront_capex_grant,0.3622865565121174,0.029463192088095037,36.75742089134923,False
W1069,广西,风电,upfront_capex_grant,0.438054122030735,0.032281177511890906,31.61060202151533,False
W1073,广西,风电,upfront_capex_grant,0.4579072818160057,0.03327569594850268,30.732228985198578,False
W1083,广西,风电,upfront_capex_grant,0.4865020625293255,0.035188055317668374,29.95780731864931,False
W1130,河北,风电,upfront_capex_grant,0.4986954815685749,0.03593686284097523,29.65461582154253,False
W1134,河北,风电,upfront_capex_grant,0.5140609666705132,0.039430985109960556,31.204855980931207,False
W124,甘肃,风电,upfront_capex_grant,0.36133841052651405,0.17008622857014832,212.71937223759235,False
W125,甘肃,风电,upfront_capex_grant,0.36133841052651405,0.17008622857014832,212.71937223759235,False
W1273,广西,风电,upfront_capex_grant,0.5055414065718651,0.037302752049675286,30.13343961474761,False
W1280,河北,风电,upfront_capex_grant,0.4793449677526951,0.03568617353791057,31.072522252726447,False
W1284,河北,风电,upfront_capex_grant,0.5051452331244946,0.036464225566213426,29.559510086349544,False
W130,甘肃,风电,upfront_capex_grant,0.39298078790307045,0.13235372838964454,148.9642493308424,False
W1340,河北,风电,upfront_capex_grant,0.467481080442667,0.03401165384302439,30.627113721777587,False
W1356,河北,风电,upfront_capex_grant,0.4674810916185379,0.0343552072023638,30.936478709014906,False
W1358,河北,风电,upfront_capex_grant,0.4674810916185379,0.0343552072023638,30.936478709014906,False
W136,甘肃,风电,upfront_capex_grant,0.39298078045248985,0.03308843142630489,37.24106244481737,False
W1360,河北,风电,upfront_capex_grant,0.4538211412727833,0.03361423590778395,31.491271211831577,False
W1362,河北,风电,upfront_capex_grant,0.4538211412727833,0.03361423590778395,31.491271211831577,False
W1374,河北,风电,upfront_capex_grant,0.44772618636488914,0.03810534075585952,36.345302248936946,False
W1376,河北,风电,upfront_capex_grant,0.41128676384687424,0.08525981386095145,90.82951259281445,False
W138,甘肃,风电,upfront_capex_grant,0.41665682941675186,0.10675517235580805,111.48610638573652,False
W1387,河北,风电,upfront_capex_grant,0.41128675639629364,0.06223966193067093,66.30554341390938,False
W1389,河北,风电,upfront_capex_grant,0.41128678619861603,0.0422036106842493,44.96060862716958,False
W139,甘肃,风电,upfront_capex_grant,0.41665685921907425,0.1072863002060603,112.04076127267388,False
W140,甘肃,风电,upfront_capex_grant,0.41665681824088097,0.053112024136105655,55.46572448660063,False
W141,甘肃,风电,upfront_capex_grant,0.4471229091286659,0.12622384180660662,120.22489939872175,False
W1482,海南,风电,upfront_capex_grant,0.36307503283023834,0.03677606325378173,45.77273032999172,False
W1483,海南,风电,upfront_capex_grant,0.36307505890727043,0.03530502412804628,43.94182136814959,False
W1502,河北,风电,upfront_capex_grant,0.46850279718637466,0.03455292400792302,31.02513824096275,False
W1509,河北,风电,upfront_capex_grant,0.4622488431632519,0.03389353269184705,30.98850685817584,False
W1529,河北,风电,upfront_capex_grant,0.4793449677526951,0.03568617353791057,31.072522252726447,False
W1612,河北,风电,upfront_capex_grant,0.4674810916185379,0.0343552072023638,30.936478709014906,False
W1769,广西,风电,upfront_capex_grant,0.36228661239147186,0.031343826676043456,39.10363836412603,False
W1774,广西,风电,upfront_capex_grant,0.36228661239147186,0.031343826676043456,39.10363836412603,False
W178,北京,风电,upfront_capex_grant,0.4970529153943062,0.03635730821764379,30.194752128119298,False
W180,北京,风电,upfront_capex_grant,0.4970529153943062,0.03635730821764379,30.194752128119298,False
W181,北京,风电,upfront_capex_grant,0.4970529153943062,0.03635730821764379,30.194752128119298,False
W1866,河北,风电,upfront_capex_grant,0.3656080737709999,0.02673274891834922,33.051290738711785,False
W1875,河北,风电,upfront_capex_grant,0.48819927871227264,0.03604120667726368,30.60814287074957,False
W1883,河北,风电,upfront_capex_grant,0.5095929354429245,0.03748376577211253,30.023641998363463,False
W1887,河北,风电,upfront_capex_grant,0.4600071310997009,0.033683370868789704,30.991417651493087,False
W1892,河北,风电,upfront_capex_grant,0.46850280463695526,0.03420739512601744,30.714886522995446,False
W2206,黑龙江,风电,upfront_capex_grant,0.3614702820777893,0.050685712704195716,63.503623357177915,False
W2208,黑龙江,风电,upfront_capex_grant,0.3614702932536602,0.05279761879464627,66.14960690883714,False
W2214,黑龙江,风电,upfront_capex_grant,0.3614702932536602,0.05279761879464627,66.14960690883714,False
W2237,黑龙江,风电,upfront_capex_grant,0.3843665011227131,0.06401465887180581,74.27125674745585,False
W2263,河北,风电,upfront_capex_grant,0.48508603870868683,0.03611804233484641,30.946014466718836,False
W2266,河北,风电,upfront_capex_grant,0.5051452331244946,0.036464225566213426,29.559510086349544,False
W2269,黑龙江,风电,upfront_capex_grant,0.36813465505838394,0.059305194896388976,72.63465390964204,False
W2282,黑龙江,风电,upfront_capex_grant,0.39657701179385185,0.06273839914638712,69.96063758175143,False
W2377,河北,风电,upfront_capex_grant,0.40631240978837013,0.0449604727900917,48.63751120979122,False
W2379,黑龙江,风电,upfront_capex_grant,0.35800953954458237,0.0628984571503437,79.75628029796763,False
W2383,黑龙江,风电,upfront_capex_grant,0.45446402207016945,0.033004675034046825,30.83376032146815,False
W2404,黑龙江,风电,upfront_capex_grant,0.4867445304989815,0.03550124886773988,30.249246148822692,False
W2420,黑龙江,风电,upfront_capex_grant,0.4765693433582783,0.03483810692644317,30.542986256544012,False
W2423,河北,风电,upfront_capex_grant,0.4995012655854225,0.036040128805889596,29.666273415448366,False
W2431,河北,风电,upfront_capex_grant,0.3656080737709999,0.02673274891834922,33.051290738711785,False
W2436,河北,风电,upfront_capex_grant,0.3656080737709999,0.02673274891834922,33.051290738711785,False
W2441,河北,风电,upfront_capex_grant,0.3656080737709999,0.02673274891834922,33.051290738711785,False
W2447,河北,风电,upfront_capex_grant,0.4995012655854225,0.036040128805889596,29.666273415448366,False
W2455,河北,风电,upfront_capex_grant,0.48819927871227264,0.03604120667726368,30.60814287074957,False
W2456,黑龙江,风电,upfront_capex_grant,0.4765693433582783,0.03483810692644317,30.542986256544012,False
W2461,河北,风电,upfront_capex_grant,0.48819927871227264,0.03604120667726368,30.60814287074957,False
W2465,河北,风电,upfront_capex_grant,0.48819927126169205,0.03532038236931978,29.995980531464106,False
W2466,黑龙江,风电,upfront_capex_grant,0.3538450337946415,0.03579859934146796,46.05431595807231,False
W2468,河北,风电,upfront_capex_grant,0.5111154094338417,0.03749538107028432,29.902118694497354,False
W2471,黑龙江,风电,upfront_capex_grant,0.3538450337946415,0.03579859934146796,46.05431595807231,False
W2475,黑龙江,风电,upfront_capex_grant,0.3538450337946415,0.03579859934146796,46.05431595807231,False
W2476,河北,风电,upfront_capex_grant,0.5111154094338417,0.03749538107028432,29.902118694497354,False
W2477,河北,风电,upfront_capex_grant,0.4995012655854225,0.036040128805889596,29.666273415448366,False
W2482,河北,风电,upfront_capex_grant,0.3656080737709999,0.02673274891834922,33.051290738711785,False
W2488,河北,风电,upfront_capex_grant,0.3656080737709999,0.02673274891834922,33.051290738711785,False
W2495,黑龙江,风电,upfront_capex_grant,0.3538450077176094,0.0315027649087367,40.52779856259617,False
W2497,黑龙江,风电,upfront_capex_grant,0.3538450337946415,0.03579859934146796,46.05431595807231,False
W2504,黑龙江,风电,upfront_capex_grant,0.3764112964272499,0.04489463082541534,53.4698137369802,False
W2507,河北,风电,upfront_capex_grant,0.3656080737709999,0.02673274891834922,33.051290738711785,False
W2515,河北,风电,upfront_capex_grant,0.4416295848786831,0.05033341494593005,48.883223255413895,False
W2519,河北,风电,upfront_capex_grant,0.4995012655854225,0.036040128805889596,29.666273415448366,False
W2524,黑龙江,风电,upfront_capex_grant,0.3488091118633747,0.03724688318204259,48.773872593431996,False
W2525,河北,风电,upfront_capex_grant,0.3656080737709999,0.02673274891834922,33.051290738711785,False
W2553,黑龙江,风电,upfront_capex_grant,0.36317038908600807,0.05078868699898981,63.26671263308787,False
W2567,黑龙江,风电,upfront_capex_grant,0.39657697826623917,0.031369196271707575,34.9803188273507,False
W2577,黑龙江,风电,upfront_capex_grant,0.4091254472732544,0.03008294971214011,32.236525406178,False
W2590,黑龙江,风电,upfront_capex_grant,0.47291865572333336,0.0343449206089867,30.423993306638152,False
W2604,黑龙江,风电,upfront_capex_grant,0.3538450337946415,0.03579859934146796,46.05431595807231,False
W2610,黑龙江,风电,upfront_capex_grant,0.3591165877878666,0.0349281697660758,44.118321552620145,False
W2622,黑龙江,风电,upfront_capex_grant,0.35963061824440956,0.03485821071547039,43.95475170153194,False
W2626,黑龙江,风电,upfront_capex_grant,0.3608694449067116,0.04708829671762099,59.119608201444215,False
W2638,黑龙江,风电,upfront_capex_grant,0.3459627442061901,0.047099420656625784,62.30125308547954,False
W2648,黑龙江,风电,upfront_capex_grant,0.3608694449067116,0.04708829671762099,59.119608201444215,False
W2655,黑龙江,风电,upfront_capex_grant,0.36828599870204926,0.059801780129097586,73.19945076636847,False
W2665,黑龙江,风电,upfront_capex_grant,0.35996894910931587,0.057012637002076,71.80108282751239,False
W2679,黑龙江,风电,upfront_capex_grant,0.359968937933445,0.05473212930837994,68.92903950251623,False
W2693,黑龙江,风电,upfront_capex_grant,0.3608694449067116,0.04708829671762099,59.119608201444215,False
W2703,黑龙江,风电,upfront_capex_grant,0.3608694449067116,0.04708829671762099,59.119608201444215,False
W2708,黑龙江,风电,upfront_capex_grant,0.34709982573986053,0.03867438861307629,50.950711234633744,False
W2710,黑龙江,风电,upfront_capex_grant,0.4044063352048397,0.06327863319496344,68.80783354164447,False
W2713,黑龙江,风电,upfront_capex_grant,0.4044063352048397,0.06327863319496344,68.80783354164447,False
W2720,黑龙江,风电,upfront_capex_grant,0.4044063352048397,0.06327863319496344,68.80783354164447,False
W2724,黑龙江,风电,upfront_capex_grant,0.4044063352048397,0.06327863319496344,68.80783354164447,False
W2734,黑龙江,风电,upfront_capex_grant,0.35996894910931587,0.057012637002076,71.80108282751239,False
W2736,黑龙江,风电,upfront_capex_grant,0.3692459799349308,0.040646755735153216,49.59157357416878,False
W2751,黑龙江,风电,upfront_capex_grant,0.3692459985613823,0.04147628368874754,50.60364623046291,False
W2766,黑龙江,风电,upfront_capex_grant,0.3692459724843502,0.0381581771916082,46.55535401567257,False
W2767,黑龙江,风电,upfront_capex_grant,0.3731957897543907,0.060316100213082424,72.61503825420542,False
W2778,黑龙江,风电,upfront_capex_grant,0.35996894910931587,0.057012637002076,71.80108282751239,False
W2780,河北,风电,upfront_capex_grant,0.36784080415964127,0.040448693111917636,49.63240080103868,False
W2781,黑龙江,风电,upfront_capex_grant,0.34709982573986053,0.03867438861307629,50.950711234633744,False
W2786,河北,风电,upfront_capex_grant,0.4266519360244274,0.031587469106031434,32.08727720676722,False
W2790,黑龙江,风电,upfront_capex_grant,0.34709982573986053,0.03867438861307629,50.950711234633744,False
W2792,河北,风电,upfront_capex_grant,0.36784080415964127,0.040448693111917636,49.63240080103868,False
W2794,黑龙江,风电,upfront_capex_grant,0.35996894910931587,0.057012637002076,71.80108282751239,False
W2797,河北,风电,upfront_capex_grant,0.36784080415964127,0.040448693111917636,49.63240080103868,False
W2803,黑龙江,风电,upfront_capex_grant,0.3925100155174732,0.04935280770930091,55.750167899025854,False
W2812,黑龙江,风电,upfront_capex_grant,0.3731957897543907,0.060316100213082424,72.61503825420542,False
W2813,黑龙江,风电,upfront_capex_grant,0.47291865572333336,0.0343449206089867,30.423993306638152,False
W2820,黑龙江,风电,upfront_capex_grant,0.3692459985613823,0.04147628368874754,50.60364623046291,False
W2822,黑龙江,风电,upfront_capex_grant,0.45446402207016945,0.033004675034046825,30.83376032146815,False
W2824,黑龙江,风电,upfront_capex_grant,0.3459627442061901,0.047099420656625784,62.30125308547954,False
W2827,黑龙江,风电,upfront_capex_grant,0.359968937933445,0.05473212930837994,68.92903950251623,False
W2833,黑龙江,风电,upfront_capex_grant,0.3459627442061901,0.047099420656625784,62.30125308547954,False
W2837,黑龙江,风电,upfront_capex_grant,0.359968937933445,0.05473212930837994,68.92903950251623,False
W2843,黑龙江,风电,upfront_capex_grant,0.3969314880669117,0.060490926045035774,67.37889347563657,False
W2845,黑龙江,风电,upfront_capex_grant,0.3608694449067116,0.04708829671762099,59.119608201444215,False
W2853,黑龙江,风电,upfront_capex_grant,0.3731957897543907,0.060316100213082424,72.61503825420542,False
W2866,黑龙江,风电,upfront_capex_grant,0.3731957897543907,0.060316100213082424,72.61503825420542,False
W2868,黑龙江,风电,upfront_capex_grant,0.5149608142673969,0.03719363039300779,29.33263719957126,False
W2869,黑龙江,风电,upfront_capex_grant,0.36069272458553314,0.06233431249426048,78.31423383090656,False
W2877,黑龙江,风电,upfront_capex_grant,0.4918929152190685,0.036935403690128196,31.020226290835122,False
W2880,黑龙江,风电,upfront_capex_grant,0.35996894910931587,0.057012637002076,71.80108282751239,False
W2887,黑龙江,风电,upfront_capex_grant,0.35996894910931587,0.057012637002076,71.80108282751239,False
W2892,黑龙江,风电,upfront_capex_grant,0.35996894910931587,0.057012637002076,71.80108282751239,False
W2907,黑龙江,风电,upfront_capex_grant,0.4213074631989002,0.030973602988676872,31.956228206520965,False
W2911,黑龙江,风电,upfront_capex_grant,0.37796035781502724,0.06442109896150967,76.34365997902876,False
W2919,黑龙江,风电,upfront_capex_grant,0.45389631390571594,0.07386763281571758,69.13379534516943,False
W2924,黑龙江,风电,upfront_capex_grant,0.45446402207016945,0.033004675034046825,30.83376032146815,False
W2934,黑龙江,风电,upfront_capex_grant,0.3685285858809948,0.05729999676315588,70.08674955409703,False
W2966,黑龙江,风电,upfront_capex_grant,0.429824136197567,0.04155533452385148,41.77869879373524,False
W3095,湖南,风电,upfront_capex_grant,0.5120123252272606,0.03794383622291755,30.114753395394132,False
W3102,湖南,风电,upfront_capex_grant,0.4936045780777931,0.03568774957257698,29.784885087011638,False
W3107,湖南,风电,upfront_capex_grant,0.49731501936912537,0.0365414634196602,30.188174825484573,False
W3191,内蒙古,风电,upfront_capex_grant,0.39072277396917343,0.17100029486890939,194.36136694752784,False
W3243,湖南,风电,upfront_capex_grant,0.34350478649139404,0.027441540093038327,36.567144451479535,False
W3274,内蒙古,风电,upfront_capex_grant,0.4763207510113716,0.07030324180257518,61.705281225464276,False
W3282,内蒙古,风电,upfront_capex_grant,0.4763207547366619,0.03515162129598812,30.852640580064808,False
W3358,湖南,风电,upfront_capex_grant,0.4936045780777931,0.03568774957257698,29.784885087011638,False
W3384,湖南,风电,upfront_capex_grant,0.4936045780777931,0.03568774957257698,29.784885087011638,False
W3410,湖南,风电,upfront_capex_grant,0.45508839562535286,0.03357707962114924,31.264852672332545,False
W3413,湖南,风电,upfront_capex_grant,0.4936045780777931,0.03568774957257698,29.784885087011638,False
W3447,湖南,风电,upfront_capex_grant,0.3712836615741253,0.06591659826051256,79.76749446676352,False
W3449,湖南,风电,upfront_capex_grant,0.41527216508984566,0.03024096788191419,31.74130631122628,False
W3459,湖南,风电,upfront_capex_grant,0.44208085909485817,0.03187763158536746,30.84044651756175,False
W3463,湖南,风电,upfront_capex_grant,0.350005891174078,0.028401829212361025,36.98217610001543,False
W3472,湖南,风电,upfront_capex_grant,0.48710519820451736,0.0357837028940505,30.41042323909349,False
W3572,湖南,风电,upfront_capex_grant,0.5166963189840317,0.038222187457766614,29.955921409510033,False
W3610,湖南,风电,upfront_capex_grant,0.4893125481903553,0.0355296316937674,30.012524423284273,False
W3973,湖南,风电,upfront_capex_grant,0.5166963189840317,0.038222187457766614,29.955921409510033,False
W3983,湖南,风电,upfront_capex_grant,0.4694528132677078,0.03427322517045328,30.619322837298387,False
W4016,内蒙古,风电,upfront_capex_grant,0.3497340679168701,0.04159015295934367,54.294057113709734,False
W4047,内蒙古,风电,upfront_capex_grant,0.3746369108557701,0.058338560821402596,69.90890851546246,False
W4050,内蒙古,风电,upfront_capex_grant,0.3562575988471508,0.030451310009571738,38.85544213207642,False
W4054,内蒙古,风电,upfront_capex_grant,0.3562575988471508,0.030451310009571738,38.85544213207642,False
W4062,内蒙古,风电,upfront_capex_grant,0.3746369108557701,0.058338560821402596,69.90890851546246,False
W4090,内蒙古,风电,upfront_capex_grant,0.3677453100681305,0.09019228501106556,110.63470696444885,False
W4101,内蒙古,风电,upfront_capex_grant,0.352436900138855,0.0416041797831725,53.80062047388802,False
W4230,内蒙古,风电,upfront_capex_grant,0.3524368852376938,0.04333768527074295,56.04231335369702,False
W4253,内蒙古,风电,upfront_capex_grant,0.3524368852376938,0.04333768527074295,56.04231335369702,False
W4259,内蒙古,风电,upfront_capex_grant,0.38907088339328766,0.14677750565173947,167.7292438007388,False
W4268,内蒙古,风电,upfront_capex_grant,0.38907089084386826,0.049586996801718485,56.66528562306206,False
W4304,内蒙古,风电,upfront_capex_grant,0.38907089084386826,0.049586996801718485,56.66528562306206,False
W4313,内蒙古,风电,upfront_capex_grant,0.37630339711904526,0.05318613909836417,63.380258257849405,False
W4347,内蒙古,风电,upfront_capex_grant,0.34197012335062027,0.041150594272356664,55.22569667609722,False
W4386,内蒙古,风电,upfront_capex_grant,0.39357326179742813,0.028560333036627288,32.16255548970129,False
W4416,内蒙古,风电,upfront_capex_grant,0.3534848690032959,0.05259814236865757,67.76492157492247,False
W4461,内蒙古,风电,upfront_capex_grant,0.43335236236453056,0.031893378365556994,31.724087371048224,False
W4475,内蒙古,风电,upfront_capex_grant,0.3718832656741142,0.027291627389812324,33.01087534485377,False
W4484,内蒙古,风电,upfront_capex_grant,0.4259430021047592,0.10817287184456435,110.06344743158583,False
W4505,内蒙古,风电,upfront_capex_grant,0.44629210233688354,0.03270389410843823,31.301050859586542,False
W4506,内蒙古,风电,upfront_capex_grant,0.3534848690032959,0.05259814236865757,67.76492157492247,False
W4510,内蒙古,风电,upfront_capex_grant,0.41420928388834,0.02987951056799727,31.519152913742413,False
W4517,内蒙古,风电,upfront_capex_grant,0.41420928388834,0.02987951056799727,31.519152913742413,False
W4522,内蒙古,风电,upfront_capex_grant,0.4142092615365982,0.030501998595055365,32.17580227458714,False
W4533,内蒙古,风电,upfront_capex_grant,0.3497340679168701,0.04159015295934367,54.294057113709734,False
W4534,内蒙古,风电,upfront_capex_grant,0.26303794607520103,0.01912313317247759,35.96876729057795,False
W4539,内蒙古,风电,upfront_capex_grant,0.3677453100681305,0.09019228501106556,110.63470696444885,False
W4548,内蒙古,风电,upfront_capex_grant,0.3677453063428402,0.045096141895359904,55.31735332731854,False
W4551,内蒙古,风电,upfront_capex_grant,0.3562575988471508,0.030451310009571738,38.85544213207642,False
W4588,内蒙古,风电,upfront_capex_grant,0.43929316848516464,0.032213562754585826,31.47631070879108,False
W4603,内蒙古,风电,upfront_capex_grant,0.39605842158198357,0.13666597263170135,152.68504975401686,False
W4611,内蒙古,风电,upfront_capex_grant,0.41629673540592194,0.04709220092106382,49.35849093091224,False
W4626,内蒙古,风电,upfront_capex_grant,0.3497340679168701,0.04159015295934367,54.294057113709734,False
W4690,内蒙古,风电,upfront_capex_grant,0.3912161886692047,0.24152557474767863,274.0906281620384,False
W4736,内蒙古,风电,upfront_capex_grant,0.41629673540592194,0.04709220092106382,49.35849093091224,False
W4753,内蒙古,风电,upfront_capex_grant,0.41629673540592194,0.04709220092106382,49.35849093091224,False
W4783,内蒙古,风电,upfront_capex_grant,0.45055148005485535,0.03340390097070985,31.573976152276035,False
W4791,内蒙古,风电,upfront_capex_grant,0.445822037756443,0.03264049397473626,31.28534574819031,False
W4807,内蒙古,风电,upfront_capex_grant,0.4399128928780556,0.03272669866977468,31.922827062617948,False
W4808,内蒙古,风电,upfront_capex_grant,0.445822037756443,0.03264049397473626,31.28534574819031,False
W4814,内蒙古,风电,upfront_capex_grant,0.4178481251001358,0.10187158200011817,106.25993379189255,False
W4815,内蒙古,风电,upfront_capex_grant,0.445822037756443,0.03264049397473626,31.28534574819031,False
W4832,内蒙古,风电,upfront_capex_grant,0.445822037756443,0.03264049397473626,31.28534574819031,False
W4837,内蒙古,风电,upfront_capex_grant,0.43335236236453056,0.031893378365556994,31.724087371048224,False
W4852,内蒙古,风电,upfront_capex_grant,0.41629673540592194,0.04709220092106382,49.35849093091224,False
W4875,内蒙古,风电,upfront_capex_grant,0.3452279791235924,0.034460206409139486,45.71098119929852,False
W4888,内蒙古,风电,upfront_capex_grant,0.3452279791235924,0.034460206409139486,45.71098119929852,False
W4964,内蒙古,风电,upfront_capex_grant,0.3497340679168701,0.04159015295934367,54.294057113709734,False
W4968,内蒙古,风电,upfront_capex_grant,0.3982323333621025,0.02925900184504928,32.457602040539115,False
W4991,内蒙古,风电,upfront_capex_grant,0.3750397749245167,0.03358013086843139,40.186209673445006,False
W5005,青海,风电,upfront_capex_grant,0.390394002199173,0.042250625997995596,47.98112904327606,False
W5007,青海,风电,upfront_capex_grant,0.4149216562509537,0.0753620429622226,79.17076519194174,False
W5009,青海,风电,upfront_capex_grant,0.47390948981046677,0.03444720311813565,30.37738026273574,False
W5010,青海,风电,upfront_capex_grant,0.47390948981046677,0.03444720311813565,30.37738026273574,False
W5014,青海,风电,upfront_capex_grant,0.47390948981046677,0.03444720311813565,30.37738026273574,False
W5019,青海,风电,upfront_capex_grant,0.47390948981046677,0.03444720311813565,30.37738026273574,False
W5021,青海,风电,upfront_capex_grant,0.4149216450750828,0.16956459340028496,178.13422427275117,False
W5022,青海,风电,upfront_capex_grant,0.4149216562509537,0.150724086630078,158.3415311449566,False
W5025,青海,风电,upfront_capex_grant,0.47390951216220856,0.035136149261833526,30.984927740596948,False
W5112,辽宁,风电,upfront_capex_grant,0.2915612421929836,0.02140957190543184,35.4432061605608,False
W5243,辽宁,风电,upfront_capex_grant,0.48136473447084427,0.03468588832145518,29.985084018732284,False
W5305,辽宁,风电,upfront_capex_grant,0.4070369638502598,0.029665512968552653,31.97129757517488,False
W5342,辽宁,风电,upfront_capex_grant,0.25460274145007133,0.018702704183345218,36.386274556050864,False
W5379,辽宁,风电,upfront_capex_grant,0.25678591057658195,0.01873131728244667,36.07684629235077,False
W5501,山东,风电,upfront_capex_grant,0.36855118349194527,0.04375561849091774,53.53896028624135,False
W5754,青海,风电,upfront_capex_grant,0.4149216450750828,0.11304306100261002,118.7561481370734,False
W5824,吉林,风电,upfront_capex_grant,0.36452434957027435,0.02683607695036813,33.90925769616554,False
W583,甘肃,风电,upfront_capex_grant,0.49131501093506813,0.044997682477925724,37.77484939118982,False
W584,甘肃,风电,upfront_capex_grant,0.4984492138028145,0.04303361931336853,35.42090567891175,False
W585,甘肃,风电,upfront_capex_grant,0.4984492138028145,0.04303361931336853,35.42090567891175,False
W5940,青海,风电,upfront_capex_grant,0.4819866754114628,0.05453477654417896,47.01512340593825,False
W5948,吉林,风电,upfront_capex_grant,0.40541886910796165,0.03756505576854876,40.729892222485745,False
W5967,辽宁,风电,upfront_capex_grant,0.3516254797577858,0.03459642534274793,44.828283245567505,False
W6268,山西,风电,upfront_capex_grant,0.41284942254424095,0.030448085937004085,32.231449752308784,False
W6270,山西,风电,upfront_capex_grant,0.44637979194521904,0.032151811512385865,30.741523153679346,False
W6271,山西,风电,upfront_capex_grant,0.41284942254424095,0.030448085937004085,32.231449752308784,False
W629,甘肃,风电,upfront_capex_grant,0.35857680439949036,0.053355080637717905,67.36167176848181,False
W6339,山东,风电,upfront_capex_grant,0.36855118349194527,0.04375561849091774,53.53896028624135,False
W6352,山东,风电,upfront_capex_grant,0.5005817599594593,0.03637901523753125,29.848629539129767,False
W6360,山东,风电,upfront_capex_grant,0.5005817599594593,0.03637901523753125,29.848629539129767,False
W6375,山东,风电,upfront_capex_grant,0.35630396381020546,0.029557178973486087,37.71998560083358,False
W6384,山东,风电,upfront_capex_grant,0.35630396381020546,0.029557178973486087,37.71998560083358,False
W6386,山东,风电,upfront_capex_grant,0.35630396008491516,0.028966035356564657,36.96558631258454,False
W6452,山西,风电,upfront_capex_grant,0.4626803509891033,0.03500777115687193,31.922582327099065,False
W6550,山西,风电,upfront_capex_grant,0.4535106122493744,0.03369524976008307,31.55329376713296,False
W6723,山西,风电,upfront_capex_grant,0.48467474803328514,0.035818782585178295,30.68196954725382,False
W6906,山西,风电,upfront_capex_grant,0.43540599942207336,0.033468323777904666,33.06759375223605,False
W6910,山东,风电,upfront_capex_grant,0.36855118349194527,0.04375561849091774,53.53896028624135,False
W6915,山西,风电,upfront_capex_grant,0.43540599942207336,0.033468323777904666,33.06759375223605,False
W6918,山东,风电,upfront_capex_grant,0.36855118349194527,0.04375561849091774,53.53896028624135,False
W6931,山东,风电,upfront_capex_grant,0.36855118349194527,0.04375561849091774,53.53896028624135,False
W6937,山东,风电,upfront_capex_grant,0.35630396381020546,0.029557178973486087,37.71998560083358,False
W6954,山东,风电,upfront_capex_grant,0.35630396753549576,0.028374892322607818,36.2111864122285,False
W6956,山东,风电,upfront_capex_grant,0.35630396753549576,0.028374892322607818,36.2111864122285,False
W7010,新疆,风电,upfront_capex_grant,0.4695442393422127,0.04121481473730886,36.85775112453369,False
W7013,新疆,风电,upfront_capex_grant,0.4695442393422127,0.041009766559946065,36.674379786443005,False
W7016,新疆,风电,upfront_capex_grant,0.4695442393422127,0.041009766559946065,36.674379786443005,False
W7080,山西,风电,upfront_capex_grant,0.4265078194439411,0.044634283054016996,45.30429999433451,False
W7124,山西,风电,upfront_capex_grant,0.46634219214320183,0.033685517109768914,30.39116303313634,False
W7125,山西,风电,upfront_capex_grant,0.46634219214320183,0.033685517109768914,30.39116303313634,False
W7127,山西,风电,upfront_capex_grant,0.46634219214320183,0.033685517109768914,30.39116303313634,False
W7196,山西,风电,upfront_capex_grant,0.46634219214320183,0.033685517109768914,30.39116303313634,False
W7213,新疆,风电,upfront_capex_grant,0.35452838242053986,0.03433239929879982,44.05112949676943,False
W7224,新疆,风电,upfront_capex_grant,0.4112122058868408,0.17293723565459979,184.0539467972923,False
W7233,新疆,风电,upfront_capex_grant,0.36972762644290924,0.029284053798805044,35.66119678049342,False
W7243,新疆,风电,upfront_capex_grant,0.36972762644290924,0.029284053798805044,35.66119678049342,False
W7248,山西,风电,upfront_capex_grant,0.42063824087381363,0.08253470351135399,85.29070781655858,False
W7253,山西,风电,upfront_capex_grant,0.44570887088775635,0.03321105186235086,31.821251764564217,False
W7256,新疆,风电,upfront_capex_grant,0.35452838242053986,0.03433239929879982,44.05112949676943,False
W7258,新疆,风电,upfront_capex_grant,0.35452838242053986,0.03433239929879982,44.05112949676943,False
W7260,山西,风电,upfront_capex_grant,0.4206382445991039,0.04126735235142209,42.645354083874544,False
W7268,新疆,风电,upfront_capex_grant,0.38921576738357544,0.028907312075047875,32.99963179374414,False
W7269,山西,风电,upfront_capex_grant,0.4505918361246586,0.0327804231752377,30.958874168388686,False
W7273,新疆,风电,upfront_capex_grant,0.48776964843273163,0.03842319501061874,32.64048178728509,False
W7276,新疆,风电,upfront_capex_grant,0.35452838242053986,0.03433239929879982,44.05112949676943,False
W7277,山西,风电,upfront_capex_grant,0.41284942254424095,0.030448085937004085,32.231449752308784,False
W7281,新疆,风电,upfront_capex_grant,0.3557482659816742,0.046637513545399786,59.58219772182094,False
W7285,新疆,风电,upfront_capex_grant,0.35452838242053986,0.03433239929879982,44.05112949676943,False
W7371,山西,风电,upfront_capex_grant,0.4166770838201046,0.030299408174686217,31.6944237273105,False
W7380,新疆,风电,upfront_capex_grant,0.36972762644290924,0.029284053798805044,35.66119678049342,False
W7382,山西,风电,upfront_capex_grant,0.43540599942207336,0.033468323777904666,33.06759375223605,False
W7383,新疆,风电,upfront_capex_grant,0.38921576738357544,0.028907312075047875,32.99963179374414,False
W7399,新疆,风电,upfront_capex_grant,0.36972762644290924,0.029284053798805044,35.66119678049342,False
W7408,山西,风电,upfront_capex_grant,0.4206382669508457,0.082122035423198,84.86425314179232,False
W7410,新疆,风电,upfront_capex_grant,0.5035263560712337,0.036905845364381705,30.015527053353072,False
W7421,新疆,风电,upfront_capex_grant,0.4116932600736618,0.033699595879285255,35.812070985992285,False
W7424,新疆,风电,upfront_capex_grant,0.36972762644290924,0.029284053798805044,35.66119678049342,False
W7431,新疆,风电,upfront_capex_grant,0.36972762644290924,0.029284053798805044,35.66119678049342,False
W7439,新疆,风电,upfront_capex_grant,0.36972760036587715,0.17570430528361286,213.96717808641327,False
W7447,新疆,风电,upfront_capex_grant,0.36972762644290924,0.029284053798805044,35.66119678049342,False
W7460,新疆,风电,upfront_capex_grant,0.36972762644290924,0.029284053798805044,35.66119678049342,False
W7468,新疆,风电,upfront_capex_grant,0.36972762644290924,0.029284053798805044,35.66119678049342,False
W7470,新疆,风电,upfront_capex_grant,0.4116932339966297,0.08424898381399484,89.53017843423751,False
W7474,山西,风电,upfront_capex_grant,0.4046458303928375,0.029378515526671322,31.911566540380093,False
W7477,新疆,风电,upfront_capex_grant,0.36972762644290924,0.029284053798805044,35.66119678049342,False
W7480,新疆,风电,upfront_capex_grant,0.36972762644290924,0.029284053798805044,35.66119678049342,False
W7487,新疆,风电,upfront_capex_grant,0.36972762644290924,0.029284053798805044,35.66119678049342,False
W7492,山西,风电,upfront_capex_grant,0.426507793366909,0.05951237147261903,60.4057321507501,False
W7495,新疆,风电,upfront_capex_grant,0.36972762644290924,0.029284053798805044,35.66119678049342,False
W7508,新疆,风电,upfront_capex_grant,0.36972762644290924,0.029284053798805044,35.66119678049342,False
W7514,山西,风电,upfront_capex_grant,0.398507546633482,0.031003146717677378,34.34030354608406,False
W7515,山西,风电,upfront_capex_grant,0.47146445885300636,0.03464196317570881,30.800057641419688,False
W7516,新疆,风电,upfront_capex_grant,0.36972762644290924,0.029284053798805044,35.66119678049342,False
W7520,山西,风电,upfront_capex_grant,0.398507546633482,0.031003146717677378,34.34030354608406,False
W7521,山西,风电,upfront_capex_grant,0.4206382445991039,0.04126735235142209,42.645354083874544,False
W7522,新疆,风电,upfront_capex_grant,0.36972762644290924,0.029284053798805044,35.66119678049342,False
W7535,山西,风电,upfront_capex_grant,0.398507509380579,0.03862991693629393,42.78801904022665,False
W7545,新疆,风电,upfront_capex_grant,0.36972762644290924,0.029284053798805044,35.66119678049342,False
W7559,新疆,风电,upfront_capex_grant,0.4960423558950424,0.03584123899707826,29.75698287198407,False
W7560,新疆,风电,upfront_capex_grant,0.36972762644290924,0.029284053798805044,35.66119678049342,False
W7568,新疆,风电,upfront_capex_grant,0.36972762644290924,0.029284053798805044,35.66119678049342,False
W7578,新疆,风电,upfront_capex_grant,0.36972762644290924,0.029284053798805044,35.66119678049342,False
W7592,新疆,风电,upfront_capex_grant,0.36972762644290924,0.029284053798805044,35.66119678049342,False
W7600,新疆,风电,upfront_capex_grant,0.35452838242053986,0.03433239929879982,44.05112949676943,False
W7603,山西,风电,upfront_capex_grant,0.505197063088417,0.03750784043323942,30.356718144166333,False
W7606,新疆,风电,upfront_capex_grant,0.35452838242053986,0.03433239929879982,44.05112949676943,False
W7611,山西,风电,upfront_capex_grant,0.505197063088417,0.03750784043323942,30.356718144166333,False
W7626,山西,风电,upfront_capex_grant,0.4540299214422703,0.032970221982090674,30.825313483546466,False
W7639,山西,风电,upfront_capex_grant,0.4540298692882061,0.03369219271383742,31.500320462803092,False
W7661,山西,风电,upfront_capex_grant,0.505197063088417,0.03750784043323942,30.356718144166333,False
W7664,新疆,风电,upfront_capex_grant,0.38718225061893463,0.028851581623193935,33.156785991537724,False
W7683,新疆,风电,upfront_capex_grant,0.36972762644290924,0.029284053798805044,35.66119678049342,False
W7693,山西,风电,upfront_capex_grant,0.4166760668158531,0.0326554562638693,34.16107862727755,False
W7695,新疆,风电,upfront_capex_grant,0.49516988918185234,0.03600699179382522,29.961036341166924,False
W7700,山西,风电,upfront_capex_grant,0.4166760668158531,0.0326554562638693,34.16107862727755,False
W7725,新疆,风电,upfront_capex_grant,0.48070188611745834,0.03924350948527263,34.00293988826534,False
W7727,新疆,风电,upfront_capex_grant,0.4695442393422127,0.041009766559946065,36.674379786443005,False
W7729,新疆,风电,upfront_capex_grant,0.34658220410346985,0.04750342449835911,62.67709293839805,False
W7735,新疆,风电,upfront_capex_grant,0.45068446919322014,0.0881671918427394,83.26781214885325,False
W7754,山西,风电,upfront_capex_grant,0.505197063088417,0.03750784043323942,30.356718144166333,False
W7757,新疆,风电,upfront_capex_grant,0.5035263560712337,0.036905845364381705,30.015527053353072,False
W7776,新疆,风电,upfront_capex_grant,0.4695442393422127,0.041009766559946065,36.674379786443005,False
W7784,新疆,风电,upfront_capex_grant,0.45068448409438133,0.26450158152171244,249.80343098233638,False
W7787,新疆,风电,upfront_capex_grant,0.45068447291851044,0.1322507868953367,124.90171586071102,False
W7788,山西,风电,upfront_capex_grant,0.4489623047411442,0.03441475518780847,32.66007347511381,False
W7789,山西,风电,upfront_capex_grant,0.46634219214320183,0.033685517109768914,30.39116303313634,False
W7793,新疆,风电,upfront_capex_grant,0.34658220410346985,0.04750342449835911,62.67709293839805,False
W7794,山西,风电,upfront_capex_grant,0.43540599942207336,0.033468323777904666,33.06759375223605,False
W7799,山西,风电,upfront_capex_grant,0.46634219214320183,0.033685517109768914,30.39116303313634,False
W7804,新疆,风电,upfront_capex_grant,0.3991783894598484,0.03321219812767912,36.71742765397944,False
W7806,新疆,风电,upfront_capex_grant,0.45068446919322014,0.0881671918427394,83.26781214885325,False
W7812,山西,风电,upfront_capex_grant,0.46634219214320183,0.033685517109768914,30.39116303313634,False
W7816,新疆,风电,upfront_capex_grant,0.45068446919322014,0.0881671918427394,83.26781214885325,False
W7828,新疆,风电,upfront_capex_grant,0.38921576738357544,0.028907312075047875,32.99963179374414,False
W7838,山西,风电,upfront_capex_grant,0.46634219214320183,0.033685517109768914,30.39116303313634,False
W7840,新疆,风电,upfront_capex_grant,0.5008893087506294,0.03717001238924047,30.446136420716368,False
W7844,新疆,风电,upfront_capex_grant,0.4695442393422127,0.04121481473730886,36.85775112453369,False
W7850,山西,风电,upfront_capex_grant,0.47146445885300636,0.03464196317570881,30.800057641419688,False
W7851,新疆,风电,upfront_capex_grant,0.4695442393422127,0.041009766559946065,36.674379786443005,False
W7852,山西,风电,upfront_capex_grant,0.46634219214320183,0.033685517109768914,30.39116303313634,False
W7865,新疆,风电,upfront_capex_grant,0.46071673929691315,0.03481524329472949,31.933828411525123,False
W7876,新疆,风电,upfront_capex_grant,0.3557482659816742,0.046637513545399786,59.58219772182094,False
W7877,山西,风电,upfront_capex_grant,0.46634219214320183,0.033685517109768914,30.39116303313634,False
W7883,新疆,风电,upfront_capex_grant,0.41551893576979637,0.03086030021803893,32.405244034115604,False
W7884,山西,风电,upfront_capex_grant,0.46634219214320183,0.033685517109768914,30.39116303313634,False
W7890,新疆,风电,upfront_capex_grant,0.44672541692852974,0.03234119368836826,30.899460496855934,False
W7897,新疆,风电,upfront_capex_grant,0.34658220410346985,0.04750342449835911,62.67709293839805,False
W7904,新疆,风电,upfront_capex_grant,0.3557482659816742,0.046637513545399786,59.58219772182094,False
W7911,新疆,风电,upfront_capex_grant,0.3557482659816742,0.046637513545399786,59.58219772182094,False
W7914,新疆,风电,upfront_capex_grant,0.3557482659816742,0.046637513545399786,59.58219772182094,False
W7921,新疆,风电,upfront_capex_grant,0.3557482659816742,0.046637513545399786,59.58219772182094,False
W7927,新疆,风电,upfront_capex_grant,0.41551893576979637,0.03086030021803893,32.405244034115604,False
W7935,山西,风电,upfront_capex_grant,0.46634219214320183,0.033685517109768914,30.39116303313634,False
W7941,山西,风电,upfront_capex_grant,0.46634219214320183,0.033685517109768914,30.39116303313634,False
W7948,山西,风电,upfront_capex_grant,0.4206382445991039,0.04126735235142209,42.645354083874544,False
W7953,山西,风电,upfront_capex_grant,0.46634219214320183,0.033685517109768914,30.39116303313634,False
W7958,山西,风电,upfront_capex_grant,0.4206382445991039,0.04126735235142209,42.645354083874544,False
W7978,山西,风电,upfront_capex_grant,0.46634219214320183,0.033685517109768914,30.39116303313634,False
W8000,新疆,风电,upfront_capex_grant,0.4695442393422127,0.041009766559946065,36.674379786443005,False
W8045,云南,风电,upfront_capex_grant,0.41943059861660004,0.06059671239717261,62.882264364991805,False
W8050,云南,风电,upfront_capex_grant,0.41943057626485825,0.04661285241308042,48.3709724993514,False
W8096,云南,风电,upfront_capex_grant,0.45966361835598946,0.03656206840983248,33.64733670870073,False
W8098,云南,风电,upfront_capex_grant,0.45966361835598946,0.03656206840983248,33.64733670870073,False
W8111,云南,风电,upfront_capex_grant,0.4639420174062252,0.04956993148928059,45.05830801945254,False
W8153,云南,风电,upfront_capex_grant,0.4792255125939846,0.03502523540681552,30.480559728060605,False
W8162,云南,风电,upfront_capex_grant,0.45265182107686996,0.04501953223380054,42.285164940094816,False
W8214,云南,风电,upfront_capex_grant,0.461282167583704,0.033597155984846284,30.769979265683986,False
W89,甘肃,风电,upfront_capex_grant,0.36133841052651405,0.17008622857014832,212.71937223759235,False
W912,甘肃,风电,upfront_capex_grant,0.43883850798010826,0.03217256757985461,31.404853607275736,False
W922,甘肃,风电,upfront_capex_grant,0.43883850798010826,0.03217256757985461,31.404853607275736,False
W925,甘肃,风电,upfront_capex_grant,0.41665682941675186,0.10675517235580805,111.48610638573652,False
W93,甘肃,风电,upfront_capex_grant,0.36133841425180435,0.34017246243514354,425.4387455684852,False
W97,甘肃,风电,upfront_capex_grant,0.36133840307593346,0.1709366550613502,213.78296894271472,False
W985,甘肃,风电,upfront_capex_grant,0.3735966421663761,0.1464939039240868,175.7400002187701,False
W994,甘肃,风电,upfront_capex_grant,0.43883850798010826,0.03217256757985461,31.404853607275736,False
