ObjectId,hurdle,selected_index,passes
1,0.01447315,13,False
10,0.01447315,7,False
1000,0.01447315,11,False
10001,0.01447315,0,False
10005,0.01447315,0,False
1001,0.01447315,15,False
10013,0.01447315,0,False
10015,0.01447315,0,False
1002,0.01447315,5,False
10020,0.01447315,15,False
10021,0.01447315,15,False
10022,0.01447315,0,False
10023,0.01447315,0,False
10025,0.01447315,0,False
10027,0.01447315,0,False
1003,0.01447315,5,False
10030,0.01447315,8,True
10031,0.01447315,9,True
10033,0.01447315,11,False
10034,0.01447315,0,False
10036,0.01447315,0,False
10040,0.01447315,0,False
10041,0.01447315,0,False
10045,0.01447315,15,False
10048,0.01447315,0,False
10049,0.01447315,14,False
1005,0.01447315,4,False
10050,0.01447315,0,False
10051,0.01447315,0,False
10052,0.01447315,12,False
10053,0.01447315,15,False
10054,0.01447315,0,False
1006,0.01447315,11,False
10062,0.01447315,0,False
10065,0.01447315,0,False
10066,0.01447315,14,False
10068,0.01447315,0,False
10069,0.01447315,0,False
1007,0.01447315,11,False
10070,0.01447315,14,False
10071,0.01447315,0,False
10075,0.01447315,0,False
10076,0.01447315,12,False
10077,0.01447315,8,True
10078,0.01447315,14,False
10079,0.01447315,15,False
10080,0.01447315,15,False
10081,0.01447315,10,False
10082,0.01447315,12,False
10083,0.01447315,13,False
10084,0.01447315,13,False
10085,0.01447315,0,False
1010,0.01447315,8,False
10103,0.01447315,0,False
10105,0.01447315,0,False
10106,0.01447315,14,False
1011,0.01447315,11,False
10110,0.01447315,0,False
10111,0.01447315,0,False
10112,0.01447315,0,False
10113,0.01447315,0,False
10119,0.01447315,0,False
10120,0.01447315,0,False
10125,0.01447315,0,False
10128,0.01447315,0,False
10129,0.01447315,0,False
10132,0.01447315,0,False
10133,0.01447315,0,False
10135,0.01447315,0,False
10137,0.01447315,0,False
1014,0.01447315,6,False
10140,0.01447315,0,False
10142,0.01447315,0,False
10143,0.01447315,0,False
10144,0.01447315,0,False
10145,0.01447315,11,False
10148,0.01447315,0,False
10152,0.01447315,0,False
10153,0.01447315,0,False
10159,0.01447315,15,False
1016,0.01447315,7,False
10160,0.01447315,11,False
10163,0.01447315,0,False
10164,0.01447315,0,False
10165,0.01447315,13,False
10166,0.01447315,15,False
10167,0.01447315,0,False
1017,0.01447315,7,False
10171,0.01447315,13,False
10173,0.01447315,8,False
10174,0.01447315,0,False
10175,0.01447315,8,False
10176,0.01447315,0,False
10180,0.01447315,15,False
10186,0.01447315,0,False
10188,0.01447315,0,False
10189,0.01447315,0,False
10190,0.01447315,0,False
102,0.01447315,4,False
1020,0.01447315,5,False
10203,0.01447315,0,False
10207,0.01447315,14,False
10209,0.01447315,0,False
1021,0.01447315,7,False
10210,0.01447315,0,False
10211,0.01447315,9,False
10213,0.01447315,0,False
10216,0.01447315,0,False
1022,0.01447315,6,False
10221,0.01447315,0,False
10226,0.01447315,0,False
10227,0.01447315,9,True
10228,0.01447315,0,False
10229,0.01447315,0,False
1023,0.01447315,9,False
10233,0.01447315,0,False
10238,0.01447315,13,False
1024,0.01447315,5,False
10241,0.01447315,14,False
10242,0.01447315,15,False
10245,0.01447315,13,False
10247,0.01447315,0,False
1025,0.01447315,6,False
10252,0.01447315,11,False
10253,0.01447315,0,False
10256,0.01447315,0,False
10259,0.01447315,15,False
10264,0.01447315,15,False
10266,0.01447315,14,False
10269,0.01447315,9,False
1027,0.01447315,8,False
10271,0.01447315,11,False
10276,0.01447315,0,False
10277,0.01447315,8,False
1028,0.01447315,6,False
10281,0.01447315,0,False
10285,0.01447315,0,False
10286,0.01447315,0,False
1029,0.01447315,5,False
10295,0.01447315,0,False
10297,0.01447315,0,False
10299,0.01447315,0,False
103,0.01447315,5,False
10300,0.01447315,15,False
10301,0.01447315,0,False
10302,0.01447315,0,False
10307,0.01447315,0,False
10310,0.01447315,0,False
10311,0.01447315,0,False
10312,0.01447315,0,False
10313,0.01447315,0,False
10314,0.01447315,0,False
10316,0.01447315,15,False
10317,0.01447315,12,False
10318,0.01447315,12,False
10319,0.01447315,12,False
10321,0.01447315,12,False
10322,0.01447315,12,False
10323,0.01447315,12,False
10324,0.01447315,0,False
10325,0.01447315,0,False
10326,0.01447315,12,False
10327,0.01447315,12,False
10329,0.01447315,12,False
10330,0.01447315,12,False
10331,0.01447315,12,False
10332,0.01447315,12,False
10333,0.01447315,12,False
10341,0.01447315,15,False
10342,0.01447315,0,False
10343,0.01447315,0,False
10345,0.01447315,0,False
10346,0.01447315,0,False
10347,0.01447315,15,False
10351,0.01447315,0,False
10352,0.01447315,15,False
10353,0.01447315,0,False
10354,0.01447315,0,False
10357,0.01447315,0,False
10358,0.01447315,0,False
10359,0.01447315,0,False
10361,0.01447315,0,False
10362,0.01447315,14,False
10364,0.01447315,15,False
10365,0.01447315,0,False
10366,0.01447315,0,False
10367,0.01447315,0,False
10369,0.01447315,0,False
1037,0.01447315,8,False
10374,0.01447315,0,False
10377,0.01447315,0,False
1038,0.01447315,5,False
10380,0.01447315,12,False
10382,0.01447315,11,False
10384,0.01447315,11,False
10385,0.01447315,0,False
10386,0.01447315,15,False
10388,0.01447315,0,False
1039,0.01447315,6,False
10390,0.01447315,0,False
10391,0.01447315,12,False
10394,0.01447315,0,False
10398,0.01447315,0,False
10399,0.01447315,15,False
104,0.01447315,5,False
10403,0.01447315,0,False
10404,0.01447315,0,False
10408,0.01447315,15,False
1041,0.01447315,11,False
10414,0.01447315,0,False
10417,0.01447315,0,False
10419,0.01447315,0,False
1042,0.01447315,11,False
10420,0.01447315,0,False
10427,0.01447315,0,False
1043,0.01447315,6,False
10436,0.01447315,0,False
10437,0.01447315,0,False
10441,0.01447315,0,False
10444,0.01447315,12,False
10446,0.01447315,0,False
10448,0.01447315,0,False
1045,0.01447315,6,False
10451,0.01447315,0,False
10452,0.01447315,0,False
10454,0.01447315,0,False
10459,0.01447315,0,False
1046,0.01447315,8,False
10466,0.01447315,0,False
10470,0.01447315,0,False
10472,0.01447315,0,False
10476,0.01447315,0,False
1048,0.01447315,7,False
105,0.01447315,7,False
1050,0.01447315,6,False
10501,0.01447315,0,False
10506,0.01447315,0,False
10509,0.01447315,0,False
10514,0.01447315,0,False
1053,0.01447315,4,False
10533,0.01447315,0,False
10539,0.01447315,0,False
1054,0.01447315,9,False
10546,0.01447315,0,False
10547,0.01447315,0,False
10553,0.01447315,0,False
10559,0.01447315,0,False
1056,0.01447315,5,False
10562,0.01447315,14,False
10566,0.01447315,15,False
10575,0.01447315,0,False
10578,0.01447315,0,False
1058,0.01447315,8,False
10580,0.01447315,0,False
10581,0.01447315,12,False
10582,0.01447315,0,False
10587,0.01447315,0,False
10588,0.01447315,0,False
10589,0.01447315,0,False
1059,0.01447315,7,False
10593,0.01447315,12,False
10597,0.01447315,0,False
10599,0.01447315,0,False
106,0.01447315,5,False
1060,0.01447315,11,False
10602,0.01447315,0,False
10604,0.01447315,0,False
10606,0.01447315,12,False
10607,0.01447315,0,False
1061,0.01447315,5,False
10616,0.01447315,0,False
1062,0.01447315,7,False
10623,0.01447315,0,False
10625,0.01447315,0,False
10626,0.01447315,0,False
1063,0.01447315,7,False
10633,0.01447315,0,False
1064,0.01447315,7,False
10641,0.01447315,0,False
10643,0.01447315,0,False
10648,0.01447315,0,False
10649,0.01447315,0,False
1065,0.01447315,11,False
10650,0.01447315,0,False
10651,0.01447315,14,False
10655,0.01447315,0,False
10658,0.01447315,15,False
1066,0.01447315,4,False
10664,0.01447315,15,False
10665,0.01447315,15,False
10666,0.01447315,0,False
10667,0.01447315,0,False
10668,0.01447315,0,False
10671,0.01447315,0,False
10676,0.01447315,0,False
10679,0.01447315,9,True
10683,0.01447315,10,False
10685,0.01447315,0,False
10686,0.01447315,0,False
10687,0.01447315,12,False
10688,0.01447315,15,False
10691,0.01447315,0,False
10693,0.01447315,0,False
10694,0.01447315,0,False
10695,0.01447315,0,False
10697,0.01447315,0,False
107,0.01447315,6,False
10702,0.01447315,14,False
10703,0.01447315,0,False
10704,0.01447315,0,False
10706,0.01447315,9,False
10708,0.01447315,0,False
10709,0.01447315,0,False
10710,0.01447315,13,False
10711,0.01447315,0,False
10714,0.01447315,9,False
10718,0.01447315,0,False
1072,0.01447315,5,False
10720,0.01447315,0,False
10722,0.01447315,0,False
10725,0.01447315,0,False
10726,0.01447315,0,False
10728,0.01447315,0,False
10729,0.01447315,0,False
10732,0.01447315,0,False
10733,0.01447315,0,False
10734,0.01447315,12,False
1074,0.01447315,8,False
10740,0.01447315,0,False
1075,0.01447315,5,False
10755,0.01447315,0,False
10757,0.01447315,0,False
10761,0.01447315,14,False
10762,0.01447315,0,False
10767,0.01447315,0,False
10768,0.01447315,0,False
10772,0.01447315,12,False
10778,0.01447315,0,False
10779,0.01447315,0,False
1078,0.01447315,8,False
10781,0.01447315,0,False
10782,0.01447315,0,False
10783,0.01447315,0,False
10796,0.01447315,0,False
10799,0.01447315,12,False
108,0.01447315,6,False
10802,0.01447315,0,False
10805,0.01447315,0,False
10806,0.01447315,15,False
10807,0.01447315,0,False
10808,0.01447315,0,False
10811,0.01447315,0,False
10813,0.01447315,0,False
10818,0.01447315,0,False
1082,0.01447315,8,False
10821,0.01447315,11,False
10826,0.01447315,0,False
10829,0.01447315,0,False
10835,0.01447315,13,False
10841,0.01447315,0,False
10844,0.01447315,0,False
10846,0.01447315,13,False
10849,0.01447315,0,False
10852,0.01447315,12,False
10854,0.01447315,9,True
10859,0.01447315,13,False
1086,0.01447315,9,False
10862,0.01447315,12,False
10866,0.01447315,0,False
10867,0.01447315,0,False
10868,0.01447315,0,False
10871,0.01447315,0,False
10873,0.01447315,0,False
10880,0.01447315,0,False
10882,0.01447315,11,False
10885,0.01447315,0,False
10892,0.01447315,12,False
10894,0.01447315,0,False
10895,0.01447315,12,False
10896,0.01447315,14,False
10897,0.01447315,0,False
10898,0.01447315,0,False
109,0.01447315,7,False
10900,0.01447315,12,False
10907,0.01447315,0,False
10911,0.01447315,14,False
10914,0.01447315,0,False
10916,0.01447315,14,False
10917,0.01447315,14,False
10919,0.01447315,0,False
10921,0.01447315,0,False
10923,0.01447315,0,False
10924,0.01447315,0,False
10925,0.01447315,14,False
10930,0.01447315,0,False
10931,0.01447315,0,False
10934,0.01447315,0,False
10939,0.01447315,0,False
10940,0.01447315,0,False
10941,0.01447315,0,False
10944,0.01447315,0,False
10945,0.01447315,0,False
1095,0.01447315,8,False
10956,0.01447315,9,True
1096,0.01447315,7,False
10966,0.01447315,0,False
1097,0.01447315,7,False
10974,0.01447315,0,False
10975,0.01447315,0,False
10980,0.01447315,0,False
10987,0.01447315,0,False
1099,0.01447315,9,False
10990,0.01447315,0,False
10992,0.01447315,0,False
10994,0.01447315,0,False
10995,0.01447315,0,False
110,0.01447315,5,False
1100,0.01447315,4,False
11000,0.01447315,14,False
11001,0.01447315,15,False
11003,0.01447315,0,False
11008,0.01447315,9,True
11009,0.01447315,0,False
1101,0.01447315,6,False
11011,0.01447315,0,False
11013,0.01447315,0,False
11014,0.01447315,0,False
11016,0.01447315,10,False
11019,0.01447315,11,False
11021,0.01447315,0,False
11022,0.01447315,10,False
11024,0.01447315,0,False
11027,0.01447315,15,False
11028,0.01447315,9,False
11029,0.01447315,0,False
11034,0.01447315,0,False
11038,0.01447315,8,True
11039,0.01447315,0,False
1104,0.01447315,14,False
11041,0.01447315,10,True
11042,0.01447315,0,False
11043,0.01447315,0,False
11044,0.01447315,13,False
11045,0.01447315,8,True
11048,0.01447315,0,False
11051,0.01447315,8,True
11052,0.01447315,0,False
11055,0.01447315,0,False
11056,0.01447315,0,False
11061,0.01447315,0,False
11062,0.01447315,0,False
11064,0.01447315,0,False
11077,0.01447315,0,False
11081,0.01447315,12,False
11086,0.01447315,0,False
11088,0.01447315,14,False
11093,0.01447315,12,False
11094,0.01447315,0,False
11098,0.01447315,15,False
111,0.01447315,5,False
1110,0.01447315,7,False
11101,0.01447315,12,False
11112,0.01447315,0,False
11113,0.01447315,0,False
11116,0.01447315,0,False
11131,0.01447315,0,False
11132,0.01447315,14,False
11133,0.01447315,0,False
11137,0.01447315,0,False
11145,0.01447315,12,False
1115,0.01447315,9,False
11154,0.01447315,15,False
1116,0.01447315,6,False
11161,0.01447315,0,False
11163,0.01447315,15,False
11169,0.01447315,14,False
11171,0.01447315,0,False
11172,0.01447315,0,False
11174,0.01447315,0,False
11175,0.01447315,0,False
11178,0.01447315,10,False
11181,0.01447315,0,False
11183,0.01447315,0,False
11186,0.01447315,0,False
11187,0.01447315,9,True
11188,0.01447315,9,True
11189,0.01447315,9,True
11191,0.01447315,15,False
11193,0.01447315,11,False
112,0.01447315,5,False
11201,0.01447315,15,False
11202,0.01447315,0,False
11203,0.01447315,0,False
11204,0.01447315,0,False
11205,0.01447315,0,False
11208,0.01447315,15,False
11209,0.01447315,15,False
11210,0.01447315,0,False
11211,0.01447315,14,False
11214,0.01447315,12,False
11220,0.01447315,0,False
11223,0.01447315,0,False
11226,0.01447315,0,False
11227,0.01447315,0,False
1123,0.01447315,7,False
11236,0.01447315,15,False
11239,0.01447315,0,False
1124,0.01447315,5,False
11241,0.01447315,0,False
11243,0.01447315,0,False
11245,0.01447315,0,False
11247,0.01447315,0,False
1125,0.01447315,13,False
11251,0.01447315,12,False
11253,0.01447315,15,False
11256,0.01447315,14,False
11258,0.01447315,0,False
11262,0.01447315,0,False
11264,0.01447315,0,False
11267,0.01447315,0,False
11268,0.01447315,0,False
1127,0.01447315,0,False
11273,0.01447315,15,False
11277,0.01447315,0,False
11278,0.01447315,0,False
1128,0.01447315,6,False
11280,0.01447315,12,False
11282,0.01447315,0,False
11283,0.01447315,0,False
11286,0.01447315,0,False
11290,0.01447315,0,False
11291,0.01447315,0,False
11298,0.01447315,0,False
113,0.01447315,7,False
1130,0.01447315,5,False
11305,0.01447315,0,False
11307,0.01447315,0,False
11309,0.01447315,15,False
1132,0.01447315,5,False
11320,0.01447315,0,False
11324,0.01447315,0,False
11329,0.01447315,0,False
1133,0.01447315,11,False
11331,0.01447315,0,False
11335,0.01447315,0,False
1134,0.01447315,9,False
11344,0.01447315,0,False
11358,0.01447315,0,False
11363,0.01447315,0,False
11373,0.01447315,8,True
11374,0.01447315,0,False
11377,0.01447315,0,False
11383,0.01447315,0,False
1139,0.01447315,5,False
11390,0.01447315,0,False
11392,0.01447315,0,False
11393,0.01447315,0,False
114,0.01447315,5,False
1140,0.01447315,6,False
11400,0.01447315,0,False
11404,0.01447315,0,False
11410,0.01447315,0,False
11421,0.01447315,0,False
11424,0.01447315,0,False
11425,0.01447315,0,False
11431,0.01447315,11,False
11436,0.01447315,0,False
11438,0.01447315,14,False
11439,0.01447315,0,False
11440,0.01447315,0,False
11449,0.01447315,15,False
11451,0.01447315,0,False
11453,0.01447315,0,False
11459,0.01447315,0,False
11461,0.01447315,15,False
11468,0.01447315,13,False
1147,0.01447315,4,False
11473,0.01447315,0,False
11474,0.01447315,0,False
11479,0.01447315,0,False
11480,0.01447315,0,False
11481,0.01447315,0,False
11482,0.01447315,14,False
11485,0.01447315,0,False
11487,0.01447315,0,False
11490,0.01447315,15,False
11493,0.01447315,0,False
115,0.01447315,5,False
11518,0.01447315,0,False
11526,0.01447315,0,False
11534,0.01447315,0,False
11540,0.01447315,0,False
11542,0.01447315,12,False
11543,0.01447315,11,False
11544,0.01447315,14,False
11545,0.01447315,0,False
11548,0.01447315,0,False
1155,0.01447315,10,False
11550,0.01447315,0,False
11552,0.01447315,0,False
11556,0.01447315,0,False
11558,0.01447315,12,False
11561,0.01447315,0,False
11563,0.01447315,13,False
11564,0.01447315,0,False
11569,0.01447315,12,False
11570,0.01447315,0,False
11574,0.01447315,11,False
11576,0.01447315,15,False
11577,0.01447315,0,False
11578,0.01447315,0,False
11581,0.01447315,0,False
11582,0.01447315,0,False
11587,0.01447315,15,False
11594,0.01447315,14,False
11598,0.01447315,0,False
116,0.01447315,5,False
11600,0.01447315,0,False
11603,0.01447315,15,False
11605,0.01447315,0,False
1161,0.01447315,5,False
11614,0.01447315,0,False
11616,0.01447315,0,False
11619,0.01447315,0,False
1162,0.01447315,5,False
11623,0.01447315,0,False
11628,0.01447315,0,False
1163,0.01447315,11,False
11634,0.01447315,0,False
11635,0.01447315,0,False
11636,0.01447315,0,False
1164,0.01447315,6,False
11641,0.01447315,0,False
1165,0.01447315,8,False
11650,0.01447315,0,False
11651,0.01447315,0,False
1166,0.01447315,0,False
11667,0.01447315,0,False
11685,0.01447315,0,False
11686,0.01447315,0,False
1169,0.01447315,7,False
11692,0.01447315,14,False
11693,0.01447315,0,False
117,0.01447315,5,False
1170,0.01447315,0,False
11706,0.01447315,15,False
11716,0.01447315,0,False
1172,0.01447315,9,False
11720,0.01447315,0,False
11729,0.01447315,0,False
11737,0.01447315,14,False
11744,0.01447315,0,False
11745,0.01447315,0,False
11747,0.01447315,15,False
1175,0.01447315,14,False
11750,0.01447315,0,False
11758,0.01447315,0,False
11759,0.01447315,14,False
11766,0.01447315,14,False
11772,0.01447315,0,False
11774,0.01447315,0,False
11780,0.01447315,0,False
11786,0.01447315,15,False
1179,0.01447315,6,False
118,0.01447315,5,False
1180,0.01447315,8,False
11801,0.01447315,0,False
11807,0.01447315,0,False
11810,0.01447315,15,False
11811,0.01447315,0,False
1182,0.01447315,0,False
1183,0.01447315,5,False
11833,0.01447315,0,False
11834,0.01447315,11,False
1184,0.01447315,6,False
11841,0.01447315,0,False
11845,0.01447315,0,False
11847,0.01447315,0,False
11849,0.01447315,0,False
11850,0.01447315,0,False
11852,0.01447315,14,False
11856,0.01447315,0,False
11858,0.01447315,0,False
11859,0.01447315,11,False
1186,0.01447315,5,False
11862,0.01447315,0,False
11863,0.01447315,0,False
11865,0.01447315,0,False
11867,0.01447315,14,False
11868,0.01447315,14,False
1187,0.01447315,6,False
11871,0.01447315,11,False
11872,0.01447315,13,False
11875,0.01447315,0,False
11877,0.01447315,0,False
11879,0.01447315,13,False
1188,0.01447315,8,False
11883,0.01447315,0,False
11884,0.01447315,15,False
11888,0.01447315,15,False
11891,0.01447315,0,False
11892,0.01447315,0,False
11897,0.01447315,0,False
119,0.01447315,4,False
11900,0.01447315,0,False
11905,0.01447315,0,False
11907,0.01447315,0,False
1191,0.01447315,7,False
11912,0.01447315,0,False
11914,0.01447315,0,False
11916,0.01447315,0,False
1192,0.01447315,6,False
11920,0.01447315,0,False
11925,0.01447315,15,False
11927,0.01447315,0,False
1193,0.01447315,6,False
11938,0.01447315,0,False
1194,0.01447315,4,False
11944,0.01447315,0,False
11945,0.01447315,15,False
1195,0.01447315,5,False
11953,0.01447315,0,False
11956,0.01447315,0,False
11958,0.01447315,14,False
11959,0.01447315,0,False
1196,0.01447315,5,False
11965,0.01447315,0,False
11969,0.01447315,0,False
11976,0.01447315,0,False
1198,0.01447315,7,False
11984,0.01447315,12,False
11985,0.01447315,8,True
1199,0.01447315,0,False
11990,0.01447315,10,True
11991,0.01447315,0,False
11995,0.01447315,10,False
11996,0.01447315,0,False
11999,0.01447315,0,False
12,0.01447315,13,False
12003,0.01447315,0,False
12004,0.01447315,0,False
12005,0.01447315,0,False
12008,0.01447315,0,False
12016,0.01447315,12,False
12018,0.01447315,0,False
1202,0.01447315,8,False
12021,0.01447315,13,False
12022,0.01447315,0,False
1203,0.01447315,10,False
12030,0.01447315,0,False
12032,0.01447315,0,False
12033,0.01447315,0,False
12037,0.01447315,0,False
12038,0.01447315,0,False
12039,0.01447315,0,False
1204,0.01447315,5,False
12040,0.01447315,13,False
12042,0.01447315,0,False
12043,0.01447315,14,False
12044,0.01447315,15,False
12046,0.01447315,0,False
12047,0.01447315,0,False
12054,0.01447315,12,False
12055,0.01447315,14,False
12057,0.01447315,0,False
12061,0.01447315,0,False
12062,0.01447315,0,False
12066,0.01447315,0,False
12067,0.01447315,0,False
12068,0.01447315,0,False
12069,0.01447315,0,False
12070,0.01447315,0,False
12073,0.01447315,0,False
1208,0.01447315,7,False
12083,0.01447315,15,False
12088,0.01447315,15,False
12090,0.01447315,14,False
12096,0.01447315,0,False
121,0.01447315,5,False
12100,0.01447315,0,False
12101,0.01447315,0,False
1211,0.01447315,10,False
12114,0.01447315,0,False
12116,0.01447315,0,False
12118,0.01447315,15,False
12128,0.01447315,9,False
12132,0.01447315,0,False
12138,0.01447315,0,False
12139,0.01447315,0,False
1214,0.01447315,5,False
12143,0.01447315,0,False
1215,0.01447315,5,False
12150,0.01447315,0,False
12151,0.01447315,0,False
12155,0.01447315,0,False
12157,0.01447315,0,False
12158,0.01447315,0,False
12160,0.01447315,0,False
12164,0.01447315,14,False
12167,0.01447315,12,False
12168,0.01447315,0,False
12171,0.01447315,0,False
12173,0.01447315,12,False
12178,0.01447315,0,False
12182,0.01447315,0,False
12183,0.01447315,0,False
12184,0.01447315,15,False
12185,0.01447315,0,False
12186,0.01447315,0,False
12187,0.01447315,12,False
12188,0.01447315,14,False
12189,0.01447315,15,False
1219,0.01447315,13,False
12192,0.01447315,0,False
12196,0.01447315,15,False
12198,0.01447315,0,False
122,0.01447315,5,False
12200,0.01447315,0,False
12201,0.01447315,0,False
12205,0.01447315,0,False
12207,0.01447315,0,False
12209,0.01447315,0,False
1221,0.01447315,4,False
12214,0.01447315,0,False
12215,0.01447315,0,False
12229,0.01447315,0,False
1223,0.01447315,7,False
1224,0.01447315,6,False
1225,0.01447315,12,False
12253,0.01447315,0,False
12254,0.01447315,15,False
12256,0.01447315,0,False
12262,0.01447315,0,False
12266,0.01447315,0,False
12267,0.01447315,0,False
1227,0.01447315,5,False
12275,0.01447315,0,False
12283,0.01447315,0,False
12285,0.01447315,10,False
12286,0.01447315,0,False
1229,0.01447315,8,False
12290,0.01447315,0,False
12292,0.01447315,0,False
12293,0.01447315,0,False
12294,0.01447315,0,False
12296,0.01447315,0,False
12297,0.01447315,0,False
12302,0.01447315,0,False
12303,0.01447315,0,False
12304,0.01447315,14,False
12308,0.01447315,0,False
12312,0.01447315,0,False
12315,0.01447315,0,False
12316,0.01447315,0,False
12317,0.01447315,0,False
1232,0.01447315,11,False
12321,0.01447315,0,False
12324,0.01447315,0,False
12326,0.01447315,15,False
12327,0.01447315,15,False
12328,0.01447315,0,False
1234,0.01447315,7,False
12341,0.01447315,0,False
12343,0.01447315,0,False
12344,0.01447315,0,False
12345,0.01447315,0,False
1235,0.01447315,0,False
12351,0.01447315,0,False
12352,0.01447315,0,False
12354,0.01447315,0,False
12355,0.01447315,0,False
12356,0.01447315,12,False
12358,0.01447315,0,False
12359,0.01447315,0,False
12362,0.01447315,0,False
12365,0.01447315,0,False
1238,0.01447315,6,False
1239,0.01447315,11,False
1240,0.01447315,8,False
1242,0.01447315,7,False
12428,0.01447315,0,False
12429,0.01447315,0,False
1243,0.01447315,8,False
12433,0.01447315,0,False
12434,0.01447315,0,False
12435,0.01447315,0,False
12436,0.01447315,0,False
12437,0.01447315,0,False
12440,0.01447315,0,False
12445,0.01447315,0,False
12446,0.01447315,0,False
12448,0.01447315,0,False
1245,0.01447315,8,False
12452,0.01447315,15,False
12454,0.01447315,0,False
12455,0.01447315,0,False
12462,0.01447315,0,False
12463,0.01447315,0,False
12466,0.01447315,0,False
12469,0.01447315,8,False
1247,0.01447315,6,False
12470,0.01447315,15,False
12475,0.01447315,0,False
1248,0.01447315,11,False
12484,0.01447315,0,False
12485,0.01447315,0,False
1249,0.01447315,5,False
12490,0.01447315,12,False
12491,0.01447315,0,False
12492,0.01447315,0,False
12493,0.01447315,0,False
125,0.01447315,5,False
12502,0.01447315,15,False
1251,0.01447315,6,False
12510,0.01447315,0,False
12516,0.01447315,0,False
12517,0.01447315,0,False
12520,0.01447315,0,False
12521,0.01447315,14,False
12527,0.01447315,0,False
12532,0.01447315,0,False
12535,0.01447315,0,False
12542,0.01447315,15,False
12547,0.01447315,15,False
12548,0.01447315,15,False
12549,0.01447315,0,False
12553,0.01447315,0,False
12554,0.01447315,0,False
1256,0.01447315,11,False
12560,0.01447315,0,False
12561,0.01447315,10,False
12567,0.01447315,15,False
1257,0.01447315,8,False
12570,0.01447315,14,False
12575,0.01447315,0,False
12577,0.01447315,0,False
12579,0.01447315,0,False
12581,0.01447315,0,False
12584,0.01447315,13,False
12585,0.01447315,15,False
12586,0.01447315,0,False
12588,0.01447315,0,False
12589,0.01447315,0,False
1259,0.01447315,7,False
12594,0.01447315,12,False
126,0.01447315,5,False
12600,0.01447315,0,False
12605,0.01447315,0,False
12612,0.01447315,12,False
12613,0.01447315,15,False
12614,0.01447315,0,False
12626,0.01447315,0,False
12627,0.01447315,0,False
12628,0.01447315,9,False
1263,0.01447315,6,False
12634,0.01447315,11,False
1264,0.01447315,7,False
12648,0.01447315,0,False
12649,0.01447315,0,False
12653,0.01447315,0,False
12658,0.01447315,0,False
1266,0.01447315,6,False
12660,0.01447315,14,False
12661,0.01447315,0,False
12663,0.01447315,0,False
12664,0.01447315,0,False
12669,0.01447315,0,False
12674,0.01447315,0,False
12682,0.01447315,12,False
12686,0.01447315,0,False
12689,0.01447315,12,False
12693,0.01447315,0,False
127,0.01447315,5,False
1270,0.01447315,5,False
12702,0.01447315,0,False
12704,0.01447315,0,False
12705,0.01447315,0,False
12710,0.01447315,13,False
12713,0.01447315,0,False
12717,0.01447315,0,False
12718,0.01447315,15,False
12720,0.01447315,11,False
12722,0.01447315,0,False
12726,0.01447315,0,False
12728,0.01447315,0,False
12729,0.01447315,0,False
1273,0.01447315,6,False
12730,0.01447315,0,False
12738,0.01447315,0,False
1274,0.01447315,7,False
12741,0.01447315,0,False
12742,0.01447315,0,False
12743,0.01447315,0,False
12744,0.01447315,0,False
12745,0.01447315,0,False
12746,0.01447315,15,False
12748,0.01447315,0,False
12750,0.01447315,15,False
12751,0.01447315,12,False
12752,0.01447315,0,False
12754,0.01447315,0,False
12757,0.01447315,0,False
1276,0.01447315,6,False
12760,0.01447315,15,False
12761,0.01447315,15,False
12762,0.01447315,0,False
12763,0.01447315,15,False
12767,0.01447315,0,False
12768,0.01447315,0,False
12772,0.01447315,0,False
12774,0.01447315,0,False
12777,0.01447315,0,False
12780,0.01447315,14,False
12781,0.01447315,0,False
12786,0.01447315,0,False
1279,0.01447315,6,False
12792,0.01447315,9,False
128,0.01447315,7,False
1280,0.01447315,6,False
12801,0.01447315,0,False
12804,0.01447315,0,False
12808,0.01447315,0,False
12809,0.01447315,0,False
1281,0.01447315,12,False
12811,0.01447315,0,False
12812,0.01447315,14,False
12815,0.01447315,0,False
12835,0.01447315,0,False
12839,0.01447315,0,False
1284,0.01447315,0,False
12840,0.01447315,10,False
12843,0.01447315,11,False
12848,0.01447315,0,False
12851,0.01447315,0,False
12853,0.01447315,0,False
12860,0.01447315,0,False
12862,0.01447315,0,False
12865,0.01447315,12,False
12868,0.01447315,0,False
12869,0.01447315,0,False
12871,0.01447315,0,False
12872,0.01447315,0,False
12874,0.01447315,13,False
12878,0.01447315,0,False
12880,0.01447315,0,False
12881,0.01447315,0,False
12882,0.01447315,14,False
12889,0.01447315,0,False
1289,0.01447315,5,False
12893,0.01447315,0,False
12899,0.01447315,9,False
1290,0.01447315,6,False
12900,0.01447315,0,False
12906,0.01447315,0,False
12907,0.01447315,13,False
12909,0.01447315,0,False
12912,0.01447315,0,False
12917,0.01447315,12,False
1292,0.01447315,8,False
12924,0.01447315,14,False
12925,0.01447315,0,False
12928,0.01447315,0,False
12936,0.01447315,0,False
1294,0.01447315,6,False
12940,0.01447315,11,False
12942,0.01447315,0,False
12947,0.01447315,0,False
1295,0.01447315,6,False
12953,0.01447315,0,False
12965,0.01447315,0,False
1297,0.01447315,8,False
12975,0.01447315,0,False
12976,0.01447315,0,False
12978,0.01447315,0,False
12982,0.01447315,0,False
12984,0.01447315,9,False
12987,0.01447315,0,False
12992,0.01447315,10,False
13,0.01447315,13,False
130,0.01447315,4,False
13003,0.01447315,0,False
13004,0.01447315,0,False
13007,0.01447315,0,False
1301,0.01447315,3,False
13012,0.01447315,0,False
13025,0.01447315,0,False
13039,0.01447315,0,False
13041,0.01447315,0,False
13043,0.01447315,0,False
13044,0.01447315,9,False
13045,0.01447315,9,False
13048,0.01447315,0,False
1305,0.01447315,9,False
13050,0.01447315,0,False
1306,0.01447315,6,False
13064,0.01447315,0,False
13066,0.01447315,0,False
13068,0.01447315,0,False
1307,0.01447315,8,False
13070,0.01447315,0,False
13075,0.01447315,15,False
13076,0.01447315,0,False
13080,0.01447315,0,False
13082,0.01447315,0,False
13085,0.01447315,14,False
13087,0.01447315,0,False
13092,0.01447315,0,False
13098,0.01447315,0,False
13099,0.01447315,0,False
131,0.01447315,4,False
1310,0.01447315,8,False
13118,0.01447315,0,False
13119,0.01447315,0,False
13120,0.01447315,0,False
13121,0.01447315,0,False
13148,0.01447315,0,False
13163,0.01447315,0,False
13170,0.01447315,0,False
13172,0.01447315,0,False
13187,0.01447315,14,False
13189,0.01447315,0,False
1319,0.01447315,5,False
13190,0.01447315,15,False
13192,0.01447315,11,False
13193,0.01447315,14,False
13195,0.01447315,0,False
13208,0.01447315,0,False
13210,0.01447315,0,False
13214,0.01447315,0,False
13221,0.01447315,0,False
13227,0.01447315,13,False
13230,0.01447315,13,False
13231,0.01447315,0,False
13233,0.01447315,0,False
13235,0.01447315,0,False
13249,0.01447315,0,False
1325,0.01447315,5,False
13279,0.01447315,0,False
1329,0.01447315,4,False
13298,0.01447315,0,False
1330,0.01447315,4,False
13310,0.01447315,0,False
13324,0.01447315,0,False
13330,0.01447315,0,False
13335,0.01447315,0,False
13342,0.01447315,0,False
1336,0.01447315,10,False
13370,0.01447315,0,False
13385,0.01447315,0,False
1339,0.01447315,10,False
13402,0.01447315,0,False
1342,0.01447315,10,False
13420,0.01447315,0,False
1343,0.01447315,5,False
13435,0.01447315,0,False
13438,0.01447315,0,False
13439,0.01447315,0,False
13451,0.01447315,0,False
13461,0.01447315,0,False
13464,0.01447315,0,False
13477,0.01447315,0,False
1351,0.01447315,5,False
1354,0.01447315,9,False
1355,0.01447315,9,False
1357,0.01447315,5,False
1358,0.01447315,8,False
1361,0.01447315,8,False
1362,0.01447315,10,False
1363,0.01447315,5,False
1364,0.01447315,6,False
1367,0.01447315,7,False
1368,0.01447315,8,False
1372,0.01447315,9,False
1373,0.01447315,4,False
1376,0.01447315,8,False
1380,0.01447315,10,False
1393,0.01447315,4,False
1394,0.01447315,6,False
1395,0.01447315,6,False
1405,0.01447315,11,False
1407,0.01447315,8,False
1408,0.01447315,11,False
1411,0.01447315,14,False
1412,0.01447315,7,False
1413,0.01447315,9,False
1419,0.01447315,8,False
142,0.01447315,4,False
1423,0.01447315,5,False
1428,0.01447315,7,False
1430,0.01447315,11,False
1433,0.01447315,12,False
1434,0.01447315,6,False
1435,0.01447315,8,False
1438,0.01447315,13,False
1439,0.01447315,5,False
1440,0.01447315,7,False
1443,0.01447315,7,False
1444,0.01447315,14,False
1446,0.01447315,7,False
1450,0.01447315,0,False
1451,0.01447315,7,False
1454,0.01447315,7,False
1456,0.01447315,5,False
1457,0.01447315,8,False
1459,0.01447315,9,False
146,0.01447315,5,False
1462,0.01447315,10,False
1464,0.01447315,0,False
1465,0.01447315,7,False
1466,0.01447315,5,False
1473,0.01447315,10,False
1474,0.01447315,8,False
1478,0.01447315,6,False
1482,0.01447315,10,False
1483,0.01447315,12,False
1484,0.01447315,6,False
1486,0.01447315,4,False
1487,0.01447315,14,False
1489,0.01447315,7,False
149,0.01447315,4,False
1492,0.01447315,12,False
1497,0.01447315,6,False
1503,0.01447315,7,False
1504,0.01447315,6,False
1506,0.01447315,9,False
1507,0.01447315,4,False
151,0.01447315,4,False
1511,0.01447315,9,False
1512,0.01447315,11,False
1513,0.01447315,6,False
1514,0.01447315,11,False
1515,0.01447315,7,False
1518,0.01447315,0,False
1520,0.01447315,5,False
1521,0.01447315,7,False
1522,0.01447315,5,False
1524,0.01447315,9,False
1527,0.01447315,8,False
1528,0.01447315,0,False
1529,0.01447315,6,False
1531,0.01447315,4,False
1533,0.01447315,0,False
1534,0.01447315,11,False
1535,0.01447315,8,False
1536,0.01447315,6,False
154,0.01447315,5,False
1540,0.01447315,7,False
1542,0.01447315,11,False
1545,0.01447315,7,False
1546,0.01447315,9,False
1547,0.01447315,11,False
155,0.01447315,5,False
1550,0.01447315,6,False
1552,0.01447315,5,False
1553,0.01447315,7,False
1554,0.01447315,8,False
1559,0.01447315,9,False
156,0.01447315,5,False
1561,0.01447315,5,False
1563,0.01447315,7,False
1565,0.01447315,6,False
1567,0.01447315,7,False
1569,0.01447315,14,False
157,0.01447315,6,False
1571,0.01447315,11,False
1573,0.01447315,9,False
1576,0.01447315,7,False
1578,0.01447315,9,False
158,0.01447315,4,False
1580,0.01447315,6,False
1583,0.01447315,6,False
1587,0.01447315,6,False
1588,0.01447315,8,False
1589,0.01447315,7,False
159,0.01447315,5,False
1590,0.01447315,6,False
1591,0.01447315,5,False
1593,0.01447315,7,False
1595,0.01447315,8,False
1596,0.01447315,7,False
1597,0.01447315,9,False
160,0.01447315,8,False
1603,0.01447315,8,False
1608,0.01447315,6,False
1609,0.01447315,10,False
161,0.01447315,5,False
1611,0.01447315,14,False
1612,0.01447315,6,False
1615,0.01447315,9,False
1617,0.01447315,6,False
162,0.01447315,8,False
1621,0.01447315,7,False
1625,0.01447315,5,False
1626,0.01447315,7,False
1627,0.01447315,9,False
1629,0.01447315,7,False
163,0.01447315,5,False
1631,0.01447315,6,False
1634,0.01447315,9,False
1638,0.01447315,9,False
1639,0.01447315,6,False
164,0.01447315,8,False
1640,0.01447315,6,False
1645,0.01447315,8,False
1648,0.01447315,13,False
1649,0.01447315,6,False
1650,0.01447315,8,False
1652,0.01447315,10,False
1653,0.01447315,9,False
1660,0.01447315,5,False
1664,0.01447315,9,False
1665,0.01447315,5,False
1666,0.01447315,6,False
1667,0.01447315,5,False
167,0.01447315,6,False
1673,0.01447315,8,False
1674,0.01447315,0,False
1676,0.01447315,6,False
1678,0.01447315,0,False
1682,0.01447315,6,False
1683,0.01447315,6,False
1685,0.01447315,6,False
1698,0.01447315,7,False
1699,0.01447315,5,False
17,0.01447315,9,False
170,0.01447315,1,False
1700,0.01447315,10,False
1701,0.01447315,4,False
1702,0.01447315,7,False
1704,0.01447315,6,False
1708,0.01447315,6,False
1709,0.01447315,7,False
171,0.01447315,4,False
1715,0.01447315,6,False
1716,0.01447315,6,False
1717,0.01447315,8,False
172,0.01447315,3,False
1720,0.01447315,7,False
1722,0.01447315,5,False
1724,0.01447315,8,False
1725,0.01447315,5,False
1726,0.01447315,6,False
1729,0.01447315,10,False
1733,0.01447315,8,False
1734,0.01447315,6,False
1736,0.01447315,10,False
1738,0.01447315,8,False
1741,0.01447315,10,False
1742,0.01447315,6,False
1744,0.01447315,10,False
1745,0.01447315,8,False
1746,0.01447315,10,False
1747,0.01447315,15,False
175,0.01447315,4,True
1750,0.01447315,9,False
1753,0.01447315,6,False
1756,0.01447315,7,False
1757,0.01447315,5,False
176,0.01447315,5,False
1765,0.01447315,6,False
1767,0.01447315,6,False
1769,0.01447315,6,False
1771,0.01447315,7,False
1772,0.01447315,11,False
1774,0.01447315,10,False
1776,0.01447315,11,False
1777,0.01447315,7,False
1778,0.01447315,11,False
178,0.01447315,4,False
1780,0.01447315,5,False
1782,0.01447315,6,False
1786,0.01447315,11,False
1789,0.01447315,6,False
179,0.01447315,3,True
1791,0.01447315,9,False
1792,0.01447315,8,False
1793,0.01447315,11,False
1794,0.01447315,7,False
1797,0.01447315,10,False
1798,0.01447315,5,True
18,0.01447315,7,False
1800,0.01447315,5,True
1802,0.01447315,10,False
1804,0.01447315,8,False
1805,0.01447315,6,False
1806,0.01447315,5,False
1807,0.01447315,5,False
1808,0.01447315,5,False
181,0.01447315,4,True
1810,0.01447315,5,False
1812,0.01447315,11,False
1814,0.01447315,5,False
1816,0.01447315,9,False
1818,0.01447315,5,False
1819,0.01447315,7,False
1820,0.01447315,6,False
1821,0.01447315,4,False
1822,0.01447315,6,False
1824,0.01447315,5,False
1825,0.01447315,11,False
1826,0.01447315,7,False
1827,0.01447315,7,False
1828,0.01447315,8,False
1829,0.01447315,6,False
183,0.01447315,5,False
1830,0.01447315,5,False
1831,0.01447315,6,False
1832,0.01447315,6,False
1833,0.01447315,5,False
1834,0.01447315,6,False
1835,0.01447315,7,False
1836,0.01447315,6,False
1837,0.01447315,8,False
1838,0.01447315,6,False
1839,0.01447315,7,False
1840,0.01447315,7,False
1841,0.01447315,11,False
1842,0.01447315,7,False
1844,0.01447315,8,False
1845,0.01447315,5,False
1846,0.01447315,6,False
1848,0.01447315,6,False
185,0.01447315,5,False
1851,0.01447315,5,False
1856,0.01447315,4,False
1858,0.01447315,9,False
1867,0.01447315,10,False
187,0.01447315,3,False
1873,0.01447315,5,False
1876,0.01447315,5,False
1878,0.01447315,5,False
188,0.01447315,3,False
1881,0.01447315,6,False
1882,0.01447315,6,False
1888,0.01447315,8,False
1889,0.01447315,6,False
189,0.01447315,3,False
19,0.01447315,7,False
190,0.01447315,5,False
1900,0.01447315,7,False
1901,0.01447315,8,False
1902,0.01447315,8,False
1903,0.01447315,9,False
1905,0.01447315,4,False
1907,0.01447315,4,False
1908,0.01447315,10,False
1909,0.01447315,7,False
1910,0.01447315,10,False
1911,0.01447315,9,False
1913,0.01447315,5,False
1914,0.01447315,10,False
1915,0.01447315,9,False
1916,0.01447315,9,False
1917,0.01447315,7,False
1918,0.01447315,6,False
1919,0.01447315,6,False
1923,0.01447315,6,False
1924,0.01447315,6,False
1925,0.01447315,7,False
1926,0.01447315,5,False
1928,0.01447315,7,False
1932,0.01447315,3,False
1936,0.01447315,8,False
1937,0.01447315,9,False
1938,0.01447315,9,False
194,0.01447315,8,False
1941,0.01447315,6,False
1945,0.01447315,7,False
1946,0.01447315,9,False
1947,0.01447315,7,False
1948,0.01447315,9,False
195,0.01447315,5,False
1950,0.01447315,10,False
1951,0.01447315,5,False
1952,0.01447315,9,False
1953,0.01447315,9,False
1954,0.01447315,5,False
1955,0.01447315,8,False
1956,0.01447315,9,False
1957,0.01447315,9,False
1958,0.01447315,7,False
1966,0.01447315,8,False
1967,0.01447315,7,False
1968,0.01447315,5,False
1969,0.01447315,8,False
1970,0.01447315,7,False
1973,0.01447315,7,False
1975,0.01447315,8,False
1976,0.01447315,8,False
1980,0.01447315,8,False
1982,0.01447315,8,False
1984,0.01447315,5,False
1986,0.01447315,9,False
1989,0.01447315,3,False
199,0.01447315,3,True
1992,0.01447315,7,False
1993,0.01447315,10,False
1994,0.01447315,10,False
1995,0.01447315,6,False
1996,0.01447315,10,False
20,0.01447315,6,False
2000,0.01447315,10,False
2002,0.01447315,10,False
2003,0.01447315,11,False
2004,0.01447315,5,False
2006,0.01447315,11,False
2007,0.01447315,10,False
2008,0.01447315,6,False
2011,0.01447315,10,False
2012,0.01447315,10,False
2013,0.01447315,10,False
2014,0.01447315,6,False
2015,0.01447315,10,False
2018,0.01447315,7,False
2023,0.01447315,11,False
2024,0.01447315,14,False
2025,0.01447315,7,False
2026,0.01447315,7,False
2027,0.01447315,13,False
2028,0.01447315,11,False
2029,0.01447315,13,False
203,0.01447315,6,False
2030,0.01447315,11,False
2031,0.01447315,10,False
2032,0.01447315,9,False
2033,0.01447315,13,False
2034,0.01447315,13,False
2035,0.01447315,7,False
2037,0.01447315,10,False
2038,0.01447315,13,False
2043,0.01447315,9,False
2044,0.01447315,9,False
2045,0.01447315,13,False
2046,0.01447315,13,False
2047,0.01447315,13,False
2049,0.01447315,7,False
2050,0.01447315,12,False
2051,0.01447315,12,False
2052,0.01447315,7,False
2056,0.01447315,13,False
2058,0.01447315,14,False
2059,0.01447315,13,False
2060,0.01447315,14,False
2061,0.01447315,7,False
2063,0.01447315,13,False
2069,0.01447315,13,False
2070,0.01447315,13,False
2071,0.01447315,13,False
2072,0.01447315,13,False
2074,0.01447315,13,False
2076,0.01447315,12,False
2077,0.01447315,13,False
2078,0.01447315,8,False
2079,0.01447315,7,False
2080,0.01447315,7,False
2081,0.01447315,7,False
2082,0.01447315,7,False
2083,0.01447315,8,False
2084,0.01447315,7,False
2085,0.01447315,7,False
2086,0.01447315,9,False
2087,0.01447315,7,False
2088,0.01447315,6,False
2089,0.01447315,13,False
2090,0.01447315,13,False
2091,0.01447315,9,False
2092,0.01447315,9,False
2093,0.01447315,12,False
2094,0.01447315,9,False
2095,0.01447315,12,False
2096,0.01447315,8,False
2098,0.01447315,11,False
2099,0.01447315,9,False
21,0.01447315,9,False
210,0.01447315,14,False
2102,0.01447315,13,False
2103,0.01447315,12,False
2106,0.01447315,5,False
2108,0.01447315,12,False
211,0.01447315,7,False
2110,0.01447315,5,False
2112,0.01447315,12,False
2113,0.01447315,6,False
2114,0.01447315,6,False
2115,0.01447315,2,False
2119,0.01447315,9,False
212,0.01447315,14,False
2121,0.01447315,13,False
2122,0.01447315,7,False
2123,0.01447315,8,False
2125,0.01447315,6,False
2126,0.01447315,6,False
2128,0.01447315,9,False
213,0.01447315,13,False
2130,0.01447315,6,False
2131,0.01447315,7,False
2132,0.01447315,5,False
2133,0.01447315,6,False
2134,0.01447315,4,False
2136,0.01447315,8,False
2137,0.01447315,6,False
2138,0.01447315,10,False
2139,0.01447315,5,False
214,0.01447315,13,False
2140,0.01447315,3,False
2141,0.01447315,10,False
2142,0.01447315,8,False
2144,0.01447315,8,False
2146,0.01447315,4,False
2147,0.01447315,6,False
2148,0.01447315,10,False
2149,0.01447315,9,False
2150,0.01447315,9,False
2151,0.01447315,8,False
2152,0.01447315,4,False
2154,0.01447315,6,False
2155,0.01447315,6,False
2157,0.01447315,6,False
2158,0.01447315,13,False
2159,0.01447315,6,False
216,0.01447315,13,False
2160,0.01447315,10,False
2161,0.01447315,8,False
2163,0.01447315,10,False
2164,0.01447315,4,False
2165,0.01447315,7,False
2167,0.01447315,4,False
2169,0.01447315,5,False
217,0.01447315,13,False
2170,0.01447315,7,False
2172,0.01447315,7,False
2173,0.01447315,5,False
2175,0.01447315,13,False
2176,0.01447315,6,False
2177,0.01447315,8,False
2181,0.01447315,8,False
2182,0.01447315,5,False
2184,0.01447315,6,False
2185,0.01447315,6,False
2187,0.01447315,9,False
219,0.01447315,13,False
2190,0.01447315,14,False
2191,0.01447315,8,False
2194,0.01447315,10,False
2195,0.01447315,6,False
2196,0.01447315,4,False
2199,0.01447315,8,False
220,0.01447315,13,False
2200,0.01447315,7,False
2201,0.01447315,9,False
2202,0.01447315,10,False
2204,0.01447315,6,False
2205,0.01447315,7,False
2206,0.01447315,7,False
2207,0.01447315,10,False
2208,0.01447315,7,False
221,0.01447315,13,False
2210,0.01447315,9,False
2211,0.01447315,6,False
2212,0.01447315,9,False
2213,0.01447315,5,False
2215,0.01447315,10,False
2218,0.01447315,9,False
222,0.01447315,13,False
2220,0.01447315,6,False
2221,0.01447315,10,False
2222,0.01447315,8,False
2223,0.01447315,6,False
2224,0.01447315,6,False
2225,0.01447315,8,False
2226,0.01447315,9,False
2228,0.01447315,4,False
2229,0.01447315,13,False
223,0.01447315,13,False
2230,0.01447315,6,False
2231,0.01447315,8,False
2232,0.01447315,7,False
2234,0.01447315,10,False
2237,0.01447315,5,False
224,0.01447315,9,False
2240,0.01447315,6,False
2241,0.01447315,8,False
2243,0.01447315,10,False
2244,0.01447315,13,False
2246,0.01447315,8,False
2247,0.01447315,6,False
2248,0.01447315,12,False
2249,0.01447315,7,False
225,0.01447315,13,False
2250,0.01447315,10,False
2252,0.01447315,12,False
2253,0.01447315,8,False
2255,0.01447315,14,False
2256,0.01447315,8,False
2257,0.01447315,6,False
2260,0.01447315,6,False
2261,0.01447315,5,False
2265,0.01447315,13,False
2266,0.01447315,11,False
2268,0.01447315,8,False
2270,0.01447315,10,False
2271,0.01447315,7,False
2274,0.01447315,13,False
2275,0.01447315,6,False
2279,0.01447315,12,False
228,0.01447315,7,False
2281,0.01447315,10,False
2282,0.01447315,11,False
2283,0.01447315,13,False
2288,0.01447315,10,False
229,0.01447315,9,False
2291,0.01447315,7,False
2292,0.01447315,7,False
2294,0.01447315,8,False
2298,0.01447315,7,False
23,0.01447315,13,False
2302,0.01447315,12,False
2303,0.01447315,7,False
2305,0.01447315,8,False
2307,0.01447315,9,False
2309,0.01447315,8,False
231,0.01447315,13,False
2311,0.01447315,10,False
2312,0.01447315,12,False
2313,0.01447315,10,False
2314,0.01447315,10,False
2315,0.01447315,10,False
2316,0.01447315,9,False
2318,0.01447315,4,False
2319,0.01447315,9,False
232,0.01447315,5,False
2321,0.01447315,8,False
2323,0.01447315,12,False
2327,0.01447315,9,False
2329,0.01447315,12,False
233,0.01447315,12,False
2331,0.01447315,11,False
2333,0.01447315,7,False
2334,0.01447315,4,False
2336,0.01447315,13,False
2337,0.01447315,4,False
2341,0.01447315,6,False
2344,0.01447315,10,False
2346,0.01447315,8,False
2349,0.01447315,10,False
235,0.01447315,11,False
2350,0.01447315,8,False
2352,0.01447315,8,False
2353,0.01447315,5,False
2354,0.01447315,7,False
2357,0.01447315,13,False
2358,0.01447315,12,False
2360,0.01447315,6,False
2364,0.01447315,10,False
2365,0.01447315,4,False
2366,0.01447315,12,False
2367,0.01447315,9,False
2369,0.01447315,9,False
237,0.01447315,11,False
2370,0.01447315,7,False
2372,0.01447315,12,False
2373,0.01447315,6,False
2374,0.01447315,8,False
2375,0.01447315,9,False
2377,0.01447315,9,False
2378,0.01447315,8,False
2379,0.01447315,9,False
238,0.01447315,13,False
2380,0.01447315,8,False
2381,0.01447315,9,False
2382,0.01447315,6,False
2383,0.01447315,8,False
2384,0.01447315,10,False
2386,0.01447315,6,False
2387,0.01447315,5,False
2389,0.01447315,13,False
2390,0.01447315,9,False
2391,0.01447315,6,False
2392,0.01447315,4,False
2398,0.01447315,5,False
2399,0.01447315,7,False
24,0.01447315,13,False
2404,0.01447315,5,False
2405,0.01447315,6,False
2406,0.01447315,7,False
2407,0.01447315,11,False
2408,0.01447315,8,False
2409,0.01447315,6,False
2410,0.01447315,11,False
2414,0.01447315,11,False
2416,0.01447315,4,False
2418,0.01447315,11,False
2419,0.01447315,11,False
2420,0.01447315,11,False
2421,0.01447315,10,False
2422,0.01447315,6,False
2423,0.01447315,8,False
2424,0.01447315,6,False
2426,0.01447315,5,False
2427,0.01447315,5,False
2429,0.01447315,8,False
243,0.01447315,9,False
2430,0.01447315,8,False
2431,0.01447315,11,False
2432,0.01447315,4,False
2435,0.01447315,11,False
2437,0.01447315,5,False
2438,0.01447315,5,False
2439,0.01447315,5,False
244,0.01447315,9,False
2440,0.01447315,8,False
2441,0.01447315,5,False
2442,0.01447315,11,False
2443,0.01447315,3,False
2444,0.01447315,5,False
2445,0.01447315,6,False
2446,0.01447315,11,False
2447,0.01447315,5,False
2448,0.01447315,5,False
2449,0.01447315,11,False
245,0.01447315,10,False
2450,0.01447315,11,False
2451,0.01447315,11,False
2454,0.01447315,6,False
2455,0.01447315,5,False
2458,0.01447315,8,False
246,0.01447315,13,False
2460,0.01447315,7,False
2461,0.01447315,6,False
2463,0.01447315,6,False
2464,0.01447315,9,False
2465,0.01447315,7,False
2466,0.01447315,11,False
2467,0.01447315,13,False
2469,0.01447315,6,False
2472,0.01447315,5,False
2475,0.01447315,8,False
2476,0.01447315,6,False
2477,0.01447315,9,False
2478,0.01447315,11,False
2479,0.01447315,7,False
2480,0.01447315,12,False
2481,0.01447315,11,False
2484,0.01447315,5,False
2486,0.01447315,7,False
249,0.01447315,9,False
2491,0.01447315,6,False
2495,0.01447315,11,False
2496,0.01447315,7,False
2499,0.01447315,9,False
25,0.01447315,10,False
250,0.01447315,13,False
2500,0.01447315,7,False
2503,0.01447315,11,False
2504,0.01447315,5,False
2505,0.01447315,8,False
2506,0.01447315,4,False
2507,0.01447315,8,False
251,0.01447315,13,False
2510,0.01447315,13,False
2515,0.01447315,11,False
2518,0.01447315,10,False
2519,0.01447315,5,False
252,0.01447315,7,False
2522,0.01447315,5,False
2530,0.01447315,5,False
2533,0.01447315,4,False
2534,0.01447315,7,False
2535,0.01447315,6,False
2537,0.01447315,7,False
254,0.01447315,7,False
2541,0.01447315,9,False
2542,0.01447315,8,False
2543,0.01447315,6,False
2544,0.01447315,8,False
2545,0.01447315,7,False
2547,0.01447315,6,False
2550,0.01447315,8,False
2551,0.01447315,10,False
2552,0.01447315,6,False
2554,0.01447315,5,False
2555,0.01447315,8,False
2557,0.01447315,5,False
2559,0.01447315,7,False
2560,0.01447315,11,False
2561,0.01447315,5,False
2562,0.01447315,7,False
2566,0.01447315,5,False
2568,0.01447315,8,False
2569,0.01447315,9,False
257,0.01447315,13,False
2570,0.01447315,6,False
2571,0.01447315,5,False
2573,0.01447315,8,False
2574,0.01447315,5,False
2577,0.01447315,6,False
2578,0.01447315,12,False
258,0.01447315,13,False
2581,0.01447315,12,False
2582,0.01447315,8,False
2585,0.01447315,4,False
2588,0.01447315,7,False
2589,0.01447315,8,False
259,0.01447315,6,False
2590,0.01447315,8,False
2593,0.01447315,4,False
2596,0.01447315,6,False
2597,0.01447315,6,False
26,0.01447315,13,False
260,0.01447315,13,False
2600,0.01447315,9,False
2601,0.01447315,7,False
2602,0.01447315,6,False
2603,0.01447315,6,False
2606,0.01447315,7,False
2607,0.01447315,9,False
2609,0.01447315,6,False
261,0.01447315,13,False
2610,0.01447315,6,False
2614,0.01447315,6,False
2615,0.01447315,9,False
2616,0.01447315,8,False
2617,0.01447315,7,False
2618,0.01447315,6,False
2619,0.01447315,6,False
262,0.01447315,10,False
2620,0.01447315,10,False
2621,0.01447315,12,False
2622,0.01447315,9,False
2623,0.01447315,8,False
2627,0.01447315,10,False
2630,0.01447315,6,False
2631,0.01447315,7,False
2632,0.01447315,9,False
2636,0.01447315,8,False
2637,0.01447315,10,False
2638,0.01447315,5,False
2640,0.01447315,6,False
2641,0.01447315,8,False
2643,0.01447315,8,False
2647,0.01447315,8,False
2650,0.01447315,12,False
2651,0.01447315,7,False
2655,0.01447315,6,False
2656,0.01447315,5,False
2657,0.01447315,7,False
2659,0.01447315,6,False
266,0.01447315,9,False
2660,0.01447315,7,False
2664,0.01447315,6,False
2669,0.01447315,8,False
2670,0.01447315,8,False
2672,0.01447315,10,False
2673,0.01447315,6,False
2674,0.01447315,8,False
2675,0.01447315,6,False
2679,0.01447315,4,False
2681,0.01447315,8,False
2683,0.01447315,8,False
2684,0.01447315,6,False
2685,0.01447315,4,False
2687,0.01447315,12,False
2689,0.01447315,7,False
269,0.01447315,13,False
2690,0.01447315,10,False
2691,0.01447315,6,False
2694,0.01447315,6,False
2696,0.01447315,6,False
2698,0.01447315,5,False
27,0.01447315,13,False
2701,0.01447315,8,False
2703,0.01447315,4,False
2705,0.01447315,6,False
2706,0.01447315,8,False
2709,0.01447315,8,False
2714,0.01447315,10,False
2715,0.01447315,6,False
2718,0.01447315,8,False
2719,0.01447315,6,False
272,0.01447315,5,False
2722,0.01447315,6,False
2723,0.01447315,6,False
2724,0.01447315,3,False
2726,0.01447315,5,False
2727,0.01447315,5,False
273,0.01447315,5,False
2731,0.01447315,7,False
2732,0.01447315,11,False
2738,0.01447315,8,False
2743,0.01447315,8,False
2744,0.01447315,6,False
2749,0.01447315,9,False
275,0.01447315,14,False
2750,0.01447315,6,False
2752,0.01447315,5,False
2753,0.01447315,9,False
2756,0.01447315,7,False
2758,0.01447315,6,False
2759,0.01447315,5,False
276,0.01447315,9,False
2760,0.01447315,7,False
2762,0.01447315,6,False
2763,0.01447315,6,False
2764,0.01447315,4,False
2767,0.01447315,6,False
2769,0.01447315,8,False
277,0.01447315,12,False
2770,0.01447315,7,False
2772,0.01447315,6,False
2773,0.01447315,6,False
2774,0.01447315,5,False
2778,0.01447315,6,False
278,0.01447315,8,False
2781,0.01447315,6,False
2782,0.01447315,12,False
2784,0.01447315,10,False
2785,0.01447315,7,False
2786,0.01447315,9,False
2787,0.01447315,5,False
2790,0.01447315,6,False
2791,0.01447315,5,False
2795,0.01447315,5,False
2797,0.01447315,6,False
2799,0.01447315,6,False
28,0.01447315,7,False
2803,0.01447315,8,False
2805,0.01447315,6,False
2806,0.01447315,6,False
2808,0.01447315,6,False
2810,0.01447315,6,False
2811,0.01447315,5,False
2813,0.01447315,6,False
2816,0.01447315,10,False
2818,0.01447315,8,False
2819,0.01447315,7,False
2820,0.01447315,7,False
2821,0.01447315,8,False
2823,0.01447315,11,False
2826,0.01447315,7,False
2828,0.01447315,10,False
2829,0.01447315,9,False
283,0.01447315,10,False
2831,0.01447315,5,False
2833,0.01447315,5,False
2838,0.01447315,10,False
2839,0.01447315,12,False
2841,0.01447315,10,False
2842,0.01447315,6,False
2844,0.01447315,8,False
2848,0.01447315,12,False
2849,0.01447315,9,False
285,0.01447315,13,False
2854,0.01447315,10,False
2856,0.01447315,5,False
2857,0.01447315,6,False
286,0.01447315,7,False
2860,0.01447315,9,False
2861,0.01447315,9,False
2863,0.01447315,6,False
2865,0.01447315,10,False
2867,0.01447315,5,False
2869,0.01447315,11,False
2871,0.01447315,12,False
2875,0.01447315,10,False
2877,0.01447315,12,False
2878,0.01447315,8,False
288,0.01447315,7,False
2881,0.01447315,8,False
2882,0.01447315,11,False
2883,0.01447315,5,False
2884,0.01447315,5,False
2886,0.01447315,11,False
2889,0.01447315,12,False
289,0.01447315,9,False
2890,0.01447315,9,False
2892,0.01447315,12,False
2893,0.01447315,8,False
2898,0.01447315,7,False
2899,0.01447315,10,False
29,0.01447315,10,False
290,0.01447315,13,False
2901,0.01447315,4,False
2902,0.01447315,8,False
2906,0.01447315,8,False
2907,0.01447315,8,False
2908,0.01447315,7,False
291,0.01447315,10,False
2910,0.01447315,6,False
2913,0.01447315,7,False
2914,0.01447315,12,False
2915,0.01447315,10,False
2916,0.01447315,6,False
2918,0.01447315,6,False
2919,0.01447315,9,False
292,0.01447315,12,False
2921,0.01447315,7,False
2923,0.01447315,8,False
2925,0.01447315,10,False
2926,0.01447315,6,False
2928,0.01447315,6,False
2929,0.01447315,6,False
293,0.01447315,13,False
2930,0.01447315,7,False
2932,0.01447315,13,False
2935,0.01447315,6,False
2936,0.01447315,9,False
2938,0.01447315,7,False
294,0.01447315,13,False
2940,0.01447315,12,False
2941,0.01447315,8,False
2942,0.01447315,7,False
2944,0.01447315,12,False
2945,0.01447315,6,False
2946,0.01447315,12,False
2947,0.01447315,8,False
2948,0.01447315,8,False
295,0.01447315,13,False
2950,0.01447315,8,False
2954,0.01447315,7,False
2955,0.01447315,8,False
2962,0.01447315,4,False
2963,0.01447315,8,False
2964,0.01447315,6,False
2965,0.01447315,9,False
2967,0.01447315,7,False
2968,0.01447315,5,False
2971,0.01447315,4,False
2972,0.01447315,6,False
2975,0.01447315,10,False
2977,0.01447315,10,False
2979,0.01447315,9,False
2980,0.01447315,9,False
2986,0.01447315,13,False
2987,0.01447315,7,False
2993,0.01447315,8,False
2995,0.01447315,6,False
2998,0.01447315,11,False
30,0.01447315,13,False
300,0.01447315,7,False
3000,0.01447315,12,False
3002,0.01447315,9,False
3005,0.01447315,12,False
3006,0.01447315,12,False
301,0.01447315,13,False
3011,0.01447315,6,False
3012,0.01447315,5,False
3015,0.01447315,12,False
3016,0.01447315,12,False
3017,0.01447315,12,False
302,0.01447315,13,False
3026,0.01447315,11,False
303,0.01447315,13,False
3037,0.01447315,9,False
3039,0.01447315,7,False
304,0.01447315,8,False
3042,0.01447315,7,False
3043,0.01447315,9,False
3044,0.01447315,12,False
3046,0.01447315,7,False
3047,0.01447315,7,False
305,0.01447315,6,False
3052,0.01447315,12,False
3055,0.01447315,0,False
3057,0.01447315,9,False
3058,0.01447315,12,False
306,0.01447315,13,False
3066,0.01447315,7,False
3068,0.01447315,9,False
3071,0.01447315,9,False
3087,0.01447315,12,False
309,0.01447315,7,False
3090,0.01447315,9,False
3092,0.01447315,12,False
3098,0.01447315,8,False
3099,0.01447315,9,False
3101,0.01447315,9,False
3104,0.01447315,7,False
3107,0.01447315,5,False
3108,0.01447315,14,False
3109,0.01447315,9,False
311,0.01447315,13,False
3112,0.01447315,9,False
3114,0.01447315,12,False
3117,0.01447315,9,False
3118,0.01447315,9,False
3123,0.01447315,9,False
3125,0.01447315,5,False
3128,0.01447315,14,False
313,0.01447315,7,False
3130,0.01447315,11,False
3132,0.01447315,8,False
3133,0.01447315,11,False
3135,0.01447315,7,False
3136,0.01447315,8,False
3138,0.01447315,7,False
314,0.01447315,9,False
3141,0.01447315,5,False
3143,0.01447315,8,False
3145,0.01447315,14,False
3146,0.01447315,8,False
3147,0.01447315,8,False
3149,0.01447315,9,False
3151,0.01447315,8,False
3152,0.01447315,6,False
3153,0.01447315,0,False
3155,0.01447315,4,False
3156,0.01447315,6,False
3157,0.01447315,6,False
3158,0.01447315,10,False
3159,0.01447315,6,False
316,0.01447315,7,False
3161,0.01447315,9,False
3164,0.01447315,4,False
3166,0.01447315,5,False
3167,0.01447315,12,False
3169,0.01447315,5,False
3172,0.01447315,15,False
3173,0.01447315,7,False
3175,0.01447315,7,False
3176,0.01447315,8,False
3177,0.01447315,8,False
3178,0.01447315,9,False
3181,0.01447315,6,False
3182,0.01447315,6,False
3184,0.01447315,9,False
3186,0.01447315,8,False
3188,0.01447315,8,False
3189,0.01447315,7,False
319,0.01447315,9,False
3190,0.01447315,14,False
3192,0.01447315,9,False
3193,0.01447315,5,False
3195,0.01447315,8,False
3196,0.01447315,9,False
3198,0.01447315,10,False
32,0.01447315,7,False
320,0.01447315,7,False
3200,0.01447315,11,False
3201,0.01447315,14,False
3203,0.01447315,9,False
3204,0.01447315,12,False
3205,0.01447315,9,False
3207,0.01447315,8,False
3210,0.01447315,7,False
3211,0.01447315,10,False
3214,0.01447315,5,False
3215,0.01447315,8,False
3216,0.01447315,4,False
3218,0.01447315,5,False
3219,0.01447315,15,False
3221,0.01447315,7,False
3228,0.01447315,15,False
3230,0.01447315,8,False
3231,0.01447315,0,False
3233,0.01447315,6,False
3235,0.01447315,4,False
3238,0.01447315,5,False
3239,0.01447315,0,False
3242,0.01447315,0,False
3245,0.01447315,9,False
3246,0.01447315,0,False
3249,0.01447315,5,False
3250,0.01447315,4,False
3251,0.01447315,15,False
3254,0.01447315,5,False
3256,0.01447315,12,False
3257,0.01447315,9,False
3258,0.01447315,4,False
326,0.01447315,7,False
3260,0.01447315,15,False
3262,0.01447315,5,False
3263,0.01447315,5,False
3266,0.01447315,6,False
3267,0.01447315,9,False
3268,0.01447315,14,False
3274,0.01447315,6,False
3275,0.01447315,9,False
3276,0.01447315,8,False
3279,0.01447315,4,False
3282,0.01447315,9,False
3285,0.01447315,6,False
3288,0.01447315,0,False
329,0.01447315,7,False
3290,0.01447315,10,False
3292,0.01447315,4,False
3293,0.01447315,6,False
3295,0.01447315,5,False
3297,0.01447315,14,False
3298,0.01447315,2,False
3299,0.01447315,6,False
33,0.01447315,7,False
3300,0.01447315,4,False
3301,0.01447315,10,False
3303,0.01447315,7,False
3306,0.01447315,5,False
3311,0.01447315,5,False
3315,0.01447315,7,False
3316,0.01447315,6,False
3317,0.01447315,9,False
332,0.01447315,8,False
3321,0.01447315,8,False
3322,0.01447315,9,False
3323,0.01447315,14,False
3325,0.01447315,5,False
3328,0.01447315,6,False
3330,0.01447315,9,False
3332,0.01447315,14,False
3335,0.01447315,9,False
3336,0.01447315,5,False
3337,0.01447315,3,False
3340,0.01447315,3,False
3343,0.01447315,9,False
3344,0.01447315,12,False
3345,0.01447315,14,False
3346,0.01447315,9,False
3348,0.01447315,14,False
3349,0.01447315,4,False
3350,0.01447315,5,False
3351,0.01447315,9,False
3353,0.01447315,8,False
3354,0.01447315,14,False
3355,0.01447315,15,False
3356,0.01447315,10,False
3359,0.01447315,11,False
3360,0.01447315,5,False
3362,0.01447315,8,False
3363,0.01447315,6,False
3364,0.01447315,4,False
3367,0.01447315,9,False
3370,0.01447315,5,False
3371,0.01447315,5,False
3372,0.01447315,0,False
3373,0.01447315,12,False
3376,0.01447315,8,False
3377,0.01447315,9,False
3378,0.01447315,5,False
3381,0.01447315,14,False
3382,0.01447315,8,False
3383,0.01447315,8,False
3384,0.01447315,5,False
3386,0.01447315,5,False
3387,0.01447315,0,False
339,0.01447315,13,False
3391,0.01447315,15,False
3393,0.01447315,7,False
3394,0.01447315,7,False
3395,0.01447315,5,False
3397,0.01447315,8,False
3398,0.01447315,11,False
340,0.01447315,13,False
3400,0.01447315,5,False
3401,0.01447315,5,False
3402,0.01447315,4,False
3403,0.01447315,5,False
3405,0.01447315,5,False
3406,0.01447315,5,False
3407,0.01447315,12,False
341,0.01447315,13,False
3410,0.01447315,7,False
3413,0.01447315,10,False
3417,0.01447315,12,False
3419,0.01447315,8,False
342,0.01447315,13,False
3420,0.01447315,9,False
3421,0.01447315,6,False
3422,0.01447315,4,False
3425,0.01447315,5,False
3427,0.01447315,6,False
3428,0.01447315,4,False
3432,0.01447315,7,False
3433,0.01447315,14,False
3435,0.01447315,6,False
3437,0.01447315,0,False
3438,0.01447315,7,False
3439,0.01447315,11,False
344,0.01447315,13,False
3441,0.01447315,5,False
3444,0.01447315,9,False
3446,0.01447315,8,False
3447,0.01447315,5,False
3448,0.01447315,5,False
345,0.01447315,13,False
3450,0.01447315,14,False
3451,0.01447315,6,False
3452,0.01447315,1,False
3457,0.01447315,8,False
3458,0.01447315,8,False
3459,0.01447315,11,False
3460,0.01447315,8,False
3461,0.01447315,5,False
3462,0.01447315,8,False
3463,0.01447315,4,False
3468,0.01447315,7,False
3469,0.01447315,3,False
3470,0.01447315,8,False
3471,0.01447315,5,False
3473,0.01447315,5,False
3474,0.01447315,5,False
3475,0.01447315,5,False
348,0.01447315,9,False
3482,0.01447315,0,False
3484,0.01447315,12,False
3485,0.01447315,6,False
3487,0.01447315,0,False
3488,0.01447315,6,False
349,0.01447315,9,False
3494,0.01447315,6,False
3495,0.01447315,7,False
3498,0.01447315,7,False
35,0.01447315,9,False
350,0.01447315,8,False
3500,0.01447315,8,False
3501,0.01447315,8,False
3503,0.01447315,14,False
3506,0.01447315,9,False
3507,0.01447315,3,False
351,0.01447315,13,False
3511,0.01447315,4,False
3512,0.01447315,0,False
3513,0.01447315,4,False
3514,0.01447315,10,False
3516,0.01447315,7,False
3517,0.01447315,14,False
3519,0.01447315,8,False
352,0.01447315,13,False
3521,0.01447315,5,False
3523,0.01447315,1,False
3525,0.01447315,9,False
3527,0.01447315,7,False
3528,0.01447315,9,False
3529,0.01447315,5,False
353,0.01447315,13,False
3531,0.01447315,6,False
3532,0.01447315,8,False
3537,0.01447315,15,False
3538,0.01447315,0,False
3539,0.01447315,8,False
3540,0.01447315,8,False
3542,0.01447315,10,False
3543,0.01447315,6,False
3545,0.01447315,8,False
3547,0.01447315,7,False
3548,0.01447315,5,False
3549,0.01447315,11,False
3552,0.01447315,8,False
3554,0.01447315,15,False
3555,0.01447315,5,False
3556,0.01447315,8,False
356,0.01447315,13,False
3561,0.01447315,15,False
3562,0.01447315,10,False
3563,0.01447315,8,False
3565,0.01447315,5,False
3566,0.01447315,9,False
3567,0.01447315,5,False
3569,0.01447315,6,False
357,0.01447315,13,False
3572,0.01447315,9,False
3573,0.01447315,5,False
3574,0.01447315,8,False
3576,0.01447315,12,False
3579,0.01447315,9,False
358,0.01447315,13,False
3580,0.01447315,5,False
3581,0.01447315,14,False
3582,0.01447315,8,False
3584,0.01447315,4,False
3585,0.01447315,6,False
3586,0.01447315,14,False
3587,0.01447315,7,False
3589,0.01447315,6,False
359,0.01447315,13,False
3590,0.01447315,4,False
3591,0.01447315,7,False
3594,0.01447315,12,False
3596,0.01447315,7,False
3597,0.01447315,8,False
3598,0.01447315,8,False
36,0.01447315,9,False
360,0.01447315,13,False
3601,0.01447315,6,False
3603,0.01447315,10,False
3605,0.01447315,12,False
3607,0.01447315,8,False
3609,0.01447315,9,False
361,0.01447315,11,False
3611,0.01447315,8,False
3613,0.01447315,10,False
3615,0.01447315,7,False
3617,0.01447315,15,False
362,0.01447315,8,False
3620,0.01447315,8,False
3621,0.01447315,10,False
3624,0.01447315,4,False
3626,0.01447315,7,False
3628,0.01447315,6,False
3630,0.01447315,14,False
3632,0.01447315,14,False
3634,0.01447315,14,False
3637,0.01447315,5,False
3638,0.01447315,9,False
3639,0.01447315,5,False
364,0.01447315,13,False
3641,0.01447315,9,False
3645,0.01447315,8,False
3648,0.01447315,0,False
3649,0.01447315,7,False
3651,0.01447315,7,False
3653,0.01447315,12,False
3654,0.01447315,8,False
366,0.01447315,10,False
3661,0.01447315,10,False
3665,0.01447315,9,False
3666,0.01447315,7,False
3667,0.01447315,8,False
3668,0.01447315,7,False
3669,0.01447315,6,False
367,0.01447315,13,False
3673,0.01447315,9,False
3674,0.01447315,9,False
3676,0.01447315,11,False
3677,0.01447315,6,False
3678,0.01447315,6,False
368,0.01447315,13,False
3680,0.01447315,6,False
3681,0.01447315,8,False
3682,0.01447315,5,False
3683,0.01447315,5,False
3685,0.01447315,6,False
3686,0.01447315,0,False
3687,0.01447315,14,False
3689,0.01447315,8,False
369,0.01447315,13,False
3690,0.01447315,5,False
3691,0.01447315,5,False
3693,0.01447315,5,False
3696,0.01447315,6,False
3699,0.01447315,5,False
37,0.01447315,13,False
370,0.01447315,13,False
3700,0.01447315,6,False
3701,0.01447315,7,False
3702,0.01447315,4,False
3707,0.01447315,14,False
371,0.01447315,13,False
3710,0.01447315,6,False
3713,0.01447315,6,False
3715,0.01447315,10,False
3716,0.01447315,9,False
3718,0.01447315,8,False
3719,0.01447315,5,False
372,0.01447315,9,False
3720,0.01447315,9,False
3721,0.01447315,12,False
3722,0.01447315,9,False
3723,0.01447315,4,False
3724,0.01447315,14,False
3725,0.01447315,6,False
3727,0.01447315,8,False
3729,0.01447315,4,False
373,0.01447315,13,False
3731,0.01447315,14,False
3732,0.01447315,12,False
3733,0.01447315,8,False
3734,0.01447315,7,False
3736,0.01447315,14,False
3737,0.01447315,7,False
3739,0.01447315,14,False
3740,0.01447315,8,False
3742,0.01447315,8,False
3743,0.01447315,6,False
3744,0.01447315,6,False
3745,0.01447315,6,False
3746,0.01447315,6,False
3747,0.01447315,10,False
3748,0.01447315,5,False
375,0.01447315,7,False
3751,0.01447315,8,False
3752,0.01447315,0,False
3753,0.01447315,14,False
3754,0.01447315,4,False
3755,0.01447315,8,False
3756,0.01447315,8,False
3758,0.01447315,9,False
3759,0.01447315,8,False
376,0.01447315,9,False
3760,0.01447315,3,False
3761,0.01447315,9,False
3763,0.01447315,9,False
3764,0.01447315,8,False
3767,0.01447315,4,False
3768,0.01447315,12,False
377,0.01447315,10,False
3771,0.01447315,0,False
3772,0.01447315,5,False
3774,0.01447315,8,False
3776,0.01447315,9,False
3777,0.01447315,6,False
3778,0.01447315,12,False
3779,0.01447315,9,False
378,0.01447315,9,False
3780,0.01447315,5,False
3781,0.01447315,8,False
3782,0.01447315,7,False
3783,0.01447315,0,False
3785,0.01447315,4,False
3786,0.01447315,10,False
3787,0.01447315,5,False
3788,0.01447315,8,False
3789,0.01447315,8,False
379,0.01447315,6,False
3790,0.01447315,7,False
3791,0.01447315,0,False
3792,0.01447315,11,False
3795,0.01447315,7,False
3797,0.01447315,9,False
3798,0.01447315,6,False
3799,0.01447315,5,False
380,0.01447315,7,False
3801,0.01447315,0,False
3802,0.01447315,4,False
3803,0.01447315,6,False
3808,0.01447315,3,False
3809,0.01447315,12,False
381,0.01447315,6,False
3810,0.01447315,5,False
3812,0.01447315,0,False
3813,0.01447315,12,False
3814,0.01447315,9,False
3816,0.01447315,10,False
3819,0.01447315,9,False
382,0.01447315,7,False
3820,0.01447315,8,False
3821,0.01447315,0,False
3822,0.01447315,9,False
3823,0.01447315,14,False
3828,0.01447315,7,False
3829,0.01447315,6,False
383,0.01447315,7,False
3835,0.01447315,2,False
3836,0.01447315,9,False
3838,0.01447315,7,False
384,0.01447315,13,False
3840,0.01447315,6,False
3841,0.01447315,9,False
3844,0.01447315,7,False
3845,0.01447315,5,False
3847,0.01447315,10,False
3848,0.01447315,9,False
385,0.01447315,7,False
3851,0.01447315,10,False
3853,0.01447315,7,False
3854,0.01447315,8,False
3856,0.01447315,5,False
3857,0.01447315,5,False
3859,0.01447315,6,False
386,0.01447315,6,False
3862,0.01447315,14,False
3863,0.01447315,6,False
3864,0.01447315,8,False
387,0.01447315,13,False
3870,0.01447315,0,False
3871,0.01447315,5,False
3872,0.01447315,4,False
3873,0.01447315,6,False
3874,0.01447315,8,False
3875,0.01447315,8,False
3879,0.01447315,0,False
388,0.01447315,7,False
3882,0.01447315,6,False
3883,0.01447315,8,False
3884,0.01447315,8,False
3885,0.01447315,0,False
3886,0.01447315,14,False
3887,0.01447315,6,False
3888,0.01447315,14,False
3889,0.01447315,14,False
389,0.01447315,9,False
3890,0.01447315,12,False
3891,0.01447315,7,False
3892,0.01447315,4,False
3894,0.01447315,0,False
3895,0.01447315,6,False
3898,0.01447315,8,False
390,0.01447315,6,False
3901,0.01447315,8,False
3902,0.01447315,4,False
3903,0.01447315,8,False
3904,0.01447315,6,False
3905,0.01447315,0,False
3906,0.01447315,12,False
3907,0.01447315,11,False
391,0.01447315,8,False
3910,0.01447315,1,False
3913,0.01447315,14,False
3914,0.01447315,12,False
3915,0.01447315,15,False
3919,0.01447315,5,False
392,0.01447315,7,False
3921,0.01447315,9,False
3922,0.01447315,14,False
3923,0.01447315,7,False
3924,0.01447315,8,False
3925,0.01447315,15,False
3926,0.01447315,12,False
3928,0.01447315,12,False
3936,0.01447315,11,False
3937,0.01447315,7,False
3939,0.01447315,6,False
3941,0.01447315,13,False
3943,0.01447315,14,False
3946,0.01447315,8,False
3947,0.01447315,0,False
3948,0.01447315,12,False
395,0.01447315,7,False
3951,0.01447315,8,False
3953,0.01447315,13,False
3955,0.01447315,8,False
3956,0.01447315,8,False
3957,0.01447315,12,False
3959,0.01447315,5,False
396,0.01447315,7,False
3961,0.01447315,8,False
3963,0.01447315,15,False
3966,0.01447315,14,False
397,0.01447315,9,False
3970,0.01447315,5,False
3971,0.01447315,11,False
3972,0.01447315,8,False
3973,0.01447315,14,False
3974,0.01447315,8,False
3976,0.01447315,8,False
3979,0.01447315,6,False
398,0.01447315,11,False
3981,0.01447315,14,False
3986,0.01447315,9,False
3987,0.01447315,14,False
3988,0.01447315,7,False
3989,0.01447315,8,False
399,0.01447315,7,False
3990,0.01447315,14,False
3991,0.01447315,14,False
3992,0.01447315,12,False
3995,0.01447315,14,False
3996,0.01447315,12,False
3999,0.01447315,12,False
4,0.01447315,8,False
40,0.01447315,13,False
400,0.01447315,8,False
4000,0.01447315,8,False
4002,0.01447315,7,False
4003,0.01447315,8,False
4005,0.01447315,6,False
4006,0.01447315,5,True
4007,0.01447315,6,False
4008,0.01447315,6,False
4009,0.01447315,6,False
4010,0.01447315,7,False
4011,0.01447315,6,False
4012,0.01447315,5,False
4016,0.01447315,8,False
4018,0.01447315,7,False
4019,0.01447315,6,False
4021,0.01447315,6,False
4022,0.01447315,5,False
4028,0.01447315,7,False
4029,0.01447315,6,False
4030,0.01447315,6,False
4032,0.01447315,5,False
4034,0.01447315,8,False
4035,0.01447315,6,False
4036,0.01447315,6,False
4037,0.01447315,5,False
4038,0.01447315,4,False
404,0.01447315,4,False
4040,0.01447315,8,False
4045,0.01447315,8,False
4046,0.01447315,7,False
4048,0.01447315,6,False
405,0.01447315,3,False
4052,0.01447315,14,False
4057,0.01447315,5,False
4058,0.01447315,5,False
4059,0.01447315,6,False
4060,0.01447315,6,False
4061,0.01447315,9,False
4062,0.01447315,8,False
4063,0.01447315,5,False
4069,0.01447315,5,False
407,0.01447315,8,False
4072,0.01447315,5,False
4073,0.01447315,5,False
4074,0.01447315,5,False
4075,0.01447315,6,False
4076,0.01447315,6,False
4077,0.01447315,3,False
4080,0.01447315,6,False
4081,0.01447315,6,False
4082,0.01447315,4,False
4083,0.01447315,5,False
4084,0.01447315,6,False
4085,0.01447315,5,False
4086,0.01447315,5,False
4087,0.01447315,5,False
4088,0.01447315,5,False
4089,0.01447315,4,False
4090,0.01447315,4,False
4091,0.01447315,5,False
4092,0.01447315,3,False
4093,0.01447315,3,False
4094,0.01447315,6,False
4095,0.01447315,5,False
4096,0.01447315,5,False
4097,0.01447315,5,False
4098,0.01447315,5,False
4099,0.01447315,5,False
4100,0.01447315,6,False
4101,0.01447315,6,False
4102,0.01447315,6,False
4103,0.01447315,4,False
4104,0.01447315,5,False
4105,0.01447315,5,False
4107,0.01447315,3,False
4108,0.01447315,5,False
4109,0.01447315,5,False
4111,0.01447315,5,False
4117,0.01447315,8,False
4125,0.01447315,4,False
4126,0.01447315,6,True
4127,0.01447315,8,False
4128,0.01447315,8,False
4129,0.01447315,8,False
413,0.01447315,4,True
4130,0.01447315,8,True
4132,0.01447315,8,True
4133,0.01447315,8,True
4134,0.01447315,8,False
4135,0.01447315,8,False
4136,0.01447315,6,True
4137,0.01447315,5,True
4138,0.01447315,5,True
4139,0.01447315,8,False
4140,0.01447315,5,True
4141,0.01447315,8,False
4143,0.01447315,5,True
4144,0.01447315,8,False
4145,0.01447315,8,False
4146,0.01447315,6,True
4147,0.01447315,8,False
4148,0.01447315,8,False
4149,0.01447315,5,True
4151,0.01447315,8,False
4153,0.01447315,5,True
4154,0.01447315,7,False
4155,0.01447315,5,True
4156,0.01447315,5,True
4157,0.01447315,5,True
4159,0.01447315,5,True
4160,0.01447315,5,True
4161,0.01447315,6,True
4163,0.01447315,6,True
4165,0.01447315,5,True
4167,0.01447315,6,True
4173,0.01447315,7,False
4176,0.01447315,7,False
4179,0.01447315,7,False
418,0.01447315,5,False
4180,0.01447315,6,True
4182,0.01447315,5,True
4189,0.01447315,5,True
4190,0.01447315,5,True
4191,0.01447315,7,False
4192,0.01447315,6,True
4193,0.01447315,7,False
4195,0.01447315,7,False
4197,0.01447315,5,True
4199,0.01447315,7,True
42,0.01447315,10,False
420,0.01447315,5,False
4204,0.01447315,5,True
4205,0.01447315,6,True
4208,0.01447315,5,True
421,0.01447315,7,False
4218,0.01447315,4,False
4219,0.01447315,5,False
422,0.01447315,5,False
4225,0.01447315,5,True
4228,0.01447315,5,True
4229,0.01447315,8,False
423,0.01447315,8,False
4232,0.01447315,5,False
4233,0.01447315,5,True
4241,0.01447315,4,False
4242,0.01447315,7,True
4243,0.01447315,1,False
4247,0.01447315,4,False
4248,0.01447315,5,False
4250,0.01447315,7,True
4254,0.01447315,4,False
4256,0.01447315,6,True
4263,0.01447315,5,True
4266,0.01447315,11,False
4267,0.01447315,9,False
4268,0.01447315,5,True
427,0.01447315,7,False
4273,0.01447315,11,False
4274,0.01447315,5,True
4275,0.01447315,8,False
4276,0.01447315,0,False
428,0.01447315,4,False
4281,0.01447315,10,False
4283,0.01447315,5,True
4284,0.01447315,5,False
4286,0.01447315,9,False
4287,0.01447315,4,False
4288,0.01447315,5,True
4289,0.01447315,8,False
4291,0.01447315,5,True
4292,0.01447315,6,False
4294,0.01447315,5,False
4296,0.01447315,14,False
4297,0.01447315,4,False
4298,0.01447315,8,False
4299,0.01447315,6,False
430,0.01447315,5,False
4301,0.01447315,5,True
4304,0.01447315,3,False
4305,0.01447315,8,False
4306,0.01447315,4,False
4307,0.01447315,6,False
4309,0.01447315,7,False
4313,0.01447315,6,False
4315,0.01447315,7,False
4316,0.01447315,8,False
4317,0.01447315,5,True
4318,0.01447315,5,False
4319,0.01447315,7,False
4320,0.01447315,5,True
4323,0.01447315,6,False
4324,0.01447315,6,False
4326,0.01447315,6,True
4327,0.01447315,8,False
4329,0.01447315,6,False
433,0.01447315,3,False
4332,0.01447315,5,False
4333,0.01447315,8,False
4335,0.01447315,6,False
434,0.01447315,8,False
4341,0.01447315,6,False
4342,0.01447315,8,False
4346,0.01447315,5,False
4347,0.01447315,9,False
4349,0.01447315,6,False
435,0.01447315,7,False
4352,0.01447315,5,False
4353,0.01447315,8,False
4355,0.01447315,5,False
4357,0.01447315,5,False
4359,0.01447315,6,False
4360,0.01447315,6,False
4361,0.01447315,7,False
4363,0.01447315,6,False
4364,0.01447315,3,False
4367,0.01447315,7,False
4368,0.01447315,8,False
4369,0.01447315,3,False
437,0.01447315,5,False
4370,0.01447315,6,False
4371,0.01447315,6,False
4372,0.01447315,7,False
4373,0.01447315,7,False
4374,0.01447315,7,False
4378,0.01447315,7,False
438,0.01447315,6,False
4381,0.01447315,5,False
4383,0.01447315,5,False
4385,0.01447315,6,False
4386,0.01447315,6,False
4387,0.01447315,6,False
4388,0.01447315,7,False
4389,0.01447315,7,False
439,0.01447315,8,False
4390,0.01447315,9,False
4394,0.01447315,3,False
4397,0.01447315,6,False
4398,0.01447315,7,False
440,0.01447315,4,False
4404,0.01447315,5,False
4407,0.01447315,7,False
4414,0.01447315,11,False
4415,0.01447315,8,False
4416,0.01447315,9,False
4418,0.01447315,4,False
4419,0.01447315,11,False
4420,0.01447315,7,True
4421,0.01447315,9,False
4423,0.01447315,9,False
4424,0.01447315,11,False
4426,0.01447315,8,False
4427,0.01447315,9,False
4428,0.01447315,10,False
443,0.01447315,5,False
4432,0.01447315,9,False
4433,0.01447315,14,False
4434,0.01447315,7,True
4437,0.01447315,7,False
4438,0.01447315,9,False
4440,0.01447315,5,True
4442,0.01447315,6,False
4443,0.01447315,7,False
4444,0.01447315,12,False
4445,0.01447315,5,False
4446,0.01447315,7,True
4449,0.01447315,7,False
4451,0.01447315,9,False
4452,0.01447315,6,True
4455,0.01447315,7,False
4456,0.01447315,7,False
4457,0.01447315,12,False
4458,0.01447315,11,False
4459,0.01447315,7,False
4460,0.01447315,5,False
4462,0.01447315,12,False
4463,0.01447315,6,True
4464,0.01447315,7,False
447,0.01447315,6,False
4472,0.01447315,6,False
4473,0.01447315,6,False
4479,0.01447315,6,True
4480,0.01447315,4,False
4482,0.01447315,9,False
4485,0.01447315,11,False
4487,0.01447315,7,False
4488,0.01447315,7,False
4490,0.01447315,6,True
4493,0.01447315,9,False
4499,0.01447315,5,False
45,0.01447315,7,False
4502,0.01447315,7,False
4505,0.01447315,5,False
4507,0.01447315,4,False
4509,0.01447315,5,False
4510,0.01447315,5,True
4511,0.01447315,6,False
4512,0.01447315,4,False
4514,0.01447315,12,False
4516,0.01447315,5,True
4517,0.01447315,6,False
4518,0.01447315,0,False
4519,0.01447315,5,False
4521,0.01447315,5,False
4522,0.01447315,5,True
4523,0.01447315,7,False
4527,0.01447315,14,False
4528,0.01447315,9,False
4529,0.01447315,6,False
4532,0.01447315,5,False
4534,0.01447315,0,False
4535,0.01447315,7,False
4539,0.01447315,6,False
454,0.01447315,6,False
4540,0.01447315,6,False
4541,0.01447315,7,False
4542,0.01447315,5,False
4543,0.01447315,5,True
4545,0.01447315,10,False
4547,0.01447315,11,False
4548,0.01447315,11,False
4549,0.01447315,6,False
4550,0.01447315,11,False
4551,0.01447315,11,False
4556,0.01447315,11,False
4557,0.01447315,5,False
4559,0.01447315,11,False
4562,0.01447315,8,False
4564,0.01447315,11,False
4565,0.01447315,11,False
4568,0.01447315,11,False
457,0.01447315,5,False
4572,0.01447315,7,False
4573,0.01447315,7,False
4577,0.01447315,6,False
4579,0.01447315,11,False
4580,0.01447315,11,False
4583,0.01447315,11,False
4584,0.01447315,11,False
4585,0.01447315,11,False
4587,0.01447315,9,False
459,0.01447315,3,True
4591,0.01447315,10,False
4593,0.01447315,10,False
4594,0.01447315,11,False
4595,0.01447315,11,False
4599,0.01447315,11,False
4601,0.01447315,4,False
4602,0.01447315,11,False
4603,0.01447315,7,False
4607,0.01447315,6,False
4608,0.01447315,5,False
4609,0.01447315,6,True
461,0.01447315,3,True
4615,0.01447315,6,True
4616,0.01447315,4,False
4618,0.01447315,7,False
4619,0.01447315,12,False
4622,0.01447315,5,True
4623,0.01447315,7,False
4624,0.01447315,12,False
4625,0.01447315,4,False
4627,0.01447315,5,False
4629,0.01447315,12,False
463,0.01447315,4,True
4631,0.01447315,5,True
4632,0.01447315,6,False
4639,0.01447315,9,False
464,0.01447315,3,True
4641,0.01447315,5,True
4642,0.01447315,6,True
4646,0.01447315,6,False
4647,0.01447315,5,True
4648,0.01447315,5,True
4649,0.01447315,9,False
465,0.01447315,6,False
4650,0.01447315,9,False
4651,0.01447315,6,False
4652,0.01447315,4,False
4654,0.01447315,5,True
4656,0.01447315,9,False
4658,0.01447315,3,False
466,0.01447315,5,False
4660,0.01447315,7,False
4661,0.01447315,9,False
4662,0.01447315,9,False
4664,0.01447315,9,False
4665,0.01447315,5,False
4667,0.01447315,5,False
4669,0.01447315,6,False
467,0.01447315,5,False
4670,0.01447315,7,False
4674,0.01447315,6,False
4675,0.01447315,4,False
4677,0.01447315,7,False
4678,0.01447315,8,False
4679,0.01447315,4,False
468,0.01447315,4,True
4681,0.01447315,5,False
4682,0.01447315,5,True
4683,0.01447315,9,False
4684,0.01447315,12,False
4685,0.01447315,7,False
4687,0.01447315,7,False
4689,0.01447315,10,False
4690,0.01447315,6,True
4691,0.01447315,9,False
4693,0.01447315,7,False
4694,0.01447315,7,False
4695,0.01447315,12,False
4696,0.01447315,8,False
4697,0.01447315,7,False
4698,0.01447315,3,False
47,0.01447315,13,False
470,0.01447315,5,False
4701,0.01447315,4,False
4702,0.01447315,6,False
4704,0.01447315,5,False
4705,0.01447315,5,True
4706,0.01447315,9,False
4709,0.01447315,5,True
4710,0.01447315,6,True
4711,0.01447315,9,False
4712,0.01447315,7,True
4713,0.01447315,9,False
4714,0.01447315,5,False
4715,0.01447315,6,False
4716,0.01447315,5,True
4718,0.01447315,5,True
4719,0.01447315,8,False
4721,0.01447315,7,False
4722,0.01447315,5,True
4724,0.01447315,5,True
4725,0.01447315,6,False
4726,0.01447315,7,False
4727,0.01447315,6,False
4728,0.01447315,6,False
4729,0.01447315,9,False
4730,0.01447315,9,False
4732,0.01447315,9,False
4733,0.01447315,6,False
4734,0.01447315,5,False
4737,0.01447315,9,False
4739,0.01447315,9,False
474,0.01447315,6,False
4740,0.01447315,6,False
4741,0.01447315,9,False
4742,0.01447315,7,False
4744,0.01447315,6,True
4746,0.01447315,7,True
4747,0.01447315,6,False
4749,0.01447315,7,False
475,0.01447315,7,False
4750,0.01447315,9,False
4752,0.01447315,7,True
4753,0.01447315,6,False
4754,0.01447315,4,False
4756,0.01447315,5,True
4757,0.01447315,6,True
4758,0.01447315,6,False
4759,0.01447315,5,False
4761,0.01447315,10,False
4762,0.01447315,4,False
4763,0.01447315,7,False
4765,0.01447315,5,False
4766,0.01447315,6,False
4767,0.01447315,5,True
4768,0.01447315,12,False
4769,0.01447315,6,False
4770,0.01447315,9,False
4771,0.01447315,3,False
4773,0.01447315,7,False
4774,0.01447315,8,False
4775,0.01447315,8,False
4776,0.01447315,4,False
4777,0.01447315,7,False
4779,0.01447315,8,False
4780,0.01447315,7,False
4781,0.01447315,6,False
4782,0.01447315,7,False
4785,0.01447315,7,False
4787,0.01447315,7,False
4788,0.01447315,9,False
479,0.01447315,8,False
4792,0.01447315,9,False
4794,0.01447315,7,False
4795,0.01447315,6,True
4798,0.01447315,2,False
4799,0.01447315,6,False
4801,0.01447315,6,False
4802,0.01447315,7,False
4803,0.01447315,8,False
4804,0.01447315,5,True
4805,0.01447315,4,False
4807,0.01447315,10,False
4809,0.01447315,7,False
4810,0.01447315,9,False
4811,0.01447315,5,True
4814,0.01447315,3,False
4815,0.01447315,4,False
4816,0.01447315,8,False
4817,0.01447315,5,True
4819,0.01447315,12,False
4820,0.01447315,9,False
4822,0.01447315,9,False
4823,0.01447315,6,False
4824,0.01447315,6,True
4829,0.01447315,3,False
483,0.01447315,4,False
4830,0.01447315,7,False
4831,0.01447315,7,False
4832,0.01447315,12,False
4834,0.01447315,9,False
4836,0.01447315,5,False
4837,0.01447315,5,False
4838,0.01447315,7,False
4840,0.01447315,11,False
4842,0.01447315,6,False
4843,0.01447315,7,False
4844,0.01447315,5,False
4845,0.01447315,4,False
4846,0.01447315,8,False
485,0.01447315,3,False
4850,0.01447315,8,False
4851,0.01447315,4,False
4852,0.01447315,9,False
4853,0.01447315,5,False
4854,0.01447315,5,True
4855,0.01447315,5,False
4857,0.01447315,8,False
4858,0.01447315,8,False
4859,0.01447315,5,False
486,0.01447315,6,False
4860,0.01447315,4,False
4863,0.01447315,8,False
4864,0.01447315,4,False
4865,0.01447315,5,True
4866,0.01447315,6,False
4867,0.01447315,4,False
4868,0.01447315,6,True
4869,0.01447315,4,False
4872,0.01447315,5,False
4873,0.01447315,6,False
4874,0.01447315,6,True
4877,0.01447315,6,False
4879,0.01447315,8,False
4881,0.01447315,4,False
4882,0.01447315,7,False
4883,0.01447315,5,False
4887,0.01447315,3,False
4888,0.01447315,4,False
4889,0.01447315,7,False
4890,0.01447315,5,False
4891,0.01447315,5,True
4892,0.01447315,10,False
4895,0.01447315,6,False
4896,0.01447315,6,False
4897,0.01447315,5,True
4898,0.01447315,12,False
4899,0.01447315,5,True
49,0.01447315,7,False
4900,0.01447315,7,False
4901,0.01447315,9,False
4903,0.01447315,7,False
4904,0.01447315,12,False
4905,0.01447315,5,True
4906,0.01447315,5,False
4909,0.01447315,6,False
491,0.01447315,4,False
4910,0.01447315,9,False
4911,0.01447315,8,False
4915,0.01447315,11,False
4916,0.01447315,5,True
492,0.01447315,8,False
4920,0.01447315,7,False
4921,0.01447315,7,False
4925,0.01447315,11,False
4927,0.01447315,7,False
4928,0.01447315,8,False
4929,0.01447315,8,False
4930,0.01447315,6,False
4931,0.01447315,7,True
4932,0.01447315,5,True
4933,0.01447315,6,True
4934,0.01447315,7,False
4935,0.01447315,6,False
494,0.01447315,8,False
4940,0.01447315,8,False
4942,0.01447315,6,False
4943,0.01447315,5,True
4944,0.01447315,5,True
4945,0.01447315,4,False
4949,0.01447315,4,False
495,0.01447315,7,False
4951,0.01447315,4,False
4952,0.01447315,5,True
4953,0.01447315,12,False
4955,0.01447315,4,False
4956,0.01447315,5,True
4957,0.01447315,8,False
496,0.01447315,8,False
4960,0.01447315,6,True
4961,0.01447315,5,False
4966,0.01447315,5,True
4977,0.01447315,5,True
4980,0.01447315,7,True
4981,0.01447315,7,False
4983,0.01447315,7,True
4986,0.01447315,7,False
4987,0.01447315,7,False
499,0.01447315,6,False
4992,0.01447315,5,True
4994,0.01447315,5,True
4997,0.01447315,7,False
4998,0.01447315,8,False
5,0.01447315,12,False
50,0.01447315,13,False
500,0.01447315,7,False
5001,0.01447315,11,False
5002,0.01447315,11,False
5004,0.01447315,9,False
5005,0.01447315,8,False
5006,0.01447315,10,False
5007,0.01447315,9,False
5009,0.01447315,9,False
501,0.01447315,6,False
5011,0.01447315,6,False
5013,0.01447315,11,False
5014,0.01447315,10,False
5015,0.01447315,11,False
5027,0.01447315,5,False
5028,0.01447315,11,False
5031,0.01447315,11,False
5032,0.01447315,9,False
5033,0.01447315,5,False
5034,0.01447315,8,False
5036,0.01447315,8,False
5040,0.01447315,5,False
5042,0.01447315,8,False
5043,0.01447315,11,False
5046,0.01447315,10,False
5049,0.01447315,1,False
505,0.01447315,0,False
5050,0.01447315,10,False
5051,0.01447315,11,False
5052,0.01447315,11,False
5054,0.01447315,11,False
5055,0.01447315,11,False
5056,0.01447315,11,False
5057,0.01447315,12,False
5058,0.01447315,11,False
5060,0.01447315,10,False
5061,0.01447315,12,False
5063,0.01447315,11,False
5065,0.01447315,8,False
5066,0.01447315,6,False
5069,0.01447315,12,False
507,0.01447315,0,False
5070,0.01447315,5,False
5071,0.01447315,12,False
5073,0.01447315,11,False
5074,0.01447315,8,False
5075,0.01447315,8,False
5076,0.01447315,6,False
5077,0.01447315,6,False
5078,0.01447315,6,False
5079,0.01447315,11,False
5080,0.01447315,11,False
5081,0.01447315,11,False
5082,0.01447315,8,False
5083,0.01447315,11,False
5084,0.01447315,11,False
5085,0.01447315,12,False
5087,0.01447315,5,False
5088,0.01447315,6,False
5089,0.01447315,8,False
5090,0.01447315,6,False
5091,0.01447315,6,False
5092,0.01447315,8,False
5093,0.01447315,6,False
5094,0.01447315,6,False
5095,0.01447315,6,False
5097,0.01447315,10,False
5098,0.01447315,8,False
5099,0.01447315,8,False
51,0.01447315,13,False
5100,0.01447315,5,False
5101,0.01447315,11,False
5102,0.01447315,6,False
5104,0.01447315,11,False
5109,0.01447315,10,False
5110,0.01447315,7,False
5111,0.01447315,11,False
5112,0.01447315,6,False
5113,0.01447315,12,False
5117,0.01447315,8,False
512,0.01447315,0,False
5120,0.01447315,7,False
5124,0.01447315,6,False
5125,0.01447315,11,False
5130,0.01447315,8,False
5132,0.01447315,6,False
5134,0.01447315,6,False
5136,0.01447315,12,False
5138,0.01447315,10,False
514,0.01447315,0,False
5141,0.01447315,4,False
5142,0.01447315,6,False
5144,0.01447315,5,False
5148,0.01447315,10,False
5149,0.01447315,6,False
5150,0.01447315,6,False
5152,0.01447315,9,False
5153,0.01447315,10,False
5154,0.01447315,12,False
5155,0.01447315,6,False
5156,0.01447315,8,False
5158,0.01447315,6,False
5159,0.01447315,6,False
516,0.01447315,0,False
5160,0.01447315,6,False
5162,0.01447315,6,False
5164,0.01447315,10,False
5165,0.01447315,11,False
5168,0.01447315,6,False
517,0.01447315,0,False
5171,0.01447315,10,False
5173,0.01447315,10,False
5174,0.01447315,10,False
5175,0.01447315,6,False
5176,0.01447315,6,False
5177,0.01447315,10,False
5178,0.01447315,10,False
5179,0.01447315,5,False
518,0.01447315,4,True
5180,0.01447315,7,False
5181,0.01447315,10,False
5185,0.01447315,6,False
5186,0.01447315,6,False
5187,0.01447315,6,False
5189,0.01447315,10,False
5190,0.01447315,10,False
5193,0.01447315,6,False
5199,0.01447315,6,False
52,0.01447315,11,False
520,0.01447315,0,False
5201,0.01447315,10,False
5209,0.01447315,11,False
521,0.01447315,4,True
5212,0.01447315,6,False
5213,0.01447315,6,False
5214,0.01447315,5,False
5215,0.01447315,11,False
5216,0.01447315,6,False
5217,0.01447315,11,False
5218,0.01447315,10,False
5219,0.01447315,6,False
5222,0.01447315,8,False
5223,0.01447315,6,False
5224,0.01447315,10,False
5226,0.01447315,6,False
5228,0.01447315,8,False
5229,0.01447315,6,False
523,0.01447315,0,False
5230,0.01447315,6,False
5232,0.01447315,11,False
5233,0.01447315,8,False
5235,0.01447315,11,False
5236,0.01447315,8,False
5237,0.01447315,11,False
5242,0.01447315,0,False
5243,0.01447315,6,False
5244,0.01447315,8,False
5246,0.01447315,10,False
5248,0.01447315,10,False
525,0.01447315,6,False
5253,0.01447315,5,False
5254,0.01447315,8,False
5255,0.01447315,5,False
5256,0.01447315,11,False
5257,0.01447315,6,False
5258,0.01447315,6,False
5259,0.01447315,6,False
5261,0.01447315,6,False
5262,0.01447315,6,False
5263,0.01447315,8,False
5264,0.01447315,8,False
5265,0.01447315,8,False
5266,0.01447315,6,False
5267,0.01447315,8,False
5268,0.01447315,8,False
527,0.01447315,5,False
5270,0.01447315,6,False
5271,0.01447315,4,False
5272,0.01447315,6,False
5273,0.01447315,6,False
5274,0.01447315,6,False
5275,0.01447315,6,False
5276,0.01447315,6,False
5277,0.01447315,8,False
5278,0.01447315,8,False
5279,0.01447315,8,False
528,0.01447315,6,False
5280,0.01447315,6,False
5281,0.01447315,7,False
5282,0.01447315,8,False
5283,0.01447315,6,False
5285,0.01447315,8,False
5286,0.01447315,8,False
5287,0.01447315,8,False
5288,0.01447315,7,False
5289,0.01447315,6,False
5290,0.01447315,6,False
5291,0.01447315,8,False
5292,0.01447315,8,False
5293,0.01447315,6,False
5294,0.01447315,8,False
5295,0.01447315,8,False
5296,0.01447315,6,False
5297,0.01447315,6,False
5298,0.01447315,8,False
5299,0.01447315,8,False
53,0.01447315,10,False
5301,0.01447315,6,False
5302,0.01447315,8,False
5303,0.01447315,8,False
5304,0.01447315,6,False
5305,0.01447315,8,False
5306,0.01447315,6,False
5307,0.01447315,8,False
5308,0.01447315,6,False
5309,0.01447315,6,False
5310,0.01447315,6,False
5311,0.01447315,7,False
5315,0.01447315,5,False
532,0.01447315,0,False
5321,0.01447315,6,False
5322,0.01447315,8,False
5323,0.01447315,7,False
5325,0.01447315,6,False
5329,0.01447315,11,False
533,0.01447315,3,True
5331,0.01447315,11,False
5332,0.01447315,8,False
5336,0.01447315,4,False
5337,0.01447315,11,False
5338,0.01447315,8,False
5339,0.01447315,0,False
5340,0.01447315,8,False
5341,0.01447315,8,False
5342,0.01447315,0,False
5344,0.01447315,6,False
5348,0.01447315,6,False
5351,0.01447315,10,False
5352,0.01447315,6,False
5354,0.01447315,7,False
5356,0.01447315,5,False
5357,0.01447315,0,False
5358,0.01447315,6,False
5359,0.01447315,4,False
536,0.01447315,8,False
5361,0.01447315,12,False
5362,0.01447315,12,False
5363,0.01447315,5,False
5364,0.01447315,5,False
5368,0.01447315,5,False
5369,0.01447315,5,False
537,0.01447315,6,False
5370,0.01447315,5,False
5371,0.01447315,5,False
5372,0.01447315,7,False
5373,0.01447315,6,False
5374,0.01447315,6,False
5375,0.01447315,6,False
5376,0.01447315,8,False
5377,0.01447315,6,False
5382,0.01447315,10,False
5384,0.01447315,10,False
5385,0.01447315,8,False
5386,0.01447315,6,False
5387,0.01447315,6,False
5388,0.01447315,6,False
5389,0.01447315,10,False
539,0.01447315,7,False
5392,0.01447315,11,False
5394,0.01447315,8,False
5395,0.01447315,8,False
5396,0.01447315,8,False
5397,0.01447315,6,False
54,0.01447315,10,False
540,0.01447315,3,True
5402,0.01447315,11,False
5406,0.01447315,10,False
5407,0.01447315,7,False
5408,0.01447315,8,False
5409,0.01447315,11,False
541,0.01447315,3,True
5411,0.01447315,11,False
5412,0.01447315,8,False
5413,0.01447315,8,False
5417,0.01447315,8,False
542,0.01447315,5,False
5425,0.01447315,11,False
5428,0.01447315,10,False
5429,0.01447315,6,False
5436,0.01447315,6,False
5437,0.01447315,6,False
5438,0.01447315,8,False
544,0.01447315,6,False
5440,0.01447315,10,False
5441,0.01447315,6,False
5444,0.01447315,10,False
5445,0.01447315,6,False
5446,0.01447315,6,False
5449,0.01447315,11,False
545,0.01447315,5,False
5459,0.01447315,10,False
546,0.01447315,8,False
5460,0.01447315,6,False
5463,0.01447315,10,False
5465,0.01447315,6,False
5467,0.01447315,8,False
5468,0.01447315,3,False
5469,0.01447315,11,False
547,0.01447315,8,False
5475,0.01447315,8,False
5476,0.01447315,6,False
5477,0.01447315,8,False
5478,0.01447315,9,False
5479,0.01447315,5,False
548,0.01447315,7,False
5480,0.01447315,6,False
5481,0.01447315,6,False
5485,0.01447315,5,False
5486,0.01447315,12,False
5489,0.01447315,12,False
5490,0.01447315,8,False
5491,0.01447315,6,False
5496,0.01447315,8,False
5498,0.01447315,8,False
55,0.01447315,7,False
5500,0.01447315,8,False
5502,0.01447315,5,False
5504,0.01447315,12,False
5506,0.01447315,4,False
5508,0.01447315,7,False
5511,0.01447315,7,False
5516,0.01447315,10,False
5517,0.01447315,5,False
5518,0.01447315,9,False
5519,0.01447315,6,False
5522,0.01447315,7,False
5523,0.01447315,9,False
5524,0.01447315,12,False
5526,0.01447315,4,False
5534,0.01447315,8,False
5537,0.01447315,9,False
5538,0.01447315,11,False
5540,0.01447315,6,False
5541,0.01447315,11,False
5542,0.01447315,9,False
5547,0.01447315,6,False
5548,0.01447315,11,False
555,0.01447315,5,False
5550,0.01447315,9,False
5552,0.01447315,5,False
5556,0.01447315,8,False
5558,0.01447315,7,False
556,0.01447315,6,False
5562,0.01447315,5,False
5564,0.01447315,5,False
5566,0.01447315,11,False
5568,0.01447315,11,False
557,0.01447315,8,False
5570,0.01447315,4,False
5574,0.01447315,12,False
5575,0.01447315,5,False
5576,0.01447315,5,False
5577,0.01447315,4,False
5579,0.01447315,12,False
5581,0.01447315,5,False
5590,0.01447315,8,False
5593,0.01447315,6,False
5597,0.01447315,7,False
5598,0.01447315,6,False
5599,0.01447315,5,False
56,0.01447315,7,False
560,0.01447315,10,False
5602,0.01447315,5,False
5604,0.01447315,10,False
5605,0.01447315,11,False
5607,0.01447315,7,False
5610,0.01447315,6,False
5611,0.01447315,6,False
5612,0.01447315,5,False
5616,0.01447315,4,False
5618,0.01447315,5,False
5619,0.01447315,3,False
562,0.01447315,10,False
5625,0.01447315,5,False
5626,0.01447315,6,False
5627,0.01447315,8,False
5628,0.01447315,12,False
5630,0.01447315,5,False
5631,0.01447315,12,False
5634,0.01447315,3,False
5637,0.01447315,8,False
5638,0.01447315,5,False
5639,0.01447315,12,False
564,0.01447315,10,False
5642,0.01447315,6,False
5644,0.01447315,8,False
5645,0.01447315,5,False
5647,0.01447315,11,False
5649,0.01447315,10,False
565,0.01447315,6,False
5651,0.01447315,8,False
5652,0.01447315,10,False
5654,0.01447315,7,False
5656,0.01447315,8,False
5657,0.01447315,8,False
5658,0.01447315,5,False
5659,0.01447315,8,False
5660,0.01447315,8,False
5661,0.01447315,11,False
5662,0.01447315,11,False
5663,0.01447315,8,False
5665,0.01447315,6,False
5668,0.01447315,6,False
567,0.01447315,10,False
5671,0.01447315,9,False
5675,0.01447315,8,False
5677,0.01447315,12,False
5679,0.01447315,6,False
5680,0.01447315,8,False
5681,0.01447315,6,False
5685,0.01447315,9,False
5686,0.01447315,5,False
5687,0.01447315,10,False
569,0.01447315,0,False
5691,0.01447315,5,False
5692,0.01447315,5,False
5696,0.01447315,8,False
57,0.01447315,7,False
5700,0.01447315,11,False
5702,0.01447315,12,False
5706,0.01447315,10,False
5708,0.01447315,12,False
5709,0.01447315,6,False
5712,0.01447315,12,False
5713,0.01447315,10,False
5715,0.01447315,12,False
5716,0.01447315,10,False
5718,0.01447315,11,False
572,0.01447315,10,False
5720,0.01447315,10,False
5722,0.01447315,8,False
5723,0.01447315,8,False
5726,0.01447315,6,False
5729,0.01447315,8,False
5730,0.01447315,6,False
5731,0.01447315,7,False
5739,0.01447315,12,False
5742,0.01447315,8,False
5744,0.01447315,11,False
5746,0.01447315,11,False
5749,0.01447315,10,False
575,0.01447315,10,False
5750,0.01447315,5,False
5752,0.01447315,6,False
5753,0.01447315,11,False
5754,0.01447315,5,False
5756,0.01447315,11,False
576,0.01447315,10,False
5762,0.01447315,10,False
5764,0.01447315,12,False
5766,0.01447315,12,False
5774,0.01447315,7,False
5776,0.01447315,8,False
5777,0.01447315,11,False
578,0.01447315,12,False
5783,0.01447315,6,False
5784,0.01447315,10,False
5786,0.01447315,4,False
5787,0.01447315,8,False
5789,0.01447315,6,False
5790,0.01447315,10,False
5792,0.01447315,8,False
5796,0.01447315,7,False
5798,0.01447315,6,False
5799,0.01447315,11,False
58,0.01447315,10,False
5802,0.01447315,6,False
5803,0.01447315,11,False
5804,0.01447315,1,False
5805,0.01447315,11,False
5806,0.01447315,6,False
5807,0.01447315,8,False
5808,0.01447315,10,False
581,0.01447315,0,False
5810,0.01447315,11,False
5811,0.01447315,10,False
5813,0.01447315,12,False
5814,0.01447315,6,False
5820,0.01447315,8,False
5821,0.01447315,12,False
5823,0.01447315,12,False
5826,0.01447315,12,False
5827,0.01447315,6,False
5828,0.01447315,6,False
5830,0.01447315,4,False
5831,0.01447315,6,False
5832,0.01447315,3,False
5834,0.01447315,10,False
5836,0.01447315,7,False
5841,0.01447315,5,False
5845,0.01447315,8,False
5846,0.01447315,3,False
5849,0.01447315,11,False
585,0.01447315,11,False
5850,0.01447315,12,False
5856,0.01447315,11,False
5857,0.01447315,6,False
5858,0.01447315,6,False
5859,0.01447315,6,False
586,0.01447315,10,False
5860,0.01447315,8,False
5862,0.01447315,11,False
5866,0.01447315,6,False
5867,0.01447315,6,False
587,0.01447315,10,False
5871,0.01447315,6,False
5872,0.01447315,9,False
5873,0.01447315,6,False
5876,0.01447315,7,False
5877,0.01447315,6,False
5882,0.01447315,4,False
5884,0.01447315,9,False
5885,0.01447315,6,False
5886,0.01447315,4,False
5887,0.01447315,11,False
5889,0.01447315,4,False
589,0.01447315,10,False
5894,0.01447315,4,False
5895,0.01447315,10,False
5897,0.01447315,11,False
59,0.01447315,9,False
5900,0.01447315,8,False
5901,0.01447315,8,False
5902,0.01447315,12,False
5904,0.01447315,11,False
5910,0.01447315,11,False
5912,0.01447315,6,False
5914,0.01447315,5,False
5919,0.01447315,5,False
5921,0.01447315,1,False
5925,0.01447315,6,False
5926,0.01447315,8,False
5928,0.01447315,8,False
593,0.01447315,14,False
5931,0.01447315,11,False
5934,0.01447315,11,False
5937,0.01447315,6,False
5938,0.01447315,9,False
5939,0.01447315,11,False
594,0.01447315,10,False
5942,0.01447315,11,False
5943,0.01447315,11,False
5944,0.01447315,9,False
5945,0.01447315,11,False
5949,0.01447315,11,False
5951,0.01447315,6,False
5953,0.01447315,6,False
5954,0.01447315,11,False
5955,0.01447315,5,False
5957,0.01447315,8,False
5959,0.01447315,6,False
596,0.01447315,8,False
5962,0.01447315,8,False
5963,0.01447315,11,False
5965,0.01447315,6,False
5966,0.01447315,3,False
5968,0.01447315,11,False
5972,0.01447315,11,False
5973,0.01447315,7,False
5976,0.01447315,11,False
5977,0.01447315,7,False
5981,0.01447315,9,False
5982,0.01447315,8,False
5983,0.01447315,7,False
5984,0.01447315,12,False
5985,0.01447315,12,False
5986,0.01447315,7,False
5988,0.01447315,8,False
5989,0.01447315,8,False
5990,0.01447315,8,False
5994,0.01447315,7,False
5995,0.01447315,6,False
5996,0.01447315,5,False
5997,0.01447315,5,False
5998,0.01447315,8,False
6,0.01447315,12,False
60,0.01447315,6,False
600,0.01447315,9,False
6001,0.01447315,8,False
6003,0.01447315,11,False
6004,0.01447315,8,False
6005,0.01447315,8,False
6006,0.01447315,7,False
6007,0.01447315,7,False
6008,0.01447315,6,False
6014,0.01447315,8,False
6016,0.01447315,7,False
6017,0.01447315,5,True
6018,0.01447315,6,False
6020,0.01447315,8,False
6021,0.01447315,8,False
6022,0.01447315,8,False
6024,0.01447315,8,False
6025,0.01447315,7,False
6026,0.01447315,8,False
6027,0.01447315,7,False
6030,0.01447315,5,True
6031,0.01447315,6,True
6032,0.01447315,6,True
6035,0.01447315,8,False
6036,0.01447315,5,True
6037,0.01447315,5,True
6047,0.01447315,8,False
6048,0.01447315,8,True
6056,0.01447315,7,False
6057,0.01447315,5,True
6059,0.01447315,6,True
6060,0.01447315,5,True
6061,0.01447315,7,False
6063,0.01447315,5,True
6065,0.01447315,8,False
6066,0.01447315,5,True
6067,0.01447315,6,True
6068,0.01447315,7,True
6069,0.01447315,6,True
6070,0.01447315,6,True
6071,0.01447315,8,False
6072,0.01447315,8,False
6074,0.01447315,8,False
6076,0.01447315,5,True
6078,0.01447315,8,False
6079,0.01447315,8,False
6081,0.01447315,7,True
6082,0.01447315,5,True
6083,0.01447315,5,True
6085,0.01447315,7,False
6086,0.01447315,5,True
6089,0.01447315,5,True
6091,0.01447315,8,False
6092,0.01447315,8,False
6093,0.01447315,8,False
6096,0.01447315,7,False
6097,0.01447315,8,False
6098,0.01447315,5,True
6099,0.01447315,7,False
6100,0.01447315,7,False
6101,0.01447315,5,True
6102,0.01447315,5,True
6103,0.01447315,8,False
6104,0.01447315,6,True
6105,0.01447315,8,False
6106,0.01447315,7,True
6107,0.01447315,8,False
6108,0.01447315,8,False
6109,0.01447315,7,False
6110,0.01447315,8,False
6111,0.01447315,6,True
6112,0.01447315,5,True
6113,0.01447315,9,False
6114,0.01447315,5,True
6117,0.01447315,5,True
6120,0.01447315,6,True
6121,0.01447315,8,True
6122,0.01447315,13,False
6123,0.01447315,7,False
6124,0.01447315,5,True
6125,0.01447315,7,False
6126,0.01447315,6,False
6128,0.01447315,9,True
6129,0.01447315,6,True
6130,0.01447315,10,False
6131,0.01447315,7,True
6133,0.01447315,6,True
6134,0.01447315,9,True
6138,0.01447315,8,False
614,0.01447315,0,False
6140,0.01447315,6,True
6142,0.01447315,8,False
6143,0.01447315,7,True
6145,0.01447315,9,True
6149,0.01447315,5,True
6151,0.01447315,7,True
6152,0.01447315,8,True
6154,0.01447315,8,False
6158,0.01447315,7,False
6159,0.01447315,7,True
6160,0.01447315,5,True
6163,0.01447315,8,True
6165,0.01447315,5,True
6167,0.01447315,7,False
6169,0.01447315,8,False
617,0.01447315,0,False
6170,0.01447315,10,False
6171,0.01447315,8,True
6172,0.01447315,7,False
6175,0.01447315,6,True
6176,0.01447315,7,True
6177,0.01447315,6,False
6178,0.01447315,6,True
6179,0.01447315,4,False
6183,0.01447315,6,True
6185,0.01447315,10,True
6186,0.01447315,6,True
6187,0.01447315,11,False
6189,0.01447315,6,True
6190,0.01447315,5,True
6191,0.01447315,6,True
6192,0.01447315,12,False
6197,0.01447315,6,True
6199,0.01447315,6,True
62,0.01447315,7,False
620,0.01447315,0,False
6203,0.01447315,8,False
6205,0.01447315,7,False
6208,0.01447315,8,True
6209,0.01447315,8,False
6211,0.01447315,6,False
6212,0.01447315,7,False
6214,0.01447315,5,True
6215,0.01447315,6,True
6219,0.01447315,5,True
622,0.01447315,9,False
6220,0.01447315,8,True
6222,0.01447315,11,False
6224,0.01447315,6,True
6230,0.01447315,7,True
6232,0.01447315,8,False
6233,0.01447315,8,False
6239,0.01447315,8,False
6242,0.01447315,10,False
6245,0.01447315,8,False
6247,0.01447315,6,True
6249,0.01447315,9,True
6250,0.01447315,8,False
6251,0.01447315,7,True
6252,0.01447315,8,False
6253,0.01447315,5,True
6259,0.01447315,6,True
626,0.01447315,13,False
6260,0.01447315,7,False
6261,0.01447315,8,True
6262,0.01447315,10,False
6263,0.01447315,7,True
6268,0.01447315,5,True
6269,0.01447315,9,True
627,0.01447315,13,False
6270,0.01447315,5,True
6271,0.01447315,6,False
6272,0.01447315,7,True
6273,0.01447315,8,False
6276,0.01447315,5,True
6277,0.01447315,7,False
6280,0.01447315,8,False
6281,0.01447315,12,False
6284,0.01447315,9,True
6286,0.01447315,7,False
6287,0.01447315,12,False
6288,0.01447315,5,True
6289,0.01447315,7,False
629,0.01447315,10,False
6290,0.01447315,6,True
6293,0.01447315,9,True
6294,0.01447315,5,True
6295,0.01447315,5,True
6297,0.01447315,10,False
6299,0.01447315,5,False
63,0.01447315,7,False
630,0.01447315,7,False
6300,0.01447315,11,False
6301,0.01447315,8,False
6302,0.01447315,8,True
6303,0.01447315,8,True
6304,0.01447315,9,True
6306,0.01447315,8,True
6308,0.01447315,9,True
6309,0.01447315,9,True
6310,0.01447315,9,True
6311,0.01447315,8,True
6312,0.01447315,9,True
6314,0.01447315,9,True
6315,0.01447315,9,True
6316,0.01447315,9,True
6317,0.01447315,9,True
6318,0.01447315,9,True
6319,0.01447315,9,True
6320,0.01447315,0,False
6321,0.01447315,6,True
6322,0.01447315,5,True
6323,0.01447315,7,True
6324,0.01447315,8,False
6325,0.01447315,8,False
6326,0.01447315,8,False
6327,0.01447315,8,False
6328,0.01447315,7,True
6329,0.01447315,8,False
6331,0.01447315,8,False
6332,0.01447315,8,False
6334,0.01447315,6,True
6335,0.01447315,8,False
6336,0.01447315,8,False
6337,0.01447315,6,True
6339,0.01447315,7,True
6341,0.01447315,8,False
6342,0.01447315,8,False
6344,0.01447315,6,True
6345,0.01447315,7,True
6347,0.01447315,8,False
6349,0.01447315,8,False
635,0.01447315,8,False
6350,0.01447315,6,True
6351,0.01447315,8,False
6352,0.01447315,6,False
6353,0.01447315,8,False
6356,0.01447315,8,False
6358,0.01447315,6,True
6360,0.01447315,6,True
6361,0.01447315,4,True
6362,0.01447315,6,True
6363,0.01447315,8,False
6364,0.01447315,7,False
6365,0.01447315,6,False
6366,0.01447315,7,False
6367,0.01447315,8,False
6368,0.01447315,8,False
6369,0.01447315,8,False
637,0.01447315,5,False
6371,0.01447315,8,False
6372,0.01447315,7,True
6374,0.01447315,7,True
6375,0.01447315,7,True
6376,0.01447315,8,False
6377,0.01447315,8,False
6378,0.01447315,8,False
6379,0.01447315,8,False
6380,0.01447315,6,True
6381,0.01447315,7,False
6382,0.01447315,4,False
6383,0.01447315,13,False
6384,0.01447315,4,False
6385,0.01447315,6,True
6386,0.01447315,7,False
6387,0.01447315,6,True
6388,0.01447315,5,True
6389,0.01447315,5,True
6390,0.01447315,8,False
6391,0.01447315,6,False
6392,0.01447315,13,False
6394,0.01447315,5,True
6395,0.01447315,8,False
64,0.01447315,13,False
6400,0.01447315,13,False
6402,0.01447315,7,True
6403,0.01447315,8,False
6405,0.01447315,5,True
6406,0.01447315,7,False
6407,0.01447315,8,False
641,0.01447315,0,False
6411,0.01447315,6,True
6412,0.01447315,7,False
6413,0.01447315,6,False
6414,0.01447315,8,False
6415,0.01447315,6,True
6416,0.01447315,9,False
6417,0.01447315,6,True
6418,0.01447315,8,False
6419,0.01447315,7,False
642,0.01447315,5,False
6420,0.01447315,8,False
6421,0.01447315,5,False
6423,0.01447315,8,False
6424,0.01447315,7,True
6426,0.01447315,5,False
6427,0.01447315,8,False
6428,0.01447315,6,True
6429,0.01447315,6,True
6430,0.01447315,8,False
6431,0.01447315,10,False
6433,0.01447315,9,False
6434,0.01447315,7,True
6435,0.01447315,5,True
6436,0.01447315,8,True
6437,0.01447315,8,False
6440,0.01447315,7,True
6441,0.01447315,5,False
6443,0.01447315,7,False
6444,0.01447315,8,False
6447,0.01447315,6,True
6448,0.01447315,8,False
6451,0.01447315,6,True
6453,0.01447315,8,False
6454,0.01447315,5,False
6456,0.01447315,8,False
6459,0.01447315,2,False
6460,0.01447315,8,False
6462,0.01447315,10,False
6465,0.01447315,6,True
6467,0.01447315,7,True
6468,0.01447315,5,True
6470,0.01447315,2,False
6475,0.01447315,5,True
6476,0.01447315,5,True
6477,0.01447315,8,False
6478,0.01447315,3,False
6479,0.01447315,7,False
6480,0.01447315,8,True
6481,0.01447315,11,False
6484,0.01447315,11,False
6485,0.01447315,8,True
6486,0.01447315,11,False
6487,0.01447315,6,True
6488,0.01447315,8,False
6489,0.01447315,8,False
6491,0.01447315,5,False
6492,0.01447315,6,False
6493,0.01447315,8,False
6494,0.01447315,8,False
6495,0.01447315,11,False
6496,0.01447315,6,True
6498,0.01447315,7,True
6501,0.01447315,6,False
6502,0.01447315,8,False
6503,0.01447315,11,False
6504,0.01447315,9,False
6505,0.01447315,8,False
6507,0.01447315,7,True
6508,0.01447315,7,False
651,0.01447315,11,False
6510,0.01447315,6,False
6513,0.01447315,3,False
6514,0.01447315,8,False
6516,0.01447315,7,False
6518,0.01447315,7,True
6520,0.01447315,12,False
6521,0.01447315,12,False
6522,0.01447315,8,True
6523,0.01447315,6,False
6527,0.01447315,8,False
6528,0.01447315,6,True
6529,0.01447315,7,False
653,0.01447315,11,False
6530,0.01447315,12,False
6531,0.01447315,8,True
6532,0.01447315,7,False
6536,0.01447315,6,True
6537,0.01447315,7,True
6538,0.01447315,5,True
6539,0.01447315,7,False
6542,0.01447315,11,False
6544,0.01447315,12,False
6546,0.01447315,8,False
6547,0.01447315,6,False
6548,0.01447315,5,True
6550,0.01447315,12,False
6551,0.01447315,12,False
6552,0.01447315,7,False
6553,0.01447315,7,True
6555,0.01447315,13,False
6557,0.01447315,8,False
6559,0.01447315,4,True
6560,0.01447315,7,False
6562,0.01447315,11,False
6564,0.01447315,6,True
6565,0.01447315,6,True
6566,0.01447315,5,True
6568,0.01447315,7,True
657,0.01447315,4,False
6570,0.01447315,5,False
6572,0.01447315,9,False
6573,0.01447315,8,False
6574,0.01447315,5,True
6576,0.01447315,6,True
6578,0.01447315,6,True
6579,0.01447315,6,True
6580,0.01447315,9,False
6582,0.01447315,5,True
6585,0.01447315,8,False
6586,0.01447315,13,False
6590,0.01447315,6,True
6592,0.01447315,10,False
6597,0.01447315,8,False
6598,0.01447315,6,True
66,0.01447315,7,False
6602,0.01447315,7,True
6604,0.01447315,6,False
6605,0.01447315,7,False
6606,0.01447315,8,False
6607,0.01447315,6,True
6609,0.01447315,5,True
6612,0.01447315,11,False
6616,0.01447315,6,True
6619,0.01447315,7,True
6620,0.01447315,6,False
6621,0.01447315,10,False
6625,0.01447315,6,True
6626,0.01447315,8,False
6627,0.01447315,8,False
6628,0.01447315,6,True
6629,0.01447315,5,False
663,0.01447315,4,False
6631,0.01447315,11,False
6632,0.01447315,8,False
6633,0.01447315,7,True
6634,0.01447315,5,True
6635,0.01447315,8,False
6636,0.01447315,2,False
6638,0.01447315,6,True
6639,0.01447315,10,False
6640,0.01447315,8,False
6641,0.01447315,7,True
6643,0.01447315,7,False
6644,0.01447315,5,True
6645,0.01447315,9,False
6648,0.01447315,12,False
6650,0.01447315,8,False
6652,0.01447315,8,False
6654,0.01447315,6,True
6655,0.01447315,13,False
6657,0.01447315,8,False
6658,0.01447315,11,False
6659,0.01447315,7,True
666,0.01447315,0,False
6661,0.01447315,7,False
6664,0.01447315,11,False
6666,0.01447315,6,True
6667,0.01447315,8,False
6668,0.01447315,8,False
6669,0.01447315,5,True
6670,0.01447315,8,False
6672,0.01447315,5,True
6673,0.01447315,8,False
6674,0.01447315,11,False
6675,0.01447315,6,True
6677,0.01447315,11,False
6679,0.01447315,5,False
668,0.01447315,6,False
6684,0.01447315,7,False
6685,0.01447315,8,False
6687,0.01447315,13,False
6689,0.01447315,8,False
669,0.01447315,0,False
6691,0.01447315,8,False
6693,0.01447315,8,False
6694,0.01447315,7,True
6695,0.01447315,11,False
6696,0.01447315,8,False
6697,0.01447315,6,False
6698,0.01447315,8,False
6699,0.01447315,8,False
67,0.01447315,13,False
6701,0.01447315,7,False
6702,0.01447315,10,False
6704,0.01447315,7,False
6707,0.01447315,7,False
6709,0.01447315,11,False
6712,0.01447315,6,False
6713,0.01447315,11,False
6717,0.01447315,8,False
6718,0.01447315,8,False
6719,0.01447315,10,False
6720,0.01447315,7,True
6722,0.01447315,11,False
6723,0.01447315,7,True
6726,0.01447315,9,False
6727,0.01447315,6,False
6728,0.01447315,6,True
6729,0.01447315,10,False
6731,0.01447315,7,True
6733,0.01447315,7,False
6735,0.01447315,8,False
6736,0.01447315,6,True
6737,0.01447315,9,False
6738,0.01447315,6,True
6739,0.01447315,5,True
6740,0.01447315,5,True
6741,0.01447315,7,True
6743,0.01447315,6,False
6745,0.01447315,5,True
6746,0.01447315,11,False
6747,0.01447315,6,True
6750,0.01447315,7,False
6753,0.01447315,5,True
6754,0.01447315,11,False
6755,0.01447315,7,True
6757,0.01447315,7,False
676,0.01447315,8,False
6760,0.01447315,5,True
6761,0.01447315,10,False
6764,0.01447315,7,False
6766,0.01447315,5,True
6768,0.01447315,6,True
6769,0.01447315,8,False
6770,0.01447315,6,False
6774,0.01447315,5,True
6776,0.01447315,8,False
6777,0.01447315,6,True
678,0.01447315,5,False
6781,0.01447315,8,False
6782,0.01447315,5,True
6783,0.01447315,11,False
6784,0.01447315,7,False
6785,0.01447315,6,True
6788,0.01447315,8,False
6789,0.01447315,8,True
6790,0.01447315,6,True
6791,0.01447315,13,False
6792,0.01447315,5,True
6793,0.01447315,5,True
6794,0.01447315,8,False
6796,0.01447315,9,True
6797,0.01447315,6,False
6798,0.01447315,9,True
6799,0.01447315,6,True
68,0.01447315,13,False
6800,0.01447315,11,False
6801,0.01447315,7,False
6802,0.01447315,6,True
6803,0.01447315,8,False
6804,0.01447315,5,True
6805,0.01447315,8,False
6806,0.01447315,5,True
6807,0.01447315,8,False
6808,0.01447315,9,True
6809,0.01447315,8,False
681,0.01447315,0,False
6810,0.01447315,9,False
6811,0.01447315,7,False
6812,0.01447315,6,True
6813,0.01447315,6,True
6814,0.01447315,7,False
6815,0.01447315,7,False
6816,0.01447315,7,False
6817,0.01447315,13,False
6818,0.01447315,9,True
6819,0.01447315,6,True
682,0.01447315,0,False
6820,0.01447315,7,False
6823,0.01447315,8,False
6824,0.01447315,5,True
6825,0.01447315,7,False
6826,0.01447315,8,False
6827,0.01447315,6,True
683,0.01447315,11,False
6830,0.01447315,8,False
6831,0.01447315,6,True
6832,0.01447315,8,False
6834,0.01447315,8,False
6835,0.01447315,8,True
6838,0.01447315,6,True
6839,0.01447315,5,True
684,0.01447315,6,False
6840,0.01447315,9,False
6842,0.01447315,7,True
6843,0.01447315,8,True
6845,0.01447315,6,True
6846,0.01447315,7,False
6847,0.01447315,8,False
6848,0.01447315,8,False
6849,0.01447315,8,False
685,0.01447315,4,True
6852,0.01447315,6,True
6853,0.01447315,7,False
6854,0.01447315,5,True
6855,0.01447315,12,False
6857,0.01447315,8,True
6859,0.01447315,7,False
6860,0.01447315,6,True
6862,0.01447315,12,False
6863,0.01447315,8,True
6866,0.01447315,6,True
6867,0.01447315,5,True
6868,0.01447315,6,False
6869,0.01447315,11,False
6870,0.01447315,8,True
6871,0.01447315,8,False
6872,0.01447315,8,True
6874,0.01447315,7,False
6875,0.01447315,8,False
6878,0.01447315,13,False
6881,0.01447315,6,True
6882,0.01447315,8,True
6883,0.01447315,6,True
6885,0.01447315,5,True
6886,0.01447315,8,False
6888,0.01447315,7,False
6890,0.01447315,8,True
6892,0.01447315,9,False
6894,0.01447315,6,False
6895,0.01447315,5,True
6897,0.01447315,8,True
6898,0.01447315,5,True
6900,0.01447315,8,False
6902,0.01447315,11,False
6903,0.01447315,7,True
6907,0.01447315,6,True
6908,0.01447315,8,False
6909,0.01447315,7,False
6910,0.01447315,10,False
6911,0.01447315,7,True
6912,0.01447315,6,True
6913,0.01447315,5,True
6914,0.01447315,9,True
6916,0.01447315,5,True
6918,0.01447315,5,True
6921,0.01447315,9,True
6924,0.01447315,13,False
6926,0.01447315,6,False
6927,0.01447315,8,False
6928,0.01447315,5,True
6929,0.01447315,8,True
6934,0.01447315,7,True
6935,0.01447315,6,False
6937,0.01447315,8,True
6938,0.01447315,5,True
6939,0.01447315,7,False
6940,0.01447315,8,False
6943,0.01447315,6,False
6944,0.01447315,8,False
6945,0.01447315,7,False
6946,0.01447315,5,False
6947,0.01447315,7,True
6949,0.01447315,8,True
6950,0.01447315,13,False
6953,0.01447315,7,True
6954,0.01447315,8,False
6957,0.01447315,13,False
6959,0.01447315,5,True
696,0.01447315,0,False
6960,0.01447315,6,False
6961,0.01447315,8,False
6962,0.01447315,9,True
6963,0.01447315,5,True
6965,0.01447315,8,False
6967,0.01447315,6,False
6968,0.01447315,8,False
6969,0.01447315,8,False
697,0.01447315,5,True
6970,0.01447315,4,False
6973,0.01447315,8,False
6975,0.01447315,7,True
6976,0.01447315,10,False
6977,0.01447315,7,False
6980,0.01447315,8,True
6981,0.01447315,5,True
6984,0.01447315,8,True
6987,0.01447315,10,True
6989,0.01447315,9,True
699,0.01447315,4,False
6990,0.01447315,8,False
6991,0.01447315,9,True
6995,0.01447315,8,False
6996,0.01447315,8,False
6997,0.01447315,8,False
6998,0.01447315,6,True
6999,0.01447315,6,True
70,0.01447315,13,False
7000,0.01447315,8,False
7001,0.01447315,7,False
7007,0.01447315,7,False
7009,0.01447315,5,False
7013,0.01447315,6,False
7014,0.01447315,7,False
7016,0.01447315,5,False
7018,0.01447315,5,False
7020,0.01447315,5,False
7021,0.01447315,8,False
7026,0.01447315,7,False
7027,0.01447315,7,False
7028,0.01447315,6,False
7030,0.01447315,6,False
7031,0.01447315,5,False
7032,0.01447315,4,False
7033,0.01447315,8,False
7034,0.01447315,5,False
7035,0.01447315,6,False
7036,0.01447315,5,False
7038,0.01447315,6,False
7039,0.01447315,6,False
7040,0.01447315,4,False
7041,0.01447315,0,False
7042,0.01447315,6,False
7043,0.01447315,0,False
7044,0.01447315,6,False
7045,0.01447315,8,False
7047,0.01447315,6,False
7048,0.01447315,4,False
7051,0.01447315,4,False
7052,0.01447315,7,False
7056,0.01447315,4,False
7057,0.01447315,6,False
7058,0.01447315,8,False
706,0.01447315,9,False
7061,0.01447315,8,False
7062,0.01447315,7,False
7063,0.01447315,5,False
7066,0.01447315,5,False
7067,0.01447315,4,False
7069,0.01447315,4,False
7070,0.01447315,8,False
7076,0.01447315,5,False
7080,0.01447315,6,False
7081,0.01447315,5,False
7082,0.01447315,5,False
7083,0.01447315,5,False
7086,0.01447315,4,False
7087,0.01447315,4,False
7089,0.01447315,4,False
7090,0.01447315,5,False
7092,0.01447315,6,False
7098,0.01447315,6,False
71,0.01447315,13,False
710,0.01447315,5,False
7100,0.01447315,6,False
7102,0.01447315,7,False
7104,0.01447315,5,False
7105,0.01447315,4,False
7107,0.01447315,9,False
7108,0.01447315,4,False
7109,0.01447315,6,False
7110,0.01447315,0,False
7111,0.01447315,7,False
7113,0.01447315,0,False
7114,0.01447315,7,True
7117,0.01447315,0,False
7119,0.01447315,4,False
712,0.01447315,6,False
7120,0.01447315,0,False
7122,0.01447315,0,False
7124,0.01447315,7,False
7127,0.01447315,7,False
7129,0.01447315,0,False
7130,0.01447315,0,False
7131,0.01447315,6,False
7134,0.01447315,0,False
7135,0.01447315,5,False
7136,0.01447315,5,False
7137,0.01447315,6,False
7139,0.01447315,4,False
714,0.01447315,0,False
7142,0.01447315,5,False
7145,0.01447315,7,False
7146,0.01447315,0,False
7147,0.01447315,0,False
7149,0.01447315,5,False
7152,0.01447315,7,False
7153,0.01447315,5,False
7154,0.01447315,4,False
7155,0.01447315,5,False
7156,0.01447315,5,False
7168,0.01447315,4,False
717,0.01447315,5,False
7180,0.01447315,7,False
7183,0.01447315,5,False
7186,0.01447315,8,False
7187,0.01447315,6,False
7188,0.01447315,5,False
7189,0.01447315,6,False
7192,0.01447315,4,False
7193,0.01447315,5,False
7194,0.01447315,7,False
7195,0.01447315,5,False
7198,0.01447315,6,False
72,0.01447315,13,False
720,0.01447315,6,False
7201,0.01447315,8,False
7203,0.01447315,5,False
7204,0.01447315,9,False
7206,0.01447315,5,False
7207,0.01447315,3,False
7209,0.01447315,7,False
7211,0.01447315,6,False
7212,0.01447315,4,False
7213,0.01447315,6,False
7214,0.01447315,6,False
7215,0.01447315,6,False
7216,0.01447315,6,False
7217,0.01447315,8,False
7219,0.01447315,4,False
722,0.01447315,7,False
7220,0.01447315,5,False
7221,0.01447315,7,False
7222,0.01447315,5,False
7223,0.01447315,6,False
7224,0.01447315,6,False
7227,0.01447315,3,False
7229,0.01447315,4,False
723,0.01447315,5,False
7230,0.01447315,5,False
7236,0.01447315,13,False
7238,0.01447315,0,False
7239,0.01447315,4,False
724,0.01447315,4,True
7240,0.01447315,0,False
7243,0.01447315,5,False
7245,0.01447315,0,False
7246,0.01447315,4,False
7248,0.01447315,0,False
7249,0.01447315,8,True
7250,0.01447315,6,False
7251,0.01447315,13,False
7252,0.01447315,5,False
7255,0.01447315,0,False
7257,0.01447315,14,False
726,0.01447315,8,False
7261,0.01447315,5,False
7262,0.01447315,0,False
7263,0.01447315,13,False
7267,0.01447315,0,False
7269,0.01447315,5,False
7270,0.01447315,4,False
7272,0.01447315,0,False
7273,0.01447315,15,False
7274,0.01447315,7,True
7277,0.01447315,0,False
728,0.01447315,8,False
7280,0.01447315,0,False
7282,0.01447315,9,False
7283,0.01447315,0,False
7284,0.01447315,7,True
7285,0.01447315,0,False
7287,0.01447315,0,False
7292,0.01447315,0,False
7294,0.01447315,8,False
7295,0.01447315,0,False
7296,0.01447315,0,False
73,0.01447315,10,False
730,0.01447315,12,False
7301,0.01447315,0,False
7305,0.01447315,0,False
7307,0.01447315,7,False
7309,0.01447315,0,False
731,0.01447315,4,False
7313,0.01447315,7,False
7317,0.01447315,0,False
7321,0.01447315,0,False
7322,0.01447315,6,False
7325,0.01447315,6,True
7326,0.01447315,0,False
7328,0.01447315,8,False
733,0.01447315,0,False
7331,0.01447315,0,False
7332,0.01447315,5,True
7333,0.01447315,14,False
7335,0.01447315,0,False
734,0.01447315,5,False
7340,0.01447315,0,False
7341,0.01447315,8,False
7342,0.01447315,0,False
7343,0.01447315,0,False
7345,0.01447315,6,False
7346,0.01447315,8,False
7349,0.01447315,0,False
735,0.01447315,13,False
7350,0.01447315,0,False
7353,0.01447315,0,False
7356,0.01447315,0,False
7358,0.01447315,0,False
736,0.01447315,5,False
7361,0.01447315,8,True
7362,0.01447315,15,False
7364,0.01447315,0,False
7365,0.01447315,15,False
7366,0.01447315,0,False
7369,0.01447315,0,False
7370,0.01447315,0,False
7371,0.01447315,15,False
7375,0.01447315,8,False
7376,0.01447315,11,False
7377,0.01447315,6,False
7378,0.01447315,0,False
7379,0.01447315,14,False
738,0.01447315,7,False
7380,0.01447315,13,False
7382,0.01447315,0,False
7384,0.01447315,8,False
7386,0.01447315,12,False
7388,0.01447315,11,False
7389,0.01447315,0,False
739,0.01447315,4,False
7390,0.01447315,15,False
7391,0.01447315,6,False
7393,0.01447315,8,False
7394,0.01447315,0,False
7395,0.01447315,6,False
7397,0.01447315,0,False
7398,0.01447315,14,False
7399,0.01447315,0,False
74,0.01447315,11,False
740,0.01447315,10,False
7400,0.01447315,0,False
7401,0.01447315,4,False
7403,0.01447315,4,False
7405,0.01447315,0,False
7406,0.01447315,0,False
7408,0.01447315,0,False
7411,0.01447315,0,False
7412,0.01447315,7,False
7413,0.01447315,0,False
7414,0.01447315,0,False
7415,0.01447315,11,False
742,0.01447315,6,False
7420,0.01447315,0,False
7422,0.01447315,3,False
7424,0.01447315,15,False
7426,0.01447315,0,False
7427,0.01447315,0,False
7428,0.01447315,0,False
743,0.01447315,8,False
7430,0.01447315,0,False
7431,0.01447315,5,False
7432,0.01447315,8,False
7433,0.01447315,13,False
7435,0.01447315,0,False
7437,0.01447315,0,False
7438,0.01447315,6,False
744,0.01447315,7,False
7440,0.01447315,0,False
7442,0.01447315,0,False
7444,0.01447315,0,False
7445,0.01447315,0,False
7446,0.01447315,6,False
7447,0.01447315,0,False
7449,0.01447315,0,False
745,0.01447315,6,False
7451,0.01447315,0,False
7452,0.01447315,0,False
7454,0.01447315,0,False
7457,0.01447315,0,False
7463,0.01447315,0,False
7464,0.01447315,6,False
7465,0.01447315,8,True
7468,0.01447315,9,False
747,0.01447315,5,False
7471,0.01447315,0,False
7477,0.01447315,7,False
7478,0.01447315,6,False
7479,0.01447315,8,False
748,0.01447315,12,False
7481,0.01447315,0,False
7483,0.01447315,0,False
7484,0.01447315,7,False
7485,0.01447315,2,False
7487,0.01447315,15,False
7489,0.01447315,0,False
7491,0.01447315,0,False
7493,0.01447315,6,False
7496,0.01447315,0,False
7499,0.01447315,15,False
75,0.01447315,13,False
750,0.01447315,4,False
7502,0.01447315,12,False
7505,0.01447315,0,False
7509,0.01447315,6,False
751,0.01447315,13,False
7511,0.01447315,0,False
7514,0.01447315,8,False
7517,0.01447315,6,False
7518,0.01447315,0,False
752,0.01447315,10,False
7523,0.01447315,4,False
7527,0.01447315,14,False
7528,0.01447315,5,False
7530,0.01447315,11,False
7532,0.01447315,4,False
7533,0.01447315,7,False
7535,0.01447315,0,False
7537,0.01447315,0,False
7538,0.01447315,0,False
7539,0.01447315,14,False
754,0.01447315,2,False
7540,0.01447315,0,False
7543,0.01447315,5,False
7544,0.01447315,0,False
7546,0.01447315,0,False
7547,0.01447315,0,False
7550,0.01447315,5,False
7551,0.01447315,0,False
7554,0.01447315,0,False
7556,0.01447315,0,False
7557,0.01447315,0,False
7559,0.01447315,5,False
756,0.01447315,8,False
7560,0.01447315,8,False
7561,0.01447315,0,False
7563,0.01447315,0,False
7565,0.01447315,0,False
7566,0.01447315,0,False
7568,0.01447315,8,False
7569,0.01447315,0,False
757,0.01447315,5,False
7574,0.01447315,5,False
7575,0.01447315,5,False
7577,0.01447315,4,False
7578,0.01447315,0,False
758,0.01447315,8,False
7581,0.01447315,0,False
7582,0.01447315,5,False
7583,0.01447315,9,False
7588,0.01447315,0,False
759,0.01447315,10,False
7591,0.01447315,0,False
7595,0.01447315,0,False
7597,0.01447315,7,False
7598,0.01447315,0,False
7600,0.01447315,0,False
7601,0.01447315,4,False
7603,0.01447315,0,False
7605,0.01447315,8,False
7606,0.01447315,0,False
761,0.01447315,5,False
7614,0.01447315,6,False
7615,0.01447315,0,False
7616,0.01447315,0,False
762,0.01447315,8,False
7621,0.01447315,6,False
7622,0.01447315,0,False
7624,0.01447315,4,False
7628,0.01447315,6,False
7629,0.01447315,6,False
763,0.01447315,15,False
7630,0.01447315,5,False
7631,0.01447315,0,False
7634,0.01447315,15,False
7635,0.01447315,6,False
7636,0.01447315,0,False
7639,0.01447315,0,False
764,0.01447315,6,False
7640,0.01447315,0,False
7643,0.01447315,12,False
7644,0.01447315,0,False
7646,0.01447315,0,False
7647,0.01447315,5,False
7648,0.01447315,0,False
7649,0.01447315,0,False
7651,0.01447315,0,False
7653,0.01447315,6,False
7655,0.01447315,0,False
7657,0.01447315,5,False
7658,0.01447315,0,False
7659,0.01447315,5,False
766,0.01447315,3,False
7660,0.01447315,0,False
7661,0.01447315,5,False
7664,0.01447315,0,False
7666,0.01447315,7,False
7669,0.01447315,0,False
767,0.01447315,0,False
7672,0.01447315,0,False
7673,0.01447315,0,False
7674,0.01447315,0,False
7675,0.01447315,0,False
7676,0.01447315,6,False
7677,0.01447315,4,False
7678,0.01447315,0,False
7679,0.01447315,6,False
7680,0.01447315,0,False
7683,0.01447315,7,False
7684,0.01447315,6,False
7688,0.01447315,9,False
7689,0.01447315,0,False
769,0.01447315,6,False
7690,0.01447315,0,False
7692,0.01447315,7,False
7693,0.01447315,3,False
7694,0.01447315,4,False
7698,0.01447315,0,False
770,0.01447315,5,True
7700,0.01447315,5,False
7701,0.01447315,5,False
7703,0.01447315,5,False
7704,0.01447315,5,False
7709,0.01447315,6,False
771,0.01447315,13,False
7710,0.01447315,0,False
7711,0.01447315,6,False
7713,0.01447315,5,False
7718,0.01447315,0,False
7719,0.01447315,5,False
772,0.01447315,6,False
7721,0.01447315,4,False
7722,0.01447315,0,False
7723,0.01447315,4,False
7728,0.01447315,6,False
773,0.01447315,13,False
7730,0.01447315,0,False
7732,0.01447315,5,False
7734,0.01447315,5,False
7737,0.01447315,8,False
774,0.01447315,8,False
7741,0.01447315,0,False
7744,0.01447315,0,False
7745,0.01447315,9,False
7748,0.01447315,0,False
775,0.01447315,8,False
7751,0.01447315,5,False
7753,0.01447315,4,False
7758,0.01447315,6,False
7759,0.01447315,15,False
776,0.01447315,6,False
7760,0.01447315,0,False
7762,0.01447315,0,False
7766,0.01447315,15,False
7769,0.01447315,0,False
777,0.01447315,15,False
7771,0.01447315,4,False
7772,0.01447315,6,False
7773,0.01447315,0,False
7774,0.01447315,3,False
7776,0.01447315,0,False
7777,0.01447315,3,False
778,0.01447315,7,False
7785,0.01447315,0,False
7786,0.01447315,0,False
7788,0.01447315,0,False
7789,0.01447315,3,False
7793,0.01447315,9,False
7794,0.01447315,0,False
7795,0.01447315,8,False
7796,0.01447315,4,False
7799,0.01447315,0,False
78,0.01447315,10,False
7800,0.01447315,9,False
7801,0.01447315,0,False
7802,0.01447315,0,False
7803,0.01447315,5,False
7804,0.01447315,7,False
7806,0.01447315,11,False
7808,0.01447315,12,False
7809,0.01447315,0,False
781,0.01447315,6,False
7810,0.01447315,7,False
7813,0.01447315,6,False
7814,0.01447315,0,False
7815,0.01447315,11,False
7817,0.01447315,6,False
7819,0.01447315,9,False
782,0.01447315,5,True
7824,0.01447315,11,False
7825,0.01447315,0,False
783,0.01447315,7,False
7832,0.01447315,11,False
7833,0.01447315,0,False
7834,0.01447315,10,False
784,0.01447315,5,False
7840,0.01447315,0,False
7841,0.01447315,0,False
7842,0.01447315,4,False
7846,0.01447315,0,False
7847,0.01447315,0,False
7848,0.01447315,0,False
7849,0.01447315,5,False
785,0.01447315,11,False
7850,0.01447315,0,False
7852,0.01447315,0,False
7858,0.01447315,5,False
7859,0.01447315,0,False
7861,0.01447315,0,False
7863,0.01447315,0,False
7865,0.01447315,5,False
7869,0.01447315,0,False
787,0.01447315,8,False
7871,0.01447315,0,False
7874,0.01447315,0,False
7875,0.01447315,0,False
7877,0.01447315,0,False
7878,0.01447315,13,False
7881,0.01447315,4,False
7883,0.01447315,0,False
7885,0.01447315,4,False
7886,0.01447315,0,False
7887,0.01447315,0,False
789,0.01447315,6,False
7890,0.01447315,7,False
7891,0.01447315,0,False
7892,0.01447315,0,False
7893,0.01447315,6,False
7894,0.01447315,0,False
7895,0.01447315,4,False
7897,0.01447315,0,False
7898,0.01447315,4,False
7900,0.01447315,0,False
7902,0.01447315,0,False
7905,0.01447315,0,False
7907,0.01447315,0,False
7909,0.01447315,7,False
791,0.01447315,11,False
7910,0.01447315,13,False
7911,0.01447315,0,False
7913,0.01447315,13,False
7915,0.01447315,0,False
7916,0.01447315,0,False
7917,0.01447315,15,False
7918,0.01447315,7,False
7922,0.01447315,6,False
7923,0.01447315,0,False
7925,0.01447315,5,False
7926,0.01447315,10,False
7929,0.01447315,15,False
7930,0.01447315,6,False
7932,0.01447315,0,False
7934,0.01447315,0,False
794,0.01447315,14,False
7947,0.01447315,6,False
795,0.01447315,7,False
7953,0.01447315,6,False
7955,0.01447315,0,False
7956,0.01447315,14,False
796,0.01447315,8,False
7960,0.01447315,0,False
7962,0.01447315,0,False
7965,0.01447315,0,False
7966,0.01447315,3,False
7967,0.01447315,0,False
7968,0.01447315,0,False
797,0.01447315,5,False
7970,0.01447315,0,False
7971,0.01447315,0,False
7973,0.01447315,12,False
7975,0.01447315,0,False
7976,0.01447315,0,False
7977,0.01447315,14,False
798,0.01447315,6,False
7980,0.01447315,0,False
7981,0.01447315,12,False
7982,0.01447315,0,False
7983,0.01447315,11,False
7984,0.01447315,0,False
7985,0.01447315,0,False
7986,0.01447315,0,False
7987,0.01447315,9,False
7988,0.01447315,0,False
799,0.01447315,5,False
7991,0.01447315,12,False
7998,0.01447315,0,False
7999,0.01447315,14,False
80,0.01447315,13,False
800,0.01447315,8,False
8000,0.01447315,0,False
8001,0.01447315,0,False
8002,0.01447315,0,False
8003,0.01447315,0,False
8005,0.01447315,0,False
801,0.01447315,10,False
8010,0.01447315,0,False
8015,0.01447315,15,False
802,0.01447315,5,False
8020,0.01447315,0,False
8021,0.01447315,0,False
8022,0.01447315,0,False
8026,0.01447315,0,False
8028,0.01447315,0,False
8029,0.01447315,0,False
803,0.01447315,6,False
8034,0.01447315,0,False
8036,0.01447315,0,False
8037,0.01447315,0,False
8039,0.01447315,0,False
8040,0.01447315,0,False
8042,0.01447315,0,False
8045,0.01447315,0,False
8047,0.01447315,0,False
8049,0.01447315,0,False
805,0.01447315,8,False
8050,0.01447315,0,False
8051,0.01447315,14,False
8058,0.01447315,0,False
806,0.01447315,14,False
8060,0.01447315,0,False
8061,0.01447315,0,False
8062,0.01447315,0,False
8063,0.01447315,0,False
8065,0.01447315,0,False
807,0.01447315,8,False
8075,0.01447315,0,False
808,0.01447315,11,False
809,0.01447315,5,False
81,0.01447315,13,False
810,0.01447315,5,True
8101,0.01447315,0,False
811,0.01447315,14,False
8110,0.01447315,0,False
8112,0.01447315,0,False
8113,0.01447315,0,False
8114,0.01447315,0,False
8117,0.01447315,0,False
8120,0.01447315,0,False
8122,0.01447315,0,False
8124,0.01447315,0,False
8126,0.01447315,0,False
8127,0.01447315,13,False
8129,0.01447315,15,False
813,0.01447315,8,False
8131,0.01447315,15,False
8132,0.01447315,14,False
8133,0.01447315,0,False
8134,0.01447315,0,False
814,0.01447315,4,True
8141,0.01447315,0,False
8142,0.01447315,0,False
8145,0.01447315,14,False
8146,0.01447315,0,False
8147,0.01447315,0,False
8149,0.01447315,15,False
815,0.01447315,7,False
8150,0.01447315,0,False
8151,0.01447315,0,False
8152,0.01447315,12,False
8153,0.01447315,0,False
8154,0.01447315,0,False
8157,0.01447315,0,False
8159,0.01447315,12,False
816,0.01447315,5,True
8160,0.01447315,12,False
8161,0.01447315,0,False
8162,0.01447315,14,False
8163,0.01447315,0,False
8164,0.01447315,0,False
8165,0.01447315,12,False
8166,0.01447315,10,False
8167,0.01447315,10,False
817,0.01447315,5,False
8170,0.01447315,0,False
8171,0.01447315,0,False
8172,0.01447315,0,False
8175,0.01447315,0,False
8178,0.01447315,0,False
818,0.01447315,10,False
8180,0.01447315,0,False
8185,0.01447315,0,False
8186,0.01447315,0,False
8189,0.01447315,0,False
819,0.01447315,10,False
8191,0.01447315,0,False
8194,0.01447315,0,False
8197,0.01447315,15,False
821,0.01447315,7,False
8211,0.01447315,15,False
8213,0.01447315,10,False
8214,0.01447315,10,False
8215,0.01447315,10,False
8216,0.01447315,8,False
8217,0.01447315,9,False
8218,0.01447315,10,False
8219,0.01447315,0,False
822,0.01447315,12,False
8220,0.01447315,0,False
8221,0.01447315,0,False
8222,0.01447315,13,False
8223,0.01447315,0,False
8224,0.01447315,0,False
8228,0.01447315,15,False
8229,0.01447315,12,False
8230,0.01447315,0,False
8233,0.01447315,0,False
8235,0.01447315,0,False
8237,0.01447315,0,False
8238,0.01447315,15,False
824,0.01447315,5,False
8243,0.01447315,0,False
8245,0.01447315,0,False
8248,0.01447315,12,False
8249,0.01447315,0,False
8250,0.01447315,0,False
8252,0.01447315,0,False
8254,0.01447315,11,False
8255,0.01447315,0,False
8256,0.01447315,0,False
8259,0.01447315,0,False
826,0.01447315,9,False
8260,0.01447315,0,False
8261,0.01447315,0,False
8262,0.01447315,15,False
8263,0.01447315,0,False
8265,0.01447315,10,False
8268,0.01447315,15,False
827,0.01447315,5,False
8271,0.01447315,0,False
8272,0.01447315,0,False
8273,0.01447315,10,False
8275,0.01447315,0,False
8276,0.01447315,0,False
8277,0.01447315,0,False
8278,0.01447315,0,False
828,0.01447315,10,False
8281,0.01447315,9,False
8282,0.01447315,0,False
8285,0.01447315,0,False
829,0.01447315,13,False
8290,0.01447315,9,False
8292,0.01447315,0,False
8295,0.01447315,0,False
8298,0.01447315,14,False
8299,0.01447315,9,True
83,0.01447315,0,False
8300,0.01447315,0,False
8303,0.01447315,0,False
8305,0.01447315,9,False
8306,0.01447315,0,False
8308,0.01447315,0,False
8309,0.01447315,9,False
831,0.01447315,13,False
8311,0.01447315,0,False
8312,0.01447315,0,False
8314,0.01447315,8,True
8316,0.01447315,0,False
8317,0.01447315,9,False
832,0.01447315,6,False
8321,0.01447315,0,False
8323,0.01447315,12,False
8324,0.01447315,0,False
8325,0.01447315,0,False
8326,0.01447315,8,True
8327,0.01447315,14,False
8328,0.01447315,0,False
8329,0.01447315,0,False
8331,0.01447315,0,False
8332,0.01447315,0,False
8336,0.01447315,15,False
8339,0.01447315,0,False
8341,0.01447315,0,False
8342,0.01447315,0,False
8343,0.01447315,0,False
8345,0.01447315,14,False
8349,0.01447315,0,False
8350,0.01447315,0,False
8353,0.01447315,0,False
8354,0.01447315,0,False
8357,0.01447315,0,False
8358,0.01447315,0,False
8359,0.01447315,9,True
836,0.01447315,6,False
8361,0.01447315,0,False
8363,0.01447315,0,False
8366,0.01447315,11,False
8368,0.01447315,0,False
8370,0.01447315,0,False
8372,0.01447315,9,False
8374,0.01447315,0,False
8375,0.01447315,0,False
8376,0.01447315,0,False
8378,0.01447315,0,False
8379,0.01447315,0,False
838,0.01447315,8,False
8380,0.01447315,8,False
8382,0.01447315,0,False
8384,0.01447315,0,False
8385,0.01447315,0,False
8386,0.01447315,0,False
8387,0.01447315,0,False
8388,0.01447315,0,False
8389,0.01447315,0,False
839,0.01447315,13,False
8390,0.01447315,0,False
8392,0.01447315,15,False
8393,0.01447315,9,False
8394,0.01447315,15,False
8395,0.01447315,0,False
8397,0.01447315,0,False
8398,0.01447315,9,False
8399,0.01447315,9,False
84,0.01447315,14,False
8400,0.01447315,10,False
8401,0.01447315,11,False
8402,0.01447315,0,False
8403,0.01447315,10,False
8404,0.01447315,14,False
8405,0.01447315,11,False
8406,0.01447315,11,False
8407,0.01447315,11,False
8408,0.01447315,12,False
8409,0.01447315,0,False
8410,0.01447315,12,False
8411,0.01447315,12,False
8412,0.01447315,15,False
8414,0.01447315,13,False
8416,0.01447315,11,False
8417,0.01447315,15,False
8419,0.01447315,11,False
842,0.01447315,10,False
8420,0.01447315,11,False
8422,0.01447315,12,False
8423,0.01447315,11,False
8424,0.01447315,11,False
8425,0.01447315,11,False
8426,0.01447315,11,False
8427,0.01447315,15,False
8429,0.01447315,0,False
843,0.01447315,5,False
8430,0.01447315,0,False
8433,0.01447315,0,False
8434,0.01447315,0,False
8439,0.01447315,15,False
844,0.01447315,8,False
8440,0.01447315,14,False
8441,0.01447315,0,False
8442,0.01447315,0,False
8447,0.01447315,0,False
8450,0.01447315,0,False
8451,0.01447315,0,False
8452,0.01447315,0,False
8454,0.01447315,10,False
8455,0.01447315,0,False
8456,0.01447315,0,False
8457,0.01447315,0,False
8459,0.01447315,0,False
8460,0.01447315,0,False
8462,0.01447315,15,False
8463,0.01447315,0,False
8464,0.01447315,0,False
8466,0.01447315,9,False
8467,0.01447315,0,False
8469,0.01447315,0,False
847,0.01447315,6,False
8471,0.01447315,0,False
8473,0.01447315,0,False
8475,0.01447315,11,False
8479,0.01447315,0,False
848,0.01447315,6,False
8481,0.01447315,10,False
8482,0.01447315,10,False
8483,0.01447315,11,False
8484,0.01447315,0,False
8486,0.01447315,0,False
8487,0.01447315,14,False
8490,0.01447315,0,False
8492,0.01447315,10,False
8493,0.01447315,0,False
8495,0.01447315,0,False
8498,0.01447315,0,False
85,0.01447315,0,False
850,0.01447315,3,False
8500,0.01447315,0,False
8501,0.01447315,0,False
8503,0.01447315,0,False
8505,0.01447315,10,False
8506,0.01447315,0,False
8509,0.01447315,0,False
851,0.01447315,4,False
8511,0.01447315,0,False
8514,0.01447315,0,False
8517,0.01447315,0,False
8518,0.01447315,14,False
8519,0.01447315,0,False
852,0.01447315,12,False
8521,0.01447315,0,False
8526,0.01447315,0,False
8527,0.01447315,0,False
8528,0.01447315,0,False
8531,0.01447315,0,False
8534,0.01447315,0,False
8535,0.01447315,0,False
8536,0.01447315,0,False
854,0.01447315,4,False
8547,0.01447315,0,False
8548,0.01447315,0,False
8551,0.01447315,14,False
8553,0.01447315,0,False
8556,0.01447315,0,False
8558,0.01447315,15,False
856,0.01447315,6,False
8560,0.01447315,0,False
8561,0.01447315,0,False
8563,0.01447315,0,False
8564,0.01447315,0,False
8567,0.01447315,0,False
8568,0.01447315,0,False
8569,0.01447315,0,False
8573,0.01447315,0,False
8574,0.01447315,15,False
8575,0.01447315,0,False
8581,0.01447315,0,False
8582,0.01447315,0,False
8587,0.01447315,0,False
859,0.01447315,5,False
8590,0.01447315,0,False
8596,0.01447315,0,False
8598,0.01447315,0,False
8599,0.01447315,0,False
8601,0.01447315,0,False
8602,0.01447315,0,False
8603,0.01447315,12,False
8604,0.01447315,0,False
8606,0.01447315,0,False
8607,0.01447315,0,False
8608,0.01447315,12,False
8614,0.01447315,15,False
8617,0.01447315,0,False
862,0.01447315,7,False
8622,0.01447315,12,False
8623,0.01447315,0,False
8627,0.01447315,0,False
8628,0.01447315,12,False
863,0.01447315,7,False
8634,0.01447315,0,False
8635,0.01447315,0,False
8636,0.01447315,0,False
8637,0.01447315,0,False
8640,0.01447315,15,False
8642,0.01447315,0,False
8652,0.01447315,0,False
8653,0.01447315,0,False
8654,0.01447315,0,False
8657,0.01447315,0,False
8659,0.01447315,0,False
866,0.01447315,10,False
8660,0.01447315,0,False
8662,0.01447315,0,False
8666,0.01447315,11,False
867,0.01447315,5,False
8672,0.01447315,0,False
8674,0.01447315,0,False
8679,0.01447315,0,False
8681,0.01447315,0,False
8682,0.01447315,0,False
8683,0.01447315,0,False
8686,0.01447315,0,False
8689,0.01447315,0,False
869,0.01447315,14,False
8690,0.01447315,11,False
8695,0.01447315,0,False
8696,0.01447315,0,False
8697,0.01447315,0,False
870,0.01447315,6,False
8700,0.01447315,0,False
8701,0.01447315,0,False
8703,0.01447315,14,False
8704,0.01447315,0,False
8706,0.01447315,0,False
8710,0.01447315,11,False
8713,0.01447315,0,False
8714,0.01447315,9,False
8716,0.01447315,0,False
8721,0.01447315,0,False
8725,0.01447315,0,False
8727,0.01447315,0,False
873,0.01447315,7,False
8730,0.01447315,0,False
8736,0.01447315,0,False
8739,0.01447315,9,False
8741,0.01447315,0,False
8747,0.01447315,0,False
875,0.01447315,3,False
8755,0.01447315,0,False
876,0.01447315,6,False
8766,0.01447315,0,False
8767,0.01447315,0,False
8768,0.01447315,0,False
8769,0.01447315,0,False
8773,0.01447315,15,False
8774,0.01447315,0,False
8775,0.01447315,9,False
8776,0.01447315,14,False
8782,0.01447315,0,False
8783,0.01447315,11,False
8786,0.01447315,0,False
879,0.01447315,8,False
8795,0.01447315,0,False
880,0.01447315,6,False
8802,0.01447315,12,False
8808,0.01447315,0,False
8817,0.01447315,14,False
882,0.01447315,5,False
8820,0.01447315,10,False
8824,0.01447315,0,False
8825,0.01447315,10,False
8829,0.01447315,14,False
883,0.01447315,6,False
8832,0.01447315,0,False
8833,0.01447315,13,False
8845,0.01447315,11,False
8846,0.01447315,0,False
885,0.01447315,11,False
8851,0.01447315,0,False
8852,0.01447315,13,False
8854,0.01447315,11,False
8855,0.01447315,0,False
8859,0.01447315,0,False
886,0.01447315,3,True
8861,0.01447315,0,False
8863,0.01447315,15,False
8864,0.01447315,0,False
8867,0.01447315,0,False
8869,0.01447315,0,False
8871,0.01447315,0,False
8872,0.01447315,14,False
8874,0.01447315,0,False
8875,0.01447315,15,False
8876,0.01447315,0,False
888,0.01447315,5,False
8880,0.01447315,0,False
8881,0.01447315,15,False
8886,0.01447315,0,False
8888,0.01447315,0,False
8893,0.01447315,0,False
8894,0.01447315,0,False
8897,0.01447315,12,False
89,0.01447315,0,False
890,0.01447315,8,False
8900,0.01447315,0,False
8903,0.01447315,13,False
8904,0.01447315,15,False
8906,0.01447315,0,False
8907,0.01447315,0,False
8910,0.01447315,11,False
8912,0.01447315,0,False
8915,0.01447315,9,False
8918,0.01447315,0,False
8919,0.01447315,14,False
8925,0.01447315,15,False
8927,0.01447315,0,False
8931,0.01447315,0,False
8932,0.01447315,12,False
8933,0.01447315,0,False
8934,0.01447315,0,False
8935,0.01447315,0,False
8936,0.01447315,0,False
8938,0.01447315,12,False
894,0.01447315,6,False
8941,0.01447315,0,False
8943,0.01447315,0,False
8944,0.01447315,0,False
8946,0.01447315,0,False
8949,0.01447315,0,False
895,0.01447315,4,True
8954,0.01447315,0,False
8956,0.01447315,12,False
8957,0.01447315,0,False
896,0.01447315,9,False
8963,0.01447315,14,False
8966,0.01447315,0,False
8969,0.01447315,0,False
897,0.01447315,6,False
8970,0.01447315,0,False
8971,0.01447315,0,False
8973,0.01447315,12,False
8974,0.01447315,0,False
8975,0.01447315,0,False
8977,0.01447315,9,False
8979,0.01447315,0,False
8980,0.01447315,14,False
8982,0.01447315,0,False
8983,0.01447315,0,False
8986,0.01447315,15,False
8989,0.01447315,0,False
8990,0.01447315,0,False
8994,0.01447315,0,False
8997,0.01447315,14,False
8999,0.01447315,0,False
9004,0.01447315,0,False
9009,0.01447315,0,False
901,0.01447315,12,False
9010,0.01447315,0,False
902,0.01447315,8,False
9033,0.01447315,0,False
9034,0.01447315,0,False
9038,0.01447315,0,False
904,0.01447315,14,False
9041,0.01447315,15,False
9042,0.01447315,0,False
9043,0.01447315,0,False
9049,0.01447315,0,False
9052,0.01447315,0,False
9053,0.01447315,0,False
9057,0.01447315,0,False
906,0.01447315,5,False
9060,0.01447315,0,False
9061,0.01447315,0,False
9066,0.01447315,0,False
907,0.01447315,12,False
9073,0.01447315,0,False
9075,0.01447315,0,False
908,0.01447315,5,False
9080,0.01447315,0,False
9091,0.01447315,0,False
9096,0.01447315,0,False
9107,0.01447315,0,False
911,0.01447315,9,False
9110,0.01447315,11,False
9111,0.01447315,0,False
9112,0.01447315,0,False
9118,0.01447315,0,False
912,0.01447315,5,False
9125,0.01447315,0,False
9135,0.01447315,12,False
9139,0.01447315,0,False
914,0.01447315,14,False
9142,0.01447315,0,False
9148,0.01447315,0,False
9149,0.01447315,0,False
915,0.01447315,0,False
9150,0.01447315,0,False
9151,0.01447315,0,False
9152,0.01447315,0,False
9160,0.01447315,12,False
9163,0.01447315,9,False
9168,0.01447315,0,False
917,0.01447315,10,False
9171,0.01447315,0,False
9172,0.01447315,0,False
9175,0.01447315,0,False
9177,0.01447315,0,False
9178,0.01447315,0,False
918,0.01447315,5,False
9180,0.01447315,0,False
919,0.01447315,6,False
9192,0.01447315,0,False
9193,0.01447315,14,False
9194,0.01447315,0,False
9195,0.01447315,0,False
92,0.01447315,0,False
9205,0.01447315,0,False
9208,0.01447315,0,False
9214,0.01447315,0,False
9216,0.01447315,0,False
9219,0.01447315,0,False
922,0.01447315,6,False
923,0.01447315,14,False
9261,0.01447315,0,False
9264,0.01447315,12,False
927,0.01447315,6,False
9271,0.01447315,9,False
9272,0.01447315,13,False
928,0.01447315,15,False
9281,0.01447315,0,False
9290,0.01447315,0,False
9291,0.01447315,14,False
9293,0.01447315,0,False
9296,0.01447315,0,False
9302,0.01447315,0,False
9306,0.01447315,0,False
9307,0.01447315,12,False
931,0.01447315,5,True
9310,0.01447315,0,False
9318,0.01447315,0,False
932,0.01447315,8,False
9320,0.01447315,0,False
9321,0.01447315,0,False
9323,0.01447315,14,False
9325,0.01447315,0,False
9326,0.01447315,0,False
9329,0.01447315,0,False
933,0.01447315,6,False
934,0.01447315,8,False
9341,0.01447315,13,False
9342,0.01447315,0,False
9348,0.01447315,0,False
9349,0.01447315,15,False
935,0.01447315,5,True
9354,0.01447315,0,False
9355,0.01447315,0,False
9356,0.01447315,13,False
9358,0.01447315,0,False
9360,0.01447315,11,False
9365,0.01447315,0,False
9367,0.01447315,0,False
9369,0.01447315,0,False
9370,0.01447315,0,False
9371,0.01447315,0,False
9374,0.01447315,0,False
9377,0.01447315,0,False
9384,0.01447315,0,False
9386,0.01447315,0,False
939,0.01447315,0,False
9392,0.01447315,15,False
9393,0.01447315,15,False
9394,0.01447315,0,False
9395,0.01447315,15,False
9397,0.01447315,0,False
9399,0.01447315,0,False
9402,0.01447315,0,False
9406,0.01447315,10,False
9409,0.01447315,14,False
9416,0.01447315,15,False
9418,0.01447315,0,False
9420,0.01447315,0,False
9423,0.01447315,0,False
943,0.01447315,5,True
9430,0.01447315,0,False
9438,0.01447315,9,False
944,0.01447315,13,False
9440,0.01447315,0,False
9445,0.01447315,15,False
9449,0.01447315,0,False
9452,0.01447315,0,False
9456,0.01447315,0,False
9459,0.01447315,0,False
946,0.01447315,8,False
9460,0.01447315,0,False
9461,0.01447315,0,False
9463,0.01447315,0,False
9466,0.01447315,0,False
9467,0.01447315,0,False
9471,0.01447315,0,False
9473,0.01447315,0,False
9477,0.01447315,11,False
9479,0.01447315,0,False
948,0.01447315,7,False
9481,0.01447315,0,False
9483,0.01447315,0,False
9485,0.01447315,11,False
9488,0.01447315,0,False
9494,0.01447315,13,False
9495,0.01447315,0,False
9496,0.01447315,0,False
9498,0.01447315,14,False
9499,0.01447315,0,False
95,0.01447315,0,False
9504,0.01447315,0,False
9505,0.01447315,0,False
9507,0.01447315,0,False
9512,0.01447315,0,False
9513,0.01447315,0,False
9515,0.01447315,15,False
9518,0.01447315,0,False
9519,0.01447315,0,False
9521,0.01447315,0,False
9523,0.01447315,14,False
9524,0.01447315,14,False
9526,0.01447315,14,False
9528,0.01447315,0,False
9529,0.01447315,0,False
9531,0.01447315,11,False
9532,0.01447315,15,False
9533,0.01447315,9,False
9534,0.01447315,0,False
9537,0.01447315,8,False
9538,0.01447315,0,False
954,0.01447315,5,True
9540,0.01447315,15,False
9542,0.01447315,15,False
9545,0.01447315,12,False
9550,0.01447315,10,False
9553,0.01447315,0,False
9554,0.01447315,11,False
9556,0.01447315,14,False
9557,0.01447315,15,False
956,0.01447315,0,False
9561,0.01447315,0,False
9563,0.01447315,14,False
9564,0.01447315,0,False
9565,0.01447315,0,False
9567,0.01447315,0,False
9568,0.01447315,0,False
957,0.01447315,5,True
9570,0.01447315,13,False
9574,0.01447315,0,False
9575,0.01447315,0,False
9579,0.01447315,9,False
9580,0.01447315,0,False
9582,0.01447315,0,False
9583,0.01447315,0,False
9589,0.01447315,0,False
959,0.01447315,4,False
9591,0.01447315,11,False
9592,0.01447315,0,False
9593,0.01447315,12,False
9594,0.01447315,15,False
9597,0.01447315,9,False
9599,0.01447315,11,False
96,0.01447315,0,False
9601,0.01447315,0,False
9602,0.01447315,0,False
9603,0.01447315,0,False
9605,0.01447315,0,False
9607,0.01447315,0,False
9608,0.01447315,11,False
9609,0.01447315,0,False
961,0.01447315,5,False
9611,0.01447315,0,False
9613,0.01447315,0,False
9616,0.01447315,11,False
9618,0.01447315,0,False
9623,0.01447315,10,False
9624,0.01447315,11,False
9625,0.01447315,0,False
9627,0.01447315,0,False
963,0.01447315,4,True
9630,0.01447315,0,False
9632,0.01447315,10,False
9634,0.01447315,9,False
9637,0.01447315,12,False
964,0.01447315,0,False
9640,0.01447315,0,False
9642,0.01447315,9,False
9646,0.01447315,0,False
9648,0.01447315,0,False
9649,0.01447315,11,False
965,0.01447315,7,False
9650,0.01447315,0,False
9652,0.01447315,0,False
9653,0.01447315,0,False
9657,0.01447315,14,False
9658,0.01447315,11,False
9663,0.01447315,0,False
9668,0.01447315,0,False
9673,0.01447315,15,False
9674,0.01447315,15,False
9679,0.01447315,0,False
9680,0.01447315,0,False
9681,0.01447315,0,False
9683,0.01447315,0,False
9684,0.01447315,0,False
969,0.01447315,5,False
9699,0.01447315,0,False
970,0.01447315,5,False
9700,0.01447315,15,False
9702,0.01447315,0,False
9707,0.01447315,0,False
971,0.01447315,5,False
9710,0.01447315,9,False
9715,0.01447315,10,False
9717,0.01447315,0,False
9718,0.01447315,0,False
972,0.01447315,8,False
9720,0.01447315,0,False
9725,0.01447315,0,False
973,0.01447315,11,False
9731,0.01447315,0,False
9732,0.01447315,15,False
9734,0.01447315,0,False
9740,0.01447315,0,False
9743,0.01447315,0,False
9744,0.01447315,14,False
9748,0.01447315,0,False
9750,0.01447315,0,False
9764,0.01447315,0,False
9766,0.01447315,0,False
9770,0.01447315,0,False
9778,0.01447315,14,False
9779,0.01447315,0,False
978,0.01447315,0,False
9784,0.01447315,0,False
9786,0.01447315,0,False
979,0.01447315,0,False
9790,0.01447315,0,False
9791,0.01447315,0,False
9793,0.01447315,0,False
9796,0.01447315,0,False
9799,0.01447315,15,False
98,0.01447315,0,False
980,0.01447315,10,False
9804,0.01447315,0,False
9806,0.01447315,0,False
981,0.01447315,8,False
9813,0.01447315,0,False
9814,0.01447315,0,False
9815,0.01447315,0,False
982,0.01447315,15,False
9820,0.01447315,0,False
9821,0.01447315,15,False
9825,0.01447315,15,False
9828,0.01447315,0,False
9830,0.01447315,0,False
9832,0.01447315,0,False
9834,0.01447315,0,False
9839,0.01447315,0,False
9841,0.01447315,0,False
9848,0.01447315,15,False
9849,0.01447315,0,False
9853,0.01447315,0,False
9856,0.01447315,0,False
9857,0.01447315,0,False
986,0.01447315,13,False
9863,0.01447315,15,False
9868,0.01447315,15,False
9872,0.01447315,0,False
9877,0.01447315,0,False
9879,0.01447315,0,False
9881,0.01447315,0,False
9882,0.01447315,12,False
9885,0.01447315,0,False
9886,0.01447315,12,False
9887,0.01447315,0,False
989,0.01447315,9,False
990,0.01447315,7,False
9902,0.01447315,0,False
9906,0.01447315,0,False
9907,0.01447315,0,False
9908,0.01447315,11,False
991,0.01447315,7,False
9910,0.01447315,0,False
9917,0.01447315,0,False
992,0.01447315,4,False
9922,0.01447315,14,False
9925,0.01447315,0,False
9928,0.01447315,12,False
993,0.01447315,9,False
9931,0.01447315,0,False
9932,0.01447315,0,False
9943,0.01447315,0,False
9947,0.01447315,0,False
995,0.01447315,10,False
9950,0.01447315,0,False
9958,0.01447315,0,False
9963,0.01447315,0,False
9964,0.01447315,0,False
9965,0.01447315,0,False
9967,0.01447315,0,False
9968,0.01447315,13,False
997,0.01447315,12,False
9974,0.01447315,14,False
9983,0.01447315,0,False
9992,0.01447315,0,False
W100,0.01447315,7,True
W1017,0.01447315,8,False
W1018,0.01447315,8,False
W102,0.01447315,5,False
W1024,0.01447315,7,False
W1030,0.01447315,6,False
W1031,0.01447315,6,False
W1037,0.01447315,13,False
W1038,0.01447315,6,False
W104,0.01447315,8,True
W1040,0.01447315,7,False
W1046,0.01447315,8,False
W1049,0.01447315,7,False
W1052,0.01447315,6,False
W1057,0.01447315,6,True
W106,0.01447315,8,True
W1066,0.01447315,7,False
W1069,0.01447315,5,True
W107,0.01447315,6,False
W1070,0.01447315,6,False
W1071,0.01447315,7,False
W1072,0.01447315,6,False
W1073,0.01447315,5,True
W108,0.01447315,6,False
W1083,0.01447315,6,False
W109,0.01447315,6,False
W11,0.01447315,11,False
W110,0.01447315,6,False
W1100,0.01447315,7,False
W1101,0.01447315,7,False
W1102,0.01447315,7,False
W1103,0.01447315,8,False
W1104,0.01447315,12,False
W1105,0.01447315,8,False
W1108,0.01447315,8,False
W1111,0.01447315,12,False
W1113,0.01447315,13,False
W1117,0.01447315,12,False
W1118,0.01447315,12,False
W1120,0.01447315,12,False
W1122,0.01447315,12,False
W1123,0.01447315,12,False
W1126,0.01447315,6,False
W1127,0.01447315,11,False
W1129,0.01447315,12,False
W113,0.01447315,4,True
W1130,0.01447315,4,True
W1134,0.01447315,5,True
W1136,0.01447315,11,False
W1137,0.01447315,9,True
W114,0.01447315,4,True
W1140,0.01447315,9,False
W1141,0.01447315,11,False
W1144,0.01447315,12,False
W115,0.01447315,4,True
W1150,0.01447315,12,False
W1153,0.01447315,11,False
W1155,0.01447315,10,False
W1156,0.01447315,11,False
W1157,0.01447315,9,False
W1159,0.01447315,15,False
W116,0.01447315,4,True
W1160,0.01447315,12,False
W1162,0.01447315,11,False
W1164,0.01447315,11,False
W1165,0.01447315,11,False
W1166,0.01447315,10,False
W1167,0.01447315,11,False
W1168,0.01447315,11,False
W1169,0.01447315,14,False
W117,0.01447315,4,True
W1170,0.01447315,11,False
W1171,0.01447315,11,False
W1172,0.01447315,12,False
W1174,0.01447315,13,False
W1178,0.01447315,10,False
W1185,0.01447315,10,False
W1186,0.01447315,12,False
W1187,0.01447315,0,False
W1188,0.01447315,12,False
W1189,0.01447315,12,False
W119,0.01447315,5,False
W1190,0.01447315,11,False
W1191,0.01447315,11,False
W1192,0.01447315,12,False
W1193,0.01447315,12,False
W1194,0.01447315,11,False
W1199,0.01447315,10,False
W1200,0.01447315,12,False
W1205,0.01447315,13,False
W1209,0.01447315,11,False
W121,0.01447315,6,False
W1211,0.01447315,12,False
W122,0.01447315,6,False
W1220,0.01447315,8,False
W1223,0.01447315,4,True
W1225,0.01447315,10,True
W1227,0.01447315,10,True
W1229,0.01447315,10,True
W123,0.01447315,4,True
W1231,0.01447315,10,True
W1232,0.01447315,10,True
W1233,0.01447315,10,True
W124,0.01447315,7,True
W1240,0.01447315,10,True
W1242,0.01447315,10,True
W1244,0.01447315,10,True
W1245,0.01447315,6,False
W1247,0.01447315,10,True
W1248,0.01447315,7,False
W1249,0.01447315,10,True
W125,0.01447315,7,True
W1251,0.01447315,10,True
W1252,0.01447315,10,False
W1253,0.01447315,10,True
W1254,0.01447315,10,True
W1255,0.01447315,10,True
W1257,0.01447315,10,True
W1259,0.01447315,10,True
W126,0.01447315,6,False
W1260,0.01447315,6,False
W1261,0.01447315,7,True
W1268,0.01447315,7,True
W1269,0.01447315,7,True
W127,0.01447315,4,True
W1270,0.01447315,10,True
W1271,0.01447315,7,False
W1273,0.01447315,5,True
W1274,0.01447315,7,False
W1275,0.01447315,10,True
W1279,0.01447315,6,False
W128,0.01447315,4,True
W1280,0.01447315,5,True
W1284,0.01447315,5,True
W1287,0.01447315,5,False
W129,0.01447315,4,True
W1297,0.01447315,8,False
W1299,0.01447315,8,False
W130,0.01447315,6,True
W1301,0.01447315,6,False
W131,0.01447315,4,True
W1318,0.01447315,10,True
W132,0.01447315,4,True
W1320,0.01447315,10,True
W1327,0.01447315,11,False
W133,0.01447315,4,True
W1339,0.01447315,12,False
W134,0.01447315,4,True
W1340,0.01447315,6,True
W135,0.01447315,6,False
W1353,0.01447315,11,False
W1355,0.01447315,11,False
W1356,0.01447315,6,True
W1358,0.01447315,6,True
W136,0.01447315,6,True
W1360,0.01447315,5,True
W1362,0.01447315,5,True
W137,0.01447315,4,False
W1372,0.01447315,5,False
W1373,0.01447315,11,False
W1374,0.01447315,5,True
W1376,0.01447315,5,True
W1379,0.01447315,11,False
W138,0.01447315,5,True
W1380,0.01447315,7,False
W1383,0.01447315,8,False
W1387,0.01447315,5,True
W1389,0.01447315,5,True
W139,0.01447315,5,True
W1396,0.01447315,12,False
W1397,0.01447315,11,False
W1399,0.01447315,11,False
W14,0.01447315,10,False
W140,0.01447315,5,True
W1403,0.01447315,11,False
W1405,0.01447315,12,False
W141,0.01447315,6,True
W1411,0.01447315,14,False
W1443,0.01447315,11,False
W1444,0.01447315,11,False
W1448,0.01447315,13,False
W145,0.01447315,9,False
W1452,0.01447315,12,False
W1456,0.01447315,12,False
W1467,0.01447315,8,False
W147,0.01447315,6,False
W1471,0.01447315,12,False
W1472,0.01447315,11,False
W1479,0.01447315,7,False
W148,0.01447315,10,False
W1480,0.01447315,7,False
W1482,0.01447315,8,True
W1483,0.01447315,8,True
W1487,0.01447315,7,False
W149,0.01447315,10,False
W1492,0.01447315,6,False
W1493,0.01447315,6,False
W150,0.01447315,12,False
W1502,0.01447315,6,True
W1506,0.01447315,5,False
W1509,0.01447315,5,True
W1520,0.01447315,5,False
W1522,0.01447315,10,False
W1528,0.01447315,11,False
W1529,0.01447315,5,True
W153,0.01447315,10,False
W1531,0.01447315,10,False
W1533,0.01447315,5,False
W1548,0.01447315,7,False
W155,0.01447315,10,False
W1555,0.01447315,5,False
W1556,0.01447315,12,False
W1559,0.01447315,8,False
W1561,0.01447315,6,False
W1564,0.01447315,8,False
W1567,0.01447315,7,False
W1569,0.01447315,8,False
W1572,0.01447315,10,True
W1575,0.01447315,8,False
W1576,0.01447315,10,True
W1577,0.01447315,7,False
W1580,0.01447315,8,True
W1581,0.01447315,8,False
W1584,0.01447315,10,True
W1588,0.01447315,10,True
W1592,0.01447315,8,True
W1594,0.01447315,7,False
W1603,0.01447315,6,True
W1607,0.01447315,8,True
W161,0.01447315,10,False
W1611,0.01447315,6,False
W1612,0.01447315,6,True
W1613,0.01447315,7,True
W1614,0.01447315,6,False
W1615,0.01447315,11,False
W1619,0.01447315,7,False
W162,0.01447315,10,False
W1620,0.01447315,9,True
W1625,0.01447315,8,True
W1626,0.01447315,10,True
W1628,0.01447315,8,False
W1629,0.01447315,8,True
W1630,0.01447315,10,True
W1634,0.01447315,7,True
W1635,0.01447315,10,True
W1639,0.01447315,8,True
W164,0.01447315,10,False
W1640,0.01447315,10,True
W1643,0.01447315,8,False
W1644,0.01447315,8,True
W1645,0.01447315,11,True
W1647,0.01447315,8,False
W1649,0.01447315,8,True
W1652,0.01447315,10,True
W1655,0.01447315,8,False
W1656,0.01447315,11,True
W1659,0.01447315,8,False
W1664,0.01447315,10,True
W1665,0.01447315,11,False
W1671,0.01447315,7,False
W1674,0.01447315,11,False
W1676,0.01447315,7,False
W1679,0.01447315,12,False
W168,0.01447315,10,False
W1685,0.01447315,11,True
W1686,0.01447315,6,True
W1688,0.01447315,6,False
W1689,0.01447315,11,True
W169,0.01447315,8,False
W1690,0.01447315,6,False
W1693,0.01447315,7,False
W1698,0.01447315,11,True
W1699,0.01447315,7,False
W1701,0.01447315,11,True
W1703,0.01447315,10,True
W1705,0.01447315,10,True
W1707,0.01447315,12,False
W1708,0.01447315,10,True
W1709,0.01447315,11,True
W171,0.01447315,7,False
W1714,0.01447315,10,True
W172,0.01447315,11,False
W1722,0.01447315,10,True
W1723,0.01447315,8,False
W1728,0.01447315,11,False
W1729,0.01447315,11,True
W1735,0.01447315,11,True
W174,0.01447315,14,False
W1741,0.01447315,8,False
W1746,0.01447315,10,True
W1750,0.01447315,10,True
W1751,0.01447315,7,False
W1759,0.01447315,10,True
W176,0.01447315,6,False
W1761,0.01447315,10,True
W1764,0.01447315,10,True
W1766,0.01447315,10,True
W1768,0.01447315,11,True
W1769,0.01447315,5,True
W177,0.01447315,11,False
W1771,0.01447315,11,True
W1772,0.01447315,8,True
W1774,0.01447315,5,True
W1775,0.01447315,10,True
W1777,0.01447315,10,False
W1778,0.01447315,5,False
W178,0.01447315,6,False
W1780,0.01447315,5,False
W1782,0.01447315,10,False
W1784,0.01447315,7,False
W1787,0.01447315,4,False
W1788,0.01447315,10,True
W1790,0.01447315,7,False
W1791,0.01447315,5,False
W1792,0.01447315,11,True
W1794,0.01447315,12,False
W1795,0.01447315,11,True
W1797,0.01447315,10,True
W1798,0.01447315,0,False
W1799,0.01447315,5,False
W18,0.01447315,11,False
W180,0.01447315,6,False
W1800,0.01447315,11,True
W1801,0.01447315,5,False
W1802,0.01447315,10,True
W1803,0.01447315,13,False
W1806,0.01447315,12,False
W1807,0.01447315,10,True
W1808,0.01447315,10,True
W181,0.01447315,6,False
W1810,0.01447315,10,True
W1812,0.01447315,11,False
W1814,0.01447315,11,True
W1816,0.01447315,10,True
W1817,0.01447315,7,True
W1818,0.01447315,12,False
W1820,0.01447315,11,True
W1821,0.01447315,7,False
W1824,0.01447315,11,False
W1825,0.01447315,10,True
W1828,0.01447315,11,True
W1829,0.01447315,11,False
W183,0.01447315,7,False
W1831,0.01447315,10,True
W1833,0.01447315,12,False
W1837,0.01447315,11,True
W184,0.01447315,13,False
W1841,0.01447315,10,True
W1842,0.01447315,11,False
W1844,0.01447315,4,False
W1846,0.01447315,8,False
W1849,0.01447315,11,True
W1850,0.01447315,6,False
W1851,0.01447315,12,False
W1853,0.01447315,6,False
W1854,0.01447315,10,True
W1855,0.01447315,8,False
W1857,0.01447315,11,True
W1859,0.01447315,12,False
W1863,0.01447315,5,False
W1864,0.01447315,12,False
W1865,0.01447315,8,True
W1866,0.01447315,6,True
W1868,0.01447315,12,False
W187,0.01447315,0,False
W1870,0.01447315,7,False
W1874,0.01447315,12,False
W1875,0.01447315,6,True
W188,0.01447315,10,False
W1880,0.01447315,12,False
W1883,0.01447315,5,True
W1884,0.01447315,12,False
W1887,0.01447315,6,True
W1888,0.01447315,8,False
W189,0.01447315,0,False
W1892,0.01447315,6,True
W1895,0.01447315,5,False
W1896,0.01447315,12,False
W190,0.01447315,6,False
W1900,0.01447315,6,False
W1901,0.01447315,8,False
W1902,0.01447315,13,False
W191,0.01447315,0,False
W1910,0.01447315,13,False
W1913,0.01447315,12,False
W1914,0.01447315,7,False
W1918,0.01447315,12,False
W1929,0.01447315,12,False
W193,0.01447315,0,False
W1933,0.01447315,12,False
W1937,0.01447315,9,False
W194,0.01447315,10,False
W1941,0.01447315,5,False
W195,0.01447315,0,False
W196,0.01447315,12,False
W197,0.01447315,0,False
W1977,0.01447315,7,False
W1981,0.01447315,7,False
W1983,0.01447315,8,False
W199,0.01447315,0,False
W1990,0.01447315,11,False
W1992,0.01447315,11,False
W1996,0.01447315,8,False
W2,0.01447315,11,False
W20,0.01447315,11,False
W2001,0.01447315,6,False
W2003,0.01447315,4,False
W2006,0.01447315,11,False
W2009,0.01447315,9,False
W2010,0.01447315,5,False
W2011,0.01447315,7,False
W2013,0.01447315,10,False
W2014,0.01447315,10,False
W2015,0.01447315,10,False
W2016,0.01447315,3,False
W2017,0.01447315,4,False
W2020,0.01447315,6,False
W2023,0.01447315,5,False
W2024,0.01447315,12,False
W2026,0.01447315,8,False
W2027,0.01447315,8,False
W2028,0.01447315,13,False
W2029,0.01447315,7,False
W2032,0.01447315,9,False
W2037,0.01447315,8,False
W2038,0.01447315,9,False
W2040,0.01447315,5,False
W2041,0.01447315,7,False
W2042,0.01447315,5,False
W2043,0.01447315,9,False
W2044,0.01447315,7,False
W2045,0.01447315,8,False
W2048,0.01447315,8,False
W2049,0.01447315,9,False
W2050,0.01447315,11,False
W2051,0.01447315,10,False
W2053,0.01447315,7,False
W2054,0.01447315,5,False
W2055,0.01447315,7,False
W2057,0.01447315,9,False
W2058,0.01447315,9,False
W2059,0.01447315,8,False
W2060,0.01447315,6,False
W2065,0.01447315,7,False
W2069,0.01447315,11,False
W207,0.01447315,8,False
W2070,0.01447315,7,False
W2072,0.01447315,7,False
W2073,0.01447315,9,False
W2074,0.01447315,9,False
W2075,0.01447315,7,False
W2076,0.01447315,9,False
W2077,0.01447315,7,False
W2078,0.01447315,5,False
W2080,0.01447315,9,False
W2081,0.01447315,8,False
W2082,0.01447315,9,False
W2083,0.01447315,7,False
W2085,0.01447315,8,False
W2088,0.01447315,8,False
W2089,0.01447315,9,False
W2090,0.01447315,7,False
W2094,0.01447315,8,False
W2095,0.01447315,10,False
W2096,0.01447315,10,False
W2097,0.01447315,8,False
W2099,0.01447315,12,False
W21,0.01447315,10,False
W2100,0.01447315,8,False
W212,0.01447315,0,False
W2132,0.01447315,6,False
W2134,0.01447315,6,False
W2135,0.01447315,6,False
W2145,0.01447315,6,False
W2147,0.01447315,9,True
W2148,0.01447315,9,True
W2152,0.01447315,10,True
W2154,0.01447315,10,True
W2155,0.01447315,10,True
W2157,0.01447315,10,True
W2158,0.01447315,9,True
W2159,0.01447315,9,True
W2160,0.01447315,9,True
W2161,0.01447315,10,True
W2162,0.01447315,9,True
W2163,0.01447315,9,True
W2164,0.01447315,9,True
W2165,0.01447315,9,True
W2166,0.01447315,9,True
W2168,0.01447315,10,True
W217,0.01447315,0,False
W2170,0.01447315,9,True
W2171,0.01447315,9,True
W2174,0.01447315,10,True
W2175,0.01447315,10,True
W2176,0.01447315,7,True
W2177,0.01447315,9,True
W2178,0.01447315,10,True
W2179,0.01447315,10,True
W2180,0.01447315,10,True
W2181,0.01447315,9,True
W219,0.01447315,0,False
W220,0.01447315,11,False
W2206,0.01447315,7,True
W2208,0.01447315,7,True
W221,0.01447315,0,False
W2211,0.01447315,9,True
W2213,0.01447315,9,True
W2214,0.01447315,7,True
W2216,0.01447315,7,False
W2217,0.01447315,10,True
W2220,0.01447315,7,False
W2222,0.01447315,9,True
W2223,0.01447315,12,False
W2225,0.01447315,9,True
W2226,0.01447315,5,False
W2228,0.01447315,8,False
W2230,0.01447315,9,False
W2231,0.01447315,6,True
W2235,0.01447315,9,True
W2237,0.01447315,5,True
W224,0.01447315,11,False
W2242,0.01447315,7,False
W2247,0.01447315,7,False
W2249,0.01447315,10,True
W225,0.01447315,0,False
W2250,0.01447315,12,False
W2251,0.01447315,7,False
W2252,0.01447315,8,False
W2255,0.01447315,10,True
W2257,0.01447315,7,False
W226,0.01447315,0,False
W2260,0.01447315,10,True
W2262,0.01447315,7,False
W2263,0.01447315,5,True
W2265,0.01447315,10,False
W2266,0.01447315,5,True
W2268,0.01447315,7,True
W2269,0.01447315,6,True
W2270,0.01447315,10,True
W2273,0.01447315,10,False
W2274,0.01447315,10,True
W2275,0.01447315,10,True
W2276,0.01447315,7,False
W2277,0.01447315,9,False
W228,0.01447315,0,False
W2281,0.01447315,12,False
W2282,0.01447315,5,True
W2286,0.01447315,9,False
W2287,0.01447315,8,False
W2290,0.01447315,12,False
W2291,0.01447315,12,False
W2295,0.01447315,6,False
W2296,0.01447315,12,False
W2301,0.01447315,7,False
W2305,0.01447315,7,False
W2309,0.01447315,13,False
W231,0.01447315,13,False
W2310,0.01447315,7,False
W2312,0.01447315,6,False
W2313,0.01447315,12,False
W2315,0.01447315,8,False
W2316,0.01447315,7,False
W2317,0.01447315,8,False
W2326,0.01447315,6,False
W2327,0.01447315,11,False
W233,0.01447315,12,False
W2330,0.01447315,8,False
W2332,0.01447315,7,False
W2336,0.01447315,7,False
W2337,0.01447315,6,False
W2339,0.01447315,5,False
W234,0.01447315,0,False
W2342,0.01447315,9,False
W2348,0.01447315,8,False
W235,0.01447315,11,False
W2351,0.01447315,7,False
W2352,0.01447315,10,False
W2354,0.01447315,7,False
W2356,0.01447315,7,False
W2357,0.01447315,9,False
W2358,0.01447315,9,False
W236,0.01447315,0,False
W2360,0.01447315,6,False
W2361,0.01447315,9,False
W2362,0.01447315,11,False
W2363,0.01447315,10,False
W2367,0.01447315,7,False
W2368,0.01447315,7,False
W237,0.01447315,10,False
W2370,0.01447315,8,False
W2375,0.01447315,10,True
W2377,0.01447315,6,True
W2378,0.01447315,10,True
W2379,0.01447315,6,True
W238,0.01447315,0,False
W2381,0.01447315,10,True
W2383,0.01447315,6,True
W2384,0.01447315,10,True
W2387,0.01447315,7,False
W2392,0.01447315,10,True
W2395,0.01447315,7,False
W2397,0.01447315,6,False
W24,0.01447315,9,False
W240,0.01447315,0,False
W2400,0.01447315,10,True
W2402,0.01447315,10,True
W2404,0.01447315,6,True
W2405,0.01447315,10,True
W2407,0.01447315,6,False
W2409,0.01447315,8,False
W2410,0.01447315,9,True
W2412,0.01447315,12,False
W2417,0.01447315,7,False
W2418,0.01447315,10,True
W2420,0.01447315,6,True
W2422,0.01447315,6,False
W2423,0.01447315,6,False
W2424,0.01447315,10,True
W2427,0.01447315,7,False
W2428,0.01447315,12,False
W2429,0.01447315,6,False
W2431,0.01447315,6,True
W2432,0.01447315,7,True
W2435,0.01447315,6,False
W2436,0.01447315,6,True
W2437,0.01447315,6,False
W2439,0.01447315,7,False
W2440,0.01447315,7,True
W2441,0.01447315,6,True
W2443,0.01447315,6,False
W2445,0.01447315,7,False
W2446,0.01447315,9,False
W2447,0.01447315,6,False
W2448,0.01447315,4,False
W2449,0.01447315,10,True
W245,0.01447315,11,False
W2451,0.01447315,6,False
W2455,0.01447315,6,True
W2456,0.01447315,6,True
W2457,0.01447315,12,False
W2459,0.01447315,10,True
W2461,0.01447315,6,True
W2463,0.01447315,10,False
W2464,0.01447315,12,False
W2465,0.01447315,6,True
W2466,0.01447315,6,True
W2468,0.01447315,6,False
W2469,0.01447315,7,True
W247,0.01447315,0,False
W2471,0.01447315,6,True
W2474,0.01447315,8,False
W2475,0.01447315,6,True
W2476,0.01447315,6,False
W2477,0.01447315,6,False
W2478,0.01447315,6,True
W2479,0.01447315,10,True
W2481,0.01447315,8,False
W2482,0.01447315,6,True
W2484,0.01447315,9,False
W2485,0.01447315,7,True
W2486,0.01447315,11,False
W2487,0.01447315,10,False
W2488,0.01447315,6,True
W2489,0.01447315,10,True
W249,0.01447315,0,False
W2490,0.01447315,10,False
W2492,0.01447315,7,False
W2495,0.01447315,6,True
W2496,0.01447315,10,True
W2497,0.01447315,6,True
W2498,0.01447315,4,False
W25,0.01447315,14,False
W2504,0.01447315,7,True
W2507,0.01447315,6,True
W2509,0.01447315,10,True
W251,0.01447315,0,False
W2510,0.01447315,7,False
W2513,0.01447315,10,True
W2515,0.01447315,5,True
W2519,0.01447315,6,False
W2522,0.01447315,7,True
W2523,0.01447315,7,False
W2524,0.01447315,6,True
W2525,0.01447315,6,True
W2527,0.01447315,7,False
W2530,0.01447315,8,False
W2534,0.01447315,6,False
W2536,0.01447315,9,False
W2537,0.01447315,7,False
W2539,0.01447315,10,True
W2546,0.01447315,10,True
W2548,0.01447315,9,False
W2552,0.01447315,10,False
W2553,0.01447315,6,True
W2556,0.01447315,10,True
W2557,0.01447315,7,True
W2560,0.01447315,10,False
W2565,0.01447315,6,True
W2567,0.01447315,6,True
W2568,0.01447315,7,False
W2570,0.01447315,10,True
W2574,0.01447315,7,False
W2575,0.01447315,10,True
W2577,0.01447315,6,True
W2579,0.01447315,11,False
W2580,0.01447315,7,True
W2583,0.01447315,11,False
W2586,0.01447315,10,True
W2590,0.01447315,6,True
W2592,0.01447315,10,True
W2593,0.01447315,9,True
W2595,0.01447315,11,False
W2597,0.01447315,10,True
W2598,0.01447315,9,True
W2599,0.01447315,6,False
W2600,0.01447315,13,False
W2601,0.01447315,10,True
W2602,0.01447315,8,False
W2603,0.01447315,7,True
W2604,0.01447315,6,True
W2605,0.01447315,6,False
W2607,0.01447315,7,True
W2608,0.01447315,12,False
W2610,0.01447315,6,True
W2611,0.01447315,5,False
W2615,0.01447315,10,True
W2616,0.01447315,9,False
W262,0.01447315,0,False
W2622,0.01447315,6,True
W2623,0.01447315,9,True
W2624,0.01447315,10,True
W2625,0.01447315,7,False
W2626,0.01447315,7,True
W2627,0.01447315,7,False
W2628,0.01447315,10,True
W2632,0.01447315,9,True
W2635,0.01447315,7,True
W2638,0.01447315,7,True
W2642,0.01447315,7,True
W2646,0.01447315,4,False
W2648,0.01447315,7,True
W265,0.01447315,0,False
W2650,0.01447315,9,True
W2651,0.01447315,8,False
W2652,0.01447315,7,False
W2653,0.01447315,7,True
W2655,0.01447315,7,True
W2658,0.01447315,9,False
W2659,0.01447315,9,True
W2660,0.01447315,12,False
W2663,0.01447315,7,True
W2665,0.01447315,7,True
W2666,0.01447315,8,False
W2667,0.01447315,6,False
W267,0.01447315,0,False
W2670,0.01447315,4,True
W2671,0.01447315,7,True
W2672,0.01447315,9,False
W2676,0.01447315,8,False
W2677,0.01447315,7,False
W2679,0.01447315,7,True
W2681,0.01447315,9,False
W2683,0.01447315,5,False
W2685,0.01447315,9,True
W2687,0.01447315,7,True
W2689,0.01447315,9,True
W269,0.01447315,0,False
W2692,0.01447315,6,False
W2693,0.01447315,7,True
W2694,0.01447315,9,True
W2697,0.01447315,9,True
W2698,0.01447315,6,False
W27,0.01447315,10,False
W270,0.01447315,11,False
W2700,0.01447315,8,True
W2703,0.01447315,7,True
W2707,0.01447315,8,False
W2708,0.01447315,7,True
W271,0.01447315,0,False
W2710,0.01447315,7,True
W2712,0.01447315,9,True
W2713,0.01447315,7,True
W2715,0.01447315,4,False
W2719,0.01447315,8,True
W2720,0.01447315,7,True
W2722,0.01447315,6,False
W2724,0.01447315,7,True
W2725,0.01447315,10,True
W2730,0.01447315,12,False
W2734,0.01447315,7,True
W2735,0.01447315,9,True
W2736,0.01447315,6,True
W274,0.01447315,10,False
W2740,0.01447315,8,False
W2741,0.01447315,10,True
W2743,0.01447315,12,False
W2746,0.01447315,9,False
W2747,0.01447315,9,True
W275,0.01447315,0,False
W2750,0.01447315,5,False
W2751,0.01447315,6,True
W2752,0.01447315,8,False
W2753,0.01447315,8,False
W2758,0.01447315,9,False
W276,0.01447315,10,False
W2761,0.01447315,6,False
W2766,0.01447315,6,True
W2767,0.01447315,7,True
W2768,0.01447315,13,False
W277,0.01447315,0,False
W2771,0.01447315,9,True
W2774,0.01447315,12,False
W2778,0.01447315,7,True
W2779,0.01447315,10,True
W278,0.01447315,10,False
W2780,0.01447315,5,True
W2781,0.01447315,7,True
W2786,0.01447315,6,True
W2788,0.01447315,7,False
W2789,0.01447315,13,False
W2790,0.01447315,7,True
W2791,0.01447315,10,False
W2792,0.01447315,5,True
W2794,0.01447315,7,True
W2795,0.01447315,6,False
W2797,0.01447315,5,True
W28,0.01447315,11,False
W280,0.01447315,10,False
W2800,0.01447315,7,True
W2801,0.01447315,9,True
W2803,0.01447315,6,True
W2804,0.01447315,6,False
W2805,0.01447315,9,True
W2806,0.01447315,8,False
W281,0.01447315,10,False
W2812,0.01447315,7,True
W2813,0.01447315,6,True
W2814,0.01447315,10,True
W2816,0.01447315,10,False
W2818,0.01447315,9,True
W2820,0.01447315,6,True
W2822,0.01447315,6,True
W2824,0.01447315,7,True
W2825,0.01447315,12,False
W2827,0.01447315,7,True
W2828,0.01447315,9,True
W283,0.01447315,10,False
W2833,0.01447315,7,True
W2835,0.01447315,9,True
W2837,0.01447315,7,True
W2838,0.01447315,9,True
W284,0.01447315,0,False
W2840,0.01447315,7,False
W2842,0.01447315,8,False
W2843,0.01447315,5,True
W2845,0.01447315,7,True
W2846,0.01447315,9,True
W2850,0.01447315,7,False
W2851,0.01447315,9,True
W2853,0.01447315,7,True
W2855,0.01447315,12,False
W2856,0.01447315,7,False
W2857,0.01447315,7,True
W2859,0.01447315,9,True
W286,0.01447315,0,False
W2861,0.01447315,7,False
W2863,0.01447315,9,True
W2865,0.01447315,5,False
W2866,0.01447315,7,True
W2868,0.01447315,6,False
W2869,0.01447315,6,True
W2870,0.01447315,10,False
W2872,0.01447315,10,True
W2873,0.01447315,9,False
W2874,0.01447315,10,True
W2876,0.01447315,7,False
W2877,0.01447315,6,True
W288,0.01447315,0,False
W2880,0.01447315,7,True
W2881,0.01447315,7,False
W2883,0.01447315,10,False
W2884,0.01447315,7,True
W2885,0.01447315,11,False
W2886,0.01447315,7,True
W2887,0.01447315,7,True
W2888,0.01447315,9,True
W2889,0.01447315,7,False
W2892,0.01447315,7,True
W2893,0.01447315,9,True
W2894,0.01447315,7,False
W2895,0.01447315,12,False
W2897,0.01447315,7,False
W2898,0.01447315,7,True
W2900,0.01447315,7,False
W2902,0.01447315,6,True
W2903,0.01447315,10,True
W2904,0.01447315,5,False
W2907,0.01447315,6,True
W2910,0.01447315,7,False
W2911,0.01447315,5,True
W2913,0.01447315,10,True
W2914,0.01447315,9,False
W2916,0.01447315,6,False
W2917,0.01447315,7,True
W2918,0.01447315,8,False
W2919,0.01447315,4,True
W292,0.01447315,12,False
W2920,0.01447315,6,False
W2921,0.01447315,7,False
W2923,0.01447315,7,False
W2924,0.01447315,6,True
W2925,0.01447315,12,False
W2927,0.01447315,7,True
W2929,0.01447315,7,False
W2930,0.01447315,7,True
W2933,0.01447315,10,False
W2934,0.01447315,6,True
W2936,0.01447315,9,False
W2938,0.01447315,7,False
W2939,0.01447315,12,False
W2941,0.01447315,10,True
W2942,0.01447315,8,False
W2944,0.01447315,11,False
W2945,0.01447315,6,False
W2946,0.01447315,9,False
W2947,0.01447315,9,False
W2948,0.01447315,10,False
W295,0.01447315,0,False
W2950,0.01447315,7,False
W2951,0.01447315,8,False
W2952,0.01447315,8,False
W2954,0.01447315,10,False
W2958,0.01447315,8,False
W2959,0.01447315,9,False
W296,0.01447315,0,False
W2963,0.01447315,7,False
W2964,0.01447315,7,False
W2966,0.01447315,4,True
W2967,0.01447315,6,True
W2968,0.01447315,8,False
W2970,0.01447315,6,True
W2971,0.01447315,7,False
W2972,0.01447315,6,True
W2973,0.01447315,5,False
W2974,0.01447315,7,False
W2975,0.01447315,6,True
W2978,0.01447315,6,True
W2979,0.01447315,6,True
W298,0.01447315,0,False
W2982,0.01447315,8,True
W2983,0.01447315,6,False
W2985,0.01447315,10,False
W2986,0.01447315,7,False
W2987,0.01447315,5,False
W299,0.01447315,10,False
W2991,0.01447315,7,False
W2992,0.01447315,7,False
W2995,0.01447315,8,False
W2996,0.01447315,8,False
W2997,0.01447315,7,False
W2998,0.01447315,7,False
W2999,0.01447315,7,False
W3,0.01447315,15,False
W30,0.01447315,11,False
W300,0.01447315,10,False
W301,0.01447315,10,False
W3012,0.01447315,9,False
W3013,0.01447315,7,False
W3020,0.01447315,6,False
W3021,0.01447315,9,False
W3024,0.01447315,10,False
W3029,0.01447315,10,False
W3030,0.01447315,12,False
W3031,0.01447315,9,False
W3032,0.01447315,9,False
W3034,0.01447315,14,False
W3035,0.01447315,7,False
W3038,0.01447315,11,False
W3039,0.01447315,12,False
W3042,0.01447315,4,False
W3043,0.01447315,7,False
W3046,0.01447315,7,False
W3047,0.01447315,5,False
W3050,0.01447315,7,False
W3052,0.01447315,9,False
W3054,0.01447315,9,False
W3055,0.01447315,12,False
W3056,0.01447315,9,False
W3058,0.01447315,12,False
W3059,0.01447315,8,False
W3060,0.01447315,14,False
W3061,0.01447315,9,False
W3062,0.01447315,7,False
W3063,0.01447315,11,False
W3066,0.01447315,12,False
W3067,0.01447315,6,False
W3071,0.01447315,12,False
W3074,0.01447315,8,False
W3075,0.01447315,8,False
W3079,0.01447315,6,False
W3085,0.01447315,8,False
W3086,0.01447315,7,False
W309,0.01447315,7,False
W3094,0.01447315,8,False
W3095,0.01447315,7,False
W3096,0.01447315,8,False
W3102,0.01447315,7,False
W3103,0.01447315,8,False
W3105,0.01447315,10,False
W3107,0.01447315,7,False
W311,0.01447315,10,False
W3110,0.01447315,7,False
W3115,0.01447315,10,False
W3117,0.01447315,7,False
W3119,0.01447315,7,False
W312,0.01447315,10,False
W3123,0.01447315,7,True
W3124,0.01447315,8,False
W3125,0.01447315,7,True
W3127,0.01447315,10,False
W3128,0.01447315,7,False
W3129,0.01447315,7,False
W3130,0.01447315,10,False
W3133,0.01447315,5,False
W3134,0.01447315,10,False
W3136,0.01447315,7,True
W3137,0.01447315,7,False
W314,0.01447315,14,False
W3141,0.01447315,6,True
W3143,0.01447315,7,False
W3152,0.01447315,9,False
W3155,0.01447315,8,False
W3156,0.01447315,9,False
W3157,0.01447315,8,False
W3160,0.01447315,10,True
W3164,0.01447315,9,True
W3166,0.01447315,10,False
W3168,0.01447315,9,False
W3169,0.01447315,9,True
W3174,0.01447315,10,False
W3175,0.01447315,9,True
W3177,0.01447315,8,False
W3180,0.01447315,10,False
W3181,0.01447315,7,False
W3185,0.01447315,6,False
W3190,0.01447315,10,False
W3191,0.01447315,5,True
W3194,0.01447315,10,False
W3197,0.01447315,8,False
W3198,0.01447315,8,False
W3199,0.01447315,6,False
W3206,0.01447315,7,False
W3211,0.01447315,10,False
W3215,0.01447315,10,False
W3216,0.01447315,5,False
W3222,0.01447315,10,False
W3223,0.01447315,9,True
W3224,0.01447315,7,False
W3230,0.01447315,7,False
W3232,0.01447315,10,False
W3235,0.01447315,7,False
W3238,0.01447315,11,False
W324,0.01447315,8,False
W3240,0.01447315,5,True
W3243,0.01447315,5,True
W3244,0.01447315,10,False
W3247,0.01447315,9,False
W3248,0.01447315,9,False
W3254,0.01447315,7,False
W3255,0.01447315,9,True
W3256,0.01447315,7,False
W3262,0.01447315,7,False
W3266,0.01447315,7,False
W3267,0.01447315,7,False
W3268,0.01447315,9,False
W327,0.01447315,10,False
W3274,0.01447315,3,True
W3276,0.01447315,7,False
W3277,0.01447315,6,False
W3281,0.01447315,10,False
W3282,0.01447315,4,True
W3283,0.01447315,8,False
W3285,0.01447315,6,False
W3287,0.01447315,9,False
W3290,0.01447315,6,False
W3292,0.01447315,7,False
W3293,0.01447315,7,False
W3294,0.01447315,9,False
W3296,0.01447315,7,False
W3299,0.01447315,5,False
W33,0.01447315,11,False
W330,0.01447315,10,False
W3301,0.01447315,7,False
W3305,0.01447315,7,False
W3308,0.01447315,6,False
W3311,0.01447315,8,False
W3314,0.01447315,7,False
W3315,0.01447315,7,False
W3321,0.01447315,7,False
W3323,0.01447315,7,False
W333,0.01447315,10,False
W3335,0.01447315,7,False
W3336,0.01447315,7,False
W3338,0.01447315,7,False
W334,0.01447315,10,False
W3340,0.01447315,7,False
W3345,0.01447315,7,False
W3348,0.01447315,9,False
W3350,0.01447315,9,False
W3351,0.01447315,7,False
W3354,0.01447315,10,False
W3358,0.01447315,7,False
W3360,0.01447315,10,True
W3364,0.01447315,9,False
W3365,0.01447315,9,False
W337,0.01447315,10,False
W3373,0.01447315,9,False
W3374,0.01447315,10,False
W3375,0.01447315,7,False
W3377,0.01447315,9,False
W338,0.01447315,10,False
W3380,0.01447315,7,False
W3384,0.01447315,7,False
W3389,0.01447315,11,False
W3392,0.01447315,8,False
W3393,0.01447315,8,False
W3394,0.01447315,7,False
W3395,0.01447315,7,False
W3396,0.01447315,7,False
W3398,0.01447315,7,False
W340,0.01447315,10,False
W3400,0.01447315,7,False
W3401,0.01447315,11,False
W3406,0.01447315,7,False
W3408,0.01447315,10,False
W341,0.01447315,10,False
W3410,0.01447315,6,True
W3411,0.01447315,7,False
W3413,0.01447315,7,False
W3423,0.01447315,10,False
W3425,0.01447315,10,False
W3428,0.01447315,7,False
W343,0.01447315,8,False
W3436,0.01447315,10,False
W3438,0.01447315,9,False
W3440,0.01447315,6,False
W3442,0.01447315,10,False
W3446,0.01447315,7,False
W3447,0.01447315,5,True
W3449,0.01447315,6,True
W3453,0.01447315,7,False
W3456,0.01447315,7,False
W3459,0.01447315,6,True
W3463,0.01447315,5,True
W3464,0.01447315,8,False
W3465,0.01447315,10,False
W3468,0.01447315,6,False
W3472,0.01447315,7,False
W3476,0.01447315,7,False
W3477,0.01447315,7,False
W3479,0.01447315,9,False
W348,0.01447315,8,False
W3482,0.01447315,7,False
W3484,0.01447315,9,False
W3485,0.01447315,8,False
W349,0.01447315,10,False
W3497,0.01447315,5,False
W3501,0.01447315,9,False
W3502,0.01447315,7,False
W3503,0.01447315,6,False
W3506,0.01447315,7,False
W351,0.01447315,10,False
W352,0.01447315,10,False
W3521,0.01447315,12,False
W3522,0.01447315,7,True
W3525,0.01447315,8,False
W3531,0.01447315,11,False
W3534,0.01447315,7,False
W3535,0.01447315,6,False
W3539,0.01447315,7,True
W3540,0.01447315,8,False
W3543,0.01447315,11,False
W3545,0.01447315,9,False
W3548,0.01447315,7,True
W3551,0.01447315,8,False
W3557,0.01447315,7,True
W3560,0.01447315,7,False
W3561,0.01447315,12,False
W3566,0.01447315,9,False
W3567,0.01447315,6,False
W3568,0.01447315,6,False
W3569,0.01447315,9,True
W357,0.01447315,14,False
W3571,0.01447315,7,False
W3572,0.01447315,7,False
W3573,0.01447315,6,False
W3577,0.01447315,7,False
W3578,0.01447315,7,False
W3581,0.01447315,7,False
W3592,0.01447315,11,False
W36,0.01447315,10,False
W3602,0.01447315,7,False
W3605,0.01447315,10,True
W3610,0.01447315,6,False
W3611,0.01447315,8,False
W3614,0.01447315,9,False
W3615,0.01447315,8,False
W3616,0.01447315,11,True
W3619,0.01447315,9,False
W3627,0.01447315,11,False
W3629,0.01447315,11,False
W363,0.01447315,12,False
W3635,0.01447315,11,False
W3636,0.01447315,9,False
W3638,0.01447315,12,False
W364,0.01447315,7,False
W3643,0.01447315,9,False
W3647,0.01447315,7,False
W365,0.01447315,8,False
W3650,0.01447315,12,False
W3657,0.01447315,8,False
W3658,0.01447315,7,False
W3660,0.01447315,13,False
W3663,0.01447315,11,False
W3667,0.01447315,12,True
W367,0.01447315,10,False
W3670,0.01447315,11,False
W3671,0.01447315,11,False
W3672,0.01447315,7,False
W3676,0.01447315,10,False
W3677,0.01447315,8,False
W368,0.01447315,10,False
W3682,0.01447315,7,False
W3683,0.01447315,12,False
W3684,0.01447315,13,False
W3685,0.01447315,8,False
W3687,0.01447315,13,False
W369,0.01447315,10,False
W3691,0.01447315,9,False
W3692,0.01447315,9,False
W3693,0.01447315,7,False
W3697,0.01447315,11,False
W3699,0.01447315,9,False
W37,0.01447315,10,False
W370,0.01447315,11,False
W3705,0.01447315,11,False
W3707,0.01447315,8,True
W3711,0.01447315,7,False
W3712,0.01447315,7,False
W3713,0.01447315,7,False
W3714,0.01447315,9,False
W3715,0.01447315,10,True
W3717,0.01447315,7,False
W3722,0.01447315,9,False
W3723,0.01447315,7,False
W3730,0.01447315,7,False
W3731,0.01447315,10,False
W3738,0.01447315,9,False
W3739,0.01447315,7,True
W374,0.01447315,8,False
W3740,0.01447315,7,False
W3743,0.01447315,7,False
W3744,0.01447315,7,False
W3745,0.01447315,10,False
W3746,0.01447315,7,False
W3747,0.01447315,9,False
W3748,0.01447315,9,False
W375,0.01447315,9,False
W3751,0.01447315,10,False
W3753,0.01447315,7,True
W3759,0.01447315,8,True
W3760,0.01447315,9,False
W3764,0.01447315,7,False
W3765,0.01447315,9,False
W3769,0.01447315,8,True
W3771,0.01447315,10,False
W3773,0.01447315,10,False
W3775,0.01447315,8,False
W3777,0.01447315,9,False
W378,0.01447315,12,False
W3781,0.01447315,7,False
W3789,0.01447315,9,False
W379,0.01447315,10,False
W3791,0.01447315,7,False
W3792,0.01447315,8,False
W3794,0.01447315,7,False
W3796,0.01447315,8,False
W3800,0.01447315,10,False
W3802,0.01447315,7,False
W3803,0.01447315,10,True
W3805,0.01447315,10,False
W3807,0.01447315,9,False
W3808,0.01447315,10,False
W3814,0.01447315,6,False
W3815,0.01447315,9,False
W3816,0.01447315,10,True
W382,0.01447315,11,False
W3820,0.01447315,7,False
W3821,0.01447315,5,False
W3822,0.01447315,10,True
W3823,0.01447315,9,False
W3825,0.01447315,7,False
W3826,0.01447315,8,False
W3827,0.01447315,6,False
W3828,0.01447315,7,False
W3829,0.01447315,8,False
W3831,0.01447315,7,False
W3832,0.01447315,7,False
W3834,0.01447315,10,True
W3835,0.01447315,6,False
W3837,0.01447315,6,False
W3838,0.01447315,8,False
W3840,0.01447315,12,False
W3841,0.01447315,6,False
W3844,0.01447315,7,False
W3845,0.01447315,6,False
W3846,0.01447315,7,True
W3847,0.01447315,14,False
W3848,0.01447315,9,False
W385,0.01447315,10,False
W3850,0.01447315,7,False
W3854,0.01447315,8,True
W3856,0.01447315,7,False
W3857,0.01447315,7,False
W3858,0.01447315,7,False
W386,0.01447315,10,False
W3860,0.01447315,11,False
W3861,0.01447315,9,True
W3865,0.01447315,7,False
W3869,0.01447315,9,False
W3874,0.01447315,7,False
W3876,0.01447315,8,False
W3877,0.01447315,8,True
W3878,0.01447315,6,False
W388,0.01447315,11,False
W3880,0.01447315,10,True
W3884,0.01447315,7,False
W3888,0.01447315,10,True
W3894,0.01447315,7,False
W3895,0.01447315,10,True
W3896,0.01447315,9,False
W3897,0.01447315,9,True
W3902,0.01447315,7,False
W3905,0.01447315,10,True
W3912,0.01447315,7,True
W3915,0.01447315,8,True
W3916,0.01447315,8,False
W3918,0.01447315,7,False
W3919,0.01447315,6,False
W3924,0.01447315,7,False
W3925,0.01447315,10,True
W3926,0.01447315,11,False
W3927,0.01447315,9,True
W3929,0.01447315,10,True
W3932,0.01447315,9,False
W3935,0.01447315,5,False
W3937,0.01447315,7,True
W3941,0.01447315,6,False
W3944,0.01447315,9,False
W3945,0.01447315,10,True
W3946,0.01447315,7,True
W3948,0.01447315,14,False
W3949,0.01447315,6,False
W3953,0.01447315,7,True
W3958,0.01447315,7,True
W3960,0.01447315,7,True
W3963,0.01447315,7,False
W3964,0.01447315,6,False
W3969,0.01447315,7,True
W3973,0.01447315,7,False
W3975,0.01447315,6,False
W3976,0.01447315,8,False
W3978,0.01447315,10,True
W3979,0.01447315,8,False
W3981,0.01447315,9,True
W3983,0.01447315,5,True
W3985,0.01447315,10,True
W3986,0.01447315,10,False
W3988,0.01447315,10,True
W3989,0.01447315,10,False
W3990,0.01447315,6,False
W3994,0.01447315,9,True
W3995,0.01447315,6,False
W3996,0.01447315,9,True
W3998,0.01447315,7,True
W3999,0.01447315,10,True
W4000,0.01447315,9,True
W4009,0.01447315,9,True
W4011,0.01447315,11,False
W4016,0.01447315,6,True
W4019,0.01447315,11,True
W402,0.01447315,11,False
W4026,0.01447315,11,True
W4027,0.01447315,11,True
W4028,0.01447315,11,True
W4029,0.01447315,10,True
W403,0.01447315,10,False
W4031,0.01447315,11,True
W4032,0.01447315,9,False
W4033,0.01447315,11,True
W4034,0.01447315,10,True
W4035,0.01447315,10,True
W4036,0.01447315,7,True
W4037,0.01447315,10,True
W4038,0.01447315,10,True
W4039,0.01447315,11,True
W404,0.01447315,12,False
W4040,0.01447315,11,True
W4041,0.01447315,11,True
W4042,0.01447315,11,True
W4043,0.01447315,11,True
W4045,0.01447315,10,True
W4047,0.01447315,7,True
W4049,0.01447315,10,True
W405,0.01447315,12,False
W4050,0.01447315,6,True
W4051,0.01447315,9,True
W4052,0.01447315,9,True
W4053,0.01447315,7,True
W4054,0.01447315,6,True
W4055,0.01447315,7,True
W4056,0.01447315,7,True
W406,0.01447315,14,False
W4060,0.01447315,7,True
W4061,0.01447315,11,False
W4062,0.01447315,7,True
W4064,0.01447315,10,True
W4065,0.01447315,10,True
W4067,0.01447315,10,True
W4068,0.01447315,7,True
W4076,0.01447315,9,True
W4080,0.01447315,11,True
W4082,0.01447315,11,True
W4084,0.01447315,11,True
W4085,0.01447315,11,True
W4087,0.01447315,9,True
W4088,0.01447315,9,True
W4089,0.01447315,9,True
W4090,0.01447315,6,True
W4091,0.01447315,7,True
W4092,0.01447315,6,True
W4093,0.01447315,7,True
W4095,0.01447315,8,True
W4097,0.01447315,9,True
W4098,0.01447315,9,True
W4099,0.01447315,9,True
W4100,0.01447315,9,True
W4101,0.01447315,6,True
W4103,0.01447315,9,True
W4104,0.01447315,9,True
W4105,0.01447315,9,True
W4106,0.01447315,9,True
W4107,0.01447315,9,True
W4108,0.01447315,6,True
W4109,0.01447315,11,True
W411,0.01447315,9,False
W4110,0.01447315,10,True
W4111,0.01447315,9,True
W4115,0.01447315,9,True
W4116,0.01447315,9,True
W4119,0.01447315,11,True
W412,0.01447315,9,False
W4121,0.01447315,11,True
W413,0.01447315,9,False
W4130,0.01447315,11,True
W4131,0.01447315,9,True
W4132,0.01447315,7,True
W4133,0.01447315,9,False
W4134,0.01447315,5,False
W4135,0.01447315,9,False
W4137,0.01447315,5,False
W4138,0.01447315,9,False
W4139,0.01447315,9,False
W4140,0.01447315,9,False
W4141,0.01447315,6,False
W4148,0.01447315,9,False
W4149,0.01447315,6,False
W415,0.01447315,11,False
W4150,0.01447315,6,False
W4151,0.01447315,9,False
W4152,0.01447315,9,False
W4154,0.01447315,9,False
W4155,0.01447315,7,False
W4156,0.01447315,10,False
W4157,0.01447315,7,False
W4158,0.01447315,9,False
W4159,0.01447315,9,False
W4160,0.01447315,9,False
W4162,0.01447315,5,False
W4164,0.01447315,8,False
W4166,0.01447315,9,False
W4167,0.01447315,7,False
W4168,0.01447315,7,False
W4169,0.01447315,9,False
W4171,0.01447315,9,False
W4174,0.01447315,6,False
W4175,0.01447315,9,False
W4176,0.01447315,8,False
W4177,0.01447315,9,False
W4178,0.01447315,9,False
W4179,0.01447315,7,False
W4180,0.01447315,9,False
W4181,0.01447315,9,False
W4183,0.01447315,8,False
W4191,0.01447315,14,False
W4192,0.01447315,15,False
W4196,0.01447315,12,False
W420,0.01447315,10,False
W4200,0.01447315,0,False
W4201,0.01447315,15,False
W4203,0.01447315,13,False
W4204,0.01447315,14,False
W4206,0.01447315,12,False
W4207,0.01447315,11,False
W4208,0.01447315,11,False
W4209,0.01447315,10,False
W4211,0.01447315,12,False
W4212,0.01447315,12,False
W4215,0.01447315,0,False
W4216,0.01447315,14,False
W4217,0.01447315,0,False
W4218,0.01447315,14,False
W4226,0.01447315,7,False
W4228,0.01447315,11,True
W4229,0.01447315,11,True
W4230,0.01447315,6,True
W4234,0.01447315,6,False
W4238,0.01447315,7,False
W4240,0.01447315,11,True
W4241,0.01447315,9,True
W4245,0.01447315,10,True
W4247,0.01447315,11,True
W4248,0.01447315,11,False
W4249,0.01447315,11,True
W4251,0.01447315,10,True
W4252,0.01447315,10,True
W4253,0.01447315,6,True
W4255,0.01447315,11,True
W4256,0.01447315,10,True
W4257,0.01447315,10,True
W4258,0.01447315,10,True
W4259,0.01447315,5,True
W426,0.01447315,10,False
W4260,0.01447315,10,True
W4261,0.01447315,10,True
W4262,0.01447315,10,True
W4265,0.01447315,9,True
W4266,0.01447315,11,True
W4267,0.01447315,9,True
W4268,0.01447315,5,True
W4269,0.01447315,11,True
W427,0.01447315,11,False
W4270,0.01447315,10,True
W4271,0.01447315,10,True
W4272,0.01447315,10,True
W4273,0.01447315,6,False
W4274,0.01447315,8,False
W4275,0.01447315,10,True
W4276,0.01447315,11,True
W4277,0.01447315,8,True
W428,0.01447315,10,False
W4280,0.01447315,10,True
W4282,0.01447315,10,True
W4283,0.01447315,12,True
W4284,0.01447315,10,True
W4286,0.01447315,10,True
W4287,0.01447315,10,True
W4289,0.01447315,9,True
W4290,0.01447315,10,True
W4291,0.01447315,9,True
W4293,0.01447315,10,True
W4295,0.01447315,11,True
W4299,0.01447315,11,True
W4301,0.01447315,11,True
W4303,0.01447315,10,True
W4304,0.01447315,5,True
W4305,0.01447315,11,True
W4306,0.01447315,11,True
W4308,0.01447315,11,True
W4309,0.01447315,11,True
W4311,0.01447315,11,False
W4312,0.01447315,10,True
W4313,0.01447315,6,True
W4314,0.01447315,10,True
W4316,0.01447315,10,True
W4317,0.01447315,8,False
W4319,0.01447315,10,True
W4320,0.01447315,10,True
W4321,0.01447315,11,True
W4323,0.01447315,7,True
W4324,0.01447315,9,False
W4325,0.01447315,10,True
W4326,0.01447315,10,True
W4328,0.01447315,10,True
W4330,0.01447315,10,True
W4332,0.01447315,7,True
W4333,0.01447315,8,False
W4335,0.01447315,11,True
W4336,0.01447315,11,True
W4337,0.01447315,10,True
W4340,0.01447315,10,True
W4341,0.01447315,10,True
W4342,0.01447315,11,True
W4343,0.01447315,10,True
W4344,0.01447315,9,True
W4345,0.01447315,10,True
W4346,0.01447315,11,True
W4347,0.01447315,6,True
W4348,0.01447315,11,True
W4350,0.01447315,10,True
W4353,0.01447315,10,True
W4355,0.01447315,11,True
W4356,0.01447315,10,True
W4358,0.01447315,10,True
W4361,0.01447315,10,True
W4362,0.01447315,11,True
W4364,0.01447315,10,True
W4366,0.01447315,11,True
W4367,0.01447315,11,True
W4368,0.01447315,10,True
W4369,0.01447315,8,False
W4371,0.01447315,11,True
W4372,0.01447315,10,True
W4374,0.01447315,11,True
W4376,0.01447315,11,True
W4377,0.01447315,9,True
W4379,0.01447315,11,True
W4380,0.01447315,10,True
W4381,0.01447315,9,False
W4385,0.01447315,10,True
W4386,0.01447315,7,True
W4389,0.01447315,10,False
W4391,0.01447315,9,True
W4393,0.01447315,13,False
W4396,0.01447315,11,True
W4397,0.01447315,10,True
W4398,0.01447315,6,False
W4399,0.01447315,9,True
W4400,0.01447315,11,True
W4403,0.01447315,9,True
W4404,0.01447315,11,True
W4405,0.01447315,9,True
W4406,0.01447315,10,True
W4407,0.01447315,9,True
W4409,0.01447315,10,True
W4411,0.01447315,14,False
W4412,0.01447315,9,True
W4413,0.01447315,10,True
W4415,0.01447315,10,True
W4416,0.01447315,7,True
W4419,0.01447315,11,False
W442,0.01447315,11,False
W4420,0.01447315,10,True
W4424,0.01447315,7,True
W4428,0.01447315,9,True
W4431,0.01447315,9,True
W4432,0.01447315,10,True
W4435,0.01447315,9,False
W4438,0.01447315,11,True
W4439,0.01447315,9,False
W4441,0.01447315,11,True
W4442,0.01447315,11,False
W4443,0.01447315,8,True
W4445,0.01447315,9,False
W4447,0.01447315,11,False
W4448,0.01447315,8,True
W4449,0.01447315,9,True
W4452,0.01447315,7,True
W4455,0.01447315,11,True
W4457,0.01447315,11,True
W4458,0.01447315,7,False
W4459,0.01447315,8,True
W4461,0.01447315,7,True
W4464,0.01447315,8,True
W4466,0.01447315,11,True
W4468,0.01447315,10,True
W4469,0.01447315,11,True
W4471,0.01447315,10,True
W4473,0.01447315,8,True
W4474,0.01447315,10,True
W4475,0.01447315,6,True
W4476,0.01447315,10,True
W4477,0.01447315,7,True
W4481,0.01447315,8,True
W4484,0.01447315,4,True
W4485,0.01447315,11,True
W4487,0.01447315,8,True
W4488,0.01447315,11,True
W4490,0.01447315,11,True
W4491,0.01447315,10,False
W4495,0.01447315,10,True
W4499,0.01447315,7,True
W4500,0.01447315,11,True
W4502,0.01447315,10,True
W4503,0.01447315,10,True
W4505,0.01447315,6,True
W4506,0.01447315,7,True
W4509,0.01447315,10,True
W4510,0.01447315,6,True
W4513,0.01447315,7,True
W4516,0.01447315,10,True
W4517,0.01447315,6,True
W4519,0.01447315,11,True
W452,0.01447315,10,False
W4520,0.01447315,7,True
W4522,0.01447315,6,True
W4523,0.01447315,10,True
W4524,0.01447315,11,True
W4525,0.01447315,7,True
W4526,0.01447315,11,True
W4528,0.01447315,11,True
W4530,0.01447315,10,True
W4531,0.01447315,9,True
W4532,0.01447315,9,False
W4533,0.01447315,6,True
W4534,0.01447315,11,True
W4536,0.01447315,10,True
W4537,0.01447315,7,False
W4538,0.01447315,10,True
W4539,0.01447315,6,True
W4540,0.01447315,7,True
W4541,0.01447315,6,False
W4542,0.01447315,10,True
W4543,0.01447315,11,True
W4545,0.01447315,9,False
W4548,0.01447315,6,True
W4549,0.01447315,10,True
W4550,0.01447315,11,True
W4551,0.01447315,6,True
W4553,0.01447315,10,True
W4554,0.01447315,6,False
W4557,0.01447315,11,True
W4558,0.01447315,10,True
W4561,0.01447315,9,True
W4562,0.01447315,10,True
W4563,0.01447315,11,True
W4565,0.01447315,8,False
W4570,0.01447315,11,True
W4571,0.01447315,11,True
W4572,0.01447315,6,False
W4574,0.01447315,10,True
W4575,0.01447315,9,True
W4578,0.01447315,9,False
W4579,0.01447315,9,True
W4583,0.01447315,10,True
W4584,0.01447315,8,False
W4588,0.01447315,6,True
W4590,0.01447315,11,True
W4591,0.01447315,9,True
W4593,0.01447315,9,True
W4596,0.01447315,7,True
W4597,0.01447315,8,False
W4598,0.01447315,10,True
W4599,0.01447315,6,False
W46,0.01447315,0,False
W4601,0.01447315,6,False
W4603,0.01447315,5,True
W4606,0.01447315,9,True
W4607,0.01447315,6,False
W4609,0.01447315,11,True
W4610,0.01447315,11,True
W4611,0.01447315,5,True
W4612,0.01447315,9,False
W4616,0.01447315,10,True
W4618,0.01447315,10,True
W4619,0.01447315,11,True
W4620,0.01447315,11,True
W4621,0.01447315,9,False
W4622,0.01447315,7,True
W4624,0.01447315,11,True
W4626,0.01447315,6,True
W4629,0.01447315,9,True
W4634,0.01447315,10,True
W4636,0.01447315,6,True
W4637,0.01447315,7,True
W4642,0.01447315,9,True
W4643,0.01447315,11,True
W4647,0.01447315,11,True
W4648,0.01447315,8,False
W4649,0.01447315,11,True
W465,0.01447315,10,False
W4650,0.01447315,11,True
W4651,0.01447315,8,True
W4652,0.01447315,7,False
W4653,0.01447315,10,True
W4656,0.01447315,10,True
W4657,0.01447315,11,True
W4659,0.01447315,11,True
W4660,0.01447315,10,True
W4663,0.01447315,8,False
W4664,0.01447315,10,True
W4665,0.01447315,11,True
W4667,0.01447315,11,True
W4671,0.01447315,9,False
W4672,0.01447315,10,True
W4675,0.01447315,9,False
W4677,0.01447315,13,False
W4678,0.01447315,8,False
W4679,0.01447315,11,True
W4680,0.01447315,10,True
W4683,0.01447315,11,True
W4686,0.01447315,9,False
W4687,0.01447315,11,True
W469,0.01447315,9,False
W4690,0.01447315,5,True
W4692,0.01447315,10,True
W4694,0.01447315,8,False
W4696,0.01447315,7,False
W470,0.01447315,10,False
W4700,0.01447315,10,True
W4702,0.01447315,7,False
W4704,0.01447315,9,True
W4705,0.01447315,8,False
W4707,0.01447315,11,True
W4708,0.01447315,10,True
W471,0.01447315,10,False
W4714,0.01447315,11,True
W4715,0.01447315,10,True
W4716,0.01447315,11,False
W4718,0.01447315,11,True
W472,0.01447315,11,False
W4721,0.01447315,6,True
W4724,0.01447315,7,True
W4725,0.01447315,10,True
W4727,0.01447315,9,False
W4728,0.01447315,6,False
W4729,0.01447315,11,True
W473,0.01447315,10,False
W4730,0.01447315,8,False
W4733,0.01447315,7,False
W4734,0.01447315,10,True
W4735,0.01447315,10,True
W4736,0.01447315,5,True
W4737,0.01447315,10,True
W4739,0.01447315,10,True
W474,0.01447315,10,False
W4741,0.01447315,11,True
W4743,0.01447315,7,False
W4744,0.01447315,10,True
W4746,0.01447315,10,True
W4747,0.01447315,9,True
W4748,0.01447315,5,False
W4751,0.01447315,9,True
W4752,0.01447315,10,True
W4753,0.01447315,5,True
W4754,0.01447315,11,True
W4755,0.01447315,10,True
W4756,0.01447315,11,False
W4757,0.01447315,9,False
W4759,0.01447315,6,False
W4760,0.01447315,7,True
W4765,0.01447315,11,True
W4767,0.01447315,5,False
W4770,0.01447315,10,True
W4775,0.01447315,10,True
W4780,0.01447315,6,False
W4782,0.01447315,6,False
W4783,0.01447315,6,True
W4784,0.01447315,10,True
W4787,0.01447315,6,False
W4789,0.01447315,6,True
W4791,0.01447315,6,True
W4792,0.01447315,10,True
W4794,0.01447315,11,False
W4796,0.01447315,6,False
W4797,0.01447315,7,True
W4798,0.01447315,7,True
W4799,0.01447315,9,True
W4802,0.01447315,9,True
W4805,0.01447315,7,True
W4806,0.01447315,7,True
W4807,0.01447315,5,True
W4808,0.01447315,6,True
W481,0.01447315,9,False
W4810,0.01447315,7,True
W4811,0.01447315,10,True
W4813,0.01447315,8,True
W4814,0.01447315,5,True
W4815,0.01447315,6,True
W4817,0.01447315,11,True
W4819,0.01447315,10,True
W4821,0.01447315,9,True
W4822,0.01447315,8,True
W4827,0.01447315,7,True
W4828,0.01447315,7,True
W4829,0.01447315,11,True
W483,0.01447315,7,False
W4831,0.01447315,10,True
W4832,0.01447315,6,True
W4833,0.01447315,11,True
W4834,0.01447315,13,False
W4835,0.01447315,9,True
W4836,0.01447315,9,True
W4837,0.01447315,7,True
W4840,0.01447315,9,True
W4841,0.01447315,11,True
W4842,0.01447315,9,False
W4846,0.01447315,10,True
W4849,0.01447315,10,True
W485,0.01447315,10,False
W4850,0.01447315,7,False
W4851,0.01447315,10,True
W4852,0.01447315,5,True
W4853,0.01447315,10,True
W4854,0.01447315,10,True
W4855,0.01447315,11,True
W4857,0.01447315,9,False
W4858,0.01447315,7,True
W486,0.01447315,10,False
W4860,0.01447315,10,True
W4862,0.01447315,10,True
W4865,0.01447315,10,False
W4869,0.01447315,7,True
W487,0.01447315,10,False
W4870,0.01447315,10,True
W4871,0.01447315,10,True
W4875,0.01447315,6,True
W4878,0.01447315,10,True
W488,0.01447315,10,False
W4882,0.01447315,11,True
W4884,0.01447315,9,True
W4888,0.01447315,6,True
W489,0.01447315,10,False
W4890,0.01447315,10,True
W4892,0.01447315,11,True
W4893,0.01447315,10,True
W4895,0.01447315,11,True
W4899,0.01447315,10,True
W49,0.01447315,0,False
W490,0.01447315,10,False
W4900,0.01447315,9,True
W4901,0.01447315,11,True
W4907,0.01447315,10,True
W491,0.01447315,10,False
W4913,0.01447315,10,True
W4914,0.01447315,10,True
W4915,0.01447315,11,True
W4916,0.01447315,10,True
W4918,0.01447315,10,True
W4919,0.01447315,6,False
W492,0.01447315,7,False
W4920,0.01447315,10,True
W4921,0.01447315,10,True
W4923,0.01447315,11,True
W4924,0.01447315,11,False
W4926,0.01447315,10,True
W4928,0.01447315,7,True
W493,0.01447315,10,False
W4930,0.01447315,10,True
W4932,0.01447315,7,True
W4934,0.01447315,10,True
W4939,0.01447315,10,True
W4944,0.01447315,9,True
W4945,0.01447315,9,True
W4946,0.01447315,10,True
W4947,0.01447315,9,False
W4949,0.01447315,10,True
W4950,0.01447315,10,True
W4952,0.01447315,9,False
W4957,0.01447315,9,False
W4958,0.01447315,8,True
W496,0.01447315,10,False
W4964,0.01447315,6,True
W4967,0.01447315,6,True
W4968,0.01447315,7,True
W4969,0.01447315,5,False
W497,0.01447315,10,False
W4973,0.01447315,9,True
W4974,0.01447315,9,True
W4976,0.01447315,10,True
W4979,0.01447315,7,True
W4984,0.01447315,6,True
W4988,0.01447315,6,True
W4990,0.01447315,10,True
W4991,0.01447315,6,True
W4992,0.01447315,10,True
W4993,0.01447315,10,True
W4994,0.01447315,11,False
W4997,0.01447315,10,True
W4998,0.01447315,10,True
W4999,0.01447315,10,True
W5002,0.01447315,10,True
W5005,0.01447315,5,True
W5007,0.01447315,5,True
W5008,0.01447315,6,False
W5009,0.01447315,6,True
W5010,0.01447315,6,True
W5013,0.01447315,6,False
W5014,0.01447315,6,True
W5015,0.01447315,6,False
W5016,0.01447315,5,False
W5018,0.01447315,8,False
W5019,0.01447315,6,True
W5020,0.01447315,6,False
W5021,0.01447315,5,True
W5022,0.01447315,5,True
W5025,0.01447315,6,True
W5028,0.01447315,6,False
W5029,0.01447315,6,False
W503,0.01447315,3,True
W5030,0.01447315,8,False
W5031,0.01447315,6,False
W5032,0.01447315,6,False
W5033,0.01447315,10,False
W5034,0.01447315,7,False
W5035,0.01447315,3,True
W5037,0.01447315,9,False
W504,0.01447315,6,False
W5040,0.01447315,10,False
W5045,0.01447315,7,False
W5048,0.01447315,5,False
W5049,0.01447315,4,False
W505,0.01447315,6,False
W5050,0.01447315,5,False
W5053,0.01447315,5,False
W5055,0.01447315,5,False
W5056,0.01447315,5,False
W5057,0.01447315,5,False
W5058,0.01447315,5,False
W5059,0.01447315,5,False
W506,0.01447315,6,False
W5062,0.01447315,4,False
W5063,0.01447315,6,False
W5064,0.01447315,6,False
W5065,0.01447315,6,False
W5066,0.01447315,7,False
W5067,0.01447315,6,False
W507,0.01447315,6,False
W5073,0.01447315,6,False
W5076,0.01447315,6,False
W5084,0.01447315,8,False
W5087,0.01447315,7,False
W509,0.01447315,6,False
W51,0.01447315,5,False
W5103,0.01447315,9,True
W5104,0.01447315,10,True
W5106,0.01447315,7,False
W5108,0.01447315,7,False
W5110,0.01447315,9,True
W5112,0.01447315,7,True
W5113,0.01447315,8,False
W5117,0.01447315,6,False
W5118,0.01447315,9,True
W512,0.01447315,9,False
W5121,0.01447315,8,True
W5123,0.01447315,6,False
W5125,0.01447315,15,False
W513,0.01447315,6,False
W5132,0.01447315,8,True
W5134,0.01447315,13,False
W5137,0.01447315,6,False
W5138,0.01447315,10,True
W514,0.01447315,5,False
W5142,0.01447315,9,True
W5146,0.01447315,7,False
W515,0.01447315,6,False
W5151,0.01447315,8,True
W5155,0.01447315,7,False
W5157,0.01447315,8,False
W5158,0.01447315,14,False
W516,0.01447315,6,False
W5162,0.01447315,13,False
W5163,0.01447315,10,False
W5165,0.01447315,9,True
W5166,0.01447315,9,True
W5167,0.01447315,9,True
W5168,0.01447315,9,True
W5169,0.01447315,9,True
W5170,0.01447315,9,True
W5171,0.01447315,8,True
W5173,0.01447315,9,True
W5174,0.01447315,9,True
W5176,0.01447315,9,True
W5177,0.01447315,9,True
W5178,0.01447315,9,True
W5179,0.01447315,9,True
W518,0.01447315,6,False
W5180,0.01447315,9,True
W5181,0.01447315,9,True
W5189,0.01447315,9,True
W519,0.01447315,5,False
W5190,0.01447315,11,True
W5191,0.01447315,7,True
W5192,0.01447315,7,True
W5193,0.01447315,8,True
W5194,0.01447315,10,True
W5195,0.01447315,9,True
W5196,0.01447315,8,True
W5197,0.01447315,8,True
W5198,0.01447315,10,True
W5201,0.01447315,8,True
W5203,0.01447315,8,True
W5205,0.01447315,12,True
W5209,0.01447315,8,True
W5213,0.01447315,8,True
W5214,0.01447315,8,True
W5215,0.01447315,8,True
W5216,0.01447315,9,True
W5219,0.01447315,8,True
W5220,0.01447315,8,True
W5221,0.01447315,8,True
W5222,0.01447315,8,True
W5223,0.01447315,8,True
W5224,0.01447315,9,True
W5226,0.01447315,9,True
W5227,0.01447315,8,True
W5228,0.01447315,9,True
W5229,0.01447315,9,True
W5230,0.01447315,9,True
W5233,0.01447315,8,True
W5234,0.01447315,9,True
W5240,0.01447315,9,True
W5243,0.01447315,6,True
W5244,0.01447315,7,False
W5247,0.01447315,8,True
W5248,0.01447315,9,True
W5249,0.01447315,8,True
W5250,0.01447315,9,True
W5251,0.01447315,7,True
W5254,0.01447315,10,True
W5256,0.01447315,9,True
W5259,0.01447315,9,True
W5260,0.01447315,6,False
W5266,0.01447315,9,True
W5268,0.01447315,14,False
W5270,0.01447315,9,True
W5271,0.01447315,6,False
W5272,0.01447315,5,False
W5273,0.01447315,10,True
W5274,0.01447315,0,False
W5275,0.01447315,7,False
W5276,0.01447315,6,False
W5280,0.01447315,6,False
W5281,0.01447315,9,True
W5283,0.01447315,6,False
W5286,0.01447315,9,True
W5287,0.01447315,9,True
W5288,0.01447315,6,False
W5289,0.01447315,6,False
W5290,0.01447315,11,True
W5292,0.01447315,11,False
W5293,0.01447315,0,False
W5294,0.01447315,6,False
W5295,0.01447315,9,True
W5297,0.01447315,6,False
W5298,0.01447315,9,True
W5299,0.01447315,9,True
W530,0.01447315,6,False
W5301,0.01447315,12,False
W5302,0.01447315,13,False
W5303,0.01447315,11,True
W5305,0.01447315,10,True
W5306,0.01447315,13,False
W5307,0.01447315,9,True
W5309,0.01447315,6,False
W531,0.01447315,6,False
W5312,0.01447315,5,False
W5313,0.01447315,6,False
W5314,0.01447315,12,False
W5315,0.01447315,9,True
W5316,0.01447315,12,False
W5319,0.01447315,5,False
W532,0.01447315,6,False
W5321,0.01447315,7,False
W5323,0.01447315,9,True
W5325,0.01447315,7,False
W5329,0.01447315,7,False
W533,0.01447315,6,False
W5330,0.01447315,9,True
W5332,0.01447315,6,False
W5336,0.01447315,6,False
W5337,0.01447315,9,True
W5339,0.01447315,9,True
W534,0.01447315,6,False
W5341,0.01447315,10,True
W5342,0.01447315,8,True
W5344,0.01447315,10,False
W5345,0.01447315,6,False
W5346,0.01447315,10,True
W5348,0.01447315,7,False
W535,0.01447315,7,False
W5353,0.01447315,7,False
W5354,0.01447315,10,True
W5356,0.01447315,7,False
W536,0.01447315,9,False
W5364,0.01447315,8,True
W5365,0.01447315,8,True
W5366,0.01447315,8,True
W5368,0.01447315,7,True
W5369,0.01447315,9,True
W537,0.01447315,6,False
W5371,0.01447315,8,True
W5372,0.01447315,9,True
W5373,0.01447315,8,True
W5374,0.01447315,9,True
W5375,0.01447315,9,True
W5376,0.01447315,8,True
W5377,0.01447315,9,True
W5378,0.01447315,8,True
W5379,0.01447315,8,True
W538,0.01447315,6,False
W5380,0.01447315,9,True
W5381,0.01447315,8,True
W5382,0.01447315,9,True
W5383,0.01447315,9,True
W5385,0.01447315,10,True
W5386,0.01447315,9,True
W5387,0.01447315,8,True
W5388,0.01447315,11,True
W5390,0.01447315,11,True
W5391,0.01447315,11,True
W5392,0.01447315,11,True
W5393,0.01447315,10,True
W5395,0.01447315,11,True
W5396,0.01447315,10,True
W5397,0.01447315,9,True
W54,0.01447315,10,False
W540,0.01447315,6,False
W5402,0.01447315,11,True
W5403,0.01447315,11,True
W5404,0.01447315,11,True
W5405,0.01447315,10,True
W5406,0.01447315,10,True
W5408,0.01447315,10,True
W5410,0.01447315,8,True
W5411,0.01447315,8,True
W5412,0.01447315,8,True
W5415,0.01447315,9,True
W5416,0.01447315,9,True
W5417,0.01447315,9,True
W5418,0.01447315,10,True
W5419,0.01447315,10,True
W542,0.01447315,6,False
W5420,0.01447315,9,True
W5421,0.01447315,9,True
W5423,0.01447315,11,True
W5424,0.01447315,8,False
W5425,0.01447315,7,True
W5428,0.01447315,7,True
W5429,0.01447315,10,True
W543,0.01447315,6,False
W5430,0.01447315,9,True
W5431,0.01447315,10,True
W5432,0.01447315,9,True
W5436,0.01447315,9,True
W5438,0.01447315,9,True
W544,0.01447315,6,False
W5440,0.01447315,11,False
W5441,0.01447315,7,False
W5442,0.01447315,10,True
W5445,0.01447315,7,False
W5446,0.01447315,5,False
W5447,0.01447315,6,False
W5449,0.01447315,10,True
W545,0.01447315,6,False
W5450,0.01447315,10,False
W5451,0.01447315,13,False
W5452,0.01447315,5,False
W5453,0.01447315,9,True
W5454,0.01447315,6,False
W5455,0.01447315,13,False
W5456,0.01447315,8,True
W5457,0.01447315,7,False
W5461,0.01447315,7,False
W5462,0.01447315,6,False
W5464,0.01447315,9,True
W5466,0.01447315,6,False
W5467,0.01447315,7,False
W5468,0.01447315,14,False
W547,0.01447315,6,False
W5470,0.01447315,9,True
W5472,0.01447315,6,False
W5473,0.01447315,9,True
W5479,0.01447315,6,False
W5480,0.01447315,6,False
W5481,0.01447315,9,True
W5482,0.01447315,7,False
W5483,0.01447315,9,True
W5484,0.01447315,6,False
W5486,0.01447315,14,False
W5488,0.01447315,7,False
W5489,0.01447315,9,True
W5490,0.01447315,6,False
W5491,0.01447315,7,False
W5493,0.01447315,9,True
W5494,0.01447315,7,False
W5495,0.01447315,9,True
W5497,0.01447315,6,False
W550,0.01447315,6,False
W5500,0.01447315,6,False
W5501,0.01447315,7,True
W5502,0.01447315,9,True
W5503,0.01447315,9,True
W5506,0.01447315,6,False
W5507,0.01447315,9,True
W551,0.01447315,6,False
W5510,0.01447315,9,True
W5511,0.01447315,14,False
W5512,0.01447315,6,False
W5513,0.01447315,14,False
W5514,0.01447315,9,True
W5515,0.01447315,9,True
W5517,0.01447315,9,True
W5519,0.01447315,6,False
W552,0.01447315,6,False
W5521,0.01447315,5,False
W5522,0.01447315,9,True
W5523,0.01447315,6,False
W5524,0.01447315,6,False
W5525,0.01447315,9,True
W5526,0.01447315,13,False
W553,0.01447315,6,False
W5532,0.01447315,9,True
W5533,0.01447315,5,False
W5535,0.01447315,6,False
W5538,0.01447315,9,True
W5539,0.01447315,6,False
W5540,0.01447315,8,True
W5542,0.01447315,6,False
W5543,0.01447315,11,True
W5545,0.01447315,11,False
W5548,0.01447315,6,False
W5549,0.01447315,6,False
W5552,0.01447315,10,True
W5553,0.01447315,13,False
W5554,0.01447315,9,True
W5556,0.01447315,6,False
W5559,0.01447315,13,False
W5564,0.01447315,9,True
W557,0.01447315,5,False
W5576,0.01447315,14,False
W5577,0.01447315,5,False
W5579,0.01447315,5,False
W5584,0.01447315,9,True
W5585,0.01447315,14,False
W5586,0.01447315,9,True
W5588,0.01447315,0,False
W5589,0.01447315,10,True
W5590,0.01447315,5,False
W5591,0.01447315,8,True
W5592,0.01447315,9,True
W5593,0.01447315,0,False
W5595,0.01447315,10,True
W5597,0.01447315,6,False
W5598,0.01447315,5,False
W56,0.01447315,7,False
W5600,0.01447315,6,False
W5601,0.01447315,0,False
W5602,0.01447315,10,True
W5603,0.01447315,4,False
W5605,0.01447315,9,True
W5606,0.01447315,5,False
W5607,0.01447315,10,True
W5608,0.01447315,10,True
W5609,0.01447315,7,False
W5610,0.01447315,0,False
W5613,0.01447315,10,True
W5614,0.01447315,7,False
W5615,0.01447315,5,False
W5616,0.01447315,9,True
W5618,0.01447315,9,True
W5619,0.01447315,10,True
W5622,0.01447315,6,False
W5623,0.01447315,7,False
W5625,0.01447315,9,True
W5628,0.01447315,10,True
W5629,0.01447315,12,False
W5630,0.01447315,7,False
W5631,0.01447315,9,True
W5634,0.01447315,6,False
W5636,0.01447315,6,False
W5637,0.01447315,7,False
W5638,0.01447315,12,False
W5639,0.01447315,9,True
W5641,0.01447315,10,True
W5642,0.01447315,6,False
W5643,0.01447315,10,True
W5644,0.01447315,7,False
W5646,0.01447315,9,True
W5647,0.01447315,10,True
W5648,0.01447315,6,False
W5649,0.01447315,10,True
W565,0.01447315,4,False
W5650,0.01447315,10,True
W5651,0.01447315,4,False
W5653,0.01447315,9,True
W5654,0.01447315,7,False
W5656,0.01447315,9,True
W5658,0.01447315,7,False
W5659,0.01447315,10,True
W566,0.01447315,5,False
W5661,0.01447315,7,False
W5662,0.01447315,5,False
W5664,0.01447315,6,False
W5665,0.01447315,10,True
W5666,0.01447315,9,True
W5667,0.01447315,6,False
W5668,0.01447315,7,False
W5670,0.01447315,10,True
W5672,0.01447315,9,True
W5673,0.01447315,9,True
W5674,0.01447315,6,False
W5675,0.01447315,7,False
W5676,0.01447315,7,False
W5677,0.01447315,12,False
W5678,0.01447315,6,False
W5679,0.01447315,8,True
W5680,0.01447315,9,True
W5681,0.01447315,7,False
W5683,0.01447315,10,True
W5684,0.01447315,7,False
W5685,0.01447315,9,True
W5686,0.01447315,9,True
W5688,0.01447315,5,False
W5689,0.01447315,9,True
W569,0.01447315,5,False
W5690,0.01447315,6,False
W5691,0.01447315,10,True
W5692,0.01447315,7,False
W5695,0.01447315,13,False
W5696,0.01447315,7,False
W5697,0.01447315,10,True
W5698,0.01447315,7,False
W5699,0.01447315,6,False
W57,0.01447315,7,False
W570,0.01447315,5,False
W5700,0.01447315,5,False
W5701,0.01447315,6,False
W5702,0.01447315,8,True
W5703,0.01447315,8,True
W5707,0.01447315,13,False
W5708,0.01447315,9,True
W5709,0.01447315,5,False
W5710,0.01447315,8,True
W5711,0.01447315,7,False
W5712,0.01447315,8,True
W5716,0.01447315,6,False
W5717,0.01447315,6,False
W5718,0.01447315,8,True
W5722,0.01447315,8,True
W5723,0.01447315,9,True
W5724,0.01447315,7,False
W5729,0.01447315,9,True
W5730,0.01447315,8,True
W5731,0.01447315,6,False
W5736,0.01447315,7,False
W5737,0.01447315,8,True
W5740,0.01447315,9,True
W5742,0.01447315,7,False
W5743,0.01447315,8,True
W5744,0.01447315,10,True
W5746,0.01447315,9,True
W5748,0.01447315,6,False
W5749,0.01447315,7,False
W5751,0.01447315,8,True
W5752,0.01447315,9,True
W5753,0.01447315,11,False
W5754,0.01447315,5,True
W5756,0.01447315,7,False
W5757,0.01447315,9,True
W5758,0.01447315,9,True
W5759,0.01447315,11,False
W5761,0.01447315,8,True
W5762,0.01447315,9,True
W5765,0.01447315,6,False
W5767,0.01447315,7,False
W5768,0.01447315,8,True
W5769,0.01447315,9,True
W5771,0.01447315,6,False
W5773,0.01447315,6,False
W5774,0.01447315,8,True
W5775,0.01447315,9,True
W5776,0.01447315,9,True
W5778,0.01447315,6,False
W5779,0.01447315,6,False
W578,0.01447315,6,False
W5780,0.01447315,8,True
W5783,0.01447315,8,True
W5786,0.01447315,6,False
W5788,0.01447315,12,False
W5789,0.01447315,9,True
W5791,0.01447315,9,True
W5792,0.01447315,9,True
W5794,0.01447315,6,False
W5797,0.01447315,9,True
W5798,0.01447315,6,False
W5799,0.01447315,6,False
W5801,0.01447315,6,False
W5802,0.01447315,10,True
W5803,0.01447315,9,True
W5804,0.01447315,6,False
W5806,0.01447315,7,False
W5807,0.01447315,9,True
W5808,0.01447315,6,False
W5809,0.01447315,7,False
W5810,0.01447315,10,True
W5811,0.01447315,9,True
W5813,0.01447315,11,False
W5817,0.01447315,6,False
W5818,0.01447315,9,True
W5819,0.01447315,8,True
W5821,0.01447315,6,False
W5822,0.01447315,4,False
W5823,0.01447315,10,True
W5824,0.01447315,10,True
W5825,0.01447315,11,True
W5828,0.01447315,5,False
W5829,0.01447315,9,True
W583,0.01447315,4,True
W5833,0.01447315,8,True
W5834,0.01447315,9,True
W5835,0.01447315,12,False
W5837,0.01447315,6,False
W5838,0.01447315,7,False
W5839,0.01447315,6,False
W584,0.01447315,4,True
W5840,0.01447315,6,False
W5841,0.01447315,9,True
W5842,0.01447315,8,True
W5844,0.01447315,12,False
W5845,0.01447315,9,True
W5848,0.01447315,8,True
W5849,0.01447315,6,False
W585,0.01447315,4,True
W5850,0.01447315,8,True
W5851,0.01447315,6,False
W5852,0.01447315,9,True
W5853,0.01447315,7,False
W5855,0.01447315,8,True
W5856,0.01447315,5,False
W5857,0.01447315,11,False
W5858,0.01447315,10,True
W5859,0.01447315,5,False
W586,0.01447315,6,False
W5864,0.01447315,7,False
W5865,0.01447315,6,False
W5866,0.01447315,6,False
W5868,0.01447315,7,False
W587,0.01447315,6,False
W5870,0.01447315,13,False
W5873,0.01447315,6,False
W5875,0.01447315,11,False
W5876,0.01447315,6,False
W5878,0.01447315,7,False
W588,0.01447315,6,False
W5880,0.01447315,7,False
W5881,0.01447315,10,True
W5882,0.01447315,14,False
W5883,0.01447315,6,False
W5886,0.01447315,9,True
W5888,0.01447315,6,False
W5889,0.01447315,12,False
W589,0.01447315,6,False
W5891,0.01447315,6,False
W5893,0.01447315,9,True
W5894,0.01447315,8,False
W5895,0.01447315,6,False
W5896,0.01447315,9,True
W5897,0.01447315,6,False
W5898,0.01447315,13,False
W59,0.01447315,9,False
W590,0.01447315,6,False
W5902,0.01447315,6,False
W5903,0.01447315,6,False
W5904,0.01447315,6,False
W5906,0.01447315,8,True
W5907,0.01447315,7,False
W5908,0.01447315,9,True
W5909,0.01447315,6,False
W591,0.01447315,6,False
W5910,0.01447315,6,False
W5911,0.01447315,8,True
W5915,0.01447315,6,False
W5916,0.01447315,14,False
W5917,0.01447315,6,False
W5918,0.01447315,8,True
W5920,0.01447315,10,True
W5921,0.01447315,10,False
W5922,0.01447315,8,True
W5924,0.01447315,10,True
W5925,0.01447315,6,False
W5928,0.01447315,8,True
W5929,0.01447315,14,False
W5930,0.01447315,10,True
W5931,0.01447315,10,True
W5932,0.01447315,7,False
W5935,0.01447315,10,False
W5936,0.01447315,6,False
W594,0.01447315,7,False
W5940,0.01447315,4,True
W5941,0.01447315,9,True
W5947,0.01447315,6,False
W5948,0.01447315,6,True
W5949,0.01447315,6,False
W595,0.01447315,6,False
W5953,0.01447315,9,True
W5956,0.01447315,5,False
W5957,0.01447315,11,False
W5958,0.01447315,12,False
W5960,0.01447315,7,False
W5961,0.01447315,7,False
W5962,0.01447315,10,True
W5963,0.01447315,14,False
W5964,0.01447315,7,False
W5966,0.01447315,8,False
W5967,0.01447315,6,True
W5968,0.01447315,12,False
W5969,0.01447315,5,False
W597,0.01447315,5,False
W5970,0.01447315,9,True
W5973,0.01447315,10,True
W5974,0.01447315,6,False
W5975,0.01447315,5,False
W5979,0.01447315,10,True
W598,0.01447315,7,False
W5981,0.01447315,5,False
W5983,0.01447315,5,False
W5984,0.01447315,9,True
W5986,0.01447315,9,False
W5988,0.01447315,5,False
W5989,0.01447315,5,False
W599,0.01447315,9,False
W5992,0.01447315,11,False
W5993,0.01447315,11,False
W5994,0.01447315,10,True
W5996,0.01447315,9,True
W5997,0.01447315,6,False
W5998,0.01447315,9,True
W5999,0.01447315,9,True
W6,0.01447315,14,False
W60,0.01447315,4,False
W6000,0.01447315,9,True
W6002,0.01447315,5,False
W6004,0.01447315,7,False
W6005,0.01447315,7,False
W6008,0.01447315,5,False
W6010,0.01447315,6,False
W6015,0.01447315,7,False
W6016,0.01447315,6,False
W6017,0.01447315,5,False
W6020,0.01447315,6,False
W6021,0.01447315,7,False
W6023,0.01447315,7,False
W603,0.01447315,6,False
W6032,0.01447315,7,False
W6034,0.01447315,6,False
W6036,0.01447315,6,False
W6039,0.01447315,5,False
W6040,0.01447315,6,False
W6041,0.01447315,6,False
W6045,0.01447315,7,False
W6048,0.01447315,6,False
W6049,0.01447315,6,False
W6050,0.01447315,6,False
W6056,0.01447315,6,False
W6057,0.01447315,6,False
W6058,0.01447315,8,False
W606,0.01447315,9,False
W6065,0.01447315,5,False
W6067,0.01447315,7,False
W6068,0.01447315,6,False
W6069,0.01447315,6,False
W607,0.01447315,9,False
W6070,0.01447315,6,False
W6072,0.01447315,6,False
W6076,0.01447315,6,False
W6077,0.01447315,6,False
W6079,0.01447315,7,False
W6081,0.01447315,7,False
W6083,0.01447315,5,False
W6088,0.01447315,6,False
W6089,0.01447315,6,False
W6090,0.01447315,6,False
W6091,0.01447315,6,False
W6092,0.01447315,6,False
W6093,0.01447315,6,False
W6094,0.01447315,6,False
W6095,0.01447315,6,False
W6096,0.01447315,6,False
W6097,0.01447315,6,False
W6098,0.01447315,6,False
W6099,0.01447315,6,False
W61,0.01447315,6,False
W610,0.01447315,14,False
W6100,0.01447315,6,False
W6101,0.01447315,6,False
W6102,0.01447315,6,False
W6103,0.01447315,6,False
W6104,0.01447315,7,False
W6105,0.01447315,6,False
W6106,0.01447315,6,False
W6107,0.01447315,6,False
W6108,0.01447315,6,False
W6109,0.01447315,6,False
W6111,0.01447315,7,False
W6112,0.01447315,7,False
W6113,0.01447315,6,False
W6115,0.01447315,6,False
W6116,0.01447315,7,False
W6117,0.01447315,6,False
W6119,0.01447315,7,False
W612,0.01447315,6,False
W6120,0.01447315,7,False
W6121,0.01447315,0,False
W6126,0.01447315,6,False
W6127,0.01447315,6,False
W6129,0.01447315,6,False
W6130,0.01447315,0,False
W6131,0.01447315,6,False
W6132,0.01447315,6,False
W6133,0.01447315,5,False
W6135,0.01447315,5,False
W6136,0.01447315,6,False
W6138,0.01447315,8,False
W6140,0.01447315,0,False
W6141,0.01447315,6,False
W6142,0.01447315,6,False
W6143,0.01447315,6,False
W6144,0.01447315,6,False
W6149,0.01447315,0,False
W6150,0.01447315,6,False
W6151,0.01447315,0,False
W6159,0.01447315,6,False
W6160,0.01447315,6,False
W6161,0.01447315,0,False
W6162,0.01447315,6,False
W6163,0.01447315,7,False
W6164,0.01447315,6,False
W6166,0.01447315,7,False
W6168,0.01447315,5,False
W6169,0.01447315,7,False
W617,0.01447315,6,False
W6170,0.01447315,0,False
W6172,0.01447315,7,False
W6173,0.01447315,5,False
W6175,0.01447315,6,False
W6177,0.01447315,8,False
W6180,0.01447315,7,False
W6181,0.01447315,6,False
W6190,0.01447315,7,False
W6193,0.01447315,7,False
W6196,0.01447315,6,False
W6199,0.01447315,7,False
W620,0.01447315,7,False
W6200,0.01447315,7,False
W6201,0.01447315,7,False
W6205,0.01447315,7,False
W6206,0.01447315,6,False
W6208,0.01447315,7,False
W621,0.01447315,12,False
W6211,0.01447315,9,False
W6213,0.01447315,7,False
W6215,0.01447315,6,False
W6216,0.01447315,8,False
W6219,0.01447315,7,False
W6220,0.01447315,4,False
W6224,0.01447315,6,False
W6226,0.01447315,8,False
W6227,0.01447315,7,False
W6230,0.01447315,9,False
W6232,0.01447315,8,False
W6233,0.01447315,7,False
W6236,0.01447315,7,False
W6239,0.01447315,8,False
W6241,0.01447315,7,False
W6242,0.01447315,6,False
W6246,0.01447315,8,False
W6247,0.01447315,7,False
W6251,0.01447315,5,False
W6252,0.01447315,6,False
W6253,0.01447315,6,False
W6256,0.01447315,7,False
W6257,0.01447315,5,False
W6258,0.01447315,4,False
W6260,0.01447315,10,False
W6261,0.01447315,6,False
W6265,0.01447315,12,False
W6268,0.01447315,6,True
W6270,0.01447315,7,True
W6271,0.01447315,6,True
W6276,0.01447315,9,False
W6277,0.01447315,7,False
W6278,0.01447315,5,False
W6280,0.01447315,6,False
W6282,0.01447315,6,False
W6284,0.01447315,5,False
W6285,0.01447315,7,False
W6287,0.01447315,7,False
W6288,0.01447315,7,False
W6289,0.01447315,7,False
W629,0.01447315,7,True
W6290,0.01447315,6,False
W6291,0.01447315,6,False
W6292,0.01447315,7,False
W6293,0.01447315,7,False
W6295,0.01447315,7,False
W6296,0.01447315,5,False
W6299,0.01447315,7,False
W6300,0.01447315,8,False
W6301,0.01447315,9,False
W6307,0.01447315,6,False
W6308,0.01447315,7,False
W6310,0.01447315,5,False
W6311,0.01447315,6,False
W6313,0.01447315,6,False
W6314,0.01447315,6,False
W6323,0.01447315,6,False
W6325,0.01447315,8,False
W6327,0.01447315,6,False
W6337,0.01447315,7,False
W6338,0.01447315,5,False
W6339,0.01447315,7,True
W6340,0.01447315,5,False
W6345,0.01447315,5,False
W6346,0.01447315,6,False
W6350,0.01447315,7,False
W6352,0.01447315,7,False
W6355,0.01447315,12,False
W6357,0.01447315,7,False
W6360,0.01447315,7,False
W6362,0.01447315,7,False
W6363,0.01447315,6,False
W6364,0.01447315,8,False
W6368,0.01447315,7,False
W6375,0.01447315,7,True
W6378,0.01447315,8,False
W6381,0.01447315,6,False
W6384,0.01447315,7,True
W6385,0.01447315,0,False
W6386,0.01447315,7,True
W6387,0.01447315,6,False
W6388,0.01447315,6,False
W6389,0.01447315,5,False
W639,0.01447315,0,False
W6390,0.01447315,6,False
W6391,0.01447315,7,False
W6392,0.01447315,0,False
W6393,0.01447315,6,False
W6394,0.01447315,7,False
W6396,0.01447315,7,False
W6398,0.01447315,5,False
W640,0.01447315,6,False
W6400,0.01447315,7,False
W6401,0.01447315,0,False
W6402,0.01447315,7,False
W6403,0.01447315,7,False
W6408,0.01447315,6,False
W6409,0.01447315,10,False
W641,0.01447315,0,False
W6410,0.01447315,6,False
W6413,0.01447315,7,False
W6414,0.01447315,5,False
W6415,0.01447315,7,False
W6416,0.01447315,6,False
W6417,0.01447315,7,False
W6420,0.01447315,6,False
W6422,0.01447315,6,False
W6423,0.01447315,6,False
W6424,0.01447315,7,False
W6425,0.01447315,7,False
W6427,0.01447315,7,False
W6429,0.01447315,5,False
W6431,0.01447315,6,False
W6432,0.01447315,6,False
W6435,0.01447315,7,False
W6437,0.01447315,7,False
W6438,0.01447315,6,False
W6439,0.01447315,6,False
W644,0.01447315,0,False
W6440,0.01447315,6,False
W6441,0.01447315,10,False
W6442,0.01447315,7,False
W6444,0.01447315,10,False
W6447,0.01447315,6,False
W645,0.01447315,6,False
W6450,0.01447315,6,False
W6451,0.01447315,7,False
W6452,0.01447315,4,True
W6453,0.01447315,7,False
W6454,0.01447315,7,False
W6457,0.01447315,6,False
W646,0.01447315,0,False
W6460,0.01447315,7,False
W6461,0.01447315,6,False
W6462,0.01447315,6,False
W6464,0.01447315,7,False
W6465,0.01447315,5,False
W6469,0.01447315,7,False
W6470,0.01447315,7,False
W6472,0.01447315,6,False
W6473,0.01447315,5,False
W6474,0.01447315,5,False
W6477,0.01447315,11,False
W6478,0.01447315,7,False
W648,0.01447315,0,False
W6481,0.01447315,5,False
W6483,0.01447315,7,False
W6485,0.01447315,9,False
W6486,0.01447315,7,False
W6490,0.01447315,5,False
W6492,0.01447315,8,False
W6493,0.01447315,6,False
W6494,0.01447315,7,False
W6495,0.01447315,5,False
W6497,0.01447315,6,False
W650,0.01447315,6,False
W6500,0.01447315,9,False
W6502,0.01447315,6,False
W6510,0.01447315,6,False
W6511,0.01447315,7,False
W6516,0.01447315,6,False
W6517,0.01447315,6,False
W6519,0.01447315,7,False
W652,0.01447315,0,False
W6520,0.01447315,7,False
W6521,0.01447315,7,False
W6522,0.01447315,6,False
W6524,0.01447315,6,False
W6528,0.01447315,7,False
W6529,0.01447315,6,False
W6530,0.01447315,9,False
W6532,0.01447315,6,False
W6533,0.01447315,6,False
W6534,0.01447315,6,False
W6536,0.01447315,6,False
W6537,0.01447315,6,False
W6538,0.01447315,6,False
W6540,0.01447315,7,False
W6541,0.01447315,6,False
W6542,0.01447315,4,False
W6543,0.01447315,6,False
W6545,0.01447315,6,False
W6546,0.01447315,5,False
W6547,0.01447315,6,False
W6549,0.01447315,6,False
W655,0.01447315,0,False
W6550,0.01447315,5,True
W6551,0.01447315,6,False
W6553,0.01447315,5,False
W6555,0.01447315,10,False
W6556,0.01447315,5,False
W6560,0.01447315,9,False
W6562,0.01447315,6,False
W6568,0.01447315,6,False
W6569,0.01447315,6,False
W657,0.01447315,0,False
W6570,0.01447315,6,False
W6571,0.01447315,9,False
W6575,0.01447315,7,False
W6576,0.01447315,7,False
W6577,0.01447315,6,False
W6583,0.01447315,7,False
W6584,0.01447315,6,False
W6585,0.01447315,6,False
W6588,0.01447315,6,False
W6590,0.01447315,7,False
W6592,0.01447315,7,False
W6595,0.01447315,6,False
W6597,0.01447315,10,False
W6598,0.01447315,6,False
W6599,0.01447315,7,False
W6600,0.01447315,6,False
W6602,0.01447315,5,False
W6604,0.01447315,7,False
W6605,0.01447315,6,False
W6607,0.01447315,5,False
W6609,0.01447315,7,False
W661,0.01447315,0,False
W6611,0.01447315,6,False
W6612,0.01447315,6,False
W6613,0.01447315,7,False
W6615,0.01447315,6,False
W6617,0.01447315,6,False
W6620,0.01447315,6,False
W6621,0.01447315,8,False
W6624,0.01447315,5,False
W6627,0.01447315,6,False
W6628,0.01447315,6,False
W663,0.01447315,0,False
W6630,0.01447315,6,False
W6632,0.01447315,6,False
W6635,0.01447315,9,False
W6637,0.01447315,7,False
W6638,0.01447315,10,False
W6639,0.01447315,5,False
W6643,0.01447315,6,False
W6647,0.01447315,7,False
W6648,0.01447315,6,False
W665,0.01447315,0,False
W6650,0.01447315,6,False
W6651,0.01447315,6,False
W6653,0.01447315,6,False
W6655,0.01447315,6,False
W6656,0.01447315,6,False
W6658,0.01447315,6,False
W6659,0.01447315,8,False
W666,0.01447315,6,False
W6660,0.01447315,7,False
W6661,0.01447315,6,False
W6664,0.01447315,6,False
W6666,0.01447315,6,False
W6667,0.01447315,7,False
W6668,0.01447315,7,False
W6669,0.01447315,6,False
W6673,0.01447315,6,False
W6674,0.01447315,6,False
W6675,0.01447315,7,False
W6676,0.01447315,6,False
W6678,0.01447315,6,False
W668,0.01447315,0,False
W6680,0.01447315,7,False
W6681,0.01447315,6,False
W6682,0.01447315,6,False
W6684,0.01447315,6,False
W6686,0.01447315,7,False
W6688,0.01447315,6,False
W669,0.01447315,6,False
W6691,0.01447315,6,False
W6693,0.01447315,6,False
W6694,0.01447315,6,False
W6697,0.01447315,4,False
W6698,0.01447315,6,False
W670,0.01447315,9,False
W6700,0.01447315,7,False
W6702,0.01447315,6,False
W6706,0.01447315,6,False
W6707,0.01447315,6,False
W6708,0.01447315,10,False
W6709,0.01447315,7,False
W6710,0.01447315,5,True
W6712,0.01447315,6,False
W6714,0.01447315,6,False
W6715,0.01447315,8,False
W6716,0.01447315,6,False
W6717,0.01447315,7,False
W6720,0.01447315,5,False
W6721,0.01447315,6,False
W6723,0.01447315,5,True
W6725,0.01447315,6,False
W6726,0.01447315,6,False
W6728,0.01447315,6,False
W6729,0.01447315,6,False
W673,0.01447315,7,False
W6730,0.01447315,6,False
W6733,0.01447315,6,False
W6736,0.01447315,7,False
W6738,0.01447315,7,False
W6739,0.01447315,7,False
W674,0.01447315,10,False
W6740,0.01447315,6,False
W6743,0.01447315,9,True
W6745,0.01447315,5,False
W6747,0.01447315,7,False
W6748,0.01447315,7,False
W6749,0.01447315,7,False
W6750,0.01447315,6,False
W6752,0.01447315,6,False
W6754,0.01447315,6,False
W6755,0.01447315,7,False
W6756,0.01447315,7,False
W6757,0.01447315,7,False
W6759,0.01447315,6,False
W676,0.01447315,0,False
W6764,0.01447315,7,False
W6765,0.01447315,6,False
W6766,0.01447315,7,False
W6769,0.01447315,6,False
W677,0.01447315,6,False
W6771,0.01447315,7,False
W6772,0.01447315,7,False
W6774,0.01447315,7,False
W6775,0.01447315,6,False
W6776,0.01447315,6,False
W6778,0.01447315,12,False
W6779,0.01447315,7,False
W678,0.01447315,10,False
W6781,0.01447315,8,False
W6783,0.01447315,6,False
W6785,0.01447315,10,False
W6786,0.01447315,5,False
W6788,0.01447315,6,False
W6789,0.01447315,9,False
W6790,0.01447315,10,False
W6792,0.01447315,6,False
W6793,0.01447315,6,False
W6795,0.01447315,6,False
W6797,0.01447315,7,False
W680,0.01447315,0,False
W6800,0.01447315,10,False
W6802,0.01447315,6,False
W6803,0.01447315,5,False
W6805,0.01447315,7,False
W6806,0.01447315,6,False
W6808,0.01447315,7,False
W6809,0.01447315,6,False
W681,0.01447315,5,False
W6810,0.01447315,7,False
W6812,0.01447315,5,False
W6813,0.01447315,5,False
W6814,0.01447315,7,False
W6817,0.01447315,6,False
W6818,0.01447315,5,False
W6819,0.01447315,6,False
W682,0.01447315,10,False
W6823,0.01447315,6,False
W6824,0.01447315,7,False
W6825,0.01447315,5,False
W6826,0.01447315,5,False
W6828,0.01447315,7,False
W683,0.01447315,0,False
W6830,0.01447315,7,False
W6831,0.01447315,5,False
W6833,0.01447315,11,False
W6835,0.01447315,7,False
W6837,0.01447315,7,False
W6838,0.01447315,6,False
W6839,0.01447315,6,False
W6841,0.01447315,7,False
W6842,0.01447315,6,False
W6844,0.01447315,7,False
W6846,0.01447315,6,False
W6847,0.01447315,8,False
W6848,0.01447315,6,False
W6849,0.01447315,5,False
W6851,0.01447315,7,False
W6852,0.01447315,7,False
W6855,0.01447315,6,False
W6856,0.01447315,7,False
W6858,0.01447315,7,False
W6859,0.01447315,7,False
W686,0.01447315,9,True
W6860,0.01447315,7,False
W6864,0.01447315,7,False
W6866,0.01447315,6,False
W6867,0.01447315,8,False
W6868,0.01447315,7,False
W6869,0.01447315,7,False
W6870,0.01447315,9,False
W6875,0.01447315,7,False
W6877,0.01447315,6,False
W688,0.01447315,0,False
W6882,0.01447315,9,False
W6883,0.01447315,7,False
W6886,0.01447315,7,False
W689,0.01447315,10,False
W6890,0.01447315,10,False
W6894,0.01447315,7,False
W6897,0.01447315,6,False
W6901,0.01447315,7,False
W6903,0.01447315,7,False
W6904,0.01447315,6,False
W6905,0.01447315,6,False
W6906,0.01447315,5,True
W6908,0.01447315,5,False
W6909,0.01447315,6,False
W691,0.01447315,0,False
W6910,0.01447315,7,True
W6911,0.01447315,6,False
W6914,0.01447315,6,True
W6915,0.01447315,5,True
W6916,0.01447315,5,False
W6918,0.01447315,7,True
W6920,0.01447315,6,False
W6921,0.01447315,6,False
W6924,0.01447315,7,False
W6925,0.01447315,8,False
W6926,0.01447315,6,False
W6927,0.01447315,7,False
W6929,0.01447315,6,False
W693,0.01447315,6,True
W6930,0.01447315,5,False
W6931,0.01447315,7,True
W6933,0.01447315,7,False
W6936,0.01447315,6,False
W6937,0.01447315,7,True
W6938,0.01447315,6,False
W6942,0.01447315,7,False
W6945,0.01447315,6,True
W6946,0.01447315,10,False
W6948,0.01447315,6,False
W6953,0.01447315,5,False
W6954,0.01447315,7,True
W6956,0.01447315,7,True
W6958,0.01447315,5,False
W6959,0.01447315,7,False
W6960,0.01447315,12,False
W6966,0.01447315,7,False
W6967,0.01447315,7,False
W6968,0.01447315,7,False
W6969,0.01447315,5,False
W6970,0.01447315,7,False
W6972,0.01447315,7,False
W6973,0.01447315,7,False
W6975,0.01447315,6,False
W6976,0.01447315,6,False
W6980,0.01447315,5,False
W6981,0.01447315,7,False
W699,0.01447315,0,False
W6994,0.01447315,5,False
W6997,0.01447315,7,False
W6998,0.01447315,7,False
W6999,0.01447315,7,False
W7,0.01447315,11,False
W70,0.01447315,6,False
W700,0.01447315,9,False
W7002,0.01447315,7,True
W7003,0.01447315,6,False
W7005,0.01447315,6,False
W7006,0.01447315,4,False
W7007,0.01447315,6,False
W701,0.01447315,9,True
W7010,0.01447315,4,True
W7011,0.01447315,7,True
W7013,0.01447315,4,True
W7014,0.01447315,6,False
W7015,0.01447315,6,False
W7016,0.01447315,4,True
W7017,0.01447315,6,False
W7018,0.01447315,6,False
W7019,0.01447315,6,False
W702,0.01447315,0,False
W7022,0.01447315,8,True
W7023,0.01447315,8,False
W7024,0.01447315,6,False
W7027,0.01447315,8,True
W7028,0.01447315,9,False
W7029,0.01447315,6,False
W703,0.01447315,10,False
W7030,0.01447315,4,False
W7032,0.01447315,8,False
W7033,0.01447315,6,False
W7034,0.01447315,6,False
W7038,0.01447315,5,False
W7041,0.01447315,8,True
W7042,0.01447315,6,False
W7048,0.01447315,6,False
W7049,0.01447315,4,False
W705,0.01447315,0,False
W7050,0.01447315,6,False
W7053,0.01447315,14,False
W7054,0.01447315,10,True
W7055,0.01447315,6,False
W7056,0.01447315,4,False
W7057,0.01447315,8,False
W7058,0.01447315,4,True
W7059,0.01447315,6,False
W7062,0.01447315,6,False
W7064,0.01447315,4,False
W7067,0.01447315,11,False
W7073,0.01447315,10,True
W7075,0.01447315,8,False
W7078,0.01447315,7,False
W7079,0.01447315,4,False
W708,0.01447315,0,False
W7080,0.01447315,4,True
W7081,0.01447315,10,True
W7082,0.01447315,9,False
W7085,0.01447315,7,False
W7086,0.01447315,7,False
W7099,0.01447315,7,False
W710,0.01447315,9,True
W7100,0.01447315,8,False
W7101,0.01447315,7,False
W7102,0.01447315,7,False
W7103,0.01447315,9,False
W7105,0.01447315,5,False
W7108,0.01447315,10,False
W7117,0.01447315,6,False
W7118,0.01447315,5,True
W712,0.01447315,0,False
W7122,0.01447315,6,False
W7123,0.01447315,12,False
W7124,0.01447315,6,True
W7125,0.01447315,6,True
W7126,0.01447315,9,False
W7127,0.01447315,6,True
W713,0.01447315,10,False
W7130,0.01447315,11,False
W7132,0.01447315,11,False
W7133,0.01447315,11,False
W7135,0.01447315,12,False
W7136,0.01447315,15,False
W7137,0.01447315,11,False
W7138,0.01447315,9,False
W7139,0.01447315,11,False
W714,0.01447315,9,True
W7140,0.01447315,12,False
W7141,0.01447315,7,False
W7142,0.01447315,11,False
W7143,0.01447315,11,False
W7144,0.01447315,8,False
W7145,0.01447315,12,False
W7146,0.01447315,11,False
W7147,0.01447315,11,False
W7149,0.01447315,11,False
W7150,0.01447315,12,False
W7151,0.01447315,9,False
W7152,0.01447315,9,False
W7153,0.01447315,9,False
W7154,0.01447315,8,False
W7155,0.01447315,8,False
W7157,0.01447315,8,False
W7159,0.01447315,11,False
W716,0.01447315,4,False
W7160,0.01447315,11,False
W7161,0.01447315,11,False
W7163,0.01447315,11,False
W7164,0.01447315,11,False
W7166,0.01447315,9,False
W7167,0.01447315,8,False
W717,0.01447315,10,False
W7170,0.01447315,8,False
W7175,0.01447315,7,False
W7176,0.01447315,7,True
W7177,0.01447315,6,False
W7178,0.01447315,11,False
W7180,0.01447315,7,True
W7182,0.01447315,5,False
W7183,0.01447315,6,False
W7185,0.01447315,7,True
W7187,0.01447315,5,False
W7188,0.01447315,7,False
W719,0.01447315,9,False
W7192,0.01447315,7,True
W7193,0.01447315,7,True
W7194,0.01447315,6,True
W7195,0.01447315,7,True
W7196,0.01447315,6,True
W7197,0.01447315,10,False
W7199,0.01447315,12,False
W7201,0.01447315,6,False
W7202,0.01447315,8,False
W7203,0.01447315,7,True
W7204,0.01447315,10,False
W7205,0.01447315,6,False
W7208,0.01447315,3,True
W7212,0.01447315,6,False
W7213,0.01447315,6,True
W7214,0.01447315,5,False
W7218,0.01447315,8,False
W7219,0.01447315,6,False
W7220,0.01447315,7,False
W7221,0.01447315,6,False
W7222,0.01447315,8,True
W7223,0.01447315,6,False
W7224,0.01447315,5,True
W7226,0.01447315,8,False
W7228,0.01447315,7,False
W7229,0.01447315,6,False
W7230,0.01447315,7,False
W7232,0.01447315,11,False
W7233,0.01447315,6,True
W7235,0.01447315,8,True
W7237,0.01447315,6,False
W7239,0.01447315,6,False
W724,0.01447315,10,False
W7242,0.01447315,6,False
W7243,0.01447315,6,True
W7244,0.01447315,6,False
W7245,0.01447315,3,True
W7246,0.01447315,6,False
W7248,0.01447315,5,True
W7249,0.01447315,10,False
W725,0.01447315,0,False
W7250,0.01447315,6,False
W7253,0.01447315,5,True
W7254,0.01447315,11,False
W7256,0.01447315,6,True
W7257,0.01447315,7,True
W7258,0.01447315,6,True
W7260,0.01447315,5,True
W7261,0.01447315,8,False
W7265,0.01447315,7,True
W7268,0.01447315,6,True
W7269,0.01447315,5,True
W7270,0.01447315,9,False
W7272,0.01447315,7,True
W7273,0.01447315,4,True
W7276,0.01447315,6,True
W7277,0.01447315,6,True
W7278,0.01447315,9,False
W7279,0.01447315,6,False
W7281,0.01447315,6,True
W7284,0.01447315,9,False
W7285,0.01447315,6,True
W7287,0.01447315,5,True
W7288,0.01447315,10,True
W729,0.01447315,0,False
W7294,0.01447315,9,False
W7295,0.01447315,10,False
W7299,0.01447315,7,False
W73,0.01447315,7,False
W730,0.01447315,10,False
W7300,0.01447315,8,False
W7302,0.01447315,8,False
W7306,0.01447315,12,False
W7307,0.01447315,8,False
W731,0.01447315,10,False
W7314,0.01447315,6,False
W7317,0.01447315,12,False
W7318,0.01447315,10,False
W7319,0.01447315,9,False
W732,0.01447315,9,False
W7324,0.01447315,12,False
W734,0.01447315,10,False
W7346,0.01447315,6,False
W7353,0.01447315,7,True
W7355,0.01447315,7,True
W7356,0.01447315,10,True
W7357,0.01447315,11,True
W7363,0.01447315,9,False
W7364,0.01447315,7,False
W7365,0.01447315,9,False
W7369,0.01447315,8,True
W7370,0.01447315,5,False
W7371,0.01447315,6,True
W7372,0.01447315,11,False
W7374,0.01447315,8,False
W7376,0.01447315,6,False
W7379,0.01447315,5,False
W7380,0.01447315,6,True
W7381,0.01447315,5,True
W7382,0.01447315,5,True
W7383,0.01447315,6,True
W7384,0.01447315,10,False
W7386,0.01447315,6,False
W7388,0.01447315,6,False
W7390,0.01447315,5,False
W7393,0.01447315,9,False
W7395,0.01447315,5,False
W7396,0.01447315,6,False
W7399,0.01447315,6,True
W7402,0.01447315,5,False
W7403,0.01447315,9,False
W7405,0.01447315,6,False
W7408,0.01447315,5,True
W7409,0.01447315,5,False
W741,0.01447315,0,False
W7410,0.01447315,5,True
W7411,0.01447315,9,False
W7412,0.01447315,5,False
W7414,0.01447315,7,False
W7415,0.01447315,5,False
W7416,0.01447315,7,False
W7417,0.01447315,7,False
W7418,0.01447315,7,False
W7419,0.01447315,7,True
W7421,0.01447315,5,True
W7422,0.01447315,5,True
W7423,0.01447315,6,False
W7424,0.01447315,6,True
W7425,0.01447315,7,False
W7426,0.01447315,7,False
W7427,0.01447315,11,False
W743,0.01447315,8,True
W7430,0.01447315,6,False
W7431,0.01447315,6,True
W7437,0.01447315,11,False
W7438,0.01447315,5,True
W7439,0.01447315,5,True
W7442,0.01447315,10,False
W7443,0.01447315,6,False
W7444,0.01447315,6,False
W7445,0.01447315,8,False
W7446,0.01447315,5,False
W7447,0.01447315,6,True
W7448,0.01447315,7,False
W7449,0.01447315,6,False
W745,0.01447315,0,False
W7450,0.01447315,8,False
W7451,0.01447315,6,False
W7453,0.01447315,5,False
W7455,0.01447315,7,False
W7456,0.01447315,9,False
W7458,0.01447315,5,False
W7460,0.01447315,6,True
W7463,0.01447315,6,False
W7465,0.01447315,5,False
W7466,0.01447315,11,False
W7468,0.01447315,6,True
W7470,0.01447315,4,True
W7472,0.01447315,11,False
W7473,0.01447315,9,False
W7474,0.01447315,6,True
W7476,0.01447315,6,False
W7477,0.01447315,6,True
W7479,0.01447315,6,False
W748,0.01447315,7,True
W7480,0.01447315,6,True
W7485,0.01447315,5,False
W7486,0.01447315,11,False
W7487,0.01447315,6,True
W7489,0.01447315,6,False
W7490,0.01447315,7,True
W7491,0.01447315,4,False
W7492,0.01447315,4,True
W7493,0.01447315,5,False
W7494,0.01447315,5,False
W7495,0.01447315,6,True
W7497,0.01447315,11,False
W7498,0.01447315,10,True
W7500,0.01447315,6,False
W7502,0.01447315,5,False
W7504,0.01447315,10,False
W7505,0.01447315,4,False
W7507,0.01447315,6,False
W7508,0.01447315,6,True
W7509,0.01447315,7,False
W7511,0.01447315,7,False
W7512,0.01447315,8,True
W7514,0.01447315,6,True
W7515,0.01447315,6,True
W7516,0.01447315,6,True
W7518,0.01447315,12,False
W7519,0.01447315,5,False
W7520,0.01447315,6,True
W7521,0.01447315,5,True
W7522,0.01447315,6,True
W7523,0.01447315,6,False
W7525,0.01447315,6,False
W7526,0.01447315,8,False
W7527,0.01447315,5,False
W7530,0.01447315,8,False
W7532,0.01447315,8,True
W7533,0.01447315,10,False
W7534,0.01447315,6,False
W7535,0.01447315,6,True
W7536,0.01447315,5,False
W7537,0.01447315,6,False
W7539,0.01447315,6,False
W7540,0.01447315,9,False
W7541,0.01447315,8,True
W7543,0.01447315,6,False
W7544,0.01447315,7,False
W7545,0.01447315,6,True
W7546,0.01447315,4,True
W7547,0.01447315,6,False
W7548,0.01447315,8,False
W7549,0.01447315,11,False
W7552,0.01447315,5,True
W7554,0.01447315,10,True
W7557,0.01447315,8,False
W7559,0.01447315,4,True
W756,0.01447315,10,False
W7560,0.01447315,6,True
W7562,0.01447315,6,False
W7563,0.01447315,11,False
W7564,0.01447315,5,False
W7565,0.01447315,7,False
W7567,0.01447315,3,True
W7568,0.01447315,6,True
W7571,0.01447315,5,True
W7572,0.01447315,7,True
W7574,0.01447315,7,False
W7578,0.01447315,6,True
W7579,0.01447315,10,True
W7580,0.01447315,11,False
W7586,0.01447315,10,True
W7587,0.01447315,9,False
W759,0.01447315,14,False
W7592,0.01447315,6,True
W7593,0.01447315,9,True
W7594,0.01447315,8,False
W7595,0.01447315,10,True
W7600,0.01447315,6,True
W7601,0.01447315,10,False
W7602,0.01447315,8,False
W7603,0.01447315,6,True
W7604,0.01447315,10,False
W7606,0.01447315,6,True
W7608,0.01447315,5,False
W761,0.01447315,10,False
W7610,0.01447315,11,False
W7611,0.01447315,6,True
W7612,0.01447315,7,False
W7613,0.01447315,6,False
W7615,0.01447315,4,False
W7617,0.01447315,9,False
W7619,0.01447315,10,False
W7620,0.01447315,6,False
W7621,0.01447315,8,True
W7624,0.01447315,8,False
W7625,0.01447315,6,False
W7626,0.01447315,6,True
W7628,0.01447315,9,True
W763,0.01447315,7,False
W7631,0.01447315,7,False
W7632,0.01447315,6,False
W7634,0.01447315,6,False
W7636,0.01447315,9,False
W7637,0.01447315,8,True
W7638,0.01447315,5,False
W7639,0.01447315,6,True
W764,0.01447315,10,False
W7641,0.01447315,6,False
W7642,0.01447315,10,False
W7644,0.01447315,5,False
W7645,0.01447315,7,False
W7649,0.01447315,6,True
W7650,0.01447315,7,True
W7651,0.01447315,4,False
W7653,0.01447315,4,False
W7654,0.01447315,7,False
W7655,0.01447315,6,False
W7657,0.01447315,5,False
W7658,0.01447315,11,False
W7660,0.01447315,6,False
W7661,0.01447315,6,True
W7663,0.01447315,6,False
W7664,0.01447315,5,True
W7665,0.01447315,7,False
W7666,0.01447315,8,False
W7668,0.01447315,6,False
W7669,0.01447315,5,False
W7670,0.01447315,7,True
W7671,0.01447315,6,False
W7672,0.01447315,4,True
W7674,0.01447315,6,False
W7675,0.01447315,11,False
W7676,0.01447315,6,False
W7678,0.01447315,7,False
W7679,0.01447315,6,False
W7680,0.01447315,4,True
W7681,0.01447315,6,False
W7683,0.01447315,6,True
W7684,0.01447315,9,False
W7687,0.01447315,9,False
W7688,0.01447315,5,False
W7690,0.01447315,8,False
W7691,0.01447315,6,False
W7692,0.01447315,9,False
W7693,0.01447315,5,True
W7695,0.01447315,6,False
W7696,0.01447315,7,True
W7698,0.01447315,6,False
W770,0.01447315,10,False
W7700,0.01447315,5,True
W7705,0.01447315,6,False
W7710,0.01447315,5,False
W7712,0.01447315,6,False
W7714,0.01447315,10,False
W7717,0.01447315,4,False
W7718,0.01447315,11,False
W7720,0.01447315,7,False
W7721,0.01447315,12,False
W7723,0.01447315,6,False
W7725,0.01447315,5,True
W7727,0.01447315,4,True
W7729,0.01447315,6,True
W773,0.01447315,6,False
W7731,0.01447315,6,False
W7733,0.01447315,12,False
W7734,0.01447315,7,False
W7735,0.01447315,4,True
W7736,0.01447315,10,False
W7737,0.01447315,6,False
W7741,0.01447315,11,False
W7742,0.01447315,6,False
W7744,0.01447315,6,False
W7746,0.01447315,6,False
W7748,0.01447315,7,False
W7749,0.01447315,6,False
W775,0.01447315,10,False
W7750,0.01447315,5,False
W7753,0.01447315,5,False
W7754,0.01447315,6,True
W7756,0.01447315,6,False
W7757,0.01447315,5,True
W7758,0.01447315,10,False
W7759,0.01447315,7,False
W776,0.01447315,13,False
W7760,0.01447315,4,False
W7761,0.01447315,6,False
W7764,0.01447315,5,False
W7765,0.01447315,6,False
W7769,0.01447315,6,False
W7770,0.01447315,6,False
W7772,0.01447315,9,True
W7773,0.01447315,6,False
W7775,0.01447315,5,False
W7776,0.01447315,4,True
W7777,0.01447315,6,False
W7778,0.01447315,9,True
W7779,0.01447315,6,False
W7780,0.01447315,6,False
W7784,0.01447315,4,True
W7785,0.01447315,7,False
W7787,0.01447315,4,True
W7788,0.01447315,5,True
W7789,0.01447315,6,True
W7791,0.01447315,6,False
W7792,0.01447315,6,False
W7793,0.01447315,6,True
W7794,0.01447315,5,True
W7796,0.01447315,6,False
W7799,0.01447315,6,True
W7804,0.01447315,5,True
W7805,0.01447315,8,False
W7806,0.01447315,4,True
W7807,0.01447315,5,False
W7808,0.01447315,10,False
W7809,0.01447315,8,False
W7812,0.01447315,6,True
W7813,0.01447315,9,False
W7814,0.01447315,12,False
W7815,0.01447315,8,False
W7816,0.01447315,4,True
W7819,0.01447315,6,False
W7820,0.01447315,5,False
W7821,0.01447315,6,False
W7822,0.01447315,6,False
W7824,0.01447315,4,False
W7825,0.01447315,6,False
W7826,0.01447315,8,True
W7828,0.01447315,6,True
W7829,0.01447315,6,False
W7830,0.01447315,6,False
W7832,0.01447315,7,True
W7833,0.01447315,6,False
W7834,0.01447315,7,False
W7835,0.01447315,7,True
W7837,0.01447315,10,True
W7838,0.01447315,6,True
W7840,0.01447315,6,False
W7844,0.01447315,4,True
W7845,0.01447315,10,True
W7846,0.01447315,5,True
W7848,0.01447315,11,False
W7849,0.01447315,6,False
W785,0.01447315,6,False
W7850,0.01447315,6,True
W7851,0.01447315,4,True
W7852,0.01447315,6,True
W7853,0.01447315,10,True
W7854,0.01447315,6,False
W7855,0.01447315,10,False
W7856,0.01447315,12,False
W7857,0.01447315,5,False
W7861,0.01447315,10,True
W7862,0.01447315,6,False
W7863,0.01447315,10,True
W7864,0.01447315,10,False
W7865,0.01447315,6,True
W7866,0.01447315,9,False
W7867,0.01447315,5,False
W7868,0.01447315,6,False
W7869,0.01447315,6,False
W7870,0.01447315,6,False
W7872,0.01447315,8,False
W7873,0.01447315,4,False
W7875,0.01447315,6,False
W7876,0.01447315,6,True
W7877,0.01447315,6,True
W7878,0.01447315,8,False
W788,0.01447315,0,False
W7880,0.01447315,11,True
W7883,0.01447315,6,True
W7884,0.01447315,6,True
W7885,0.01447315,5,False
W7886,0.01447315,11,False
W7887,0.01447315,7,True
W7888,0.01447315,10,False
W7889,0.01447315,6,False
W7890,0.01447315,5,True
W7891,0.01447315,8,False
W7893,0.01447315,12,False
W7894,0.01447315,7,True
W7896,0.01447315,10,False
W7897,0.01447315,6,True
W7898,0.01447315,6,False
W7899,0.01447315,6,False
W7900,0.01447315,13,False
W7901,0.01447315,7,False
W7903,0.01447315,7,False
W7904,0.01447315,6,True
W7906,0.01447315,13,False
W7907,0.01447315,6,False
W7909,0.01447315,8,False
W7911,0.01447315,6,True
W7913,0.01447315,6,False
W7914,0.01447315,6,True
W7916,0.01447315,6,False
W7919,0.01447315,6,False
W7921,0.01447315,6,True
W7923,0.01447315,11,True
W7925,0.01447315,5,False
W7926,0.01447315,8,False
W7927,0.01447315,6,True
W7931,0.01447315,6,False
W7932,0.01447315,8,False
W7933,0.01447315,6,False
W7935,0.01447315,6,True
W7937,0.01447315,11,True
W7938,0.01447315,7,False
W794,0.01447315,6,False
W7941,0.01447315,6,True
W7945,0.01447315,5,False
W7946,0.01447315,5,False
W7948,0.01447315,5,True
W7949,0.01447315,6,False
W7950,0.01447315,8,False
W7951,0.01447315,5,False
W7952,0.01447315,11,True
W7953,0.01447315,6,True
W7955,0.01447315,9,False
W7956,0.01447315,8,False
W7957,0.01447315,11,True
W7958,0.01447315,5,True
W7962,0.01447315,7,False
W7964,0.01447315,8,False
W7965,0.01447315,11,True
W7968,0.01447315,9,True
W7969,0.01447315,8,False
W797,0.01447315,7,False
W7970,0.01447315,6,False
W7972,0.01447315,9,True
W7973,0.01447315,11,True
W7974,0.01447315,6,False
W7976,0.01447315,11,True
W7977,0.01447315,6,False
W7978,0.01447315,6,True
W7981,0.01447315,11,True
W7982,0.01447315,9,False
W7983,0.01447315,8,False
W7984,0.01447315,11,True
W7987,0.01447315,5,False
W7988,0.01447315,11,True
W7990,0.01447315,11,True
W7991,0.01447315,11,True
W7998,0.01447315,4,False
W7999,0.01447315,4,False
W8000,0.01447315,4,True
W8001,0.01447315,10,False
W8002,0.01447315,8,False
W8003,0.01447315,10,False
W8004,0.01447315,8,False
W8005,0.01447315,13,False
W8006,0.01447315,8,False
W8007,0.01447315,8,False
W8009,0.01447315,8,False
W8010,0.01447315,10,False
W8011,0.01447315,8,False
W8012,0.01447315,10,False
W8013,0.01447315,8,False
W8014,0.01447315,10,False
W8015,0.01447315,10,False
W8016,0.01447315,12,False
W8017,0.01447315,15,False
W8018,0.01447315,9,False
W8020,0.01447315,10,False
W8022,0.01447315,8,False
W8023,0.01447315,6,False
W8026,0.01447315,8,False
W8027,0.01447315,9,False
W8028,0.01447315,13,False
W8029,0.01447315,13,False
W8030,0.01447315,13,False
W8031,0.01447315,13,False
W8032,0.01447315,13,False
W8033,0.01447315,13,False
W8034,0.01447315,13,False
W8035,0.01447315,13,False
W8036,0.01447315,13,False
W8037,0.01447315,13,False
W8038,0.01447315,13,False
W8039,0.01447315,8,False
W8040,0.01447315,10,False
W8041,0.01447315,8,False
W8042,0.01447315,9,False
W8043,0.01447315,9,False
W8045,0.01447315,7,True
W8047,0.01447315,8,False
W8048,0.01447315,9,False
W8050,0.01447315,7,True
W8053,0.01447315,8,False
W8054,0.01447315,7,False
W8056,0.01447315,10,False
W8058,0.01447315,9,False
W8059,0.01447315,10,False
W8061,0.01447315,8,False
W8062,0.01447315,6,False
W8064,0.01447315,10,False
W8065,0.01447315,8,False
W8066,0.01447315,5,False
W8070,0.01447315,8,False
W8071,0.01447315,12,False
W8072,0.01447315,13,False
W8073,0.01447315,13,False
W8074,0.01447315,12,False
W8075,0.01447315,12,False
W8076,0.01447315,7,False
W8077,0.01447315,9,False
W8078,0.01447315,10,False
W8079,0.01447315,5,False
W8081,0.01447315,10,False
W8082,0.01447315,10,False
W8083,0.01447315,5,False
W8085,0.01447315,10,False
W8087,0.01447315,10,False
W8088,0.01447315,14,False
W8089,0.01447315,12,False
W809,0.01447315,0,False
W8090,0.01447315,5,False
W8091,0.01447315,7,False
W8092,0.01447315,7,False
W8093,0.01447315,9,False
W8094,0.01447315,8,False
W8095,0.01447315,8,False
W8096,0.01447315,6,True
W8098,0.01447315,6,True
W8099,0.01447315,9,False
W8100,0.01447315,10,False
W8101,0.01447315,9,False
W8102,0.01447315,9,False
W8103,0.01447315,8,False
W8104,0.01447315,8,False
W8105,0.01447315,9,False
W8107,0.01447315,3,False
W8108,0.01447315,9,False
W8109,0.01447315,11,False
W811,0.01447315,0,False
W8110,0.01447315,10,False
W8111,0.01447315,4,True
W8113,0.01447315,6,True
W8115,0.01447315,13,False
W8116,0.01447315,10,False
W8117,0.01447315,9,False
W8118,0.01447315,9,False
W8119,0.01447315,9,False
W8120,0.01447315,9,False
W8121,0.01447315,4,False
W8124,0.01447315,11,False
W8125,0.01447315,5,False
W8126,0.01447315,8,False
W8128,0.01447315,9,False
W8129,0.01447315,5,False
W8130,0.01447315,9,False
W8132,0.01447315,9,False
W8133,0.01447315,9,False
W8135,0.01447315,9,False
W8136,0.01447315,9,False
W8137,0.01447315,10,False
W8138,0.01447315,10,False
W8139,0.01447315,9,False
W814,0.01447315,0,False
W8141,0.01447315,8,False
W8143,0.01447315,9,False
W8144,0.01447315,8,False
W8145,0.01447315,8,False
W8146,0.01447315,8,False
W8147,0.01447315,8,False
W8148,0.01447315,4,False
W8150,0.01447315,8,False
W8151,0.01447315,8,False
W8152,0.01447315,9,False
W8153,0.01447315,6,True
W8154,0.01447315,12,False
W8155,0.01447315,12,False
W8156,0.01447315,8,False
W8157,0.01447315,8,False
W8158,0.01447315,12,False
W816,0.01447315,0,False
W8160,0.01447315,11,False
W8161,0.01447315,9,False
W8162,0.01447315,6,True
W8164,0.01447315,9,False
W8166,0.01447315,11,False
W8167,0.01447315,10,False
W817,0.01447315,9,False
W8170,0.01447315,10,False
W8173,0.01447315,8,False
W8174,0.01447315,10,False
W8175,0.01447315,5,False
W8176,0.01447315,10,False
W8177,0.01447315,9,False
W8178,0.01447315,11,False
W818,0.01447315,4,False
W8180,0.01447315,11,False
W8182,0.01447315,5,True
W8183,0.01447315,8,False
W8184,0.01447315,8,False
W8186,0.01447315,8,False
W8187,0.01447315,8,False
W8189,0.01447315,6,False
W8192,0.01447315,8,False
W8193,0.01447315,8,False
W8194,0.01447315,8,False
W8195,0.01447315,8,False
W8196,0.01447315,9,False
W8197,0.01447315,9,False
W8198,0.01447315,9,False
W820,0.01447315,0,False
W8200,0.01447315,9,False
W8201,0.01447315,9,False
W8202,0.01447315,9,False
W8203,0.01447315,7,False
W8205,0.01447315,8,False
W8206,0.01447315,7,False
W8207,0.01447315,8,False
W8208,0.01447315,7,False
W8210,0.01447315,12,False
W8211,0.01447315,12,False
W8212,0.01447315,7,False
W8213,0.01447315,9,False
W8214,0.01447315,8,True
W8215,0.01447315,8,False
W8216,0.01447315,5,False
W8217,0.01447315,9,False
W8218,0.01447315,12,False
W8222,0.01447315,0,False
W8223,0.01447315,0,False
W8224,0.01447315,15,False
W8225,0.01447315,11,False
W8229,0.01447315,0,False
W823,0.01447315,0,False
W8230,0.01447315,0,False
W8231,0.01447315,15,False
W8232,0.01447315,12,False
W8233,0.01447315,13,False
W8234,0.01447315,0,False
W8235,0.01447315,13,False
W8236,0.01447315,14,False
W8237,0.01447315,14,False
W8240,0.01447315,12,False
W8241,0.01447315,12,False
W8242,0.01447315,13,False
W8243,0.01447315,13,False
W8244,0.01447315,14,False
W8245,0.01447315,15,False
W8246,0.01447315,0,False
W8247,0.01447315,15,False
W8248,0.01447315,15,False
W8250,0.01447315,14,False
W8252,0.01447315,0,False
W8254,0.01447315,11,False
W8255,0.01447315,14,False
W8258,0.01447315,12,False
W826,0.01447315,0,False
W8261,0.01447315,15,False
W8263,0.01447315,13,False
W8266,0.01447315,15,False
W8267,0.01447315,14,False
W8270,0.01447315,13,False
W8273,0.01447315,13,False
W8275,0.01447315,0,False
W8276,0.01447315,12,False
W8277,0.01447315,0,False
W8278,0.01447315,14,False
W8279,0.01447315,13,False
W828,0.01447315,0,False
W8280,0.01447315,0,False
W831,0.01447315,0,False
W833,0.01447315,9,False
W834,0.01447315,6,False
W837,0.01447315,6,False
W840,0.01447315,5,False
W844,0.01447315,5,False
W856,0.01447315,7,False
W86,0.01447315,3,False
W861,0.01447315,0,False
W863,0.01447315,0,False
W864,0.01447315,7,False
W866,0.01447315,0,False
W867,0.01447315,8,False
W868,0.01447315,0,False
W869,0.01447315,7,False
W87,0.01447315,6,False
W870,0.01447315,0,False
W873,0.01447315,0,False
W875,0.01447315,6,False
W877,0.01447315,0,False
W878,0.01447315,6,False
W879,0.01447315,7,False
W881,0.01447315,0,False
W883,0.01447315,9,False
W884,0.01447315,0,False
W885,0.01447315,10,False
W887,0.01447315,0,False
W889,0.01447315,7,False
W89,0.01447315,7,True
W892,0.01447315,7,False
W894,0.01447315,14,False
W895,0.01447315,8,False
W897,0.01447315,7,False
W898,0.01447315,0,False
W9,0.01447315,11,False
W90,0.01447315,5,False
W900,0.01447315,7,False
W901,0.01447315,6,False
W902,0.01447315,0,False
W906,0.01447315,0,False
W909,0.01447315,4,False
W91,0.01447315,5,False
W910,0.01447315,0,False
W911,0.01447315,7,False
W912,0.01447315,6,True
W914,0.01447315,14,False
W915,0.01447315,6,False
W917,0.01447315,7,False
W920,0.01447315,7,False
W922,0.01447315,6,True
W925,0.01447315,5,True
W928,0.01447315,0,False
W929,0.01447315,4,False
W93,0.01447315,7,True
W932,0.01447315,12,False
W934,0.01447315,4,False
W935,0.01447315,0,False
W936,0.01447315,6,False
W939,0.01447315,6,False
W943,0.01447315,0,False
W948,0.01447315,0,False
W950,0.01447315,0,False
W954,0.01447315,6,False
W955,0.01447315,6,False
W957,0.01447315,6,False
W958,0.01447315,0,False
W96,0.01447315,4,False
W960,0.01447315,0,False
W963,0.01447315,10,False
W964,0.01447315,10,False
W965,0.01447315,10,False
W966,0.01447315,10,False
W967,0.01447315,10,False
W969,0.01447315,10,False
W97,0.01447315,7,True
W970,0.01447315,10,False
W971,0.01447315,10,False
W972,0.01447315,10,False
W975,0.01447315,10,False
W976,0.01447315,10,False
W977,0.01447315,10,False
W978,0.01447315,10,False
W979,0.01447315,9,False
W981,0.01447315,7,False
W982,0.01447315,6,False
W983,0.01447315,6,False
W984,0.01447315,6,False
W985,0.01447315,6,True
W99,0.01447315,8,True
W990,0.01447315,7,True
W991,0.01447315,7,True
W992,0.01447315,6,False
W993,0.01447315,7,True
W994,0.01447315,6,True
W995,0.01447315,5,False
W996,0.01447315,10,False
W998,0.01447315,7,True
1,0.065,13,False
10,0.065,7,False
1000,0.065,11,False
10001,0.065,0,False
10005,0.065,0,False
1001,0.065,15,False
10013,0.065,0,False
10015,0.065,0,False
1002,0.065,5,False
10020,0.065,15,False
10021,0.065,15,False
10022,0.065,0,False
10023,0.065,0,False
10025,0.065,0,False
10027,0.065,0,False
1003,0.065,5,False
10030,0.065,7,True
10031,0.065,7,True
10033,0.065,11,False
10034,0.065,0,False
10036,0.065,0,False
10040,0.065,0,False
10041,0.065,0,False
10045,0.065,15,False
10048,0.065,0,False
10049,0.065,14,False
1005,0.065,4,False
10050,0.065,0,False
10051,0.065,0,False
10052,0.065,12,False
10053,0.065,15,False
10054,0.065,0,False
1006,0.065,11,False
10062,0.065,0,False
10065,0.065,0,False
10066,0.065,14,False
10068,0.065,0,False
10069,0.065,0,False
1007,0.065,11,False
10070,0.065,14,False
10071,0.065,0,False
10075,0.065,0,False
10076,0.065,12,False
10077,0.065,6,True
10078,0.065,14,False
10079,0.065,15,False
10080,0.065,15,False
10081,0.065,10,False
10082,0.065,12,False
10083,0.065,13,False
10084,0.065,13,False
10085,0.065,0,False
1010,0.065,8,False
10103,0.065,0,False
10105,0.065,0,False
10106,0.065,14,False
1011,0.065,11,False
10110,0.065,0,False
10111,0.065,0,False
10112,0.065,0,False
10113,0.065,0,False
10119,0.065,0,False
10120,0.065,0,False
10125,0.065,0,False
10128,0.065,0,False
10129,0.065,0,False
10132,0.065,0,False
10133,0.065,0,False
10135,0.065,0,False
10137,0.065,0,False
1014,0.065,6,False
10140,0.065,0,False
10142,0.065,0,False
10143,0.065,0,False
10144,0.065,0,False
10145,0.065,11,False
10148,0.065,0,False
10152,0.065,0,False
10153,0.065,0,False
10159,0.065,15,False
1016,0.065,7,False
10160,0.065,11,False
10163,0.065,0,False
10164,0.065,0,False
10165,0.065,13,False
10166,0.065,15,False
10167,0.065,0,False
1017,0.065,7,False
10171,0.065,13,False
10173,0.065,8,False
10174,0.065,0,False
10175,0.065,8,False
10176,0.065,0,False
10180,0.065,15,False
10186,0.065,0,False
10188,0.065,0,False
10189,0.065,0,False
10190,0.065,0,False
102,0.065,4,False
1020,0.065,5,False
10203,0.065,0,False
10207,0.065,14,False
10209,0.065,0,False
1021,0.065,7,False
10210,0.065,0,False
10211,0.065,9,False
10213,0.065,0,False
10216,0.065,0,False
1022,0.065,6,False
10221,0.065,0,False
10226,0.065,0,False
10227,0.065,7,True
10228,0.065,0,False
10229,0.065,0,False
1023,0.065,9,False
10233,0.065,0,False
10238,0.065,13,False
1024,0.065,5,False
10241,0.065,14,False
10242,0.065,15,False
10245,0.065,13,False
10247,0.065,0,False
1025,0.065,6,False
10252,0.065,11,False
10253,0.065,0,False
10256,0.065,0,False
10259,0.065,15,False
10264,0.065,15,False
10266,0.065,14,False
10269,0.065,9,False
1027,0.065,8,False
10271,0.065,11,False
10276,0.065,0,False
10277,0.065,8,False
1028,0.065,6,False
10281,0.065,0,False
10285,0.065,0,False
10286,0.065,0,False
1029,0.065,5,False
10295,0.065,0,False
10297,0.065,0,False
10299,0.065,0,False
103,0.065,5,False
10300,0.065,15,False
10301,0.065,0,False
10302,0.065,0,False
10307,0.065,0,False
10310,0.065,0,False
10311,0.065,0,False
10312,0.065,0,False
10313,0.065,0,False
10314,0.065,0,False
10316,0.065,15,False
10317,0.065,12,False
10318,0.065,12,False
10319,0.065,12,False
10321,0.065,12,False
10322,0.065,12,False
10323,0.065,12,False
10324,0.065,0,False
10325,0.065,0,False
10326,0.065,12,False
10327,0.065,12,False
10329,0.065,12,False
10330,0.065,12,False
10331,0.065,12,False
10332,0.065,12,False
10333,0.065,12,False
10341,0.065,15,False
10342,0.065,0,False
10343,0.065,0,False
10345,0.065,0,False
10346,0.065,0,False
10347,0.065,15,False
10351,0.065,0,False
10352,0.065,15,False
10353,0.065,0,False
10354,0.065,0,False
10357,0.065,0,False
10358,0.065,0,False
10359,0.065,0,False
10361,0.065,0,False
10362,0.065,14,False
10364,0.065,15,False
10365,0.065,0,False
10366,0.065,0,False
10367,0.065,0,False
10369,0.065,0,False
1037,0.065,8,False
10374,0.065,0,False
10377,0.065,0,False
1038,0.065,5,False
10380,0.065,12,False
10382,0.065,11,False
10384,0.065,11,False
10385,0.065,0,False
10386,0.065,15,False
10388,0.065,0,False
1039,0.065,6,False
10390,0.065,0,False
10391,0.065,12,False
10394,0.065,0,False
10398,0.065,0,False
10399,0.065,15,False
104,0.065,5,False
10403,0.065,0,False
10404,0.065,0,False
10408,0.065,15,False
1041,0.065,11,False
10414,0.065,0,False
10417,0.065,0,False
10419,0.065,0,False
1042,0.065,11,False
10420,0.065,0,False
10427,0.065,0,False
1043,0.065,6,False
10436,0.065,0,False
10437,0.065,0,False
10441,0.065,0,False
10444,0.065,12,False
10446,0.065,0,False
10448,0.065,0,False
1045,0.065,6,False
10451,0.065,0,False
10452,0.065,0,False
10454,0.065,0,False
10459,0.065,0,False
1046,0.065,8,False
10466,0.065,0,False
10470,0.065,0,False
10472,0.065,0,False
10476,0.065,0,False
1048,0.065,7,False
105,0.065,7,False
1050,0.065,6,False
10501,0.065,0,False
10506,0.065,0,False
10509,0.065,0,False
10514,0.065,0,False
1053,0.065,4,False
10533,0.065,0,False
10539,0.065,0,False
1054,0.065,9,False
10546,0.065,0,False
10547,0.065,0,False
10553,0.065,0,False
10559,0.065,0,False
1056,0.065,5,False
10562,0.065,14,False
10566,0.065,15,False
10575,0.065,0,False
10578,0.065,0,False
1058,0.065,8,False
10580,0.065,0,False
10581,0.065,12,False
10582,0.065,0,False
10587,0.065,0,False
10588,0.065,0,False
10589,0.065,0,False
1059,0.065,7,False
10593,0.065,12,False
10597,0.065,0,False
10599,0.065,0,False
106,0.065,5,False
1060,0.065,11,False
10602,0.065,0,False
10604,0.065,0,False
10606,0.065,12,False
10607,0.065,0,False
1061,0.065,5,False
10616,0.065,0,False
1062,0.065,7,False
10623,0.065,0,False
10625,0.065,0,False
10626,0.065,0,False
1063,0.065,7,False
10633,0.065,0,False
1064,0.065,7,False
10641,0.065,0,False
10643,0.065,0,False
10648,0.065,0,False
10649,0.065,0,False
1065,0.065,11,False
10650,0.065,0,False
10651,0.065,14,False
10655,0.065,0,False
10658,0.065,15,False
1066,0.065,4,False
10664,0.065,15,False
10665,0.065,15,False
10666,0.065,0,False
10667,0.065,0,False
10668,0.065,0,False
10671,0.065,0,False
10676,0.065,0,False
10679,0.065,7,True
10683,0.065,10,False
10685,0.065,0,False
10686,0.065,0,False
10687,0.065,12,False
10688,0.065,15,False
10691,0.065,0,False
10693,0.065,0,False
10694,0.065,0,False
10695,0.065,0,False
10697,0.065,0,False
107,0.065,6,False
10702,0.065,14,False
10703,0.065,0,False
10704,0.065,0,False
10706,0.065,9,False
10708,0.065,0,False
10709,0.065,0,False
10710,0.065,13,False
10711,0.065,0,False
10714,0.065,9,False
10718,0.065,0,False
1072,0.065,5,False
10720,0.065,0,False
10722,0.065,0,False
10725,0.065,0,False
10726,0.065,0,False
10728,0.065,0,False
10729,0.065,0,False
10732,0.065,0,False
10733,0.065,0,False
10734,0.065,12,False
1074,0.065,8,False
10740,0.065,0,False
1075,0.065,5,False
10755,0.065,0,False
10757,0.065,0,False
10761,0.065,14,False
10762,0.065,0,False
10767,0.065,0,False
10768,0.065,0,False
10772,0.065,12,False
10778,0.065,0,False
10779,0.065,0,False
1078,0.065,8,False
10781,0.065,0,False
10782,0.065,0,False
10783,0.065,0,False
10796,0.065,0,False
10799,0.065,12,False
108,0.065,6,False
10802,0.065,0,False
10805,0.065,0,False
10806,0.065,15,False
10807,0.065,0,False
10808,0.065,0,False
10811,0.065,0,False
10813,0.065,0,False
10818,0.065,0,False
1082,0.065,8,False
10821,0.065,11,False
10826,0.065,0,False
10829,0.065,0,False
10835,0.065,13,False
10841,0.065,0,False
10844,0.065,0,False
10846,0.065,13,False
10849,0.065,0,False
10852,0.065,12,False
10854,0.065,6,True
10859,0.065,13,False
1086,0.065,9,False
10862,0.065,12,False
10866,0.065,0,False
10867,0.065,0,False
10868,0.065,0,False
10871,0.065,0,False
10873,0.065,0,False
10880,0.065,0,False
10882,0.065,11,False
10885,0.065,0,False
10892,0.065,12,False
10894,0.065,0,False
10895,0.065,12,False
10896,0.065,14,False
10897,0.065,0,False
10898,0.065,0,False
109,0.065,7,False
10900,0.065,12,False
10907,0.065,0,False
10911,0.065,14,False
10914,0.065,0,False
10916,0.065,14,False
10917,0.065,14,False
10919,0.065,0,False
10921,0.065,0,False
10923,0.065,0,False
10924,0.065,0,False
10925,0.065,14,False
10930,0.065,0,False
10931,0.065,0,False
10934,0.065,0,False
10939,0.065,0,False
10940,0.065,0,False
10941,0.065,0,False
10944,0.065,0,False
10945,0.065,0,False
1095,0.065,8,False
10956,0.065,9,True
1096,0.065,7,False
10966,0.065,0,False
1097,0.065,7,False
10974,0.065,0,False
10975,0.065,0,False
10980,0.065,0,False
10987,0.065,0,False
1099,0.065,9,False
10990,0.065,0,False
10992,0.065,0,False
10994,0.065,0,False
10995,0.065,0,False
110,0.065,5,False
1100,0.065,4,False
11000,0.065,14,False
11001,0.065,15,False
11003,0.065,0,False
11008,0.065,9,True
11009,0.065,0,False
1101,0.065,6,False
11011,0.065,0,False
11013,0.065,0,False
11014,0.065,0,False
11016,0.065,10,False
11019,0.065,11,False
11021,0.065,0,False
11022,0.065,10,False
11024,0.065,0,False
11027,0.065,15,False
11028,0.065,9,False
11029,0.065,0,False
11034,0.065,0,False
11038,0.065,7,True
11039,0.065,0,False
1104,0.065,14,False
11041,0.065,10,False
11042,0.065,0,False
11043,0.065,0,False
11044,0.065,13,False
11045,0.065,7,True
11048,0.065,0,False
11051,0.065,7,True
11052,0.065,0,False
11055,0.065,0,False
11056,0.065,0,False
11061,0.065,0,False
11062,0.065,0,False
11064,0.065,0,False
11077,0.065,0,False
11081,0.065,12,False
11086,0.065,0,False
11088,0.065,14,False
11093,0.065,12,False
11094,0.065,0,False
11098,0.065,15,False
111,0.065,5,False
1110,0.065,7,False
11101,0.065,12,False
11112,0.065,0,False
11113,0.065,0,False
11116,0.065,0,False
11131,0.065,0,False
11132,0.065,14,False
11133,0.065,0,False
11137,0.065,0,False
11145,0.065,12,False
1115,0.065,9,False
11154,0.065,15,False
1116,0.065,6,False
11161,0.065,0,False
11163,0.065,15,False
11169,0.065,14,False
11171,0.065,0,False
11172,0.065,0,False
11174,0.065,0,False
11175,0.065,0,False
11178,0.065,10,False
11181,0.065,0,False
11183,0.065,0,False
11186,0.065,0,False
11187,0.065,7,True
11188,0.065,7,True
11189,0.065,7,True
11191,0.065,15,False
11193,0.065,11,False
112,0.065,5,False
11201,0.065,15,False
11202,0.065,0,False
11203,0.065,0,False
11204,0.065,0,False
11205,0.065,0,False
11208,0.065,15,False
11209,0.065,15,False
11210,0.065,0,False
11211,0.065,14,False
11214,0.065,12,False
11220,0.065,0,False
11223,0.065,0,False
11226,0.065,0,False
11227,0.065,0,False
1123,0.065,7,False
11236,0.065,15,False
11239,0.065,0,False
1124,0.065,5,False
11241,0.065,0,False
11243,0.065,0,False
11245,0.065,0,False
11247,0.065,0,False
1125,0.065,13,False
11251,0.065,12,False
11253,0.065,15,False
11256,0.065,14,False
11258,0.065,0,False
11262,0.065,0,False
11264,0.065,0,False
11267,0.065,0,False
11268,0.065,0,False
1127,0.065,0,False
11273,0.065,15,False
11277,0.065,0,False
11278,0.065,0,False
1128,0.065,6,False
11280,0.065,12,False
11282,0.065,0,False
11283,0.065,0,False
11286,0.065,0,False
11290,0.065,0,False
11291,0.065,0,False
11298,0.065,0,False
113,0.065,7,False
1130,0.065,5,False
11305,0.065,0,False
11307,0.065,0,False
11309,0.065,15,False
1132,0.065,5,False
11320,0.065,0,False
11324,0.065,0,False
11329,0.065,0,False
1133,0.065,11,False
11331,0.065,0,False
11335,0.065,0,False
1134,0.065,9,False
11344,0.065,0,False
11358,0.065,0,False
11363,0.065,0,False
11373,0.065,7,True
11374,0.065,0,False
11377,0.065,0,False
11383,0.065,0,False
1139,0.065,5,False
11390,0.065,0,False
11392,0.065,0,False
11393,0.065,0,False
114,0.065,5,False
1140,0.065,6,False
11400,0.065,0,False
11404,0.065,0,False
11410,0.065,0,False
11421,0.065,0,False
11424,0.065,0,False
11425,0.065,0,False
11431,0.065,11,False
11436,0.065,0,False
11438,0.065,14,False
11439,0.065,0,False
11440,0.065,0,False
11449,0.065,15,False
11451,0.065,0,False
11453,0.065,0,False
11459,0.065,0,False
11461,0.065,15,False
11468,0.065,13,False
1147,0.065,4,False
11473,0.065,0,False
11474,0.065,0,False
11479,0.065,0,False
11480,0.065,0,False
11481,0.065,0,False
11482,0.065,14,False
11485,0.065,0,False
11487,0.065,0,False
11490,0.065,15,False
11493,0.065,0,False
115,0.065,5,False
11518,0.065,0,False
11526,0.065,0,False
11534,0.065,0,False
11540,0.065,0,False
11542,0.065,12,False
11543,0.065,11,False
11544,0.065,14,False
11545,0.065,0,False
11548,0.065,0,False
1155,0.065,10,False
11550,0.065,0,False
11552,0.065,0,False
11556,0.065,0,False
11558,0.065,12,False
11561,0.065,0,False
11563,0.065,13,False
11564,0.065,0,False
11569,0.065,12,False
11570,0.065,0,False
11574,0.065,11,False
11576,0.065,15,False
11577,0.065,0,False
11578,0.065,0,False
11581,0.065,0,False
11582,0.065,0,False
11587,0.065,15,False
11594,0.065,14,False
11598,0.065,0,False
116,0.065,5,False
11600,0.065,0,False
11603,0.065,15,False
11605,0.065,0,False
1161,0.065,5,False
11614,0.065,0,False
11616,0.065,0,False
11619,0.065,0,False
1162,0.065,5,False
11623,0.065,0,False
11628,0.065,0,False
1163,0.065,11,False
11634,0.065,0,False
11635,0.065,0,False
11636,0.065,0,False
1164,0.065,6,False
11641,0.065,0,False
1165,0.065,8,False
11650,0.065,0,False
11651,0.065,0,False
1166,0.065,0,False
11667,0.065,0,False
11685,0.065,0,False
11686,0.065,0,False
1169,0.065,7,False
11692,0.065,14,False
11693,0.065,0,False
117,0.065,5,False
1170,0.065,0,False
11706,0.065,15,False
11716,0.065,0,False
1172,0.065,9,False
11720,0.065,0,False
11729,0.065,0,False
11737,0.065,14,False
11744,0.065,0,False
11745,0.065,0,False
11747,0.065,15,False
1175,0.065,14,False
11750,0.065,0,False
11758,0.065,0,False
11759,0.065,14,False
11766,0.065,14,False
11772,0.065,0,False
11774,0.065,0,False
11780,0.065,0,False
11786,0.065,15,False
1179,0.065,6,False
118,0.065,5,False
1180,0.065,8,False
11801,0.065,0,False
11807,0.065,0,False
11810,0.065,15,False
11811,0.065,0,False
1182,0.065,0,False
1183,0.065,5,False
11833,0.065,0,False
11834,0.065,11,False
1184,0.065,6,False
11841,0.065,0,False
11845,0.065,0,False
11847,0.065,0,False
11849,0.065,0,False
11850,0.065,0,False
11852,0.065,14,False
11856,0.065,0,False
11858,0.065,0,False
11859,0.065,11,False
1186,0.065,5,False
11862,0.065,0,False
11863,0.065,0,False
11865,0.065,0,False
11867,0.065,14,False
11868,0.065,14,False
1187,0.065,6,False
11871,0.065,11,False
11872,0.065,13,False
11875,0.065,0,False
11877,0.065,0,False
11879,0.065,13,False
1188,0.065,8,False
11883,0.065,0,False
11884,0.065,15,False
11888,0.065,15,False
11891,0.065,0,False
11892,0.065,0,False
11897,0.065,0,False
119,0.065,4,False
11900,0.065,0,False
11905,0.065,0,False
11907,0.065,0,False
1191,0.065,7,False
11912,0.065,0,False
11914,0.065,0,False
11916,0.065,0,False
1192,0.065,6,False
11920,0.065,0,False
11925,0.065,15,False
11927,0.065,0,False
1193,0.065,6,False
11938,0.065,0,False
1194,0.065,4,False
11944,0.065,0,False
11945,0.065,15,False
1195,0.065,5,False
11953,0.065,0,False
11956,0.065,0,False
11958,0.065,14,False
11959,0.065,0,False
1196,0.065,5,False
11965,0.065,0,False
11969,0.065,0,False
11976,0.065,0,False
1198,0.065,7,False
11984,0.065,12,False
11985,0.065,7,True
1199,0.065,0,False
11990,0.065,10,False
11991,0.065,0,False
11995,0.065,10,False
11996,0.065,0,False
11999,0.065,0,False
12,0.065,13,False
12003,0.065,0,False
12004,0.065,0,False
12005,0.065,0,False
12008,0.065,0,False
12016,0.065,12,False
12018,0.065,0,False
1202,0.065,8,False
12021,0.065,13,False
12022,0.065,0,False
1203,0.065,10,False
12030,0.065,0,False
12032,0.065,0,False
12033,0.065,0,False
12037,0.065,0,False
12038,0.065,0,False
12039,0.065,0,False
1204,0.065,5,False
12040,0.065,13,False
12042,0.065,0,False
12043,0.065,14,False
12044,0.065,15,False
12046,0.065,0,False
12047,0.065,0,False
12054,0.065,12,False
12055,0.065,14,False
12057,0.065,0,False
12061,0.065,0,False
12062,0.065,0,False
12066,0.065,0,False
12067,0.065,0,False
12068,0.065,0,False
12069,0.065,0,False
12070,0.065,0,False
12073,0.065,0,False
1208,0.065,7,False
12083,0.065,15,False
12088,0.065,15,False
12090,0.065,14,False
12096,0.065,0,False
121,0.065,5,False
12100,0.065,0,False
12101,0.065,0,False
1211,0.065,10,False
12114,0.065,0,False
12116,0.065,0,False
12118,0.065,15,False
12128,0.065,9,False
12132,0.065,0,False
12138,0.065,0,False
12139,0.065,0,False
1214,0.065,5,False
12143,0.065,0,False
1215,0.065,5,False
12150,0.065,0,False
12151,0.065,0,False
12155,0.065,0,False
12157,0.065,0,False
12158,0.065,0,False
12160,0.065,0,False
12164,0.065,14,False
12167,0.065,12,False
12168,0.065,0,False
12171,0.065,0,False
12173,0.065,12,False
12178,0.065,0,False
12182,0.065,0,False
12183,0.065,0,False
12184,0.065,15,False
12185,0.065,0,False
12186,0.065,0,False
12187,0.065,12,False
12188,0.065,14,False
12189,0.065,15,False
1219,0.065,13,False
12192,0.065,0,False
12196,0.065,15,False
12198,0.065,0,False
122,0.065,5,False
12200,0.065,0,False
12201,0.065,0,False
12205,0.065,0,False
12207,0.065,0,False
12209,0.065,0,False
1221,0.065,4,False
12214,0.065,0,False
12215,0.065,0,False
12229,0.065,0,False
1223,0.065,7,False
1224,0.065,6,False
1225,0.065,12,False
12253,0.065,0,False
12254,0.065,15,False
12256,0.065,0,False
12262,0.065,0,False
12266,0.065,0,False
12267,0.065,0,False
1227,0.065,5,False
12275,0.065,0,False
12283,0.065,0,False
12285,0.065,10,False
12286,0.065,0,False
1229,0.065,8,False
12290,0.065,0,False
12292,0.065,0,False
12293,0.065,0,False
12294,0.065,0,False
12296,0.065,0,False
12297,0.065,0,False
12302,0.065,0,False
12303,0.065,0,False
12304,0.065,14,False
12308,0.065,0,False
12312,0.065,0,False
12315,0.065,0,False
12316,0.065,0,False
12317,0.065,0,False
1232,0.065,11,False
12321,0.065,0,False
12324,0.065,0,False
12326,0.065,15,False
12327,0.065,15,False
12328,0.065,0,False
1234,0.065,7,False
12341,0.065,0,False
12343,0.065,0,False
12344,0.065,0,False
12345,0.065,0,False
1235,0.065,0,False
12351,0.065,0,False
12352,0.065,0,False
12354,0.065,0,False
12355,0.065,0,False
12356,0.065,12,False
12358,0.065,0,False
12359,0.065,0,False
12362,0.065,0,False
12365,0.065,0,False
1238,0.065,6,False
1239,0.065,11,False
1240,0.065,8,False
1242,0.065,7,False
12428,0.065,0,False
12429,0.065,0,False
1243,0.065,8,False
12433,0.065,0,False
12434,0.065,0,False
12435,0.065,0,False
12436,0.065,0,False
12437,0.065,0,False
12440,0.065,0,False
12445,0.065,0,False
12446,0.065,0,False
12448,0.065,0,False
1245,0.065,8,False
12452,0.065,15,False
12454,0.065,0,False
12455,0.065,0,False
12462,0.065,0,False
12463,0.065,0,False
12466,0.065,0,False
12469,0.065,8,False
1247,0.065,6,False
12470,0.065,15,False
12475,0.065,0,False
1248,0.065,11,False
12484,0.065,0,False
12485,0.065,0,False
1249,0.065,5,False
12490,0.065,12,False
12491,0.065,0,False
12492,0.065,0,False
12493,0.065,0,False
125,0.065,5,False
12502,0.065,15,False
1251,0.065,6,False
12510,0.065,0,False
12516,0.065,0,False
12517,0.065,0,False
12520,0.065,0,False
12521,0.065,14,False
12527,0.065,0,False
12532,0.065,0,False
12535,0.065,0,False
12542,0.065,15,False
12547,0.065,15,False
12548,0.065,15,False
12549,0.065,0,False
12553,0.065,0,False
12554,0.065,0,False
1256,0.065,11,False
12560,0.065,0,False
12561,0.065,10,False
12567,0.065,15,False
1257,0.065,8,False
12570,0.065,14,False
12575,0.065,0,False
12577,0.065,0,False
12579,0.065,0,False
12581,0.065,0,False
12584,0.065,13,False
12585,0.065,15,False
12586,0.065,0,False
12588,0.065,0,False
12589,0.065,0,False
1259,0.065,7,False
12594,0.065,12,False
126,0.065,5,False
12600,0.065,0,False
12605,0.065,0,False
12612,0.065,12,False
12613,0.065,15,False
12614,0.065,0,False
12626,0.065,0,False
12627,0.065,0,False
12628,0.065,9,False
1263,0.065,6,False
12634,0.065,11,False
1264,0.065,7,False
12648,0.065,0,False
12649,0.065,0,False
12653,0.065,0,False
12658,0.065,0,False
1266,0.065,6,False
12660,0.065,14,False
12661,0.065,0,False
12663,0.065,0,False
12664,0.065,0,False
12669,0.065,0,False
12674,0.065,0,False
12682,0.065,12,False
12686,0.065,0,False
12689,0.065,12,False
12693,0.065,0,False
127,0.065,5,False
1270,0.065,5,False
12702,0.065,0,False
12704,0.065,0,False
12705,0.065,0,False
12710,0.065,13,False
12713,0.065,0,False
12717,0.065,0,False
12718,0.065,15,False
12720,0.065,11,False
12722,0.065,0,False
12726,0.065,0,False
12728,0.065,0,False
12729,0.065,0,False
1273,0.065,6,False
12730,0.065,0,False
12738,0.065,0,False
1274,0.065,7,False
12741,0.065,0,False
12742,0.065,0,False
12743,0.065,0,False
12744,0.065,0,False
12745,0.065,0,False
12746,0.065,15,False
12748,0.065,0,False
12750,0.065,15,False
12751,0.065,12,False
12752,0.065,0,False
12754,0.065,0,False
12757,0.065,0,False
1276,0.065,6,False
12760,0.065,15,False
12761,0.065,15,False
12762,0.065,0,False
12763,0.065,15,False
12767,0.065,0,False
12768,0.065,0,False
12772,0.065,0,False
12774,0.065,0,False
12777,0.065,0,False
12780,0.065,14,False
12781,0.065,0,False
12786,0.065,0,False
1279,0.065,6,False
12792,0.065,9,False
128,0.065,7,False
1280,0.065,6,False
12801,0.065,0,False
12804,0.065,0,False
12808,0.065,0,False
12809,0.065,0,False
1281,0.065,12,False
12811,0.065,0,False
12812,0.065,14,False
12815,0.065,0,False
12835,0.065,0,False
12839,0.065,0,False
1284,0.065,0,False
12840,0.065,10,False
12843,0.065,11,False
12848,0.065,0,False
12851,0.065,0,False
12853,0.065,0,False
12860,0.065,0,False
12862,0.065,0,False
12865,0.065,12,False
12868,0.065,0,False
12869,0.065,0,False
12871,0.065,0,False
12872,0.065,0,False
12874,0.065,13,False
12878,0.065,0,False
12880,0.065,0,False
12881,0.065,0,False
12882,0.065,14,False
12889,0.065,0,False
1289,0.065,5,False
12893,0.065,0,False
12899,0.065,9,False
1290,0.065,6,False
12900,0.065,0,False
12906,0.065,0,False
12907,0.065,13,False
12909,0.065,0,False
12912,0.065,0,False
12917,0.065,12,False
1292,0.065,8,False
12924,0.065,14,False
12925,0.065,0,False
12928,0.065,0,False
12936,0.065,0,False
1294,0.065,6,False
12940,0.065,11,False
12942,0.065,0,False
12947,0.065,0,False
1295,0.065,6,False
12953,0.065,0,False
12965,0.065,0,False
1297,0.065,8,False
12975,0.065,0,False
12976,0.065,0,False
12978,0.065,0,False
12982,0.065,0,False
12984,0.065,9,False
12987,0.065,0,False
12992,0.065,10,False
13,0.065,13,False
130,0.065,4,False
13003,0.065,0,False
13004,0.065,0,False
13007,0.065,0,False
1301,0.065,3,False
13012,0.065,0,False
13025,0.065,0,False
13039,0.065,0,False
13041,0.065,0,False
13043,0.065,0,False
13044,0.065,9,False
13045,0.065,9,False
13048,0.065,0,False
1305,0.065,9,False
13050,0.065,0,False
1306,0.065,6,False
13064,0.065,0,False
13066,0.065,0,False
13068,0.065,0,False
1307,0.065,8,False
13070,0.065,0,False
13075,0.065,15,False
13076,0.065,0,False
13080,0.065,0,False
13082,0.065,0,False
13085,0.065,14,False
13087,0.065,0,False
13092,0.065,0,False
13098,0.065,0,False
13099,0.065,0,False
131,0.065,4,False
1310,0.065,8,False
13118,0.065,0,False
13119,0.065,0,False
13120,0.065,0,False
13121,0.065,0,False
13148,0.065,0,False
13163,0.065,0,False
13170,0.065,0,False
13172,0.065,0,False
13187,0.065,14,False
13189,0.065,0,False
1319,0.065,5,False
13190,0.065,15,False
13192,0.065,11,False
13193,0.065,14,False
13195,0.065,0,False
13208,0.065,0,False
13210,0.065,0,False
13214,0.065,0,False
13221,0.065,0,False
13227,0.065,13,False
13230,0.065,13,False
13231,0.065,0,False
13233,0.065,0,False
13235,0.065,0,False
13249,0.065,0,False
1325,0.065,5,False
13279,0.065,0,False
1329,0.065,4,False
13298,0.065,0,False
1330,0.065,4,False
13310,0.065,0,False
13324,0.065,0,False
13330,0.065,0,False
13335,0.065,0,False
13342,0.065,0,False
1336,0.065,10,False
13370,0.065,0,False
13385,0.065,0,False
1339,0.065,10,False
13402,0.065,0,False
1342,0.065,10,False
13420,0.065,0,False
1343,0.065,5,False
13435,0.065,0,False
13438,0.065,0,False
13439,0.065,0,False
13451,0.065,0,False
13461,0.065,0,False
13464,0.065,0,False
13477,0.065,0,False
1351,0.065,5,False
1354,0.065,9,False
1355,0.065,9,False
1357,0.065,5,False
1358,0.065,8,False
1361,0.065,8,False
1362,0.065,10,False
1363,0.065,5,False
1364,0.065,6,False
1367,0.065,7,False
1368,0.065,8,False
1372,0.065,9,False
1373,0.065,4,False
1376,0.065,8,False
1380,0.065,10,False
1393,0.065,4,False
1394,0.065,6,False
1395,0.065,6,False
1405,0.065,11,False
1407,0.065,8,False
1408,0.065,11,False
1411,0.065,14,False
1412,0.065,7,False
1413,0.065,9,False
1419,0.065,8,False
142,0.065,4,False
1423,0.065,5,False
1428,0.065,7,False
1430,0.065,11,False
1433,0.065,12,False
1434,0.065,6,False
1435,0.065,8,False
1438,0.065,13,False
1439,0.065,5,False
1440,0.065,7,False
1443,0.065,7,False
1444,0.065,14,False
1446,0.065,7,False
1450,0.065,0,False
1451,0.065,7,False
1454,0.065,7,False
1456,0.065,5,False
1457,0.065,8,False
1459,0.065,9,False
146,0.065,5,False
1462,0.065,10,False
1464,0.065,0,False
1465,0.065,7,False
1466,0.065,5,False
1473,0.065,10,False
1474,0.065,8,False
1478,0.065,6,False
1482,0.065,10,False
1483,0.065,12,False
1484,0.065,6,False
1486,0.065,4,False
1487,0.065,14,False
1489,0.065,7,False
149,0.065,4,False
1492,0.065,12,False
1497,0.065,6,False
1503,0.065,7,False
1504,0.065,6,False
1506,0.065,9,False
1507,0.065,4,False
151,0.065,4,False
1511,0.065,9,False
1512,0.065,11,False
1513,0.065,6,False
1514,0.065,11,False
1515,0.065,7,False
1518,0.065,0,False
1520,0.065,5,False
1521,0.065,7,False
1522,0.065,5,False
1524,0.065,9,False
1527,0.065,8,False
1528,0.065,0,False
1529,0.065,6,False
1531,0.065,4,False
1533,0.065,0,False
1534,0.065,11,False
1535,0.065,8,False
1536,0.065,6,False
154,0.065,5,False
1540,0.065,7,False
1542,0.065,11,False
1545,0.065,7,False
1546,0.065,9,False
1547,0.065,11,False
155,0.065,5,False
1550,0.065,6,False
1552,0.065,5,False
1553,0.065,7,False
1554,0.065,8,False
1559,0.065,9,False
156,0.065,5,False
1561,0.065,5,False
1563,0.065,7,False
1565,0.065,6,False
1567,0.065,7,False
1569,0.065,14,False
157,0.065,6,False
1571,0.065,11,False
1573,0.065,9,False
1576,0.065,7,False
1578,0.065,9,False
158,0.065,4,False
1580,0.065,6,False
1583,0.065,6,False
1587,0.065,6,False
1588,0.065,8,False
1589,0.065,7,False
159,0.065,5,False
1590,0.065,6,False
1591,0.065,5,False
1593,0.065,7,False
1595,0.065,8,False
1596,0.065,7,False
1597,0.065,9,False
160,0.065,8,False
1603,0.065,8,False
1608,0.065,6,False
1609,0.065,10,False
161,0.065,5,False
1611,0.065,14,False
1612,0.065,6,False
1615,0.065,9,False
1617,0.065,6,False
162,0.065,8,False
1621,0.065,7,False
1625,0.065,5,False
1626,0.065,7,False
1627,0.065,9,False
1629,0.065,7,False
163,0.065,5,False
1631,0.065,6,False
1634,0.065,9,False
1638,0.065,9,False
1639,0.065,6,False
164,0.065,8,False
1640,0.065,6,False
1645,0.065,8,False
1648,0.065,13,False
1649,0.065,6,False
1650,0.065,8,False
1652,0.065,10,False
1653,0.065,9,False
1660,0.065,5,False
1664,0.065,9,False
1665,0.065,5,False
1666,0.065,6,False
1667,0.065,5,False
167,0.065,6,False
1673,0.065,8,False
1674,0.065,0,False
1676,0.065,6,False
1678,0.065,0,False
1682,0.065,6,False
1683,0.065,6,False
1685,0.065,6,False
1698,0.065,7,False
1699,0.065,5,False
17,0.065,9,False
170,0.065,1,False
1700,0.065,10,False
1701,0.065,4,False
1702,0.065,7,False
1704,0.065,6,False
1708,0.065,6,False
1709,0.065,7,False
171,0.065,4,False
1715,0.065,6,False
1716,0.065,6,False
1717,0.065,8,False
172,0.065,3,False
1720,0.065,7,False
1722,0.065,5,False
1724,0.065,8,False
1725,0.065,5,False
1726,0.065,6,False
1729,0.065,10,False
1733,0.065,8,False
1734,0.065,6,False
1736,0.065,10,False
1738,0.065,8,False
1741,0.065,10,False
1742,0.065,6,False
1744,0.065,10,False
1745,0.065,8,False
1746,0.065,10,False
1747,0.065,15,False
175,0.065,4,False
1750,0.065,9,False
1753,0.065,6,False
1756,0.065,7,False
1757,0.065,5,False
176,0.065,5,False
1765,0.065,6,False
1767,0.065,6,False
1769,0.065,6,False
1771,0.065,7,False
1772,0.065,11,False
1774,0.065,10,False
1776,0.065,11,False
1777,0.065,7,False
1778,0.065,11,False
178,0.065,4,False
1780,0.065,5,False
1782,0.065,6,False
1786,0.065,11,False
1789,0.065,6,False
179,0.065,3,False
1791,0.065,9,False
1792,0.065,8,False
1793,0.065,11,False
1794,0.065,7,False
1797,0.065,10,False
1798,0.065,4,False
18,0.065,7,False
1800,0.065,1,False
1802,0.065,10,False
1804,0.065,8,False
1805,0.065,6,False
1806,0.065,5,False
1807,0.065,5,False
1808,0.065,5,False
181,0.065,4,False
1810,0.065,5,False
1812,0.065,11,False
1814,0.065,5,False
1816,0.065,9,False
1818,0.065,5,False
1819,0.065,7,False
1820,0.065,6,False
1821,0.065,4,False
1822,0.065,6,False
1824,0.065,5,False
1825,0.065,11,False
1826,0.065,7,False
1827,0.065,7,False
1828,0.065,8,False
1829,0.065,6,False
183,0.065,5,False
1830,0.065,5,False
1831,0.065,6,False
1832,0.065,6,False
1833,0.065,5,False
1834,0.065,6,False
1835,0.065,7,False
1836,0.065,6,False
1837,0.065,8,False
1838,0.065,6,False
1839,0.065,7,False
1840,0.065,7,False
1841,0.065,11,False
1842,0.065,7,False
1844,0.065,8,False
1845,0.065,5,False
1846,0.065,6,False
1848,0.065,6,False
185,0.065,5,False
1851,0.065,5,False
1856,0.065,4,False
1858,0.065,9,False
1867,0.065,10,False
187,0.065,3,False
1873,0.065,5,False
1876,0.065,5,False
1878,0.065,5,False
188,0.065,3,False
1881,0.065,6,False
1882,0.065,6,False
1888,0.065,8,False
1889,0.065,6,False
189,0.065,3,False
19,0.065,7,False
190,0.065,5,False
1900,0.065,7,False
1901,0.065,8,False
1902,0.065,8,False
1903,0.065,9,False
1905,0.065,4,False
1907,0.065,4,False
1908,0.065,10,False
1909,0.065,7,False
1910,0.065,10,False
1911,0.065,9,False
1913,0.065,5,False
1914,0.065,10,False
1915,0.065,9,False
1916,0.065,9,False
1917,0.065,7,False
1918,0.065,6,False
1919,0.065,6,False
1923,0.065,6,False
1924,0.065,6,False
1925,0.065,7,False
1926,0.065,5,False
1928,0.065,7,False
1932,0.065,3,False
1936,0.065,8,False
1937,0.065,9,False
1938,0.065,9,False
194,0.065,8,False
1941,0.065,6,False
1945,0.065,7,False
1946,0.065,9,False
1947,0.065,7,False
1948,0.065,9,False
195,0.065,5,False
1950,0.065,10,False
1951,0.065,5,False
1952,0.065,9,False
1953,0.065,9,False
1954,0.065,5,False
1955,0.065,8,False
1956,0.065,9,False
1957,0.065,9,False
1958,0.065,7,False
1966,0.065,8,False
1967,0.065,7,False
1968,0.065,5,False
1969,0.065,8,False
1970,0.065,7,False
1973,0.065,7,False
1975,0.065,8,False
1976,0.065,8,False
1980,0.065,8,False
1982,0.065,8,False
1984,0.065,5,False
1986,0.065,9,False
1989,0.065,3,False
199,0.065,2,False
1992,0.065,7,False
1993,0.065,10,False
1994,0.065,10,False
1995,0.065,6,False
1996,0.065,10,False
20,0.065,6,False
2000,0.065,10,False
2002,0.065,10,False
2003,0.065,11,False
2004,0.065,5,False
2006,0.065,11,False
2007,0.065,10,False
2008,0.065,6,False
2011,0.065,10,False
2012,0.065,10,False
2013,0.065,10,False
2014,0.065,6,False
2015,0.065,10,False
2018,0.065,7,False
2023,0.065,11,False
2024,0.065,14,False
2025,0.065,7,False
2026,0.065,7,False
2027,0.065,13,False
2028,0.065,11,False
2029,0.065,13,False
203,0.065,6,False
2030,0.065,11,False
2031,0.065,10,False
2032,0.065,9,False
2033,0.065,13,False
2034,0.065,13,False
2035,0.065,7,False
2037,0.065,10,False
2038,0.065,13,False
2043,0.065,9,False
2044,0.065,9,False
2045,0.065,13,False
2046,0.065,13,False
2047,0.065,13,False
2049,0.065,7,False
2050,0.065,12,False
2051,0.065,12,False
2052,0.065,7,False
2056,0.065,13,False
2058,0.065,14,False
2059,0.065,13,False
2060,0.065,14,False
2061,0.065,7,False
2063,0.065,13,False
2069,0.065,13,False
2070,0.065,13,False
2071,0.065,13,False
2072,0.065,13,False
2074,0.065,13,False
2076,0.065,12,False
2077,0.065,13,False
2078,0.065,8,False
2079,0.065,7,False
2080,0.065,7,False
2081,0.065,7,False
2082,0.065,7,False
2083,0.065,8,False
2084,0.065,7,False
2085,0.065,7,False
2086,0.065,9,False
2087,0.065,7,False
2088,0.065,6,False
2089,0.065,13,False
2090,0.065,13,False
2091,0.065,9,False
2092,0.065,9,False
2093,0.065,12,False
2094,0.065,9,False
2095,0.065,12,False
2096,0.065,8,False
2098,0.065,11,False
2099,0.065,9,False
21,0.065,9,False
210,0.065,14,False
2102,0.065,13,False
2103,0.065,12,False
2106,0.065,5,False
2108,0.065,12,False
211,0.065,7,False
2110,0.065,5,False
2112,0.065,12,False
2113,0.065,6,False
2114,0.065,6,False
2115,0.065,2,False
2119,0.065,9,False
212,0.065,14,False
2121,0.065,13,False
2122,0.065,7,False
2123,0.065,8,False
2125,0.065,6,False
2126,0.065,6,False
2128,0.065,9,False
213,0.065,13,False
2130,0.065,6,False
2131,0.065,7,False
2132,0.065,5,False
2133,0.065,6,False
2134,0.065,4,False
2136,0.065,8,False
2137,0.065,6,False
2138,0.065,10,False
2139,0.065,5,False
214,0.065,13,False
2140,0.065,3,False
2141,0.065,10,False
2142,0.065,8,False
2144,0.065,8,False
2146,0.065,4,False
2147,0.065,6,False
2148,0.065,10,False
2149,0.065,9,False
2150,0.065,9,False
2151,0.065,8,False
2152,0.065,4,False
2154,0.065,6,False
2155,0.065,6,False
2157,0.065,6,False
2158,0.065,13,False
2159,0.065,6,False
216,0.065,13,False
2160,0.065,10,False
2161,0.065,8,False
2163,0.065,10,False
2164,0.065,4,False
2165,0.065,7,False
2167,0.065,4,False
2169,0.065,5,False
217,0.065,13,False
2170,0.065,7,False
2172,0.065,7,False
2173,0.065,5,False
2175,0.065,13,False
2176,0.065,6,False
2177,0.065,8,False
2181,0.065,8,False
2182,0.065,5,False
2184,0.065,6,False
2185,0.065,6,False
2187,0.065,9,False
219,0.065,13,False
2190,0.065,14,False
2191,0.065,8,False
2194,0.065,10,False
2195,0.065,6,False
2196,0.065,4,False
2199,0.065,8,False
220,0.065,13,False
2200,0.065,7,False
2201,0.065,9,False
2202,0.065,10,False
2204,0.065,6,False
2205,0.065,7,False
2206,0.065,7,False
2207,0.065,10,False
2208,0.065,7,False
221,0.065,13,False
2210,0.065,9,False
2211,0.065,6,False
2212,0.065,9,False
2213,0.065,5,False
2215,0.065,10,False
2218,0.065,9,False
222,0.065,13,False
2220,0.065,6,False
2221,0.065,10,False
2222,0.065,8,False
2223,0.065,6,False
2224,0.065,6,False
2225,0.065,8,False
2226,0.065,9,False
2228,0.065,4,False
2229,0.065,13,False
223,0.065,13,False
2230,0.065,6,False
2231,0.065,8,False
2232,0.065,7,False
2234,0.065,10,False
2237,0.065,5,False
224,0.065,9,False
2240,0.065,6,False
2241,0.065,8,False
2243,0.065,10,False
2244,0.065,13,False
2246,0.065,8,False
2247,0.065,6,False
2248,0.065,12,False
2249,0.065,7,False
225,0.065,13,False
2250,0.065,10,False
2252,0.065,12,False
2253,0.065,8,False
2255,0.065,14,False
2256,0.065,8,False
2257,0.065,6,False
2260,0.065,6,False
2261,0.065,5,False
2265,0.065,13,False
2266,0.065,11,False
2268,0.065,8,False
2270,0.065,10,False
2271,0.065,7,False
2274,0.065,13,False
2275,0.065,6,False
2279,0.065,12,False
228,0.065,7,False
2281,0.065,10,False
2282,0.065,11,False
2283,0.065,13,False
2288,0.065,10,False
229,0.065,9,False
2291,0.065,7,False
2292,0.065,7,False
2294,0.065,8,False
2298,0.065,7,False
23,0.065,13,False
2302,0.065,12,False
2303,0.065,7,False
2305,0.065,8,False
2307,0.065,9,False
2309,0.065,8,False
231,0.065,13,False
2311,0.065,10,False
2312,0.065,12,False
2313,0.065,10,False
2314,0.065,10,False
2315,0.065,10,False
2316,0.065,9,False
2318,0.065,4,False
2319,0.065,9,False
232,0.065,5,False
2321,0.065,8,False
2323,0.065,12,False
2327,0.065,9,False
2329,0.065,12,False
233,0.065,12,False
2331,0.065,11,False
2333,0.065,7,False
2334,0.065,4,False
2336,0.065,13,False
2337,0.065,4,False
2341,0.065,6,False
2344,0.065,10,False
2346,0.065,8,False
2349,0.065,10,False
235,0.065,11,False
2350,0.065,8,False
2352,0.065,8,False
2353,0.065,5,False
2354,0.065,7,False
2357,0.065,13,False
2358,0.065,12,False
2360,0.065,6,False
2364,0.065,10,False
2365,0.065,4,False
2366,0.065,12,False
2367,0.065,9,False
2369,0.065,9,False
237,0.065,11,False
2370,0.065,7,False
2372,0.065,12,False
2373,0.065,6,False
2374,0.065,8,False
2375,0.065,9,False
2377,0.065,9,False
2378,0.065,8,False
2379,0.065,9,False
238,0.065,13,False
2380,0.065,8,False
2381,0.065,9,False
2382,0.065,6,False
2383,0.065,8,False
2384,0.065,10,False
2386,0.065,6,False
2387,0.065,5,False
2389,0.065,13,False
2390,0.065,9,False
2391,0.065,6,False
2392,0.065,4,False
2398,0.065,5,False
2399,0.065,7,False
24,0.065,13,False
2404,0.065,5,False
2405,0.065,6,False
2406,0.065,7,False
2407,0.065,11,False
2408,0.065,8,False
2409,0.065,6,False
2410,0.065,11,False
2414,0.065,11,False
2416,0.065,4,False
2418,0.065,11,False
2419,0.065,11,False
2420,0.065,11,False
2421,0.065,10,False
2422,0.065,6,False
2423,0.065,8,False
2424,0.065,6,False
2426,0.065,5,False
2427,0.065,5,False
2429,0.065,8,False
243,0.065,9,False
2430,0.065,8,False
2431,0.065,11,False
2432,0.065,4,False
2435,0.065,11,False
2437,0.065,5,False
2438,0.065,5,False
2439,0.065,5,False
244,0.065,9,False
2440,0.065,8,False
2441,0.065,5,False
2442,0.065,11,False
2443,0.065,3,False
2444,0.065,5,False
2445,0.065,6,False
2446,0.065,11,False
2447,0.065,5,False
2448,0.065,5,False
2449,0.065,11,False
245,0.065,10,False
2450,0.065,11,False
2451,0.065,11,False
2454,0.065,6,False
2455,0.065,5,False
2458,0.065,8,False
246,0.065,13,False
2460,0.065,7,False
2461,0.065,6,False
2463,0.065,6,False
2464,0.065,9,False
2465,0.065,7,False
2466,0.065,11,False
2467,0.065,13,False
2469,0.065,6,False
2472,0.065,5,False
2475,0.065,8,False
2476,0.065,6,False
2477,0.065,9,False
2478,0.065,11,False
2479,0.065,7,False
2480,0.065,12,False
2481,0.065,11,False
2484,0.065,5,False
2486,0.065,7,False
249,0.065,9,False
2491,0.065,6,False
2495,0.065,11,False
2496,0.065,7,False
2499,0.065,9,False
25,0.065,10,False
250,0.065,13,False
2500,0.065,7,False
2503,0.065,11,False
2504,0.065,5,False
2505,0.065,8,False
2506,0.065,4,False
2507,0.065,8,False
251,0.065,13,False
2510,0.065,13,False
2515,0.065,11,False
2518,0.065,10,False
2519,0.065,5,False
252,0.065,7,False
2522,0.065,5,False
2530,0.065,5,False
2533,0.065,4,False
2534,0.065,7,False
2535,0.065,6,False
2537,0.065,7,False
254,0.065,7,False
2541,0.065,9,False
2542,0.065,8,False
2543,0.065,6,False
2544,0.065,8,False
2545,0.065,7,False
2547,0.065,6,False
2550,0.065,8,False
2551,0.065,10,False
2552,0.065,6,False
2554,0.065,5,False
2555,0.065,8,False
2557,0.065,5,False
2559,0.065,7,False
2560,0.065,11,False
2561,0.065,5,False
2562,0.065,7,False
2566,0.065,5,False
2568,0.065,8,False
2569,0.065,9,False
257,0.065,13,False
2570,0.065,6,False
2571,0.065,5,False
2573,0.065,8,False
2574,0.065,5,False
2577,0.065,6,False
2578,0.065,12,False
258,0.065,13,False
2581,0.065,12,False
2582,0.065,8,False
2585,0.065,4,False
2588,0.065,7,False
2589,0.065,8,False
259,0.065,6,False
2590,0.065,8,False
2593,0.065,4,False
2596,0.065,6,False
2597,0.065,6,False
26,0.065,13,False
260,0.065,13,False
2600,0.065,9,False
2601,0.065,7,False
2602,0.065,6,False
2603,0.065,6,False
2606,0.065,7,False
2607,0.065,9,False
2609,0.065,6,False
261,0.065,13,False
2610,0.065,6,False
2614,0.065,6,False
2615,0.065,9,False
2616,0.065,8,False
2617,0.065,7,False
2618,0.065,6,False
2619,0.065,6,False
262,0.065,10,False
2620,0.065,10,False
2621,0.065,12,False
2622,0.065,9,False
2623,0.065,8,False
2627,0.065,10,False
2630,0.065,6,False
2631,0.065,7,False
2632,0.065,9,False
2636,0.065,8,False
2637,0.065,10,False
2638,0.065,5,False
2640,0.065,6,False
2641,0.065,8,False
2643,0.065,8,False
2647,0.065,8,False
2650,0.065,12,False
2651,0.065,7,False
2655,0.065,6,False
2656,0.065,5,False
2657,0.065,7,False
2659,0.065,6,False
266,0.065,9,False
2660,0.065,7,False
2664,0.065,6,False
2669,0.065,8,False
2670,0.065,8,False
2672,0.065,10,False
2673,0.065,6,False
2674,0.065,8,False
2675,0.065,6,False
2679,0.065,4,False
2681,0.065,8,False
2683,0.065,8,False
2684,0.065,6,False
2685,0.065,4,False
2687,0.065,12,False
2689,0.065,7,False
269,0.065,13,False
2690,0.065,10,False
2691,0.065,6,False
2694,0.065,6,False
2696,0.065,6,False
2698,0.065,5,False
27,0.065,13,False
2701,0.065,8,False
2703,0.065,4,False
2705,0.065,6,False
2706,0.065,8,False
2709,0.065,8,False
2714,0.065,10,False
2715,0.065,6,False
2718,0.065,8,False
2719,0.065,6,False
272,0.065,5,False
2722,0.065,6,False
2723,0.065,6,False
2724,0.065,3,False
2726,0.065,5,False
2727,0.065,5,False
273,0.065,5,False
2731,0.065,7,False
2732,0.065,11,False
2738,0.065,8,False
2743,0.065,8,False
2744,0.065,6,False
2749,0.065,9,False
275,0.065,14,False
2750,0.065,6,False
2752,0.065,5,False
2753,0.065,9,False
2756,0.065,7,False
2758,0.065,6,False
2759,0.065,5,False
276,0.065,9,False
2760,0.065,7,False
2762,0.065,6,False
2763,0.065,6,False
2764,0.065,4,False
2767,0.065,6,False
2769,0.065,8,False
277,0.065,12,False
2770,0.065,7,False
2772,0.065,6,False
2773,0.065,6,False
2774,0.065,5,False
2778,0.065,6,False
278,0.065,8,False
2781,0.065,6,False
2782,0.065,12,False
2784,0.065,10,False
2785,0.065,7,False
2786,0.065,9,False
2787,0.065,5,False
2790,0.065,6,False
2791,0.065,5,False
2795,0.065,5,False
2797,0.065,6,False
2799,0.065,6,False
28,0.065,7,False
2803,0.065,8,False
2805,0.065,6,False
2806,0.065,6,False
2808,0.065,6,False
2810,0.065,6,False
2811,0.065,5,False
2813,0.065,6,False
2816,0.065,10,False
2818,0.065,8,False
2819,0.065,7,False
2820,0.065,7,False
2821,0.065,8,False
2823,0.065,11,False
2826,0.065,7,False
2828,0.065,10,False
2829,0.065,9,False
283,0.065,10,False
2831,0.065,5,False
2833,0.065,5,False
2838,0.065,10,False
2839,0.065,12,False
2841,0.065,10,False
2842,0.065,6,False
2844,0.065,8,False
2848,0.065,12,False
2849,0.065,9,False
285,0.065,13,False
2854,0.065,10,False
2856,0.065,5,False
2857,0.065,6,False
286,0.065,7,False
2860,0.065,9,False
2861,0.065,9,False
2863,0.065,6,False
2865,0.065,10,False
2867,0.065,5,False
2869,0.065,11,False
2871,0.065,12,False
2875,0.065,10,False
2877,0.065,12,False
2878,0.065,8,False
288,0.065,7,False
2881,0.065,8,False
2882,0.065,11,False
2883,0.065,5,False
2884,0.065,5,False
2886,0.065,11,False
2889,0.065,12,False
289,0.065,9,False
2890,0.065,9,False
2892,0.065,12,False
2893,0.065,8,False
2898,0.065,7,False
2899,0.065,10,False
29,0.065,10,False
290,0.065,13,False
2901,0.065,4,False
2902,0.065,8,False
2906,0.065,8,False
2907,0.065,8,False
2908,0.065,7,False
291,0.065,10,False
2910,0.065,6,False
2913,0.065,7,False
2914,0.065,12,False
2915,0.065,10,False
2916,0.065,6,False
2918,0.065,6,False
2919,0.065,9,False
292,0.065,12,False
2921,0.065,7,False
2923,0.065,8,False
2925,0.065,10,False
2926,0.065,6,False
2928,0.065,6,False
2929,0.065,6,False
293,0.065,13,False
2930,0.065,7,False
2932,0.065,13,False
2935,0.065,6,False
2936,0.065,9,False
2938,0.065,7,False
294,0.065,13,False
2940,0.065,12,False
2941,0.065,8,False
2942,0.065,7,False
2944,0.065,12,False
2945,0.065,6,False
2946,0.065,12,False
2947,0.065,8,False
2948,0.065,8,False
295,0.065,13,False
2950,0.065,8,False
2954,0.065,7,False
2955,0.065,8,False
2962,0.065,4,False
2963,0.065,8,False
2964,0.065,6,False
2965,0.065,9,False
2967,0.065,7,False
2968,0.065,5,False
2971,0.065,4,False
2972,0.065,6,False
2975,0.065,10,False
2977,0.065,10,False
2979,0.065,9,False
2980,0.065,9,False
2986,0.065,13,False
2987,0.065,7,False
2993,0.065,8,False
2995,0.065,6,False
2998,0.065,11,False
30,0.065,13,False
300,0.065,7,False
3000,0.065,12,False
3002,0.065,9,False
3005,0.065,12,False
3006,0.065,12,False
301,0.065,13,False
3011,0.065,6,False
3012,0.065,5,False
3015,0.065,12,False
3016,0.065,12,False
3017,0.065,12,False
302,0.065,13,False
3026,0.065,11,False
303,0.065,13,False
3037,0.065,9,False
3039,0.065,7,False
304,0.065,8,False
3042,0.065,7,False
3043,0.065,9,False
3044,0.065,12,False
3046,0.065,7,False
3047,0.065,7,False
305,0.065,6,False
3052,0.065,12,False
3055,0.065,0,False
3057,0.065,9,False
3058,0.065,12,False
306,0.065,13,False
3066,0.065,7,False
3068,0.065,9,False
3071,0.065,9,False
3087,0.065,12,False
309,0.065,7,False
3090,0.065,9,False
3092,0.065,12,False
3098,0.065,8,False
3099,0.065,9,False
3101,0.065,9,False
3104,0.065,7,False
3107,0.065,5,False
3108,0.065,14,False
3109,0.065,9,False
311,0.065,13,False
3112,0.065,9,False
3114,0.065,12,False
3117,0.065,9,False
3118,0.065,9,False
3123,0.065,9,False
3125,0.065,5,False
3128,0.065,14,False
313,0.065,7,False
3130,0.065,11,False
3132,0.065,8,False
3133,0.065,11,False
3135,0.065,7,False
3136,0.065,8,False
3138,0.065,7,False
314,0.065,9,False
3141,0.065,5,False
3143,0.065,8,False
3145,0.065,14,False
3146,0.065,8,False
3147,0.065,8,False
3149,0.065,9,False
3151,0.065,8,False
3152,0.065,6,False
3153,0.065,0,False
3155,0.065,4,False
3156,0.065,6,False
3157,0.065,6,False
3158,0.065,10,False
3159,0.065,6,False
316,0.065,7,False
3161,0.065,9,False
3164,0.065,4,False
3166,0.065,5,False
3167,0.065,12,False
3169,0.065,5,False
3172,0.065,15,False
3173,0.065,7,False
3175,0.065,7,False
3176,0.065,8,False
3177,0.065,8,False
3178,0.065,9,False
3181,0.065,6,False
3182,0.065,6,False
3184,0.065,9,False
3186,0.065,8,False
3188,0.065,8,False
3189,0.065,7,False
319,0.065,9,False
3190,0.065,14,False
3192,0.065,9,False
3193,0.065,5,False
3195,0.065,8,False
3196,0.065,9,False
3198,0.065,10,False
32,0.065,7,False
320,0.065,7,False
3200,0.065,11,False
3201,0.065,14,False
3203,0.065,9,False
3204,0.065,12,False
3205,0.065,9,False
3207,0.065,8,False
3210,0.065,7,False
3211,0.065,10,False
3214,0.065,5,False
3215,0.065,8,False
3216,0.065,4,False
3218,0.065,5,False
3219,0.065,15,False
3221,0.065,7,False
3228,0.065,15,False
3230,0.065,8,False
3231,0.065,0,False
3233,0.065,6,False
3235,0.065,4,False
3238,0.065,5,False
3239,0.065,0,False
3242,0.065,0,False
3245,0.065,9,False
3246,0.065,0,False
3249,0.065,5,False
3250,0.065,4,False
3251,0.065,15,False
3254,0.065,5,False
3256,0.065,12,False
3257,0.065,9,False
3258,0.065,4,False
326,0.065,7,False
3260,0.065,15,False
3262,0.065,5,False
3263,0.065,5,False
3266,0.065,6,False
3267,0.065,9,False
3268,0.065,14,False
3274,0.065,6,False
3275,0.065,9,False
3276,0.065,8,False
3279,0.065,4,False
3282,0.065,9,False
3285,0.065,6,False
3288,0.065,0,False
329,0.065,7,False
3290,0.065,10,False
3292,0.065,4,False
3293,0.065,6,False
3295,0.065,5,False
3297,0.065,14,False
3298,0.065,2,False
3299,0.065,6,False
33,0.065,7,False
3300,0.065,4,False
3301,0.065,10,False
3303,0.065,7,False
3306,0.065,5,False
3311,0.065,5,False
3315,0.065,7,False
3316,0.065,6,False
3317,0.065,9,False
332,0.065,8,False
3321,0.065,8,False
3322,0.065,9,False
3323,0.065,14,False
3325,0.065,5,False
3328,0.065,6,False
3330,0.065,9,False
3332,0.065,14,False
3335,0.065,9,False
3336,0.065,5,False
3337,0.065,3,False
3340,0.065,3,False
3343,0.065,9,False
3344,0.065,12,False
3345,0.065,14,False
3346,0.065,9,False
3348,0.065,14,False
3349,0.065,4,False
3350,0.065,5,False
3351,0.065,9,False
3353,0.065,8,False
3354,0.065,14,False
3355,0.065,15,False
3356,0.065,10,False
3359,0.065,11,False
3360,0.065,5,False
3362,0.065,8,False
3363,0.065,6,False
3364,0.065,4,False
3367,0.065,9,False
3370,0.065,5,False
3371,0.065,5,False
3372,0.065,0,False
3373,0.065,12,False
3376,0.065,8,False
3377,0.065,9,False
3378,0.065,5,False
3381,0.065,14,False
3382,0.065,8,False
3383,0.065,8,False
3384,0.065,5,False
3386,0.065,5,False
3387,0.065,0,False
339,0.065,13,False
3391,0.065,15,False
3393,0.065,7,False
3394,0.065,7,False
3395,0.065,5,False
3397,0.065,8,False
3398,0.065,11,False
340,0.065,13,False
3400,0.065,5,False
3401,0.065,5,False
3402,0.065,4,False
3403,0.065,5,False
3405,0.065,5,False
3406,0.065,5,False
3407,0.065,12,False
341,0.065,13,False
3410,0.065,7,False
3413,0.065,10,False
3417,0.065,12,False
3419,0.065,8,False
342,0.065,13,False
3420,0.065,9,False
3421,0.065,6,False
3422,0.065,4,False
3425,0.065,5,False
3427,0.065,6,False
3428,0.065,4,False
3432,0.065,7,False
3433,0.065,14,False
3435,0.065,6,False
3437,0.065,0,False
3438,0.065,7,False
3439,0.065,11,False
344,0.065,13,False
3441,0.065,5,False
3444,0.065,9,False
3446,0.065,8,False
3447,0.065,5,False
3448,0.065,5,False
345,0.065,13,False
3450,0.065,14,False
3451,0.065,6,False
3452,0.065,1,False
3457,0.065,8,False
3458,0.065,8,False
3459,0.065,11,False
3460,0.065,8,False
3461,0.065,5,False
3462,0.065,8,False
3463,0.065,4,False
3468,0.065,7,False
3469,0.065,3,False
3470,0.065,8,False
3471,0.065,5,False
3473,0.065,5,False
3474,0.065,5,False
3475,0.065,5,False
348,0.065,9,False
3482,0.065,0,False
3484,0.065,12,False
3485,0.065,6,False
3487,0.065,0,False
3488,0.065,6,False
349,0.065,9,False
3494,0.065,6,False
3495,0.065,7,False
3498,0.065,7,False
35,0.065,9,False
350,0.065,8,False
3500,0.065,8,False
3501,0.065,8,False
3503,0.065,14,False
3506,0.065,9,False
3507,0.065,3,False
351,0.065,13,False
3511,0.065,4,False
3512,0.065,0,False
3513,0.065,4,False
3514,0.065,10,False
3516,0.065,7,False
3517,0.065,14,False
3519,0.065,8,False
352,0.065,13,False
3521,0.065,5,False
3523,0.065,1,False
3525,0.065,9,False
3527,0.065,7,False
3528,0.065,9,False
3529,0.065,5,False
353,0.065,13,False
3531,0.065,6,False
3532,0.065,8,False
3537,0.065,15,False
3538,0.065,0,False
3539,0.065,8,False
3540,0.065,8,False
3542,0.065,10,False
3543,0.065,6,False
3545,0.065,8,False
3547,0.065,7,False
3548,0.065,5,False
3549,0.065,11,False
3552,0.065,8,False
3554,0.065,15,False
3555,0.065,5,False
3556,0.065,8,False
356,0.065,13,False
3561,0.065,15,False
3562,0.065,10,False
3563,0.065,8,False
3565,0.065,5,False
3566,0.065,9,False
3567,0.065,5,False
3569,0.065,6,False
357,0.065,13,False
3572,0.065,9,False
3573,0.065,5,False
3574,0.065,8,False
3576,0.065,12,False
3579,0.065,9,False
358,0.065,13,False
3580,0.065,5,False
3581,0.065,14,False
3582,0.065,8,False
3584,0.065,4,False
3585,0.065,6,False
3586,0.065,14,False
3587,0.065,7,False
3589,0.065,6,False
359,0.065,13,False
3590,0.065,4,False
3591,0.065,7,False
3594,0.065,12,False
3596,0.065,7,False
3597,0.065,8,False
3598,0.065,8,False
36,0.065,9,False
360,0.065,13,False
3601,0.065,6,False
3603,0.065,10,False
3605,0.065,12,False
3607,0.065,8,False
3609,0.065,9,False
361,0.065,11,False
3611,0.065,8,False
3613,0.065,10,False
3615,0.065,7,False
3617,0.065,15,False
362,0.065,8,False
3620,0.065,8,False
3621,0.065,10,False
3624,0.065,4,False
3626,0.065,7,False
3628,0.065,6,False
3630,0.065,14,False
3632,0.065,14,False
3634,0.065,14,False
3637,0.065,5,False
3638,0.065,9,False
3639,0.065,5,False
364,0.065,13,False
3641,0.065,9,False
3645,0.065,8,False
3648,0.065,0,False
3649,0.065,7,False
3651,0.065,7,False
3653,0.065,12,False
3654,0.065,8,False
366,0.065,10,False
3661,0.065,10,False
3665,0.065,9,False
3666,0.065,7,False
3667,0.065,8,False
3668,0.065,7,False
3669,0.065,6,False
367,0.065,13,False
3673,0.065,9,False
3674,0.065,9,False
3676,0.065,11,False
3677,0.065,6,False
3678,0.065,6,False
368,0.065,13,False
3680,0.065,6,False
3681,0.065,8,False
3682,0.065,5,False
3683,0.065,5,False
3685,0.065,6,False
3686,0.065,0,False
3687,0.065,14,False
3689,0.065,8,False
369,0.065,13,False
3690,0.065,5,False
3691,0.065,5,False
3693,0.065,5,False
3696,0.065,6,False
3699,0.065,5,False
37,0.065,13,False
370,0.065,13,False
3700,0.065,6,False
3701,0.065,7,False
3702,0.065,4,False
3707,0.065,14,False
371,0.065,13,False
3710,0.065,6,False
3713,0.065,6,False
3715,0.065,10,False
3716,0.065,9,False
3718,0.065,8,False
3719,0.065,5,False
372,0.065,9,False
3720,0.065,9,False
3721,0.065,12,False
3722,0.065,9,False
3723,0.065,4,False
3724,0.065,14,False
3725,0.065,6,False
3727,0.065,8,False
3729,0.065,4,False
373,0.065,13,False
3731,0.065,14,False
3732,0.065,12,False
3733,0.065,8,False
3734,0.065,7,False
3736,0.065,14,False
3737,0.065,7,False
3739,0.065,14,False
3740,0.065,8,False
3742,0.065,8,False
3743,0.065,6,False
3744,0.065,6,False
3745,0.065,6,False
3746,0.065,6,False
3747,0.065,10,False
3748,0.065,5,False
375,0.065,7,False
3751,0.065,8,False
3752,0.065,0,False
3753,0.065,14,False
3754,0.065,4,False
3755,0.065,8,False
3756,0.065,8,False
3758,0.065,9,False
3759,0.065,8,False
376,0.065,9,False
3760,0.065,3,False
3761,0.065,9,False
3763,0.065,9,False
3764,0.065,8,False
3767,0.065,4,False
3768,0.065,12,False
377,0.065,10,False
3771,0.065,0,False
3772,0.065,5,False
3774,0.065,8,False
3776,0.065,9,False
3777,0.065,6,False
3778,0.065,12,False
3779,0.065,9,False
378,0.065,9,False
3780,0.065,5,False
3781,0.065,8,False
3782,0.065,7,False
3783,0.065,0,False
3785,0.065,4,False
3786,0.065,10,False
3787,0.065,5,False
3788,0.065,8,False
3789,0.065,8,False
379,0.065,6,False
3790,0.065,7,False
3791,0.065,0,False
3792,0.065,11,False
3795,0.065,7,False
3797,0.065,9,False
3798,0.065,6,False
3799,0.065,5,False
380,0.065,7,False
3801,0.065,0,False
3802,0.065,4,False
3803,0.065,6,False
3808,0.065,3,False
3809,0.065,12,False
381,0.065,6,False
3810,0.065,5,False
3812,0.065,0,False
3813,0.065,12,False
3814,0.065,9,False
3816,0.065,10,False
3819,0.065,9,False
382,0.065,7,False
3820,0.065,8,False
3821,0.065,0,False
3822,0.065,9,False
3823,0.065,14,False
3828,0.065,7,False
3829,0.065,6,False
383,0.065,7,False
3835,0.065,2,False
3836,0.065,9,False
3838,0.065,7,False
384,0.065,13,False
3840,0.065,6,False
3841,0.065,9,False
3844,0.065,7,False
3845,0.065,5,False
3847,0.065,10,False
3848,0.065,9,False
385,0.065,7,False
3851,0.065,10,False
3853,0.065,7,False
3854,0.065,8,False
3856,0.065,5,False
3857,0.065,5,False
3859,0.065,6,False
386,0.065,6,False
3862,0.065,14,False
3863,0.065,6,False
3864,0.065,8,False
387,0.065,13,False
3870,0.065,0,False
3871,0.065,5,False
3872,0.065,4,False
3873,0.065,6,False
3874,0.065,8,False
3875,0.065,8,False
3879,0.065,0,False
388,0.065,7,False
3882,0.065,6,False
3883,0.065,8,False
3884,0.065,8,False
3885,0.065,0,False
3886,0.065,14,False
3887,0.065,6,False
3888,0.065,14,False
3889,0.065,14,False
389,0.065,9,False
3890,0.065,12,False
3891,0.065,7,False
3892,0.065,4,False
3894,0.065,0,False
3895,0.065,6,False
3898,0.065,8,False
390,0.065,6,False
3901,0.065,8,False
3902,0.065,4,False
3903,0.065,8,False
3904,0.065,6,False
3905,0.065,0,False
3906,0.065,12,False
3907,0.065,11,False
391,0.065,8,False
3910,0.065,1,False
3913,0.065,14,False
3914,0.065,12,False
3915,0.065,15,False
3919,0.065,5,False
392,0.065,7,False
3921,0.065,9,False
3922,0.065,14,False
3923,0.065,7,False
3924,0.065,8,False
3925,0.065,15,False
3926,0.065,12,False
3928,0.065,12,False
3936,0.065,11,False
3937,0.065,7,False
3939,0.065,6,False
3941,0.065,13,False
3943,0.065,14,False
3946,0.065,8,False
3947,0.065,0,False
3948,0.065,12,False
395,0.065,7,False
3951,0.065,8,False
3953,0.065,13,False
3955,0.065,8,False
3956,0.065,8,False
3957,0.065,12,False
3959,0.065,5,False
396,0.065,7,False
3961,0.065,8,False
3963,0.065,15,False
3966,0.065,14,False
397,0.065,9,False
3970,0.065,5,False
3971,0.065,11,False
3972,0.065,8,False
3973,0.065,14,False
3974,0.065,8,False
3976,0.065,8,False
3979,0.065,6,False
398,0.065,11,False
3981,0.065,14,False
3986,0.065,9,False
3987,0.065,14,False
3988,0.065,7,False
3989,0.065,8,False
399,0.065,7,False
3990,0.065,14,False
3991,0.065,14,False
3992,0.065,12,False
3995,0.065,14,False
3996,0.065,12,False
3999,0.065,12,False
4,0.065,8,False
40,0.065,13,False
400,0.065,8,False
4000,0.065,8,False
4002,0.065,7,False
4003,0.065,8,False
4005,0.065,6,False
4006,0.065,4,False
4007,0.065,6,False
4008,0.065,6,False
4009,0.065,6,False
4010,0.065,7,False
4011,0.065,6,False
4012,0.065,5,False
4016,0.065,8,False
4018,0.065,7,False
4019,0.065,6,False
4021,0.065,6,False
4022,0.065,5,False
4028,0.065,7,False
4029,0.065,6,False
4030,0.065,6,False
4032,0.065,5,False
4034,0.065,8,False
4035,0.065,6,False
4036,0.065,6,False
4037,0.065,5,False
4038,0.065,4,False
404,0.065,4,False
4040,0.065,7,False
4045,0.065,8,False
4046,0.065,7,False
4048,0.065,6,False
405,0.065,3,False
4052,0.065,14,False
4057,0.065,5,False
4058,0.065,5,False
4059,0.065,6,False
4060,0.065,6,False
4061,0.065,9,False
4062,0.065,8,False
4063,0.065,5,False
4069,0.065,5,False
407,0.065,8,False
4072,0.065,5,False
4073,0.065,5,False
4074,0.065,5,False
4075,0.065,6,False
4076,0.065,6,False
4077,0.065,3,False
4080,0.065,6,False
4081,0.065,6,False
4082,0.065,4,False
4083,0.065,5,False
4084,0.065,6,False
4085,0.065,5,False
4086,0.065,5,False
4087,0.065,5,False
4088,0.065,5,False
4089,0.065,4,False
4090,0.065,4,False
4091,0.065,5,False
4092,0.065,3,False
4093,0.065,3,False
4094,0.065,6,False
4095,0.065,5,False
4096,0.065,5,False
4097,0.065,5,False
4098,0.065,5,False
4099,0.065,5,False
4100,0.065,6,False
4101,0.065,6,False
4102,0.065,6,False
4103,0.065,4,False
4104,0.065,5,False
4105,0.065,5,False
4107,0.065,3,False
4108,0.065,5,False
4109,0.065,5,False
4111,0.065,5,False
4117,0.065,7,False
4125,0.065,4,False
4126,0.065,6,False
4127,0.065,7,False
4128,0.065,7,False
4129,0.065,7,False
413,0.065,4,False
4130,0.065,7,False
4132,0.065,7,False
4133,0.065,7,False
4134,0.065,7,False
4135,0.065,7,False
4136,0.065,6,False
4137,0.065,5,False
4138,0.065,5,False
4139,0.065,7,False
4140,0.065,4,False
4141,0.065,7,False
4143,0.065,5,False
4144,0.065,7,False
4145,0.065,7,False
4146,0.065,6,False
4147,0.065,7,False
4148,0.065,7,False
4149,0.065,5,False
4151,0.065,7,False
4153,0.065,4,False
4154,0.065,7,False
4155,0.065,3,False
4156,0.065,3,False
4157,0.065,3,False
4159,0.065,1,False
4160,0.065,5,False
4161,0.065,6,False
4163,0.065,6,False
4165,0.065,5,False
4167,0.065,6,False
4173,0.065,7,False
4176,0.065,7,False
4179,0.065,7,False
418,0.065,5,False
4180,0.065,6,False
4182,0.065,5,False
4189,0.065,5,False
4190,0.065,4,False
4191,0.065,7,False
4192,0.065,6,False
4193,0.065,7,False
4195,0.065,7,False
4197,0.065,5,False
4199,0.065,7,False
42,0.065,10,False
420,0.065,5,False
4204,0.065,4,False
4205,0.065,1,False
4208,0.065,3,False
421,0.065,7,False
4218,0.065,4,False
4219,0.065,5,False
422,0.065,5,False
4225,0.065,0,False
4228,0.065,4,False
4229,0.065,8,False
423,0.065,8,False
4232,0.065,5,False
4233,0.065,4,False
4241,0.065,4,False
4242,0.065,7,False
4243,0.065,1,False
4247,0.065,4,False
4248,0.065,5,False
4250,0.065,7,False
4254,0.065,4,False
4256,0.065,6,False
4263,0.065,4,False
4266,0.065,11,False
4267,0.065,9,False
4268,0.065,5,False
427,0.065,7,False
4273,0.065,11,False
4274,0.065,5,False
4275,0.065,8,False
4276,0.065,0,False
428,0.065,4,False
4281,0.065,10,False
4283,0.065,5,False
4284,0.065,5,False
4286,0.065,9,False
4287,0.065,4,False
4288,0.065,4,False
4289,0.065,8,False
4291,0.065,5,False
4292,0.065,6,False
4294,0.065,5,False
4296,0.065,14,False
4297,0.065,4,False
4298,0.065,7,False
4299,0.065,6,False
430,0.065,5,False
4301,0.065,4,False
4304,0.065,3,False
4305,0.065,8,False
4306,0.065,4,False
4307,0.065,6,False
4309,0.065,7,False
4313,0.065,6,False
4315,0.065,7,False
4316,0.065,8,False
4317,0.065,4,False
4318,0.065,5,False
4319,0.065,7,False
4320,0.065,5,False
4323,0.065,6,False
4324,0.065,6,False
4326,0.065,6,False
4327,0.065,8,False
4329,0.065,6,False
433,0.065,3,False
4332,0.065,5,False
4333,0.065,8,False
4335,0.065,6,False
434,0.065,8,False
4341,0.065,6,False
4342,0.065,8,False
4346,0.065,5,False
4347,0.065,9,False
4349,0.065,6,False
435,0.065,7,False
4352,0.065,5,False
4353,0.065,8,False
4355,0.065,5,False
4357,0.065,5,False
4359,0.065,6,False
4360,0.065,6,False
4361,0.065,7,False
4363,0.065,6,False
4364,0.065,3,False
4367,0.065,7,False
4368,0.065,8,False
4369,0.065,3,False
437,0.065,5,False
4370,0.065,6,False
4371,0.065,6,False
4372,0.065,7,False
4373,0.065,7,False
4374,0.065,7,False
4378,0.065,7,False
438,0.065,6,False
4381,0.065,5,False
4383,0.065,5,False
4385,0.065,6,False
4386,0.065,6,False
4387,0.065,6,False
4388,0.065,7,False
4389,0.065,7,False
439,0.065,8,False
4390,0.065,9,False
4394,0.065,3,False
4397,0.065,6,False
4398,0.065,7,False
440,0.065,4,False
4404,0.065,5,False
4407,0.065,7,False
4414,0.065,11,False
4415,0.065,8,False
4416,0.065,9,False
4418,0.065,4,False
4419,0.065,11,False
4420,0.065,7,False
4421,0.065,9,False
4423,0.065,9,False
4424,0.065,11,False
4426,0.065,8,False
4427,0.065,9,False
4428,0.065,10,False
443,0.065,5,False
4432,0.065,9,False
4433,0.065,14,False
4434,0.065,3,False
4437,0.065,7,False
4438,0.065,9,False
4440,0.065,4,False
4442,0.065,6,False
4443,0.065,7,False
4444,0.065,12,False
4445,0.065,5,False
4446,0.065,3,False
4449,0.065,7,False
4451,0.065,9,False
4452,0.065,1,False
4455,0.065,7,False
4456,0.065,7,False
4457,0.065,12,False
4458,0.065,11,False
4459,0.065,7,False
4460,0.065,5,False
4462,0.065,12,False
4463,0.065,1,False
4464,0.065,7,False
447,0.065,6,False
4472,0.065,6,False
4473,0.065,6,False
4479,0.065,6,False
4480,0.065,4,False
4482,0.065,9,False
4485,0.065,11,False
4487,0.065,7,False
4488,0.065,7,False
4490,0.065,5,False
4493,0.065,9,False
4499,0.065,5,False
45,0.065,7,False
4502,0.065,7,False
4505,0.065,5,False
4507,0.065,4,False
4509,0.065,5,False
4510,0.065,5,False
4511,0.065,6,False
4512,0.065,4,False
4514,0.065,12,False
4516,0.065,5,False
4517,0.065,6,False
4518,0.065,0,False
4519,0.065,5,False
4521,0.065,5,False
4522,0.065,5,False
4523,0.065,7,False
4527,0.065,14,False
4528,0.065,9,False
4529,0.065,6,False
4532,0.065,5,False
4534,0.065,0,False
4535,0.065,7,False
4539,0.065,6,False
454,0.065,6,False
4540,0.065,6,False
4541,0.065,7,False
4542,0.065,5,False
4543,0.065,4,False
4545,0.065,10,False
4547,0.065,11,False
4548,0.065,11,False
4549,0.065,6,False
4550,0.065,11,False
4551,0.065,11,False
4556,0.065,11,False
4557,0.065,5,False
4559,0.065,11,False
4562,0.065,8,False
4564,0.065,11,False
4565,0.065,11,False
4568,0.065,11,False
457,0.065,5,False
4572,0.065,7,False
4573,0.065,7,False
4577,0.065,6,False
4579,0.065,11,False
4580,0.065,11,False
4583,0.065,11,False
4584,0.065,11,False
4585,0.065,11,False
4587,0.065,9,False
459,0.065,3,False
4591,0.065,10,False
4593,0.065,10,False
4594,0.065,11,False
4595,0.065,11,False
4599,0.065,11,False
4601,0.065,4,False
4602,0.065,11,False
4603,0.065,7,False
4607,0.065,6,False
4608,0.065,5,False
4609,0.065,6,False
461,0.065,3,False
4615,0.065,6,False
4616,0.065,4,False
4618,0.065,7,False
4619,0.065,12,False
4622,0.065,4,False
4623,0.065,7,False
4624,0.065,12,False
4625,0.065,4,False
4627,0.065,5,False
4629,0.065,12,False
463,0.065,4,False
4631,0.065,4,False
4632,0.065,6,False
4639,0.065,9,False
464,0.065,3,False
4641,0.065,5,False
4642,0.065,6,False
4646,0.065,6,False
4647,0.065,4,False
4648,0.065,4,False
4649,0.065,9,False
465,0.065,6,False
4650,0.065,9,False
4651,0.065,6,False
4652,0.065,4,False
4654,0.065,4,False
4656,0.065,9,False
4658,0.065,3,False
466,0.065,5,False
4660,0.065,7,False
4661,0.065,9,False
4662,0.065,9,False
4664,0.065,9,False
4665,0.065,5,False
4667,0.065,5,False
4669,0.065,6,False
467,0.065,5,False
4670,0.065,7,False
4674,0.065,6,False
4675,0.065,4,False
4677,0.065,7,False
4678,0.065,8,False
4679,0.065,4,False
468,0.065,4,False
4681,0.065,5,False
4682,0.065,3,False
4683,0.065,9,False
4684,0.065,12,False
4685,0.065,7,False
4687,0.065,7,False
4689,0.065,10,False
4690,0.065,6,False
4691,0.065,9,False
4693,0.065,7,False
4694,0.065,7,False
4695,0.065,12,False
4696,0.065,8,False
4697,0.065,7,False
4698,0.065,3,False
47,0.065,13,False
470,0.065,5,False
4701,0.065,4,False
4702,0.065,6,False
4704,0.065,5,False
4705,0.065,1,False
4706,0.065,9,False
4709,0.065,5,False
4710,0.065,6,False
4711,0.065,9,False
4712,0.065,7,False
4713,0.065,9,False
4714,0.065,5,False
4715,0.065,6,False
4716,0.065,5,False
4718,0.065,5,False
4719,0.065,8,False
4721,0.065,7,False
4722,0.065,2,False
4724,0.065,5,False
4725,0.065,6,False
4726,0.065,7,False
4727,0.065,6,False
4728,0.065,6,False
4729,0.065,9,False
4730,0.065,9,False
4732,0.065,9,False
4733,0.065,6,False
4734,0.065,5,False
4737,0.065,9,False
4739,0.065,9,False
474,0.065,6,False
4740,0.065,6,False
4741,0.065,9,False
4742,0.065,7,False
4744,0.065,4,False
4746,0.065,7,False
4747,0.065,6,False
4749,0.065,7,False
475,0.065,7,False
4750,0.065,9,False
4752,0.065,7,False
4753,0.065,6,False
4754,0.065,4,False
4756,0.065,5,False
4757,0.065,6,False
4758,0.065,6,False
4759,0.065,5,False
4761,0.065,10,False
4762,0.065,4,False
4763,0.065,7,False
4765,0.065,5,False
4766,0.065,6,False
4767,0.065,4,False
4768,0.065,12,False
4769,0.065,6,False
4770,0.065,9,False
4771,0.065,3,False
4773,0.065,7,False
4774,0.065,8,False
4775,0.065,8,False
4776,0.065,4,False
4777,0.065,7,False
4779,0.065,8,False
4780,0.065,7,False
4781,0.065,6,False
4782,0.065,7,False
4785,0.065,7,False
4787,0.065,7,False
4788,0.065,9,False
479,0.065,8,False
4792,0.065,9,False
4794,0.065,7,False
4795,0.065,6,False
4798,0.065,2,False
4799,0.065,6,False
4801,0.065,6,False
4802,0.065,7,False
4803,0.065,8,False
4804,0.065,5,False
4805,0.065,4,False
4807,0.065,10,False
4809,0.065,7,False
4810,0.065,9,False
4811,0.065,2,False
4814,0.065,3,False
4815,0.065,4,False
4816,0.065,8,False
4817,0.065,5,False
4819,0.065,12,False
4820,0.065,9,False
4822,0.065,9,False
4823,0.065,6,False
4824,0.065,6,False
4829,0.065,3,False
483,0.065,4,False
4830,0.065,7,False
4831,0.065,7,False
4832,0.065,12,False
4834,0.065,9,False
4836,0.065,5,False
4837,0.065,5,False
4838,0.065,7,False
4840,0.065,11,False
4842,0.065,6,False
4843,0.065,7,False
4844,0.065,5,False
4845,0.065,4,False
4846,0.065,8,False
485,0.065,3,False
4850,0.065,7,False
4851,0.065,4,False
4852,0.065,9,False
4853,0.065,5,False
4854,0.065,1,False
4855,0.065,5,False
4857,0.065,7,False
4858,0.065,8,False
4859,0.065,5,False
486,0.065,6,False
4860,0.065,4,False
4863,0.065,7,False
4864,0.065,4,False
4865,0.065,1,False
4866,0.065,6,False
4867,0.065,4,False
4868,0.065,6,False
4869,0.065,4,False
4872,0.065,5,False
4873,0.065,6,False
4874,0.065,6,False
4877,0.065,6,False
4879,0.065,7,False
4881,0.065,4,False
4882,0.065,7,False
4883,0.065,5,False
4887,0.065,3,False
4888,0.065,4,False
4889,0.065,7,False
4890,0.065,5,False
4891,0.065,4,False
4892,0.065,10,False
4895,0.065,6,False
4896,0.065,6,False
4897,0.065,5,False
4898,0.065,12,False
4899,0.065,5,False
49,0.065,7,False
4900,0.065,7,False
4901,0.065,9,False
4903,0.065,7,False
4904,0.065,12,False
4905,0.065,5,False
4906,0.065,5,False
4909,0.065,6,False
491,0.065,4,False
4910,0.065,9,False
4911,0.065,7,False
4915,0.065,11,False
4916,0.065,5,False
492,0.065,8,False
4920,0.065,7,False
4921,0.065,7,False
4925,0.065,11,False
4927,0.065,7,False
4928,0.065,7,False
4929,0.065,8,False
4930,0.065,6,False
4931,0.065,4,False
4932,0.065,2,False
4933,0.065,6,False
4934,0.065,7,False
4935,0.065,6,False
494,0.065,8,False
4940,0.065,8,False
4942,0.065,6,False
4943,0.065,3,False
4944,0.065,0,False
4945,0.065,4,False
4949,0.065,4,False
495,0.065,7,False
4951,0.065,4,False
4952,0.065,3,False
4953,0.065,12,False
4955,0.065,4,False
4956,0.065,5,False
4957,0.065,7,False
496,0.065,8,False
4960,0.065,6,False
4961,0.065,5,False
4966,0.065,4,False
4977,0.065,5,False
4980,0.065,7,False
4981,0.065,7,False
4983,0.065,7,False
4986,0.065,7,False
4987,0.065,7,False
499,0.065,6,False
4992,0.065,0,False
4994,0.065,0,False
4997,0.065,7,False
4998,0.065,7,False
5,0.065,12,False
50,0.065,13,False
500,0.065,7,False
5001,0.065,11,False
5002,0.065,11,False
5004,0.065,9,False
5005,0.065,8,False
5006,0.065,10,False
5007,0.065,9,False
5009,0.065,9,False
501,0.065,6,False
5011,0.065,6,False
5013,0.065,11,False
5014,0.065,10,False
5015,0.065,11,False
5027,0.065,5,False
5028,0.065,11,False
5031,0.065,11,False
5032,0.065,9,False
5033,0.065,5,False
5034,0.065,8,False
5036,0.065,8,False
5040,0.065,5,False
5042,0.065,8,False
5043,0.065,11,False
5046,0.065,10,False
5049,0.065,1,False
505,0.065,0,False
5050,0.065,10,False
5051,0.065,11,False
5052,0.065,11,False
5054,0.065,11,False
5055,0.065,11,False
5056,0.065,11,False
5057,0.065,12,False
5058,0.065,11,False
5060,0.065,10,False
5061,0.065,12,False
5063,0.065,11,False
5065,0.065,8,False
5066,0.065,6,False
5069,0.065,12,False
507,0.065,0,False
5070,0.065,5,False
5071,0.065,12,False
5073,0.065,11,False
5074,0.065,8,False
5075,0.065,8,False
5076,0.065,6,False
5077,0.065,6,False
5078,0.065,6,False
5079,0.065,11,False
5080,0.065,11,False
5081,0.065,11,False
5082,0.065,8,False
5083,0.065,11,False
5084,0.065,11,False
5085,0.065,12,False
5087,0.065,5,False
5088,0.065,6,False
5089,0.065,8,False
5090,0.065,6,False
5091,0.065,6,False
5092,0.065,8,False
5093,0.065,6,False
5094,0.065,6,False
5095,0.065,6,False
5097,0.065,10,False
5098,0.065,8,False
5099,0.065,8,False
51,0.065,13,False
5100,0.065,5,False
5101,0.065,11,False
5102,0.065,6,False
5104,0.065,11,False
5109,0.065,10,False
5110,0.065,7,False
5111,0.065,11,False
5112,0.065,6,False
5113,0.065,12,False
5117,0.065,8,False
512,0.065,0,False
5120,0.065,7,False
5124,0.065,6,False
5125,0.065,11,False
5130,0.065,8,False
5132,0.065,6,False
5134,0.065,6,False
5136,0.065,12,False
5138,0.065,10,False
514,0.065,0,False
5141,0.065,4,False
5142,0.065,6,False
5144,0.065,5,False
5148,0.065,10,False
5149,0.065,6,False
5150,0.065,6,False
5152,0.065,9,False
5153,0.065,10,False
5154,0.065,12,False
5155,0.065,6,False
5156,0.065,8,False
5158,0.065,6,False
5159,0.065,6,False
516,0.065,0,False
5160,0.065,6,False
5162,0.065,6,False
5164,0.065,10,False
5165,0.065,11,False
5168,0.065,6,False
517,0.065,0,False
5171,0.065,10,False
5173,0.065,10,False
5174,0.065,10,False
5175,0.065,6,False
5176,0.065,6,False
5177,0.065,10,False
5178,0.065,10,False
5179,0.065,5,False
518,0.065,4,False
5180,0.065,7,False
5181,0.065,10,False
5185,0.065,6,False
5186,0.065,6,False
5187,0.065,6,False
5189,0.065,10,False
5190,0.065,10,False
5193,0.065,6,False
5199,0.065,6,False
52,0.065,11,False
520,0.065,0,False
5201,0.065,10,False
5209,0.065,11,False
521,0.065,4,False
5212,0.065,6,False
5213,0.065,6,False
5214,0.065,5,False
5215,0.065,11,False
5216,0.065,6,False
5217,0.065,11,False
5218,0.065,10,False
5219,0.065,6,False
5222,0.065,8,False
5223,0.065,6,False
5224,0.065,10,False
5226,0.065,6,False
5228,0.065,8,False
5229,0.065,6,False
523,0.065,0,False
5230,0.065,6,False
5232,0.065,11,False
5233,0.065,8,False
5235,0.065,11,False
5236,0.065,8,False
5237,0.065,11,False
5242,0.065,0,False
5243,0.065,6,False
5244,0.065,8,False
5246,0.065,10,False
5248,0.065,10,False
525,0.065,6,False
5253,0.065,5,False
5254,0.065,8,False
5255,0.065,5,False
5256,0.065,11,False
5257,0.065,6,False
5258,0.065,6,False
5259,0.065,6,False
5261,0.065,6,False
5262,0.065,6,False
5263,0.065,8,False
5264,0.065,8,False
5265,0.065,8,False
5266,0.065,6,False
5267,0.065,8,False
5268,0.065,8,False
527,0.065,5,False
5270,0.065,6,False
5271,0.065,4,False
5272,0.065,6,False
5273,0.065,6,False
5274,0.065,6,False
5275,0.065,6,False
5276,0.065,6,False
5277,0.065,8,False
5278,0.065,8,False
5279,0.065,8,False
528,0.065,6,False
5280,0.065,6,False
5281,0.065,7,False
5282,0.065,8,False
5283,0.065,6,False
5285,0.065,8,False
5286,0.065,8,False
5287,0.065,8,False
5288,0.065,7,False
5289,0.065,6,False
5290,0.065,6,False
5291,0.065,8,False
5292,0.065,8,False
5293,0.065,6,False
5294,0.065,8,False
5295,0.065,8,False
5296,0.065,6,False
5297,0.065,6,False
5298,0.065,8,False
5299,0.065,8,False
53,0.065,10,False
5301,0.065,6,False
5302,0.065,8,False
5303,0.065,8,False
5304,0.065,6,False
5305,0.065,8,False
5306,0.065,6,False
5307,0.065,8,False
5308,0.065,6,False
5309,0.065,6,False
5310,0.065,6,False
5311,0.065,7,False
5315,0.065,5,False
532,0.065,0,False
5321,0.065,6,False
5322,0.065,8,False
5323,0.065,7,False
5325,0.065,6,False
5329,0.065,11,False
533,0.065,3,False
5331,0.065,11,False
5332,0.065,8,False
5336,0.065,4,False
5337,0.065,11,False
5338,0.065,8,False
5339,0.065,0,False
5340,0.065,8,False
5341,0.065,8,False
5342,0.065,0,False
5344,0.065,6,False
5348,0.065,6,False
5351,0.065,10,False
5352,0.065,6,False
5354,0.065,7,False
5356,0.065,5,False
5357,0.065,0,False
5358,0.065,6,False
5359,0.065,4,False
536,0.065,8,False
5361,0.065,12,False
5362,0.065,12,False
5363,0.065,5,False
5364,0.065,5,False
5368,0.065,5,False
5369,0.065,5,False
537,0.065,6,False
5370,0.065,5,False
5371,0.065,5,False
5372,0.065,7,False
5373,0.065,6,False
5374,0.065,6,False
5375,0.065,6,False
5376,0.065,8,False
5377,0.065,6,False
5382,0.065,10,False
5384,0.065,10,False
5385,0.065,8,False
5386,0.065,6,False
5387,0.065,6,False
5388,0.065,6,False
5389,0.065,10,False
539,0.065,7,False
5392,0.065,11,False
5394,0.065,8,False
5395,0.065,8,False
5396,0.065,8,False
5397,0.065,6,False
54,0.065,10,False
540,0.065,3,False
5402,0.065,11,False
5406,0.065,10,False
5407,0.065,7,False
5408,0.065,8,False
5409,0.065,11,False
541,0.065,3,False
5411,0.065,11,False
5412,0.065,8,False
5413,0.065,8,False
5417,0.065,8,False
542,0.065,5,False
5425,0.065,11,False
5428,0.065,10,False
5429,0.065,6,False
5436,0.065,6,False
5437,0.065,6,False
5438,0.065,8,False
544,0.065,6,False
5440,0.065,10,False
5441,0.065,6,False
5444,0.065,10,False
5445,0.065,6,False
5446,0.065,6,False
5449,0.065,11,False
545,0.065,5,False
5459,0.065,10,False
546,0.065,8,False
5460,0.065,6,False
5463,0.065,10,False
5465,0.065,6,False
5467,0.065,8,False
5468,0.065,3,False
5469,0.065,11,False
547,0.065,8,False
5475,0.065,8,False
5476,0.065,6,False
5477,0.065,8,False
5478,0.065,9,False
5479,0.065,5,False
548,0.065,7,False
5480,0.065,6,False
5481,0.065,6,False
5485,0.065,5,False
5486,0.065,12,False
5489,0.065,12,False
5490,0.065,8,False
5491,0.065,6,False
5496,0.065,8,False
5498,0.065,8,False
55,0.065,7,False
5500,0.065,8,False
5502,0.065,5,False
5504,0.065,12,False
5506,0.065,4,False
5508,0.065,7,False
5511,0.065,7,False
5516,0.065,10,False
5517,0.065,5,False
5518,0.065,9,False
5519,0.065,6,False
5522,0.065,7,False
5523,0.065,9,False
5524,0.065,12,False
5526,0.065,4,False
5534,0.065,8,False
5537,0.065,9,False
5538,0.065,11,False
5540,0.065,6,False
5541,0.065,11,False
5542,0.065,9,False
5547,0.065,6,False
5548,0.065,11,False
555,0.065,5,False
5550,0.065,9,False
5552,0.065,5,False
5556,0.065,8,False
5558,0.065,7,False
556,0.065,6,False
5562,0.065,5,False
5564,0.065,5,False
5566,0.065,11,False
5568,0.065,11,False
557,0.065,8,False
5570,0.065,4,False
5574,0.065,12,False
5575,0.065,5,False
5576,0.065,5,False
5577,0.065,4,False
5579,0.065,12,False
5581,0.065,5,False
5590,0.065,8,False
5593,0.065,6,False
5597,0.065,7,False
5598,0.065,6,False
5599,0.065,5,False
56,0.065,7,False
560,0.065,10,False
5602,0.065,5,False
5604,0.065,10,False
5605,0.065,11,False
5607,0.065,7,False
5610,0.065,6,False
5611,0.065,6,False
5612,0.065,5,False
5616,0.065,4,False
5618,0.065,5,False
5619,0.065,3,False
562,0.065,10,False
5625,0.065,5,False
5626,0.065,6,False
5627,0.065,8,False
5628,0.065,12,False
5630,0.065,5,False
5631,0.065,12,False
5634,0.065,3,False
5637,0.065,8,False
5638,0.065,5,False
5639,0.065,12,False
564,0.065,10,False
5642,0.065,6,False
5644,0.065,8,False
5645,0.065,5,False
5647,0.065,11,False
5649,0.065,10,False
565,0.065,6,False
5651,0.065,8,False
5652,0.065,10,False
5654,0.065,7,False
5656,0.065,8,False
5657,0.065,8,False
5658,0.065,5,False
5659,0.065,8,False
5660,0.065,8,False
5661,0.065,11,False
5662,0.065,11,False
5663,0.065,8,False
5665,0.065,6,False
5668,0.065,6,False
567,0.065,10,False
5671,0.065,9,False
5675,0.065,8,False
5677,0.065,12,False
5679,0.065,6,False
5680,0.065,8,False
5681,0.065,6,False
5685,0.065,9,False
5686,0.065,5,False
5687,0.065,10,False
569,0.065,0,False
5691,0.065,5,False
5692,0.065,5,False
5696,0.065,8,False
57,0.065,7,False
5700,0.065,11,False
5702,0.065,12,False
5706,0.065,10,False
5708,0.065,12,False
5709,0.065,6,False
5712,0.065,12,False
5713,0.065,10,False
5715,0.065,12,False
5716,0.065,10,False
5718,0.065,11,False
572,0.065,10,False
5720,0.065,10,False
5722,0.065,8,False
5723,0.065,8,False
5726,0.065,6,False
5729,0.065,8,False
5730,0.065,6,False
5731,0.065,7,False
5739,0.065,12,False
5742,0.065,8,False
5744,0.065,11,False
5746,0.065,11,False
5749,0.065,10,False
575,0.065,10,False
5750,0.065,5,False
5752,0.065,6,False
5753,0.065,11,False
5754,0.065,5,False
5756,0.065,11,False
576,0.065,10,False
5762,0.065,10,False
5764,0.065,12,False
5766,0.065,12,False
5774,0.065,7,False
5776,0.065,8,False
5777,0.065,11,False
578,0.065,12,False
5783,0.065,6,False
5784,0.065,10,False
5786,0.065,4,False
5787,0.065,8,False
5789,0.065,6,False
5790,0.065,10,False
5792,0.065,8,False
5796,0.065,7,False
5798,0.065,6,False
5799,0.065,11,False
58,0.065,10,False
5802,0.065,6,False
5803,0.065,11,False
5804,0.065,1,False
5805,0.065,11,False
5806,0.065,6,False
5807,0.065,8,False
5808,0.065,10,False
581,0.065,0,False
5810,0.065,11,False
5811,0.065,10,False
5813,0.065,12,False
5814,0.065,6,False
5820,0.065,8,False
5821,0.065,12,False
5823,0.065,12,False
5826,0.065,12,False
5827,0.065,6,False
5828,0.065,6,False
5830,0.065,4,False
5831,0.065,6,False
5832,0.065,3,False
5834,0.065,10,False
5836,0.065,7,False
5841,0.065,5,False
5845,0.065,8,False
5846,0.065,3,False
5849,0.065,11,False
585,0.065,11,False
5850,0.065,12,False
5856,0.065,11,False
5857,0.065,6,False
5858,0.065,6,False
5859,0.065,6,False
586,0.065,10,False
5860,0.065,8,False
5862,0.065,11,False
5866,0.065,6,False
5867,0.065,6,False
587,0.065,10,False
5871,0.065,6,False
5872,0.065,9,False
5873,0.065,6,False
5876,0.065,7,False
5877,0.065,6,False
5882,0.065,4,False
5884,0.065,9,False
5885,0.065,6,False
5886,0.065,4,False
5887,0.065,11,False
5889,0.065,4,False
589,0.065,10,False
5894,0.065,4,False
5895,0.065,10,False
5897,0.065,11,False
59,0.065,9,False
5900,0.065,8,False
5901,0.065,8,False
5902,0.065,12,False
5904,0.065,11,False
5910,0.065,11,False
5912,0.065,6,False
5914,0.065,5,False
5919,0.065,5,False
5921,0.065,1,False
5925,0.065,6,False
5926,0.065,8,False
5928,0.065,8,False
593,0.065,14,False
5931,0.065,11,False
5934,0.065,11,False
5937,0.065,6,False
5938,0.065,9,False
5939,0.065,11,False
594,0.065,10,False
5942,0.065,11,False
5943,0.065,11,False
5944,0.065,9,False
5945,0.065,11,False
5949,0.065,11,False
5951,0.065,6,False
5953,0.065,6,False
5954,0.065,11,False
5955,0.065,5,False
5957,0.065,8,False
5959,0.065,6,False
596,0.065,8,False
5962,0.065,8,False
5963,0.065,11,False
5965,0.065,6,False
5966,0.065,3,False
5968,0.065,11,False
5972,0.065,11,False
5973,0.065,7,False
5976,0.065,11,False
5977,0.065,7,False
5981,0.065,9,False
5982,0.065,8,False
5983,0.065,7,False
5984,0.065,12,False
5985,0.065,12,False
5986,0.065,7,False
5988,0.065,8,False
5989,0.065,8,False
5990,0.065,8,False
5994,0.065,7,False
5995,0.065,6,False
5996,0.065,5,False
5997,0.065,5,False
5998,0.065,8,False
6,0.065,12,False
60,0.065,6,False
600,0.065,9,False
6001,0.065,8,False
6003,0.065,11,False
6004,0.065,8,False
6005,0.065,8,False
6006,0.065,7,False
6007,0.065,7,False
6008,0.065,6,False
6014,0.065,8,False
6016,0.065,7,False
6017,0.065,5,False
6018,0.065,6,False
6020,0.065,8,False
6021,0.065,8,False
6022,0.065,8,False
6024,0.065,8,False
6025,0.065,7,False
6026,0.065,8,False
6027,0.065,7,False
6030,0.065,5,False
6031,0.065,4,False
6032,0.065,5,False
6035,0.065,8,False
6036,0.065,2,False
6037,0.065,4,False
6047,0.065,8,False
6048,0.065,6,True
6056,0.065,7,False
6057,0.065,5,False
6059,0.065,6,False
6060,0.065,5,False
6061,0.065,7,False
6063,0.065,5,False
6065,0.065,8,False
6066,0.065,4,False
6067,0.065,6,False
6068,0.065,7,False
6069,0.065,6,False
6070,0.065,5,False
6071,0.065,8,False
6072,0.065,8,False
6074,0.065,8,False
6076,0.065,5,False
6078,0.065,8,False
6079,0.065,8,False
6081,0.065,7,False
6082,0.065,3,False
6083,0.065,4,False
6085,0.065,7,False
6086,0.065,2,False
6089,0.065,4,False
6091,0.065,8,False
6092,0.065,8,False
6093,0.065,8,False
6096,0.065,7,False
6097,0.065,7,False
6098,0.065,5,False
6099,0.065,7,False
6100,0.065,7,False
6101,0.065,5,False
6102,0.065,1,False
6103,0.065,8,False
6104,0.065,6,False
6105,0.065,8,False
6106,0.065,7,False
6107,0.065,8,False
6108,0.065,8,False
6109,0.065,7,False
6110,0.065,8,False
6111,0.065,6,False
6112,0.065,2,False
6113,0.065,9,False
6114,0.065,5,False
6117,0.065,5,False
6120,0.065,6,False
6121,0.065,6,True
6122,0.065,13,False
6123,0.065,7,False
6124,0.065,5,False
6125,0.065,7,False
6126,0.065,6,False
6128,0.065,6,True
6129,0.065,2,False
6130,0.065,10,False
6131,0.065,1,False
6133,0.065,4,False
6134,0.065,7,True
6138,0.065,8,False
614,0.065,0,False
6140,0.065,6,False
6142,0.065,8,False
6143,0.065,4,False
6145,0.065,6,True
6149,0.065,3,False
6151,0.065,7,False
6152,0.065,6,True
6154,0.065,8,False
6158,0.065,7,False
6159,0.065,2,False
6160,0.065,2,False
6163,0.065,6,True
6165,0.065,3,False
6167,0.065,7,False
6169,0.065,8,False
617,0.065,0,False
6170,0.065,10,False
6171,0.065,6,True
6172,0.065,7,False
6175,0.065,6,False
6176,0.065,7,False
6177,0.065,6,False
6178,0.065,4,False
6179,0.065,4,False
6183,0.065,6,False
6185,0.065,7,True
6186,0.065,6,False
6187,0.065,11,False
6189,0.065,4,False
6190,0.065,5,False
6191,0.065,6,False
6192,0.065,12,False
6197,0.065,1,False
6199,0.065,0,False
62,0.065,7,False
620,0.065,0,False
6203,0.065,8,False
6205,0.065,7,False
6208,0.065,6,True
6209,0.065,8,False
6211,0.065,6,False
6212,0.065,7,False
6214,0.065,4,False
6215,0.065,4,False
6219,0.065,5,False
622,0.065,9,False
6220,0.065,6,True
6222,0.065,11,False
6224,0.065,3,False
6230,0.065,5,False
6232,0.065,8,False
6233,0.065,8,False
6239,0.065,8,False
6242,0.065,10,False
6245,0.065,8,False
6247,0.065,2,False
6249,0.065,6,True
6250,0.065,8,False
6251,0.065,7,False
6252,0.065,8,False
6253,0.065,4,False
6259,0.065,2,False
626,0.065,13,False
6260,0.065,7,False
6261,0.065,8,False
6262,0.065,10,False
6263,0.065,7,False
6268,0.065,2,False
6269,0.065,7,True
627,0.065,13,False
6270,0.065,5,False
6271,0.065,6,False
6272,0.065,7,False
6273,0.065,8,False
6276,0.065,3,False
6277,0.065,7,False
6280,0.065,8,False
6281,0.065,12,False
6284,0.065,7,True
6286,0.065,7,False
6287,0.065,12,False
6288,0.065,1,False
6289,0.065,7,False
629,0.065,10,False
6290,0.065,6,False
6293,0.065,7,True
6294,0.065,5,False
6295,0.065,5,False
6297,0.065,10,False
6299,0.065,5,False
63,0.065,7,False
630,0.065,7,False
6300,0.065,11,False
6301,0.065,8,False
6302,0.065,6,True
6303,0.065,6,True
6304,0.065,6,True
6306,0.065,6,True
6308,0.065,7,True
6309,0.065,6,True
6310,0.065,6,True
6311,0.065,6,True
6312,0.065,7,True
6314,0.065,7,True
6315,0.065,7,True
6316,0.065,7,True
6317,0.065,6,True
6318,0.065,7,True
6319,0.065,7,True
6320,0.065,0,False
6321,0.065,6,False
6322,0.065,4,False
6323,0.065,6,False
6324,0.065,8,False
6325,0.065,8,False
6326,0.065,8,False
6327,0.065,8,False
6328,0.065,6,False
6329,0.065,8,False
6331,0.065,8,False
6332,0.065,8,False
6334,0.065,6,False
6335,0.065,8,False
6336,0.065,8,False
6337,0.065,6,False
6339,0.065,7,False
6341,0.065,8,False
6342,0.065,8,False
6344,0.065,6,False
6345,0.065,7,False
6347,0.065,8,False
6349,0.065,8,False
635,0.065,8,False
6350,0.065,6,False
6351,0.065,8,False
6352,0.065,6,False
6353,0.065,8,False
6356,0.065,8,False
6358,0.065,4,False
6360,0.065,5,False
6361,0.065,4,False
6362,0.065,2,False
6363,0.065,7,False
6364,0.065,7,False
6365,0.065,6,False
6366,0.065,7,False
6367,0.065,8,False
6368,0.065,8,False
6369,0.065,8,False
637,0.065,5,False
6371,0.065,8,False
6372,0.065,6,False
6374,0.065,6,False
6375,0.065,6,False
6376,0.065,8,False
6377,0.065,8,False
6378,0.065,8,False
6379,0.065,8,False
6380,0.065,6,False
6381,0.065,7,False
6382,0.065,4,False
6383,0.065,13,False
6384,0.065,4,False
6385,0.065,6,False
6386,0.065,7,False
6387,0.065,5,False
6388,0.065,4,False
6389,0.065,5,False
6390,0.065,8,False
6391,0.065,6,False
6392,0.065,13,False
6394,0.065,4,False
6395,0.065,8,False
64,0.065,13,False
6400,0.065,13,False
6402,0.065,7,False
6403,0.065,8,False
6405,0.065,1,False
6406,0.065,7,False
6407,0.065,8,False
641,0.065,0,False
6411,0.065,6,False
6412,0.065,7,False
6413,0.065,6,False
6414,0.065,8,False
6415,0.065,6,False
6416,0.065,9,False
6417,0.065,6,False
6418,0.065,8,False
6419,0.065,7,False
642,0.065,5,False
6420,0.065,8,False
6421,0.065,5,False
6423,0.065,8,False
6424,0.065,7,False
6426,0.065,5,False
6427,0.065,8,False
6428,0.065,5,False
6429,0.065,6,False
6430,0.065,8,False
6431,0.065,10,False
6433,0.065,9,False
6434,0.065,7,False
6435,0.065,4,False
6436,0.065,8,False
6437,0.065,8,False
6440,0.065,7,False
6441,0.065,5,False
6443,0.065,7,False
6444,0.065,8,False
6447,0.065,3,False
6448,0.065,8,False
6451,0.065,6,False
6453,0.065,8,False
6454,0.065,5,False
6456,0.065,8,False
6459,0.065,2,False
6460,0.065,8,False
6462,0.065,10,False
6465,0.065,5,False
6467,0.065,6,False
6468,0.065,5,False
6470,0.065,2,False
6475,0.065,4,False
6476,0.065,5,False
6477,0.065,8,False
6478,0.065,3,False
6479,0.065,7,False
6480,0.065,8,False
6481,0.065,11,False
6484,0.065,11,False
6485,0.065,7,False
6486,0.065,11,False
6487,0.065,6,False
6488,0.065,8,False
6489,0.065,8,False
6491,0.065,5,False
6492,0.065,6,False
6493,0.065,8,False
6494,0.065,8,False
6495,0.065,11,False
6496,0.065,6,False
6498,0.065,7,False
6501,0.065,6,False
6502,0.065,8,False
6503,0.065,11,False
6504,0.065,9,False
6505,0.065,8,False
6507,0.065,7,False
6508,0.065,7,False
651,0.065,11,False
6510,0.065,6,False
6513,0.065,3,False
6514,0.065,8,False
6516,0.065,7,False
6518,0.065,6,False
6520,0.065,12,False
6521,0.065,12,False
6522,0.065,8,False
6523,0.065,6,False
6527,0.065,8,False
6528,0.065,5,False
6529,0.065,7,False
653,0.065,11,False
6530,0.065,12,False
6531,0.065,8,False
6532,0.065,7,False
6536,0.065,5,False
6537,0.065,7,False
6538,0.065,4,False
6539,0.065,7,False
6542,0.065,11,False
6544,0.065,12,False
6546,0.065,8,False
6547,0.065,6,False
6548,0.065,4,False
6550,0.065,12,False
6551,0.065,12,False
6552,0.065,7,False
6553,0.065,7,False
6555,0.065,13,False
6557,0.065,8,False
6559,0.065,4,False
6560,0.065,7,False
6562,0.065,11,False
6564,0.065,5,False
6565,0.065,4,False
6566,0.065,5,False
6568,0.065,7,False
657,0.065,4,False
6570,0.065,5,False
6572,0.065,9,False
6573,0.065,8,False
6574,0.065,5,False
6576,0.065,4,False
6578,0.065,6,False
6579,0.065,1,False
6580,0.065,9,False
6582,0.065,1,False
6585,0.065,8,False
6586,0.065,13,False
6590,0.065,6,False
6592,0.065,10,False
6597,0.065,8,False
6598,0.065,1,False
66,0.065,7,False
6602,0.065,7,False
6604,0.065,6,False
6605,0.065,7,False
6606,0.065,8,False
6607,0.065,4,False
6609,0.065,1,False
6612,0.065,11,False
6616,0.065,6,False
6619,0.065,7,False
6620,0.065,6,False
6621,0.065,10,False
6625,0.065,4,False
6626,0.065,8,False
6627,0.065,8,False
6628,0.065,4,False
6629,0.065,5,False
663,0.065,4,False
6631,0.065,11,False
6632,0.065,8,False
6633,0.065,7,False
6634,0.065,5,False
6635,0.065,8,False
6636,0.065,2,False
6638,0.065,4,False
6639,0.065,10,False
6640,0.065,8,False
6641,0.065,7,False
6643,0.065,7,False
6644,0.065,5,False
6645,0.065,9,False
6648,0.065,12,False
6650,0.065,8,False
6652,0.065,8,False
6654,0.065,6,False
6655,0.065,13,False
6657,0.065,8,False
6658,0.065,11,False
6659,0.065,7,False
666,0.065,0,False
6661,0.065,7,False
6664,0.065,11,False
6666,0.065,6,False
6667,0.065,8,False
6668,0.065,8,False
6669,0.065,5,False
6670,0.065,8,False
6672,0.065,5,False
6673,0.065,8,False
6674,0.065,11,False
6675,0.065,6,False
6677,0.065,11,False
6679,0.065,5,False
668,0.065,6,False
6684,0.065,7,False
6685,0.065,8,False
6687,0.065,13,False
6689,0.065,8,False
669,0.065,0,False
6691,0.065,8,False
6693,0.065,8,False
6694,0.065,7,False
6695,0.065,11,False
6696,0.065,8,False
6697,0.065,6,False
6698,0.065,8,False
6699,0.065,8,False
67,0.065,13,False
6701,0.065,7,False
6702,0.065,10,False
6704,0.065,7,False
6707,0.065,7,False
6709,0.065,11,False
6712,0.065,6,False
6713,0.065,11,False
6717,0.065,8,False
6718,0.065,8,False
6719,0.065,10,False
6720,0.065,7,False
6722,0.065,11,False
6723,0.065,7,False
6726,0.065,9,False
6727,0.065,6,False
6728,0.065,6,False
6729,0.065,10,False
6731,0.065,7,False
6733,0.065,7,False
6735,0.065,8,False
6736,0.065,6,False
6737,0.065,9,False
6738,0.065,6,False
6739,0.065,2,False
6740,0.065,5,False
6741,0.065,6,False
6743,0.065,6,False
6745,0.065,5,False
6746,0.065,11,False
6747,0.065,1,False
6750,0.065,7,False
6753,0.065,5,False
6754,0.065,11,False
6755,0.065,5,False
6757,0.065,7,False
676,0.065,8,False
6760,0.065,5,False
6761,0.065,10,False
6764,0.065,7,False
6766,0.065,3,False
6768,0.065,6,False
6769,0.065,8,False
6770,0.065,6,False
6774,0.065,5,False
6776,0.065,8,False
6777,0.065,5,False
678,0.065,5,False
6781,0.065,8,False
6782,0.065,5,False
6783,0.065,11,False
6784,0.065,7,False
6785,0.065,6,False
6788,0.065,8,False
6789,0.065,6,True
6790,0.065,3,False
6791,0.065,13,False
6792,0.065,5,False
6793,0.065,5,False
6794,0.065,8,False
6796,0.065,6,True
6797,0.065,6,False
6798,0.065,7,True
6799,0.065,3,False
68,0.065,13,False
6800,0.065,11,False
6801,0.065,7,False
6802,0.065,5,False
6803,0.065,8,False
6804,0.065,4,False
6805,0.065,8,False
6806,0.065,5,False
6807,0.065,8,False
6808,0.065,8,True
6809,0.065,8,False
681,0.065,0,False
6810,0.065,9,False
6811,0.065,7,False
6812,0.065,0,False
6813,0.065,6,False
6814,0.065,7,False
6815,0.065,7,False
6816,0.065,7,False
6817,0.065,13,False
6818,0.065,6,True
6819,0.065,3,False
682,0.065,0,False
6820,0.065,7,False
6823,0.065,8,False
6824,0.065,1,False
6825,0.065,7,False
6826,0.065,8,False
6827,0.065,2,False
683,0.065,11,False
6830,0.065,8,False
6831,0.065,5,False
6832,0.065,8,False
6834,0.065,8,False
6835,0.065,6,True
6838,0.065,6,False
6839,0.065,4,False
684,0.065,6,False
6840,0.065,9,False
6842,0.065,7,False
6843,0.065,6,True
6845,0.065,6,False
6846,0.065,7,False
6847,0.065,8,False
6848,0.065,8,False
6849,0.065,8,False
685,0.065,4,False
6852,0.065,6,False
6853,0.065,7,False
6854,0.065,4,False
6855,0.065,12,False
6857,0.065,6,True
6859,0.065,7,False
6860,0.065,6,False
6862,0.065,12,False
6863,0.065,6,True
6866,0.065,6,False
6867,0.065,4,False
6868,0.065,6,False
6869,0.065,11,False
6870,0.065,6,True
6871,0.065,8,False
6872,0.065,6,True
6874,0.065,7,False
6875,0.065,8,False
6878,0.065,13,False
6881,0.065,6,False
6882,0.065,6,True
6883,0.065,6,False
6885,0.065,4,False
6886,0.065,8,False
6888,0.065,7,False
6890,0.065,6,True
6892,0.065,9,False
6894,0.065,6,False
6895,0.065,5,False
6897,0.065,6,True
6898,0.065,3,False
6900,0.065,8,False
6902,0.065,11,False
6903,0.065,7,False
6907,0.065,4,False
6908,0.065,8,False
6909,0.065,7,False
6910,0.065,10,False
6911,0.065,7,False
6912,0.065,6,False
6913,0.065,4,False
6914,0.065,7,True
6916,0.065,1,False
6918,0.065,3,False
6921,0.065,7,True
6924,0.065,13,False
6926,0.065,6,False
6927,0.065,8,False
6928,0.065,4,False
6929,0.065,6,True
6934,0.065,7,False
6935,0.065,6,False
6937,0.065,6,True
6938,0.065,5,False
6939,0.065,7,False
6940,0.065,8,False
6943,0.065,6,False
6944,0.065,8,False
6945,0.065,7,False
6946,0.065,5,False
6947,0.065,7,False
6949,0.065,6,True
6950,0.065,13,False
6953,0.065,7,False
6954,0.065,8,False
6957,0.065,13,False
6959,0.065,5,False
696,0.065,0,False
6960,0.065,6,False
6961,0.065,8,False
6962,0.065,6,True
6963,0.065,4,False
6965,0.065,8,False
6967,0.065,6,False
6968,0.065,8,False
6969,0.065,8,False
697,0.065,4,False
6970,0.065,4,False
6973,0.065,8,False
6975,0.065,7,False
6976,0.065,10,False
6977,0.065,7,False
6980,0.065,6,True
6981,0.065,5,False
6984,0.065,6,True
6987,0.065,7,True
6989,0.065,7,True
699,0.065,4,False
6990,0.065,8,False
6991,0.065,7,True
6995,0.065,8,False
6996,0.065,8,False
6997,0.065,8,False
6998,0.065,6,False
6999,0.065,6,False
70,0.065,13,False
7000,0.065,8,False
7001,0.065,7,False
7007,0.065,7,False
7009,0.065,5,False
7013,0.065,6,False
7014,0.065,7,False
7016,0.065,5,False
7018,0.065,5,False
7020,0.065,5,False
7021,0.065,8,False
7026,0.065,7,False
7027,0.065,7,False
7028,0.065,6,False
7030,0.065,6,False
7031,0.065,5,False
7032,0.065,4,False
7033,0.065,8,False
7034,0.065,5,False
7035,0.065,6,False
7036,0.065,5,False
7038,0.065,6,False
7039,0.065,6,False
7040,0.065,4,False
7041,0.065,0,False
7042,0.065,6,False
7043,0.065,0,False
7044,0.065,6,False
7045,0.065,8,False
7047,0.065,6,False
7048,0.065,4,False
7051,0.065,4,False
7052,0.065,7,False
7056,0.065,4,False
7057,0.065,6,False
7058,0.065,8,False
706,0.065,9,False
7061,0.065,8,False
7062,0.065,7,False
7063,0.065,5,False
7066,0.065,5,False
7067,0.065,4,False
7069,0.065,4,False
7070,0.065,8,False
7076,0.065,5,False
7080,0.065,6,False
7081,0.065,5,False
7082,0.065,5,False
7083,0.065,5,False
7086,0.065,4,False
7087,0.065,4,False
7089,0.065,4,False
7090,0.065,5,False
7092,0.065,6,False
7098,0.065,6,False
71,0.065,13,False
710,0.065,5,False
7100,0.065,6,False
7102,0.065,7,False
7104,0.065,5,False
7105,0.065,4,False
7107,0.065,9,False
7108,0.065,4,False
7109,0.065,6,False
7110,0.065,0,False
7111,0.065,7,False
7113,0.065,0,False
7114,0.065,7,False
7117,0.065,0,False
7119,0.065,4,False
712,0.065,6,False
7120,0.065,0,False
7122,0.065,0,False
7124,0.065,7,False
7127,0.065,7,False
7129,0.065,0,False
7130,0.065,0,False
7131,0.065,6,False
7134,0.065,0,False
7135,0.065,5,False
7136,0.065,5,False
7137,0.065,6,False
7139,0.065,4,False
714,0.065,0,False
7142,0.065,5,False
7145,0.065,7,False
7146,0.065,0,False
7147,0.065,0,False
7149,0.065,5,False
7152,0.065,7,False
7153,0.065,5,False
7154,0.065,4,False
7155,0.065,5,False
7156,0.065,5,False
7168,0.065,4,False
717,0.065,5,False
7180,0.065,7,False
7183,0.065,5,False
7186,0.065,8,False
7187,0.065,6,False
7188,0.065,5,False
7189,0.065,6,False
7192,0.065,4,False
7193,0.065,5,False
7194,0.065,7,False
7195,0.065,5,False
7198,0.065,6,False
72,0.065,13,False
720,0.065,6,False
7201,0.065,8,False
7203,0.065,5,False
7204,0.065,9,False
7206,0.065,5,False
7207,0.065,3,False
7209,0.065,7,False
7211,0.065,6,False
7212,0.065,4,False
7213,0.065,6,False
7214,0.065,6,False
7215,0.065,6,False
7216,0.065,6,False
7217,0.065,8,False
7219,0.065,4,False
722,0.065,7,False
7220,0.065,5,False
7221,0.065,7,False
7222,0.065,5,False
7223,0.065,6,False
7224,0.065,6,False
7227,0.065,3,False
7229,0.065,4,False
723,0.065,5,False
7230,0.065,5,False
7236,0.065,13,False
7238,0.065,0,False
7239,0.065,4,False
724,0.065,4,False
7240,0.065,0,False
7243,0.065,5,False
7245,0.065,0,False
7246,0.065,4,False
7248,0.065,0,False
7249,0.065,7,True
7250,0.065,6,False
7251,0.065,13,False
7252,0.065,5,False
7255,0.065,0,False
7257,0.065,14,False
726,0.065,8,False
7261,0.065,5,False
7262,0.065,0,False
7263,0.065,13,False
7267,0.065,0,False
7269,0.065,5,False
7270,0.065,4,False
7272,0.065,0,False
7273,0.065,15,False
7274,0.065,7,False
7277,0.065,0,False
728,0.065,8,False
7280,0.065,0,False
7282,0.065,9,False
7283,0.065,0,False
7284,0.065,7,False
7285,0.065,0,False
7287,0.065,0,False
7292,0.065,0,False
7294,0.065,8,False
7295,0.065,0,False
7296,0.065,0,False
73,0.065,10,False
730,0.065,12,False
7301,0.065,0,False
7305,0.065,0,False
7307,0.065,7,False
7309,0.065,0,False
731,0.065,4,False
7313,0.065,7,False
7317,0.065,0,False
7321,0.065,0,False
7322,0.065,6,False
7325,0.065,6,False
7326,0.065,0,False
7328,0.065,8,False
733,0.065,0,False
7331,0.065,0,False
7332,0.065,4,False
7333,0.065,14,False
7335,0.065,0,False
734,0.065,5,False
7340,0.065,0,False
7341,0.065,7,False
7342,0.065,0,False
7343,0.065,0,False
7345,0.065,6,False
7346,0.065,7,False
7349,0.065,0,False
735,0.065,13,False
7350,0.065,0,False
7353,0.065,0,False
7356,0.065,0,False
7358,0.065,0,False
736,0.065,5,False
7361,0.065,8,False
7362,0.065,15,False
7364,0.065,0,False
7365,0.065,15,False
7366,0.065,0,False
7369,0.065,0,False
7370,0.065,0,False
7371,0.065,15,False
7375,0.065,8,False
7376,0.065,11,False
7377,0.065,6,False
7378,0.065,0,False
7379,0.065,14,False
738,0.065,7,False
7380,0.065,13,False
7382,0.065,0,False
7384,0.065,8,False
7386,0.065,12,False
7388,0.065,11,False
7389,0.065,0,False
739,0.065,4,False
7390,0.065,15,False
7391,0.065,6,False
7393,0.065,8,False
7394,0.065,0,False
7395,0.065,6,False
7397,0.065,0,False
7398,0.065,14,False
7399,0.065,0,False
74,0.065,11,False
740,0.065,10,False
7400,0.065,0,False
7401,0.065,4,False
7403,0.065,4,False
7405,0.065,0,False
7406,0.065,0,False
7408,0.065,0,False
7411,0.065,0,False
7412,0.065,7,False
7413,0.065,0,False
7414,0.065,0,False
7415,0.065,11,False
742,0.065,6,False
7420,0.065,0,False
7422,0.065,3,False
7424,0.065,15,False
7426,0.065,0,False
7427,0.065,0,False
7428,0.065,0,False
743,0.065,8,False
7430,0.065,0,False
7431,0.065,5,False
7432,0.065,8,False
7433,0.065,13,False
7435,0.065,0,False
7437,0.065,0,False
7438,0.065,6,False
744,0.065,7,False
7440,0.065,0,False
7442,0.065,0,False
7444,0.065,0,False
7445,0.065,0,False
7446,0.065,6,False
7447,0.065,0,False
7449,0.065,0,False
745,0.065,6,False
7451,0.065,0,False
7452,0.065,0,False
7454,0.065,0,False
7457,0.065,0,False
7463,0.065,0,False
7464,0.065,6,False
7465,0.065,7,True
7468,0.065,9,False
747,0.065,5,False
7471,0.065,0,False
7477,0.065,7,False
7478,0.065,6,False
7479,0.065,8,False
748,0.065,12,False
7481,0.065,0,False
7483,0.065,0,False
7484,0.065,7,False
7485,0.065,2,False
7487,0.065,15,False
7489,0.065,0,False
7491,0.065,0,False
7493,0.065,6,False
7496,0.065,0,False
7499,0.065,15,False
75,0.065,13,False
750,0.065,4,False
7502,0.065,12,False
7505,0.065,0,False
7509,0.065,6,False
751,0.065,13,False
7511,0.065,0,False
7514,0.065,8,False
7517,0.065,6,False
7518,0.065,0,False
752,0.065,10,False
7523,0.065,4,False
7527,0.065,14,False
7528,0.065,5,False
7530,0.065,11,False
7532,0.065,4,False
7533,0.065,7,False
7535,0.065,0,False
7537,0.065,0,False
7538,0.065,0,False
7539,0.065,14,False
754,0.065,2,False
7540,0.065,0,False
7543,0.065,5,False
7544,0.065,0,False
7546,0.065,0,False
7547,0.065,0,False
7550,0.065,5,False
7551,0.065,0,False
7554,0.065,0,False
7556,0.065,0,False
7557,0.065,0,False
7559,0.065,5,False
756,0.065,8,False
7560,0.065,8,False
7561,0.065,0,False
7563,0.065,0,False
7565,0.065,0,False
7566,0.065,0,False
7568,0.065,8,False
7569,0.065,0,False
757,0.065,5,False
7574,0.065,5,False
7575,0.065,5,False
7577,0.065,4,False
7578,0.065,0,False
758,0.065,8,False
7581,0.065,0,False
7582,0.065,5,False
7583,0.065,9,False
7588,0.065,0,False
759,0.065,10,False
7591,0.065,0,False
7595,0.065,0,False
7597,0.065,7,False
7598,0.065,0,False
7600,0.065,0,False
7601,0.065,4,False
7603,0.065,0,False
7605,0.065,8,False
7606,0.065,0,False
761,0.065,5,False
7614,0.065,6,False
7615,0.065,0,False
7616,0.065,0,False
762,0.065,8,False
7621,0.065,6,False
7622,0.065,0,False
7624,0.065,4,False
7628,0.065,6,False
7629,0.065,6,False
763,0.065,15,False
7630,0.065,5,False
7631,0.065,0,False
7634,0.065,15,False
7635,0.065,6,False
7636,0.065,0,False
7639,0.065,0,False
764,0.065,6,False
7640,0.065,0,False
7643,0.065,12,False
7644,0.065,0,False
7646,0.065,0,False
7647,0.065,5,False
7648,0.065,0,False
7649,0.065,0,False
7651,0.065,0,False
7653,0.065,6,False
7655,0.065,0,False
7657,0.065,5,False
7658,0.065,0,False
7659,0.065,5,False
766,0.065,3,False
7660,0.065,0,False
7661,0.065,5,False
7664,0.065,0,False
7666,0.065,7,False
7669,0.065,0,False
767,0.065,0,False
7672,0.065,0,False
7673,0.065,0,False
7674,0.065,0,False
7675,0.065,0,False
7676,0.065,6,False
7677,0.065,4,False
7678,0.065,0,False
7679,0.065,6,False
7680,0.065,0,False
7683,0.065,7,False
7684,0.065,6,False
7688,0.065,9,False
7689,0.065,0,False
769,0.065,6,False
7690,0.065,0,False
7692,0.065,7,False
7693,0.065,3,False
7694,0.065,4,False
7698,0.065,0,False
770,0.065,5,False
7700,0.065,5,False
7701,0.065,5,False
7703,0.065,5,False
7704,0.065,5,False
7709,0.065,6,False
771,0.065,13,False
7710,0.065,0,False
7711,0.065,6,False
7713,0.065,5,False
7718,0.065,0,False
7719,0.065,5,False
772,0.065,6,False
7721,0.065,4,False
7722,0.065,0,False
7723,0.065,4,False
7728,0.065,6,False
773,0.065,13,False
7730,0.065,0,False
7732,0.065,5,False
7734,0.065,5,False
7737,0.065,8,False
774,0.065,8,False
7741,0.065,0,False
7744,0.065,0,False
7745,0.065,9,False
7748,0.065,0,False
775,0.065,8,False
7751,0.065,5,False
7753,0.065,4,False
7758,0.065,6,False
7759,0.065,15,False
776,0.065,6,False
7760,0.065,0,False
7762,0.065,0,False
7766,0.065,15,False
7769,0.065,0,False
777,0.065,15,False
7771,0.065,4,False
7772,0.065,6,False
7773,0.065,0,False
7774,0.065,3,False
7776,0.065,0,False
7777,0.065,3,False
778,0.065,7,False
7785,0.065,0,False
7786,0.065,0,False
7788,0.065,0,False
7789,0.065,3,False
7793,0.065,9,False
7794,0.065,0,False
7795,0.065,8,False
7796,0.065,4,False
7799,0.065,0,False
78,0.065,10,False
7800,0.065,9,False
7801,0.065,0,False
7802,0.065,0,False
7803,0.065,5,False
7804,0.065,7,False
7806,0.065,11,False
7808,0.065,12,False
7809,0.065,0,False
781,0.065,6,False
7810,0.065,7,False
7813,0.065,6,False
7814,0.065,0,False
7815,0.065,11,False
7817,0.065,6,False
7819,0.065,9,False
782,0.065,5,False
7824,0.065,11,False
7825,0.065,0,False
783,0.065,7,False
7832,0.065,11,False
7833,0.065,0,False
7834,0.065,10,False
784,0.065,5,False
7840,0.065,0,False
7841,0.065,0,False
7842,0.065,4,False
7846,0.065,0,False
7847,0.065,0,False
7848,0.065,0,False
7849,0.065,5,False
785,0.065,11,False
7850,0.065,0,False
7852,0.065,0,False
7858,0.065,5,False
7859,0.065,0,False
7861,0.065,0,False
7863,0.065,0,False
7865,0.065,5,False
7869,0.065,0,False
787,0.065,8,False
7871,0.065,0,False
7874,0.065,0,False
7875,0.065,0,False
7877,0.065,0,False
7878,0.065,13,False
7881,0.065,4,False
7883,0.065,0,False
7885,0.065,4,False
7886,0.065,0,False
7887,0.065,0,False
789,0.065,6,False
7890,0.065,7,False
7891,0.065,0,False
7892,0.065,0,False
7893,0.065,6,False
7894,0.065,0,False
7895,0.065,4,False
7897,0.065,0,False
7898,0.065,4,False
7900,0.065,0,False
7902,0.065,0,False
7905,0.065,0,False
7907,0.065,0,False
7909,0.065,7,False
791,0.065,11,False
7910,0.065,13,False
7911,0.065,0,False
7913,0.065,13,False
7915,0.065,0,False
7916,0.065,0,False
7917,0.065,15,False
7918,0.065,7,False
7922,0.065,6,False
7923,0.065,0,False
7925,0.065,5,False
7926,0.065,10,False
7929,0.065,15,False
7930,0.065,6,False
7932,0.065,0,False
7934,0.065,0,False
794,0.065,14,False
7947,0.065,6,False
795,0.065,7,False
7953,0.065,6,False
7955,0.065,0,False
7956,0.065,14,False
796,0.065,8,False
7960,0.065,0,False
7962,0.065,0,False
7965,0.065,0,False
7966,0.065,3,False
7967,0.065,0,False
7968,0.065,0,False
797,0.065,5,False
7970,0.065,0,False
7971,0.065,0,False
7973,0.065,12,False
7975,0.065,0,False
7976,0.065,0,False
7977,0.065,14,False
798,0.065,6,False
7980,0.065,0,False
7981,0.065,12,False
7982,0.065,0,False
7983,0.065,11,False
7984,0.065,0,False
7985,0.065,0,False
7986,0.065,0,False
7987,0.065,9,False
7988,0.065,0,False
799,0.065,5,False
7991,0.065,12,False
7998,0.065,0,False
7999,0.065,14,False
80,0.065,13,False
800,0.065,8,False
8000,0.065,0,False
8001,0.065,0,False
8002,0.065,0,False
8003,0.065,0,False
8005,0.065,0,False
801,0.065,10,False
8010,0.065,0,False
8015,0.065,15,False
802,0.065,5,False
8020,0.065,0,False
8021,0.065,0,False
8022,0.065,0,False
8026,0.065,0,False
8028,0.065,0,False
8029,0.065,0,False
803,0.065,6,False
8034,0.065,0,False
8036,0.065,0,False
8037,0.065,0,False
8039,0.065,0,False
8040,0.065,0,False
8042,0.065,0,False
8045,0.065,0,False
8047,0.065,0,False
8049,0.065,0,False
805,0.065,8,False
8050,0.065,0,False
8051,0.065,14,False
8058,0.065,0,False
806,0.065,14,False
8060,0.065,0,False
8061,0.065,0,False
8062,0.065,0,False
8063,0.065,0,False
8065,0.065,0,False
807,0.065,8,False
8075,0.065,0,False
808,0.065,11,False
809,0.065,5,False
81,0.065,13,False
810,0.065,5,False
8101,0.065,0,False
811,0.065,14,False
8110,0.065,0,False
8112,0.065,0,False
8113,0.065,0,False
8114,0.065,0,False
8117,0.065,0,False
8120,0.065,0,False
8122,0.065,0,False
8124,0.065,0,False
8126,0.065,0,False
8127,0.065,13,False
8129,0.065,15,False
813,0.065,8,False
8131,0.065,15,False
8132,0.065,14,False
8133,0.065,0,False
8134,0.065,0,False
814,0.065,4,False
8141,0.065,0,False
8142,0.065,0,False
8145,0.065,14,False
8146,0.065,0,False
8147,0.065,0,False
8149,0.065,15,False
815,0.065,7,False
8150,0.065,0,False
8151,0.065,0,False
8152,0.065,12,False
8153,0.065,0,False
8154,0.065,0,False
8157,0.065,0,False
8159,0.065,12,False
816,0.065,5,False
8160,0.065,12,False
8161,0.065,0,False
8162,0.065,14,False
8163,0.065,0,False
8164,0.065,0,False
8165,0.065,12,False
8166,0.065,10,False
8167,0.065,10,False
817,0.065,5,False
8170,0.065,0,False
8171,0.065,0,False
8172,0.065,0,False
8175,0.065,0,False
8178,0.065,0,False
818,0.065,10,False
8180,0.065,0,False
8185,0.065,0,False
8186,0.065,0,False
8189,0.065,0,False
819,0.065,10,False
8191,0.065,0,False
8194,0.065,0,False
8197,0.065,15,False
821,0.065,7,False
8211,0.065,15,False
8213,0.065,10,False
8214,0.065,10,False
8215,0.065,10,False
8216,0.065,8,False
8217,0.065,9,False
8218,0.065,10,False
8219,0.065,0,False
822,0.065,12,False
8220,0.065,0,False
8221,0.065,0,False
8222,0.065,13,False
8223,0.065,0,False
8224,0.065,0,False
8228,0.065,15,False
8229,0.065,12,False
8230,0.065,0,False
8233,0.065,0,False
8235,0.065,0,False
8237,0.065,0,False
8238,0.065,15,False
824,0.065,5,False
8243,0.065,0,False
8245,0.065,0,False
8248,0.065,12,False
8249,0.065,0,False
8250,0.065,0,False
8252,0.065,0,False
8254,0.065,11,False
8255,0.065,0,False
8256,0.065,0,False
8259,0.065,0,False
826,0.065,9,False
8260,0.065,0,False
8261,0.065,0,False
8262,0.065,15,False
8263,0.065,0,False
8265,0.065,10,False
8268,0.065,15,False
827,0.065,5,False
8271,0.065,0,False
8272,0.065,0,False
8273,0.065,10,False
8275,0.065,0,False
8276,0.065,0,False
8277,0.065,0,False
8278,0.065,0,False
828,0.065,10,False
8281,0.065,9,False
8282,0.065,0,False
8285,0.065,0,False
829,0.065,13,False
8290,0.065,9,False
8292,0.065,0,False
8295,0.065,0,False
8298,0.065,14,False
8299,0.065,7,True
83,0.065,0,False
8300,0.065,0,False
8303,0.065,0,False
8305,0.065,9,False
8306,0.065,0,False
8308,0.065,0,False
8309,0.065,9,False
831,0.065,13,False
8311,0.065,0,False
8312,0.065,0,False
8314,0.065,8,False
8316,0.065,0,False
8317,0.065,9,False
832,0.065,6,False
8321,0.065,0,False
8323,0.065,12,False
8324,0.065,0,False
8325,0.065,0,False
8326,0.065,8,False
8327,0.065,14,False
8328,0.065,0,False
8329,0.065,0,False
8331,0.065,0,False
8332,0.065,0,False
8336,0.065,15,False
8339,0.065,0,False
8341,0.065,0,False
8342,0.065,0,False
8343,0.065,0,False
8345,0.065,14,False
8349,0.065,0,False
8350,0.065,0,False
8353,0.065,0,False
8354,0.065,0,False
8357,0.065,0,False
8358,0.065,0,False
8359,0.065,7,True
836,0.065,6,False
8361,0.065,0,False
8363,0.065,0,False
8366,0.065,11,False
8368,0.065,0,False
8370,0.065,0,False
8372,0.065,9,False
8374,0.065,0,False
8375,0.065,0,False
8376,0.065,0,False
8378,0.065,0,False
8379,0.065,0,False
838,0.065,8,False
8380,0.065,8,False
8382,0.065,0,False
8384,0.065,0,False
8385,0.065,0,False
8386,0.065,0,False
8387,0.065,0,False
8388,0.065,0,False
8389,0.065,0,False
839,0.065,13,False
8390,0.065,0,False
8392,0.065,15,False
8393,0.065,9,False
8394,0.065,15,False
8395,0.065,0,False
8397,0.065,0,False
8398,0.065,9,False
8399,0.065,9,False
84,0.065,14,False
8400,0.065,10,False
8401,0.065,11,False
8402,0.065,0,False
8403,0.065,10,False
8404,0.065,14,False
8405,0.065,11,False
8406,0.065,11,False
8407,0.065,11,False
8408,0.065,12,False
8409,0.065,0,False
8410,0.065,12,False
8411,0.065,12,False
8412,0.065,15,False
8414,0.065,13,False
8416,0.065,11,False
8417,0.065,15,False
8419,0.065,11,False
842,0.065,10,False
8420,0.065,11,False
8422,0.065,12,False
8423,0.065,11,False
8424,0.065,11,False
8425,0.065,11,False
8426,0.065,11,False
8427,0.065,15,False
8429,0.065,0,False
843,0.065,5,False
8430,0.065,0,False
8433,0.065,0,False
8434,0.065,0,False
8439,0.065,15,False
844,0.065,8,False
8440,0.065,14,False
8441,0.065,0,False
8442,0.065,0,False
8447,0.065,0,False
8450,0.065,0,False
8451,0.065,0,False
8452,0.065,0,False
8454,0.065,10,False
8455,0.065,0,False
8456,0.065,0,False
8457,0.065,0,False
8459,0.065,0,False
8460,0.065,0,False
8462,0.065,15,False
8463,0.065,0,False
8464,0.065,0,False
8466,0.065,9,False
8467,0.065,0,False
8469,0.065,0,False
847,0.065,6,False
8471,0.065,0,False
8473,0.065,0,False
8475,0.065,11,False
8479,0.065,0,False
848,0.065,6,False
8481,0.065,10,False
8482,0.065,10,False
8483,0.065,11,False
8484,0.065,0,False
8486,0.065,0,False
8487,0.065,14,False
8490,0.065,0,False
8492,0.065,10,False
8493,0.065,0,False
8495,0.065,0,False
8498,0.065,0,False
85,0.065,0,False
850,0.065,3,False
8500,0.065,0,False
8501,0.065,0,False
8503,0.065,0,False
8505,0.065,10,False
8506,0.065,0,False
8509,0.065,0,False
851,0.065,4,False
8511,0.065,0,False
8514,0.065,0,False
8517,0.065,0,False
8518,0.065,14,False
8519,0.065,0,False
852,0.065,12,False
8521,0.065,0,False
8526,0.065,0,False
8527,0.065,0,False
8528,0.065,0,False
8531,0.065,0,False
8534,0.065,0,False
8535,0.065,0,False
8536,0.065,0,False
854,0.065,4,False
8547,0.065,0,False
8548,0.065,0,False
8551,0.065,14,False
8553,0.065,0,False
8556,0.065,0,False
8558,0.065,15,False
856,0.065,6,False
8560,0.065,0,False
8561,0.065,0,False
8563,0.065,0,False
8564,0.065,0,False
8567,0.065,0,False
8568,0.065,0,False
8569,0.065,0,False
8573,0.065,0,False
8574,0.065,15,False
8575,0.065,0,False
8581,0.065,0,False
8582,0.065,0,False
8587,0.065,0,False
859,0.065,5,False
8590,0.065,0,False
8596,0.065,0,False
8598,0.065,0,False
8599,0.065,0,False
8601,0.065,0,False
8602,0.065,0,False
8603,0.065,12,False
8604,0.065,0,False
8606,0.065,0,False
8607,0.065,0,False
8608,0.065,12,False
8614,0.065,15,False
8617,0.065,0,False
862,0.065,7,False
8622,0.065,12,False
8623,0.065,0,False
8627,0.065,0,False
8628,0.065,12,False
863,0.065,7,False
8634,0.065,0,False
8635,0.065,0,False
8636,0.065,0,False
8637,0.065,0,False
8640,0.065,15,False
8642,0.065,0,False
8652,0.065,0,False
8653,0.065,0,False
8654,0.065,0,False
8657,0.065,0,False
8659,0.065,0,False
866,0.065,10,False
8660,0.065,0,False
8662,0.065,0,False
8666,0.065,11,False
867,0.065,5,False
8672,0.065,0,False
8674,0.065,0,False
8679,0.065,0,False
8681,0.065,0,False
8682,0.065,0,False
8683,0.065,0,False
8686,0.065,0,False
8689,0.065,0,False
869,0.065,14,False
8690,0.065,11,False
8695,0.065,0,False
8696,0.065,0,False
8697,0.065,0,False
870,0.065,6,False
8700,0.065,0,False
8701,0.065,0,False
8703,0.065,14,False
8704,0.065,0,False
8706,0.065,0,False
8710,0.065,11,False
8713,0.065,0,False
8714,0.065,9,False
8716,0.065,0,False
8721,0.065,0,False
8725,0.065,0,False
8727,0.065,0,False
873,0.065,7,False
8730,0.065,0,False
8736,0.065,0,False
8739,0.065,9,False
8741,0.065,0,False
8747,0.065,0,False
875,0.065,3,False
8755,0.065,0,False
876,0.065,6,False
8766,0.065,0,False
8767,0.065,0,False
8768,0.065,0,False
8769,0.065,0,False
8773,0.065,15,False
8774,0.065,0,False
8775,0.065,9,False
8776,0.065,14,False
8782,0.065,0,False
8783,0.065,11,False
8786,0.065,0,False
879,0.065,8,False
8795,0.065,0,False
880,0.065,6,False
8802,0.065,12,False
8808,0.065,0,False
8817,0.065,14,False
882,0.065,5,False
8820,0.065,10,False
8824,0.065,0,False
8825,0.065,10,False
8829,0.065,14,False
883,0.065,6,False
8832,0.065,0,False
8833,0.065,13,False
8845,0.065,11,False
8846,0.065,0,False
885,0.065,11,False
8851,0.065,0,False
8852,0.065,13,False
8854,0.065,11,False
8855,0.065,0,False
8859,0.065,0,False
886,0.065,3,False
8861,0.065,0,False
8863,0.065,15,False
8864,0.065,0,False
8867,0.065,0,False
8869,0.065,0,False
8871,0.065,0,False
8872,0.065,14,False
8874,0.065,0,False
8875,0.065,15,False
8876,0.065,0,False
888,0.065,5,False
8880,0.065,0,False
8881,0.065,15,False
8886,0.065,0,False
8888,0.065,0,False
8893,0.065,0,False
8894,0.065,0,False
8897,0.065,12,False
89,0.065,0,False
890,0.065,8,False
8900,0.065,0,False
8903,0.065,13,False
8904,0.065,15,False
8906,0.065,0,False
8907,0.065,0,False
8910,0.065,11,False
8912,0.065,0,False
8915,0.065,9,False
8918,0.065,0,False
8919,0.065,14,False
8925,0.065,15,False
8927,0.065,0,False
8931,0.065,0,False
8932,0.065,12,False
8933,0.065,0,False
8934,0.065,0,False
8935,0.065,0,False
8936,0.065,0,False
8938,0.065,12,False
894,0.065,6,False
8941,0.065,0,False
8943,0.065,0,False
8944,0.065,0,False
8946,0.065,0,False
8949,0.065,0,False
895,0.065,3,False
8954,0.065,0,False
8956,0.065,12,False
8957,0.065,0,False
896,0.065,9,False
8963,0.065,14,False
8966,0.065,0,False
8969,0.065,0,False
897,0.065,6,False
8970,0.065,0,False
8971,0.065,0,False
8973,0.065,12,False
8974,0.065,0,False
8975,0.065,0,False
8977,0.065,9,False
8979,0.065,0,False
8980,0.065,14,False
8982,0.065,0,False
8983,0.065,0,False
8986,0.065,15,False
8989,0.065,0,False
8990,0.065,0,False
8994,0.065,0,False
8997,0.065,14,False
8999,0.065,0,False
9004,0.065,0,False
9009,0.065,0,False
901,0.065,12,False
9010,0.065,0,False
902,0.065,8,False
9033,0.065,0,False
9034,0.065,0,False
9038,0.065,0,False
904,0.065,14,False
9041,0.065,15,False
9042,0.065,0,False
9043,0.065,0,False
9049,0.065,0,False
9052,0.065,0,False
9053,0.065,0,False
9057,0.065,0,False
906,0.065,5,False
9060,0.065,0,False
9061,0.065,0,False
9066,0.065,0,False
907,0.065,12,False
9073,0.065,0,False
9075,0.065,0,False
908,0.065,5,False
9080,0.065,0,False
9091,0.065,0,False
9096,0.065,0,False
9107,0.065,0,False
911,0.065,9,False
9110,0.065,11,False
9111,0.065,0,False
9112,0.065,0,False
9118,0.065,0,False
912,0.065,5,False
9125,0.065,0,False
9135,0.065,12,False
9139,0.065,0,False
914,0.065,14,False
9142,0.065,0,False
9148,0.065,0,False
9149,0.065,0,False
915,0.065,0,False
9150,0.065,0,False
9151,0.065,0,False
9152,0.065,0,False
9160,0.065,12,False
9163,0.065,9,False
9168,0.065,0,False
917,0.065,10,False
9171,0.065,0,False
9172,0.065,0,False
9175,0.065,0,False
9177,0.065,0,False
9178,0.065,0,False
918,0.065,5,False
9180,0.065,0,False
919,0.065,6,False
9192,0.065,0,False
9193,0.065,14,False
9194,0.065,0,False
9195,0.065,0,False
92,0.065,0,False
9205,0.065,0,False
9208,0.065,0,False
9214,0.065,0,False
9216,0.065,0,False
9219,0.065,0,False
922,0.065,6,False
923,0.065,14,False
9261,0.065,0,False
9264,0.065,12,False
927,0.065,6,False
9271,0.065,9,False
9272,0.065,13,False
928,0.065,15,False
9281,0.065,0,False
9290,0.065,0,False
9291,0.065,14,False
9293,0.065,0,False
9296,0.065,0,False
9302,0.065,0,False
9306,0.065,0,False
9307,0.065,12,False
931,0.065,5,False
9310,0.065,0,False
9318,0.065,0,False
932,0.065,8,False
9320,0.065,0,False
9321,0.065,0,False
9323,0.065,14,False
9325,0.065,0,False
9326,0.065,0,False
9329,0.065,0,False
933,0.065,6,False
934,0.065,8,False
9341,0.065,13,False
9342,0.065,0,False
9348,0.065,0,False
9349,0.065,15,False
935,0.065,5,False
9354,0.065,0,False
9355,0.065,0,False
9356,0.065,13,False
9358,0.065,0,False
9360,0.065,11,False
9365,0.065,0,False
9367,0.065,0,False
9369,0.065,0,False
9370,0.065,0,False
9371,0.065,0,False
9374,0.065,0,False
9377,0.065,0,False
9384,0.065,0,False
9386,0.065,0,False
939,0.065,0,False
9392,0.065,15,False
9393,0.065,15,False
9394,0.065,0,False
9395,0.065,15,False
9397,0.065,0,False
9399,0.065,0,False
9402,0.065,0,False
9406,0.065,10,False
9409,0.065,14,False
9416,0.065,15,False
9418,0.065,0,False
9420,0.065,0,False
9423,0.065,0,False
943,0.065,5,False
9430,0.065,0,False
9438,0.065,9,False
944,0.065,13,False
9440,0.065,0,False
9445,0.065,15,False
9449,0.065,0,False
9452,0.065,0,False
9456,0.065,0,False
9459,0.065,0,False
946,0.065,8,False
9460,0.065,0,False
9461,0.065,0,False
9463,0.065,0,False
9466,0.065,0,False
9467,0.065,0,False
9471,0.065,0,False
9473,0.065,0,False
9477,0.065,11,False
9479,0.065,0,False
948,0.065,7,False
9481,0.065,0,False
9483,0.065,0,False
9485,0.065,11,False
9488,0.065,0,False
9494,0.065,13,False
9495,0.065,0,False
9496,0.065,0,False
9498,0.065,14,False
9499,0.065,0,False
95,0.065,0,False
9504,0.065,0,False
9505,0.065,0,False
9507,0.065,0,False
9512,0.065,0,False
9513,0.065,0,False
9515,0.065,15,False
9518,0.065,0,False
9519,0.065,0,False
9521,0.065,0,False
9523,0.065,14,False
9524,0.065,14,False
9526,0.065,14,False
9528,0.065,0,False
9529,0.065,0,False
9531,0.065,11,False
9532,0.065,15,False
9533,0.065,9,False
9534,0.065,0,False
9537,0.065,8,False
9538,0.065,0,False
954,0.065,5,False
9540,0.065,15,False
9542,0.065,15,False
9545,0.065,12,False
9550,0.065,10,False
9553,0.065,0,False
9554,0.065,11,False
9556,0.065,14,False
9557,0.065,15,False
956,0.065,0,False
9561,0.065,0,False
9563,0.065,14,False
9564,0.065,0,False
9565,0.065,0,False
9567,0.065,0,False
9568,0.065,0,False
957,0.065,5,False
9570,0.065,13,False
9574,0.065,0,False
9575,0.065,0,False
9579,0.065,9,False
9580,0.065,0,False
9582,0.065,0,False
9583,0.065,0,False
9589,0.065,0,False
959,0.065,4,False
9591,0.065,11,False
9592,0.065,0,False
9593,0.065,12,False
9594,0.065,15,False
9597,0.065,9,False
9599,0.065,11,False
96,0.065,0,False
9601,0.065,0,False
9602,0.065,0,False
9603,0.065,0,False
9605,0.065,0,False
9607,0.065,0,False
9608,0.065,11,False
9609,0.065,0,False
961,0.065,5,False
9611,0.065,0,False
9613,0.065,0,False
9616,0.065,11,False
9618,0.065,0,False
9623,0.065,10,False
9624,0.065,11,False
9625,0.065,0,False
9627,0.065,0,False
963,0.065,4,False
9630,0.065,0,False
9632,0.065,10,False
9634,0.065,9,False
9637,0.065,12,False
964,0.065,0,False
9640,0.065,0,False
9642,0.065,9,False
9646,0.065,0,False
9648,0.065,0,False
9649,0.065,11,False
965,0.065,7,False
9650,0.065,0,False
9652,0.065,0,False
9653,0.065,0,False
9657,0.065,14,False
9658,0.065,11,False
9663,0.065,0,False
9668,0.065,0,False
9673,0.065,15,False
9674,0.065,15,False
9679,0.065,0,False
9680,0.065,0,False
9681,0.065,0,False
9683,0.065,0,False
9684,0.065,0,False
969,0.065,5,False
9699,0.065,0,False
970,0.065,5,False
9700,0.065,15,False
9702,0.065,0,False
9707,0.065,0,False
971,0.065,5,False
9710,0.065,9,False
9715,0.065,10,False
9717,0.065,0,False
9718,0.065,0,False
972,0.065,8,False
9720,0.065,0,False
9725,0.065,0,False
973,0.065,11,False
9731,0.065,0,False
9732,0.065,15,False
9734,0.065,0,False
9740,0.065,0,False
9743,0.065,0,False
9744,0.065,14,False
9748,0.065,0,False
9750,0.065,0,False
9764,0.065,0,False
9766,0.065,0,False
9770,0.065,0,False
9778,0.065,14,False
9779,0.065,0,False
978,0.065,0,False
9784,0.065,0,False
9786,0.065,0,False
979,0.065,0,False
9790,0.065,0,False
9791,0.065,0,False
9793,0.065,0,False
9796,0.065,0,False
9799,0.065,15,False
98,0.065,0,False
980,0.065,10,False
9804,0.065,0,False
9806,0.065,0,False
981,0.065,8,False
9813,0.065,0,False
9814,0.065,0,False
9815,0.065,0,False
982,0.065,15,False
9820,0.065,0,False
9821,0.065,15,False
9825,0.065,15,False
9828,0.065,0,False
9830,0.065,0,False
9832,0.065,0,False
9834,0.065,0,False
9839,0.065,0,False
9841,0.065,0,False
9848,0.065,15,False
9849,0.065,0,False
9853,0.065,0,False
9856,0.065,0,False
9857,0.065,0,False
986,0.065,13,False
9863,0.065,15,False
9868,0.065,15,False
9872,0.065,0,False
9877,0.065,0,False
9879,0.065,0,False
9881,0.065,0,False
9882,0.065,12,False
9885,0.065,0,False
9886,0.065,12,False
9887,0.065,0,False
989,0.065,9,False
990,0.065,7,False
9902,0.065,0,False
9906,0.065,0,False
9907,0.065,0,False
9908,0.065,11,False
991,0.065,7,False
9910,0.065,0,False
9917,0.065,0,False
992,0.065,4,False
9922,0.065,14,False
9925,0.065,0,False
9928,0.065,12,False
993,0.065,9,False
9931,0.065,0,False
9932,0.065,0,False
9943,0.065,0,False
9947,0.065,0,False
995,0.065,10,False
9950,0.065,0,False
9958,0.065,0,False
9963,0.065,0,False
9964,0.065,0,False
9965,0.065,0,False
9967,0.065,0,False
9968,0.065,13,False
997,0.065,12,False
9974,0.065,14,False
9983,0.065,0,False
9992,0.065,0,False
W100,0.065,4,True
W1017,0.065,8,False
W1018,0.065,8,False
W102,0.065,5,False
W1024,0.065,7,False
W1030,0.065,6,False
W1031,0.065,6,False
W1037,0.065,13,False
W1038,0.065,6,False
W104,0.065,5,True
W1040,0.065,7,False
W1046,0.065,8,False
W1049,0.065,7,False
W1052,0.065,6,False
W1057,0.065,6,False
W106,0.065,5,True
W1066,0.065,7,False
W1069,0.065,5,False
W107,0.065,6,False
W1070,0.065,6,False
W1071,0.065,7,False
W1072,0.065,6,False
W1073,0.065,5,False
W108,0.065,6,False
W1083,0.065,6,False
W109,0.065,6,False
W11,0.065,11,False
W110,0.065,6,False
W1100,0.065,7,False
W1101,0.065,7,False
W1102,0.065,7,False
W1103,0.065,8,False
W1104,0.065,12,False
W1105,0.065,8,False
W1108,0.065,8,False
W1111,0.065,12,False
W1113,0.065,13,False
W1117,0.065,12,False
W1118,0.065,12,False
W1120,0.065,12,False
W1122,0.065,12,False
W1123,0.065,12,False
W1126,0.065,6,False
W1127,0.065,11,False
W1129,0.065,12,False
W113,0.065,4,False
W1130,0.065,4,False
W1134,0.065,5,False
W1136,0.065,11,False
W1137,0.065,7,True
W114,0.065,4,False
W1140,0.065,9,False
W1141,0.065,11,False
W1144,0.065,12,False
W115,0.065,4,False
W1150,0.065,12,False
W1153,0.065,11,False
W1155,0.065,10,False
W1156,0.065,11,False
W1157,0.065,9,False
W1159,0.065,15,False
W116,0.065,4,False
W1160,0.065,12,False
W1162,0.065,11,False
W1164,0.065,11,False
W1165,0.065,11,False
W1166,0.065,10,False
W1167,0.065,11,False
W1168,0.065,11,False
W1169,0.065,14,False
W117,0.065,4,False
W1170,0.065,11,False
W1171,0.065,11,False
W1172,0.065,12,False
W1174,0.065,13,False
W1178,0.065,10,False
W1185,0.065,10,False
W1186,0.065,12,False
W1187,0.065,0,False
W1188,0.065,12,False
W1189,0.065,12,False
W119,0.065,5,False
W1190,0.065,11,False
W1191,0.065,11,False
W1192,0.065,12,False
W1193,0.065,12,False
W1194,0.065,11,False
W1199,0.065,10,False
W1200,0.065,12,False
W1205,0.065,13,False
W1209,0.065,11,False
W121,0.065,6,False
W1211,0.065,12,False
W122,0.065,6,False
W1220,0.065,8,False
W1223,0.065,4,False
W1225,0.065,8,True
W1227,0.065,8,True
W1229,0.065,8,True
W123,0.065,4,False
W1231,0.065,8,True
W1232,0.065,8,True
W1233,0.065,8,True
W124,0.065,4,True
W1240,0.065,8,True
W1242,0.065,8,True
W1244,0.065,8,True
W1245,0.065,6,False
W1247,0.065,8,True
W1248,0.065,7,False
W1249,0.065,8,True
W125,0.065,4,True
W1251,0.065,8,True
W1252,0.065,10,False
W1253,0.065,8,True
W1254,0.065,8,True
W1255,0.065,8,True
W1257,0.065,8,True
W1259,0.065,8,True
W126,0.065,6,False
W1260,0.065,6,False
W1261,0.065,5,True
W1268,0.065,5,True
W1269,0.065,5,True
W127,0.065,4,False
W1270,0.065,8,True
W1271,0.065,7,False
W1273,0.065,5,False
W1274,0.065,7,False
W1275,0.065,8,True
W1279,0.065,6,False
W128,0.065,4,False
W1280,0.065,5,False
W1284,0.065,5,False
W1287,0.065,5,False
W129,0.065,4,False
W1297,0.065,8,False
W1299,0.065,8,False
W130,0.065,4,False
W1301,0.065,6,False
W131,0.065,4,False
W1318,0.065,10,True
W132,0.065,4,False
W1320,0.065,10,True
W1327,0.065,11,False
W133,0.065,4,False
W1339,0.065,12,False
W134,0.065,4,False
W1340,0.065,6,False
W135,0.065,6,False
W1353,0.065,11,False
W1355,0.065,11,False
W1356,0.065,6,False
W1358,0.065,6,False
W136,0.065,6,False
W1360,0.065,5,False
W1362,0.065,5,False
W137,0.065,4,False
W1372,0.065,5,False
W1373,0.065,11,False
W1374,0.065,5,False
W1376,0.065,4,False
W1379,0.065,11,False
W138,0.065,4,False
W1380,0.065,7,False
W1383,0.065,8,False
W1387,0.065,4,False
W1389,0.065,5,False
W139,0.065,4,False
W1396,0.065,12,False
W1397,0.065,11,False
W1399,0.065,11,False
W14,0.065,10,False
W140,0.065,5,False
W1403,0.065,11,False
W1405,0.065,12,False
W141,0.065,3,False
W1411,0.065,14,False
W1443,0.065,11,False
W1444,0.065,11,False
W1448,0.065,13,False
W145,0.065,9,False
W1452,0.065,12,False
W1456,0.065,12,False
W1467,0.065,8,False
W147,0.065,6,False
W1471,0.065,12,False
W1472,0.065,11,False
W1479,0.065,7,False
W148,0.065,10,False
W1480,0.065,7,False
W1482,0.065,7,False
W1483,0.065,7,False
W1487,0.065,7,False
W149,0.065,10,False
W1492,0.065,6,False
W1493,0.065,6,False
W150,0.065,12,False
W1502,0.065,6,False
W1506,0.065,5,False
W1509,0.065,5,False
W1520,0.065,5,False
W1522,0.065,10,False
W1528,0.065,11,False
W1529,0.065,5,False
W153,0.065,10,False
W1531,0.065,10,False
W1533,0.065,5,False
W1548,0.065,7,False
W155,0.065,10,False
W1555,0.065,5,False
W1556,0.065,12,False
W1559,0.065,8,False
W1561,0.065,6,False
W1564,0.065,8,False
W1567,0.065,7,False
W1569,0.065,8,False
W1572,0.065,8,True
W1575,0.065,8,False
W1576,0.065,8,True
W1577,0.065,7,False
W1580,0.065,6,True
W1581,0.065,8,False
W1584,0.065,8,True
W1588,0.065,8,True
W1592,0.065,6,True
W1594,0.065,7,False
W1603,0.065,6,False
W1607,0.065,6,True
W161,0.065,10,False
W1611,0.065,6,False
W1612,0.065,6,False
W1613,0.065,5,True
W1614,0.065,6,False
W1615,0.065,11,False
W1619,0.065,7,False
W162,0.065,10,False
W1620,0.065,6,True
W1625,0.065,6,True
W1626,0.065,10,True
W1628,0.065,8,False
W1629,0.065,6,True
W1630,0.065,10,True
W1634,0.065,6,True
W1635,0.065,8,True
W1639,0.065,6,True
W164,0.065,10,False
W1640,0.065,8,True
W1643,0.065,8,False
W1644,0.065,6,True
W1645,0.065,10,True
W1647,0.065,8,False
W1649,0.065,6,True
W1652,0.065,10,True
W1655,0.065,8,False
W1656,0.065,10,True
W1659,0.065,8,False
W1664,0.065,8,True
W1665,0.065,11,False
W1671,0.065,7,False
W1674,0.065,11,False
W1676,0.065,7,False
W1679,0.065,12,False
W168,0.065,10,False
W1685,0.065,10,True
W1686,0.065,6,False
W1688,0.065,6,False
W1689,0.065,10,True
W169,0.065,8,False
W1690,0.065,6,False
W1693,0.065,7,False
W1698,0.065,10,True
W1699,0.065,7,False
W1701,0.065,10,True
W1703,0.065,8,True
W1705,0.065,8,True
W1707,0.065,12,False
W1708,0.065,8,True
W1709,0.065,10,True
W171,0.065,7,False
W1714,0.065,8,True
W172,0.065,11,False
W1722,0.065,8,True
W1723,0.065,8,False
W1728,0.065,11,False
W1729,0.065,10,True
W1735,0.065,10,True
W174,0.065,14,False
W1741,0.065,8,False
W1746,0.065,10,True
W1750,0.065,9,True
W1751,0.065,7,False
W1759,0.065,10,True
W176,0.065,6,False
W1761,0.065,8,True
W1764,0.065,10,True
W1766,0.065,8,True
W1768,0.065,10,True
W1769,0.065,5,False
W177,0.065,11,False
W1771,0.065,10,True
W1772,0.065,6,True
W1774,0.065,5,False
W1775,0.065,8,True
W1777,0.065,10,False
W1778,0.065,5,False
W178,0.065,6,False
W1780,0.065,5,False
W1782,0.065,10,False
W1784,0.065,7,False
W1787,0.065,4,False
W1788,0.065,10,True
W1790,0.065,7,False
W1791,0.065,5,False
W1792,0.065,10,True
W1794,0.065,12,False
W1795,0.065,10,True
W1797,0.065,8,True
W1798,0.065,0,False
W1799,0.065,5,False
W18,0.065,11,False
W180,0.065,6,False
W1800,0.065,10,True
W1801,0.065,5,False
W1802,0.065,10,True
W1803,0.065,13,False
W1806,0.065,12,False
W1807,0.065,9,True
W1808,0.065,8,True
W181,0.065,6,False
W1810,0.065,8,True
W1812,0.065,11,False
W1814,0.065,10,True
W1816,0.065,8,True
W1817,0.065,6,True
W1818,0.065,12,False
W1820,0.065,10,True
W1821,0.065,7,False
W1824,0.065,11,False
W1825,0.065,8,True
W1828,0.065,10,True
W1829,0.065,11,False
W183,0.065,7,False
W1831,0.065,8,True
W1833,0.065,12,False
W1837,0.065,10,True
W184,0.065,13,False
W1841,0.065,8,True
W1842,0.065,11,False
W1844,0.065,4,False
W1846,0.065,8,False
W1849,0.065,10,True
W1850,0.065,6,False
W1851,0.065,12,False
W1853,0.065,6,False
W1854,0.065,9,True
W1855,0.065,8,False
W1857,0.065,10,True
W1859,0.065,12,False
W1863,0.065,5,False
W1864,0.065,12,False
W1865,0.065,6,True
W1866,0.065,6,False
W1868,0.065,12,False
W187,0.065,0,False
W1870,0.065,7,False
W1874,0.065,12,False
W1875,0.065,6,False
W188,0.065,10,False
W1880,0.065,12,False
W1883,0.065,5,False
W1884,0.065,12,False
W1887,0.065,6,False
W1888,0.065,8,False
W189,0.065,0,False
W1892,0.065,6,False
W1895,0.065,5,False
W1896,0.065,12,False
W190,0.065,6,False
W1900,0.065,6,False
W1901,0.065,8,False
W1902,0.065,13,False
W191,0.065,0,False
W1910,0.065,13,False
W1913,0.065,12,False
W1914,0.065,7,False
W1918,0.065,12,False
W1929,0.065,12,False
W193,0.065,0,False
W1933,0.065,12,False
W1937,0.065,9,False
W194,0.065,10,False
W1941,0.065,5,False
W195,0.065,0,False
W196,0.065,12,False
W197,0.065,0,False
W1977,0.065,7,False
W1981,0.065,7,False
W1983,0.065,8,False
W199,0.065,0,False
W1990,0.065,11,False
W1992,0.065,11,False
W1996,0.065,8,False
W2,0.065,11,False
W20,0.065,11,False
W2001,0.065,6,False
W2003,0.065,4,False
W2006,0.065,11,False
W2009,0.065,9,False
W2010,0.065,5,False
W2011,0.065,7,False
W2013,0.065,10,False
W2014,0.065,10,False
W2015,0.065,10,False
W2016,0.065,3,False
W2017,0.065,4,False
W2020,0.065,6,False
W2023,0.065,5,False
W2024,0.065,12,False
W2026,0.065,8,False
W2027,0.065,8,False
W2028,0.065,13,False
W2029,0.065,7,False
W2032,0.065,9,False
W2037,0.065,8,False
W2038,0.065,9,False
W2040,0.065,5,False
W2041,0.065,7,False
W2042,0.065,5,False
W2043,0.065,9,False
W2044,0.065,7,False
W2045,0.065,8,False
W2048,0.065,8,False
W2049,0.065,9,False
W2050,0.065,11,False
W2051,0.065,10,False
W2053,0.065,7,False
W2054,0.065,5,False
W2055,0.065,7,False
W2057,0.065,9,False
W2058,0.065,9,False
W2059,0.065,8,False
W2060,0.065,6,False
W2065,0.065,7,False
W2069,0.065,11,False
W207,0.065,8,False
W2070,0.065,7,False
W2072,0.065,7,False
W2073,0.065,9,False
W2074,0.065,9,False
W2075,0.065,7,False
W2076,0.065,9,False
W2077,0.065,7,False
W2078,0.065,5,False
W2080,0.065,9,False
W2081,0.065,8,False
W2082,0.065,9,False
W2083,0.065,7,False
W2085,0.065,8,False
W2088,0.065,8,False
W2089,0.065,9,False
W2090,0.065,7,False
W2094,0.065,8,False
W2095,0.065,10,False
W2096,0.065,10,False
W2097,0.065,8,False
W2099,0.065,12,False
W21,0.065,10,False
W2100,0.065,8,False
W212,0.065,0,False
W2132,0.065,6,False
W2134,0.065,6,False
W2135,0.065,6,False
W2145,0.065,6,False
W2147,0.065,7,True
W2148,0.065,7,True
W2152,0.065,8,True
W2154,0.065,8,True
W2155,0.065,8,True
W2157,0.065,8,True
W2158,0.065,7,True
W2159,0.065,7,True
W2160,0.065,7,True
W2161,0.065,8,True
W2162,0.065,7,True
W2163,0.065,7,True
W2164,0.065,7,True
W2165,0.065,7,True
W2166,0.065,7,True
W2168,0.065,8,True
W217,0.065,0,False
W2170,0.065,7,True
W2171,0.065,7,True
W2174,0.065,8,True
W2175,0.065,8,True
W2176,0.065,6,True
W2177,0.065,7,True
W2178,0.065,8,True
W2179,0.065,8,True
W2180,0.065,8,True
W2181,0.065,7,True
W219,0.065,0,False
W220,0.065,11,False
W2206,0.065,6,False
W2208,0.065,6,False
W221,0.065,0,False
W2211,0.065,7,True
W2213,0.065,6,True
W2214,0.065,6,False
W2216,0.065,7,False
W2217,0.065,8,True
W2220,0.065,7,False
W2222,0.065,6,True
W2223,0.065,12,False
W2225,0.065,7,True
W2226,0.065,5,False
W2228,0.065,8,False
W2230,0.065,9,False
W2231,0.065,4,True
W2235,0.065,6,True
W2237,0.065,4,False
W224,0.065,11,False
W2242,0.065,7,False
W2247,0.065,7,False
W2249,0.065,9,True
W225,0.065,0,False
W2250,0.065,12,False
W2251,0.065,7,False
W2252,0.065,8,False
W2255,0.065,9,True
W2257,0.065,7,False
W226,0.065,0,False
W2260,0.065,9,True
W2262,0.065,7,False
W2263,0.065,5,False
W2265,0.065,10,False
W2266,0.065,5,False
W2268,0.065,5,True
W2269,0.065,5,False
W2270,0.065,9,True
W2273,0.065,10,False
W2274,0.065,8,True
W2275,0.065,9,True
W2276,0.065,7,False
W2277,0.065,9,False
W228,0.065,0,False
W2281,0.065,12,False
W2282,0.065,5,False
W2286,0.065,9,False
W2287,0.065,8,False
W2290,0.065,12,False
W2291,0.065,12,False
W2295,0.065,6,False
W2296,0.065,12,False
W2301,0.065,7,False
W2305,0.065,7,False
W2309,0.065,13,False
W231,0.065,13,False
W2310,0.065,7,False
W2312,0.065,6,False
W2313,0.065,12,False
W2315,0.065,8,False
W2316,0.065,7,False
W2317,0.065,8,False
W2326,0.065,6,False
W2327,0.065,11,False
W233,0.065,12,False
W2330,0.065,8,False
W2332,0.065,7,False
W2336,0.065,7,False
W2337,0.065,6,False
W2339,0.065,5,False
W234,0.065,0,False
W2342,0.065,9,False
W2348,0.065,8,False
W235,0.065,11,False
W2351,0.065,7,False
W2352,0.065,10,False
W2354,0.065,7,False
W2356,0.065,7,False
W2357,0.065,9,False
W2358,0.065,9,False
W236,0.065,0,False
W2360,0.065,6,False
W2361,0.065,9,False
W2362,0.065,11,False
W2363,0.065,10,False
W2367,0.065,7,False
W2368,0.065,7,False
W237,0.065,10,False
W2370,0.065,8,False
W2375,0.065,9,True
W2377,0.065,6,False
W2378,0.065,10,True
W2379,0.065,5,False
W238,0.065,0,False
W2381,0.065,8,True
W2383,0.065,6,False
W2384,0.065,8,True
W2387,0.065,7,False
W2392,0.065,10,True
W2395,0.065,7,False
W2397,0.065,6,False
W24,0.065,9,False
W240,0.065,0,False
W2400,0.065,9,True
W2402,0.065,9,True
W2404,0.065,6,False
W2405,0.065,10,True
W2407,0.065,6,False
W2409,0.065,8,False
W2410,0.065,6,True
W2412,0.065,12,False
W2417,0.065,7,False
W2418,0.065,9,True
W2420,0.065,6,False
W2422,0.065,6,False
W2423,0.065,6,False
W2424,0.065,9,True
W2427,0.065,7,False
W2428,0.065,12,False
W2429,0.065,6,False
W2431,0.065,6,False
W2432,0.065,6,True
W2435,0.065,6,False
W2436,0.065,6,False
W2437,0.065,6,False
W2439,0.065,7,False
W2440,0.065,6,True
W2441,0.065,6,False
W2443,0.065,6,False
W2445,0.065,7,False
W2446,0.065,9,False
W2447,0.065,6,False
W2448,0.065,4,False
W2449,0.065,10,True
W245,0.065,11,False
W2451,0.065,6,False
W2455,0.065,6,False
W2456,0.065,6,False
W2457,0.065,12,False
W2459,0.065,9,True
W2461,0.065,6,False
W2463,0.065,10,False
W2464,0.065,12,False
W2465,0.065,6,False
W2466,0.065,6,False
W2468,0.065,6,False
W2469,0.065,5,True
W247,0.065,0,False
W2471,0.065,6,False
W2474,0.065,8,False
W2475,0.065,6,False
W2476,0.065,6,False
W2477,0.065,6,False
W2478,0.065,5,True
W2479,0.065,9,True
W2481,0.065,8,False
W2482,0.065,6,False
W2484,0.065,9,False
W2485,0.065,6,True
W2486,0.065,11,False
W2487,0.065,10,False
W2488,0.065,6,False
W2489,0.065,9,True
W249,0.065,0,False
W2490,0.065,10,False
W2492,0.065,7,False
W2495,0.065,6,False
W2496,0.065,10,True
W2497,0.065,6,False
W2498,0.065,4,False
W25,0.065,14,False
W2504,0.065,6,False
W2507,0.065,6,False
W2509,0.065,8,True
W251,0.065,0,False
W2510,0.065,7,False
W2513,0.065,9,True
W2515,0.065,5,False
W2519,0.065,6,False
W2522,0.065,6,True
W2523,0.065,7,False
W2524,0.065,6,False
W2525,0.065,6,False
W2527,0.065,7,False
W2530,0.065,8,False
W2534,0.065,6,False
W2536,0.065,9,False
W2537,0.065,7,False
W2539,0.065,10,True
W2546,0.065,9,True
W2548,0.065,9,False
W2552,0.065,10,False
W2553,0.065,5,False
W2556,0.065,9,True
W2557,0.065,5,True
W2560,0.065,10,False
W2565,0.065,4,True
W2567,0.065,6,False
W2568,0.065,7,False
W2570,0.065,9,True
W2574,0.065,7,False
W2575,0.065,9,True
W2577,0.065,6,False
W2579,0.065,11,False
W2580,0.065,6,True
W2583,0.065,11,False
W2586,0.065,9,True
W2590,0.065,6,False
W2592,0.065,9,True
W2593,0.065,6,True
W2595,0.065,11,False
W2597,0.065,10,True
W2598,0.065,6,True
W2599,0.065,6,False
W2600,0.065,13,False
W2601,0.065,9,True
W2602,0.065,8,False
W2603,0.065,6,True
W2604,0.065,6,False
W2605,0.065,6,False
W2607,0.065,6,True
W2608,0.065,12,False
W2610,0.065,6,False
W2611,0.065,5,False
W2615,0.065,9,True
W2616,0.065,9,False
W262,0.065,0,False
W2622,0.065,6,False
W2623,0.065,6,True
W2624,0.065,10,True
W2625,0.065,7,False
W2626,0.065,6,False
W2627,0.065,7,False
W2628,0.065,10,True
W2632,0.065,6,True
W2635,0.065,6,True
W2638,0.065,6,False
W2642,0.065,5,True
W2646,0.065,4,False
W2648,0.065,6,False
W265,0.065,0,False
W2650,0.065,6,True
W2651,0.065,8,False
W2652,0.065,7,False
W2653,0.065,6,True
W2655,0.065,6,False
W2658,0.065,9,False
W2659,0.065,6,True
W2660,0.065,12,False
W2663,0.065,6,True
W2665,0.065,6,True
W2666,0.065,8,False
W2667,0.065,6,False
W267,0.065,0,False
W2670,0.065,4,False
W2671,0.065,4,True
W2672,0.065,9,False
W2676,0.065,8,False
W2677,0.065,7,False
W2679,0.065,6,True
W2681,0.065,9,False
W2683,0.065,5,False
W2685,0.065,6,True
W2687,0.065,5,True
W2689,0.065,6,True
W269,0.065,0,False
W2692,0.065,6,False
W2693,0.065,6,False
W2694,0.065,6,True
W2697,0.065,7,True
W2698,0.065,6,False
W27,0.065,10,False
W270,0.065,11,False
W2700,0.065,6,True
W2703,0.065,6,False
W2707,0.065,8,False
W2708,0.065,6,False
W271,0.065,0,False
W2710,0.065,6,True
W2712,0.065,6,True
W2713,0.065,6,True
W2715,0.065,4,False
W2719,0.065,6,True
W2720,0.065,6,True
W2722,0.065,6,False
W2724,0.065,6,True
W2725,0.065,8,True
W2730,0.065,12,False
W2734,0.065,6,True
W2735,0.065,7,True
W2736,0.065,6,False
W274,0.065,10,False
W2740,0.065,8,False
W2741,0.065,8,True
W2743,0.065,12,False
W2746,0.065,9,False
W2747,0.065,7,True
W275,0.065,0,False
W2750,0.065,5,False
W2751,0.065,6,False
W2752,0.065,8,False
W2753,0.065,8,False
W2758,0.065,9,False
W276,0.065,10,False
W2761,0.065,6,False
W2766,0.065,6,False
W2767,0.065,6,True
W2768,0.065,13,False
W277,0.065,0,False
W2771,0.065,6,True
W2774,0.065,12,False
W2778,0.065,6,True
W2779,0.065,8,True
W278,0.065,10,False
W2780,0.065,5,False
W2781,0.065,6,False
W2786,0.065,6,False
W2788,0.065,7,False
W2789,0.065,13,False
W2790,0.065,6,False
W2791,0.065,10,False
W2792,0.065,5,False
W2794,0.065,6,True
W2795,0.065,6,False
W2797,0.065,5,False
W28,0.065,11,False
W280,0.065,10,False
W2800,0.065,6,True
W2801,0.065,6,True
W2803,0.065,6,False
W2804,0.065,6,False
W2805,0.065,6,True
W2806,0.065,8,False
W281,0.065,10,False
W2812,0.065,6,True
W2813,0.065,6,False
W2814,0.065,8,True
W2816,0.065,10,False
W2818,0.065,6,True
W2820,0.065,6,False
W2822,0.065,6,False
W2824,0.065,6,False
W2825,0.065,12,False
W2827,0.065,6,True
W2828,0.065,6,True
W283,0.065,10,False
W2833,0.065,6,False
W2835,0.065,7,True
W2837,0.065,6,True
W2838,0.065,6,True
W284,0.065,0,False
W2840,0.065,7,False
W2842,0.065,8,False
W2843,0.065,4,False
W2845,0.065,6,False
W2846,0.065,7,True
W2850,0.065,7,False
W2851,0.065,7,True
W2853,0.065,6,True
W2855,0.065,12,False
W2856,0.065,7,False
W2857,0.065,6,True
W2859,0.065,6,True
W286,0.065,0,False
W2861,0.065,7,False
W2863,0.065,7,True
W2865,0.065,5,False
W2866,0.065,6,True
W2868,0.065,6,False
W2869,0.065,5,False
W2870,0.065,10,False
W2872,0.065,8,True
W2873,0.065,9,False
W2874,0.065,8,True
W2876,0.065,7,False
W2877,0.065,6,False
W288,0.065,0,False
W2880,0.065,6,True
W2881,0.065,7,False
W2883,0.065,10,False
W2884,0.065,5,True
W2885,0.065,11,False
W2886,0.065,4,True
W2887,0.065,6,True
W2888,0.065,7,True
W2889,0.065,7,False
W2892,0.065,6,True
W2893,0.065,7,True
W2894,0.065,7,False
W2895,0.065,12,False
W2897,0.065,7,False
W2898,0.065,6,True
W2900,0.065,7,False
W2902,0.065,6,False
W2903,0.065,8,True
W2904,0.065,5,False
W2907,0.065,6,False
W2910,0.065,7,False
W2911,0.065,4,False
W2913,0.065,8,True
W2914,0.065,9,False
W2916,0.065,6,False
W2917,0.065,6,True
W2918,0.065,8,False
W2919,0.065,3,False
W292,0.065,12,False
W2920,0.065,6,False
W2921,0.065,7,False
W2923,0.065,7,False
W2924,0.065,6,False
W2925,0.065,12,False
W2927,0.065,6,True
W2929,0.065,7,False
W2930,0.065,5,True
W2933,0.065,10,False
W2934,0.065,5,False
W2936,0.065,9,False
W2938,0.065,7,False
W2939,0.065,12,False
W2941,0.065,8,True
W2942,0.065,8,False
W2944,0.065,11,False
W2945,0.065,6,False
W2946,0.065,9,False
W2947,0.065,9,False
W2948,0.065,10,False
W295,0.065,0,False
W2950,0.065,7,False
W2951,0.065,8,False
W2952,0.065,8,False
W2954,0.065,10,False
W2958,0.065,8,False
W2959,0.065,9,False
W296,0.065,0,False
W2963,0.065,7,False
W2964,0.065,7,False
W2966,0.065,4,False
W2967,0.065,6,False
W2968,0.065,8,False
W2970,0.065,6,False
W2971,0.065,7,False
W2972,0.065,6,False
W2973,0.065,5,False
W2974,0.065,7,False
W2975,0.065,6,False
W2978,0.065,6,False
W2979,0.065,6,False
W298,0.065,0,False
W2982,0.065,6,True
W2983,0.065,6,False
W2985,0.065,10,False
W2986,0.065,7,False
W2987,0.065,5,False
W299,0.065,10,False
W2991,0.065,7,False
W2992,0.065,7,False
W2995,0.065,8,False
W2996,0.065,8,False
W2997,0.065,7,False
W2998,0.065,7,False
W2999,0.065,7,False
W3,0.065,15,False
W30,0.065,11,False
W300,0.065,10,False
W301,0.065,10,False
W3012,0.065,9,False
W3013,0.065,7,False
W3020,0.065,6,False
W3021,0.065,9,False
W3024,0.065,10,False
W3029,0.065,10,False
W3030,0.065,12,False
W3031,0.065,9,False
W3032,0.065,9,False
W3034,0.065,14,False
W3035,0.065,7,False
W3038,0.065,11,False
W3039,0.065,12,False
W3042,0.065,4,False
W3043,0.065,7,False
W3046,0.065,7,False
W3047,0.065,5,False
W3050,0.065,7,False
W3052,0.065,9,False
W3054,0.065,9,False
W3055,0.065,12,False
W3056,0.065,9,False
W3058,0.065,12,False
W3059,0.065,8,False
W3060,0.065,14,False
W3061,0.065,9,False
W3062,0.065,7,False
W3063,0.065,11,False
W3066,0.065,12,False
W3067,0.065,6,False
W3071,0.065,12,False
W3074,0.065,8,False
W3075,0.065,8,False
W3079,0.065,6,False
W3085,0.065,8,False
W3086,0.065,7,False
W309,0.065,7,False
W3094,0.065,8,False
W3095,0.065,7,False
W3096,0.065,8,False
W3102,0.065,7,False
W3103,0.065,8,False
W3105,0.065,10,False
W3107,0.065,7,False
W311,0.065,10,False
W3110,0.065,7,False
W3115,0.065,10,False
W3117,0.065,7,False
W3119,0.065,7,False
W312,0.065,10,False
W3123,0.065,5,True
W3124,0.065,8,False
W3125,0.065,5,True
W3127,0.065,10,False
W3128,0.065,7,False
W3129,0.065,7,False
W3130,0.065,10,False
W3133,0.065,5,False
W3134,0.065,10,False
W3136,0.065,5,True
W3137,0.065,7,False
W314,0.065,14,False
W3141,0.065,4,True
W3143,0.065,7,False
W3152,0.065,9,False
W3155,0.065,8,False
W3156,0.065,9,False
W3157,0.065,8,False
W3160,0.065,7,True
W3164,0.065,6,True
W3166,0.065,10,False
W3168,0.065,9,False
W3169,0.065,6,True
W3174,0.065,10,False
W3175,0.065,6,True
W3177,0.065,8,False
W3180,0.065,10,False
W3181,0.065,7,False
W3185,0.065,6,False
W3190,0.065,10,False
W3191,0.065,3,True
W3194,0.065,10,False
W3197,0.065,8,False
W3198,0.065,8,False
W3199,0.065,6,False
W3206,0.065,7,False
W3211,0.065,10,False
W3215,0.065,10,False
W3216,0.065,5,False
W3222,0.065,10,False
W3223,0.065,6,True
W3224,0.065,7,False
W3230,0.065,7,False
W3232,0.065,10,False
W3235,0.065,7,False
W3238,0.065,11,False
W324,0.065,8,False
W3240,0.065,5,False
W3243,0.065,5,False
W3244,0.065,10,False
W3247,0.065,9,False
W3248,0.065,9,False
W3254,0.065,7,False
W3255,0.065,6,True
W3256,0.065,7,False
W3262,0.065,7,False
W3266,0.065,7,False
W3267,0.065,7,False
W3268,0.065,9,False
W327,0.065,10,False
W3274,0.065,2,False
W3276,0.065,7,False
W3277,0.065,6,False
W3281,0.065,10,False
W3282,0.065,4,False
W3283,0.065,8,False
W3285,0.065,6,False
W3287,0.065,9,False
W3290,0.065,6,False
W3292,0.065,7,False
W3293,0.065,7,False
W3294,0.065,9,False
W3296,0.065,7,False
W3299,0.065,5,False
W33,0.065,11,False
W330,0.065,10,False
W3301,0.065,7,False
W3305,0.065,7,False
W3308,0.065,6,False
W3311,0.065,8,False
W3314,0.065,7,False
W3315,0.065,7,False
W3321,0.065,7,False
W3323,0.065,7,False
W333,0.065,10,False
W3335,0.065,7,False
W3336,0.065,7,False
W3338,0.065,7,False
W334,0.065,10,False
W3340,0.065,7,False
W3345,0.065,7,False
W3348,0.065,9,False
W3350,0.065,9,False
W3351,0.065,7,False
W3354,0.065,10,False
W3358,0.065,7,False
W3360,0.065,7,True
W3364,0.065,9,False
W3365,0.065,9,False
W337,0.065,10,False
W3373,0.065,9,False
W3374,0.065,10,False
W3375,0.065,7,False
W3377,0.065,9,False
W338,0.065,10,False
W3380,0.065,7,False
W3384,0.065,7,False
W3389,0.065,11,False
W3392,0.065,8,False
W3393,0.065,8,False
W3394,0.065,7,False
W3395,0.065,7,False
W3396,0.065,7,False
W3398,0.065,7,False
W340,0.065,10,False
W3400,0.065,7,False
W3401,0.065,11,False
W3406,0.065,7,False
W3408,0.065,10,False
W341,0.065,10,False
W3410,0.065,6,False
W3411,0.065,7,False
W3413,0.065,7,False
W3423,0.065,10,False
W3425,0.065,10,False
W3428,0.065,7,False
W343,0.065,8,False
W3436,0.065,10,False
W3438,0.065,9,False
W3440,0.065,6,False
W3442,0.065,10,False
W3446,0.065,7,False
W3447,0.065,4,False
W3449,0.065,6,False
W3453,0.065,7,False
W3456,0.065,7,False
W3459,0.065,6,False
W3463,0.065,5,False
W3464,0.065,8,False
W3465,0.065,10,False
W3468,0.065,6,False
W3472,0.065,7,False
W3476,0.065,7,False
W3477,0.065,7,False
W3479,0.065,9,False
W348,0.065,8,False
W3482,0.065,7,False
W3484,0.065,9,False
W3485,0.065,8,False
W349,0.065,10,False
W3497,0.065,5,False
W3501,0.065,9,False
W3502,0.065,7,False
W3503,0.065,6,False
W3506,0.065,7,False
W351,0.065,10,False
W352,0.065,10,False
W3521,0.065,12,False
W3522,0.065,5,True
W3525,0.065,8,False
W3531,0.065,11,False
W3534,0.065,7,False
W3535,0.065,6,False
W3539,0.065,6,True
W3540,0.065,8,False
W3543,0.065,11,False
W3545,0.065,9,False
W3548,0.065,5,True
W3551,0.065,8,False
W3557,0.065,5,True
W3560,0.065,7,False
W3561,0.065,12,False
W3566,0.065,9,False
W3567,0.065,6,False
W3568,0.065,6,False
W3569,0.065,6,True
W357,0.065,14,False
W3571,0.065,7,False
W3572,0.065,7,False
W3573,0.065,6,False
W3577,0.065,7,False
W3578,0.065,7,False
W3581,0.065,7,False
W3592,0.065,11,False
W36,0.065,10,False
W3602,0.065,7,False
W3605,0.065,9,True
W3610,0.065,6,False
W3611,0.065,8,False
W3614,0.065,9,False
W3615,0.065,8,False
W3616,0.065,10,True
W3619,0.065,9,False
W3627,0.065,11,False
W3629,0.065,11,False
W363,0.065,12,False
W3635,0.065,11,False
W3636,0.065,9,False
W3638,0.065,12,False
W364,0.065,7,False
W3643,0.065,9,False
W3647,0.065,7,False
W365,0.065,8,False
W3650,0.065,12,False
W3657,0.065,8,False
W3658,0.065,7,False
W3660,0.065,13,False
W3663,0.065,11,False
W3667,0.065,12,True
W367,0.065,10,False
W3670,0.065,11,False
W3671,0.065,11,False
W3672,0.065,7,False
W3676,0.065,10,False
W3677,0.065,8,False
W368,0.065,10,False
W3682,0.065,7,False
W3683,0.065,12,False
W3684,0.065,13,False
W3685,0.065,8,False
W3687,0.065,13,False
W369,0.065,10,False
W3691,0.065,9,False
W3692,0.065,9,False
W3693,0.065,7,False
W3697,0.065,11,False
W3699,0.065,9,False
W37,0.065,10,False
W370,0.065,11,False
W3705,0.065,11,False
W3707,0.065,6,True
W3711,0.065,7,False
W3712,0.065,7,False
W3713,0.065,7,False
W3714,0.065,9,False
W3715,0.065,7,True
W3717,0.065,7,False
W3722,0.065,9,False
W3723,0.065,7,False
W3730,0.065,7,False
W3731,0.065,10,False
W3738,0.065,9,False
W3739,0.065,5,True
W374,0.065,8,False
W3740,0.065,7,False
W3743,0.065,7,False
W3744,0.065,7,False
W3745,0.065,10,False
W3746,0.065,7,False
W3747,0.065,9,False
W3748,0.065,9,False
W375,0.065,9,False
W3751,0.065,10,False
W3753,0.065,5,True
W3759,0.065,6,True
W3760,0.065,9,False
W3764,0.065,7,False
W3765,0.065,9,False
W3769,0.065,6,True
W3771,0.065,10,False
W3773,0.065,10,False
W3775,0.065,8,False
W3777,0.065,9,False
W378,0.065,12,False
W3781,0.065,7,False
W3789,0.065,9,False
W379,0.065,10,False
W3791,0.065,7,False
W3792,0.065,8,False
W3794,0.065,7,False
W3796,0.065,8,False
W3800,0.065,10,False
W3802,0.065,7,False
W3803,0.065,7,True
W3805,0.065,10,False
W3807,0.065,9,False
W3808,0.065,10,False
W3814,0.065,6,False
W3815,0.065,9,False
W3816,0.065,7,True
W382,0.065,11,False
W3820,0.065,7,False
W3821,0.065,5,False
W3822,0.065,7,True
W3823,0.065,9,False
W3825,0.065,7,False
W3826,0.065,8,False
W3827,0.065,6,False
W3828,0.065,7,False
W3829,0.065,8,False
W3831,0.065,7,False
W3832,0.065,7,False
W3834,0.065,7,True
W3835,0.065,6,False
W3837,0.065,6,False
W3838,0.065,8,False
W3840,0.065,12,False
W3841,0.065,6,False
W3844,0.065,7,False
W3845,0.065,6,False
W3846,0.065,5,True
W3847,0.065,14,False
W3848,0.065,9,False
W385,0.065,10,False
W3850,0.065,7,False
W3854,0.065,6,True
W3856,0.065,7,False
W3857,0.065,7,False
W3858,0.065,7,False
W386,0.065,10,False
W3860,0.065,11,False
W3861,0.065,7,True
W3865,0.065,7,False
W3869,0.065,9,False
W3874,0.065,7,False
W3876,0.065,8,False
W3877,0.065,6,True
W3878,0.065,6,False
W388,0.065,11,False
W3880,0.065,7,True
W3884,0.065,7,False
W3888,0.065,7,True
W3894,0.065,7,False
W3895,0.065,7,True
W3896,0.065,9,False
W3897,0.065,7,True
W3902,0.065,7,False
W3905,0.065,7,True
W3912,0.065,5,True
W3915,0.065,6,True
W3916,0.065,8,False
W3918,0.065,7,False
W3919,0.065,6,False
W3924,0.065,7,False
W3925,0.065,7,True
W3926,0.065,11,False
W3927,0.065,6,True
W3929,0.065,7,True
W3932,0.065,9,False
W3935,0.065,5,False
W3937,0.065,6,True
W3941,0.065,6,False
W3944,0.065,9,False
W3945,0.065,7,True
W3946,0.065,6,True
W3948,0.065,14,False
W3949,0.065,6,False
W3953,0.065,6,True
W3958,0.065,6,True
W3960,0.065,5,True
W3963,0.065,7,False
W3964,0.065,6,False
W3969,0.065,6,True
W3973,0.065,7,False
W3975,0.065,6,False
W3976,0.065,8,False
W3978,0.065,9,True
W3979,0.065,8,False
W3981,0.065,7,True
W3983,0.065,5,False
W3985,0.065,9,True
W3986,0.065,10,False
W3988,0.065,9,True
W3989,0.065,10,False
W3990,0.065,6,False
W3994,0.065,6,True
W3995,0.065,6,False
W3996,0.065,6,True
W3998,0.065,6,True
W3999,0.065,9,True
W4000,0.065,6,True
W4009,0.065,6,True
W4011,0.065,11,False
W4016,0.065,5,True
W4019,0.065,10,True
W402,0.065,11,False
W4026,0.065,10,True
W4027,0.065,10,True
W4028,0.065,10,True
W4029,0.065,10,True
W403,0.065,10,False
W4031,0.065,10,True
W4032,0.065,9,False
W4033,0.065,11,True
W4034,0.065,10,True
W4035,0.065,10,True
W4036,0.065,6,True
W4037,0.065,10,True
W4038,0.065,10,True
W4039,0.065,10,True
W404,0.065,12,False
W4040,0.065,10,True
W4041,0.065,10,True
W4042,0.065,10,True
W4043,0.065,10,True
W4045,0.065,8,True
W4047,0.065,6,False
W4049,0.065,8,True
W405,0.065,12,False
W4050,0.065,6,False
W4051,0.065,6,True
W4052,0.065,6,True
W4053,0.065,6,True
W4054,0.065,6,False
W4055,0.065,6,True
W4056,0.065,6,True
W406,0.065,14,False
W4060,0.065,6,True
W4061,0.065,11,False
W4062,0.065,6,False
W4064,0.065,8,True
W4065,0.065,8,True
W4067,0.065,8,True
W4068,0.065,6,True
W4076,0.065,7,True
W4080,0.065,10,True
W4082,0.065,10,True
W4084,0.065,10,True
W4085,0.065,10,True
W4087,0.065,8,True
W4088,0.065,8,True
W4089,0.065,8,True
W4090,0.065,4,True
W4091,0.065,6,True
W4092,0.065,4,True
W4093,0.065,5,True
W4095,0.065,5,True
W4097,0.065,6,True
W4098,0.065,6,True
W4099,0.065,6,True
W4100,0.065,6,True
W4101,0.065,5,False
W4103,0.065,6,True
W4104,0.065,6,True
W4105,0.065,6,True
W4106,0.065,6,True
W4107,0.065,6,True
W4108,0.065,4,True
W4109,0.065,10,True
W411,0.065,9,False
W4110,0.065,9,True
W4111,0.065,7,True
W4115,0.065,7,True
W4116,0.065,6,True
W4119,0.065,10,True
W412,0.065,9,False
W4121,0.065,10,True
W413,0.065,9,False
W4130,0.065,10,True
W4131,0.065,6,True
W4132,0.065,6,True
W4133,0.065,9,False
W4134,0.065,5,False
W4135,0.065,9,False
W4137,0.065,5,False
W4138,0.065,9,False
W4139,0.065,9,False
W4140,0.065,9,False
W4141,0.065,6,False
W4148,0.065,9,False
W4149,0.065,6,False
W415,0.065,11,False
W4150,0.065,6,False
W4151,0.065,9,False
W4152,0.065,9,False
W4154,0.065,9,False
W4155,0.065,7,False
W4156,0.065,10,False
W4157,0.065,7,False
W4158,0.065,9,False
W4159,0.065,9,False
W4160,0.065,9,False
W4162,0.065,5,False
W4164,0.065,8,False
W4166,0.065,9,False
W4167,0.065,7,False
W4168,0.065,7,False
W4169,0.065,9,False
W4171,0.065,9,False
W4174,0.065,6,False
W4175,0.065,9,False
W4176,0.065,8,False
W4177,0.065,9,False
W4178,0.065,9,False
W4179,0.065,7,False
W4180,0.065,9,False
W4181,0.065,9,False
W4183,0.065,8,False
W4191,0.065,14,False
W4192,0.065,15,False
W4196,0.065,12,False
W420,0.065,10,False
W4200,0.065,0,False
W4201,0.065,15,False
W4203,0.065,13,False
W4204,0.065,14,False
W4206,0.065,12,False
W4207,0.065,11,False
W4208,0.065,11,False
W4209,0.065,10,False
W4211,0.065,12,False
W4212,0.065,12,False
W4215,0.065,0,False
W4216,0.065,14,False
W4217,0.065,0,False
W4218,0.065,14,False
W4226,0.065,7,False
W4228,0.065,10,True
W4229,0.065,10,True
W4230,0.065,5,False
W4234,0.065,6,False
W4238,0.065,7,False
W4240,0.065,10,True
W4241,0.065,6,True
W4245,0.065,9,True
W4247,0.065,10,True
W4248,0.065,11,False
W4249,0.065,10,True
W4251,0.065,9,True
W4252,0.065,9,True
W4253,0.065,5,False
W4255,0.065,10,True
W4256,0.065,9,True
W4257,0.065,9,True
W4258,0.065,9,True
W4259,0.065,3,True
W426,0.065,10,False
W4260,0.065,9,True
W4261,0.065,9,True
W4262,0.065,9,True
W4265,0.065,6,True
W4266,0.065,10,True
W4267,0.065,6,True
W4268,0.065,5,False
W4269,0.065,10,True
W427,0.065,11,False
W4270,0.065,9,True
W4271,0.065,9,True
W4272,0.065,8,True
W4273,0.065,6,False
W4274,0.065,8,False
W4275,0.065,9,True
W4276,0.065,10,True
W4277,0.065,6,True
W428,0.065,10,False
W4280,0.065,8,True
W4282,0.065,8,True
W4283,0.065,12,True
W4284,0.065,8,True
W4286,0.065,8,True
W4287,0.065,8,True
W4289,0.065,6,True
W4290,0.065,8,True
W4291,0.065,6,True
W4293,0.065,9,True
W4295,0.065,10,True
W4299,0.065,10,True
W4301,0.065,10,True
W4303,0.065,7,True
W4304,0.065,5,False
W4305,0.065,10,True
W4306,0.065,10,True
W4308,0.065,10,True
W4309,0.065,10,True
W4311,0.065,11,False
W4312,0.065,8,True
W4313,0.065,6,False
W4314,0.065,8,True
W4316,0.065,9,True
W4317,0.065,8,False
W4319,0.065,8,True
W4320,0.065,10,True
W4321,0.065,10,True
W4323,0.065,6,True
W4324,0.065,9,False
W4325,0.065,10,True
W4326,0.065,8,True
W4328,0.065,8,True
W4330,0.065,8,True
W4332,0.065,6,True
W4333,0.065,8,False
W4335,0.065,10,True
W4336,0.065,10,True
W4337,0.065,8,True
W4340,0.065,9,True
W4341,0.065,10,True
W4342,0.065,10,True
W4343,0.065,8,True
W4344,0.065,7,True
W4345,0.065,10,True
W4346,0.065,10,True
W4347,0.065,5,True
W4348,0.065,11,True
W4350,0.065,8,True
W4353,0.065,9,True
W4355,0.065,10,True
W4356,0.065,9,True
W4358,0.065,8,True
W4361,0.065,10,True
W4362,0.065,10,True
W4364,0.065,8,True
W4366,0.065,10,True
W4367,0.065,10,True
W4368,0.065,8,True
W4369,0.065,8,False
W4371,0.065,10,True
W4372,0.065,7,True
W4374,0.065,10,True
W4376,0.065,10,True
W4377,0.065,8,True
W4379,0.065,11,True
W4380,0.065,10,True
W4381,0.065,9,False
W4385,0.065,10,True
W4386,0.065,7,False
W4389,0.065,10,False
W4391,0.065,6,True
W4393,0.065,13,False
W4396,0.065,10,True
W4397,0.065,10,True
W4398,0.065,6,False
W4399,0.065,6,True
W4400,0.065,10,True
W4403,0.065,6,True
W4404,0.065,10,True
W4405,0.065,6,True
W4406,0.065,10,True
W4407,0.065,6,True
W4409,0.065,9,True
W4411,0.065,14,False
W4412,0.065,6,True
W4413,0.065,10,True
W4415,0.065,10,True
W4416,0.065,5,True
W4419,0.065,11,False
W442,0.065,11,False
W4420,0.065,9,True
W4424,0.065,5,True
W4428,0.065,7,True
W4431,0.065,6,True
W4432,0.065,9,True
W4435,0.065,9,False
W4438,0.065,10,True
W4439,0.065,9,False
W4441,0.065,10,True
W4442,0.065,11,False
W4443,0.065,6,True
W4445,0.065,9,False
W4447,0.065,11,False
W4448,0.065,6,True
W4449,0.065,8,True
W4452,0.065,6,True
W4455,0.065,11,True
W4457,0.065,10,True
W4458,0.065,7,False
W4459,0.065,6,True
W4461,0.065,7,False
W4464,0.065,6,True
W4466,0.065,10,True
W4468,0.065,9,True
W4469,0.065,10,True
W4471,0.065,9,True
W4473,0.065,6,True
W4474,0.065,8,True
W4475,0.065,6,False
W4476,0.065,9,True
W4477,0.065,6,True
W4481,0.065,8,True
W4484,0.065,2,False
W4485,0.065,10,True
W4487,0.065,6,True
W4488,0.065,10,True
W4490,0.065,10,True
W4491,0.065,10,False
W4495,0.065,10,True
W4499,0.065,5,True
W4500,0.065,10,True
W4502,0.065,10,True
W4503,0.065,8,True
W4505,0.065,6,False
W4506,0.065,5,True
W4509,0.065,7,True
W4510,0.065,6,False
W4513,0.065,4,True
W4516,0.065,8,True
W4517,0.065,6,False
W4519,0.065,10,True
W452,0.065,10,False
W4520,0.065,5,True
W4522,0.065,6,False
W4523,0.065,8,True
W4524,0.065,10,True
W4525,0.065,6,True
W4526,0.065,11,True
W4528,0.065,10,True
W4530,0.065,7,True
W4531,0.065,7,True
W4532,0.065,9,False
W4533,0.065,5,True
W4534,0.065,11,False
W4536,0.065,10,True
W4537,0.065,7,False
W4538,0.065,8,True
W4539,0.065,4,True
W4540,0.065,6,True
W4541,0.065,6,False
W4542,0.065,10,True
W4543,0.065,10,True
W4545,0.065,9,False
W4548,0.065,5,False
W4549,0.065,10,True
W4550,0.065,10,True
W4551,0.065,6,False
W4553,0.065,10,True
W4554,0.065,6,False
W4557,0.065,10,True
W4558,0.065,8,True
W4561,0.065,7,True
W4562,0.065,10,True
W4563,0.065,10,True
W4565,0.065,8,False
W4570,0.065,10,True
W4571,0.065,10,True
W4572,0.065,6,False
W4574,0.065,8,True
W4575,0.065,7,True
W4578,0.065,9,False
W4579,0.065,7,True
W4583,0.065,8,True
W4584,0.065,8,False
W4588,0.065,6,False
W4590,0.065,10,True
W4591,0.065,7,True
W4593,0.065,7,True
W4596,0.065,6,True
W4597,0.065,8,False
W4598,0.065,8,True
W4599,0.065,6,False
W46,0.065,0,False
W4601,0.065,6,False
W4603,0.065,4,False
W4606,0.065,7,True
W4607,0.065,6,False
W4609,0.065,10,True
W4610,0.065,10,True
W4611,0.065,5,False
W4612,0.065,9,False
W4616,0.065,8,True
W4618,0.065,8,True
W4619,0.065,10,True
W4620,0.065,11,True
W4621,0.065,9,False
W4622,0.065,5,True
W4624,0.065,10,True
W4626,0.065,5,True
W4629,0.065,6,True
W4634,0.065,9,True
W4636,0.065,4,True
W4637,0.065,6,True
W4642,0.065,6,True
W4643,0.065,10,True
W4647,0.065,10,True
W4648,0.065,8,False
W4649,0.065,10,True
W465,0.065,10,False
W4650,0.065,10,True
W4651,0.065,6,True
W4652,0.065,7,False
W4653,0.065,8,True
W4656,0.065,10,True
W4657,0.065,10,True
W4659,0.065,10,True
W4660,0.065,9,True
W4663,0.065,8,False
W4664,0.065,10,True
W4665,0.065,10,True
W4667,0.065,10,True
W4671,0.065,9,False
W4672,0.065,9,True
W4675,0.065,9,False
W4677,0.065,13,False
W4678,0.065,8,False
W4679,0.065,10,True
W4680,0.065,9,True
W4683,0.065,10,True
W4686,0.065,9,False
W4687,0.065,10,True
W469,0.065,9,False
W4690,0.065,2,True
W4692,0.065,9,True
W4694,0.065,8,False
W4696,0.065,7,False
W470,0.065,10,False
W4700,0.065,9,True
W4702,0.065,7,False
W4704,0.065,6,True
W4705,0.065,8,False
W4707,0.065,10,True
W4708,0.065,7,True
W471,0.065,10,False
W4714,0.065,10,True
W4715,0.065,8,True
W4716,0.065,11,False
W4718,0.065,10,True
W472,0.065,11,False
W4721,0.065,6,False
W4724,0.065,5,True
W4725,0.065,7,True
W4727,0.065,9,False
W4728,0.065,6,False
W4729,0.065,10,True
W473,0.065,10,False
W4730,0.065,8,False
W4733,0.065,7,False
W4734,0.065,8,True
W4735,0.065,7,True
W4736,0.065,5,False
W4737,0.065,7,True
W4739,0.065,10,True
W474,0.065,10,False
W4741,0.065,10,True
W4743,0.065,7,False
W4744,0.065,7,True
W4746,0.065,9,True
W4747,0.065,7,True
W4748,0.065,5,False
W4751,0.065,7,True
W4752,0.065,7,True
W4753,0.065,5,False
W4754,0.065,10,True
W4755,0.065,9,True
W4756,0.065,11,False
W4757,0.065,9,False
W4759,0.065,6,False
W4760,0.065,7,True
W4765,0.065,10,True
W4767,0.065,5,False
W4770,0.065,9,True
W4775,0.065,9,True
W4780,0.065,6,False
W4782,0.065,6,False
W4783,0.065,6,False
W4784,0.065,9,True
W4787,0.065,6,False
W4789,0.065,4,True
W4791,0.065,6,False
W4792,0.065,9,True
W4794,0.065,11,False
W4796,0.065,6,False
W4797,0.065,5,True
W4798,0.065,5,True
W4799,0.065,7,True
W4802,0.065,7,True
W4805,0.065,5,True
W4806,0.065,5,True
W4807,0.065,5,False
W4808,0.065,6,False
W481,0.065,9,False
W4810,0.065,5,True
W4811,0.065,8,True
W4813,0.065,6,True
W4814,0.065,4,False
W4815,0.065,6,False
W4817,0.065,10,True
W4819,0.065,8,True
W4821,0.065,6,True
W4822,0.065,5,True
W4827,0.065,6,True
W4828,0.065,5,True
W4829,0.065,11,True
W483,0.065,7,False
W4831,0.065,9,True
W4832,0.065,6,False
W4833,0.065,10,True
W4834,0.065,13,False
W4835,0.065,7,True
W4836,0.065,7,True
W4837,0.065,7,False
W4840,0.065,7,True
W4841,0.065,10,True
W4842,0.065,9,False
W4846,0.065,8,True
W4849,0.065,9,True
W485,0.065,10,False
W4850,0.065,7,False
W4851,0.065,9,True
W4852,0.065,5,False
W4853,0.065,9,True
W4854,0.065,8,True
W4855,0.065,10,True
W4857,0.065,9,False
W4858,0.065,6,True
W486,0.065,10,False
W4860,0.065,9,True
W4862,0.065,9,True
W4865,0.065,10,False
W4869,0.065,5,True
W487,0.065,10,False
W4870,0.065,9,True
W4871,0.065,10,True
W4875,0.065,6,False
W4878,0.065,9,True
W488,0.065,10,False
W4882,0.065,10,True
W4884,0.065,7,True
W4888,0.065,6,False
W489,0.065,10,False
W4890,0.065,9,True
W4892,0.065,10,True
W4893,0.065,9,True
W4895,0.065,10,True
W4899,0.065,9,True
W49,0.065,0,False
W490,0.065,10,False
W4900,0.065,7,True
W4901,0.065,10,True
W4907,0.065,9,True
W491,0.065,10,False
W4913,0.065,8,True
W4914,0.065,8,True
W4915,0.065,10,True
W4916,0.065,10,True
W4918,0.065,8,True
W4919,0.065,6,False
W492,0.065,7,False
W4920,0.065,8,True
W4921,0.065,9,True
W4923,0.065,10,True
W4924,0.065,11,False
W4926,0.065,8,True
W4928,0.065,5,True
W493,0.065,10,False
W4930,0.065,9,True
W4932,0.065,5,True
W4934,0.065,10,True
W4939,0.065,9,True
W4944,0.065,7,True
W4945,0.065,7,True
W4946,0.065,9,True
W4947,0.065,9,False
W4949,0.065,10,True
W4950,0.065,9,True
W4952,0.065,9,False
W4957,0.065,9,False
W4958,0.065,6,True
W496,0.065,10,False
W4964,0.065,5,True
W4967,0.065,4,True
W4968,0.065,7,False
W4969,0.065,5,False
W497,0.065,10,False
W4973,0.065,8,True
W4974,0.065,8,True
W4976,0.065,9,True
W4979,0.065,6,True
W4984,0.065,4,True
W4988,0.065,5,True
W4990,0.065,9,True
W4991,0.065,6,False
W4992,0.065,10,True
W4993,0.065,10,True
W4994,0.065,11,False
W4997,0.065,9,True
W4998,0.065,9,True
W4999,0.065,9,True
W5002,0.065,8,True
W5005,0.065,5,False
W5007,0.065,4,False
W5008,0.065,6,False
W5009,0.065,6,False
W5010,0.065,6,False
W5013,0.065,6,False
W5014,0.065,6,False
W5015,0.065,6,False
W5016,0.065,5,False
W5018,0.065,8,False
W5019,0.065,6,False
W5020,0.065,6,False
W5021,0.065,2,False
W5022,0.065,3,False
W5025,0.065,6,False
W5028,0.065,6,False
W5029,0.065,6,False
W503,0.065,3,False
W5030,0.065,8,False
W5031,0.065,6,False
W5032,0.065,6,False
W5033,0.065,10,False
W5034,0.065,7,False
W5035,0.065,2,False
W5037,0.065,9,False
W504,0.065,6,False
W5040,0.065,10,False
W5045,0.065,7,False
W5048,0.065,5,False
W5049,0.065,4,False
W505,0.065,6,False
W5050,0.065,5,False
W5053,0.065,5,False
W5055,0.065,5,False
W5056,0.065,5,False
W5057,0.065,5,False
W5058,0.065,5,False
W5059,0.065,5,False
W506,0.065,6,False
W5062,0.065,4,False
W5063,0.065,6,False
W5064,0.065,6,False
W5065,0.065,6,False
W5066,0.065,7,False
W5067,0.065,6,False
W507,0.065,6,False
W5073,0.065,6,False
W5076,0.065,6,False
W5084,0.065,8,False
W5087,0.065,7,False
W509,0.065,6,False
W51,0.065,5,False
W5103,0.065,7,True
W5104,0.065,10,True
W5106,0.065,7,False
W5108,0.065,7,False
W5110,0.065,7,True
W5112,0.065,7,False
W5113,0.065,8,False
W5117,0.065,6,False
W5118,0.065,7,True
W512,0.065,9,False
W5121,0.065,6,True
W5123,0.065,6,False
W5125,0.065,15,False
W513,0.065,6,False
W5132,0.065,6,True
W5134,0.065,13,False
W5137,0.065,6,False
W5138,0.065,8,True
W514,0.065,5,False
W5142,0.065,7,True
W5146,0.065,7,False
W515,0.065,6,False
W5151,0.065,6,True
W5155,0.065,7,False
W5157,0.065,8,False
W5158,0.065,14,False
W516,0.065,6,False
W5162,0.065,13,False
W5163,0.065,10,False
W5165,0.065,7,True
W5166,0.065,7,True
W5167,0.065,7,True
W5168,0.065,7,True
W5169,0.065,7,True
W5170,0.065,7,True
W5171,0.065,6,True
W5173,0.065,7,True
W5174,0.065,7,True
W5176,0.065,7,True
W5177,0.065,7,True
W5178,0.065,7,True
W5179,0.065,7,True
W518,0.065,6,False
W5180,0.065,7,True
W5181,0.065,7,True
W5189,0.065,6,True
W519,0.065,5,False
W5190,0.065,11,False
W5191,0.065,6,True
W5192,0.065,6,True
W5193,0.065,6,True
W5194,0.065,10,True
W5195,0.065,6,True
W5196,0.065,6,True
W5197,0.065,6,True
W5198,0.065,8,True
W5201,0.065,6,True
W5203,0.065,6,True
W5205,0.065,12,True
W5209,0.065,6,True
W5213,0.065,6,True
W5214,0.065,6,True
W5215,0.065,6,True
W5216,0.065,7,True
W5219,0.065,6,True
W5220,0.065,6,True
W5221,0.065,6,True
W5222,0.065,6,True
W5223,0.065,6,True
W5224,0.065,6,True
W5226,0.065,7,True
W5227,0.065,6,True
W5228,0.065,6,True
W5229,0.065,6,True
W5230,0.065,6,True
W5233,0.065,6,True
W5234,0.065,6,True
W5240,0.065,6,True
W5243,0.065,6,False
W5244,0.065,7,False
W5247,0.065,6,True
W5248,0.065,6,True
W5249,0.065,6,True
W5250,0.065,6,True
W5251,0.065,5,True
W5254,0.065,10,True
W5256,0.065,7,True
W5259,0.065,7,True
W5260,0.065,6,False
W5266,0.065,7,True
W5268,0.065,14,False
W5270,0.065,7,True
W5271,0.065,6,False
W5272,0.065,5,False
W5273,0.065,8,True
W5274,0.065,0,False
W5275,0.065,7,False
W5276,0.065,6,False
W5280,0.065,6,False
W5281,0.065,7,True
W5283,0.065,6,False
W5286,0.065,7,True
W5287,0.065,7,True
W5288,0.065,6,False
W5289,0.065,6,False
W5290,0.065,11,True
W5292,0.065,11,False
W5293,0.065,0,False
W5294,0.065,6,False
W5295,0.065,7,True
W5297,0.065,6,False
W5298,0.065,7,True
W5299,0.065,7,True
W530,0.065,6,False
W5301,0.065,12,False
W5302,0.065,13,False
W5303,0.065,10,True
W5305,0.065,10,False
W5306,0.065,13,False
W5307,0.065,7,True
W5309,0.065,6,False
W531,0.065,6,False
W5312,0.065,5,False
W5313,0.065,6,False
W5314,0.065,12,False
W5315,0.065,7,True
W5316,0.065,12,False
W5319,0.065,5,False
W532,0.065,6,False
W5321,0.065,7,False
W5323,0.065,7,True
W5325,0.065,7,False
W5329,0.065,7,False
W533,0.065,6,False
W5330,0.065,7,True
W5332,0.065,6,False
W5336,0.065,6,False
W5337,0.065,6,True
W5339,0.065,7,True
W534,0.065,6,False
W5341,0.065,8,True
W5342,0.065,8,True
W5344,0.065,10,False
W5345,0.065,6,False
W5346,0.065,8,True
W5348,0.065,7,False
W535,0.065,7,False
W5353,0.065,7,False
W5354,0.065,8,True
W5356,0.065,7,False
W536,0.065,9,False
W5364,0.065,6,True
W5365,0.065,6,True
W5366,0.065,6,True
W5368,0.065,6,True
W5369,0.065,6,True
W537,0.065,6,False
W5371,0.065,6,True
W5372,0.065,7,True
W5373,0.065,6,True
W5374,0.065,7,True
W5375,0.065,7,True
W5376,0.065,6,True
W5377,0.065,7,True
W5378,0.065,8,True
W5379,0.065,8,True
W538,0.065,6,False
W5380,0.065,7,True
W5381,0.065,6,True
W5382,0.065,7,True
W5383,0.065,7,True
W5385,0.065,10,True
W5386,0.065,7,True
W5387,0.065,6,True
W5388,0.065,10,True
W5390,0.065,10,True
W5391,0.065,10,True
W5392,0.065,10,True
W5393,0.065,9,True
W5395,0.065,10,True
W5396,0.065,9,True
W5397,0.065,7,True
W54,0.065,10,False
W540,0.065,6,False
W5402,0.065,10,True
W5403,0.065,10,True
W5404,0.065,10,True
W5405,0.065,10,True
W5406,0.065,9,True
W5408,0.065,9,True
W5410,0.065,6,True
W5411,0.065,6,True
W5412,0.065,6,True
W5415,0.065,7,True
W5416,0.065,7,True
W5417,0.065,7,True
W5418,0.065,9,True
W5419,0.065,9,True
W542,0.065,6,False
W5420,0.065,7,True
W5421,0.065,7,True
W5423,0.065,11,False
W5424,0.065,8,False
W5425,0.065,6,True
W5428,0.065,6,True
W5429,0.065,8,True
W543,0.065,6,False
W5430,0.065,7,True
W5431,0.065,8,True
W5432,0.065,7,True
W5436,0.065,7,True
W5438,0.065,7,True
W544,0.065,6,False
W5440,0.065,11,False
W5441,0.065,7,False
W5442,0.065,8,True
W5445,0.065,7,False
W5446,0.065,5,False
W5447,0.065,6,False
W5449,0.065,10,True
W545,0.065,6,False
W5450,0.065,10,False
W5451,0.065,13,False
W5452,0.065,5,False
W5453,0.065,7,True
W5454,0.065,6,False
W5455,0.065,13,False
W5456,0.065,7,True
W5457,0.065,7,False
W5461,0.065,7,False
W5462,0.065,6,False
W5464,0.065,6,True
W5466,0.065,6,False
W5467,0.065,7,False
W5468,0.065,14,False
W547,0.065,6,False
W5470,0.065,6,True
W5472,0.065,6,False
W5473,0.065,7,True
W5479,0.065,6,False
W5480,0.065,6,False
W5481,0.065,7,True
W5482,0.065,7,False
W5483,0.065,7,True
W5484,0.065,6,False
W5486,0.065,14,False
W5488,0.065,7,False
W5489,0.065,7,True
W5490,0.065,6,False
W5491,0.065,7,False
W5493,0.065,7,True
W5494,0.065,7,False
W5495,0.065,6,True
W5497,0.065,6,False
W550,0.065,6,False
W5500,0.065,6,False
W5501,0.065,7,False
W5502,0.065,6,True
W5503,0.065,6,True
W5506,0.065,6,False
W5507,0.065,6,True
W551,0.065,6,False
W5510,0.065,6,True
W5511,0.065,14,False
W5512,0.065,6,False
W5513,0.065,14,False
W5514,0.065,6,True
W5515,0.065,7,True
W5517,0.065,7,True
W5519,0.065,6,False
W552,0.065,6,False
W5521,0.065,5,False
W5522,0.065,7,True
W5523,0.065,6,False
W5524,0.065,6,False
W5525,0.065,7,True
W5526,0.065,13,False
W553,0.065,6,False
W5532,0.065,7,True
W5533,0.065,5,False
W5535,0.065,6,False
W5538,0.065,7,True
W5539,0.065,6,False
W5540,0.065,6,True
W5542,0.065,6,False
W5543,0.065,10,True
W5545,0.065,11,False
W5548,0.065,6,False
W5549,0.065,6,False
W5552,0.065,9,True
W5553,0.065,13,False
W5554,0.065,6,True
W5556,0.065,6,False
W5559,0.065,13,False
W5564,0.065,7,True
W557,0.065,5,False
W5576,0.065,14,False
W5577,0.065,5,False
W5579,0.065,5,False
W5584,0.065,6,True
W5585,0.065,14,False
W5586,0.065,7,True
W5588,0.065,0,False
W5589,0.065,10,True
W5590,0.065,5,False
W5591,0.065,6,True
W5592,0.065,7,True
W5593,0.065,0,False
W5595,0.065,10,True
W5597,0.065,6,False
W5598,0.065,5,False
W56,0.065,7,False
W5600,0.065,6,False
W5601,0.065,0,False
W5602,0.065,8,True
W5603,0.065,4,False
W5605,0.065,7,True
W5606,0.065,5,False
W5607,0.065,10,True
W5608,0.065,8,True
W5609,0.065,7,False
W5610,0.065,0,False
W5613,0.065,10,True
W5614,0.065,7,False
W5615,0.065,5,False
W5616,0.065,7,True
W5618,0.065,7,True
W5619,0.065,8,True
W5622,0.065,6,False
W5623,0.065,7,False
W5625,0.065,7,True
W5628,0.065,10,True
W5629,0.065,12,False
W5630,0.065,7,False
W5631,0.065,7,True
W5634,0.065,6,False
W5636,0.065,6,False
W5637,0.065,7,False
W5638,0.065,12,False
W5639,0.065,7,True
W5641,0.065,10,True
W5642,0.065,6,False
W5643,0.065,8,True
W5644,0.065,7,False
W5646,0.065,7,True
W5647,0.065,10,True
W5648,0.065,6,False
W5649,0.065,8,True
W565,0.065,4,False
W5650,0.065,8,True
W5651,0.065,4,False
W5653,0.065,7,True
W5654,0.065,7,False
W5656,0.065,7,True
W5658,0.065,7,False
W5659,0.065,10,True
W566,0.065,5,False
W5661,0.065,7,False
W5662,0.065,5,False
W5664,0.065,6,False
W5665,0.065,8,True
W5666,0.065,7,True
W5667,0.065,6,False
W5668,0.065,7,False
W5670,0.065,10,True
W5672,0.065,6,True
W5673,0.065,7,True
W5674,0.065,6,False
W5675,0.065,7,False
W5676,0.065,7,False
W5677,0.065,12,False
W5678,0.065,6,False
W5679,0.065,6,True
W5680,0.065,7,True
W5681,0.065,7,False
W5683,0.065,10,True
W5684,0.065,7,False
W5685,0.065,7,True
W5686,0.065,7,True
W5688,0.065,5,False
W5689,0.065,6,True
W569,0.065,5,False
W5690,0.065,6,False
W5691,0.065,10,True
W5692,0.065,7,False
W5695,0.065,13,False
W5696,0.065,7,False
W5697,0.065,10,True
W5698,0.065,7,False
W5699,0.065,6,False
W57,0.065,7,False
W570,0.065,5,False
W5700,0.065,5,False
W5701,0.065,6,False
W5702,0.065,6,True
W5703,0.065,6,True
W5707,0.065,13,False
W5708,0.065,7,True
W5709,0.065,5,False
W5710,0.065,6,True
W5711,0.065,7,False
W5712,0.065,6,True
W5716,0.065,6,False
W5717,0.065,6,False
W5718,0.065,6,True
W5722,0.065,6,True
W5723,0.065,6,True
W5724,0.065,7,False
W5729,0.065,6,True
W5730,0.065,6,True
W5731,0.065,6,False
W5736,0.065,7,False
W5737,0.065,6,True
W5740,0.065,6,True
W5742,0.065,7,False
W5743,0.065,6,True
W5744,0.065,7,True
W5746,0.065,6,True
W5748,0.065,6,False
W5749,0.065,7,False
W5751,0.065,6,True
W5752,0.065,7,True
W5753,0.065,11,False
W5754,0.065,3,False
W5756,0.065,7,False
W5757,0.065,6,True
W5758,0.065,7,True
W5759,0.065,11,False
W5761,0.065,6,True
W5762,0.065,7,True
W5765,0.065,6,False
W5767,0.065,7,False
W5768,0.065,6,True
W5769,0.065,7,True
W5771,0.065,6,False
W5773,0.065,6,False
W5774,0.065,6,True
W5775,0.065,7,True
W5776,0.065,7,True
W5778,0.065,6,False
W5779,0.065,6,False
W578,0.065,6,False
W5780,0.065,6,True
W5783,0.065,6,True
W5786,0.065,6,False
W5788,0.065,12,False
W5789,0.065,7,True
W5791,0.065,6,True
W5792,0.065,7,True
W5794,0.065,6,False
W5797,0.065,8,True
W5798,0.065,6,False
W5799,0.065,6,False
W5801,0.065,6,False
W5802,0.065,7,True
W5803,0.065,7,True
W5804,0.065,6,False
W5806,0.065,7,False
W5807,0.065,6,True
W5808,0.065,6,False
W5809,0.065,7,False
W5810,0.065,8,True
W5811,0.065,7,True
W5813,0.065,11,False
W5817,0.065,6,False
W5818,0.065,6,True
W5819,0.065,6,True
W5821,0.065,6,False
W5822,0.065,4,False
W5823,0.065,8,True
W5824,0.065,10,False
W5825,0.065,10,True
W5828,0.065,5,False
W5829,0.065,6,True
W583,0.065,3,False
W5833,0.065,6,True
W5834,0.065,8,True
W5835,0.065,12,False
W5837,0.065,6,False
W5838,0.065,7,False
W5839,0.065,6,False
W584,0.065,3,False
W5840,0.065,6,False
W5841,0.065,6,True
W5842,0.065,6,True
W5844,0.065,12,False
W5845,0.065,6,True
W5848,0.065,6,True
W5849,0.065,6,False
W585,0.065,3,False
W5850,0.065,6,True
W5851,0.065,6,False
W5852,0.065,6,True
W5853,0.065,7,False
W5855,0.065,6,True
W5856,0.065,5,False
W5857,0.065,11,False
W5858,0.065,7,True
W5859,0.065,5,False
W586,0.065,6,False
W5864,0.065,7,False
W5865,0.065,6,False
W5866,0.065,6,False
W5868,0.065,7,False
W587,0.065,6,False
W5870,0.065,13,False
W5873,0.065,6,False
W5875,0.065,11,False
W5876,0.065,6,False
W5878,0.065,7,False
W588,0.065,6,False
W5880,0.065,7,False
W5881,0.065,8,True
W5882,0.065,14,False
W5883,0.065,6,False
W5886,0.065,7,True
W5888,0.065,6,False
W5889,0.065,12,False
W589,0.065,6,False
W5891,0.065,6,False
W5893,0.065,7,True
W5894,0.065,8,False
W5895,0.065,6,False
W5896,0.065,7,True
W5897,0.065,6,False
W5898,0.065,13,False
W59,0.065,9,False
W590,0.065,6,False
W5902,0.065,6,False
W5903,0.065,6,False
W5904,0.065,6,False
W5906,0.065,6,True
W5907,0.065,7,False
W5908,0.065,7,True
W5909,0.065,6,False
W591,0.065,6,False
W5910,0.065,6,False
W5911,0.065,6,True
W5915,0.065,6,False
W5916,0.065,14,False
W5917,0.065,6,False
W5918,0.065,6,True
W5920,0.065,8,True
W5921,0.065,10,False
W5922,0.065,6,True
W5924,0.065,8,True
W5925,0.065,6,False
W5928,0.065,6,True
W5929,0.065,14,False
W5930,0.065,8,True
W5931,0.065,8,True
W5932,0.065,7,False
W5935,0.065,10,False
W5936,0.065,6,False
W594,0.065,7,False
W5940,0.065,3,False
W5941,0.065,7,True
W5947,0.065,6,False
W5948,0.065,6,False
W5949,0.065,6,False
W595,0.065,6,False
W5953,0.065,7,True
W5956,0.065,5,False
W5957,0.065,11,False
W5958,0.065,12,False
W5960,0.065,7,False
W5961,0.065,7,False
W5962,0.065,8,True
W5963,0.065,14,False
W5964,0.065,7,False
W5966,0.065,8,False
W5967,0.065,6,False
W5968,0.065,12,False
W5969,0.065,5,False
W597,0.065,5,False
W5970,0.065,7,True
W5973,0.065,8,True
W5974,0.065,6,False
W5975,0.065,5,False
W5979,0.065,10,True
W598,0.065,7,False
W5981,0.065,5,False
W5983,0.065,5,False
W5984,0.065,7,True
W5986,0.065,9,False
W5988,0.065,5,False
W5989,0.065,5,False
W599,0.065,9,False
W5992,0.065,11,False
W5993,0.065,11,False
W5994,0.065,8,True
W5996,0.065,7,True
W5997,0.065,6,False
W5998,0.065,7,True
W5999,0.065,7,True
W6,0.065,14,False
W60,0.065,4,False
W6000,0.065,7,True
W6002,0.065,5,False
W6004,0.065,7,False
W6005,0.065,7,False
W6008,0.065,5,False
W6010,0.065,6,False
W6015,0.065,7,False
W6016,0.065,6,False
W6017,0.065,5,False
W6020,0.065,6,False
W6021,0.065,7,False
W6023,0.065,7,False
W603,0.065,6,False
W6032,0.065,7,False
W6034,0.065,6,False
W6036,0.065,6,False
W6039,0.065,5,False
W6040,0.065,6,False
W6041,0.065,6,False
W6045,0.065,7,False
W6048,0.065,6,False
W6049,0.065,6,False
W6050,0.065,6,False
W6056,0.065,6,False
W6057,0.065,6,False
W6058,0.065,8,False
W606,0.065,9,False
W6065,0.065,5,False
W6067,0.065,7,False
W6068,0.065,6,False
W6069,0.065,6,False
W607,0.065,9,False
W6070,0.065,6,False
W6072,0.065,6,False
W6076,0.065,6,False
W6077,0.065,6,False
W6079,0.065,7,False
W6081,0.065,7,False
W6083,0.065,5,False
W6088,0.065,6,False
W6089,0.065,6,False
W6090,0.065,6,False
W6091,0.065,6,False
W6092,0.065,6,False
W6093,0.065,6,False
W6094,0.065,6,False
W6095,0.065,6,False
W6096,0.065,6,False
W6097,0.065,6,False
W6098,0.065,6,False
W6099,0.065,6,False
W61,0.065,6,False
W610,0.065,14,False
W6100,0.065,6,False
W6101,0.065,6,False
W6102,0.065,6,False
W6103,0.065,6,False
W6104,0.065,7,False
W6105,0.065,6,False
W6106,0.065,6,False
W6107,0.065,6,False
W6108,0.065,6,False
W6109,0.065,6,False
W6111,0.065,7,False
W6112,0.065,7,False
W6113,0.065,6,False
W6115,0.065,6,False
W6116,0.065,7,False
W6117,0.065,6,False
W6119,0.065,7,False
W612,0.065,6,False
W6120,0.065,7,False
W6121,0.065,0,False
W6126,0.065,6,False
W6127,0.065,6,False
W6129,0.065,6,False
W6130,0.065,0,False
W6131,0.065,6,False
W6132,0.065,6,False
W6133,0.065,5,False
W6135,0.065,5,False
W6136,0.065,6,False
W6138,0.065,8,False
W6140,0.065,0,False
W6141,0.065,6,False
W6142,0.065,6,False
W6143,0.065,6,False
W6144,0.065,6,False
W6149,0.065,0,False
W6150,0.065,6,False
W6151,0.065,0,False
W6159,0.065,6,False
W6160,0.065,6,False
W6161,0.065,0,False
W6162,0.065,6,False
W6163,0.065,7,False
W6164,0.065,6,False
W6166,0.065,7,False
W6168,0.065,5,False
W6169,0.065,7,False
W617,0.065,6,False
W6170,0.065,0,False
W6172,0.065,7,False
W6173,0.065,5,False
W6175,0.065,6,False
W6177,0.065,8,False
W6180,0.065,7,False
W6181,0.065,6,False
W6190,0.065,7,False
W6193,0.065,7,False
W6196,0.065,6,False
W6199,0.065,7,False
W620,0.065,7,False
W6200,0.065,7,False
W6201,0.065,7,False
W6205,0.065,7,False
W6206,0.065,6,False
W6208,0.065,7,False
W621,0.065,12,False
W6211,0.065,9,False
W6213,0.065,7,False
W6215,0.065,6,False
W6216,0.065,8,False
W6219,0.065,7,False
W6220,0.065,4,False
W6224,0.065,6,False
W6226,0.065,8,False
W6227,0.065,7,False
W6230,0.065,9,False
W6232,0.065,8,False
W6233,0.065,7,False
W6236,0.065,7,False
W6239,0.065,8,False
W6241,0.065,7,False
W6242,0.065,6,False
W6246,0.065,8,False
W6247,0.065,7,False
W6251,0.065,5,False
W6252,0.065,6,False
W6253,0.065,6,False
W6256,0.065,7,False
W6257,0.065,5,False
W6258,0.065,4,False
W6260,0.065,10,False
W6261,0.065,6,False
W6265,0.065,12,False
W6268,0.065,6,False
W6270,0.065,7,False
W6271,0.065,6,False
W6276,0.065,9,False
W6277,0.065,7,False
W6278,0.065,5,False
W6280,0.065,6,False
W6282,0.065,6,False
W6284,0.065,5,False
W6285,0.065,7,False
W6287,0.065,7,False
W6288,0.065,7,False
W6289,0.065,7,False
W629,0.065,6,False
W6290,0.065,6,False
W6291,0.065,6,False
W6292,0.065,7,False
W6293,0.065,7,False
W6295,0.065,7,False
W6296,0.065,5,False
W6299,0.065,7,False
W6300,0.065,8,False
W6301,0.065,9,False
W6307,0.065,6,False
W6308,0.065,7,False
W6310,0.065,5,False
W6311,0.065,6,False
W6313,0.065,6,False
W6314,0.065,6,False
W6323,0.065,6,False
W6325,0.065,8,False
W6327,0.065,6,False
W6337,0.065,7,False
W6338,0.065,5,False
W6339,0.065,7,False
W6340,0.065,5,False
W6345,0.065,5,False
W6346,0.065,6,False
W6350,0.065,7,False
W6352,0.065,7,False
W6355,0.065,12,False
W6357,0.065,7,False
W6360,0.065,7,False
W6362,0.065,7,False
W6363,0.065,6,False
W6364,0.065,8,False
W6368,0.065,7,False
W6375,0.065,7,False
W6378,0.065,8,False
W6381,0.065,6,False
W6384,0.065,7,False
W6385,0.065,0,False
W6386,0.065,7,False
W6387,0.065,6,False
W6388,0.065,6,False
W6389,0.065,5,False
W639,0.065,0,False
W6390,0.065,6,False
W6391,0.065,7,False
W6392,0.065,0,False
W6393,0.065,6,False
W6394,0.065,7,False
W6396,0.065,7,False
W6398,0.065,5,False
W640,0.065,6,False
W6400,0.065,7,False
W6401,0.065,0,False
W6402,0.065,7,False
W6403,0.065,7,False
W6408,0.065,6,False
W6409,0.065,10,False
W641,0.065,0,False
W6410,0.065,6,False
W6413,0.065,7,False
W6414,0.065,5,False
W6415,0.065,7,False
W6416,0.065,6,False
W6417,0.065,7,False
W6420,0.065,6,False
W6422,0.065,6,False
W6423,0.065,6,False
W6424,0.065,7,False
W6425,0.065,7,False
W6427,0.065,7,False
W6429,0.065,5,False
W6431,0.065,6,False
W6432,0.065,6,False
W6435,0.065,7,False
W6437,0.065,7,False
W6438,0.065,6,False
W6439,0.065,6,False
W644,0.065,0,False
W6440,0.065,6,False
W6441,0.065,10,False
W6442,0.065,7,False
W6444,0.065,10,False
W6447,0.065,6,False
W645,0.065,6,False
W6450,0.065,6,False
W6451,0.065,7,False
W6452,0.065,4,False
W6453,0.065,7,False
W6454,0.065,7,False
W6457,0.065,6,False
W646,0.065,0,False
W6460,0.065,7,False
W6461,0.065,6,False
W6462,0.065,6,False
W6464,0.065,7,False
W6465,0.065,5,False
W6469,0.065,7,False
W6470,0.065,7,False
W6472,0.065,6,False
W6473,0.065,5,False
W6474,0.065,5,False
W6477,0.065,11,False
W6478,0.065,7,False
W648,0.065,0,False
W6481,0.065,5,False
W6483,0.065,7,False
W6485,0.065,9,False
W6486,0.065,7,False
W6490,0.065,5,False
W6492,0.065,8,False
W6493,0.065,6,False
W6494,0.065,7,False
W6495,0.065,5,False
W6497,0.065,6,False
W650,0.065,6,False
W6500,0.065,9,False
W6502,0.065,6,False
W6510,0.065,6,False
W6511,0.065,7,False
W6516,0.065,6,False
W6517,0.065,6,False
W6519,0.065,7,False
W652,0.065,0,False
W6520,0.065,7,False
W6521,0.065,7,False
W6522,0.065,6,False
W6524,0.065,6,False
W6528,0.065,7,False
W6529,0.065,6,False
W6530,0.065,9,False
W6532,0.065,6,False
W6533,0.065,6,False
W6534,0.065,6,False
W6536,0.065,6,False
W6537,0.065,6,False
W6538,0.065,6,False
W6540,0.065,7,False
W6541,0.065,6,False
W6542,0.065,4,False
W6543,0.065,6,False
W6545,0.065,6,False
W6546,0.065,5,False
W6547,0.065,6,False
W6549,0.065,6,False
W655,0.065,0,False
W6550,0.065,5,False
W6551,0.065,6,False
W6553,0.065,5,False
W6555,0.065,10,False
W6556,0.065,5,False
W6560,0.065,9,False
W6562,0.065,6,False
W6568,0.065,6,False
W6569,0.065,6,False
W657,0.065,0,False
W6570,0.065,6,False
W6571,0.065,9,False
W6575,0.065,7,False
W6576,0.065,7,False
W6577,0.065,6,False
W6583,0.065,7,False
W6584,0.065,6,False
W6585,0.065,6,False
W6588,0.065,6,False
W6590,0.065,7,False
W6592,0.065,7,False
W6595,0.065,6,False
W6597,0.065,10,False
W6598,0.065,6,False
W6599,0.065,7,False
W6600,0.065,6,False
W6602,0.065,5,False
W6604,0.065,7,False
W6605,0.065,6,False
W6607,0.065,5,False
W6609,0.065,7,False
W661,0.065,0,False
W6611,0.065,6,False
W6612,0.065,6,False
W6613,0.065,7,False
W6615,0.065,6,False
W6617,0.065,6,False
W6620,0.065,6,False
W6621,0.065,8,False
W6624,0.065,5,False
W6627,0.065,6,False
W6628,0.065,6,False
W663,0.065,0,False
W6630,0.065,6,False
W6632,0.065,6,False
W6635,0.065,9,False
W6637,0.065,7,False
W6638,0.065,10,False
W6639,0.065,5,False
W6643,0.065,6,False
W6647,0.065,7,False
W6648,0.065,6,False
W665,0.065,0,False
W6650,0.065,6,False
W6651,0.065,6,False
W6653,0.065,6,False
W6655,0.065,6,False
W6656,0.065,6,False
W6658,0.065,6,False
W6659,0.065,8,False
W666,0.065,6,False
W6660,0.065,7,False
W6661,0.065,6,False
W6664,0.065,6,False
W6666,0.065,6,False
W6667,0.065,7,False
W6668,0.065,7,False
W6669,0.065,6,False
W6673,0.065,6,False
W6674,0.065,6,False
W6675,0.065,7,False
W6676,0.065,6,False
W6678,0.065,6,False
W668,0.065,0,False
W6680,0.065,7,False
W6681,0.065,6,False
W6682,0.065,6,False
W6684,0.065,6,False
W6686,0.065,7,False
W6688,0.065,6,False
W669,0.065,6,False
W6691,0.065,6,False
W6693,0.065,6,False
W6694,0.065,6,False
W6697,0.065,4,False
W6698,0.065,6,False
W670,0.065,9,False
W6700,0.065,7,False
W6702,0.065,6,False
W6706,0.065,6,False
W6707,0.065,6,False
W6708,0.065,10,False
W6709,0.065,7,False
W6710,0.065,5,False
W6712,0.065,6,False
W6714,0.065,6,False
W6715,0.065,8,False
W6716,0.065,6,False
W6717,0.065,7,False
W6720,0.065,5,False
W6721,0.065,6,False
W6723,0.065,5,False
W6725,0.065,6,False
W6726,0.065,6,False
W6728,0.065,6,False
W6729,0.065,6,False
W673,0.065,7,False
W6730,0.065,6,False
W6733,0.065,6,False
W6736,0.065,7,False
W6738,0.065,7,False
W6739,0.065,7,False
W674,0.065,10,False
W6740,0.065,6,False
W6743,0.065,6,True
W6745,0.065,5,False
W6747,0.065,7,False
W6748,0.065,7,False
W6749,0.065,7,False
W6750,0.065,6,False
W6752,0.065,6,False
W6754,0.065,6,False
W6755,0.065,7,False
W6756,0.065,7,False
W6757,0.065,7,False
W6759,0.065,6,False
W676,0.065,0,False
W6764,0.065,7,False
W6765,0.065,6,False
W6766,0.065,7,False
W6769,0.065,6,False
W677,0.065,6,False
W6771,0.065,7,False
W6772,0.065,7,False
W6774,0.065,7,False
W6775,0.065,6,False
W6776,0.065,6,False
W6778,0.065,12,False
W6779,0.065,7,False
W678,0.065,10,False
W6781,0.065,8,False
W6783,0.065,6,False
W6785,0.065,10,False
W6786,0.065,5,False
W6788,0.065,6,False
W6789,0.065,9,False
W6790,0.065,10,False
W6792,0.065,6,False
W6793,0.065,6,False
W6795,0.065,6,False
W6797,0.065,7,False
W680,0.065,0,False
W6800,0.065,10,False
W6802,0.065,6,False
W6803,0.065,5,False
W6805,0.065,7,False
W6806,0.065,6,False
W6808,0.065,7,False
W6809,0.065,6,False
W681,0.065,5,False
W6810,0.065,7,False
W6812,0.065,5,False
W6813,0.065,5,False
W6814,0.065,7,False
W6817,0.065,6,False
W6818,0.065,5,False
W6819,0.065,6,False
W682,0.065,10,False
W6823,0.065,6,False
W6824,0.065,7,False
W6825,0.065,5,False
W6826,0.065,5,False
W6828,0.065,7,False
W683,0.065,0,False
W6830,0.065,7,False
W6831,0.065,5,False
W6833,0.065,11,False
W6835,0.065,7,False
W6837,0.065,7,False
W6838,0.065,6,False
W6839,0.065,6,False
W6841,0.065,7,False
W6842,0.065,6,False
W6844,0.065,7,False
W6846,0.065,6,False
W6847,0.065,8,False
W6848,0.065,6,False
W6849,0.065,5,False
W6851,0.065,7,False
W6852,0.065,7,False
W6855,0.065,6,False
W6856,0.065,7,False
W6858,0.065,7,False
W6859,0.065,7,False
W686,0.065,6,True
W6860,0.065,7,False
W6864,0.065,7,False
W6866,0.065,6,False
W6867,0.065,8,False
W6868,0.065,7,False
W6869,0.065,7,False
W6870,0.065,9,False
W6875,0.065,7,False
W6877,0.065,6,False
W688,0.065,0,False
W6882,0.065,9,False
W6883,0.065,7,False
W6886,0.065,7,False
W689,0.065,10,False
W6890,0.065,10,False
W6894,0.065,7,False
W6897,0.065,6,False
W6901,0.065,7,False
W6903,0.065,7,False
W6904,0.065,6,False
W6905,0.065,6,False
W6906,0.065,5,False
W6908,0.065,5,False
W6909,0.065,6,False
W691,0.065,0,False
W6910,0.065,7,False
W6911,0.065,6,False
W6914,0.065,6,False
W6915,0.065,5,False
W6916,0.065,5,False
W6918,0.065,7,False
W6920,0.065,6,False
W6921,0.065,6,False
W6924,0.065,7,False
W6925,0.065,8,False
W6926,0.065,6,False
W6927,0.065,7,False
W6929,0.065,6,False
W693,0.065,4,True
W6930,0.065,5,False
W6931,0.065,7,False
W6933,0.065,7,False
W6936,0.065,6,False
W6937,0.065,7,False
W6938,0.065,6,False
W6942,0.065,7,False
W6945,0.065,6,False
W6946,0.065,10,False
W6948,0.065,6,False
W6953,0.065,5,False
W6954,0.065,7,False
W6956,0.065,7,False
W6958,0.065,5,False
W6959,0.065,7,False
W6960,0.065,12,False
W6966,0.065,7,False
W6967,0.065,7,False
W6968,0.065,7,False
W6969,0.065,5,False
W6970,0.065,7,False
W6972,0.065,7,False
W6973,0.065,7,False
W6975,0.065,6,False
W6976,0.065,6,False
W6980,0.065,5,False
W6981,0.065,7,False
W699,0.065,0,False
W6994,0.065,5,False
W6997,0.065,7,False
W6998,0.065,7,False
W6999,0.065,7,False
W7,0.065,11,False
W70,0.065,6,False
W700,0.065,9,False
W7002,0.065,5,True
W7003,0.065,6,False
W7005,0.065,6,False
W7006,0.065,4,False
W7007,0.065,6,False
W701,0.065,6,True
W7010,0.065,4,False
W7011,0.065,4,True
W7013,0.065,4,False
W7014,0.065,6,False
W7015,0.065,6,False
W7016,0.065,4,False
W7017,0.065,6,False
W7018,0.065,6,False
W7019,0.065,6,False
W702,0.065,0,False
W7022,0.065,6,True
W7023,0.065,8,False
W7024,0.065,6,False
W7027,0.065,6,True
W7028,0.065,9,False
W7029,0.065,6,False
W703,0.065,10,False
W7030,0.065,4,False
W7032,0.065,8,False
W7033,0.065,6,False
W7034,0.065,6,False
W7038,0.065,5,False
W7041,0.065,6,True
W7042,0.065,6,False
W7048,0.065,6,False
W7049,0.065,4,False
W705,0.065,0,False
W7050,0.065,6,False
W7053,0.065,14,False
W7054,0.065,8,True
W7055,0.065,6,False
W7056,0.065,4,False
W7057,0.065,8,False
W7058,0.065,4,False
W7059,0.065,6,False
W7062,0.065,6,False
W7064,0.065,4,False
W7067,0.065,11,False
W7073,0.065,8,True
W7075,0.065,8,False
W7078,0.065,7,False
W7079,0.065,4,False
W708,0.065,0,False
W7080,0.065,4,False
W7081,0.065,8,True
W7082,0.065,9,False
W7085,0.065,7,False
W7086,0.065,7,False
W7099,0.065,7,False
W710,0.065,6,True
W7100,0.065,8,False
W7101,0.065,7,False
W7102,0.065,7,False
W7103,0.065,9,False
W7105,0.065,5,False
W7108,0.065,10,False
W7117,0.065,6,False
W7118,0.065,5,False
W712,0.065,0,False
W7122,0.065,6,False
W7123,0.065,12,False
W7124,0.065,6,False
W7125,0.065,6,False
W7126,0.065,9,False
W7127,0.065,6,False
W713,0.065,10,False
W7130,0.065,11,False
W7132,0.065,11,False
W7133,0.065,11,False
W7135,0.065,12,False
W7136,0.065,15,False
W7137,0.065,11,False
W7138,0.065,9,False
W7139,0.065,11,False
W714,0.065,6,True
W7140,0.065,12,False
W7141,0.065,7,False
W7142,0.065,11,False
W7143,0.065,11,False
W7144,0.065,8,False
W7145,0.065,12,False
W7146,0.065,11,False
W7147,0.065,11,False
W7149,0.065,11,False
W7150,0.065,12,False
W7151,0.065,9,False
W7152,0.065,9,False
W7153,0.065,9,False
W7154,0.065,8,False
W7155,0.065,8,False
W7157,0.065,8,False
W7159,0.065,11,False
W716,0.065,4,False
W7160,0.065,11,False
W7161,0.065,11,False
W7163,0.065,11,False
W7164,0.065,11,False
W7166,0.065,9,False
W7167,0.065,8,False
W717,0.065,10,False
W7170,0.065,8,False
W7175,0.065,7,False
W7176,0.065,5,True
W7177,0.065,6,False
W7178,0.065,11,False
W7180,0.065,5,True
W7182,0.065,5,False
W7183,0.065,6,False
W7185,0.065,5,True
W7187,0.065,5,False
W7188,0.065,7,False
W719,0.065,9,False
W7192,0.065,6,True
W7193,0.065,5,True
W7194,0.065,5,False
W7195,0.065,6,True
W7196,0.065,6,False
W7197,0.065,10,False
W7199,0.065,12,False
W7201,0.065,6,False
W7202,0.065,8,False
W7203,0.065,5,True
W7204,0.065,10,False
W7205,0.065,6,False
W7208,0.065,3,False
W7212,0.065,6,False
W7213,0.065,5,False
W7214,0.065,5,False
W7218,0.065,8,False
W7219,0.065,6,False
W7220,0.065,7,False
W7221,0.065,6,False
W7222,0.065,6,True
W7223,0.065,6,False
W7224,0.065,3,False
W7226,0.065,8,False
W7228,0.065,7,False
W7229,0.065,6,False
W7230,0.065,7,False
W7232,0.065,11,False
W7233,0.065,6,False
W7235,0.065,6,True
W7237,0.065,6,False
W7239,0.065,6,False
W724,0.065,10,False
W7242,0.065,6,False
W7243,0.065,6,False
W7244,0.065,6,False
W7245,0.065,3,False
W7246,0.065,6,False
W7248,0.065,4,False
W7249,0.065,10,False
W725,0.065,0,False
W7250,0.065,6,False
W7253,0.065,5,False
W7254,0.065,11,False
W7256,0.065,5,False
W7257,0.065,5,True
W7258,0.065,5,False
W7260,0.065,5,False
W7261,0.065,8,False
W7265,0.065,5,True
W7268,0.065,6,False
W7269,0.065,5,False
W7270,0.065,9,False
W7272,0.065,5,True
W7273,0.065,4,False
W7276,0.065,5,False
W7277,0.065,6,False
W7278,0.065,9,False
W7279,0.065,6,False
W7281,0.065,5,True
W7284,0.065,9,False
W7285,0.065,5,False
W7287,0.065,5,False
W7288,0.065,7,True
W729,0.065,0,False
W7294,0.065,9,False
W7295,0.065,10,False
W7299,0.065,7,False
W73,0.065,7,False
W730,0.065,10,False
W7300,0.065,8,False
W7302,0.065,8,False
W7306,0.065,12,False
W7307,0.065,8,False
W731,0.065,10,False
W7314,0.065,6,False
W7317,0.065,12,False
W7318,0.065,10,False
W7319,0.065,9,False
W732,0.065,9,False
W7324,0.065,12,False
W734,0.065,10,False
W7346,0.065,6,False
W7353,0.065,6,True
W7355,0.065,6,True
W7356,0.065,9,True
W7357,0.065,9,True
W7363,0.065,9,False
W7364,0.065,7,False
W7365,0.065,9,False
W7369,0.065,6,True
W7370,0.065,5,False
W7371,0.065,6,False
W7372,0.065,11,False
W7374,0.065,8,False
W7376,0.065,6,False
W7379,0.065,5,False
W7380,0.065,6,False
W7381,0.065,5,False
W7382,0.065,5,False
W7383,0.065,6,False
W7384,0.065,10,False
W7386,0.065,6,False
W7388,0.065,6,False
W7390,0.065,5,False
W7393,0.065,9,False
W7395,0.065,5,False
W7396,0.065,6,False
W7399,0.065,6,False
W7402,0.065,5,False
W7403,0.065,9,False
W7405,0.065,6,False
W7408,0.065,4,False
W7409,0.065,5,False
W741,0.065,0,False
W7410,0.065,5,False
W7411,0.065,9,False
W7412,0.065,5,False
W7414,0.065,7,False
W7415,0.065,5,False
W7416,0.065,7,False
W7417,0.065,7,False
W7418,0.065,7,False
W7419,0.065,5,True
W7421,0.065,5,False
W7422,0.065,5,False
W7423,0.065,6,False
W7424,0.065,6,False
W7425,0.065,7,False
W7426,0.065,7,False
W7427,0.065,11,False
W743,0.065,5,True
W7430,0.065,6,False
W7431,0.065,6,False
W7437,0.065,11,False
W7438,0.065,5,False
W7439,0.065,3,True
W7442,0.065,10,False
W7443,0.065,6,False
W7444,0.065,6,False
W7445,0.065,8,False
W7446,0.065,5,False
W7447,0.065,6,False
W7448,0.065,7,False
W7449,0.065,6,False
W745,0.065,0,False
W7450,0.065,8,False
W7451,0.065,6,False
W7453,0.065,5,False
W7455,0.065,7,False
W7456,0.065,9,False
W7458,0.065,5,False
W7460,0.065,6,False
W7463,0.065,6,False
W7465,0.065,5,False
W7466,0.065,11,False
W7468,0.065,6,False
W7470,0.065,4,False
W7472,0.065,11,False
W7473,0.065,9,False
W7474,0.065,6,False
W7476,0.065,6,False
W7477,0.065,6,False
W7479,0.065,6,False
W748,0.065,5,True
W7480,0.065,6,False
W7485,0.065,5,False
W7486,0.065,11,False
W7487,0.065,6,False
W7489,0.065,6,False
W7490,0.065,5,True
W7491,0.065,4,False
W7492,0.065,4,False
W7493,0.065,5,False
W7494,0.065,5,False
W7495,0.065,6,False
W7497,0.065,11,False
W7498,0.065,8,True
W7500,0.065,6,False
W7502,0.065,5,False
W7504,0.065,10,False
W7505,0.065,4,False
W7507,0.065,6,False
W7508,0.065,6,False
W7509,0.065,7,False
W7511,0.065,7,False
W7512,0.065,6,True
W7514,0.065,6,False
W7515,0.065,6,False
W7516,0.065,6,False
W7518,0.065,12,False
W7519,0.065,5,False
W7520,0.065,6,False
W7521,0.065,5,False
W7522,0.065,6,False
W7523,0.065,6,False
W7525,0.065,6,False
W7526,0.065,8,False
W7527,0.065,5,False
W7530,0.065,8,False
W7532,0.065,6,True
W7533,0.065,10,False
W7534,0.065,6,False
W7535,0.065,6,False
W7536,0.065,5,False
W7537,0.065,6,False
W7539,0.065,6,False
W7540,0.065,9,False
W7541,0.065,6,True
W7543,0.065,6,False
W7544,0.065,7,False
W7545,0.065,6,False
W7546,0.065,4,False
W7547,0.065,6,False
W7548,0.065,8,False
W7549,0.065,11,False
W7552,0.065,5,False
W7554,0.065,8,True
W7557,0.065,8,False
W7559,0.065,4,False
W756,0.065,10,False
W7560,0.065,6,False
W7562,0.065,6,False
W7563,0.065,11,False
W7564,0.065,5,False
W7565,0.065,7,False
W7567,0.065,1,False
W7568,0.065,6,False
W7571,0.065,5,False
W7572,0.065,5,True
W7574,0.065,7,False
W7578,0.065,6,False
W7579,0.065,8,True
W7580,0.065,11,False
W7586,0.065,8,True
W7587,0.065,9,False
W759,0.065,14,False
W7592,0.065,6,False
W7593,0.065,6,True
W7594,0.065,8,False
W7595,0.065,8,True
W7600,0.065,5,False
W7601,0.065,10,False
W7602,0.065,8,False
W7603,0.065,6,False
W7604,0.065,10,False
W7606,0.065,5,False
W7608,0.065,5,False
W761,0.065,10,False
W7610,0.065,11,False
W7611,0.065,6,False
W7612,0.065,7,False
W7613,0.065,6,False
W7615,0.065,4,False
W7617,0.065,9,False
W7619,0.065,10,False
W7620,0.065,6,False
W7621,0.065,6,True
W7624,0.065,8,False
W7625,0.065,6,False
W7626,0.065,6,False
W7628,0.065,6,True
W763,0.065,7,False
W7631,0.065,7,False
W7632,0.065,6,False
W7634,0.065,6,False
W7636,0.065,9,False
W7637,0.065,6,True
W7638,0.065,5,False
W7639,0.065,6,False
W764,0.065,10,False
W7641,0.065,6,False
W7642,0.065,10,False
W7644,0.065,5,False
W7645,0.065,7,False
W7649,0.065,4,True
W7650,0.065,5,True
W7651,0.065,4,False
W7653,0.065,4,False
W7654,0.065,7,False
W7655,0.065,6,False
W7657,0.065,5,False
W7658,0.065,11,False
W7660,0.065,6,False
W7661,0.065,6,False
W7663,0.065,6,False
W7664,0.065,5,False
W7665,0.065,7,False
W7666,0.065,8,False
W7668,0.065,6,False
W7669,0.065,5,False
W7670,0.065,4,True
W7671,0.065,6,False
W7672,0.065,4,False
W7674,0.065,6,False
W7675,0.065,11,False
W7676,0.065,6,False
W7678,0.065,7,False
W7679,0.065,6,False
W7680,0.065,4,False
W7681,0.065,6,False
W7683,0.065,6,False
W7684,0.065,9,False
W7687,0.065,9,False
W7688,0.065,5,False
W7690,0.065,8,False
W7691,0.065,6,False
W7692,0.065,9,False
W7693,0.065,5,False
W7695,0.065,6,False
W7696,0.065,5,True
W7698,0.065,6,False
W770,0.065,10,False
W7700,0.065,5,False
W7705,0.065,6,False
W7710,0.065,5,False
W7712,0.065,6,False
W7714,0.065,10,False
W7717,0.065,4,False
W7718,0.065,11,False
W7720,0.065,7,False
W7721,0.065,12,False
W7723,0.065,6,False
W7725,0.065,4,False
W7727,0.065,4,False
W7729,0.065,5,True
W773,0.065,6,False
W7731,0.065,6,False
W7733,0.065,12,False
W7734,0.065,7,False
W7735,0.065,3,False
W7736,0.065,10,False
W7737,0.065,6,False
W7741,0.065,11,False
W7742,0.065,6,False
W7744,0.065,6,False
W7746,0.065,6,False
W7748,0.065,7,False
W7749,0.065,6,False
W775,0.065,10,False
W7750,0.065,5,False
W7753,0.065,5,False
W7754,0.065,6,False
W7756,0.065,6,False
W7757,0.065,5,False
W7758,0.065,10,False
W7759,0.065,7,False
W776,0.065,13,False
W7760,0.065,4,False
W7761,0.065,6,False
W7764,0.065,5,False
W7765,0.065,6,False
W7769,0.065,6,False
W7770,0.065,6,False
W7772,0.065,6,True
W7773,0.065,6,False
W7775,0.065,5,False
W7776,0.065,4,False
W7777,0.065,6,False
W7778,0.065,6,True
W7779,0.065,6,False
W7780,0.065,6,False
W7784,0.065,1,False
W7785,0.065,7,False
W7787,0.065,3,False
W7788,0.065,5,False
W7789,0.065,6,False
W7791,0.065,6,False
W7792,0.065,6,False
W7793,0.065,5,True
W7794,0.065,5,False
W7796,0.065,6,False
W7799,0.065,6,False
W7804,0.065,5,False
W7805,0.065,8,False
W7806,0.065,3,False
W7807,0.065,5,False
W7808,0.065,10,False
W7809,0.065,8,False
W7812,0.065,6,False
W7813,0.065,9,False
W7814,0.065,12,False
W7815,0.065,8,False
W7816,0.065,3,False
W7819,0.065,6,False
W7820,0.065,5,False
W7821,0.065,6,False
W7822,0.065,6,False
W7824,0.065,4,False
W7825,0.065,6,False
W7826,0.065,6,True
W7828,0.065,6,False
W7829,0.065,6,False
W7830,0.065,6,False
W7832,0.065,5,True
W7833,0.065,6,False
W7834,0.065,7,False
W7835,0.065,5,True
W7837,0.065,7,True
W7838,0.065,6,False
W7840,0.065,6,False
W7844,0.065,4,False
W7845,0.065,7,True
W7846,0.065,5,False
W7848,0.065,11,False
W7849,0.065,6,False
W785,0.065,6,False
W7850,0.065,6,False
W7851,0.065,4,False
W7852,0.065,6,False
W7853,0.065,7,True
W7854,0.065,6,False
W7855,0.065,10,False
W7856,0.065,12,False
W7857,0.065,5,False
W7861,0.065,7,True
W7862,0.065,6,False
W7863,0.065,7,True
W7864,0.065,10,False
W7865,0.065,5,False
W7866,0.065,9,False
W7867,0.065,5,False
W7868,0.065,6,False
W7869,0.065,6,False
W7870,0.065,6,False
W7872,0.065,8,False
W7873,0.065,4,False
W7875,0.065,6,False
W7876,0.065,5,True
W7877,0.065,6,False
W7878,0.065,8,False
W788,0.065,0,False
W7880,0.065,11,True
W7883,0.065,6,False
W7884,0.065,6,False
W7885,0.065,5,False
W7886,0.065,11,False
W7887,0.065,5,True
W7888,0.065,10,False
W7889,0.065,6,False
W7890,0.065,5,False
W7891,0.065,8,False
W7893,0.065,12,False
W7894,0.065,4,True
W7896,0.065,10,False
W7897,0.065,5,True
W7898,0.065,6,False
W7899,0.065,6,False
W7900,0.065,13,False
W7901,0.065,7,False
W7903,0.065,7,False
W7904,0.065,5,True
W7906,0.065,13,False
W7907,0.065,6,False
W7909,0.065,8,False
W7911,0.065,5,True
W7913,0.065,6,False
W7914,0.065,5,True
W7916,0.065,6,False
W7919,0.065,6,False
W7921,0.065,5,True
W7923,0.065,11,True
W7925,0.065,5,False
W7926,0.065,8,False
W7927,0.065,6,False
W7931,0.065,6,False
W7932,0.065,8,False
W7933,0.065,6,False
W7935,0.065,6,False
W7937,0.065,10,True
W7938,0.065,7,False
W794,0.065,6,False
W7941,0.065,6,False
W7945,0.065,5,False
W7946,0.065,5,False
W7948,0.065,5,False
W7949,0.065,6,False
W7950,0.065,8,False
W7951,0.065,5,False
W7952,0.065,10,True
W7953,0.065,6,False
W7955,0.065,9,False
W7956,0.065,8,False
W7957,0.065,11,True
W7958,0.065,5,False
W7962,0.065,7,False
W7964,0.065,8,False
W7965,0.065,10,True
W7968,0.065,6,True
W7969,0.065,8,False
W797,0.065,7,False
W7970,0.065,6,False
W7972,0.065,6,True
W7973,0.065,10,True
W7974,0.065,6,False
W7976,0.065,10,True
W7977,0.065,6,False
W7978,0.065,6,False
W7981,0.065,11,True
W7982,0.065,9,False
W7983,0.065,8,False
W7984,0.065,10,True
W7987,0.065,5,False
W7988,0.065,11,True
W7990,0.065,11,True
W7991,0.065,11,True
W7998,0.065,4,False
W7999,0.065,4,False
W8000,0.065,4,False
W8001,0.065,10,False
W8002,0.065,8,False
W8003,0.065,10,False
W8004,0.065,8,False
W8005,0.065,13,False
W8006,0.065,8,False
W8007,0.065,8,False
W8009,0.065,8,False
W8010,0.065,10,False
W8011,0.065,8,False
W8012,0.065,10,False
W8013,0.065,8,False
W8014,0.065,10,False
W8015,0.065,10,False
W8016,0.065,12,False
W8017,0.065,15,False
W8018,0.065,9,False
W8020,0.065,10,False
W8022,0.065,8,False
W8023,0.065,6,False
W8026,0.065,8,False
W8027,0.065,9,False
W8028,0.065,13,False
W8029,0.065,13,False
W8030,0.065,13,False
W8031,0.065,13,False
W8032,0.065,13,False
W8033,0.065,13,False
W8034,0.065,13,False
W8035,0.065,13,False
W8036,0.065,13,False
W8037,0.065,13,False
W8038,0.065,13,False
W8039,0.065,8,False
W8040,0.065,10,False
W8041,0.065,8,False
W8042,0.065,9,False
W8043,0.065,9,False
W8045,0.065,5,False
W8047,0.065,8,False
W8048,0.065,9,False
W8050,0.065,6,False
W8053,0.065,8,False
W8054,0.065,7,False
W8056,0.065,10,False
W8058,0.065,9,False
W8059,0.065,10,False
W8061,0.065,8,False
W8062,0.065,6,False
W8064,0.065,10,False
W8065,0.065,8,False
W8066,0.065,5,False
W8070,0.065,8,False
W8071,0.065,12,False
W8072,0.065,13,False
W8073,0.065,13,False
W8074,0.065,12,False
W8075,0.065,12,False
W8076,0.065,7,False
W8077,0.065,9,False
W8078,0.065,10,False
W8079,0.065,5,False
W8081,0.065,10,False
W8082,0.065,10,False
W8083,0.065,5,False
W8085,0.065,10,False
W8087,0.065,10,False
W8088,0.065,14,False
W8089,0.065,12,False
W809,0.065,0,False
W8090,0.065,5,False
W8091,0.065,7,False
W8092,0.065,7,False
W8093,0.065,9,False
W8094,0.065,8,False
W8095,0.065,8,False
W8096,0.065,5,False
W8098,0.065,5,False
W8099,0.065,9,False
W8100,0.065,10,False
W8101,0.065,9,False
W8102,0.065,9,False
W8103,0.065,8,False
W8104,0.065,8,False
W8105,0.065,9,False
W8107,0.065,3,False
W8108,0.065,9,False
W8109,0.065,11,False
W811,0.065,0,False
W8110,0.065,10,False
W8111,0.065,4,False
W8113,0.065,6,False
W8115,0.065,13,False
W8116,0.065,10,False
W8117,0.065,9,False
W8118,0.065,9,False
W8119,0.065,9,False
W8120,0.065,9,False
W8121,0.065,4,False
W8124,0.065,11,False
W8125,0.065,5,False
W8126,0.065,8,False
W8128,0.065,9,False
W8129,0.065,5,False
W8130,0.065,9,False
W8132,0.065,9,False
W8133,0.065,9,False
W8135,0.065,9,False
W8136,0.065,9,False
W8137,0.065,10,False
W8138,0.065,10,False
W8139,0.065,9,False
W814,0.065,0,False
W8141,0.065,8,False
W8143,0.065,9,False
W8144,0.065,8,False
W8145,0.065,8,False
W8146,0.065,8,False
W8147,0.065,8,False
W8148,0.065,4,False
W8150,0.065,8,False
W8151,0.065,8,False
W8152,0.065,9,False
W8153,0.065,5,False
W8154,0.065,12,False
W8155,0.065,12,False
W8156,0.065,8,False
W8157,0.065,8,False
W8158,0.065,12,False
W816,0.065,0,False
W8160,0.065,11,False
W8161,0.065,9,False
W8162,0.065,4,False
W8164,0.065,9,False
W8166,0.065,11,False
W8167,0.065,10,False
W817,0.065,9,False
W8170,0.065,10,False
W8173,0.065,8,False
W8174,0.065,10,False
W8175,0.065,5,False
W8176,0.065,10,False
W8177,0.065,9,False
W8178,0.065,11,False
W818,0.065,4,False
W8180,0.065,11,False
W8182,0.065,5,False
W8183,0.065,8,False
W8184,0.065,8,False
W8186,0.065,8,False
W8187,0.065,8,False
W8189,0.065,6,False
W8192,0.065,8,False
W8193,0.065,8,False
W8194,0.065,8,False
W8195,0.065,8,False
W8196,0.065,9,False
W8197,0.065,9,False
W8198,0.065,9,False
W820,0.065,0,False
W8200,0.065,9,False
W8201,0.065,9,False
W8202,0.065,9,False
W8203,0.065,7,False
W8205,0.065,8,False
W8206,0.065,7,False
W8207,0.065,8,False
W8208,0.065,7,False
W8210,0.065,12,False
W8211,0.065,12,False
W8212,0.065,7,False
W8213,0.065,9,False
W8214,0.065,8,False
W8215,0.065,8,False
W8216,0.065,5,False
W8217,0.065,9,False
W8218,0.065,12,False
W8222,0.065,0,False
W8223,0.065,0,False
W8224,0.065,15,False
W8225,0.065,11,False
W8229,0.065,0,False
W823,0.065,0,False
W8230,0.065,0,False
W8231,0.065,15,False
W8232,0.065,12,False
W8233,0.065,13,False
W8234,0.065,0,False
W8235,0.065,13,False
W8236,0.065,14,False
W8237,0.065,14,False
W8240,0.065,12,False
W8241,0.065,12,False
W8242,0.065,13,False
W8243,0.065,13,False
W8244,0.065,14,False
W8245,0.065,15,False
W8246,0.065,0,False
W8247,0.065,15,False
W8248,0.065,15,False
W8250,0.065,14,False
W8252,0.065,0,False
W8254,0.065,11,False
W8255,0.065,14,False
W8258,0.065,12,False
W826,0.065,0,False
W8261,0.065,15,False
W8263,0.065,13,False
W8266,0.065,15,False
W8267,0.065,14,False
W8270,0.065,13,False
W8273,0.065,13,False
W8275,0.065,0,False
W8276,0.065,12,False
W8277,0.065,0,False
W8278,0.065,14,False
W8279,0.065,13,False
W828,0.065,0,False
W8280,0.065,0,False
W831,0.065,0,False
W833,0.065,9,False
W834,0.065,6,False
W837,0.065,6,False
W840,0.065,5,False
W844,0.065,5,False
W856,0.065,7,False
W86,0.065,3,False
W861,0.065,0,False
W863,0.065,0,False
W864,0.065,7,False
W866,0.065,0,False
W867,0.065,8,False
W868,0.065,0,False
W869,0.065,7,False
W87,0.065,6,False
W870,0.065,0,False
W873,0.065,0,False
W875,0.065,6,False
W877,0.065,0,False
W878,0.065,6,False
W879,0.065,7,False
W881,0.065,0,False
W883,0.065,9,False
W884,0.065,0,False
W885,0.065,10,False
W887,0.065,0,False
W889,0.065,7,False
W89,0.065,4,True
W892,0.065,7,False
W894,0.065,14,False
W895,0.065,8,False
W897,0.065,7,False
W898,0.065,0,False
W9,0.065,11,False
W90,0.065,5,False
W900,0.065,7,False
W901,0.065,6,False
W902,0.065,0,False
W906,0.065,0,False
W909,0.065,4,False
W91,0.065,5,False
W910,0.065,0,False
W911,0.065,7,False
W912,0.065,6,False
W914,0.065,14,False
W915,0.065,6,False
W917,0.065,7,False
W920,0.065,7,False
W922,0.065,6,False
W925,0.065,4,False
W928,0.065,0,False
W929,0.065,4,False
W93,0.065,4,True
W932,0.065,12,False
W934,0.065,4,False
W935,0.065,0,False
W936,0.065,6,False
W939,0.065,6,False
W943,0.065,0,False
W948,0.065,0,False
W950,0.065,0,False
W954,0.065,6,False
W955,0.065,6,False
W957,0.065,6,False
W958,0.065,0,False
W96,0.065,4,False
W960,0.065,0,False
W963,0.065,10,False
W964,0.065,10,False
W965,0.065,10,False
W966,0.065,10,False
W967,0.065,10,False
W969,0.065,10,False
W97,0.065,4,True
W970,0.065,10,False
W971,0.065,10,False
W972,0.065,10,False
W975,0.065,10,False
W976,0.065,10,False
W977,0.065,10,False
W978,0.065,10,False
W979,0.065,9,False
W981,0.065,7,False
W982,0.065,6,False
W983,0.065,6,False
W984,0.065,6,False
W985,0.065,4,True
W99,0.065,5,True
W990,0.065,4,True
W991,0.065,4,True
W992,0.065,6,False
W993,0.065,4,True
W994,0.065,6,False
W995,0.065,5,False
W996,0.065,10,False
W998,0.065,4,True
1,0.08,13,False
10,0.08,7,False
1000,0.08,11,False
10001,0.08,0,False
10005,0.08,0,False
1001,0.08,15,False
10013,0.08,0,False
10015,0.08,0,False
1002,0.08,5,False
10020,0.08,15,False
10021,0.08,15,False
10022,0.08,0,False
10023,0.08,0,False
10025,0.08,0,False
10027,0.08,0,False
1003,0.08,5,False
10030,0.08,7,True
10031,0.08,7,True
10033,0.08,11,False
10034,0.08,0,False
10036,0.08,0,False
10040,0.08,0,False
10041,0.08,0,False
10045,0.08,15,False
10048,0.08,0,False
10049,0.08,14,False
1005,0.08,4,False
10050,0.08,0,False
10051,0.08,0,False
10052,0.08,12,False
10053,0.08,15,False
10054,0.08,0,False
1006,0.08,11,False
10062,0.08,0,False
10065,0.08,0,False
10066,0.08,14,False
10068,0.08,0,False
10069,0.08,0,False
1007,0.08,11,False
10070,0.08,14,False
10071,0.08,0,False
10075,0.08,0,False
10076,0.08,12,False
10077,0.08,6,True
10078,0.08,14,False
10079,0.08,15,False
10080,0.08,15,False
10081,0.08,10,False
10082,0.08,12,False
10083,0.08,13,False
10084,0.08,13,False
10085,0.08,0,False
1010,0.08,8,False
10103,0.08,0,False
10105,0.08,0,False
10106,0.08,14,False
1011,0.08,11,False
10110,0.08,0,False
10111,0.08,0,False
10112,0.08,0,False
10113,0.08,0,False
10119,0.08,0,False
10120,0.08,0,False
10125,0.08,0,False
10128,0.08,0,False
10129,0.08,0,False
10132,0.08,0,False
10133,0.08,0,False
10135,0.08,0,False
10137,0.08,0,False
1014,0.08,6,False
10140,0.08,0,False
10142,0.08,0,False
10143,0.08,0,False
10144,0.08,0,False
10145,0.08,11,False
10148,0.08,0,False
10152,0.08,0,False
10153,0.08,0,False
10159,0.08,15,False
1016,0.08,7,False
10160,0.08,11,False
10163,0.08,0,False
10164,0.08,0,False
10165,0.08,13,False
10166,0.08,15,False
10167,0.08,0,False
1017,0.08,7,False
10171,0.08,13,False
10173,0.08,8,False
10174,0.08,0,False
10175,0.08,8,False
10176,0.08,0,False
10180,0.08,15,False
10186,0.08,0,False
10188,0.08,0,False
10189,0.08,0,False
10190,0.08,0,False
102,0.08,4,False
1020,0.08,5,False
10203,0.08,0,False
10207,0.08,14,False
10209,0.08,0,False
1021,0.08,7,False
10210,0.08,0,False
10211,0.08,9,False
10213,0.08,0,False
10216,0.08,0,False
1022,0.08,6,False
10221,0.08,0,False
10226,0.08,0,False
10227,0.08,6,True
10228,0.08,0,False
10229,0.08,0,False
1023,0.08,9,False
10233,0.08,0,False
10238,0.08,13,False
1024,0.08,5,False
10241,0.08,14,False
10242,0.08,15,False
10245,0.08,13,False
10247,0.08,0,False
1025,0.08,6,False
10252,0.08,11,False
10253,0.08,0,False
10256,0.08,0,False
10259,0.08,15,False
10264,0.08,15,False
10266,0.08,14,False
10269,0.08,9,False
1027,0.08,8,False
10271,0.08,11,False
10276,0.08,0,False
10277,0.08,8,False
1028,0.08,6,False
10281,0.08,0,False
10285,0.08,0,False
10286,0.08,0,False
1029,0.08,5,False
10295,0.08,0,False
10297,0.08,0,False
10299,0.08,0,False
103,0.08,5,False
10300,0.08,15,False
10301,0.08,0,False
10302,0.08,0,False
10307,0.08,0,False
10310,0.08,0,False
10311,0.08,0,False
10312,0.08,0,False
10313,0.08,0,False
10314,0.08,0,False
10316,0.08,15,False
10317,0.08,12,False
10318,0.08,12,False
10319,0.08,12,False
10321,0.08,12,False
10322,0.08,12,False
10323,0.08,12,False
10324,0.08,0,False
10325,0.08,0,False
10326,0.08,12,False
10327,0.08,12,False
10329,0.08,12,False
10330,0.08,12,False
10331,0.08,12,False
10332,0.08,12,False
10333,0.08,12,False
10341,0.08,15,False
10342,0.08,0,False
10343,0.08,0,False
10345,0.08,0,False
10346,0.08,0,False
10347,0.08,15,False
10351,0.08,0,False
10352,0.08,15,False
10353,0.08,0,False
10354,0.08,0,False
10357,0.08,0,False
10358,0.08,0,False
10359,0.08,0,False
10361,0.08,0,False
10362,0.08,14,False
10364,0.08,15,False
10365,0.08,0,False
10366,0.08,0,False
10367,0.08,0,False
10369,0.08,0,False
1037,0.08,8,False
10374,0.08,0,False
10377,0.08,0,False
1038,0.08,5,False
10380,0.08,12,False
10382,0.08,11,False
10384,0.08,11,False
10385,0.08,0,False
10386,0.08,15,False
10388,0.08,0,False
1039,0.08,6,False
10390,0.08,0,False
10391,0.08,12,False
10394,0.08,0,False
10398,0.08,0,False
10399,0.08,15,False
104,0.08,5,False
10403,0.08,0,False
10404,0.08,0,False
10408,0.08,15,False
1041,0.08,11,False
10414,0.08,0,False
10417,0.08,0,False
10419,0.08,0,False
1042,0.08,11,False
10420,0.08,0,False
10427,0.08,0,False
1043,0.08,6,False
10436,0.08,0,False
10437,0.08,0,False
10441,0.08,0,False
10444,0.08,12,False
10446,0.08,0,False
10448,0.08,0,False
1045,0.08,6,False
10451,0.08,0,False
10452,0.08,0,False
10454,0.08,0,False
10459,0.08,0,False
1046,0.08,8,False
10466,0.08,0,False
10470,0.08,0,False
10472,0.08,0,False
10476,0.08,0,False
1048,0.08,7,False
105,0.08,7,False
1050,0.08,6,False
10501,0.08,0,False
10506,0.08,0,False
10509,0.08,0,False
10514,0.08,0,False
1053,0.08,4,False
10533,0.08,0,False
10539,0.08,0,False
1054,0.08,9,False
10546,0.08,0,False
10547,0.08,0,False
10553,0.08,0,False
10559,0.08,0,False
1056,0.08,5,False
10562,0.08,14,False
10566,0.08,15,False
10575,0.08,0,False
10578,0.08,0,False
1058,0.08,8,False
10580,0.08,0,False
10581,0.08,12,False
10582,0.08,0,False
10587,0.08,0,False
10588,0.08,0,False
10589,0.08,0,False
1059,0.08,7,False
10593,0.08,12,False
10597,0.08,0,False
10599,0.08,0,False
106,0.08,5,False
1060,0.08,11,False
10602,0.08,0,False
10604,0.08,0,False
10606,0.08,12,False
10607,0.08,0,False
1061,0.08,5,False
10616,0.08,0,False
1062,0.08,7,False
10623,0.08,0,False
10625,0.08,0,False
10626,0.08,0,False
1063,0.08,7,False
10633,0.08,0,False
1064,0.08,7,False
10641,0.08,0,False
10643,0.08,0,False
10648,0.08,0,False
10649,0.08,0,False
1065,0.08,11,False
10650,0.08,0,False
10651,0.08,14,False
10655,0.08,0,False
10658,0.08,15,False
1066,0.08,4,False
10664,0.08,15,False
10665,0.08,15,False
10666,0.08,0,False
10667,0.08,0,False
10668,0.08,0,False
10671,0.08,0,False
10676,0.08,0,False
10679,0.08,7,True
10683,0.08,10,False
10685,0.08,0,False
10686,0.08,0,False
10687,0.08,12,False
10688,0.08,15,False
10691,0.08,0,False
10693,0.08,0,False
10694,0.08,0,False
10695,0.08,0,False
10697,0.08,0,False
107,0.08,6,False
10702,0.08,14,False
10703,0.08,0,False
10704,0.08,0,False
10706,0.08,9,False
10708,0.08,0,False
10709,0.08,0,False
10710,0.08,13,False
10711,0.08,0,False
10714,0.08,9,False
10718,0.08,0,False
1072,0.08,5,False
10720,0.08,0,False
10722,0.08,0,False
10725,0.08,0,False
10726,0.08,0,False
10728,0.08,0,False
10729,0.08,0,False
10732,0.08,0,False
10733,0.08,0,False
10734,0.08,12,False
1074,0.08,8,False
10740,0.08,0,False
1075,0.08,5,False
10755,0.08,0,False
10757,0.08,0,False
10761,0.08,14,False
10762,0.08,0,False
10767,0.08,0,False
10768,0.08,0,False
10772,0.08,12,False
10778,0.08,0,False
10779,0.08,0,False
1078,0.08,8,False
10781,0.08,0,False
10782,0.08,0,False
10783,0.08,0,False
10796,0.08,0,False
10799,0.08,12,False
108,0.08,6,False
10802,0.08,0,False
10805,0.08,0,False
10806,0.08,15,False
10807,0.08,0,False
10808,0.08,0,False
10811,0.08,0,False
10813,0.08,0,False
10818,0.08,0,False
1082,0.08,8,False
10821,0.08,11,False
10826,0.08,0,False
10829,0.08,0,False
10835,0.08,13,False
10841,0.08,0,False
10844,0.08,0,False
10846,0.08,13,False
10849,0.08,0,False
10852,0.08,12,False
10854,0.08,6,True
10859,0.08,13,False
1086,0.08,9,False
10862,0.08,12,False
10866,0.08,0,False
10867,0.08,0,False
10868,0.08,0,False
10871,0.08,0,False
10873,0.08,0,False
10880,0.08,0,False
10882,0.08,11,False
10885,0.08,0,False
10892,0.08,12,False
10894,0.08,0,False
10895,0.08,12,False
10896,0.08,14,False
10897,0.08,0,False
10898,0.08,0,False
109,0.08,7,False
10900,0.08,12,False
10907,0.08,0,False
10911,0.08,14,False
10914,0.08,0,False
10916,0.08,14,False
10917,0.08,14,False
10919,0.08,0,False
10921,0.08,0,False
10923,0.08,0,False
10924,0.08,0,False
10925,0.08,14,False
10930,0.08,0,False
10931,0.08,0,False
10934,0.08,0,False
10939,0.08,0,False
10940,0.08,0,False
10941,0.08,0,False
10944,0.08,0,False
10945,0.08,0,False
1095,0.08,8,False
10956,0.08,9,False
1096,0.08,7,False
10966,0.08,0,False
1097,0.08,7,False
10974,0.08,0,False
10975,0.08,0,False
10980,0.08,0,False
10987,0.08,0,False
1099,0.08,9,False
10990,0.08,0,False
10992,0.08,0,False
10994,0.08,0,False
10995,0.08,0,False
110,0.08,5,False
1100,0.08,4,False
11000,0.08,14,False
11001,0.08,15,False
11003,0.08,0,False
11008,0.08,9,False
11009,0.08,0,False
1101,0.08,6,False
11011,0.08,0,False
11013,0.08,0,False
11014,0.08,0,False
11016,0.08,10,False
11019,0.08,11,False
11021,0.08,0,False
11022,0.08,10,False
11024,0.08,0,False
11027,0.08,15,False
11028,0.08,9,False
11029,0.08,0,False
11034,0.08,0,False
11038,0.08,7,True
11039,0.08,0,False
1104,0.08,14,False
11041,0.08,10,False
11042,0.08,0,False
11043,0.08,0,False
11044,0.08,13,False
11045,0.08,7,True
11048,0.08,0,False
11051,0.08,7,True
11052,0.08,0,False
11055,0.08,0,False
11056,0.08,0,False
11061,0.08,0,False
11062,0.08,0,False
11064,0.08,0,False
11077,0.08,0,False
11081,0.08,12,False
11086,0.08,0,False
11088,0.08,14,False
11093,0.08,12,False
11094,0.08,0,False
11098,0.08,15,False
111,0.08,5,False
1110,0.08,7,False
11101,0.08,12,False
11112,0.08,0,False
11113,0.08,0,False
11116,0.08,0,False
11131,0.08,0,False
11132,0.08,14,False
11133,0.08,0,False
11137,0.08,0,False
11145,0.08,12,False
1115,0.08,9,False
11154,0.08,15,False
1116,0.08,6,False
11161,0.08,0,False
11163,0.08,15,False
11169,0.08,14,False
11171,0.08,0,False
11172,0.08,0,False
11174,0.08,0,False
11175,0.08,0,False
11178,0.08,10,False
11181,0.08,0,False
11183,0.08,0,False
11186,0.08,0,False
11187,0.08,7,True
11188,0.08,6,True
11189,0.08,7,True
11191,0.08,15,False
11193,0.08,11,False
112,0.08,5,False
11201,0.08,15,False
11202,0.08,0,False
11203,0.08,0,False
11204,0.08,0,False
11205,0.08,0,False
11208,0.08,15,False
11209,0.08,15,False
11210,0.08,0,False
11211,0.08,14,False
11214,0.08,12,False
11220,0.08,0,False
11223,0.08,0,False
11226,0.08,0,False
11227,0.08,0,False
1123,0.08,7,False
11236,0.08,15,False
11239,0.08,0,False
1124,0.08,5,False
11241,0.08,0,False
11243,0.08,0,False
11245,0.08,0,False
11247,0.08,0,False
1125,0.08,13,False
11251,0.08,12,False
11253,0.08,15,False
11256,0.08,14,False
11258,0.08,0,False
11262,0.08,0,False
11264,0.08,0,False
11267,0.08,0,False
11268,0.08,0,False
1127,0.08,0,False
11273,0.08,15,False
11277,0.08,0,False
11278,0.08,0,False
1128,0.08,6,False
11280,0.08,12,False
11282,0.08,0,False
11283,0.08,0,False
11286,0.08,0,False
11290,0.08,0,False
11291,0.08,0,False
11298,0.08,0,False
113,0.08,7,False
1130,0.08,5,False
11305,0.08,0,False
11307,0.08,0,False
11309,0.08,15,False
1132,0.08,5,False
11320,0.08,0,False
11324,0.08,0,False
11329,0.08,0,False
1133,0.08,11,False
11331,0.08,0,False
11335,0.08,0,False
1134,0.08,9,False
11344,0.08,0,False
11358,0.08,0,False
11363,0.08,0,False
11373,0.08,7,True
11374,0.08,0,False
11377,0.08,0,False
11383,0.08,0,False
1139,0.08,5,False
11390,0.08,0,False
11392,0.08,0,False
11393,0.08,0,False
114,0.08,5,False
1140,0.08,6,False
11400,0.08,0,False
11404,0.08,0,False
11410,0.08,0,False
11421,0.08,0,False
11424,0.08,0,False
11425,0.08,0,False
11431,0.08,11,False
11436,0.08,0,False
11438,0.08,14,False
11439,0.08,0,False
11440,0.08,0,False
11449,0.08,15,False
11451,0.08,0,False
11453,0.08,0,False
11459,0.08,0,False
11461,0.08,15,False
11468,0.08,13,False
1147,0.08,4,False
11473,0.08,0,False
11474,0.08,0,False
11479,0.08,0,False
11480,0.08,0,False
11481,0.08,0,False
11482,0.08,14,False
11485,0.08,0,False
11487,0.08,0,False
11490,0.08,15,False
11493,0.08,0,False
115,0.08,5,False
11518,0.08,0,False
11526,0.08,0,False
11534,0.08,0,False
11540,0.08,0,False
11542,0.08,12,False
11543,0.08,11,False
11544,0.08,14,False
11545,0.08,0,False
11548,0.08,0,False
1155,0.08,10,False
11550,0.08,0,False
11552,0.08,0,False
11556,0.08,0,False
11558,0.08,12,False
11561,0.08,0,False
11563,0.08,13,False
11564,0.08,0,False
11569,0.08,12,False
11570,0.08,0,False
11574,0.08,11,False
11576,0.08,15,False
11577,0.08,0,False
11578,0.08,0,False
11581,0.08,0,False
11582,0.08,0,False
11587,0.08,15,False
11594,0.08,14,False
11598,0.08,0,False
116,0.08,5,False
11600,0.08,0,False
11603,0.08,15,False
11605,0.08,0,False
1161,0.08,5,False
11614,0.08,0,False
11616,0.08,0,False
11619,0.08,0,False
1162,0.08,5,False
11623,0.08,0,False
11628,0.08,0,False
1163,0.08,11,False
11634,0.08,0,False
11635,0.08,0,False
11636,0.08,0,False
1164,0.08,6,False
11641,0.08,0,False
1165,0.08,8,False
11650,0.08,0,False
11651,0.08,0,False
1166,0.08,0,False
11667,0.08,0,False
11685,0.08,0,False
11686,0.08,0,False
1169,0.08,7,False
11692,0.08,14,False
11693,0.08,0,False
117,0.08,5,False
1170,0.08,0,False
11706,0.08,15,False
11716,0.08,0,False
1172,0.08,9,False
11720,0.08,0,False
11729,0.08,0,False
11737,0.08,14,False
11744,0.08,0,False
11745,0.08,0,False
11747,0.08,15,False
1175,0.08,14,False
11750,0.08,0,False
11758,0.08,0,False
11759,0.08,14,False
11766,0.08,14,False
11772,0.08,0,False
11774,0.08,0,False
11780,0.08,0,False
11786,0.08,15,False
1179,0.08,6,False
118,0.08,5,False
1180,0.08,8,False
11801,0.08,0,False
11807,0.08,0,False
11810,0.08,15,False
11811,0.08,0,False
1182,0.08,0,False
1183,0.08,5,False
11833,0.08,0,False
11834,0.08,11,False
1184,0.08,6,False
11841,0.08,0,False
11845,0.08,0,False
11847,0.08,0,False
11849,0.08,0,False
11850,0.08,0,False
11852,0.08,14,False
11856,0.08,0,False
11858,0.08,0,False
11859,0.08,11,False
1186,0.08,5,False
11862,0.08,0,False
11863,0.08,0,False
11865,0.08,0,False
11867,0.08,14,False
11868,0.08,14,False
1187,0.08,6,False
11871,0.08,11,False
11872,0.08,13,False
11875,0.08,0,False
11877,0.08,0,False
11879,0.08,13,False
1188,0.08,8,False
11883,0.08,0,False
11884,0.08,15,False
11888,0.08,15,False
11891,0.08,0,False
11892,0.08,0,False
11897,0.08,0,False
119,0.08,4,False
11900,0.08,0,False
11905,0.08,0,False
11907,0.08,0,False
1191,0.08,7,False
11912,0.08,0,False
11914,0.08,0,False
11916,0.08,0,False
1192,0.08,6,False
11920,0.08,0,False
11925,0.08,15,False
11927,0.08,0,False
1193,0.08,6,False
11938,0.08,0,False
1194,0.08,4,False
11944,0.08,0,False
11945,0.08,15,False
1195,0.08,5,False
11953,0.08,0,False
11956,0.08,0,False
11958,0.08,14,False
11959,0.08,0,False
1196,0.08,5,False
11965,0.08,0,False
11969,0.08,0,False
11976,0.08,0,False
1198,0.08,7,False
11984,0.08,12,False
11985,0.08,7,True
1199,0.08,0,False
11990,0.08,10,False
11991,0.08,0,False
11995,0.08,10,False
11996,0.08,0,False
11999,0.08,0,False
12,0.08,13,False
12003,0.08,0,False
12004,0.08,0,False
12005,0.08,0,False
12008,0.08,0,False
12016,0.08,12,False
12018,0.08,0,False
1202,0.08,8,False
12021,0.08,13,False
12022,0.08,0,False
1203,0.08,10,False
12030,0.08,0,False
12032,0.08,0,False
12033,0.08,0,False
12037,0.08,0,False
12038,0.08,0,False
12039,0.08,0,False
1204,0.08,5,False
12040,0.08,13,False
12042,0.08,0,False
12043,0.08,14,False
12044,0.08,15,False
12046,0.08,0,False
12047,0.08,0,False
12054,0.08,12,False
12055,0.08,14,False
12057,0.08,0,False
12061,0.08,0,False
12062,0.08,0,False
12066,0.08,0,False
12067,0.08,0,False
12068,0.08,0,False
12069,0.08,0,False
12070,0.08,0,False
12073,0.08,0,False
1208,0.08,7,False
12083,0.08,15,False
12088,0.08,15,False
12090,0.08,14,False
12096,0.08,0,False
121,0.08,5,False
12100,0.08,0,False
12101,0.08,0,False
1211,0.08,10,False
12114,0.08,0,False
12116,0.08,0,False
12118,0.08,15,False
12128,0.08,9,False
12132,0.08,0,False
12138,0.08,0,False
12139,0.08,0,False
1214,0.08,5,False
12143,0.08,0,False
1215,0.08,5,False
12150,0.08,0,False
12151,0.08,0,False
12155,0.08,0,False
12157,0.08,0,False
12158,0.08,0,False
12160,0.08,0,False
12164,0.08,14,False
12167,0.08,12,False
12168,0.08,0,False
12171,0.08,0,False
12173,0.08,12,False
12178,0.08,0,False
12182,0.08,0,False
12183,0.08,0,False
12184,0.08,15,False
12185,0.08,0,False
12186,0.08,0,False
12187,0.08,12,False
12188,0.08,14,False
12189,0.08,15,False
1219,0.08,13,False
12192,0.08,0,False
12196,0.08,15,False
12198,0.08,0,False
122,0.08,5,False
12200,0.08,0,False
12201,0.08,0,False
12205,0.08,0,False
12207,0.08,0,False
12209,0.08,0,False
1221,0.08,4,False
12214,0.08,0,False
12215,0.08,0,False
12229,0.08,0,False
1223,0.08,7,False
1224,0.08,6,False
1225,0.08,12,False
12253,0.08,0,False
12254,0.08,15,False
12256,0.08,0,False
12262,0.08,0,False
12266,0.08,0,False
12267,0.08,0,False
1227,0.08,5,False
12275,0.08,0,False
12283,0.08,0,False
12285,0.08,10,False
12286,0.08,0,False
1229,0.08,8,False
12290,0.08,0,False
12292,0.08,0,False
12293,0.08,0,False
12294,0.08,0,False
12296,0.08,0,False
12297,0.08,0,False
12302,0.08,0,False
12303,0.08,0,False
12304,0.08,14,False
12308,0.08,0,False
12312,0.08,0,False
12315,0.08,0,False
12316,0.08,0,False
12317,0.08,0,False
1232,0.08,11,False
12321,0.08,0,False
12324,0.08,0,False
12326,0.08,15,False
12327,0.08,15,False
12328,0.08,0,False
1234,0.08,7,False
12341,0.08,0,False
12343,0.08,0,False
12344,0.08,0,False
12345,0.08,0,False
1235,0.08,0,False
12351,0.08,0,False
12352,0.08,0,False
12354,0.08,0,False
12355,0.08,0,False
12356,0.08,12,False
12358,0.08,0,False
12359,0.08,0,False
12362,0.08,0,False
12365,0.08,0,False
1238,0.08,6,False
1239,0.08,11,False
1240,0.08,8,False
1242,0.08,7,False
12428,0.08,0,False
12429,0.08,0,False
1243,0.08,8,False
12433,0.08,0,False
12434,0.08,0,False
12435,0.08,0,False
12436,0.08,0,False
12437,0.08,0,False
12440,0.08,0,False
12445,0.08,0,False
12446,0.08,0,False
12448,0.08,0,False
1245,0.08,8,False
12452,0.08,15,False
12454,0.08,0,False
12455,0.08,0,False
12462,0.08,0,False
12463,0.08,0,False
12466,0.08,0,False
12469,0.08,8,False
1247,0.08,6,False
12470,0.08,15,False
12475,0.08,0,False
1248,0.08,11,False
12484,0.08,0,False
12485,0.08,0,False
1249,0.08,5,False
12490,0.08,12,False
12491,0.08,0,False
12492,0.08,0,False
12493,0.08,0,False
125,0.08,5,False
12502,0.08,15,False
1251,0.08,6,False
12510,0.08,0,False
12516,0.08,0,False
12517,0.08,0,False
12520,0.08,0,False
12521,0.08,14,False
12527,0.08,0,False
12532,0.08,0,False
12535,0.08,0,False
12542,0.08,15,False
12547,0.08,15,False
12548,0.08,15,False
12549,0.08,0,False
12553,0.08,0,False
12554,0.08,0,False
1256,0.08,11,False
12560,0.08,0,False
12561,0.08,10,False
12567,0.08,15,False
1257,0.08,8,False
12570,0.08,14,False
12575,0.08,0,False
12577,0.08,0,False
12579,0.08,0,False
12581,0.08,0,False
12584,0.08,13,False
12585,0.08,15,False
12586,0.08,0,False
12588,0.08,0,False
12589,0.08,0,False
1259,0.08,7,False
12594,0.08,12,False
126,0.08,5,False
12600,0.08,0,False
12605,0.08,0,False
12612,0.08,12,False
12613,0.08,15,False
12614,0.08,0,False
12626,0.08,0,False
12627,0.08,0,False
12628,0.08,9,False
1263,0.08,6,False
12634,0.08,11,False
1264,0.08,7,False
12648,0.08,0,False
12649,0.08,0,False
12653,0.08,0,False
12658,0.08,0,False
1266,0.08,6,False
12660,0.08,14,False
12661,0.08,0,False
12663,0.08,0,False
12664,0.08,0,False
12669,0.08,0,False
12674,0.08,0,False
12682,0.08,12,False
12686,0.08,0,False
12689,0.08,12,False
12693,0.08,0,False
127,0.08,5,False
1270,0.08,5,False
12702,0.08,0,False
12704,0.08,0,False
12705,0.08,0,False
12710,0.08,13,False
12713,0.08,0,False
12717,0.08,0,False
12718,0.08,15,False
12720,0.08,11,False
12722,0.08,0,False
12726,0.08,0,False
12728,0.08,0,False
12729,0.08,0,False
1273,0.08,6,False
12730,0.08,0,False
12738,0.08,0,False
1274,0.08,7,False
12741,0.08,0,False
12742,0.08,0,False
12743,0.08,0,False
12744,0.08,0,False
12745,0.08,0,False
12746,0.08,15,False
12748,0.08,0,False
12750,0.08,15,False
12751,0.08,12,False
12752,0.08,0,False
12754,0.08,0,False
12757,0.08,0,False
1276,0.08,6,False
12760,0.08,15,False
12761,0.08,15,False
12762,0.08,0,False
12763,0.08,15,False
12767,0.08,0,False
12768,0.08,0,False
12772,0.08,0,False
12774,0.08,0,False
12777,0.08,0,False
12780,0.08,14,False
12781,0.08,0,False
12786,0.08,0,False
1279,0.08,6,False
12792,0.08,9,False
128,0.08,7,False
1280,0.08,6,False
12801,0.08,0,False
12804,0.08,0,False
12808,0.08,0,False
12809,0.08,0,False
1281,0.08,12,False
12811,0.08,0,False
12812,0.08,14,False
12815,0.08,0,False
12835,0.08,0,False
12839,0.08,0,False
1284,0.08,0,False
12840,0.08,10,False
12843,0.08,11,False
12848,0.08,0,False
12851,0.08,0,False
12853,0.08,0,False
12860,0.08,0,False
12862,0.08,0,False
12865,0.08,12,False
12868,0.08,0,False
12869,0.08,0,False
12871,0.08,0,False
12872,0.08,0,False
12874,0.08,13,False
12878,0.08,0,False
12880,0.08,0,False
12881,0.08,0,False
12882,0.08,14,False
12889,0.08,0,False
1289,0.08,5,False
12893,0.08,0,False
12899,0.08,9,False
1290,0.08,6,False
12900,0.08,0,False
12906,0.08,0,False
12907,0.08,13,False
12909,0.08,0,False
12912,0.08,0,False
12917,0.08,12,False
1292,0.08,8,False
12924,0.08,14,False
12925,0.08,0,False
12928,0.08,0,False
12936,0.08,0,False
1294,0.08,6,False
12940,0.08,11,False
12942,0.08,0,False
12947,0.08,0,False
1295,0.08,6,False
12953,0.08,0,False
12965,0.08,0,False
1297,0.08,8,False
12975,0.08,0,False
12976,0.08,0,False
12978,0.08,0,False
12982,0.08,0,False
12984,0.08,9,False
12987,0.08,0,False
12992,0.08,10,False
13,0.08,13,False
130,0.08,4,False
13003,0.08,0,False
13004,0.08,0,False
13007,0.08,0,False
1301,0.08,3,False
13012,0.08,0,False
13025,0.08,0,False
13039,0.08,0,False
13041,0.08,0,False
13043,0.08,0,False
13044,0.08,9,False
13045,0.08,9,False
13048,0.08,0,False
1305,0.08,9,False
13050,0.08,0,False
1306,0.08,6,False
13064,0.08,0,False
13066,0.08,0,False
13068,0.08,0,False
1307,0.08,8,False
13070,0.08,0,False
13075,0.08,15,False
13076,0.08,0,False
13080,0.08,0,False
13082,0.08,0,False
13085,0.08,14,False
13087,0.08,0,False
13092,0.08,0,False
13098,0.08,0,False
13099,0.08,0,False
131,0.08,4,False
1310,0.08,8,False
13118,0.08,0,False
13119,0.08,0,False
13120,0.08,0,False
13121,0.08,0,False
13148,0.08,0,False
13163,0.08,0,False
13170,0.08,0,False
13172,0.08,0,False
13187,0.08,14,False
13189,0.08,0,False
1319,0.08,5,False
13190,0.08,15,False
13192,0.08,11,False
13193,0.08,14,False
13195,0.08,0,False
13208,0.08,0,False
13210,0.08,0,False
13214,0.08,0,False
13221,0.08,0,False
13227,0.08,13,False
13230,0.08,13,False
13231,0.08,0,False
13233,0.08,0,False
13235,0.08,0,False
13249,0.08,0,False
1325,0.08,5,False
13279,0.08,0,False
1329,0.08,4,False
13298,0.08,0,False
1330,0.08,4,False
13310,0.08,0,False
13324,0.08,0,False
13330,0.08,0,False
13335,0.08,0,False
13342,0.08,0,False
1336,0.08,10,False
13370,0.08,0,False
13385,0.08,0,False
1339,0.08,10,False
13402,0.08,0,False
1342,0.08,10,False
13420,0.08,0,False
1343,0.08,5,False
13435,0.08,0,False
13438,0.08,0,False
13439,0.08,0,False
13451,0.08,0,False
13461,0.08,0,False
13464,0.08,0,False
13477,0.08,0,False
1351,0.08,5,False
1354,0.08,9,False
1355,0.08,9,False
1357,0.08,5,False
1358,0.08,8,False
1361,0.08,8,False
1362,0.08,10,False
1363,0.08,5,False
1364,0.08,6,False
1367,0.08,7,False
1368,0.08,8,False
1372,0.08,9,False
1373,0.08,4,False
1376,0.08,8,False
1380,0.08,10,False
1393,0.08,4,False
1394,0.08,6,False
1395,0.08,6,False
1405,0.08,11,False
1407,0.08,8,False
1408,0.08,11,False
1411,0.08,14,False
1412,0.08,7,False
1413,0.08,9,False
1419,0.08,8,False
142,0.08,4,False
1423,0.08,5,False
1428,0.08,7,False
1430,0.08,11,False
1433,0.08,12,False
1434,0.08,6,False
1435,0.08,8,False
1438,0.08,13,False
1439,0.08,5,False
1440,0.08,7,False
1443,0.08,7,False
1444,0.08,14,False
1446,0.08,7,False
1450,0.08,0,False
1451,0.08,7,False
1454,0.08,7,False
1456,0.08,5,False
1457,0.08,8,False
1459,0.08,9,False
146,0.08,5,False
1462,0.08,10,False
1464,0.08,0,False
1465,0.08,7,False
1466,0.08,5,False
1473,0.08,10,False
1474,0.08,8,False
1478,0.08,6,False
1482,0.08,10,False
1483,0.08,12,False
1484,0.08,6,False
1486,0.08,4,False
1487,0.08,14,False
1489,0.08,7,False
149,0.08,4,False
1492,0.08,12,False
1497,0.08,6,False
1503,0.08,7,False
1504,0.08,6,False
1506,0.08,9,False
1507,0.08,4,False
151,0.08,4,False
1511,0.08,9,False
1512,0.08,11,False
1513,0.08,6,False
1514,0.08,11,False
1515,0.08,7,False
1518,0.08,0,False
1520,0.08,5,False
1521,0.08,7,False
1522,0.08,5,False
1524,0.08,9,False
1527,0.08,8,False
1528,0.08,0,False
1529,0.08,6,False
1531,0.08,4,False
1533,0.08,0,False
1534,0.08,11,False
1535,0.08,8,False
1536,0.08,6,False
154,0.08,5,False
1540,0.08,7,False
1542,0.08,11,False
1545,0.08,7,False
1546,0.08,9,False
1547,0.08,11,False
155,0.08,5,False
1550,0.08,6,False
1552,0.08,5,False
1553,0.08,7,False
1554,0.08,8,False
1559,0.08,9,False
156,0.08,5,False
1561,0.08,5,False
1563,0.08,7,False
1565,0.08,6,False
1567,0.08,7,False
1569,0.08,14,False
157,0.08,6,False
1571,0.08,11,False
1573,0.08,9,False
1576,0.08,7,False
1578,0.08,9,False
158,0.08,4,False
1580,0.08,6,False
1583,0.08,6,False
1587,0.08,6,False
1588,0.08,8,False
1589,0.08,7,False
159,0.08,5,False
1590,0.08,6,False
1591,0.08,5,False
1593,0.08,7,False
1595,0.08,8,False
1596,0.08,7,False
1597,0.08,9,False
160,0.08,8,False
1603,0.08,8,False
1608,0.08,6,False
1609,0.08,10,False
161,0.08,5,False
1611,0.08,14,False
1612,0.08,6,False
1615,0.08,9,False
1617,0.08,6,False
162,0.08,8,False
1621,0.08,7,False
1625,0.08,5,False
1626,0.08,7,False
1627,0.08,9,False
1629,0.08,7,False
163,0.08,5,False
1631,0.08,6,False
1634,0.08,9,False
1638,0.08,9,False
1639,0.08,6,False
164,0.08,8,False
1640,0.08,6,False
1645,0.08,8,False
1648,0.08,13,False
1649,0.08,6,False
1650,0.08,8,False
1652,0.08,10,False
1653,0.08,9,False
1660,0.08,5,False
1664,0.08,9,False
1665,0.08,5,False
1666,0.08,6,False
1667,0.08,5,False
167,0.08,6,False
1673,0.08,8,False
1674,0.08,0,False
1676,0.08,6,False
1678,0.08,0,False
1682,0.08,6,False
1683,0.08,6,False
1685,0.08,6,False
1698,0.08,7,False
1699,0.08,5,False
17,0.08,9,False
170,0.08,1,False
1700,0.08,10,False
1701,0.08,4,False
1702,0.08,7,False
1704,0.08,6,False
1708,0.08,6,False
1709,0.08,7,False
171,0.08,4,False
1715,0.08,6,False
1716,0.08,6,False
1717,0.08,8,False
172,0.08,3,False
1720,0.08,7,False
1722,0.08,5,False
1724,0.08,8,False
1725,0.08,5,False
1726,0.08,6,False
1729,0.08,10,False
1733,0.08,8,False
1734,0.08,6,False
1736,0.08,10,False
1738,0.08,8,False
1741,0.08,10,False
1742,0.08,6,False
1744,0.08,10,False
1745,0.08,8,False
1746,0.08,10,False
1747,0.08,15,False
175,0.08,4,False
1750,0.08,9,False
1753,0.08,6,False
1756,0.08,7,False
1757,0.08,5,False
176,0.08,5,False
1765,0.08,6,False
1767,0.08,6,False
1769,0.08,6,False
1771,0.08,7,False
1772,0.08,11,False
1774,0.08,10,False
1776,0.08,11,False
1777,0.08,7,False
1778,0.08,11,False
178,0.08,4,False
1780,0.08,5,False
1782,0.08,6,False
1786,0.08,11,False
1789,0.08,6,False
179,0.08,3,False
1791,0.08,9,False
1792,0.08,8,False
1793,0.08,11,False
1794,0.08,7,False
1797,0.08,10,False
1798,0.08,4,False
18,0.08,7,False
1800,0.08,1,False
1802,0.08,10,False
1804,0.08,8,False
1805,0.08,6,False
1806,0.08,5,False
1807,0.08,5,False
1808,0.08,5,False
181,0.08,4,False
1810,0.08,5,False
1812,0.08,11,False
1814,0.08,5,False
1816,0.08,9,False
1818,0.08,5,False
1819,0.08,7,False
1820,0.08,6,False
1821,0.08,4,False
1822,0.08,6,False
1824,0.08,5,False
1825,0.08,11,False
1826,0.08,7,False
1827,0.08,7,False
1828,0.08,8,False
1829,0.08,6,False
183,0.08,5,False
1830,0.08,5,False
1831,0.08,6,False
1832,0.08,6,False
1833,0.08,5,False
1834,0.08,6,False
1835,0.08,7,False
1836,0.08,6,False
1837,0.08,8,False
1838,0.08,6,False
1839,0.08,7,False
1840,0.08,7,False
1841,0.08,11,False
1842,0.08,7,False
1844,0.08,8,False
1845,0.08,5,False
1846,0.08,6,False
1848,0.08,6,False
185,0.08,5,False
1851,0.08,5,False
1856,0.08,4,False
1858,0.08,9,False
1867,0.08,10,False
187,0.08,3,False
1873,0.08,5,False
1876,0.08,5,False
1878,0.08,5,False
188,0.08,3,False
1881,0.08,6,False
1882,0.08,6,False
1888,0.08,8,False
1889,0.08,6,False
189,0.08,3,False
19,0.08,7,False
190,0.08,5,False
1900,0.08,7,False
1901,0.08,8,False
1902,0.08,8,False
1903,0.08,9,False
1905,0.08,4,False
1907,0.08,4,False
1908,0.08,10,False
1909,0.08,7,False
1910,0.08,10,False
1911,0.08,9,False
1913,0.08,5,False
1914,0.08,10,False
1915,0.08,9,False
1916,0.08,9,False
1917,0.08,7,False
1918,0.08,6,False
1919,0.08,6,False
1923,0.08,6,False
1924,0.08,6,False
1925,0.08,7,False
1926,0.08,5,False
1928,0.08,7,False
1932,0.08,3,False
1936,0.08,8,False
1937,0.08,9,False
1938,0.08,9,False
194,0.08,8,False
1941,0.08,6,False
1945,0.08,7,False
1946,0.08,9,False
1947,0.08,7,False
1948,0.08,9,False
195,0.08,5,False
1950,0.08,10,False
1951,0.08,5,False
1952,0.08,9,False
1953,0.08,9,False
1954,0.08,5,False
1955,0.08,8,False
1956,0.08,9,False
1957,0.08,9,False
1958,0.08,7,False
1966,0.08,8,False
1967,0.08,7,False
1968,0.08,5,False
1969,0.08,8,False
1970,0.08,7,False
1973,0.08,7,False
1975,0.08,8,False
1976,0.08,8,False
1980,0.08,8,False
1982,0.08,8,False
1984,0.08,5,False
1986,0.08,9,False
1989,0.08,3,False
199,0.08,2,False
1992,0.08,7,False
1993,0.08,10,False
1994,0.08,10,False
1995,0.08,6,False
1996,0.08,10,False
20,0.08,6,False
2000,0.08,10,False
2002,0.08,10,False
2003,0.08,11,False
2004,0.08,5,False
2006,0.08,11,False
2007,0.08,10,False
2008,0.08,6,False
2011,0.08,10,False
2012,0.08,10,False
2013,0.08,10,False
2014,0.08,6,False
2015,0.08,10,False
2018,0.08,7,False
2023,0.08,11,False
2024,0.08,14,False
2025,0.08,7,False
2026,0.08,7,False
2027,0.08,13,False
2028,0.08,11,False
2029,0.08,13,False
203,0.08,6,False
2030,0.08,11,False
2031,0.08,10,False
2032,0.08,9,False
2033,0.08,13,False
2034,0.08,13,False
2035,0.08,7,False
2037,0.08,10,False
2038,0.08,13,False
2043,0.08,9,False
2044,0.08,9,False
2045,0.08,13,False
2046,0.08,13,False
2047,0.08,13,False
2049,0.08,7,False
2050,0.08,12,False
2051,0.08,12,False
2052,0.08,7,False
2056,0.08,13,False
2058,0.08,14,False
2059,0.08,13,False
2060,0.08,14,False
2061,0.08,7,False
2063,0.08,13,False
2069,0.08,13,False
2070,0.08,13,False
2071,0.08,13,False
2072,0.08,13,False
2074,0.08,13,False
2076,0.08,12,False
2077,0.08,13,False
2078,0.08,8,False
2079,0.08,7,False
2080,0.08,7,False
2081,0.08,7,False
2082,0.08,7,False
2083,0.08,8,False
2084,0.08,7,False
2085,0.08,7,False
2086,0.08,9,False
2087,0.08,7,False
2088,0.08,6,False
2089,0.08,13,False
2090,0.08,13,False
2091,0.08,9,False
2092,0.08,9,False
2093,0.08,12,False
2094,0.08,9,False
2095,0.08,12,False
2096,0.08,8,False
2098,0.08,11,False
2099,0.08,9,False
21,0.08,9,False
210,0.08,14,False
2102,0.08,13,False
2103,0.08,12,False
2106,0.08,5,False
2108,0.08,12,False
211,0.08,7,False
2110,0.08,5,False
2112,0.08,12,False
2113,0.08,6,False
2114,0.08,6,False
2115,0.08,2,False
2119,0.08,9,False
212,0.08,14,False
2121,0.08,13,False
2122,0.08,7,False
2123,0.08,8,False
2125,0.08,6,False
2126,0.08,6,False
2128,0.08,9,False
213,0.08,13,False
2130,0.08,6,False
2131,0.08,7,False
2132,0.08,5,False
2133,0.08,6,False
2134,0.08,4,False
2136,0.08,8,False
2137,0.08,6,False
2138,0.08,10,False
2139,0.08,5,False
214,0.08,13,False
2140,0.08,3,False
2141,0.08,10,False
2142,0.08,8,False
2144,0.08,8,False
2146,0.08,4,False
2147,0.08,6,False
2148,0.08,10,False
2149,0.08,9,False
2150,0.08,9,False
2151,0.08,8,False
2152,0.08,4,False
2154,0.08,6,False
2155,0.08,6,False
2157,0.08,6,False
2158,0.08,13,False
2159,0.08,6,False
216,0.08,13,False
2160,0.08,10,False
2161,0.08,8,False
2163,0.08,10,False
2164,0.08,4,False
2165,0.08,7,False
2167,0.08,4,False
2169,0.08,5,False
217,0.08,13,False
2170,0.08,7,False
2172,0.08,7,False
2173,0.08,5,False
2175,0.08,13,False
2176,0.08,6,False
2177,0.08,8,False
2181,0.08,8,False
2182,0.08,5,False
2184,0.08,6,False
2185,0.08,6,False
2187,0.08,9,False
219,0.08,13,False
2190,0.08,14,False
2191,0.08,8,False
2194,0.08,10,False
2195,0.08,6,False
2196,0.08,4,False
2199,0.08,8,False
220,0.08,13,False
2200,0.08,7,False
2201,0.08,9,False
2202,0.08,10,False
2204,0.08,6,False
2205,0.08,7,False
2206,0.08,7,False
2207,0.08,10,False
2208,0.08,7,False
221,0.08,13,False
2210,0.08,9,False
2211,0.08,6,False
2212,0.08,9,False
2213,0.08,5,False
2215,0.08,10,False
2218,0.08,9,False
222,0.08,13,False
2220,0.08,6,False
2221,0.08,10,False
2222,0.08,8,False
2223,0.08,6,False
2224,0.08,6,False
2225,0.08,8,False
2226,0.08,9,False
2228,0.08,4,False
2229,0.08,13,False
223,0.08,13,False
2230,0.08,6,False
2231,0.08,8,False
2232,0.08,7,False
2234,0.08,10,False
2237,0.08,5,False
224,0.08,9,False
2240,0.08,6,False
2241,0.08,8,False
2243,0.08,10,False
2244,0.08,13,False
2246,0.08,8,False
2247,0.08,6,False
2248,0.08,12,False
2249,0.08,7,False
225,0.08,13,False
2250,0.08,10,False
2252,0.08,12,False
2253,0.08,8,False
2255,0.08,14,False
2256,0.08,8,False
2257,0.08,6,False
2260,0.08,6,False
2261,0.08,5,False
2265,0.08,13,False
2266,0.08,11,False
2268,0.08,8,False
2270,0.08,10,False
2271,0.08,7,False
2274,0.08,13,False
2275,0.08,6,False
2279,0.08,12,False
228,0.08,7,False
2281,0.08,10,False
2282,0.08,11,False
2283,0.08,13,False
2288,0.08,10,False
229,0.08,9,False
2291,0.08,7,False
2292,0.08,7,False
2294,0.08,8,False
2298,0.08,7,False
23,0.08,13,False
2302,0.08,12,False
2303,0.08,7,False
2305,0.08,8,False
2307,0.08,9,False
2309,0.08,8,False
231,0.08,13,False
2311,0.08,10,False
2312,0.08,12,False
2313,0.08,10,False
2314,0.08,10,False
2315,0.08,10,False
2316,0.08,9,False
2318,0.08,4,False
2319,0.08,9,False
232,0.08,5,False
2321,0.08,8,False
2323,0.08,12,False
2327,0.08,9,False
2329,0.08,12,False
233,0.08,12,False
2331,0.08,11,False
2333,0.08,7,False
2334,0.08,4,False
2336,0.08,13,False
2337,0.08,4,False
2341,0.08,6,False
2344,0.08,10,False
2346,0.08,8,False
2349,0.08,10,False
235,0.08,11,False
2350,0.08,8,False
2352,0.08,8,False
2353,0.08,5,False
2354,0.08,7,False
2357,0.08,13,False
2358,0.08,12,False
2360,0.08,6,False
2364,0.08,10,False
2365,0.08,4,False
2366,0.08,12,False
2367,0.08,9,False
2369,0.08,9,False
237,0.08,11,False
2370,0.08,7,False
2372,0.08,12,False
2373,0.08,6,False
2374,0.08,8,False
2375,0.08,9,False
2377,0.08,9,False
2378,0.08,8,False
2379,0.08,9,False
238,0.08,13,False
2380,0.08,8,False
2381,0.08,9,False
2382,0.08,6,False
2383,0.08,8,False
2384,0.08,10,False
2386,0.08,6,False
2387,0.08,5,False
2389,0.08,13,False
2390,0.08,9,False
2391,0.08,6,False
2392,0.08,4,False
2398,0.08,5,False
2399,0.08,7,False
24,0.08,13,False
2404,0.08,5,False
2405,0.08,6,False
2406,0.08,7,False
2407,0.08,11,False
2408,0.08,8,False
2409,0.08,6,False
2410,0.08,11,False
2414,0.08,11,False
2416,0.08,4,False
2418,0.08,11,False
2419,0.08,11,False
2420,0.08,11,False
2421,0.08,10,False
2422,0.08,6,False
2423,0.08,8,False
2424,0.08,6,False
2426,0.08,5,False
2427,0.08,5,False
2429,0.08,8,False
243,0.08,9,False
2430,0.08,8,False
2431,0.08,11,False
2432,0.08,4,False
2435,0.08,11,False
2437,0.08,5,False
2438,0.08,5,False
2439,0.08,5,False
244,0.08,9,False
2440,0.08,8,False
2441,0.08,5,False
2442,0.08,11,False
2443,0.08,3,False
2444,0.08,5,False
2445,0.08,6,False
2446,0.08,11,False
2447,0.08,5,False
2448,0.08,5,False
2449,0.08,11,False
245,0.08,10,False
2450,0.08,11,False
2451,0.08,11,False
2454,0.08,6,False
2455,0.08,5,False
2458,0.08,8,False
246,0.08,13,False
2460,0.08,7,False
2461,0.08,6,False
2463,0.08,6,False
2464,0.08,9,False
2465,0.08,7,False
2466,0.08,11,False
2467,0.08,13,False
2469,0.08,6,False
2472,0.08,5,False
2475,0.08,8,False
2476,0.08,6,False
2477,0.08,9,False
2478,0.08,11,False
2479,0.08,7,False
2480,0.08,12,False
2481,0.08,11,False
2484,0.08,5,False
2486,0.08,7,False
249,0.08,9,False
2491,0.08,6,False
2495,0.08,11,False
2496,0.08,7,False
2499,0.08,9,False
25,0.08,10,False
250,0.08,13,False
2500,0.08,7,False
2503,0.08,11,False
2504,0.08,5,False
2505,0.08,8,False
2506,0.08,4,False
2507,0.08,8,False
251,0.08,13,False
2510,0.08,13,False
2515,0.08,11,False
2518,0.08,10,False
2519,0.08,5,False
252,0.08,7,False
2522,0.08,5,False
2530,0.08,5,False
2533,0.08,4,False
2534,0.08,7,False
2535,0.08,6,False
2537,0.08,7,False
254,0.08,7,False
2541,0.08,9,False
2542,0.08,8,False
2543,0.08,6,False
2544,0.08,8,False
2545,0.08,7,False
2547,0.08,6,False
2550,0.08,8,False
2551,0.08,10,False
2552,0.08,6,False
2554,0.08,5,False
2555,0.08,8,False
2557,0.08,5,False
2559,0.08,7,False
2560,0.08,11,False
2561,0.08,5,False
2562,0.08,7,False
2566,0.08,5,False
2568,0.08,8,False
2569,0.08,9,False
257,0.08,13,False
2570,0.08,6,False
2571,0.08,5,False
2573,0.08,8,False
2574,0.08,5,False
2577,0.08,6,False
2578,0.08,12,False
258,0.08,13,False
2581,0.08,12,False
2582,0.08,8,False
2585,0.08,4,False
2588,0.08,7,False
2589,0.08,8,False
259,0.08,6,False
2590,0.08,8,False
2593,0.08,4,False
2596,0.08,6,False
2597,0.08,6,False
26,0.08,13,False
260,0.08,13,False
2600,0.08,9,False
2601,0.08,7,False
2602,0.08,6,False
2603,0.08,6,False
2606,0.08,7,False
2607,0.08,9,False
2609,0.08,6,False
261,0.08,13,False
2610,0.08,6,False
2614,0.08,6,False
2615,0.08,9,False
2616,0.08,8,False
2617,0.08,7,False
2618,0.08,6,False
2619,0.08,6,False
262,0.08,10,False
2620,0.08,10,False
2621,0.08,12,False
2622,0.08,9,False
2623,0.08,8,False
2627,0.08,10,False
2630,0.08,6,False
2631,0.08,7,False
2632,0.08,9,False
2636,0.08,8,False
2637,0.08,10,False
2638,0.08,5,False
2640,0.08,6,False
2641,0.08,8,False
2643,0.08,8,False
2647,0.08,8,False
2650,0.08,12,False
2651,0.08,7,False
2655,0.08,6,False
2656,0.08,5,False
2657,0.08,7,False
2659,0.08,6,False
266,0.08,9,False
2660,0.08,7,False
2664,0.08,6,False
2669,0.08,8,False
2670,0.08,8,False
2672,0.08,10,False
2673,0.08,6,False
2674,0.08,8,False
2675,0.08,6,False
2679,0.08,4,False
2681,0.08,8,False
2683,0.08,8,False
2684,0.08,6,False
2685,0.08,4,False
2687,0.08,12,False
2689,0.08,7,False
269,0.08,13,False
2690,0.08,10,False
2691,0.08,6,False
2694,0.08,6,False
2696,0.08,6,False
2698,0.08,5,False
27,0.08,13,False
2701,0.08,8,False
2703,0.08,4,False
2705,0.08,6,False
2706,0.08,8,False
2709,0.08,8,False
2714,0.08,10,False
2715,0.08,6,False
2718,0.08,8,False
2719,0.08,6,False
272,0.08,5,False
2722,0.08,6,False
2723,0.08,6,False
2724,0.08,3,False
2726,0.08,5,False
2727,0.08,5,False
273,0.08,5,False
2731,0.08,7,False
2732,0.08,11,False
2738,0.08,8,False
2743,0.08,8,False
2744,0.08,6,False
2749,0.08,9,False
275,0.08,14,False
2750,0.08,6,False
2752,0.08,5,False
2753,0.08,9,False
2756,0.08,7,False
2758,0.08,6,False
2759,0.08,5,False
276,0.08,9,False
2760,0.08,7,False
2762,0.08,6,False
2763,0.08,6,False
2764,0.08,4,False
2767,0.08,6,False
2769,0.08,8,False
277,0.08,12,False
2770,0.08,7,False
2772,0.08,6,False
2773,0.08,6,False
2774,0.08,5,False
2778,0.08,6,False
278,0.08,8,False
2781,0.08,6,False
2782,0.08,12,False
2784,0.08,10,False
2785,0.08,7,False
2786,0.08,9,False
2787,0.08,5,False
2790,0.08,6,False
2791,0.08,5,False
2795,0.08,5,False
2797,0.08,6,False
2799,0.08,6,False
28,0.08,7,False
2803,0.08,8,False
2805,0.08,6,False
2806,0.08,6,False
2808,0.08,6,False
2810,0.08,6,False
2811,0.08,5,False
2813,0.08,6,False
2816,0.08,10,False
2818,0.08,8,False
2819,0.08,7,False
2820,0.08,7,False
2821,0.08,8,False
2823,0.08,11,False
2826,0.08,7,False
2828,0.08,10,False
2829,0.08,9,False
283,0.08,10,False
2831,0.08,5,False
2833,0.08,5,False
2838,0.08,10,False
2839,0.08,12,False
2841,0.08,10,False
2842,0.08,6,False
2844,0.08,8,False
2848,0.08,12,False
2849,0.08,9,False
285,0.08,13,False
2854,0.08,10,False
2856,0.08,5,False
2857,0.08,6,False
286,0.08,7,False
2860,0.08,9,False
2861,0.08,9,False
2863,0.08,6,False
2865,0.08,10,False
2867,0.08,5,False
2869,0.08,11,False
2871,0.08,12,False
2875,0.08,10,False
2877,0.08,12,False
2878,0.08,8,False
288,0.08,7,False
2881,0.08,8,False
2882,0.08,11,False
2883,0.08,5,False
2884,0.08,5,False
2886,0.08,11,False
2889,0.08,12,False
289,0.08,9,False
2890,0.08,9,False
2892,0.08,12,False
2893,0.08,8,False
2898,0.08,7,False
2899,0.08,10,False
29,0.08,10,False
290,0.08,13,False
2901,0.08,4,False
2902,0.08,8,False
2906,0.08,8,False
2907,0.08,8,False
2908,0.08,7,False
291,0.08,10,False
2910,0.08,6,False
2913,0.08,7,False
2914,0.08,12,False
2915,0.08,10,False
2916,0.08,6,False
2918,0.08,6,False
2919,0.08,9,False
292,0.08,12,False
2921,0.08,7,False
2923,0.08,8,False
2925,0.08,10,False
2926,0.08,6,False
2928,0.08,6,False
2929,0.08,6,False
293,0.08,13,False
2930,0.08,7,False
2932,0.08,13,False
2935,0.08,6,False
2936,0.08,9,False
2938,0.08,7,False
294,0.08,13,False
2940,0.08,12,False
2941,0.08,8,False
2942,0.08,7,False
2944,0.08,12,False
2945,0.08,6,False
2946,0.08,12,False
2947,0.08,8,False
2948,0.08,8,False
295,0.08,13,False
2950,0.08,8,False
2954,0.08,7,False
2955,0.08,8,False
2962,0.08,4,False
2963,0.08,8,False
2964,0.08,6,False
2965,0.08,9,False
2967,0.08,7,False
2968,0.08,5,False
2971,0.08,4,False
2972,0.08,6,False
2975,0.08,10,False
2977,0.08,10,False
2979,0.08,9,False
2980,0.08,9,False
2986,0.08,13,False
2987,0.08,7,False
2993,0.08,8,False
2995,0.08,6,False
2998,0.08,11,False
30,0.08,13,False
300,0.08,7,False
3000,0.08,12,False
3002,0.08,9,False
3005,0.08,12,False
3006,0.08,12,False
301,0.08,13,False
3011,0.08,6,False
3012,0.08,5,False
3015,0.08,12,False
3016,0.08,12,False
3017,0.08,12,False
302,0.08,13,False
3026,0.08,11,False
303,0.08,13,False
3037,0.08,9,False
3039,0.08,7,False
304,0.08,8,False
3042,0.08,7,False
3043,0.08,9,False
3044,0.08,12,False
3046,0.08,7,False
3047,0.08,7,False
305,0.08,6,False
3052,0.08,12,False
3055,0.08,0,False
3057,0.08,9,False
3058,0.08,12,False
306,0.08,13,False
3066,0.08,7,False
3068,0.08,9,False
3071,0.08,9,False
3087,0.08,12,False
309,0.08,7,False
3090,0.08,9,False
3092,0.08,12,False
3098,0.08,8,False
3099,0.08,9,False
3101,0.08,9,False
3104,0.08,7,False
3107,0.08,5,False
3108,0.08,14,False
3109,0.08,9,False
311,0.08,13,False
3112,0.08,9,False
3114,0.08,12,False
3117,0.08,9,False
3118,0.08,9,False
3123,0.08,9,False
3125,0.08,5,False
3128,0.08,14,False
313,0.08,7,False
3130,0.08,11,False
3132,0.08,8,False
3133,0.08,11,False
3135,0.08,7,False
3136,0.08,8,False
3138,0.08,7,False
314,0.08,9,False
3141,0.08,5,False
3143,0.08,8,False
3145,0.08,14,False
3146,0.08,8,False
3147,0.08,8,False
3149,0.08,9,False
3151,0.08,8,False
3152,0.08,6,False
3153,0.08,0,False
3155,0.08,4,False
3156,0.08,6,False
3157,0.08,6,False
3158,0.08,10,False
3159,0.08,6,False
316,0.08,7,False
3161,0.08,9,False
3164,0.08,4,False
3166,0.08,5,False
3167,0.08,12,False
3169,0.08,5,False
3172,0.08,15,False
3173,0.08,7,False
3175,0.08,7,False
3176,0.08,8,False
3177,0.08,8,False
3178,0.08,9,False
3181,0.08,6,False
3182,0.08,6,False
3184,0.08,9,False
3186,0.08,8,False
3188,0.08,8,False
3189,0.08,7,False
319,0.08,9,False
3190,0.08,14,False
3192,0.08,9,False
3193,0.08,5,False
3195,0.08,8,False
3196,0.08,9,False
3198,0.08,10,False
32,0.08,7,False
320,0.08,7,False
3200,0.08,11,False
3201,0.08,14,False
3203,0.08,9,False
3204,0.08,12,False
3205,0.08,9,False
3207,0.08,8,False
3210,0.08,7,False
3211,0.08,10,False
3214,0.08,5,False
3215,0.08,8,False
3216,0.08,4,False
3218,0.08,5,False
3219,0.08,15,False
3221,0.08,7,False
3228,0.08,15,False
3230,0.08,8,False
3231,0.08,0,False
3233,0.08,6,False
3235,0.08,4,False
3238,0.08,5,False
3239,0.08,0,False
3242,0.08,0,False
3245,0.08,9,False
3246,0.08,0,False
3249,0.08,5,False
3250,0.08,4,False
3251,0.08,15,False
3254,0.08,5,False
3256,0.08,12,False
3257,0.08,9,False
3258,0.08,4,False
326,0.08,7,False
3260,0.08,15,False
3262,0.08,5,False
3263,0.08,5,False
3266,0.08,6,False
3267,0.08,9,False
3268,0.08,14,False
3274,0.08,6,False
3275,0.08,9,False
3276,0.08,8,False
3279,0.08,4,False
3282,0.08,9,False
3285,0.08,6,False
3288,0.08,0,False
329,0.08,7,False
3290,0.08,10,False
3292,0.08,4,False
3293,0.08,6,False
3295,0.08,5,False
3297,0.08,14,False
3298,0.08,2,False
3299,0.08,6,False
33,0.08,7,False
3300,0.08,4,False
3301,0.08,10,False
3303,0.08,7,False
3306,0.08,5,False
3311,0.08,5,False
3315,0.08,7,False
3316,0.08,6,False
3317,0.08,9,False
332,0.08,8,False
3321,0.08,8,False
3322,0.08,9,False
3323,0.08,14,False
3325,0.08,5,False
3328,0.08,6,False
3330,0.08,9,False
3332,0.08,14,False
3335,0.08,9,False
3336,0.08,5,False
3337,0.08,3,False
3340,0.08,3,False
3343,0.08,9,False
3344,0.08,12,False
3345,0.08,14,False
3346,0.08,9,False
3348,0.08,14,False
3349,0.08,4,False
3350,0.08,5,False
3351,0.08,9,False
3353,0.08,8,False
3354,0.08,14,False
3355,0.08,15,False
3356,0.08,10,False
3359,0.08,11,False
3360,0.08,5,False
3362,0.08,8,False
3363,0.08,6,False
3364,0.08,4,False
3367,0.08,9,False
3370,0.08,5,False
3371,0.08,5,False
3372,0.08,0,False
3373,0.08,12,False
3376,0.08,8,False
3377,0.08,9,False
3378,0.08,5,False
3381,0.08,14,False
3382,0.08,8,False
3383,0.08,8,False
3384,0.08,5,False
3386,0.08,5,False
3387,0.08,0,False
339,0.08,13,False
3391,0.08,15,False
3393,0.08,7,False
3394,0.08,7,False
3395,0.08,5,False
3397,0.08,8,False
3398,0.08,11,False
340,0.08,13,False
3400,0.08,5,False
3401,0.08,5,False
3402,0.08,4,False
3403,0.08,5,False
3405,0.08,5,False
3406,0.08,5,False
3407,0.08,12,False
341,0.08,13,False
3410,0.08,7,False
3413,0.08,10,False
3417,0.08,12,False
3419,0.08,8,False
342,0.08,13,False
3420,0.08,9,False
3421,0.08,6,False
3422,0.08,4,False
3425,0.08,5,False
3427,0.08,6,False
3428,0.08,4,False
3432,0.08,7,False
3433,0.08,14,False
3435,0.08,6,False
3437,0.08,0,False
3438,0.08,7,False
3439,0.08,11,False
344,0.08,13,False
3441,0.08,5,False
3444,0.08,9,False
3446,0.08,8,False
3447,0.08,5,False
3448,0.08,5,False
345,0.08,13,False
3450,0.08,14,False
3451,0.08,6,False
3452,0.08,1,False
3457,0.08,8,False
3458,0.08,8,False
3459,0.08,11,False
3460,0.08,8,False
3461,0.08,5,False
3462,0.08,8,False
3463,0.08,4,False
3468,0.08,7,False
3469,0.08,3,False
3470,0.08,8,False
3471,0.08,5,False
3473,0.08,5,False
3474,0.08,5,False
3475,0.08,5,False
348,0.08,9,False
3482,0.08,0,False
3484,0.08,12,False
3485,0.08,6,False
3487,0.08,0,False
3488,0.08,6,False
349,0.08,9,False
3494,0.08,6,False
3495,0.08,7,False
3498,0.08,7,False
35,0.08,9,False
350,0.08,8,False
3500,0.08,8,False
3501,0.08,8,False
3503,0.08,14,False
3506,0.08,9,False
3507,0.08,3,False
351,0.08,13,False
3511,0.08,4,False
3512,0.08,0,False
3513,0.08,4,False
3514,0.08,10,False
3516,0.08,7,False
3517,0.08,14,False
3519,0.08,8,False
352,0.08,13,False
3521,0.08,5,False
3523,0.08,1,False
3525,0.08,9,False
3527,0.08,7,False
3528,0.08,9,False
3529,0.08,5,False
353,0.08,13,False
3531,0.08,6,False
3532,0.08,8,False
3537,0.08,15,False
3538,0.08,0,False
3539,0.08,8,False
3540,0.08,8,False
3542,0.08,10,False
3543,0.08,6,False
3545,0.08,8,False
3547,0.08,7,False
3548,0.08,5,False
3549,0.08,11,False
3552,0.08,8,False
3554,0.08,15,False
3555,0.08,5,False
3556,0.08,8,False
356,0.08,13,False
3561,0.08,15,False
3562,0.08,10,False
3563,0.08,8,False
3565,0.08,5,False
3566,0.08,9,False
3567,0.08,5,False
3569,0.08,6,False
357,0.08,13,False
3572,0.08,9,False
3573,0.08,5,False
3574,0.08,8,False
3576,0.08,12,False
3579,0.08,9,False
358,0.08,13,False
3580,0.08,5,False
3581,0.08,14,False
3582,0.08,8,False
3584,0.08,4,False
3585,0.08,6,False
3586,0.08,14,False
3587,0.08,7,False
3589,0.08,6,False
359,0.08,13,False
3590,0.08,4,False
3591,0.08,7,False
3594,0.08,12,False
3596,0.08,7,False
3597,0.08,8,False
3598,0.08,8,False
36,0.08,9,False
360,0.08,13,False
3601,0.08,6,False
3603,0.08,10,False
3605,0.08,12,False
3607,0.08,8,False
3609,0.08,9,False
361,0.08,11,False
3611,0.08,8,False
3613,0.08,10,False
3615,0.08,7,False
3617,0.08,15,False
362,0.08,8,False
3620,0.08,8,False
3621,0.08,10,False
3624,0.08,4,False
3626,0.08,7,False
3628,0.08,6,False
3630,0.08,14,False
3632,0.08,14,False
3634,0.08,14,False
3637,0.08,5,False
3638,0.08,9,False
3639,0.08,5,False
364,0.08,13,False
3641,0.08,9,False
3645,0.08,8,False
3648,0.08,0,False
3649,0.08,7,False
3651,0.08,7,False
3653,0.08,12,False
3654,0.08,8,False
366,0.08,10,False
3661,0.08,10,False
3665,0.08,9,False
3666,0.08,7,False
3667,0.08,8,False
3668,0.08,7,False
3669,0.08,6,False
367,0.08,13,False
3673,0.08,9,False
3674,0.08,9,False
3676,0.08,11,False
3677,0.08,6,False
3678,0.08,6,False
368,0.08,13,False
3680,0.08,6,False
3681,0.08,8,False
3682,0.08,5,False
3683,0.08,5,False
3685,0.08,6,False
3686,0.08,0,False
3687,0.08,14,False
3689,0.08,8,False
369,0.08,13,False
3690,0.08,5,False
3691,0.08,5,False
3693,0.08,5,False
3696,0.08,6,False
3699,0.08,5,False
37,0.08,13,False
370,0.08,13,False
3700,0.08,6,False
3701,0.08,7,False
3702,0.08,4,False
3707,0.08,14,False
371,0.08,13,False
3710,0.08,6,False
3713,0.08,6,False
3715,0.08,10,False
3716,0.08,9,False
3718,0.08,8,False
3719,0.08,5,False
372,0.08,9,False
3720,0.08,9,False
3721,0.08,12,False
3722,0.08,9,False
3723,0.08,4,False
3724,0.08,14,False
3725,0.08,6,False
3727,0.08,8,False
3729,0.08,4,False
373,0.08,13,False
3731,0.08,14,False
3732,0.08,12,False
3733,0.08,8,False
3734,0.08,7,False
3736,0.08,14,False
3737,0.08,7,False
3739,0.08,14,False
3740,0.08,8,False
3742,0.08,8,False
3743,0.08,6,False
3744,0.08,6,False
3745,0.08,6,False
3746,0.08,6,False
3747,0.08,10,False
3748,0.08,5,False
375,0.08,7,False
3751,0.08,8,False
3752,0.08,0,False
3753,0.08,14,False
3754,0.08,4,False
3755,0.08,8,False
3756,0.08,8,False
3758,0.08,9,False
3759,0.08,8,False
376,0.08,9,False
3760,0.08,3,False
3761,0.08,9,False
3763,0.08,9,False
3764,0.08,8,False
3767,0.08,4,False
3768,0.08,12,False
377,0.08,10,False
3771,0.08,0,False
3772,0.08,5,False
3774,0.08,8,False
3776,0.08,9,False
3777,0.08,6,False
3778,0.08,12,False
3779,0.08,9,False
378,0.08,9,False
3780,0.08,5,False
3781,0.08,8,False
3782,0.08,7,False
3783,0.08,0,False
3785,0.08,4,False
3786,0.08,10,False
3787,0.08,5,False
3788,0.08,8,False
3789,0.08,8,False
379,0.08,6,False
3790,0.08,7,False
3791,0.08,0,False
3792,0.08,11,False
3795,0.08,7,False
3797,0.08,9,False
3798,0.08,6,False
3799,0.08,5,False
380,0.08,7,False
3801,0.08,0,False
3802,0.08,4,False
3803,0.08,6,False
3808,0.08,3,False
3809,0.08,12,False
381,0.08,6,False
3810,0.08,5,False
3812,0.08,0,False
3813,0.08,12,False
3814,0.08,9,False
3816,0.08,10,False
3819,0.08,9,False
382,0.08,7,False
3820,0.08,8,False
3821,0.08,0,False
3822,0.08,9,False
3823,0.08,14,False
3828,0.08,7,False
3829,0.08,6,False
383,0.08,7,False
3835,0.08,2,False
3836,0.08,9,False
3838,0.08,7,False
384,0.08,13,False
3840,0.08,6,False
3841,0.08,9,False
3844,0.08,7,False
3845,0.08,5,False
3847,0.08,10,False
3848,0.08,9,False
385,0.08,7,False
3851,0.08,10,False
3853,0.08,7,False
3854,0.08,8,False
3856,0.08,5,False
3857,0.08,5,False
3859,0.08,6,False
386,0.08,6,False
3862,0.08,14,False
3863,0.08,6,False
3864,0.08,8,False
387,0.08,13,False
3870,0.08,0,False
3871,0.08,5,False
3872,0.08,4,False
3873,0.08,6,False
3874,0.08,8,False
3875,0.08,8,False
3879,0.08,0,False
388,0.08,7,False
3882,0.08,6,False
3883,0.08,8,False
3884,0.08,8,False
3885,0.08,0,False
3886,0.08,14,False
3887,0.08,6,False
3888,0.08,14,False
3889,0.08,14,False
389,0.08,9,False
3890,0.08,12,False
3891,0.08,7,False
3892,0.08,4,False
3894,0.08,0,False
3895,0.08,6,False
3898,0.08,8,False
390,0.08,6,False
3901,0.08,8,False
3902,0.08,4,False
3903,0.08,8,False
3904,0.08,6,False
3905,0.08,0,False
3906,0.08,12,False
3907,0.08,11,False
391,0.08,8,False
3910,0.08,1,False
3913,0.08,14,False
3914,0.08,12,False
3915,0.08,15,False
3919,0.08,5,False
392,0.08,7,False
3921,0.08,9,False
3922,0.08,14,False
3923,0.08,7,False
3924,0.08,8,False
3925,0.08,15,False
3926,0.08,12,False
3928,0.08,12,False
3936,0.08,11,False
3937,0.08,7,False
3939,0.08,6,False
3941,0.08,13,False
3943,0.08,14,False
3946,0.08,8,False
3947,0.08,0,False
3948,0.08,12,False
395,0.08,7,False
3951,0.08,8,False
3953,0.08,13,False
3955,0.08,8,False
3956,0.08,8,False
3957,0.08,12,False
3959,0.08,5,False
396,0.08,7,False
3961,0.08,8,False
3963,0.08,15,False
3966,0.08,14,False
397,0.08,9,False
3970,0.08,5,False
3971,0.08,11,False
3972,0.08,8,False
3973,0.08,14,False
3974,0.08,8,False
3976,0.08,8,False
3979,0.08,6,False
398,0.08,11,False
3981,0.08,14,False
3986,0.08,9,False
3987,0.08,14,False
3988,0.08,7,False
3989,0.08,8,False
399,0.08,7,False
3990,0.08,14,False
3991,0.08,14,False
3992,0.08,12,False
3995,0.08,14,False
3996,0.08,12,False
3999,0.08,12,False
4,0.08,8,False
40,0.08,13,False
400,0.08,8,False
4000,0.08,8,False
4002,0.08,7,False
4003,0.08,8,False
4005,0.08,6,False
4006,0.08,4,False
4007,0.08,6,False
4008,0.08,6,False
4009,0.08,6,False
4010,0.08,7,False
4011,0.08,6,False
4012,0.08,5,False
4016,0.08,8,False
4018,0.08,7,False
4019,0.08,6,False
4021,0.08,6,False
4022,0.08,5,False
4028,0.08,7,False
4029,0.08,6,False
4030,0.08,6,False
4032,0.08,5,False
4034,0.08,8,False
4035,0.08,6,False
4036,0.08,6,False
4037,0.08,5,False
4038,0.08,4,False
404,0.08,4,False
4040,0.08,7,False
4045,0.08,8,False
4046,0.08,7,False
4048,0.08,6,False
405,0.08,3,False
4052,0.08,14,False
4057,0.08,5,False
4058,0.08,5,False
4059,0.08,6,False
4060,0.08,6,False
4061,0.08,9,False
4062,0.08,8,False
4063,0.08,5,False
4069,0.08,5,False
407,0.08,8,False
4072,0.08,5,False
4073,0.08,5,False
4074,0.08,5,False
4075,0.08,6,False
4076,0.08,6,False
4077,0.08,3,False
4080,0.08,6,False
4081,0.08,6,False
4082,0.08,4,False
4083,0.08,5,False
4084,0.08,6,False
4085,0.08,5,False
4086,0.08,5,False
4087,0.08,5,False
4088,0.08,5,False
4089,0.08,4,False
4090,0.08,4,False
4091,0.08,5,False
4092,0.08,3,False
4093,0.08,3,False
4094,0.08,6,False
4095,0.08,5,False
4096,0.08,5,False
4097,0.08,5,False
4098,0.08,5,False
4099,0.08,5,False
4100,0.08,6,False
4101,0.08,6,False
4102,0.08,6,False
4103,0.08,4,False
4104,0.08,5,False
4105,0.08,5,False
4107,0.08,3,False
4108,0.08,5,False
4109,0.08,5,False
4111,0.08,5,False
4117,0.08,7,False
4125,0.08,4,False
4126,0.08,6,False
4127,0.08,7,False
4128,0.08,7,False
4129,0.08,7,False
413,0.08,4,False
4130,0.08,7,False
4132,0.08,7,False
4133,0.08,7,False
4134,0.08,7,False
4135,0.08,7,False
4136,0.08,6,False
4137,0.08,5,False
4138,0.08,5,False
4139,0.08,7,False
4140,0.08,4,False
4141,0.08,7,False
4143,0.08,5,False
4144,0.08,7,False
4145,0.08,7,False
4146,0.08,6,False
4147,0.08,7,False
4148,0.08,7,False
4149,0.08,5,False
4151,0.08,7,False
4153,0.08,4,False
4154,0.08,7,False
4155,0.08,3,False
4156,0.08,3,False
4157,0.08,3,False
4159,0.08,1,False
4160,0.08,5,False
4161,0.08,6,False
4163,0.08,6,False
4165,0.08,5,False
4167,0.08,6,False
4173,0.08,7,False
4176,0.08,7,False
4179,0.08,7,False
418,0.08,5,False
4180,0.08,6,False
4182,0.08,5,False
4189,0.08,5,False
4190,0.08,4,False
4191,0.08,7,False
4192,0.08,6,False
4193,0.08,7,False
4195,0.08,7,False
4197,0.08,5,False
4199,0.08,7,False
42,0.08,10,False
420,0.08,5,False
4204,0.08,4,False
4205,0.08,1,False
4208,0.08,3,False
421,0.08,7,False
4218,0.08,4,False
4219,0.08,5,False
422,0.08,5,False
4225,0.08,0,False
4228,0.08,4,False
4229,0.08,8,False
423,0.08,8,False
4232,0.08,5,False
4233,0.08,4,False
4241,0.08,4,False
4242,0.08,7,False
4243,0.08,1,False
4247,0.08,4,False
4248,0.08,5,False
4250,0.08,7,False
4254,0.08,4,False
4256,0.08,6,False
4263,0.08,4,False
4266,0.08,11,False
4267,0.08,9,False
4268,0.08,5,False
427,0.08,7,False
4273,0.08,11,False
4274,0.08,5,False
4275,0.08,8,False
4276,0.08,0,False
428,0.08,4,False
4281,0.08,10,False
4283,0.08,5,False
4284,0.08,5,False
4286,0.08,9,False
4287,0.08,4,False
4288,0.08,4,False
4289,0.08,8,False
4291,0.08,5,False
4292,0.08,6,False
4294,0.08,5,False
4296,0.08,14,False
4297,0.08,4,False
4298,0.08,7,False
4299,0.08,6,False
430,0.08,5,False
4301,0.08,4,False
4304,0.08,3,False
4305,0.08,8,False
4306,0.08,4,False
4307,0.08,6,False
4309,0.08,7,False
4313,0.08,6,False
4315,0.08,7,False
4316,0.08,8,False
4317,0.08,4,False
4318,0.08,5,False
4319,0.08,7,False
4320,0.08,5,False
4323,0.08,6,False
4324,0.08,6,False
4326,0.08,6,False
4327,0.08,8,False
4329,0.08,6,False
433,0.08,3,False
4332,0.08,5,False
4333,0.08,8,False
4335,0.08,6,False
434,0.08,8,False
4341,0.08,6,False
4342,0.08,8,False
4346,0.08,5,False
4347,0.08,9,False
4349,0.08,6,False
435,0.08,7,False
4352,0.08,5,False
4353,0.08,8,False
4355,0.08,5,False
4357,0.08,5,False
4359,0.08,6,False
4360,0.08,6,False
4361,0.08,7,False
4363,0.08,6,False
4364,0.08,3,False
4367,0.08,7,False
4368,0.08,8,False
4369,0.08,3,False
437,0.08,5,False
4370,0.08,6,False
4371,0.08,6,False
4372,0.08,7,False
4373,0.08,7,False
4374,0.08,7,False
4378,0.08,7,False
438,0.08,6,False
4381,0.08,5,False
4383,0.08,5,False
4385,0.08,6,False
4386,0.08,6,False
4387,0.08,6,False
4388,0.08,7,False
4389,0.08,7,False
439,0.08,8,False
4390,0.08,9,False
4394,0.08,3,False
4397,0.08,6,False
4398,0.08,7,False
440,0.08,4,False
4404,0.08,5,False
4407,0.08,7,False
4414,0.08,11,False
4415,0.08,8,False
4416,0.08,9,False
4418,0.08,4,False
4419,0.08,11,False
4420,0.08,7,False
4421,0.08,9,False
4423,0.08,9,False
4424,0.08,11,False
4426,0.08,8,False
4427,0.08,9,False
4428,0.08,10,False
443,0.08,5,False
4432,0.08,9,False
4433,0.08,14,False
4434,0.08,3,False
4437,0.08,7,False
4438,0.08,9,False
4440,0.08,4,False
4442,0.08,6,False
4443,0.08,7,False
4444,0.08,12,False
4445,0.08,5,False
4446,0.08,3,False
4449,0.08,7,False
4451,0.08,9,False
4452,0.08,1,False
4455,0.08,7,False
4456,0.08,7,False
4457,0.08,12,False
4458,0.08,11,False
4459,0.08,7,False
4460,0.08,5,False
4462,0.08,12,False
4463,0.08,1,False
4464,0.08,7,False
447,0.08,6,False
4472,0.08,6,False
4473,0.08,6,False
4479,0.08,6,False
4480,0.08,4,False
4482,0.08,9,False
4485,0.08,11,False
4487,0.08,7,False
4488,0.08,7,False
4490,0.08,5,False
4493,0.08,9,False
4499,0.08,5,False
45,0.08,7,False
4502,0.08,7,False
4505,0.08,5,False
4507,0.08,4,False
4509,0.08,5,False
4510,0.08,5,False
4511,0.08,6,False
4512,0.08,4,False
4514,0.08,12,False
4516,0.08,5,False
4517,0.08,6,False
4518,0.08,0,False
4519,0.08,5,False
4521,0.08,5,False
4522,0.08,5,False
4523,0.08,7,False
4527,0.08,14,False
4528,0.08,9,False
4529,0.08,6,False
4532,0.08,5,False
4534,0.08,0,False
4535,0.08,7,False
4539,0.08,6,False
454,0.08,6,False
4540,0.08,6,False
4541,0.08,7,False
4542,0.08,5,False
4543,0.08,4,False
4545,0.08,10,False
4547,0.08,11,False
4548,0.08,11,False
4549,0.08,6,False
4550,0.08,11,False
4551,0.08,11,False
4556,0.08,11,False
4557,0.08,5,False
4559,0.08,11,False
4562,0.08,8,False
4564,0.08,11,False
4565,0.08,11,False
4568,0.08,11,False
457,0.08,5,False
4572,0.08,7,False
4573,0.08,7,False
4577,0.08,6,False
4579,0.08,11,False
4580,0.08,11,False
4583,0.08,11,False
4584,0.08,11,False
4585,0.08,11,False
4587,0.08,9,False
459,0.08,3,False
4591,0.08,10,False
4593,0.08,10,False
4594,0.08,11,False
4595,0.08,11,False
4599,0.08,11,False
4601,0.08,4,False
4602,0.08,11,False
4603,0.08,7,False
4607,0.08,6,False
4608,0.08,5,False
4609,0.08,6,False
461,0.08,3,False
4615,0.08,6,False
4616,0.08,4,False
4618,0.08,7,False
4619,0.08,12,False
4622,0.08,4,False
4623,0.08,7,False
4624,0.08,12,False
4625,0.08,4,False
4627,0.08,5,False
4629,0.08,12,False
463,0.08,4,False
4631,0.08,4,False
4632,0.08,6,False
4639,0.08,9,False
464,0.08,3,False
4641,0.08,5,False
4642,0.08,6,False
4646,0.08,6,False
4647,0.08,4,False
4648,0.08,4,False
4649,0.08,9,False
465,0.08,6,False
4650,0.08,9,False
4651,0.08,6,False
4652,0.08,4,False
4654,0.08,4,False
4656,0.08,9,False
4658,0.08,3,False
466,0.08,5,False
4660,0.08,7,False
4661,0.08,9,False
4662,0.08,9,False
4664,0.08,9,False
4665,0.08,5,False
4667,0.08,5,False
4669,0.08,6,False
467,0.08,5,False
4670,0.08,7,False
4674,0.08,6,False
4675,0.08,4,False
4677,0.08,7,False
4678,0.08,8,False
4679,0.08,4,False
468,0.08,4,False
4681,0.08,5,False
4682,0.08,3,False
4683,0.08,9,False
4684,0.08,12,False
4685,0.08,7,False
4687,0.08,7,False
4689,0.08,10,False
4690,0.08,6,False
4691,0.08,9,False
4693,0.08,7,False
4694,0.08,7,False
4695,0.08,12,False
4696,0.08,8,False
4697,0.08,7,False
4698,0.08,3,False
47,0.08,13,False
470,0.08,5,False
4701,0.08,4,False
4702,0.08,6,False
4704,0.08,5,False
4705,0.08,1,False
4706,0.08,9,False
4709,0.08,5,False
4710,0.08,6,False
4711,0.08,9,False
4712,0.08,7,False
4713,0.08,9,False
4714,0.08,5,False
4715,0.08,6,False
4716,0.08,5,False
4718,0.08,5,False
4719,0.08,8,False
4721,0.08,7,False
4722,0.08,2,False
4724,0.08,5,False
4725,0.08,6,False
4726,0.08,7,False
4727,0.08,6,False
4728,0.08,6,False
4729,0.08,9,False
4730,0.08,9,False
4732,0.08,9,False
4733,0.08,6,False
4734,0.08,5,False
4737,0.08,9,False
4739,0.08,9,False
474,0.08,6,False
4740,0.08,6,False
4741,0.08,9,False
4742,0.08,7,False
4744,0.08,4,False
4746,0.08,7,False
4747,0.08,6,False
4749,0.08,7,False
475,0.08,7,False
4750,0.08,9,False
4752,0.08,7,False
4753,0.08,6,False
4754,0.08,4,False
4756,0.08,5,False
4757,0.08,6,False
4758,0.08,6,False
4759,0.08,5,False
4761,0.08,10,False
4762,0.08,4,False
4763,0.08,7,False
4765,0.08,5,False
4766,0.08,6,False
4767,0.08,4,False
4768,0.08,12,False
4769,0.08,6,False
4770,0.08,9,False
4771,0.08,3,False
4773,0.08,7,False
4774,0.08,8,False
4775,0.08,8,False
4776,0.08,4,False
4777,0.08,7,False
4779,0.08,8,False
4780,0.08,7,False
4781,0.08,6,False
4782,0.08,7,False
4785,0.08,7,False
4787,0.08,7,False
4788,0.08,9,False
479,0.08,8,False
4792,0.08,9,False
4794,0.08,7,False
4795,0.08,6,False
4798,0.08,2,False
4799,0.08,6,False
4801,0.08,6,False
4802,0.08,7,False
4803,0.08,8,False
4804,0.08,5,False
4805,0.08,4,False
4807,0.08,10,False
4809,0.08,7,False
4810,0.08,9,False
4811,0.08,2,False
4814,0.08,3,False
4815,0.08,4,False
4816,0.08,8,False
4817,0.08,5,False
4819,0.08,12,False
4820,0.08,9,False
4822,0.08,9,False
4823,0.08,6,False
4824,0.08,6,False
4829,0.08,3,False
483,0.08,4,False
4830,0.08,7,False
4831,0.08,7,False
4832,0.08,12,False
4834,0.08,9,False
4836,0.08,5,False
4837,0.08,5,False
4838,0.08,7,False
4840,0.08,11,False
4842,0.08,6,False
4843,0.08,7,False
4844,0.08,5,False
4845,0.08,4,False
4846,0.08,8,False
485,0.08,3,False
4850,0.08,7,False
4851,0.08,4,False
4852,0.08,9,False
4853,0.08,5,False
4854,0.08,1,False
4855,0.08,5,False
4857,0.08,7,False
4858,0.08,8,False
4859,0.08,5,False
486,0.08,6,False
4860,0.08,4,False
4863,0.08,7,False
4864,0.08,4,False
4865,0.08,1,False
4866,0.08,6,False
4867,0.08,4,False
4868,0.08,6,False
4869,0.08,4,False
4872,0.08,5,False
4873,0.08,6,False
4874,0.08,6,False
4877,0.08,6,False
4879,0.08,7,False
4881,0.08,4,False
4882,0.08,7,False
4883,0.08,5,False
4887,0.08,3,False
4888,0.08,4,False
4889,0.08,7,False
4890,0.08,5,False
4891,0.08,4,False
4892,0.08,10,False
4895,0.08,6,False
4896,0.08,6,False
4897,0.08,5,False
4898,0.08,12,False
4899,0.08,5,False
49,0.08,7,False
4900,0.08,7,False
4901,0.08,9,False
4903,0.08,7,False
4904,0.08,12,False
4905,0.08,5,False
4906,0.08,5,False
4909,0.08,6,False
491,0.08,4,False
4910,0.08,9,False
4911,0.08,7,False
4915,0.08,11,False
4916,0.08,5,False
492,0.08,8,False
4920,0.08,7,False
4921,0.08,7,False
4925,0.08,11,False
4927,0.08,7,False
4928,0.08,7,False
4929,0.08,8,False
4930,0.08,6,False
4931,0.08,4,False
4932,0.08,2,False
4933,0.08,6,False
4934,0.08,7,False
4935,0.08,6,False
494,0.08,8,False
4940,0.08,8,False
4942,0.08,6,False
4943,0.08,3,False
4944,0.08,0,False
4945,0.08,4,False
4949,0.08,4,False
495,0.08,7,False
4951,0.08,4,False
4952,0.08,3,False
4953,0.08,12,False
4955,0.08,4,False
4956,0.08,5,False
4957,0.08,7,False
496,0.08,8,False
4960,0.08,6,False
4961,0.08,5,False
4966,0.08,4,False
4977,0.08,5,False
4980,0.08,7,False
4981,0.08,7,False
4983,0.08,7,False
4986,0.08,7,False
4987,0.08,7,False
499,0.08,6,False
4992,0.08,0,False
4994,0.08,0,False
4997,0.08,7,False
4998,0.08,7,False
5,0.08,12,False
50,0.08,13,False
500,0.08,7,False
5001,0.08,11,False
5002,0.08,11,False
5004,0.08,9,False
5005,0.08,8,False
5006,0.08,10,False
5007,0.08,9,False
5009,0.08,9,False
501,0.08,6,False
5011,0.08,6,False
5013,0.08,11,False
5014,0.08,10,False
5015,0.08,11,False
5027,0.08,5,False
5028,0.08,11,False
5031,0.08,11,False
5032,0.08,9,False
5033,0.08,5,False
5034,0.08,8,False
5036,0.08,8,False
5040,0.08,5,False
5042,0.08,8,False
5043,0.08,11,False
5046,0.08,10,False
5049,0.08,1,False
505,0.08,0,False
5050,0.08,10,False
5051,0.08,11,False
5052,0.08,11,False
5054,0.08,11,False
5055,0.08,11,False
5056,0.08,11,False
5057,0.08,12,False
5058,0.08,11,False
5060,0.08,10,False
5061,0.08,12,False
5063,0.08,11,False
5065,0.08,8,False
5066,0.08,6,False
5069,0.08,12,False
507,0.08,0,False
5070,0.08,5,False
5071,0.08,12,False
5073,0.08,11,False
5074,0.08,8,False
5075,0.08,8,False
5076,0.08,6,False
5077,0.08,6,False
5078,0.08,6,False
5079,0.08,11,False
5080,0.08,11,False
5081,0.08,11,False
5082,0.08,8,False
5083,0.08,11,False
5084,0.08,11,False
5085,0.08,12,False
5087,0.08,5,False
5088,0.08,6,False
5089,0.08,8,False
5090,0.08,6,False
5091,0.08,6,False
5092,0.08,8,False
5093,0.08,6,False
5094,0.08,6,False
5095,0.08,6,False
5097,0.08,10,False
5098,0.08,8,False
5099,0.08,8,False
51,0.08,13,False
5100,0.08,5,False
5101,0.08,11,False
5102,0.08,6,False
5104,0.08,11,False
5109,0.08,10,False
5110,0.08,7,False
5111,0.08,11,False
5112,0.08,6,False
5113,0.08,12,False
5117,0.08,8,False
512,0.08,0,False
5120,0.08,7,False
5124,0.08,6,False
5125,0.08,11,False
5130,0.08,8,False
5132,0.08,6,False
5134,0.08,6,False
5136,0.08,12,False
5138,0.08,10,False
514,0.08,0,False
5141,0.08,4,False
5142,0.08,6,False
5144,0.08,5,False
5148,0.08,10,False
5149,0.08,6,False
5150,0.08,6,False
5152,0.08,9,False
5153,0.08,10,False
5154,0.08,12,False
5155,0.08,6,False
5156,0.08,8,False
5158,0.08,6,False
5159,0.08,6,False
516,0.08,0,False
5160,0.08,6,False
5162,0.08,6,False
5164,0.08,10,False
5165,0.08,11,False
5168,0.08,6,False
517,0.08,0,False
5171,0.08,10,False
5173,0.08,10,False
5174,0.08,10,False
5175,0.08,6,False
5176,0.08,6,False
5177,0.08,10,False
5178,0.08,10,False
5179,0.08,5,False
518,0.08,4,False
5180,0.08,7,False
5181,0.08,10,False
5185,0.08,6,False
5186,0.08,6,False
5187,0.08,6,False
5189,0.08,10,False
5190,0.08,10,False
5193,0.08,6,False
5199,0.08,6,False
52,0.08,11,False
520,0.08,0,False
5201,0.08,10,False
5209,0.08,11,False
521,0.08,4,False
5212,0.08,6,False
5213,0.08,6,False
5214,0.08,5,False
5215,0.08,11,False
5216,0.08,6,False
5217,0.08,11,False
5218,0.08,10,False
5219,0.08,6,False
5222,0.08,8,False
5223,0.08,6,False
5224,0.08,10,False
5226,0.08,6,False
5228,0.08,8,False
5229,0.08,6,False
523,0.08,0,False
5230,0.08,6,False
5232,0.08,11,False
5233,0.08,8,False
5235,0.08,11,False
5236,0.08,8,False
5237,0.08,11,False
5242,0.08,0,False
5243,0.08,6,False
5244,0.08,8,False
5246,0.08,10,False
5248,0.08,10,False
525,0.08,6,False
5253,0.08,5,False
5254,0.08,8,False
5255,0.08,5,False
5256,0.08,11,False
5257,0.08,6,False
5258,0.08,6,False
5259,0.08,6,False
5261,0.08,6,False
5262,0.08,6,False
5263,0.08,8,False
5264,0.08,8,False
5265,0.08,8,False
5266,0.08,6,False
5267,0.08,8,False
5268,0.08,8,False
527,0.08,5,False
5270,0.08,6,False
5271,0.08,4,False
5272,0.08,6,False
5273,0.08,6,False
5274,0.08,6,False
5275,0.08,6,False
5276,0.08,6,False
5277,0.08,8,False
5278,0.08,8,False
5279,0.08,8,False
528,0.08,6,False
5280,0.08,6,False
5281,0.08,7,False
5282,0.08,8,False
5283,0.08,6,False
5285,0.08,8,False
5286,0.08,8,False
5287,0.08,8,False
5288,0.08,7,False
5289,0.08,6,False
5290,0.08,6,False
5291,0.08,8,False
5292,0.08,8,False
5293,0.08,6,False
5294,0.08,8,False
5295,0.08,8,False
5296,0.08,6,False
5297,0.08,6,False
5298,0.08,8,False
5299,0.08,8,False
53,0.08,10,False
5301,0.08,6,False
5302,0.08,8,False
5303,0.08,8,False
5304,0.08,6,False
5305,0.08,8,False
5306,0.08,6,False
5307,0.08,8,False
5308,0.08,6,False
5309,0.08,6,False
5310,0.08,6,False
5311,0.08,7,False
5315,0.08,5,False
532,0.08,0,False
5321,0.08,6,False
5322,0.08,8,False
5323,0.08,7,False
5325,0.08,6,False
5329,0.08,11,False
533,0.08,3,False
5331,0.08,11,False
5332,0.08,8,False
5336,0.08,4,False
5337,0.08,11,False
5338,0.08,8,False
5339,0.08,0,False
5340,0.08,8,False
5341,0.08,8,False
5342,0.08,0,False
5344,0.08,6,False
5348,0.08,6,False
5351,0.08,10,False
5352,0.08,6,False
5354,0.08,7,False
5356,0.08,5,False
5357,0.08,0,False
5358,0.08,6,False
5359,0.08,4,False
536,0.08,8,False
5361,0.08,12,False
5362,0.08,12,False
5363,0.08,5,False
5364,0.08,5,False
5368,0.08,5,False
5369,0.08,5,False
537,0.08,6,False
5370,0.08,5,False
5371,0.08,5,False
5372,0.08,7,False
5373,0.08,6,False
5374,0.08,6,False
5375,0.08,6,False
5376,0.08,8,False
5377,0.08,6,False
5382,0.08,10,False
5384,0.08,10,False
5385,0.08,8,False
5386,0.08,6,False
5387,0.08,6,False
5388,0.08,6,False
5389,0.08,10,False
539,0.08,7,False
5392,0.08,11,False
5394,0.08,8,False
5395,0.08,8,False
5396,0.08,8,False
5397,0.08,6,False
54,0.08,10,False
540,0.08,3,False
5402,0.08,11,False
5406,0.08,10,False
5407,0.08,7,False
5408,0.08,8,False
5409,0.08,11,False
541,0.08,3,False
5411,0.08,11,False
5412,0.08,8,False
5413,0.08,8,False
5417,0.08,8,False
542,0.08,5,False
5425,0.08,11,False
5428,0.08,10,False
5429,0.08,6,False
5436,0.08,6,False
5437,0.08,6,False
5438,0.08,8,False
544,0.08,6,False
5440,0.08,10,False
5441,0.08,6,False
5444,0.08,10,False
5445,0.08,6,False
5446,0.08,6,False
5449,0.08,11,False
545,0.08,5,False
5459,0.08,10,False
546,0.08,8,False
5460,0.08,6,False
5463,0.08,10,False
5465,0.08,6,False
5467,0.08,8,False
5468,0.08,3,False
5469,0.08,11,False
547,0.08,8,False
5475,0.08,8,False
5476,0.08,6,False
5477,0.08,8,False
5478,0.08,9,False
5479,0.08,5,False
548,0.08,7,False
5480,0.08,6,False
5481,0.08,6,False
5485,0.08,5,False
5486,0.08,12,False
5489,0.08,12,False
5490,0.08,8,False
5491,0.08,6,False
5496,0.08,8,False
5498,0.08,8,False
55,0.08,7,False
5500,0.08,8,False
5502,0.08,5,False
5504,0.08,12,False
5506,0.08,4,False
5508,0.08,7,False
5511,0.08,7,False
5516,0.08,10,False
5517,0.08,5,False
5518,0.08,9,False
5519,0.08,6,False
5522,0.08,7,False
5523,0.08,9,False
5524,0.08,12,False
5526,0.08,4,False
5534,0.08,8,False
5537,0.08,9,False
5538,0.08,11,False
5540,0.08,6,False
5541,0.08,11,False
5542,0.08,9,False
5547,0.08,6,False
5548,0.08,11,False
555,0.08,5,False
5550,0.08,9,False
5552,0.08,5,False
5556,0.08,8,False
5558,0.08,7,False
556,0.08,6,False
5562,0.08,5,False
5564,0.08,5,False
5566,0.08,11,False
5568,0.08,11,False
557,0.08,8,False
5570,0.08,4,False
5574,0.08,12,False
5575,0.08,5,False
5576,0.08,5,False
5577,0.08,4,False
5579,0.08,12,False
5581,0.08,5,False
5590,0.08,8,False
5593,0.08,6,False
5597,0.08,7,False
5598,0.08,6,False
5599,0.08,5,False
56,0.08,7,False
560,0.08,10,False
5602,0.08,5,False
5604,0.08,10,False
5605,0.08,11,False
5607,0.08,7,False
5610,0.08,6,False
5611,0.08,6,False
5612,0.08,5,False
5616,0.08,4,False
5618,0.08,5,False
5619,0.08,3,False
562,0.08,10,False
5625,0.08,5,False
5626,0.08,6,False
5627,0.08,8,False
5628,0.08,12,False
5630,0.08,5,False
5631,0.08,12,False
5634,0.08,3,False
5637,0.08,8,False
5638,0.08,5,False
5639,0.08,12,False
564,0.08,10,False
5642,0.08,6,False
5644,0.08,8,False
5645,0.08,5,False
5647,0.08,11,False
5649,0.08,10,False
565,0.08,6,False
5651,0.08,8,False
5652,0.08,10,False
5654,0.08,7,False
5656,0.08,8,False
5657,0.08,8,False
5658,0.08,5,False
5659,0.08,8,False
5660,0.08,8,False
5661,0.08,11,False
5662,0.08,11,False
5663,0.08,8,False
5665,0.08,6,False
5668,0.08,6,False
567,0.08,10,False
5671,0.08,9,False
5675,0.08,8,False
5677,0.08,12,False
5679,0.08,6,False
5680,0.08,8,False
5681,0.08,6,False
5685,0.08,9,False
5686,0.08,5,False
5687,0.08,10,False
569,0.08,0,False
5691,0.08,5,False
5692,0.08,5,False
5696,0.08,8,False
57,0.08,7,False
5700,0.08,11,False
5702,0.08,12,False
5706,0.08,10,False
5708,0.08,12,False
5709,0.08,6,False
5712,0.08,12,False
5713,0.08,10,False
5715,0.08,12,False
5716,0.08,10,False
5718,0.08,11,False
572,0.08,10,False
5720,0.08,10,False
5722,0.08,8,False
5723,0.08,8,False
5726,0.08,6,False
5729,0.08,8,False
5730,0.08,6,False
5731,0.08,7,False
5739,0.08,12,False
5742,0.08,8,False
5744,0.08,11,False
5746,0.08,11,False
5749,0.08,10,False
575,0.08,10,False
5750,0.08,5,False
5752,0.08,6,False
5753,0.08,11,False
5754,0.08,5,False
5756,0.08,11,False
576,0.08,10,False
5762,0.08,10,False
5764,0.08,12,False
5766,0.08,12,False
5774,0.08,7,False
5776,0.08,8,False
5777,0.08,11,False
578,0.08,12,False
5783,0.08,6,False
5784,0.08,10,False
5786,0.08,4,False
5787,0.08,8,False
5789,0.08,6,False
5790,0.08,10,False
5792,0.08,8,False
5796,0.08,7,False
5798,0.08,6,False
5799,0.08,11,False
58,0.08,10,False
5802,0.08,6,False
5803,0.08,11,False
5804,0.08,1,False
5805,0.08,11,False
5806,0.08,6,False
5807,0.08,8,False
5808,0.08,10,False
581,0.08,0,False
5810,0.08,11,False
5811,0.08,10,False
5813,0.08,12,False
5814,0.08,6,False
5820,0.08,8,False
5821,0.08,12,False
5823,0.08,12,False
5826,0.08,12,False
5827,0.08,6,False
5828,0.08,6,False
5830,0.08,4,False
5831,0.08,6,False
5832,0.08,3,False
5834,0.08,10,False
5836,0.08,7,False
5841,0.08,5,False
5845,0.08,8,False
5846,0.08,3,False
5849,0.08,11,False
585,0.08,11,False
5850,0.08,12,False
5856,0.08,11,False
5857,0.08,6,False
5858,0.08,6,False
5859,0.08,6,False
586,0.08,10,False
5860,0.08,8,False
5862,0.08,11,False
5866,0.08,6,False
5867,0.08,6,False
587,0.08,10,False
5871,0.08,6,False
5872,0.08,9,False
5873,0.08,6,False
5876,0.08,7,False
5877,0.08,6,False
5882,0.08,4,False
5884,0.08,9,False
5885,0.08,6,False
5886,0.08,4,False
5887,0.08,11,False
5889,0.08,4,False
589,0.08,10,False
5894,0.08,4,False
5895,0.08,10,False
5897,0.08,11,False
59,0.08,9,False
5900,0.08,8,False
5901,0.08,8,False
5902,0.08,12,False
5904,0.08,11,False
5910,0.08,11,False
5912,0.08,6,False
5914,0.08,5,False
5919,0.08,5,False
5921,0.08,1,False
5925,0.08,6,False
5926,0.08,8,False
5928,0.08,8,False
593,0.08,14,False
5931,0.08,11,False
5934,0.08,11,False
5937,0.08,6,False
5938,0.08,9,False
5939,0.08,11,False
594,0.08,10,False
5942,0.08,11,False
5943,0.08,11,False
5944,0.08,9,False
5945,0.08,11,False
5949,0.08,11,False
5951,0.08,6,False
5953,0.08,6,False
5954,0.08,11,False
5955,0.08,5,False
5957,0.08,8,False
5959,0.08,6,False
596,0.08,8,False
5962,0.08,8,False
5963,0.08,11,False
5965,0.08,6,False
5966,0.08,3,False
5968,0.08,11,False
5972,0.08,11,False
5973,0.08,7,False
5976,0.08,11,False
5977,0.08,7,False
5981,0.08,9,False
5982,0.08,8,False
5983,0.08,7,False
5984,0.08,12,False
5985,0.08,12,False
5986,0.08,7,False
5988,0.08,8,False
5989,0.08,8,False
5990,0.08,8,False
5994,0.08,7,False
5995,0.08,6,False
5996,0.08,5,False
5997,0.08,5,False
5998,0.08,8,False
6,0.08,12,False
60,0.08,6,False
600,0.08,9,False
6001,0.08,8,False
6003,0.08,11,False
6004,0.08,8,False
6005,0.08,8,False
6006,0.08,7,False
6007,0.08,7,False
6008,0.08,6,False
6014,0.08,8,False
6016,0.08,7,False
6017,0.08,5,False
6018,0.08,6,False
6020,0.08,8,False
6021,0.08,8,False
6022,0.08,8,False
6024,0.08,8,False
6025,0.08,7,False
6026,0.08,8,False
6027,0.08,7,False
6030,0.08,5,False
6031,0.08,4,False
6032,0.08,5,False
6035,0.08,8,False
6036,0.08,2,False
6037,0.08,4,False
6047,0.08,8,False
6048,0.08,6,True
6056,0.08,7,False
6057,0.08,5,False
6059,0.08,6,False
6060,0.08,5,False
6061,0.08,7,False
6063,0.08,5,False
6065,0.08,8,False
6066,0.08,4,False
6067,0.08,6,False
6068,0.08,7,False
6069,0.08,6,False
6070,0.08,5,False
6071,0.08,8,False
6072,0.08,8,False
6074,0.08,8,False
6076,0.08,5,False
6078,0.08,8,False
6079,0.08,8,False
6081,0.08,7,False
6082,0.08,3,False
6083,0.08,4,False
6085,0.08,7,False
6086,0.08,2,False
6089,0.08,4,False
6091,0.08,8,False
6092,0.08,8,False
6093,0.08,8,False
6096,0.08,7,False
6097,0.08,7,False
6098,0.08,5,False
6099,0.08,7,False
6100,0.08,7,False
6101,0.08,5,False
6102,0.08,1,False
6103,0.08,8,False
6104,0.08,6,False
6105,0.08,8,False
6106,0.08,7,False
6107,0.08,8,False
6108,0.08,8,False
6109,0.08,7,False
6110,0.08,8,False
6111,0.08,6,False
6112,0.08,2,False
6113,0.08,9,False
6114,0.08,5,False
6117,0.08,5,False
6120,0.08,6,False
6121,0.08,6,True
6122,0.08,13,False
6123,0.08,7,False
6124,0.08,5,False
6125,0.08,7,False
6126,0.08,6,False
6128,0.08,6,True
6129,0.08,2,False
6130,0.08,10,False
6131,0.08,1,False
6133,0.08,4,False
6134,0.08,6,True
6138,0.08,8,False
614,0.08,0,False
6140,0.08,6,False
6142,0.08,8,False
6143,0.08,4,False
6145,0.08,6,True
6149,0.08,3,False
6151,0.08,7,False
6152,0.08,5,True
6154,0.08,8,False
6158,0.08,7,False
6159,0.08,2,False
6160,0.08,2,False
6163,0.08,5,True
6165,0.08,3,False
6167,0.08,7,False
6169,0.08,8,False
617,0.08,0,False
6170,0.08,10,False
6171,0.08,5,True
6172,0.08,7,False
6175,0.08,6,False
6176,0.08,7,False
6177,0.08,6,False
6178,0.08,4,False
6179,0.08,4,False
6183,0.08,6,False
6185,0.08,7,True
6186,0.08,6,False
6187,0.08,11,False
6189,0.08,4,False
6190,0.08,5,False
6191,0.08,6,False
6192,0.08,12,False
6197,0.08,1,False
6199,0.08,0,False
62,0.08,7,False
620,0.08,0,False
6203,0.08,8,False
6205,0.08,7,False
6208,0.08,5,True
6209,0.08,8,False
6211,0.08,6,False
6212,0.08,7,False
6214,0.08,4,False
6215,0.08,4,False
6219,0.08,5,False
622,0.08,9,False
6220,0.08,5,True
6222,0.08,11,False
6224,0.08,3,False
6230,0.08,5,False
6232,0.08,8,False
6233,0.08,8,False
6239,0.08,8,False
6242,0.08,10,False
6245,0.08,8,False
6247,0.08,2,False
6249,0.08,6,True
6250,0.08,8,False
6251,0.08,7,False
6252,0.08,8,False
6253,0.08,4,False
6259,0.08,2,False
626,0.08,13,False
6260,0.08,7,False
6261,0.08,8,False
6262,0.08,10,False
6263,0.08,7,False
6268,0.08,2,False
6269,0.08,6,True
627,0.08,13,False
6270,0.08,5,False
6271,0.08,6,False
6272,0.08,7,False
6273,0.08,8,False
6276,0.08,3,False
6277,0.08,7,False
6280,0.08,8,False
6281,0.08,12,False
6284,0.08,6,True
6286,0.08,7,False
6287,0.08,12,False
6288,0.08,1,False
6289,0.08,7,False
629,0.08,10,False
6290,0.08,6,False
6293,0.08,6,True
6294,0.08,5,False
6295,0.08,5,False
6297,0.08,10,False
6299,0.08,5,False
63,0.08,7,False
630,0.08,7,False
6300,0.08,11,False
6301,0.08,8,False
6302,0.08,5,True
6303,0.08,5,True
6304,0.08,6,True
6306,0.08,5,True
6308,0.08,6,True
6309,0.08,5,True
6310,0.08,5,True
6311,0.08,6,True
6312,0.08,6,True
6314,0.08,6,True
6315,0.08,6,True
6316,0.08,6,True
6317,0.08,6,True
6318,0.08,6,True
6319,0.08,6,True
6320,0.08,0,False
6321,0.08,6,False
6322,0.08,4,False
6323,0.08,6,False
6324,0.08,8,False
6325,0.08,8,False
6326,0.08,8,False
6327,0.08,8,False
6328,0.08,6,False
6329,0.08,8,False
6331,0.08,8,False
6332,0.08,8,False
6334,0.08,6,False
6335,0.08,8,False
6336,0.08,8,False
6337,0.08,6,False
6339,0.08,7,False
6341,0.08,8,False
6342,0.08,8,False
6344,0.08,6,False
6345,0.08,7,False
6347,0.08,8,False
6349,0.08,8,False
635,0.08,8,False
6350,0.08,6,False
6351,0.08,8,False
6352,0.08,6,False
6353,0.08,8,False
6356,0.08,8,False
6358,0.08,4,False
6360,0.08,5,False
6361,0.08,4,False
6362,0.08,2,False
6363,0.08,7,False
6364,0.08,7,False
6365,0.08,6,False
6366,0.08,7,False
6367,0.08,8,False
6368,0.08,8,False
6369,0.08,8,False
637,0.08,5,False
6371,0.08,8,False
6372,0.08,6,False
6374,0.08,6,False
6375,0.08,6,False
6376,0.08,8,False
6377,0.08,8,False
6378,0.08,8,False
6379,0.08,8,False
6380,0.08,6,False
6381,0.08,7,False
6382,0.08,4,False
6383,0.08,13,False
6384,0.08,4,False
6385,0.08,6,False
6386,0.08,7,False
6387,0.08,5,False
6388,0.08,4,False
6389,0.08,5,False
6390,0.08,8,False
6391,0.08,6,False
6392,0.08,13,False
6394,0.08,4,False
6395,0.08,8,False
64,0.08,13,False
6400,0.08,13,False
6402,0.08,7,False
6403,0.08,8,False
6405,0.08,1,False
6406,0.08,7,False
6407,0.08,8,False
641,0.08,0,False
6411,0.08,6,False
6412,0.08,7,False
6413,0.08,6,False
6414,0.08,8,False
6415,0.08,6,False
6416,0.08,9,False
6417,0.08,6,False
6418,0.08,8,False
6419,0.08,7,False
642,0.08,5,False
6420,0.08,8,False
6421,0.08,5,False
6423,0.08,8,False
6424,0.08,7,False
6426,0.08,5,False
6427,0.08,8,False
6428,0.08,5,False
6429,0.08,6,False
6430,0.08,8,False
6431,0.08,10,False
6433,0.08,9,False
6434,0.08,7,False
6435,0.08,4,False
6436,0.08,8,False
6437,0.08,8,False
6440,0.08,7,False
6441,0.08,5,False
6443,0.08,7,False
6444,0.08,8,False
6447,0.08,3,False
6448,0.08,8,False
6451,0.08,6,False
6453,0.08,8,False
6454,0.08,5,False
6456,0.08,8,False
6459,0.08,2,False
6460,0.08,8,False
6462,0.08,10,False
6465,0.08,5,False
6467,0.08,6,False
6468,0.08,5,False
6470,0.08,2,False
6475,0.08,4,False
6476,0.08,5,False
6477,0.08,8,False
6478,0.08,3,False
6479,0.08,7,False
6480,0.08,8,False
6481,0.08,11,False
6484,0.08,11,False
6485,0.08,7,False
6486,0.08,11,False
6487,0.08,6,False
6488,0.08,8,False
6489,0.08,8,False
6491,0.08,5,False
6492,0.08,6,False
6493,0.08,8,False
6494,0.08,8,False
6495,0.08,11,False
6496,0.08,6,False
6498,0.08,7,False
6501,0.08,6,False
6502,0.08,8,False
6503,0.08,11,False
6504,0.08,9,False
6505,0.08,8,False
6507,0.08,7,False
6508,0.08,7,False
651,0.08,11,False
6510,0.08,6,False
6513,0.08,3,False
6514,0.08,8,False
6516,0.08,7,False
6518,0.08,6,False
6520,0.08,12,False
6521,0.08,12,False
6522,0.08,8,False
6523,0.08,6,False
6527,0.08,8,False
6528,0.08,5,False
6529,0.08,7,False
653,0.08,11,False
6530,0.08,12,False
6531,0.08,8,False
6532,0.08,7,False
6536,0.08,5,False
6537,0.08,7,False
6538,0.08,4,False
6539,0.08,7,False
6542,0.08,11,False
6544,0.08,12,False
6546,0.08,8,False
6547,0.08,6,False
6548,0.08,4,False
6550,0.08,12,False
6551,0.08,12,False
6552,0.08,7,False
6553,0.08,7,False
6555,0.08,13,False
6557,0.08,8,False
6559,0.08,4,False
6560,0.08,7,False
6562,0.08,11,False
6564,0.08,5,False
6565,0.08,4,False
6566,0.08,5,False
6568,0.08,7,False
657,0.08,4,False
6570,0.08,5,False
6572,0.08,9,False
6573,0.08,8,False
6574,0.08,5,False
6576,0.08,4,False
6578,0.08,6,False
6579,0.08,1,False
6580,0.08,9,False
6582,0.08,1,False
6585,0.08,8,False
6586,0.08,13,False
6590,0.08,6,False
6592,0.08,10,False
6597,0.08,8,False
6598,0.08,1,False
66,0.08,7,False
6602,0.08,7,False
6604,0.08,6,False
6605,0.08,7,False
6606,0.08,8,False
6607,0.08,4,False
6609,0.08,1,False
6612,0.08,11,False
6616,0.08,6,False
6619,0.08,7,False
6620,0.08,6,False
6621,0.08,10,False
6625,0.08,4,False
6626,0.08,8,False
6627,0.08,8,False
6628,0.08,4,False
6629,0.08,5,False
663,0.08,4,False
6631,0.08,11,False
6632,0.08,8,False
6633,0.08,7,False
6634,0.08,5,False
6635,0.08,8,False
6636,0.08,2,False
6638,0.08,4,False
6639,0.08,10,False
6640,0.08,8,False
6641,0.08,7,False
6643,0.08,7,False
6644,0.08,5,False
6645,0.08,9,False
6648,0.08,12,False
6650,0.08,8,False
6652,0.08,8,False
6654,0.08,6,False
6655,0.08,13,False
6657,0.08,8,False
6658,0.08,11,False
6659,0.08,7,False
666,0.08,0,False
6661,0.08,7,False
6664,0.08,11,False
6666,0.08,6,False
6667,0.08,8,False
6668,0.08,8,False
6669,0.08,5,False
6670,0.08,8,False
6672,0.08,5,False
6673,0.08,8,False
6674,0.08,11,False
6675,0.08,6,False
6677,0.08,11,False
6679,0.08,5,False
668,0.08,6,False
6684,0.08,7,False
6685,0.08,8,False
6687,0.08,13,False
6689,0.08,8,False
669,0.08,0,False
6691,0.08,8,False
6693,0.08,8,False
6694,0.08,7,False
6695,0.08,11,False
6696,0.08,8,False
6697,0.08,6,False
6698,0.08,8,False
6699,0.08,8,False
67,0.08,13,False
6701,0.08,7,False
6702,0.08,10,False
6704,0.08,7,False
6707,0.08,7,False
6709,0.08,11,False
6712,0.08,6,False
6713,0.08,11,False
6717,0.08,8,False
6718,0.08,8,False
6719,0.08,10,False
6720,0.08,7,False
6722,0.08,11,False
6723,0.08,7,False
6726,0.08,9,False
6727,0.08,6,False
6728,0.08,6,False
6729,0.08,10,False
6731,0.08,7,False
6733,0.08,7,False
6735,0.08,8,False
6736,0.08,6,False
6737,0.08,9,False
6738,0.08,6,False
6739,0.08,2,False
6740,0.08,5,False
6741,0.08,6,False
6743,0.08,6,False
6745,0.08,5,False
6746,0.08,11,False
6747,0.08,1,False
6750,0.08,7,False
6753,0.08,5,False
6754,0.08,11,False
6755,0.08,5,False
6757,0.08,7,False
676,0.08,8,False
6760,0.08,5,False
6761,0.08,10,False
6764,0.08,7,False
6766,0.08,3,False
6768,0.08,6,False
6769,0.08,8,False
6770,0.08,6,False
6774,0.08,5,False
6776,0.08,8,False
6777,0.08,5,False
678,0.08,5,False
6781,0.08,8,False
6782,0.08,5,False
6783,0.08,11,False
6784,0.08,7,False
6785,0.08,6,False
6788,0.08,8,False
6789,0.08,5,True
6790,0.08,3,False
6791,0.08,13,False
6792,0.08,5,False
6793,0.08,5,False
6794,0.08,8,False
6796,0.08,6,True
6797,0.08,6,False
6798,0.08,7,True
6799,0.08,3,False
68,0.08,13,False
6800,0.08,11,False
6801,0.08,7,False
6802,0.08,5,False
6803,0.08,8,False
6804,0.08,4,False
6805,0.08,8,False
6806,0.08,5,False
6807,0.08,8,False
6808,0.08,7,True
6809,0.08,8,False
681,0.08,0,False
6810,0.08,9,False
6811,0.08,7,False
6812,0.08,0,False
6813,0.08,6,False
6814,0.08,7,False
6815,0.08,7,False
6816,0.08,7,False
6817,0.08,13,False
6818,0.08,6,True
6819,0.08,3,False
682,0.08,0,False
6820,0.08,7,False
6823,0.08,8,False
6824,0.08,1,False
6825,0.08,7,False
6826,0.08,8,False
6827,0.08,2,False
683,0.08,11,False
6830,0.08,8,False
6831,0.08,5,False
6832,0.08,8,False
6834,0.08,8,False
6835,0.08,6,True
6838,0.08,6,False
6839,0.08,4,False
684,0.08,6,False
6840,0.08,9,False
6842,0.08,7,False
6843,0.08,5,True
6845,0.08,6,False
6846,0.08,7,False
6847,0.08,8,False
6848,0.08,8,False
6849,0.08,8,False
685,0.08,4,False
6852,0.08,6,False
6853,0.08,7,False
6854,0.08,4,False
6855,0.08,12,False
6857,0.08,5,True
6859,0.08,7,False
6860,0.08,6,False
6862,0.08,12,False
6863,0.08,5,True
6866,0.08,6,False
6867,0.08,4,False
6868,0.08,6,False
6869,0.08,11,False
6870,0.08,6,True
6871,0.08,8,False
6872,0.08,5,True
6874,0.08,7,False
6875,0.08,8,False
6878,0.08,13,False
6881,0.08,6,False
6882,0.08,5,True
6883,0.08,6,False
6885,0.08,4,False
6886,0.08,8,False
6888,0.08,7,False
6890,0.08,6,True
6892,0.08,9,False
6894,0.08,6,False
6895,0.08,5,False
6897,0.08,6,True
6898,0.08,3,False
6900,0.08,8,False
6902,0.08,11,False
6903,0.08,7,False
6907,0.08,4,False
6908,0.08,8,False
6909,0.08,7,False
6910,0.08,10,False
6911,0.08,7,False
6912,0.08,6,False
6913,0.08,4,False
6914,0.08,6,True
6916,0.08,1,False
6918,0.08,3,False
6921,0.08,6,True
6924,0.08,13,False
6926,0.08,6,False
6927,0.08,8,False
6928,0.08,4,False
6929,0.08,5,True
6934,0.08,7,False
6935,0.08,6,False
6937,0.08,6,True
6938,0.08,5,False
6939,0.08,7,False
6940,0.08,8,False
6943,0.08,6,False
6944,0.08,8,False
6945,0.08,7,False
6946,0.08,5,False
6947,0.08,7,False
6949,0.08,5,True
6950,0.08,13,False
6953,0.08,7,False
6954,0.08,8,False
6957,0.08,13,False
6959,0.08,5,False
696,0.08,0,False
6960,0.08,6,False
6961,0.08,8,False
6962,0.08,6,True
6963,0.08,4,False
6965,0.08,8,False
6967,0.08,6,False
6968,0.08,8,False
6969,0.08,8,False
697,0.08,4,False
6970,0.08,4,False
6973,0.08,8,False
6975,0.08,7,False
6976,0.08,10,False
6977,0.08,7,False
6980,0.08,6,True
6981,0.08,5,False
6984,0.08,6,True
6987,0.08,7,True
6989,0.08,6,True
699,0.08,4,False
6990,0.08,8,False
6991,0.08,6,True
6995,0.08,8,False
6996,0.08,8,False
6997,0.08,8,False
6998,0.08,6,False
6999,0.08,6,False
70,0.08,13,False
7000,0.08,8,False
7001,0.08,7,False
7007,0.08,7,False
7009,0.08,5,False
7013,0.08,6,False
7014,0.08,7,False
7016,0.08,5,False
7018,0.08,5,False
7020,0.08,5,False
7021,0.08,8,False
7026,0.08,7,False
7027,0.08,7,False
7028,0.08,6,False
7030,0.08,6,False
7031,0.08,5,False
7032,0.08,4,False
7033,0.08,8,False
7034,0.08,5,False
7035,0.08,6,False
7036,0.08,5,False
7038,0.08,6,False
7039,0.08,6,False
7040,0.08,4,False
7041,0.08,0,False
7042,0.08,6,False
7043,0.08,0,False
7044,0.08,6,False
7045,0.08,8,False
7047,0.08,6,False
7048,0.08,4,False
7051,0.08,4,False
7052,0.08,7,False
7056,0.08,4,False
7057,0.08,6,False
7058,0.08,8,False
706,0.08,9,False
7061,0.08,8,False
7062,0.08,7,False
7063,0.08,5,False
7066,0.08,5,False
7067,0.08,4,False
7069,0.08,4,False
7070,0.08,8,False
7076,0.08,5,False
7080,0.08,6,False
7081,0.08,5,False
7082,0.08,5,False
7083,0.08,5,False
7086,0.08,4,False
7087,0.08,4,False
7089,0.08,4,False
7090,0.08,5,False
7092,0.08,6,False
7098,0.08,6,False
71,0.08,13,False
710,0.08,5,False
7100,0.08,6,False
7102,0.08,7,False
7104,0.08,5,False
7105,0.08,4,False
7107,0.08,9,False
7108,0.08,4,False
7109,0.08,6,False
7110,0.08,0,False
7111,0.08,7,False
7113,0.08,0,False
7114,0.08,7,False
7117,0.08,0,False
7119,0.08,4,False
712,0.08,6,False
7120,0.08,0,False
7122,0.08,0,False
7124,0.08,7,False
7127,0.08,7,False
7129,0.08,0,False
7130,0.08,0,False
7131,0.08,6,False
7134,0.08,0,False
7135,0.08,5,False
7136,0.08,5,False
7137,0.08,6,False
7139,0.08,4,False
714,0.08,0,False
7142,0.08,5,False
7145,0.08,7,False
7146,0.08,0,False
7147,0.08,0,False
7149,0.08,5,False
7152,0.08,7,False
7153,0.08,5,False
7154,0.08,4,False
7155,0.08,5,False
7156,0.08,5,False
7168,0.08,4,False
717,0.08,5,False
7180,0.08,7,False
7183,0.08,5,False
7186,0.08,8,False
7187,0.08,6,False
7188,0.08,5,False
7189,0.08,6,False
7192,0.08,4,False
7193,0.08,5,False
7194,0.08,7,False
7195,0.08,5,False
7198,0.08,6,False
72,0.08,13,False
720,0.08,6,False
7201,0.08,8,False
7203,0.08,5,False
7204,0.08,9,False
7206,0.08,5,False
7207,0.08,3,False
7209,0.08,7,False
7211,0.08,6,False
7212,0.08,4,False
7213,0.08,6,False
7214,0.08,6,False
7215,0.08,6,False
7216,0.08,6,False
7217,0.08,8,False
7219,0.08,4,False
722,0.08,7,False
7220,0.08,5,False
7221,0.08,7,False
7222,0.08,5,False
7223,0.08,6,False
7224,0.08,6,False
7227,0.08,3,False
7229,0.08,4,False
723,0.08,5,False
7230,0.08,5,False
7236,0.08,13,False
7238,0.08,0,False
7239,0.08,4,False
724,0.08,4,False
7240,0.08,0,False
7243,0.08,5,False
7245,0.08,0,False
7246,0.08,4,False
7248,0.08,0,False
7249,0.08,7,True
7250,0.08,6,False
7251,0.08,13,False
7252,0.08,5,False
7255,0.08,0,False
7257,0.08,14,False
726,0.08,8,False
7261,0.08,5,False
7262,0.08,0,False
7263,0.08,13,False
7267,0.08,0,False
7269,0.08,5,False
7270,0.08,4,False
7272,0.08,0,False
7273,0.08,15,False
7274,0.08,7,False
7277,0.08,0,False
728,0.08,8,False
7280,0.08,0,False
7282,0.08,9,False
7283,0.08,0,False
7284,0.08,7,False
7285,0.08,0,False
7287,0.08,0,False
7292,0.08,0,False
7294,0.08,8,False
7295,0.08,0,False
7296,0.08,0,False
73,0.08,10,False
730,0.08,12,False
7301,0.08,0,False
7305,0.08,0,False
7307,0.08,7,False
7309,0.08,0,False
731,0.08,4,False
7313,0.08,7,False
7317,0.08,0,False
7321,0.08,0,False
7322,0.08,6,False
7325,0.08,6,False
7326,0.08,0,False
7328,0.08,8,False
733,0.08,0,False
7331,0.08,0,False
7332,0.08,4,False
7333,0.08,14,False
7335,0.08,0,False
734,0.08,5,False
7340,0.08,0,False
7341,0.08,7,False
7342,0.08,0,False
7343,0.08,0,False
7345,0.08,6,False
7346,0.08,7,False
7349,0.08,0,False
735,0.08,13,False
7350,0.08,0,False
7353,0.08,0,False
7356,0.08,0,False
7358,0.08,0,False
736,0.08,5,False
7361,0.08,8,False
7362,0.08,15,False
7364,0.08,0,False
7365,0.08,15,False
7366,0.08,0,False
7369,0.08,0,False
7370,0.08,0,False
7371,0.08,15,False
7375,0.08,8,False
7376,0.08,11,False
7377,0.08,6,False
7378,0.08,0,False
7379,0.08,14,False
738,0.08,7,False
7380,0.08,13,False
7382,0.08,0,False
7384,0.08,8,False
7386,0.08,12,False
7388,0.08,11,False
7389,0.08,0,False
739,0.08,4,False
7390,0.08,15,False
7391,0.08,6,False
7393,0.08,8,False
7394,0.08,0,False
7395,0.08,6,False
7397,0.08,0,False
7398,0.08,14,False
7399,0.08,0,False
74,0.08,11,False
740,0.08,10,False
7400,0.08,0,False
7401,0.08,4,False
7403,0.08,4,False
7405,0.08,0,False
7406,0.08,0,False
7408,0.08,0,False
7411,0.08,0,False
7412,0.08,7,False
7413,0.08,0,False
7414,0.08,0,False
7415,0.08,11,False
742,0.08,6,False
7420,0.08,0,False
7422,0.08,3,False
7424,0.08,15,False
7426,0.08,0,False
7427,0.08,0,False
7428,0.08,0,False
743,0.08,8,False
7430,0.08,0,False
7431,0.08,5,False
7432,0.08,8,False
7433,0.08,13,False
7435,0.08,0,False
7437,0.08,0,False
7438,0.08,6,False
744,0.08,7,False
7440,0.08,0,False
7442,0.08,0,False
7444,0.08,0,False
7445,0.08,0,False
7446,0.08,6,False
7447,0.08,0,False
7449,0.08,0,False
745,0.08,6,False
7451,0.08,0,False
7452,0.08,0,False
7454,0.08,0,False
7457,0.08,0,False
7463,0.08,0,False
7464,0.08,6,False
7465,0.08,7,True
7468,0.08,9,False
747,0.08,5,False
7471,0.08,0,False
7477,0.08,7,False
7478,0.08,6,False
7479,0.08,8,False
748,0.08,12,False
7481,0.08,0,False
7483,0.08,0,False
7484,0.08,7,False
7485,0.08,2,False
7487,0.08,15,False
7489,0.08,0,False
7491,0.08,0,False
7493,0.08,6,False
7496,0.08,0,False
7499,0.08,15,False
75,0.08,13,False
750,0.08,4,False
7502,0.08,12,False
7505,0.08,0,False
7509,0.08,6,False
751,0.08,13,False
7511,0.08,0,False
7514,0.08,8,False
7517,0.08,6,False
7518,0.08,0,False
752,0.08,10,False
7523,0.08,4,False
7527,0.08,14,False
7528,0.08,5,False
7530,0.08,11,False
7532,0.08,4,False
7533,0.08,7,False
7535,0.08,0,False
7537,0.08,0,False
7538,0.08,0,False
7539,0.08,14,False
754,0.08,2,False
7540,0.08,0,False
7543,0.08,5,False
7544,0.08,0,False
7546,0.08,0,False
7547,0.08,0,False
7550,0.08,5,False
7551,0.08,0,False
7554,0.08,0,False
7556,0.08,0,False
7557,0.08,0,False
7559,0.08,5,False
756,0.08,8,False
7560,0.08,8,False
7561,0.08,0,False
7563,0.08,0,False
7565,0.08,0,False
7566,0.08,0,False
7568,0.08,8,False
7569,0.08,0,False
757,0.08,5,False
7574,0.08,5,False
7575,0.08,5,False
7577,0.08,4,False
7578,0.08,0,False
758,0.08,8,False
7581,0.08,0,False
7582,0.08,5,False
7583,0.08,9,False
7588,0.08,0,False
759,0.08,10,False
7591,0.08,0,False
7595,0.08,0,False
7597,0.08,7,False
7598,0.08,0,False
7600,0.08,0,False
7601,0.08,4,False
7603,0.08,0,False
7605,0.08,8,False
7606,0.08,0,False
761,0.08,5,False
7614,0.08,6,False
7615,0.08,0,False
7616,0.08,0,False
762,0.08,8,False
7621,0.08,6,False
7622,0.08,0,False
7624,0.08,4,False
7628,0.08,6,False
7629,0.08,6,False
763,0.08,15,False
7630,0.08,5,False
7631,0.08,0,False
7634,0.08,15,False
7635,0.08,6,False
7636,0.08,0,False
7639,0.08,0,False
764,0.08,6,False
7640,0.08,0,False
7643,0.08,12,False
7644,0.08,0,False
7646,0.08,0,False
7647,0.08,5,False
7648,0.08,0,False
7649,0.08,0,False
7651,0.08,0,False
7653,0.08,6,False
7655,0.08,0,False
7657,0.08,5,False
7658,0.08,0,False
7659,0.08,5,False
766,0.08,3,False
7660,0.08,0,False
7661,0.08,5,False
7664,0.08,0,False
7666,0.08,7,False
7669,0.08,0,False
767,0.08,0,False
7672,0.08,0,False
7673,0.08,0,False
7674,0.08,0,False
7675,0.08,0,False
7676,0.08,6,False
7677,0.08,4,False
7678,0.08,0,False
7679,0.08,6,False
7680,0.08,0,False
7683,0.08,7,False
7684,0.08,6,False
7688,0.08,9,False
7689,0.08,0,False
769,0.08,6,False
7690,0.08,0,False
7692,0.08,7,False
7693,0.08,3,False
7694,0.08,4,False
7698,0.08,0,False
770,0.08,5,False
7700,0.08,5,False
7701,0.08,5,False
7703,0.08,5,False
7704,0.08,5,False
7709,0.08,6,False
771,0.08,13,False
7710,0.08,0,False
7711,0.08,6,False
7713,0.08,5,False
7718,0.08,0,False
7719,0.08,5,False
772,0.08,6,False
7721,0.08,4,False
7722,0.08,0,False
7723,0.08,4,False
7728,0.08,6,False
773,0.08,13,False
7730,0.08,0,False
7732,0.08,5,False
7734,0.08,5,False
7737,0.08,8,False
774,0.08,8,False
7741,0.08,0,False
7744,0.08,0,False
7745,0.08,9,False
7748,0.08,0,False
775,0.08,8,False
7751,0.08,5,False
7753,0.08,4,False
7758,0.08,6,False
7759,0.08,15,False
776,0.08,6,False
7760,0.08,0,False
7762,0.08,0,False
7766,0.08,15,False
7769,0.08,0,False
777,0.08,15,False
7771,0.08,4,False
7772,0.08,6,False
7773,0.08,0,False
7774,0.08,3,False
7776,0.08,0,False
7777,0.08,3,False
778,0.08,7,False
7785,0.08,0,False
7786,0.08,0,False
7788,0.08,0,False
7789,0.08,3,False
7793,0.08,9,False
7794,0.08,0,False
7795,0.08,8,False
7796,0.08,4,False
7799,0.08,0,False
78,0.08,10,False
7800,0.08,9,False
7801,0.08,0,False
7802,0.08,0,False
7803,0.08,5,False
7804,0.08,7,False
7806,0.08,11,False
7808,0.08,12,False
7809,0.08,0,False
781,0.08,6,False
7810,0.08,7,False
7813,0.08,6,False
7814,0.08,0,False
7815,0.08,11,False
7817,0.08,6,False
7819,0.08,9,False
782,0.08,5,False
7824,0.08,11,False
7825,0.08,0,False
783,0.08,7,False
7832,0.08,11,False
7833,0.08,0,False
7834,0.08,10,False
784,0.08,5,False
7840,0.08,0,False
7841,0.08,0,False
7842,0.08,4,False
7846,0.08,0,False
7847,0.08,0,False
7848,0.08,0,False
7849,0.08,5,False
785,0.08,11,False
7850,0.08,0,False
7852,0.08,0,False
7858,0.08,5,False
7859,0.08,0,False
7861,0.08,0,False
7863,0.08,0,False
7865,0.08,5,False
7869,0.08,0,False
787,0.08,8,False
7871,0.08,0,False
7874,0.08,0,False
7875,0.08,0,False
7877,0.08,0,False
7878,0.08,13,False
7881,0.08,4,False
7883,0.08,0,False
7885,0.08,4,False
7886,0.08,0,False
7887,0.08,0,False
789,0.08,6,False
7890,0.08,7,False
7891,0.08,0,False
7892,0.08,0,False
7893,0.08,6,False
7894,0.08,0,False
7895,0.08,4,False
7897,0.08,0,False
7898,0.08,4,False
7900,0.08,0,False
7902,0.08,0,False
7905,0.08,0,False
7907,0.08,0,False
7909,0.08,7,False
791,0.08,11,False
7910,0.08,13,False
7911,0.08,0,False
7913,0.08,13,False
7915,0.08,0,False
7916,0.08,0,False
7917,0.08,15,False
7918,0.08,7,False
7922,0.08,6,False
7923,0.08,0,False
7925,0.08,5,False
7926,0.08,10,False
7929,0.08,15,False
7930,0.08,6,False
7932,0.08,0,False
7934,0.08,0,False
794,0.08,14,False
7947,0.08,6,False
795,0.08,7,False
7953,0.08,6,False
7955,0.08,0,False
7956,0.08,14,False
796,0.08,8,False
7960,0.08,0,False
7962,0.08,0,False
7965,0.08,0,False
7966,0.08,3,False
7967,0.08,0,False
7968,0.08,0,False
797,0.08,5,False
7970,0.08,0,False
7971,0.08,0,False
7973,0.08,12,False
7975,0.08,0,False
7976,0.08,0,False
7977,0.08,14,False
798,0.08,6,False
7980,0.08,0,False
7981,0.08,12,False
7982,0.08,0,False
7983,0.08,11,False
7984,0.08,0,False
7985,0.08,0,False
7986,0.08,0,False
7987,0.08,9,False
7988,0.08,0,False
799,0.08,5,False
7991,0.08,12,False
7998,0.08,0,False
7999,0.08,14,False
80,0.08,13,False
800,0.08,8,False
8000,0.08,0,False
8001,0.08,0,False
8002,0.08,0,False
8003,0.08,0,False
8005,0.08,0,False
801,0.08,10,False
8010,0.08,0,False
8015,0.08,15,False
802,0.08,5,False
8020,0.08,0,False
8021,0.08,0,False
8022,0.08,0,False
8026,0.08,0,False
8028,0.08,0,False
8029,0.08,0,False
803,0.08,6,False
8034,0.08,0,False
8036,0.08,0,False
8037,0.08,0,False
8039,0.08,0,False
8040,0.08,0,False
8042,0.08,0,False
8045,0.08,0,False
8047,0.08,0,False
8049,0.08,0,False
805,0.08,8,False
8050,0.08,0,False
8051,0.08,14,False
8058,0.08,0,False
806,0.08,14,False
8060,0.08,0,False
8061,0.08,0,False
8062,0.08,0,False
8063,0.08,0,False
8065,0.08,0,False
807,0.08,8,False
8075,0.08,0,False
808,0.08,11,False
809,0.08,5,False
81,0.08,13,False
810,0.08,5,False
8101,0.08,0,False
811,0.08,14,False
8110,0.08,0,False
8112,0.08,0,False
8113,0.08,0,False
8114,0.08,0,False
8117,0.08,0,False
8120,0.08,0,False
8122,0.08,0,False
8124,0.08,0,False
8126,0.08,0,False
8127,0.08,13,False
8129,0.08,15,False
813,0.08,8,False
8131,0.08,15,False
8132,0.08,14,False
8133,0.08,0,False
8134,0.08,0,False
814,0.08,4,False
8141,0.08,0,False
8142,0.08,0,False
8145,0.08,14,False
8146,0.08,0,False
8147,0.08,0,False
8149,0.08,15,False
815,0.08,7,False
8150,0.08,0,False
8151,0.08,0,False
8152,0.08,12,False
8153,0.08,0,False
8154,0.08,0,False
8157,0.08,0,False
8159,0.08,12,False
816,0.08,5,False
8160,0.08,12,False
8161,0.08,0,False
8162,0.08,14,False
8163,0.08,0,False
8164,0.08,0,False
8165,0.08,12,False
8166,0.08,10,False
8167,0.08,10,False
817,0.08,5,False
8170,0.08,0,False
8171,0.08,0,False
8172,0.08,0,False
8175,0.08,0,False
8178,0.08,0,False
818,0.08,10,False
8180,0.08,0,False
8185,0.08,0,False
8186,0.08,0,False
8189,0.08,0,False
819,0.08,10,False
8191,0.08,0,False
8194,0.08,0,False
8197,0.08,15,False
821,0.08,7,False
8211,0.08,15,False
8213,0.08,10,False
8214,0.08,10,False
8215,0.08,10,False
8216,0.08,8,False
8217,0.08,9,False
8218,0.08,10,False
8219,0.08,0,False
822,0.08,12,False
8220,0.08,0,False
8221,0.08,0,False
8222,0.08,13,False
8223,0.08,0,False
8224,0.08,0,False
8228,0.08,15,False
8229,0.08,12,False
8230,0.08,0,False
8233,0.08,0,False
8235,0.08,0,False
8237,0.08,0,False
8238,0.08,15,False
824,0.08,5,False
8243,0.08,0,False
8245,0.08,0,False
8248,0.08,12,False
8249,0.08,0,False
8250,0.08,0,False
8252,0.08,0,False
8254,0.08,11,False
8255,0.08,0,False
8256,0.08,0,False
8259,0.08,0,False
826,0.08,9,False
8260,0.08,0,False
8261,0.08,0,False
8262,0.08,15,False
8263,0.08,0,False
8265,0.08,10,False
8268,0.08,15,False
827,0.08,5,False
8271,0.08,0,False
8272,0.08,0,False
8273,0.08,10,False
8275,0.08,0,False
8276,0.08,0,False
8277,0.08,0,False
8278,0.08,0,False
828,0.08,10,False
8281,0.08,9,False
8282,0.08,0,False
8285,0.08,0,False
829,0.08,13,False
8290,0.08,9,False
8292,0.08,0,False
8295,0.08,0,False
8298,0.08,14,False
8299,0.08,7,True
83,0.08,0,False
8300,0.08,0,False
8303,0.08,0,False
8305,0.08,9,False
8306,0.08,0,False
8308,0.08,0,False
8309,0.08,9,False
831,0.08,13,False
8311,0.08,0,False
8312,0.08,0,False
8314,0.08,8,False
8316,0.08,0,False
8317,0.08,9,False
832,0.08,6,False
8321,0.08,0,False
8323,0.08,12,False
8324,0.08,0,False
8325,0.08,0,False
8326,0.08,8,False
8327,0.08,14,False
8328,0.08,0,False
8329,0.08,0,False
8331,0.08,0,False
8332,0.08,0,False
8336,0.08,15,False
8339,0.08,0,False
8341,0.08,0,False
8342,0.08,0,False
8343,0.08,0,False
8345,0.08,14,False
8349,0.08,0,False
8350,0.08,0,False
8353,0.08,0,False
8354,0.08,0,False
8357,0.08,0,False
8358,0.08,0,False
8359,0.08,7,True
836,0.08,6,False
8361,0.08,0,False
8363,0.08,0,False
8366,0.08,11,False
8368,0.08,0,False
8370,0.08,0,False
8372,0.08,9,False
8374,0.08,0,False
8375,0.08,0,False
8376,0.08,0,False
8378,0.08,0,False
8379,0.08,0,False
838,0.08,8,False
8380,0.08,8,False
8382,0.08,0,False
8384,0.08,0,False
8385,0.08,0,False
8386,0.08,0,False
8387,0.08,0,False
8388,0.08,0,False
8389,0.08,0,False
839,0.08,13,False
8390,0.08,0,False
8392,0.08,15,False
8393,0.08,9,False
8394,0.08,15,False
8395,0.08,0,False
8397,0.08,0,False
8398,0.08,9,False
8399,0.08,9,False
84,0.08,14,False
8400,0.08,10,False
8401,0.08,11,False
8402,0.08,0,False
8403,0.08,10,False
8404,0.08,14,False
8405,0.08,11,False
8406,0.08,11,False
8407,0.08,11,False
8408,0.08,12,False
8409,0.08,0,False
8410,0.08,12,False
8411,0.08,12,False
8412,0.08,15,False
8414,0.08,13,False
8416,0.08,11,False
8417,0.08,15,False
8419,0.08,11,False
842,0.08,10,False
8420,0.08,11,False
8422,0.08,12,False
8423,0.08,11,False
8424,0.08,11,False
8425,0.08,11,False
8426,0.08,11,False
8427,0.08,15,False
8429,0.08,0,False
843,0.08,5,False
8430,0.08,0,False
8433,0.08,0,False
8434,0.08,0,False
8439,0.08,15,False
844,0.08,8,False
8440,0.08,14,False
8441,0.08,0,False
8442,0.08,0,False
8447,0.08,0,False
8450,0.08,0,False
8451,0.08,0,False
8452,0.08,0,False
8454,0.08,10,False
8455,0.08,0,False
8456,0.08,0,False
8457,0.08,0,False
8459,0.08,0,False
8460,0.08,0,False
8462,0.08,15,False
8463,0.08,0,False
8464,0.08,0,False
8466,0.08,9,False
8467,0.08,0,False
8469,0.08,0,False
847,0.08,6,False
8471,0.08,0,False
8473,0.08,0,False
8475,0.08,11,False
8479,0.08,0,False
848,0.08,6,False
8481,0.08,10,False
8482,0.08,10,False
8483,0.08,11,False
8484,0.08,0,False
8486,0.08,0,False
8487,0.08,14,False
8490,0.08,0,False
8492,0.08,10,False
8493,0.08,0,False
8495,0.08,0,False
8498,0.08,0,False
85,0.08,0,False
850,0.08,3,False
8500,0.08,0,False
8501,0.08,0,False
8503,0.08,0,False
8505,0.08,10,False
8506,0.08,0,False
8509,0.08,0,False
851,0.08,4,False
8511,0.08,0,False
8514,0.08,0,False
8517,0.08,0,False
8518,0.08,14,False
8519,0.08,0,False
852,0.08,12,False
8521,0.08,0,False
8526,0.08,0,False
8527,0.08,0,False
8528,0.08,0,False
8531,0.08,0,False
8534,0.08,0,False
8535,0.08,0,False
8536,0.08,0,False
854,0.08,4,False
8547,0.08,0,False
8548,0.08,0,False
8551,0.08,14,False
8553,0.08,0,False
8556,0.08,0,False
8558,0.08,15,False
856,0.08,6,False
8560,0.08,0,False
8561,0.08,0,False
8563,0.08,0,False
8564,0.08,0,False
8567,0.08,0,False
8568,0.08,0,False
8569,0.08,0,False
8573,0.08,0,False
8574,0.08,15,False
8575,0.08,0,False
8581,0.08,0,False
8582,0.08,0,False
8587,0.08,0,False
859,0.08,5,False
8590,0.08,0,False
8596,0.08,0,False
8598,0.08,0,False
8599,0.08,0,False
8601,0.08,0,False
8602,0.08,0,False
8603,0.08,12,False
8604,0.08,0,False
8606,0.08,0,False
8607,0.08,0,False
8608,0.08,12,False
8614,0.08,15,False
8617,0.08,0,False
862,0.08,7,False
8622,0.08,12,False
8623,0.08,0,False
8627,0.08,0,False
8628,0.08,12,False
863,0.08,7,False
8634,0.08,0,False
8635,0.08,0,False
8636,0.08,0,False
8637,0.08,0,False
8640,0.08,15,False
8642,0.08,0,False
8652,0.08,0,False
8653,0.08,0,False
8654,0.08,0,False
8657,0.08,0,False
8659,0.08,0,False
866,0.08,10,False
8660,0.08,0,False
8662,0.08,0,False
8666,0.08,11,False
867,0.08,5,False
8672,0.08,0,False
8674,0.08,0,False
8679,0.08,0,False
8681,0.08,0,False
8682,0.08,0,False
8683,0.08,0,False
8686,0.08,0,False
8689,0.08,0,False
869,0.08,14,False
8690,0.08,11,False
8695,0.08,0,False
8696,0.08,0,False
8697,0.08,0,False
870,0.08,6,False
8700,0.08,0,False
8701,0.08,0,False
8703,0.08,14,False
8704,0.08,0,False
8706,0.08,0,False
8710,0.08,11,False
8713,0.08,0,False
8714,0.08,9,False
8716,0.08,0,False
8721,0.08,0,False
8725,0.08,0,False
8727,0.08,0,False
873,0.08,7,False
8730,0.08,0,False
8736,0.08,0,False
8739,0.08,9,False
8741,0.08,0,False
8747,0.08,0,False
875,0.08,3,False
8755,0.08,0,False
876,0.08,6,False
8766,0.08,0,False
8767,0.08,0,False
8768,0.08,0,False
8769,0.08,0,False
8773,0.08,15,False
8774,0.08,0,False
8775,0.08,9,False
8776,0.08,14,False
8782,0.08,0,False
8783,0.08,11,False
8786,0.08,0,False
879,0.08,8,False
8795,0.08,0,False
880,0.08,6,False
8802,0.08,12,False
8808,0.08,0,False
8817,0.08,14,False
882,0.08,5,False
8820,0.08,10,False
8824,0.08,0,False
8825,0.08,10,False
8829,0.08,14,False
883,0.08,6,False
8832,0.08,0,False
8833,0.08,13,False
8845,0.08,11,False
8846,0.08,0,False
885,0.08,11,False
8851,0.08,0,False
8852,0.08,13,False
8854,0.08,11,False
8855,0.08,0,False
8859,0.08,0,False
886,0.08,3,False
8861,0.08,0,False
8863,0.08,15,False
8864,0.08,0,False
8867,0.08,0,False
8869,0.08,0,False
8871,0.08,0,False
8872,0.08,14,False
8874,0.08,0,False
8875,0.08,15,False
8876,0.08,0,False
888,0.08,5,False
8880,0.08,0,False
8881,0.08,15,False
8886,0.08,0,False
8888,0.08,0,False
8893,0.08,0,False
8894,0.08,0,False
8897,0.08,12,False
89,0.08,0,False
890,0.08,8,False
8900,0.08,0,False
8903,0.08,13,False
8904,0.08,15,False
8906,0.08,0,False
8907,0.08,0,False
8910,0.08,11,False
8912,0.08,0,False
8915,0.08,9,False
8918,0.08,0,False
8919,0.08,14,False
8925,0.08,15,False
8927,0.08,0,False
8931,0.08,0,False
8932,0.08,12,False
8933,0.08,0,False
8934,0.08,0,False
8935,0.08,0,False
8936,0.08,0,False
8938,0.08,12,False
894,0.08,6,False
8941,0.08,0,False
8943,0.08,0,False
8944,0.08,0,False
8946,0.08,0,False
8949,0.08,0,False
895,0.08,3,False
8954,0.08,0,False
8956,0.08,12,False
8957,0.08,0,False
896,0.08,9,False
8963,0.08,14,False
8966,0.08,0,False
8969,0.08,0,False
897,0.08,6,False
8970,0.08,0,False
8971,0.08,0,False
8973,0.08,12,False
8974,0.08,0,False
8975,0.08,0,False
8977,0.08,9,False
8979,0.08,0,False
8980,0.08,14,False
8982,0.08,0,False
8983,0.08,0,False
8986,0.08,15,False
8989,0.08,0,False
8990,0.08,0,False
8994,0.08,0,False
8997,0.08,14,False
8999,0.08,0,False
9004,0.08,0,False
9009,0.08,0,False
901,0.08,12,False
9010,0.08,0,False
902,0.08,8,False
9033,0.08,0,False
9034,0.08,0,False
9038,0.08,0,False
904,0.08,14,False
9041,0.08,15,False
9042,0.08,0,False
9043,0.08,0,False
9049,0.08,0,False
9052,0.08,0,False
9053,0.08,0,False
9057,0.08,0,False
906,0.08,5,False
9060,0.08,0,False
9061,0.08,0,False
9066,0.08,0,False
907,0.08,12,False
9073,0.08,0,False
9075,0.08,0,False
908,0.08,5,False
9080,0.08,0,False
9091,0.08,0,False
9096,0.08,0,False
9107,0.08,0,False
911,0.08,9,False
9110,0.08,11,False
9111,0.08,0,False
9112,0.08,0,False
9118,0.08,0,False
912,0.08,5,False
9125,0.08,0,False
9135,0.08,12,False
9139,0.08,0,False
914,0.08,14,False
9142,0.08,0,False
9148,0.08,0,False
9149,0.08,0,False
915,0.08,0,False
9150,0.08,0,False
9151,0.08,0,False
9152,0.08,0,False
9160,0.08,12,False
9163,0.08,9,False
9168,0.08,0,False
917,0.08,10,False
9171,0.08,0,False
9172,0.08,0,False
9175,0.08,0,False
9177,0.08,0,False
9178,0.08,0,False
918,0.08,5,False
9180,0.08,0,False
919,0.08,6,False
9192,0.08,0,False
9193,0.08,14,False
9194,0.08,0,False
9195,0.08,0,False
92,0.08,0,False
9205,0.08,0,False
9208,0.08,0,False
9214,0.08,0,False
9216,0.08,0,False
9219,0.08,0,False
922,0.08,6,False
923,0.08,14,False
9261,0.08,0,False
9264,0.08,12,False
927,0.08,6,False
9271,0.08,9,False
9272,0.08,13,False
928,0.08,15,False
9281,0.08,0,False
9290,0.08,0,False
9291,0.08,14,False
9293,0.08,0,False
9296,0.08,0,False
9302,0.08,0,False
9306,0.08,0,False
9307,0.08,12,False
931,0.08,5,False
9310,0.08,0,False
9318,0.08,0,False
932,0.08,8,False
9320,0.08,0,False
9321,0.08,0,False
9323,0.08,14,False
9325,0.08,0,False
9326,0.08,0,False
9329,0.08,0,False
933,0.08,6,False
934,0.08,8,False
9341,0.08,13,False
9342,0.08,0,False
9348,0.08,0,False
9349,0.08,15,False
935,0.08,5,False
9354,0.08,0,False
9355,0.08,0,False
9356,0.08,13,False
9358,0.08,0,False
9360,0.08,11,False
9365,0.08,0,False
9367,0.08,0,False
9369,0.08,0,False
9370,0.08,0,False
9371,0.08,0,False
9374,0.08,0,False
9377,0.08,0,False
9384,0.08,0,False
9386,0.08,0,False
939,0.08,0,False
9392,0.08,15,False
9393,0.08,15,False
9394,0.08,0,False
9395,0.08,15,False
9397,0.08,0,False
9399,0.08,0,False
9402,0.08,0,False
9406,0.08,10,False
9409,0.08,14,False
9416,0.08,15,False
9418,0.08,0,False
9420,0.08,0,False
9423,0.08,0,False
943,0.08,5,False
9430,0.08,0,False
9438,0.08,9,False
944,0.08,13,False
9440,0.08,0,False
9445,0.08,15,False
9449,0.08,0,False
9452,0.08,0,False
9456,0.08,0,False
9459,0.08,0,False
946,0.08,8,False
9460,0.08,0,False
9461,0.08,0,False
9463,0.08,0,False
9466,0.08,0,False
9467,0.08,0,False
9471,0.08,0,False
9473,0.08,0,False
9477,0.08,11,False
9479,0.08,0,False
948,0.08,7,False
9481,0.08,0,False
9483,0.08,0,False
9485,0.08,11,False
9488,0.08,0,False
9494,0.08,13,False
9495,0.08,0,False
9496,0.08,0,False
9498,0.08,14,False
9499,0.08,0,False
95,0.08,0,False
9504,0.08,0,False
9505,0.08,0,False
9507,0.08,0,False
9512,0.08,0,False
9513,0.08,0,False
9515,0.08,15,False
9518,0.08,0,False
9519,0.08,0,False
9521,0.08,0,False
9523,0.08,14,False
9524,0.08,14,False
9526,0.08,14,False
9528,0.08,0,False
9529,0.08,0,False
9531,0.08,11,False
9532,0.08,15,False
9533,0.08,9,False
9534,0.08,0,False
9537,0.08,8,False
9538,0.08,0,False
954,0.08,5,False
9540,0.08,15,False
9542,0.08,15,False
9545,0.08,12,False
9550,0.08,10,False
9553,0.08,0,False
9554,0.08,11,False
9556,0.08,14,False
9557,0.08,15,False
956,0.08,0,False
9561,0.08,0,False
9563,0.08,14,False
9564,0.08,0,False
9565,0.08,0,False
9567,0.08,0,False
9568,0.08,0,False
957,0.08,5,False
9570,0.08,13,False
9574,0.08,0,False
9575,0.08,0,False
9579,0.08,9,False
9580,0.08,0,False
9582,0.08,0,False
9583,0.08,0,False
9589,0.08,0,False
959,0.08,4,False
9591,0.08,11,False
9592,0.08,0,False
9593,0.08,12,False
9594,0.08,15,False
9597,0.08,9,False
9599,0.08,11,False
96,0.08,0,False
9601,0.08,0,False
9602,0.08,0,False
9603,0.08,0,False
9605,0.08,0,False
9607,0.08,0,False
9608,0.08,11,False
9609,0.08,0,False
961,0.08,5,False
9611,0.08,0,False
9613,0.08,0,False
9616,0.08,11,False
9618,0.08,0,False
9623,0.08,10,False
9624,0.08,11,False
9625,0.08,0,False
9627,0.08,0,False
963,0.08,4,False
9630,0.08,0,False
9632,0.08,10,False
9634,0.08,9,False
9637,0.08,12,False
964,0.08,0,False
9640,0.08,0,False
9642,0.08,9,False
9646,0.08,0,False
9648,0.08,0,False
9649,0.08,11,False
965,0.08,7,False
9650,0.08,0,False
9652,0.08,0,False
9653,0.08,0,False
9657,0.08,14,False
9658,0.08,11,False
9663,0.08,0,False
9668,0.08,0,False
9673,0.08,15,False
9674,0.08,15,False
9679,0.08,0,False
9680,0.08,0,False
9681,0.08,0,False
9683,0.08,0,False
9684,0.08,0,False
969,0.08,5,False
9699,0.08,0,False
970,0.08,5,False
9700,0.08,15,False
9702,0.08,0,False
9707,0.08,0,False
971,0.08,5,False
9710,0.08,9,False
9715,0.08,10,False
9717,0.08,0,False
9718,0.08,0,False
972,0.08,8,False
9720,0.08,0,False
9725,0.08,0,False
973,0.08,11,False
9731,0.08,0,False
9732,0.08,15,False
9734,0.08,0,False
9740,0.08,0,False
9743,0.08,0,False
9744,0.08,14,False
9748,0.08,0,False
9750,0.08,0,False
9764,0.08,0,False
9766,0.08,0,False
9770,0.08,0,False
9778,0.08,14,False
9779,0.08,0,False
978,0.08,0,False
9784,0.08,0,False
9786,0.08,0,False
979,0.08,0,False
9790,0.08,0,False
9791,0.08,0,False
9793,0.08,0,False
9796,0.08,0,False
9799,0.08,15,False
98,0.08,0,False
980,0.08,10,False
9804,0.08,0,False
9806,0.08,0,False
981,0.08,8,False
9813,0.08,0,False
9814,0.08,0,False
9815,0.08,0,False
982,0.08,15,False
9820,0.08,0,False
9821,0.08,15,False
9825,0.08,15,False
9828,0.08,0,False
9830,0.08,0,False
9832,0.08,0,False
9834,0.08,0,False
9839,0.08,0,False
9841,0.08,0,False
9848,0.08,15,False
9849,0.08,0,False
9853,0.08,0,False
9856,0.08,0,False
9857,0.08,0,False
986,0.08,13,False
9863,0.08,15,False
9868,0.08,15,False
9872,0.08,0,False
9877,0.08,0,False
9879,0.08,0,False
9881,0.08,0,False
9882,0.08,12,False
9885,0.08,0,False
9886,0.08,12,False
9887,0.08,0,False
989,0.08,9,False
990,0.08,7,False
9902,0.08,0,False
9906,0.08,0,False
9907,0.08,0,False
9908,0.08,11,False
991,0.08,7,False
9910,0.08,0,False
9917,0.08,0,False
992,0.08,4,False
9922,0.08,14,False
9925,0.08,0,False
9928,0.08,12,False
993,0.08,9,False
9931,0.08,0,False
9932,0.08,0,False
9943,0.08,0,False
9947,0.08,0,False
995,0.08,10,False
9950,0.08,0,False
9958,0.08,0,False
9963,0.08,0,False
9964,0.08,0,False
9965,0.08,0,False
9967,0.08,0,False
9968,0.08,13,False
997,0.08,12,False
9974,0.08,14,False
9983,0.08,0,False
9992,0.08,0,False
W100,0.08,4,False
W1017,0.08,8,False
W1018,0.08,8,False
W102,0.08,5,False
W1024,0.08,7,False
W1030,0.08,6,False
W1031,0.08,6,False
W1037,0.08,13,False
W1038,0.08,6,False
W104,0.08,4,True
W1040,0.08,7,False
W1046,0.08,8,False
W1049,0.08,7,False
W1052,0.08,6,False
W1057,0.08,6,False
W106,0.08,4,True
W1066,0.08,7,False
W1069,0.08,5,False
W107,0.08,6,False
W1070,0.08,6,False
W1071,0.08,7,False
W1072,0.08,6,False
W1073,0.08,5,False
W108,0.08,6,False
W1083,0.08,6,False
W109,0.08,6,False
W11,0.08,11,False
W110,0.08,6,False
W1100,0.08,7,False
W1101,0.08,7,False
W1102,0.08,7,False
W1103,0.08,8,False
W1104,0.08,12,False
W1105,0.08,8,False
W1108,0.08,8,False
W1111,0.08,12,False
W1113,0.08,13,False
W1117,0.08,12,False
W1118,0.08,12,False
W1120,0.08,12,False
W1122,0.08,12,False
W1123,0.08,12,False
W1126,0.08,6,False
W1127,0.08,11,False
W1129,0.08,12,False
W113,0.08,4,False
W1130,0.08,4,False
W1134,0.08,5,False
W1136,0.08,11,False
W1137,0.08,6,True
W114,0.08,4,False
W1140,0.08,9,False
W1141,0.08,11,False
W1144,0.08,12,False
W115,0.08,4,False
W1150,0.08,12,False
W1153,0.08,11,False
W1155,0.08,10,False
W1156,0.08,11,False
W1157,0.08,9,False
W1159,0.08,15,False
W116,0.08,4,False
W1160,0.08,12,False
W1162,0.08,11,False
W1164,0.08,11,False
W1165,0.08,11,False
W1166,0.08,10,False
W1167,0.08,11,False
W1168,0.08,11,False
W1169,0.08,14,False
W117,0.08,4,False
W1170,0.08,11,False
W1171,0.08,11,False
W1172,0.08,12,False
W1174,0.08,13,False
W1178,0.08,10,False
W1185,0.08,10,False
W1186,0.08,12,False
W1187,0.08,0,False
W1188,0.08,12,False
W1189,0.08,12,False
W119,0.08,5,False
W1190,0.08,11,False
W1191,0.08,11,False
W1192,0.08,12,False
W1193,0.08,12,False
W1194,0.08,11,False
W1199,0.08,10,False
W1200,0.08,12,False
W1205,0.08,13,False
W1209,0.08,11,False
W121,0.08,6,False
W1211,0.08,12,False
W122,0.08,6,False
W1220,0.08,8,False
W1223,0.08,4,False
W1225,0.08,7,True
W1227,0.08,7,True
W1229,0.08,7,True
W123,0.08,4,False
W1231,0.08,7,True
W1232,0.08,7,True
W1233,0.08,7,True
W124,0.08,4,False
W1240,0.08,7,True
W1242,0.08,7,True
W1244,0.08,7,True
W1245,0.08,6,False
W1247,0.08,7,True
W1248,0.08,7,False
W1249,0.08,7,True
W125,0.08,4,False
W1251,0.08,7,True
W1252,0.08,10,False
W1253,0.08,7,True
W1254,0.08,7,True
W1255,0.08,7,True
W1257,0.08,7,True
W1259,0.08,7,True
W126,0.08,6,False
W1260,0.08,6,False
W1261,0.08,5,True
W1268,0.08,5,True
W1269,0.08,5,True
W127,0.08,4,False
W1270,0.08,7,True
W1271,0.08,7,False
W1273,0.08,5,False
W1274,0.08,7,False
W1275,0.08,7,True
W1279,0.08,6,False
W128,0.08,4,False
W1280,0.08,5,False
W1284,0.08,5,False
W1287,0.08,5,False
W129,0.08,4,False
W1297,0.08,8,False
W1299,0.08,8,False
W130,0.08,4,False
W1301,0.08,6,False
W131,0.08,4,False
W1318,0.08,9,True
W132,0.08,4,False
W1320,0.08,9,True
W1327,0.08,11,False
W133,0.08,4,False
W1339,0.08,12,False
W134,0.08,4,False
W1340,0.08,6,False
W135,0.08,6,False
W1353,0.08,11,False
W1355,0.08,11,False
W1356,0.08,6,False
W1358,0.08,6,False
W136,0.08,6,False
W1360,0.08,5,False
W1362,0.08,5,False
W137,0.08,4,False
W1372,0.08,5,False
W1373,0.08,11,False
W1374,0.08,5,False
W1376,0.08,4,False
W1379,0.08,11,False
W138,0.08,4,False
W1380,0.08,7,False
W1383,0.08,8,False
W1387,0.08,4,False
W1389,0.08,5,False
W139,0.08,4,False
W1396,0.08,12,False
W1397,0.08,11,False
W1399,0.08,11,False
W14,0.08,10,False
W140,0.08,5,False
W1403,0.08,11,False
W1405,0.08,12,False
W141,0.08,3,False
W1411,0.08,14,False
W1443,0.08,11,False
W1444,0.08,11,False
W1448,0.08,13,False
W145,0.08,9,False
W1452,0.08,12,False
W1456,0.08,12,False
W1467,0.08,8,False
W147,0.08,6,False
W1471,0.08,12,False
W1472,0.08,11,False
W1479,0.08,7,False
W148,0.08,10,False
W1480,0.08,7,False
W1482,0.08,7,False
W1483,0.08,7,False
W1487,0.08,7,False
W149,0.08,10,False
W1492,0.08,6,False
W1493,0.08,6,False
W150,0.08,12,False
W1502,0.08,6,False
W1506,0.08,5,False
W1509,0.08,5,False
W1520,0.08,5,False
W1522,0.08,10,False
W1528,0.08,11,False
W1529,0.08,5,False
W153,0.08,10,False
W1531,0.08,10,False
W1533,0.08,5,False
W1548,0.08,7,False
W155,0.08,10,False
W1555,0.08,5,False
W1556,0.08,12,False
W1559,0.08,8,False
W1561,0.08,6,False
W1564,0.08,8,False
W1567,0.08,7,False
W1569,0.08,8,False
W1572,0.08,7,True
W1575,0.08,8,False
W1576,0.08,7,True
W1577,0.08,7,False
W1580,0.08,6,True
W1581,0.08,8,False
W1584,0.08,7,True
W1588,0.08,7,True
W1592,0.08,6,True
W1594,0.08,7,False
W1603,0.08,6,False
W1607,0.08,6,True
W161,0.08,10,False
W1611,0.08,6,False
W1612,0.08,6,False
W1613,0.08,5,True
W1614,0.08,6,False
W1615,0.08,11,False
W1619,0.08,7,False
W162,0.08,10,False
W1620,0.08,5,True
W1625,0.08,6,True
W1626,0.08,9,True
W1628,0.08,8,False
W1629,0.08,6,True
W1630,0.08,9,True
W1634,0.08,6,True
W1635,0.08,8,True
W1639,0.08,5,True
W164,0.08,10,False
W1640,0.08,7,True
W1643,0.08,8,False
W1644,0.08,6,True
W1645,0.08,9,True
W1647,0.08,8,False
W1649,0.08,6,True
W1652,0.08,9,True
W1655,0.08,8,False
W1656,0.08,9,True
W1659,0.08,8,False
W1664,0.08,7,True
W1665,0.08,11,False
W1671,0.08,7,False
W1674,0.08,11,False
W1676,0.08,7,False
W1679,0.08,12,False
W168,0.08,10,False
W1685,0.08,9,True
W1686,0.08,6,False
W1688,0.08,6,False
W1689,0.08,9,True
W169,0.08,8,False
W1690,0.08,6,False
W1693,0.08,7,False
W1698,0.08,9,True
W1699,0.08,7,False
W1701,0.08,9,True
W1703,0.08,8,True
W1705,0.08,7,True
W1707,0.08,12,False
W1708,0.08,7,True
W1709,0.08,9,True
W171,0.08,7,False
W1714,0.08,8,True
W172,0.08,11,False
W1722,0.08,8,True
W1723,0.08,8,False
W1728,0.08,11,False
W1729,0.08,9,True
W1735,0.08,9,True
W174,0.08,14,False
W1741,0.08,8,False
W1746,0.08,9,True
W1750,0.08,8,True
W1751,0.08,7,False
W1759,0.08,9,True
W176,0.08,6,False
W1761,0.08,7,True
W1764,0.08,9,True
W1766,0.08,7,True
W1768,0.08,9,True
W1769,0.08,5,False
W177,0.08,11,False
W1771,0.08,9,True
W1772,0.08,6,True
W1774,0.08,5,False
W1775,0.08,7,True
W1777,0.08,10,False
W1778,0.08,5,False
W178,0.08,6,False
W1780,0.08,5,False
W1782,0.08,10,False
W1784,0.08,7,False
W1787,0.08,4,False
W1788,0.08,9,True
W1790,0.08,7,False
W1791,0.08,5,False
W1792,0.08,9,True
W1794,0.08,12,False
W1795,0.08,10,True
W1797,0.08,8,True
W1798,0.08,0,False
W1799,0.08,5,False
W18,0.08,11,False
W180,0.08,6,False
W1800,0.08,10,True
W1801,0.08,5,False
W1802,0.08,9,True
W1803,0.08,13,False
W1806,0.08,12,False
W1807,0.08,9,True
W1808,0.08,7,True
W181,0.08,6,False
W1810,0.08,8,True
W1812,0.08,11,False
W1814,0.08,10,True
W1816,0.08,7,True
W1817,0.08,6,True
W1818,0.08,12,False
W1820,0.08,9,True
W1821,0.08,7,False
W1824,0.08,11,False
W1825,0.08,7,True
W1828,0.08,9,True
W1829,0.08,11,False
W183,0.08,7,False
W1831,0.08,7,True
W1833,0.08,12,False
W1837,0.08,10,True
W184,0.08,13,False
W1841,0.08,7,True
W1842,0.08,11,False
W1844,0.08,4,False
W1846,0.08,8,False
W1849,0.08,10,True
W1850,0.08,6,False
W1851,0.08,12,False
W1853,0.08,6,False
W1854,0.08,9,True
W1855,0.08,8,False
W1857,0.08,10,True
W1859,0.08,12,False
W1863,0.08,5,False
W1864,0.08,12,False
W1865,0.08,6,True
W1866,0.08,6,False
W1868,0.08,12,False
W187,0.08,0,False
W1870,0.08,7,False
W1874,0.08,12,False
W1875,0.08,6,False
W188,0.08,10,False
W1880,0.08,12,False
W1883,0.08,5,False
W1884,0.08,12,False
W1887,0.08,6,False
W1888,0.08,8,False
W189,0.08,0,False
W1892,0.08,6,False
W1895,0.08,5,False
W1896,0.08,12,False
W190,0.08,6,False
W1900,0.08,6,False
W1901,0.08,8,False
W1902,0.08,13,False
W191,0.08,0,False
W1910,0.08,13,False
W1913,0.08,12,False
W1914,0.08,7,False
W1918,0.08,12,False
W1929,0.08,12,False
W193,0.08,0,False
W1933,0.08,12,False
W1937,0.08,9,False
W194,0.08,10,False
W1941,0.08,5,False
W195,0.08,0,False
W196,0.08,12,False
W197,0.08,0,False
W1977,0.08,7,False
W1981,0.08,7,False
W1983,0.08,8,False
W199,0.08,0,False
W1990,0.08,11,False
W1992,0.08,11,False
W1996,0.08,8,False
W2,0.08,11,False
W20,0.08,11,False
W2001,0.08,6,False
W2003,0.08,4,False
W2006,0.08,11,False
W2009,0.08,9,False
W2010,0.08,5,False
W2011,0.08,7,False
W2013,0.08,10,False
W2014,0.08,10,False
W2015,0.08,10,False
W2016,0.08,3,False
W2017,0.08,4,False
W2020,0.08,6,False
W2023,0.08,5,False
W2024,0.08,12,False
W2026,0.08,8,False
W2027,0.08,8,False
W2028,0.08,13,False
W2029,0.08,7,False
W2032,0.08,9,False
W2037,0.08,8,False
W2038,0.08,9,False
W2040,0.08,5,False
W2041,0.08,7,False
W2042,0.08,5,False
W2043,0.08,9,False
W2044,0.08,7,False
W2045,0.08,8,False
W2048,0.08,8,False
W2049,0.08,9,False
W2050,0.08,11,False
W2051,0.08,10,False
W2053,0.08,7,False
W2054,0.08,5,False
W2055,0.08,7,False
W2057,0.08,9,False
W2058,0.08,9,False
W2059,0.08,8,False
W2060,0.08,6,False
W2065,0.08,7,False
W2069,0.08,11,False
W207,0.08,8,False
W2070,0.08,7,False
W2072,0.08,7,False
W2073,0.08,9,False
W2074,0.08,9,False
W2075,0.08,7,False
W2076,0.08,9,False
W2077,0.08,7,False
W2078,0.08,5,False
W2080,0.08,9,False
W2081,0.08,8,False
W2082,0.08,9,False
W2083,0.08,7,False
W2085,0.08,8,False
W2088,0.08,8,False
W2089,0.08,9,False
W2090,0.08,7,False
W2094,0.08,8,False
W2095,0.08,10,False
W2096,0.08,10,False
W2097,0.08,8,False
W2099,0.08,12,False
W21,0.08,10,False
W2100,0.08,8,False
W212,0.08,0,False
W2132,0.08,6,False
W2134,0.08,6,False
W2135,0.08,6,False
W2145,0.08,6,False
W2147,0.08,6,True
W2148,0.08,6,True
W2152,0.08,8,True
W2154,0.08,8,True
W2155,0.08,8,True
W2157,0.08,8,True
W2158,0.08,6,True
W2159,0.08,6,True
W2160,0.08,6,True
W2161,0.08,8,True
W2162,0.08,6,True
W2163,0.08,6,True
W2164,0.08,6,True
W2165,0.08,6,True
W2166,0.08,6,True
W2168,0.08,8,True
W217,0.08,0,False
W2170,0.08,6,True
W2171,0.08,7,True
W2174,0.08,8,True
W2175,0.08,8,True
W2176,0.08,6,True
W2177,0.08,7,True
W2178,0.08,8,True
W2179,0.08,8,True
W2180,0.08,8,True
W2181,0.08,6,True
W219,0.08,0,False
W220,0.08,11,False
W2206,0.08,6,False
W2208,0.08,6,False
W221,0.08,0,False
W2211,0.08,6,True
W2213,0.08,5,True
W2214,0.08,6,False
W2216,0.08,7,False
W2217,0.08,7,True
W2220,0.08,7,False
W2222,0.08,5,True
W2223,0.08,12,False
W2225,0.08,6,True
W2226,0.08,5,False
W2228,0.08,8,False
W2230,0.08,9,False
W2231,0.08,4,False
W2235,0.08,5,True
W2237,0.08,4,False
W224,0.08,11,False
W2242,0.08,7,False
W2247,0.08,7,False
W2249,0.08,8,True
W225,0.08,0,False
W2250,0.08,12,False
W2251,0.08,7,False
W2252,0.08,8,False
W2255,0.08,8,True
W2257,0.08,7,False
W226,0.08,0,False
W2260,0.08,8,True
W2262,0.08,7,False
W2263,0.08,5,False
W2265,0.08,10,False
W2266,0.08,5,False
W2268,0.08,5,True
W2269,0.08,5,False
W2270,0.08,8,True
W2273,0.08,10,False
W2274,0.08,7,True
W2275,0.08,8,True
W2276,0.08,7,False
W2277,0.08,9,False
W228,0.08,0,False
W2281,0.08,12,False
W2282,0.08,5,False
W2286,0.08,9,False
W2287,0.08,8,False
W2290,0.08,12,False
W2291,0.08,12,False
W2295,0.08,6,False
W2296,0.08,12,False
W2301,0.08,7,False
W2305,0.08,7,False
W2309,0.08,13,False
W231,0.08,13,False
W2310,0.08,7,False
W2312,0.08,6,False
W2313,0.08,12,False
W2315,0.08,8,False
W2316,0.08,7,False
W2317,0.08,8,False
W2326,0.08,6,False
W2327,0.08,11,False
W233,0.08,12,False
W2330,0.08,8,False
W2332,0.08,7,False
W2336,0.08,7,False
W2337,0.08,6,False
W2339,0.08,5,False
W234,0.08,0,False
W2342,0.08,9,False
W2348,0.08,8,False
W235,0.08,11,False
W2351,0.08,7,False
W2352,0.08,10,False
W2354,0.08,7,False
W2356,0.08,7,False
W2357,0.08,9,False
W2358,0.08,9,False
W236,0.08,0,False
W2360,0.08,6,False
W2361,0.08,9,False
W2362,0.08,11,False
W2363,0.08,10,False
W2367,0.08,7,False
W2368,0.08,7,False
W237,0.08,10,False
W2370,0.08,8,False
W2375,0.08,8,True
W2377,0.08,6,False
W2378,0.08,10,True
W2379,0.08,5,False
W238,0.08,0,False
W2381,0.08,7,True
W2383,0.08,6,False
W2384,0.08,7,True
W2387,0.08,7,False
W2392,0.08,10,True
W2395,0.08,7,False
W2397,0.08,6,False
W24,0.08,9,False
W240,0.08,0,False
W2400,0.08,9,True
W2402,0.08,8,True
W2404,0.08,6,False
W2405,0.08,10,True
W2407,0.08,6,False
W2409,0.08,8,False
W2410,0.08,6,True
W2412,0.08,12,False
W2417,0.08,7,False
W2418,0.08,8,True
W2420,0.08,6,False
W2422,0.08,6,False
W2423,0.08,6,False
W2424,0.08,8,True
W2427,0.08,7,False
W2428,0.08,12,False
W2429,0.08,6,False
W2431,0.08,6,False
W2432,0.08,6,True
W2435,0.08,6,False
W2436,0.08,6,False
W2437,0.08,6,False
W2439,0.08,7,False
W2440,0.08,6,True
W2441,0.08,6,False
W2443,0.08,6,False
W2445,0.08,7,False
W2446,0.08,9,False
W2447,0.08,6,False
W2448,0.08,4,False
W2449,0.08,10,True
W245,0.08,11,False
W2451,0.08,6,False
W2455,0.08,6,False
W2456,0.08,6,False
W2457,0.08,12,False
W2459,0.08,8,True
W2461,0.08,6,False
W2463,0.08,10,False
W2464,0.08,12,False
W2465,0.08,6,False
W2466,0.08,6,False
W2468,0.08,6,False
W2469,0.08,5,True
W247,0.08,0,False
W2471,0.08,6,False
W2474,0.08,8,False
W2475,0.08,6,False
W2476,0.08,6,False
W2477,0.08,6,False
W2478,0.08,5,False
W2479,0.08,9,True
W2481,0.08,8,False
W2482,0.08,6,False
W2484,0.08,9,False
W2485,0.08,6,True
W2486,0.08,11,False
W2487,0.08,10,False
W2488,0.08,6,False
W2489,0.08,8,True
W249,0.08,0,False
W2490,0.08,10,False
W2492,0.08,7,False
W2495,0.08,6,False
W2496,0.08,10,True
W2497,0.08,6,False
W2498,0.08,4,False
W25,0.08,14,False
W2504,0.08,6,False
W2507,0.08,6,False
W2509,0.08,7,True
W251,0.08,0,False
W2510,0.08,7,False
W2513,0.08,8,True
W2515,0.08,5,False
W2519,0.08,6,False
W2522,0.08,6,True
W2523,0.08,7,False
W2524,0.08,6,False
W2525,0.08,6,False
W2527,0.08,7,False
W2530,0.08,8,False
W2534,0.08,6,False
W2536,0.08,9,False
W2537,0.08,7,False
W2539,0.08,10,True
W2546,0.08,8,True
W2548,0.08,9,False
W2552,0.08,10,False
W2553,0.08,5,False
W2556,0.08,8,True
W2557,0.08,5,False
W2560,0.08,10,False
W2565,0.08,4,False
W2567,0.08,6,False
W2568,0.08,7,False
W2570,0.08,8,True
W2574,0.08,7,False
W2575,0.08,8,True
W2577,0.08,6,False
W2579,0.08,11,False
W2580,0.08,5,True
W2583,0.08,11,False
W2586,0.08,8,True
W2590,0.08,6,False
W2592,0.08,8,True
W2593,0.08,6,True
W2595,0.08,11,False
W2597,0.08,9,True
W2598,0.08,6,True
W2599,0.08,6,False
W2600,0.08,13,False
W2601,0.08,9,True
W2602,0.08,8,False
W2603,0.08,6,True
W2604,0.08,6,False
W2605,0.08,6,False
W2607,0.08,5,True
W2608,0.08,12,False
W2610,0.08,6,False
W2611,0.08,5,False
W2615,0.08,8,True
W2616,0.08,9,False
W262,0.08,0,False
W2622,0.08,6,False
W2623,0.08,5,True
W2624,0.08,10,True
W2625,0.08,7,False
W2626,0.08,6,False
W2627,0.08,7,False
W2628,0.08,10,True
W2632,0.08,5,True
W2635,0.08,6,False
W2638,0.08,6,False
W2642,0.08,4,True
W2646,0.08,4,False
W2648,0.08,6,False
W265,0.08,0,False
W2650,0.08,5,True
W2651,0.08,8,False
W2652,0.08,7,False
W2653,0.08,6,False
W2655,0.08,6,False
W2658,0.08,9,False
W2659,0.08,5,True
W2660,0.08,12,False
W2663,0.08,6,False
W2665,0.08,6,False
W2666,0.08,8,False
W2667,0.08,6,False
W267,0.08,0,False
W2670,0.08,4,False
W2671,0.08,3,True
W2672,0.08,9,False
W2676,0.08,8,False
W2677,0.08,7,False
W2679,0.08,6,False
W2681,0.08,9,False
W2683,0.08,5,False
W2685,0.08,5,True
W2687,0.08,5,False
W2689,0.08,5,True
W269,0.08,0,False
W2692,0.08,6,False
W2693,0.08,6,False
W2694,0.08,5,True
W2697,0.08,6,True
W2698,0.08,6,False
W27,0.08,10,False
W270,0.08,11,False
W2700,0.08,6,True
W2703,0.08,6,False
W2707,0.08,8,False
W2708,0.08,6,False
W271,0.08,0,False
W2710,0.08,6,False
W2712,0.08,6,True
W2713,0.08,6,False
W2715,0.08,4,False
W2719,0.08,6,True
W2720,0.08,6,False
W2722,0.08,6,False
W2724,0.08,6,False
W2725,0.08,7,True
W2730,0.08,12,False
W2734,0.08,6,False
W2735,0.08,6,True
W2736,0.08,6,False
W274,0.08,10,False
W2740,0.08,8,False
W2741,0.08,8,True
W2743,0.08,12,False
W2746,0.08,9,False
W2747,0.08,6,True
W275,0.08,0,False
W2750,0.08,5,False
W2751,0.08,6,False
W2752,0.08,8,False
W2753,0.08,8,False
W2758,0.08,9,False
W276,0.08,10,False
W2761,0.08,6,False
W2766,0.08,6,False
W2767,0.08,6,False
W2768,0.08,13,False
W277,0.08,0,False
W2771,0.08,5,True
W2774,0.08,12,False
W2778,0.08,6,False
W2779,0.08,7,True
W278,0.08,10,False
W2780,0.08,5,False
W2781,0.08,6,False
W2786,0.08,6,False
W2788,0.08,7,False
W2789,0.08,13,False
W2790,0.08,6,False
W2791,0.08,10,False
W2792,0.08,5,False
W2794,0.08,6,False
W2795,0.08,6,False
W2797,0.08,5,False
W28,0.08,11,False
W280,0.08,10,False
W2800,0.08,6,False
W2801,0.08,5,True
W2803,0.08,6,False
W2804,0.08,6,False
W2805,0.08,5,True
W2806,0.08,8,False
W281,0.08,10,False
W2812,0.08,6,False
W2813,0.08,6,False
W2814,0.08,7,True
W2816,0.08,10,False
W2818,0.08,5,True
W2820,0.08,6,False
W2822,0.08,6,False
W2824,0.08,6,False
W2825,0.08,12,False
W2827,0.08,6,False
W2828,0.08,5,True
W283,0.08,10,False
W2833,0.08,6,False
W2835,0.08,6,True
W2837,0.08,6,False
W2838,0.08,5,True
W284,0.08,0,False
W2840,0.08,7,False
W2842,0.08,8,False
W2843,0.08,4,False
W2845,0.08,6,False
W2846,0.08,6,True
W2850,0.08,7,False
W2851,0.08,6,True
W2853,0.08,6,False
W2855,0.08,12,False
W2856,0.08,7,False
W2857,0.08,6,False
W2859,0.08,5,True
W286,0.08,0,False
W2861,0.08,7,False
W2863,0.08,6,True
W2865,0.08,5,False
W2866,0.08,6,False
W2868,0.08,6,False
W2869,0.08,5,False
W2870,0.08,10,False
W2872,0.08,7,True
W2873,0.08,9,False
W2874,0.08,7,True
W2876,0.08,7,False
W2877,0.08,6,False
W288,0.08,0,False
W2880,0.08,6,False
W2881,0.08,7,False
W2883,0.08,10,False
W2884,0.08,4,True
W2885,0.08,11,False
W2886,0.08,4,True
W2887,0.08,6,False
W2888,0.08,6,True
W2889,0.08,7,False
W2892,0.08,6,False
W2893,0.08,6,True
W2894,0.08,7,False
W2895,0.08,12,False
W2897,0.08,7,False
W2898,0.08,6,True
W2900,0.08,7,False
W2902,0.08,6,False
W2903,0.08,8,True
W2904,0.08,5,False
W2907,0.08,6,False
W2910,0.08,7,False
W2911,0.08,4,False
W2913,0.08,8,True
W2914,0.08,9,False
W2916,0.08,6,False
W2917,0.08,6,True
W2918,0.08,8,False
W2919,0.08,3,False
W292,0.08,12,False
W2920,0.08,6,False
W2921,0.08,7,False
W2923,0.08,7,False
W2924,0.08,6,False
W2925,0.08,12,False
W2927,0.08,6,False
W2929,0.08,7,False
W2930,0.08,5,True
W2933,0.08,10,False
W2934,0.08,5,False
W2936,0.08,9,False
W2938,0.08,7,False
W2939,0.08,12,False
W2941,0.08,7,True
W2942,0.08,8,False
W2944,0.08,11,False
W2945,0.08,6,False
W2946,0.08,9,False
W2947,0.08,9,False
W2948,0.08,10,False
W295,0.08,0,False
W2950,0.08,7,False
W2951,0.08,8,False
W2952,0.08,8,False
W2954,0.08,10,False
W2958,0.08,8,False
W2959,0.08,9,False
W296,0.08,0,False
W2963,0.08,7,False
W2964,0.08,7,False
W2966,0.08,4,False
W2967,0.08,6,False
W2968,0.08,8,False
W2970,0.08,6,False
W2971,0.08,7,False
W2972,0.08,6,False
W2973,0.08,5,False
W2974,0.08,7,False
W2975,0.08,6,False
W2978,0.08,6,False
W2979,0.08,6,False
W298,0.08,0,False
W2982,0.08,6,False
W2983,0.08,6,False
W2985,0.08,10,False
W2986,0.08,7,False
W2987,0.08,5,False
W299,0.08,10,False
W2991,0.08,7,False
W2992,0.08,7,False
W2995,0.08,8,False
W2996,0.08,8,False
W2997,0.08,7,False
W2998,0.08,7,False
W2999,0.08,7,False
W3,0.08,15,False
W30,0.08,11,False
W300,0.08,10,False
W301,0.08,10,False
W3012,0.08,9,False
W3013,0.08,7,False
W3020,0.08,6,False
W3021,0.08,9,False
W3024,0.08,10,False
W3029,0.08,10,False
W3030,0.08,12,False
W3031,0.08,9,False
W3032,0.08,9,False
W3034,0.08,14,False
W3035,0.08,7,False
W3038,0.08,11,False
W3039,0.08,12,False
W3042,0.08,4,False
W3043,0.08,7,False
W3046,0.08,7,False
W3047,0.08,5,False
W3050,0.08,7,False
W3052,0.08,9,False
W3054,0.08,9,False
W3055,0.08,12,False
W3056,0.08,9,False
W3058,0.08,12,False
W3059,0.08,8,False
W3060,0.08,14,False
W3061,0.08,9,False
W3062,0.08,7,False
W3063,0.08,11,False
W3066,0.08,12,False
W3067,0.08,6,False
W3071,0.08,12,False
W3074,0.08,8,False
W3075,0.08,8,False
W3079,0.08,6,False
W3085,0.08,8,False
W3086,0.08,7,False
W309,0.08,7,False
W3094,0.08,8,False
W3095,0.08,7,False
W3096,0.08,8,False
W3102,0.08,7,False
W3103,0.08,8,False
W3105,0.08,10,False
W3107,0.08,7,False
W311,0.08,10,False
W3110,0.08,7,False
W3115,0.08,10,False
W3117,0.08,7,False
W3119,0.08,7,False
W312,0.08,10,False
W3123,0.08,5,False
W3124,0.08,8,False
W3125,0.08,5,True
W3127,0.08,10,False
W3128,0.08,7,False
W3129,0.08,7,False
W3130,0.08,10,False
W3133,0.08,5,False
W3134,0.08,10,False
W3136,0.08,4,True
W3137,0.08,7,False
W314,0.08,14,False
W3141,0.08,3,False
W3143,0.08,7,False
W3152,0.08,9,False
W3155,0.08,8,False
W3156,0.08,9,False
W3157,0.08,8,False
W3160,0.08,6,True
W3164,0.08,5,True
W3166,0.08,10,False
W3168,0.08,9,False
W3169,0.08,5,True
W3174,0.08,10,False
W3175,0.08,5,True
W3177,0.08,8,False
W3180,0.08,10,False
W3181,0.08,7,False
W3185,0.08,6,False
W3190,0.08,10,False
W3191,0.08,3,False
W3194,0.08,10,False
W3197,0.08,8,False
W3198,0.08,8,False
W3199,0.08,6,False
W3206,0.08,7,False
W3211,0.08,10,False
W3215,0.08,10,False
W3216,0.08,5,False
W3222,0.08,10,False
W3223,0.08,5,True
W3224,0.08,7,False
W3230,0.08,7,False
W3232,0.08,10,False
W3235,0.08,7,False
W3238,0.08,11,False
W324,0.08,8,False
W3240,0.08,5,False
W3243,0.08,5,False
W3244,0.08,10,False
W3247,0.08,9,False
W3248,0.08,9,False
W3254,0.08,7,False
W3255,0.08,5,True
W3256,0.08,7,False
W3262,0.08,7,False
W3266,0.08,7,False
W3267,0.08,7,False
W3268,0.08,9,False
W327,0.08,10,False
W3274,0.08,2,False
W3276,0.08,7,False
W3277,0.08,6,False
W3281,0.08,10,False
W3282,0.08,4,False
W3283,0.08,8,False
W3285,0.08,6,False
W3287,0.08,9,False
W3290,0.08,6,False
W3292,0.08,7,False
W3293,0.08,7,False
W3294,0.08,9,False
W3296,0.08,7,False
W3299,0.08,5,False
W33,0.08,11,False
W330,0.08,10,False
W3301,0.08,7,False
W3305,0.08,7,False
W3308,0.08,6,False
W3311,0.08,8,False
W3314,0.08,7,False
W3315,0.08,7,False
W3321,0.08,7,False
W3323,0.08,7,False
W333,0.08,10,False
W3335,0.08,7,False
W3336,0.08,7,False
W3338,0.08,7,False
W334,0.08,10,False
W3340,0.08,7,False
W3345,0.08,7,False
W3348,0.08,9,False
W3350,0.08,9,False
W3351,0.08,7,False
W3354,0.08,10,False
W3358,0.08,7,False
W3360,0.08,6,True
W3364,0.08,9,False
W3365,0.08,9,False
W337,0.08,10,False
W3373,0.08,9,False
W3374,0.08,10,False
W3375,0.08,7,False
W3377,0.08,9,False
W338,0.08,10,False
W3380,0.08,7,False
W3384,0.08,7,False
W3389,0.08,11,False
W3392,0.08,8,False
W3393,0.08,8,False
W3394,0.08,7,False
W3395,0.08,7,False
W3396,0.08,7,False
W3398,0.08,7,False
W340,0.08,10,False
W3400,0.08,7,False
W3401,0.08,11,False
W3406,0.08,7,False
W3408,0.08,10,False
W341,0.08,10,False
W3410,0.08,6,False
W3411,0.08,7,False
W3413,0.08,7,False
W3423,0.08,10,False
W3425,0.08,10,False
W3428,0.08,7,False
W343,0.08,8,False
W3436,0.08,10,False
W3438,0.08,9,False
W3440,0.08,6,False
W3442,0.08,10,False
W3446,0.08,7,False
W3447,0.08,4,False
W3449,0.08,6,False
W3453,0.08,7,False
W3456,0.08,7,False
W3459,0.08,6,False
W3463,0.08,5,False
W3464,0.08,8,False
W3465,0.08,10,False
W3468,0.08,6,False
W3472,0.08,7,False
W3476,0.08,7,False
W3477,0.08,7,False
W3479,0.08,9,False
W348,0.08,8,False
W3482,0.08,7,False
W3484,0.08,9,False
W3485,0.08,8,False
W349,0.08,10,False
W3497,0.08,5,False
W3501,0.08,9,False
W3502,0.08,7,False
W3503,0.08,6,False
W3506,0.08,7,False
W351,0.08,10,False
W352,0.08,10,False
W3521,0.08,12,False
W3522,0.08,5,True
W3525,0.08,8,False
W3531,0.08,11,False
W3534,0.08,7,False
W3535,0.08,6,False
W3539,0.08,6,True
W3540,0.08,8,False
W3543,0.08,11,False
W3545,0.08,9,False
W3548,0.08,5,True
W3551,0.08,8,False
W3557,0.08,5,True
W3560,0.08,7,False
W3561,0.08,12,False
W3566,0.08,9,False
W3567,0.08,6,False
W3568,0.08,6,False
W3569,0.08,5,True
W357,0.08,14,False
W3571,0.08,7,False
W3572,0.08,7,False
W3573,0.08,6,False
W3577,0.08,7,False
W3578,0.08,7,False
W3581,0.08,7,False
W3592,0.08,11,False
W36,0.08,10,False
W3602,0.08,7,False
W3605,0.08,9,True
W3610,0.08,6,False
W3611,0.08,8,False
W3614,0.08,9,False
W3615,0.08,8,False
W3616,0.08,10,True
W3619,0.08,9,False
W3627,0.08,11,False
W3629,0.08,11,False
W363,0.08,12,False
W3635,0.08,11,False
W3636,0.08,9,False
W3638,0.08,12,False
W364,0.08,7,False
W3643,0.08,9,False
W3647,0.08,7,False
W365,0.08,8,False
W3650,0.08,12,False
W3657,0.08,8,False
W3658,0.08,7,False
W3660,0.08,13,False
W3663,0.08,11,False
W3667,0.08,12,False
W367,0.08,10,False
W3670,0.08,11,False
W3671,0.08,11,False
W3672,0.08,7,False
W3676,0.08,10,False
W3677,0.08,8,False
W368,0.08,10,False
W3682,0.08,7,False
W3683,0.08,12,False
W3684,0.08,13,False
W3685,0.08,8,False
W3687,0.08,13,False
W369,0.08,10,False
W3691,0.08,9,False
W3692,0.08,9,False
W3693,0.08,7,False
W3697,0.08,11,False
W3699,0.08,9,False
W37,0.08,10,False
W370,0.08,11,False
W3705,0.08,11,False
W3707,0.08,5,True
W3711,0.08,7,False
W3712,0.08,7,False
W3713,0.08,7,False
W3714,0.08,9,False
W3715,0.08,7,True
W3717,0.08,7,False
W3722,0.08,9,False
W3723,0.08,7,False
W3730,0.08,7,False
W3731,0.08,10,False
W3738,0.08,9,False
W3739,0.08,4,True
W374,0.08,8,False
W3740,0.08,7,False
W3743,0.08,7,False
W3744,0.08,7,False
W3745,0.08,10,False
W3746,0.08,7,False
W3747,0.08,9,False
W3748,0.08,9,False
W375,0.08,9,False
W3751,0.08,10,False
W3753,0.08,4,True
W3759,0.08,5,True
W3760,0.08,9,False
W3764,0.08,7,False
W3765,0.08,9,False
W3769,0.08,5,True
W3771,0.08,10,False
W3773,0.08,10,False
W3775,0.08,8,False
W3777,0.08,9,False
W378,0.08,12,False
W3781,0.08,7,False
W3789,0.08,9,False
W379,0.08,10,False
W3791,0.08,7,False
W3792,0.08,8,False
W3794,0.08,7,False
W3796,0.08,8,False
W3800,0.08,10,False
W3802,0.08,7,False
W3803,0.08,7,True
W3805,0.08,10,False
W3807,0.08,9,False
W3808,0.08,10,False
W3814,0.08,6,False
W3815,0.08,9,False
W3816,0.08,7,True
W382,0.08,11,False
W3820,0.08,7,False
W3821,0.08,5,False
W3822,0.08,7,True
W3823,0.08,9,False
W3825,0.08,7,False
W3826,0.08,8,False
W3827,0.08,6,False
W3828,0.08,7,False
W3829,0.08,8,False
W3831,0.08,7,False
W3832,0.08,7,False
W3834,0.08,7,True
W3835,0.08,6,False
W3837,0.08,6,False
W3838,0.08,8,False
W3840,0.08,12,False
W3841,0.08,6,False
W3844,0.08,7,False
W3845,0.08,6,False
W3846,0.08,5,True
W3847,0.08,14,False
W3848,0.08,9,False
W385,0.08,10,False
W3850,0.08,7,False
W3854,0.08,5,True
W3856,0.08,7,False
W3857,0.08,7,False
W3858,0.08,7,False
W386,0.08,10,False
W3860,0.08,11,False
W3861,0.08,6,True
W3865,0.08,7,False
W3869,0.08,9,False
W3874,0.08,7,False
W3876,0.08,8,False
W3877,0.08,5,True
W3878,0.08,6,False
W388,0.08,11,False
W3880,0.08,7,True
W3884,0.08,7,False
W3888,0.08,7,True
W3894,0.08,7,False
W3895,0.08,7,True
W3896,0.08,9,False
W3897,0.08,6,True
W3902,0.08,7,False
W3905,0.08,7,True
W3912,0.08,4,True
W3915,0.08,5,True
W3916,0.08,8,False
W3918,0.08,7,False
W3919,0.08,6,False
W3924,0.08,7,False
W3925,0.08,7,True
W3926,0.08,11,False
W3927,0.08,5,True
W3929,0.08,7,True
W3932,0.08,9,False
W3935,0.08,5,False
W3937,0.08,6,True
W3941,0.08,6,False
W3944,0.08,9,False
W3945,0.08,7,True
W3946,0.08,6,True
W3948,0.08,14,False
W3949,0.08,6,False
W3953,0.08,6,True
W3958,0.08,6,True
W3960,0.08,4,True
W3963,0.08,7,False
W3964,0.08,6,False
W3969,0.08,6,True
W3973,0.08,7,False
W3975,0.08,6,False
W3976,0.08,8,False
W3978,0.08,9,True
W3979,0.08,8,False
W3981,0.08,7,True
W3983,0.08,5,False
W3985,0.08,9,True
W3986,0.08,10,False
W3988,0.08,9,True
W3989,0.08,10,False
W3990,0.08,6,False
W3994,0.08,5,True
W3995,0.08,6,False
W3996,0.08,5,True
W3998,0.08,6,True
W3999,0.08,9,True
W4000,0.08,5,True
W4009,0.08,5,True
W4011,0.08,11,False
W4016,0.08,5,False
W4019,0.08,10,True
W402,0.08,11,False
W4026,0.08,10,True
W4027,0.08,10,True
W4028,0.08,10,True
W4029,0.08,9,True
W403,0.08,10,False
W4031,0.08,10,True
W4032,0.08,9,False
W4033,0.08,10,True
W4034,0.08,9,True
W4035,0.08,9,True
W4036,0.08,6,True
W4037,0.08,9,True
W4038,0.08,9,True
W4039,0.08,10,True
W404,0.08,12,False
W4040,0.08,10,True
W4041,0.08,10,True
W4042,0.08,10,True
W4043,0.08,10,True
W4045,0.08,7,True
W4047,0.08,6,False
W4049,0.08,7,True
W405,0.08,12,False
W4050,0.08,6,False
W4051,0.08,5,True
W4052,0.08,5,True
W4053,0.08,6,False
W4054,0.08,6,False
W4055,0.08,6,False
W4056,0.08,6,False
W406,0.08,14,False
W4060,0.08,6,False
W4061,0.08,11,False
W4062,0.08,6,False
W4064,0.08,7,True
W4065,0.08,7,True
W4067,0.08,7,True
W4068,0.08,6,False
W4076,0.08,6,True
W4080,0.08,9,True
W4082,0.08,10,True
W4084,0.08,10,True
W4085,0.08,10,True
W4087,0.08,7,True
W4088,0.08,7,True
W4089,0.08,7,True
W4090,0.08,4,False
W4091,0.08,6,False
W4092,0.08,3,True
W4093,0.08,4,True
W4095,0.08,4,True
W4097,0.08,5,True
W4098,0.08,5,True
W4099,0.08,5,True
W4100,0.08,5,True
W4101,0.08,5,False
W4103,0.08,5,True
W4104,0.08,5,True
W4105,0.08,5,True
W4106,0.08,5,True
W4107,0.08,5,True
W4108,0.08,3,True
W4109,0.08,9,True
W411,0.08,9,False
W4110,0.08,9,True
W4111,0.08,7,True
W4115,0.08,7,True
W4116,0.08,5,True
W4119,0.08,10,True
W412,0.08,9,False
W4121,0.08,10,True
W413,0.08,9,False
W4130,0.08,9,True
W4131,0.08,5,True
W4132,0.08,6,True
W4133,0.08,9,False
W4134,0.08,5,False
W4135,0.08,9,False
W4137,0.08,5,False
W4138,0.08,9,False
W4139,0.08,9,False
W4140,0.08,9,False
W4141,0.08,6,False
W4148,0.08,9,False
W4149,0.08,6,False
W415,0.08,11,False
W4150,0.08,6,False
W4151,0.08,9,False
W4152,0.08,9,False
W4154,0.08,9,False
W4155,0.08,7,False
W4156,0.08,10,False
W4157,0.08,7,False
W4158,0.08,9,False
W4159,0.08,9,False
W4160,0.08,9,False
W4162,0.08,5,False
W4164,0.08,8,False
W4166,0.08,9,False
W4167,0.08,7,False
W4168,0.08,7,False
W4169,0.08,9,False
W4171,0.08,9,False
W4174,0.08,6,False
W4175,0.08,9,False
W4176,0.08,8,False
W4177,0.08,9,False
W4178,0.08,9,False
W4179,0.08,7,False
W4180,0.08,9,False
W4181,0.08,9,False
W4183,0.08,8,False
W4191,0.08,14,False
W4192,0.08,15,False
W4196,0.08,12,False
W420,0.08,10,False
W4200,0.08,0,False
W4201,0.08,15,False
W4203,0.08,13,False
W4204,0.08,14,False
W4206,0.08,12,False
W4207,0.08,11,False
W4208,0.08,11,False
W4209,0.08,10,False
W4211,0.08,12,False
W4212,0.08,12,False
W4215,0.08,0,False
W4216,0.08,14,False
W4217,0.08,0,False
W4218,0.08,14,False
W4226,0.08,7,False
W4228,0.08,10,True
W4229,0.08,10,True
W4230,0.08,5,False
W4234,0.08,6,False
W4238,0.08,7,False
W4240,0.08,10,True
W4241,0.08,5,True
W4245,0.08,9,True
W4247,0.08,9,True
W4248,0.08,11,False
W4249,0.08,9,True
W4251,0.08,9,True
W4252,0.08,9,True
W4253,0.08,5,False
W4255,0.08,9,True
W4256,0.08,9,True
W4257,0.08,9,True
W4258,0.08,8,True
W4259,0.08,3,False
W426,0.08,10,False
W4260,0.08,9,True
W4261,0.08,9,True
W4262,0.08,8,True
W4265,0.08,5,True
W4266,0.08,9,True
W4267,0.08,5,True
W4268,0.08,5,False
W4269,0.08,10,True
W427,0.08,11,False
W4270,0.08,9,True
W4271,0.08,8,True
W4272,0.08,8,True
W4273,0.08,6,False
W4274,0.08,8,False
W4275,0.08,8,True
W4276,0.08,9,True
W4277,0.08,6,True
W428,0.08,10,False
W4280,0.08,7,True
W4282,0.08,8,True
W4283,0.08,12,False
W4284,0.08,7,True
W4286,0.08,8,True
W4287,0.08,7,True
W4289,0.08,5,True
W4290,0.08,8,True
W4291,0.08,5,True
W4293,0.08,8,True
W4295,0.08,9,True
W4299,0.08,9,True
W4301,0.08,10,True
W4303,0.08,7,True
W4304,0.08,5,False
W4305,0.08,9,True
W4306,0.08,9,True
W4308,0.08,10,True
W4309,0.08,9,True
W4311,0.08,11,False
W4312,0.08,7,True
W4313,0.08,6,False
W4314,0.08,7,True
W4316,0.08,9,True
W4317,0.08,8,False
W4319,0.08,7,True
W4320,0.08,9,True
W4321,0.08,9,True
W4323,0.08,6,True
W4324,0.08,9,False
W4325,0.08,9,True
W4326,0.08,7,True
W4328,0.08,7,True
W4330,0.08,7,True
W4332,0.08,6,True
W4333,0.08,8,False
W4335,0.08,9,True
W4336,0.08,10,True
W4337,0.08,8,True
W4340,0.08,9,True
W4341,0.08,9,True
W4342,0.08,9,True
W4343,0.08,7,True
W4344,0.08,7,True
W4345,0.08,9,True
W4346,0.08,10,True
W4347,0.08,5,False
W4348,0.08,11,True
W4350,0.08,7,True
W4353,0.08,8,True
W4355,0.08,10,True
W4356,0.08,8,True
W4358,0.08,7,True
W4361,0.08,9,True
W4362,0.08,9,True
W4364,0.08,7,True
W4366,0.08,9,True
W4367,0.08,10,True
W4368,0.08,8,True
W4369,0.08,8,False
W4371,0.08,9,True
W4372,0.08,7,True
W4374,0.08,10,True
W4376,0.08,9,True
W4377,0.08,8,True
W4379,0.08,11,True
W4380,0.08,9,True
W4381,0.08,9,False
W4385,0.08,9,True
W4386,0.08,7,False
W4389,0.08,10,False
W4391,0.08,5,True
W4393,0.08,13,False
W4396,0.08,10,True
W4397,0.08,9,True
W4398,0.08,6,False
W4399,0.08,5,True
W4400,0.08,10,True
W4403,0.08,5,True
W4404,0.08,10,True
W4405,0.08,6,True
W4406,0.08,9,True
W4407,0.08,6,True
W4409,0.08,8,True
W4411,0.08,14,False
W4412,0.08,5,True
W4413,0.08,9,True
W4415,0.08,9,True
W4416,0.08,5,False
W4419,0.08,11,False
W442,0.08,11,False
W4420,0.08,8,True
W4424,0.08,5,True
W4428,0.08,6,True
W4431,0.08,5,True
W4432,0.08,8,True
W4435,0.08,9,False
W4438,0.08,9,True
W4439,0.08,9,False
W4441,0.08,10,True
W4442,0.08,11,False
W4443,0.08,6,True
W4445,0.08,9,False
W4447,0.08,11,False
W4448,0.08,6,True
W4449,0.08,7,True
W4452,0.08,6,True
W4455,0.08,11,True
W4457,0.08,10,True
W4458,0.08,7,False
W4459,0.08,6,True
W4461,0.08,7,False
W4464,0.08,6,True
W4466,0.08,10,True
W4468,0.08,8,True
W4469,0.08,10,True
W4471,0.08,8,True
W4473,0.08,6,True
W4474,0.08,7,True
W4475,0.08,6,False
W4476,0.08,8,True
W4477,0.08,6,True
W4481,0.08,8,False
W4484,0.08,2,False
W4485,0.08,10,True
W4487,0.08,6,True
W4488,0.08,10,True
W4490,0.08,10,True
W4491,0.08,10,False
W4495,0.08,9,True
W4499,0.08,5,True
W4500,0.08,10,True
W4502,0.08,9,True
W4503,0.08,7,True
W4505,0.08,6,False
W4506,0.08,5,False
W4509,0.08,7,True
W4510,0.08,6,False
W4513,0.08,4,True
W4516,0.08,7,True
W4517,0.08,6,False
W4519,0.08,10,True
W452,0.08,10,False
W4520,0.08,5,True
W4522,0.08,6,False
W4523,0.08,7,True
W4524,0.08,10,True
W4525,0.08,6,True
W4526,0.08,11,True
W4528,0.08,10,True
W4530,0.08,7,True
W4531,0.08,7,True
W4532,0.08,9,False
W4533,0.08,5,False
W4534,0.08,11,False
W4536,0.08,9,True
W4537,0.08,7,False
W4538,0.08,7,True
W4539,0.08,4,False
W4540,0.08,6,True
W4541,0.08,6,False
W4542,0.08,9,True
W4543,0.08,10,True
W4545,0.08,9,False
W4548,0.08,5,False
W4549,0.08,9,True
W4550,0.08,10,True
W4551,0.08,6,False
W4553,0.08,9,True
W4554,0.08,6,False
W4557,0.08,10,True
W4558,0.08,7,True
W4561,0.08,6,True
W4562,0.08,9,True
W4563,0.08,10,True
W4565,0.08,8,False
W4570,0.08,10,True
W4571,0.08,10,True
W4572,0.08,6,False
W4574,0.08,7,True
W4575,0.08,7,True
W4578,0.08,9,False
W4579,0.08,6,True
W4583,0.08,7,True
W4584,0.08,8,False
W4588,0.08,6,False
W4590,0.08,10,True
W4591,0.08,7,True
W4593,0.08,6,True
W4596,0.08,6,True
W4597,0.08,8,False
W4598,0.08,7,True
W4599,0.08,6,False
W46,0.08,0,False
W4601,0.08,6,False
W4603,0.08,4,False
W4606,0.08,6,True
W4607,0.08,6,False
W4609,0.08,10,True
W4610,0.08,10,True
W4611,0.08,5,False
W4612,0.08,9,False
W4616,0.08,7,True
W4618,0.08,7,True
W4619,0.08,10,True
W4620,0.08,11,True
W4621,0.08,9,False
W4622,0.08,5,True
W4624,0.08,9,True
W4626,0.08,5,False
W4629,0.08,5,True
W4634,0.08,9,True
W4636,0.08,3,True
W4637,0.08,6,True
W4642,0.08,5,True
W4643,0.08,9,True
W4647,0.08,10,True
W4648,0.08,8,False
W4649,0.08,9,True
W465,0.08,10,False
W4650,0.08,9,True
W4651,0.08,6,True
W4652,0.08,7,False
W4653,0.08,7,True
W4656,0.08,9,True
W4657,0.08,9,True
W4659,0.08,9,True
W4660,0.08,9,True
W4663,0.08,8,False
W4664,0.08,9,True
W4665,0.08,9,True
W4667,0.08,9,True
W4671,0.08,9,False
W4672,0.08,8,True
W4675,0.08,9,False
W4677,0.08,13,False
W4678,0.08,8,False
W4679,0.08,10,True
W4680,0.08,8,True
W4683,0.08,9,True
W4686,0.08,9,False
W4687,0.08,10,True
W469,0.08,9,False
W4690,0.08,2,False
W4692,0.08,8,True
W4694,0.08,8,False
W4696,0.08,7,False
W470,0.08,10,False
W4700,0.08,8,True
W4702,0.08,7,False
W4704,0.08,5,True
W4705,0.08,8,False
W4707,0.08,9,True
W4708,0.08,7,True
W471,0.08,10,False
W4714,0.08,9,True
W4715,0.08,7,True
W4716,0.08,11,False
W4718,0.08,10,True
W472,0.08,11,False
W4721,0.08,6,False
W4724,0.08,4,True
W4725,0.08,7,True
W4727,0.08,9,False
W4728,0.08,6,False
W4729,0.08,10,True
W473,0.08,10,False
W4730,0.08,8,False
W4733,0.08,7,False
W4734,0.08,7,True
W4735,0.08,7,True
W4736,0.08,5,False
W4737,0.08,7,True
W4739,0.08,9,True
W474,0.08,10,False
W4741,0.08,10,True
W4743,0.08,7,False
W4744,0.08,7,True
W4746,0.08,9,True
W4747,0.08,7,True
W4748,0.08,5,False
W4751,0.08,6,True
W4752,0.08,7,True
W4753,0.08,5,False
W4754,0.08,10,True
W4755,0.08,8,True
W4756,0.08,11,False
W4757,0.08,9,False
W4759,0.08,6,False
W4760,0.08,7,False
W4765,0.08,10,True
W4767,0.08,5,False
W4770,0.08,8,True
W4775,0.08,8,True
W4780,0.08,6,False
W4782,0.08,6,False
W4783,0.08,6,False
W4784,0.08,8,True
W4787,0.08,6,False
W4789,0.08,4,False
W4791,0.08,6,False
W4792,0.08,8,True
W4794,0.08,11,False
W4796,0.08,6,False
W4797,0.08,5,True
W4798,0.08,4,True
W4799,0.08,6,True
W4802,0.08,6,True
W4805,0.08,5,True
W4806,0.08,5,True
W4807,0.08,5,False
W4808,0.08,6,False
W481,0.08,9,False
W4810,0.08,5,True
W4811,0.08,7,True
W4813,0.08,6,True
W4814,0.08,4,False
W4815,0.08,6,False
W4817,0.08,10,True
W4819,0.08,7,True
W4821,0.08,6,True
W4822,0.08,5,True
W4827,0.08,6,True
W4828,0.08,5,True
W4829,0.08,11,True
W483,0.08,7,False
W4831,0.08,9,True
W4832,0.08,6,False
W4833,0.08,9,True
W4834,0.08,13,False
W4835,0.08,6,True
W4836,0.08,6,True
W4837,0.08,7,False
W4840,0.08,6,True
W4841,0.08,10,True
W4842,0.08,9,False
W4846,0.08,7,True
W4849,0.08,9,True
W485,0.08,10,False
W4850,0.08,7,False
W4851,0.08,9,True
W4852,0.08,5,False
W4853,0.08,8,True
W4854,0.08,8,True
W4855,0.08,10,True
W4857,0.08,9,False
W4858,0.08,6,True
W486,0.08,10,False
W4860,0.08,9,True
W4862,0.08,8,True
W4865,0.08,10,False
W4869,0.08,4,True
W487,0.08,10,False
W4870,0.08,9,True
W4871,0.08,9,True
W4875,0.08,6,False
W4878,0.08,8,True
W488,0.08,10,False
W4882,0.08,10,True
W4884,0.08,6,True
W4888,0.08,6,False
W489,0.08,10,False
W4890,0.08,8,True
W4892,0.08,9,True
W4893,0.08,9,True
W4895,0.08,10,True
W4899,0.08,8,True
W49,0.08,0,False
W490,0.08,10,False
W4900,0.08,7,True
W4901,0.08,9,True
W4907,0.08,8,True
W491,0.08,10,False
W4913,0.08,7,True
W4914,0.08,8,True
W4915,0.08,10,True
W4916,0.08,9,True
W4918,0.08,7,True
W4919,0.08,6,False
W492,0.08,7,False
W4920,0.08,8,True
W4921,0.08,8,True
W4923,0.08,10,True
W4924,0.08,11,False
W4926,0.08,8,True
W4928,0.08,5,True
W493,0.08,10,False
W4930,0.08,9,True
W4932,0.08,5,True
W4934,0.08,9,True
W4939,0.08,9,True
W4944,0.08,7,True
W4945,0.08,7,True
W4946,0.08,8,True
W4947,0.08,9,False
W4949,0.08,9,True
W4950,0.08,9,True
W4952,0.08,9,False
W4957,0.08,9,False
W4958,0.08,6,True
W496,0.08,10,False
W4964,0.08,5,False
W4967,0.08,4,True
W4968,0.08,7,False
W4969,0.08,5,False
W497,0.08,10,False
W4973,0.08,8,True
W4974,0.08,8,True
W4976,0.08,8,True
W4979,0.08,6,True
W4984,0.08,4,True
W4988,0.08,4,True
W4990,0.08,8,True
W4991,0.08,6,False
W4992,0.08,9,True
W4993,0.08,9,True
W4994,0.08,11,False
W4997,0.08,8,True
W4998,0.08,8,True
W4999,0.08,8,True
W5002,0.08,7,True
W5005,0.08,5,False
W5007,0.08,4,False
W5008,0.08,6,False
W5009,0.08,6,False
W5010,0.08,6,False
W5013,0.08,6,False
W5014,0.08,6,False
W5015,0.08,6,False
W5016,0.08,5,False
W5018,0.08,8,False
W5019,0.08,6,False
W5020,0.08,6,False
W5021,0.08,2,False
W5022,0.08,3,False
W5025,0.08,6,False
W5028,0.08,6,False
W5029,0.08,6,False
W503,0.08,3,False
W5030,0.08,8,False
W5031,0.08,6,False
W5032,0.08,6,False
W5033,0.08,10,False
W5034,0.08,7,False
W5035,0.08,2,False
W5037,0.08,9,False
W504,0.08,6,False
W5040,0.08,10,False
W5045,0.08,7,False
W5048,0.08,5,False
W5049,0.08,4,False
W505,0.08,6,False
W5050,0.08,5,False
W5053,0.08,5,False
W5055,0.08,5,False
W5056,0.08,5,False
W5057,0.08,5,False
W5058,0.08,5,False
W5059,0.08,5,False
W506,0.08,6,False
W5062,0.08,4,False
W5063,0.08,6,False
W5064,0.08,6,False
W5065,0.08,6,False
W5066,0.08,7,False
W5067,0.08,6,False
W507,0.08,6,False
W5073,0.08,6,False
W5076,0.08,6,False
W5084,0.08,8,False
W5087,0.08,7,False
W509,0.08,6,False
W51,0.08,5,False
W5103,0.08,6,True
W5104,0.08,10,True
W5106,0.08,7,False
W5108,0.08,7,False
W5110,0.08,6,True
W5112,0.08,7,False
W5113,0.08,8,False
W5117,0.08,6,False
W5118,0.08,6,True
W512,0.08,9,False
W5121,0.08,6,True
W5123,0.08,6,False
W5125,0.08,15,False
W513,0.08,6,False
W5132,0.08,6,True
W5134,0.08,13,False
W5137,0.08,6,False
W5138,0.08,7,True
W514,0.08,5,False
W5142,0.08,6,True
W5146,0.08,7,False
W515,0.08,6,False
W5151,0.08,6,True
W5155,0.08,7,False
W5157,0.08,8,False
W5158,0.08,14,False
W516,0.08,6,False
W5162,0.08,13,False
W5163,0.08,10,False
W5165,0.08,7,True
W5166,0.08,6,True
W5167,0.08,6,True
W5168,0.08,6,True
W5169,0.08,6,True
W5170,0.08,6,True
W5171,0.08,6,True
W5173,0.08,6,True
W5174,0.08,7,True
W5176,0.08,6,True
W5177,0.08,6,True
W5178,0.08,6,True
W5179,0.08,6,True
W518,0.08,6,False
W5180,0.08,6,True
W5181,0.08,6,True
W5189,0.08,6,True
W519,0.08,5,False
W5190,0.08,11,False
W5191,0.08,6,False
W5192,0.08,6,False
W5193,0.08,6,True
W5194,0.08,9,True
W5195,0.08,6,True
W5196,0.08,6,True
W5197,0.08,6,True
W5198,0.08,7,True
W5201,0.08,6,True
W5203,0.08,5,True
W5205,0.08,12,False
W5209,0.08,6,True
W5213,0.08,6,True
W5214,0.08,6,True
W5215,0.08,6,True
W5216,0.08,6,True
W5219,0.08,6,True
W5220,0.08,6,True
W5221,0.08,6,True
W5222,0.08,6,True
W5223,0.08,6,True
W5224,0.08,6,True
W5226,0.08,7,True
W5227,0.08,5,True
W5228,0.08,6,True
W5229,0.08,6,True
W5230,0.08,6,True
W5233,0.08,6,True
W5234,0.08,6,True
W5240,0.08,6,True
W5243,0.08,6,False
W5244,0.08,7,False
W5247,0.08,6,True
W5248,0.08,6,True
W5249,0.08,6,True
W5250,0.08,6,True
W5251,0.08,5,True
W5254,0.08,10,False
W5256,0.08,6,True
W5259,0.08,6,True
W5260,0.08,6,False
W5266,0.08,6,True
W5268,0.08,14,False
W5270,0.08,6,True
W5271,0.08,6,False
W5272,0.08,5,False
W5273,0.08,7,True
W5274,0.08,0,False
W5275,0.08,7,False
W5276,0.08,6,False
W5280,0.08,6,False
W5281,0.08,6,True
W5283,0.08,6,False
W5286,0.08,6,True
W5287,0.08,6,True
W5288,0.08,6,False
W5289,0.08,6,False
W5290,0.08,10,True
W5292,0.08,11,False
W5293,0.08,0,False
W5294,0.08,6,False
W5295,0.08,6,True
W5297,0.08,6,False
W5298,0.08,7,True
W5299,0.08,6,True
W530,0.08,6,False
W5301,0.08,12,False
W5302,0.08,13,False
W5303,0.08,10,True
W5305,0.08,10,False
W5306,0.08,13,False
W5307,0.08,6,True
W5309,0.08,6,False
W531,0.08,6,False
W5312,0.08,5,False
W5313,0.08,6,False
W5314,0.08,12,False
W5315,0.08,7,True
W5316,0.08,12,False
W5319,0.08,5,False
W532,0.08,6,False
W5321,0.08,7,False
W5323,0.08,6,True
W5325,0.08,7,False
W5329,0.08,7,False
W533,0.08,6,False
W5330,0.08,6,True
W5332,0.08,6,False
W5336,0.08,6,False
W5337,0.08,6,True
W5339,0.08,6,True
W534,0.08,6,False
W5341,0.08,7,True
W5342,0.08,8,False
W5344,0.08,10,False
W5345,0.08,6,False
W5346,0.08,7,True
W5348,0.08,7,False
W535,0.08,7,False
W5353,0.08,7,False
W5354,0.08,7,True
W5356,0.08,7,False
W536,0.08,9,False
W5364,0.08,6,True
W5365,0.08,6,True
W5366,0.08,6,True
W5368,0.08,6,False
W5369,0.08,6,True
W537,0.08,6,False
W5371,0.08,6,True
W5372,0.08,6,True
W5373,0.08,6,True
W5374,0.08,6,True
W5375,0.08,6,True
W5376,0.08,6,True
W5377,0.08,6,True
W5378,0.08,8,False
W5379,0.08,8,False
W538,0.08,6,False
W5380,0.08,6,True
W5381,0.08,6,True
W5382,0.08,6,True
W5383,0.08,6,True
W5385,0.08,9,True
W5386,0.08,6,True
W5387,0.08,6,True
W5388,0.08,10,True
W5390,0.08,10,True
W5391,0.08,10,True
W5392,0.08,10,True
W5393,0.08,8,True
W5395,0.08,10,True
W5396,0.08,8,True
W5397,0.08,6,True
W54,0.08,10,False
W540,0.08,6,False
W5402,0.08,10,True
W5403,0.08,10,True
W5404,0.08,10,True
W5405,0.08,9,True
W5406,0.08,8,True
W5408,0.08,8,True
W5410,0.08,6,True
W5411,0.08,6,True
W5412,0.08,6,True
W5415,0.08,6,True
W5416,0.08,6,True
W5417,0.08,6,True
W5418,0.08,8,True
W5419,0.08,8,True
W542,0.08,6,False
W5420,0.08,6,True
W5421,0.08,6,True
W5423,0.08,11,False
W5424,0.08,8,False
W5425,0.08,6,False
W5428,0.08,6,False
W5429,0.08,7,True
W543,0.08,6,False
W5430,0.08,6,True
W5431,0.08,7,True
W5432,0.08,6,True
W5436,0.08,6,True
W5438,0.08,6,True
W544,0.08,6,False
W5440,0.08,11,False
W5441,0.08,7,False
W5442,0.08,7,True
W5445,0.08,7,False
W5446,0.08,5,False
W5447,0.08,6,False
W5449,0.08,10,False
W545,0.08,6,False
W5450,0.08,10,False
W5451,0.08,13,False
W5452,0.08,5,False
W5453,0.08,6,True
W5454,0.08,6,False
W5455,0.08,13,False
W5456,0.08,7,False
W5457,0.08,7,False
W5461,0.08,7,False
W5462,0.08,6,False
W5464,0.08,6,True
W5466,0.08,6,False
W5467,0.08,7,False
W5468,0.08,14,False
W547,0.08,6,False
W5470,0.08,6,True
W5472,0.08,6,False
W5473,0.08,6,True
W5479,0.08,6,False
W5480,0.08,6,False
W5481,0.08,6,True
W5482,0.08,7,False
W5483,0.08,6,True
W5484,0.08,6,False
W5486,0.08,14,False
W5488,0.08,7,False
W5489,0.08,6,True
W5490,0.08,6,False
W5491,0.08,7,False
W5493,0.08,6,True
W5494,0.08,7,False
W5495,0.08,6,True
W5497,0.08,6,False
W550,0.08,6,False
W5500,0.08,6,False
W5501,0.08,7,False
W5502,0.08,6,True
W5503,0.08,6,True
W5506,0.08,6,False
W5507,0.08,6,True
W551,0.08,6,False
W5510,0.08,6,True
W5511,0.08,14,False
W5512,0.08,6,False
W5513,0.08,14,False
W5514,0.08,6,True
W5515,0.08,6,True
W5517,0.08,6,True
W5519,0.08,6,False
W552,0.08,6,False
W5521,0.08,5,False
W5522,0.08,6,True
W5523,0.08,6,False
W5524,0.08,6,False
W5525,0.08,6,True
W5526,0.08,13,False
W553,0.08,6,False
W5532,0.08,6,True
W5533,0.08,5,False
W5535,0.08,6,False
W5538,0.08,6,True
W5539,0.08,6,False
W5540,0.08,5,True
W5542,0.08,6,False
W5543,0.08,10,True
W5545,0.08,11,False
W5548,0.08,6,False
W5549,0.08,6,False
W5552,0.08,9,True
W5553,0.08,13,False
W5554,0.08,6,True
W5556,0.08,6,False
W5559,0.08,13,False
W5564,0.08,6,True
W557,0.08,5,False
W5576,0.08,14,False
W5577,0.08,5,False
W5579,0.08,5,False
W5584,0.08,6,True
W5585,0.08,14,False
W5586,0.08,7,True
W5588,0.08,0,False
W5589,0.08,9,True
W5590,0.08,5,False
W5591,0.08,6,True
W5592,0.08,7,True
W5593,0.08,0,False
W5595,0.08,9,True
W5597,0.08,6,False
W5598,0.08,5,False
W56,0.08,7,False
W5600,0.08,6,False
W5601,0.08,0,False
W5602,0.08,7,True
W5603,0.08,4,False
W5605,0.08,7,True
W5606,0.08,5,False
W5607,0.08,9,True
W5608,0.08,7,True
W5609,0.08,7,False
W5610,0.08,0,False
W5613,0.08,9,True
W5614,0.08,7,False
W5615,0.08,5,False
W5616,0.08,7,True
W5618,0.08,6,True
W5619,0.08,7,True
W5622,0.08,6,False
W5623,0.08,7,False
W5625,0.08,7,True
W5628,0.08,9,True
W5629,0.08,12,False
W5630,0.08,7,False
W5631,0.08,7,True
W5634,0.08,6,False
W5636,0.08,6,False
W5637,0.08,7,False
W5638,0.08,12,False
W5639,0.08,6,True
W5641,0.08,9,True
W5642,0.08,6,False
W5643,0.08,7,True
W5644,0.08,7,False
W5646,0.08,6,True
W5647,0.08,9,True
W5648,0.08,6,False
W5649,0.08,7,True
W565,0.08,4,False
W5650,0.08,7,True
W5651,0.08,4,False
W5653,0.08,7,True
W5654,0.08,7,False
W5656,0.08,7,True
W5658,0.08,7,False
W5659,0.08,9,True
W566,0.08,5,False
W5661,0.08,7,False
W5662,0.08,5,False
W5664,0.08,6,False
W5665,0.08,7,True
W5666,0.08,7,True
W5667,0.08,6,False
W5668,0.08,7,False
W5670,0.08,9,True
W5672,0.08,6,True
W5673,0.08,7,True
W5674,0.08,6,False
W5675,0.08,7,False
W5676,0.08,7,False
W5677,0.08,12,False
W5678,0.08,6,False
W5679,0.08,5,True
W5680,0.08,7,True
W5681,0.08,7,False
W5683,0.08,9,True
W5684,0.08,7,False
W5685,0.08,6,True
W5686,0.08,7,True
W5688,0.08,5,False
W5689,0.08,6,True
W569,0.08,5,False
W5690,0.08,6,False
W5691,0.08,9,True
W5692,0.08,7,False
W5695,0.08,13,False
W5696,0.08,7,False
W5697,0.08,9,True
W5698,0.08,7,False
W5699,0.08,6,False
W57,0.08,7,False
W570,0.08,5,False
W5700,0.08,5,False
W5701,0.08,6,False
W5702,0.08,6,True
W5703,0.08,5,True
W5707,0.08,13,False
W5708,0.08,6,True
W5709,0.08,5,False
W5710,0.08,5,True
W5711,0.08,7,False
W5712,0.08,6,True
W5716,0.08,6,False
W5717,0.08,6,False
W5718,0.08,6,True
W5722,0.08,5,True
W5723,0.08,6,True
W5724,0.08,7,False
W5729,0.08,6,True
W5730,0.08,5,True
W5731,0.08,6,False
W5736,0.08,7,False
W5737,0.08,5,True
W5740,0.08,6,True
W5742,0.08,7,False
W5743,0.08,5,True
W5744,0.08,7,True
W5746,0.08,6,True
W5748,0.08,6,False
W5749,0.08,7,False
W5751,0.08,5,True
W5752,0.08,6,True
W5753,0.08,11,False
W5754,0.08,3,False
W5756,0.08,7,False
W5757,0.08,6,True
W5758,0.08,6,True
W5759,0.08,11,False
W5761,0.08,5,True
W5762,0.08,6,True
W5765,0.08,6,False
W5767,0.08,7,False
W5768,0.08,5,True
W5769,0.08,6,True
W5771,0.08,6,False
W5773,0.08,6,False
W5774,0.08,6,True
W5775,0.08,6,True
W5776,0.08,6,True
W5778,0.08,6,False
W5779,0.08,6,False
W578,0.08,6,False
W5780,0.08,6,True
W5783,0.08,5,True
W5786,0.08,6,False
W5788,0.08,12,False
W5789,0.08,6,True
W5791,0.08,6,True
W5792,0.08,6,True
W5794,0.08,6,False
W5797,0.08,7,True
W5798,0.08,6,False
W5799,0.08,6,False
W5801,0.08,6,False
W5802,0.08,7,True
W5803,0.08,6,True
W5804,0.08,6,False
W5806,0.08,7,False
W5807,0.08,6,True
W5808,0.08,6,False
W5809,0.08,7,False
W5810,0.08,7,True
W5811,0.08,6,True
W5813,0.08,11,False
W5817,0.08,6,False
W5818,0.08,6,True
W5819,0.08,5,True
W5821,0.08,6,False
W5822,0.08,4,False
W5823,0.08,7,True
W5824,0.08,10,False
W5825,0.08,10,True
W5828,0.08,5,False
W5829,0.08,6,True
W583,0.08,3,False
W5833,0.08,5,True
W5834,0.08,7,True
W5835,0.08,12,False
W5837,0.08,6,False
W5838,0.08,7,False
W5839,0.08,6,False
W584,0.08,3,False
W5840,0.08,6,False
W5841,0.08,6,True
W5842,0.08,6,True
W5844,0.08,12,False
W5845,0.08,6,True
W5848,0.08,5,True
W5849,0.08,6,False
W585,0.08,3,False
W5850,0.08,6,True
W5851,0.08,6,False
W5852,0.08,6,True
W5853,0.08,7,False
W5855,0.08,5,True
W5856,0.08,5,False
W5857,0.08,11,False
W5858,0.08,7,True
W5859,0.08,5,False
W586,0.08,6,False
W5864,0.08,7,False
W5865,0.08,6,False
W5866,0.08,6,False
W5868,0.08,7,False
W587,0.08,6,False
W5870,0.08,13,False
W5873,0.08,6,False
W5875,0.08,11,False
W5876,0.08,6,False
W5878,0.08,7,False
W588,0.08,6,False
W5880,0.08,7,False
W5881,0.08,7,True
W5882,0.08,14,False
W5883,0.08,6,False
W5886,0.08,6,True
W5888,0.08,6,False
W5889,0.08,12,False
W589,0.08,6,False
W5891,0.08,6,False
W5893,0.08,6,True
W5894,0.08,8,False
W5895,0.08,6,False
W5896,0.08,6,True
W5897,0.08,6,False
W5898,0.08,13,False
W59,0.08,9,False
W590,0.08,6,False
W5902,0.08,6,False
W5903,0.08,6,False
W5904,0.08,6,False
W5906,0.08,6,True
W5907,0.08,7,False
W5908,0.08,6,True
W5909,0.08,6,False
W591,0.08,6,False
W5910,0.08,6,False
W5911,0.08,5,True
W5915,0.08,6,False
W5916,0.08,14,False
W5917,0.08,6,False
W5918,0.08,5,True
W5920,0.08,7,True
W5921,0.08,10,False
W5922,0.08,5,True
W5924,0.08,7,True
W5925,0.08,6,False
W5928,0.08,5,True
W5929,0.08,14,False
W5930,0.08,7,True
W5931,0.08,7,True
W5932,0.08,7,False
W5935,0.08,10,False
W5936,0.08,6,False
W594,0.08,7,False
W5940,0.08,3,False
W5941,0.08,6,True
W5947,0.08,6,False
W5948,0.08,6,False
W5949,0.08,6,False
W595,0.08,6,False
W5953,0.08,6,True
W5956,0.08,5,False
W5957,0.08,11,False
W5958,0.08,12,False
W5960,0.08,7,False
W5961,0.08,7,False
W5962,0.08,7,True
W5963,0.08,14,False
W5964,0.08,7,False
W5966,0.08,8,False
W5967,0.08,6,False
W5968,0.08,12,False
W5969,0.08,5,False
W597,0.08,5,False
W5970,0.08,7,True
W5973,0.08,7,True
W5974,0.08,6,False
W5975,0.08,5,False
W5979,0.08,9,True
W598,0.08,7,False
W5981,0.08,5,False
W5983,0.08,5,False
W5984,0.08,6,True
W5986,0.08,9,False
W5988,0.08,5,False
W5989,0.08,5,False
W599,0.08,9,False
W5992,0.08,11,False
W5993,0.08,11,False
W5994,0.08,7,True
W5996,0.08,6,True
W5997,0.08,6,False
W5998,0.08,6,True
W5999,0.08,6,True
W6,0.08,14,False
W60,0.08,4,False
W6000,0.08,6,True
W6002,0.08,5,False
W6004,0.08,7,False
W6005,0.08,7,False
W6008,0.08,5,False
W6010,0.08,6,False
W6015,0.08,7,False
W6016,0.08,6,False
W6017,0.08,5,False
W6020,0.08,6,False
W6021,0.08,7,False
W6023,0.08,7,False
W603,0.08,6,False
W6032,0.08,7,False
W6034,0.08,6,False
W6036,0.08,6,False
W6039,0.08,5,False
W6040,0.08,6,False
W6041,0.08,6,False
W6045,0.08,7,False
W6048,0.08,6,False
W6049,0.08,6,False
W6050,0.08,6,False
W6056,0.08,6,False
W6057,0.08,6,False
W6058,0.08,8,False
W606,0.08,9,False
W6065,0.08,5,False
W6067,0.08,7,False
W6068,0.08,6,False
W6069,0.08,6,False
W607,0.08,9,False
W6070,0.08,6,False
W6072,0.08,6,False
W6076,0.08,6,False
W6077,0.08,6,False
W6079,0.08,7,False
W6081,0.08,7,False
W6083,0.08,5,False
W6088,0.08,6,False
W6089,0.08,6,False
W6090,0.08,6,False
W6091,0.08,6,False
W6092,0.08,6,False
W6093,0.08,6,False
W6094,0.08,6,False
W6095,0.08,6,False
W6096,0.08,6,False
W6097,0.08,6,False
W6098,0.08,6,False
W6099,0.08,6,False
W61,0.08,6,False
W610,0.08,14,False
W6100,0.08,6,False
W6101,0.08,6,False
W6102,0.08,6,False
W6103,0.08,6,False
W6104,0.08,7,False
W6105,0.08,6,False
W6106,0.08,6,False
W6107,0.08,6,False
W6108,0.08,6,False
W6109,0.08,6,False
W6111,0.08,7,False
W6112,0.08,7,False
W6113,0.08,6,False
W6115,0.08,6,False
W6116,0.08,7,False
W6117,0.08,6,False
W6119,0.08,7,False
W612,0.08,6,False
W6120,0.08,7,False
W6121,0.08,0,False
W6126,0.08,6,False
W6127,0.08,6,False
W6129,0.08,6,False
W6130,0.08,0,False
W6131,0.08,6,False
W6132,0.08,6,False
W6133,0.08,5,False
W6135,0.08,5,False
W6136,0.08,6,False
W6138,0.08,8,False
W6140,0.08,0,False
W6141,0.08,6,False
W6142,0.08,6,False
W6143,0.08,6,False
W6144,0.08,6,False
W6149,0.08,0,False
W6150,0.08,6,False
W6151,0.08,0,False
W6159,0.08,6,False
W6160,0.08,6,False
W6161,0.08,0,False
W6162,0.08,6,False
W6163,0.08,7,False
W6164,0.08,6,False
W6166,0.08,7,False
W6168,0.08,5,False
W6169,0.08,7,False
W617,0.08,6,False
W6170,0.08,0,False
W6172,0.08,7,False
W6173,0.08,5,False
W6175,0.08,6,False
W6177,0.08,8,False
W6180,0.08,7,False
W6181,0.08,6,False
W6190,0.08,7,False
W6193,0.08,7,False
W6196,0.08,6,False
W6199,0.08,7,False
W620,0.08,7,False
W6200,0.08,7,False
W6201,0.08,7,False
W6205,0.08,7,False
W6206,0.08,6,False
W6208,0.08,7,False
W621,0.08,12,False
W6211,0.08,9,False
W6213,0.08,7,False
W6215,0.08,6,False
W6216,0.08,8,False
W6219,0.08,7,False
W6220,0.08,4,False
W6224,0.08,6,False
W6226,0.08,8,False
W6227,0.08,7,False
W6230,0.08,9,False
W6232,0.08,8,False
W6233,0.08,7,False
W6236,0.08,7,False
W6239,0.08,8,False
W6241,0.08,7,False
W6242,0.08,6,False
W6246,0.08,8,False
W6247,0.08,7,False
W6251,0.08,5,False
W6252,0.08,6,False
W6253,0.08,6,False
W6256,0.08,7,False
W6257,0.08,5,False
W6258,0.08,4,False
W6260,0.08,10,False
W6261,0.08,6,False
W6265,0.08,12,False
W6268,0.08,6,False
W6270,0.08,7,False
W6271,0.08,6,False
W6276,0.08,9,False
W6277,0.08,7,False
W6278,0.08,5,False
W6280,0.08,6,False
W6282,0.08,6,False
W6284,0.08,5,False
W6285,0.08,7,False
W6287,0.08,7,False
W6288,0.08,7,False
W6289,0.08,7,False
W629,0.08,6,False
W6290,0.08,6,False
W6291,0.08,6,False
W6292,0.08,7,False
W6293,0.08,7,False
W6295,0.08,7,False
W6296,0.08,5,False
W6299,0.08,7,False
W6300,0.08,8,False
W6301,0.08,9,False
W6307,0.08,6,False
W6308,0.08,7,False
W6310,0.08,5,False
W6311,0.08,6,False
W6313,0.08,6,False
W6314,0.08,6,False
W6323,0.08,6,False
W6325,0.08,8,False
W6327,0.08,6,False
W6337,0.08,7,False
W6338,0.08,5,False
W6339,0.08,7,False
W6340,0.08,5,False
W6345,0.08,5,False
W6346,0.08,6,False
W6350,0.08,7,False
W6352,0.08,7,False
W6355,0.08,12,False
W6357,0.08,7,False
W6360,0.08,7,False
W6362,0.08,7,False
W6363,0.08,6,False
W6364,0.08,8,False
W6368,0.08,7,False
W6375,0.08,7,False
W6378,0.08,8,False
W6381,0.08,6,False
W6384,0.08,7,False
W6385,0.08,0,False
W6386,0.08,7,False
W6387,0.08,6,False
W6388,0.08,6,False
W6389,0.08,5,False
W639,0.08,0,False
W6390,0.08,6,False
W6391,0.08,7,False
W6392,0.08,0,False
W6393,0.08,6,False
W6394,0.08,7,False
W6396,0.08,7,False
W6398,0.08,5,False
W640,0.08,6,False
W6400,0.08,7,False
W6401,0.08,0,False
W6402,0.08,7,False
W6403,0.08,7,False
W6408,0.08,6,False
W6409,0.08,10,False
W641,0.08,0,False
W6410,0.08,6,False
W6413,0.08,7,False
W6414,0.08,5,False
W6415,0.08,7,False
W6416,0.08,6,False
W6417,0.08,7,False
W6420,0.08,6,False
W6422,0.08,6,False
W6423,0.08,6,False
W6424,0.08,7,False
W6425,0.08,7,False
W6427,0.08,7,False
W6429,0.08,5,False
W6431,0.08,6,False
W6432,0.08,6,False
W6435,0.08,7,False
W6437,0.08,7,False
W6438,0.08,6,False
W6439,0.08,6,False
W644,0.08,0,False
W6440,0.08,6,False
W6441,0.08,10,False
W6442,0.08,7,False
W6444,0.08,10,False
W6447,0.08,6,False
W645,0.08,6,False
W6450,0.08,6,False
W6451,0.08,7,False
W6452,0.08,4,False
W6453,0.08,7,False
W6454,0.08,7,False
W6457,0.08,6,False
W646,0.08,0,False
W6460,0.08,7,False
W6461,0.08,6,False
W6462,0.08,6,False
W6464,0.08,7,False
W6465,0.08,5,False
W6469,0.08,7,False
W6470,0.08,7,False
W6472,0.08,6,False
W6473,0.08,5,False
W6474,0.08,5,False
W6477,0.08,11,False
W6478,0.08,7,False
W648,0.08,0,False
W6481,0.08,5,False
W6483,0.08,7,False
W6485,0.08,9,False
W6486,0.08,7,False
W6490,0.08,5,False
W6492,0.08,8,False
W6493,0.08,6,False
W6494,0.08,7,False
W6495,0.08,5,False
W6497,0.08,6,False
W650,0.08,6,False
W6500,0.08,9,False
W6502,0.08,6,False
W6510,0.08,6,False
W6511,0.08,7,False
W6516,0.08,6,False
W6517,0.08,6,False
W6519,0.08,7,False
W652,0.08,0,False
W6520,0.08,7,False
W6521,0.08,7,False
W6522,0.08,6,False
W6524,0.08,6,False
W6528,0.08,7,False
W6529,0.08,6,False
W6530,0.08,9,False
W6532,0.08,6,False
W6533,0.08,6,False
W6534,0.08,6,False
W6536,0.08,6,False
W6537,0.08,6,False
W6538,0.08,6,False
W6540,0.08,7,False
W6541,0.08,6,False
W6542,0.08,4,False
W6543,0.08,6,False
W6545,0.08,6,False
W6546,0.08,5,False
W6547,0.08,6,False
W6549,0.08,6,False
W655,0.08,0,False
W6550,0.08,5,False
W6551,0.08,6,False
W6553,0.08,5,False
W6555,0.08,10,False
W6556,0.08,5,False
W6560,0.08,9,False
W6562,0.08,6,False
W6568,0.08,6,False
W6569,0.08,6,False
W657,0.08,0,False
W6570,0.08,6,False
W6571,0.08,9,False
W6575,0.08,7,False
W6576,0.08,7,False
W6577,0.08,6,False
W6583,0.08,7,False
W6584,0.08,6,False
W6585,0.08,6,False
W6588,0.08,6,False
W6590,0.08,7,False
W6592,0.08,7,False
W6595,0.08,6,False
W6597,0.08,10,False
W6598,0.08,6,False
W6599,0.08,7,False
W6600,0.08,6,False
W6602,0.08,5,False
W6604,0.08,7,False
W6605,0.08,6,False
W6607,0.08,5,False
W6609,0.08,7,False
W661,0.08,0,False
W6611,0.08,6,False
W6612,0.08,6,False
W6613,0.08,7,False
W6615,0.08,6,False
W6617,0.08,6,False
W6620,0.08,6,False
W6621,0.08,8,False
W6624,0.08,5,False
W6627,0.08,6,False
W6628,0.08,6,False
W663,0.08,0,False
W6630,0.08,6,False
W6632,0.08,6,False
W6635,0.08,9,False
W6637,0.08,7,False
W6638,0.08,10,False
W6639,0.08,5,False
W6643,0.08,6,False
W6647,0.08,7,False
W6648,0.08,6,False
W665,0.08,0,False
W6650,0.08,6,False
W6651,0.08,6,False
W6653,0.08,6,False
W6655,0.08,6,False
W6656,0.08,6,False
W6658,0.08,6,False
W6659,0.08,8,False
W666,0.08,6,False
W6660,0.08,7,False
W6661,0.08,6,False
W6664,0.08,6,False
W6666,0.08,6,False
W6667,0.08,7,False
W6668,0.08,7,False
W6669,0.08,6,False
W6673,0.08,6,False
W6674,0.08,6,False
W6675,0.08,7,False
W6676,0.08,6,False
W6678,0.08,6,False
W668,0.08,0,False
W6680,0.08,7,False
W6681,0.08,6,False
W6682,0.08,6,False
W6684,0.08,6,False
W6686,0.08,7,False
W6688,0.08,6,False
W669,0.08,6,False
W6691,0.08,6,False
W6693,0.08,6,False
W6694,0.08,6,False
W6697,0.08,4,False
W6698,0.08,6,False
W670,0.08,9,False
W6700,0.08,7,False
W6702,0.08,6,False
W6706,0.08,6,False
W6707,0.08,6,False
W6708,0.08,10,False
W6709,0.08,7,False
W6710,0.08,5,False
W6712,0.08,6,False
W6714,0.08,6,False
W6715,0.08,8,False
W6716,0.08,6,False
W6717,0.08,7,False
W6720,0.08,5,False
W6721,0.08,6,False
W6723,0.08,5,False
W6725,0.08,6,False
W6726,0.08,6,False
W6728,0.08,6,False
W6729,0.08,6,False
W673,0.08,7,False
W6730,0.08,6,False
W6733,0.08,6,False
W6736,0.08,7,False
W6738,0.08,7,False
W6739,0.08,7,False
W674,0.08,10,False
W6740,0.08,6,False
W6743,0.08,6,True
W6745,0.08,5,False
W6747,0.08,7,False
W6748,0.08,7,False
W6749,0.08,7,False
W6750,0.08,6,False
W6752,0.08,6,False
W6754,0.08,6,False
W6755,0.08,7,False
W6756,0.08,7,False
W6757,0.08,7,False
W6759,0.08,6,False
W676,0.08,0,False
W6764,0.08,7,False
W6765,0.08,6,False
W6766,0.08,7,False
W6769,0.08,6,False
W677,0.08,6,False
W6771,0.08,7,False
W6772,0.08,7,False
W6774,0.08,7,False
W6775,0.08,6,False
W6776,0.08,6,False
W6778,0.08,12,False
W6779,0.08,7,False
W678,0.08,10,False
W6781,0.08,8,False
W6783,0.08,6,False
W6785,0.08,10,False
W6786,0.08,5,False
W6788,0.08,6,False
W6789,0.08,9,False
W6790,0.08,10,False
W6792,0.08,6,False
W6793,0.08,6,False
W6795,0.08,6,False
W6797,0.08,7,False
W680,0.08,0,False
W6800,0.08,10,False
W6802,0.08,6,False
W6803,0.08,5,False
W6805,0.08,7,False
W6806,0.08,6,False
W6808,0.08,7,False
W6809,0.08,6,False
W681,0.08,5,False
W6810,0.08,7,False
W6812,0.08,5,False
W6813,0.08,5,False
W6814,0.08,7,False
W6817,0.08,6,False
W6818,0.08,5,False
W6819,0.08,6,False
W682,0.08,10,False
W6823,0.08,6,False
W6824,0.08,7,False
W6825,0.08,5,False
W6826,0.08,5,False
W6828,0.08,7,False
W683,0.08,0,False
W6830,0.08,7,False
W6831,0.08,5,False
W6833,0.08,11,False
W6835,0.08,7,False
W6837,0.08,7,False
W6838,0.08,6,False
W6839,0.08,6,False
W6841,0.08,7,False
W6842,0.08,6,False
W6844,0.08,7,False
W6846,0.08,6,False
W6847,0.08,8,False
W6848,0.08,6,False
W6849,0.08,5,False
W6851,0.08,7,False
W6852,0.08,7,False
W6855,0.08,6,False
W6856,0.08,7,False
W6858,0.08,7,False
W6859,0.08,7,False
W686,0.08,6,True
W6860,0.08,7,False
W6864,0.08,7,False
W6866,0.08,6,False
W6867,0.08,8,False
W6868,0.08,7,False
W6869,0.08,7,False
W6870,0.08,9,False
W6875,0.08,7,False
W6877,0.08,6,False
W688,0.08,0,False
W6882,0.08,9,False
W6883,0.08,7,False
W6886,0.08,7,False
W689,0.08,10,False
W6890,0.08,10,False
W6894,0.08,7,False
W6897,0.08,6,False
W6901,0.08,7,False
W6903,0.08,7,False
W6904,0.08,6,False
W6905,0.08,6,False
W6906,0.08,5,False
W6908,0.08,5,False
W6909,0.08,6,False
W691,0.08,0,False
W6910,0.08,7,False
W6911,0.08,6,False
W6914,0.08,6,False
W6915,0.08,5,False
W6916,0.08,5,False
W6918,0.08,7,False
W6920,0.08,6,False
W6921,0.08,6,False
W6924,0.08,7,False
W6925,0.08,8,False
W6926,0.08,6,False
W6927,0.08,7,False
W6929,0.08,6,False
W693,0.08,3,True
W6930,0.08,5,False
W6931,0.08,7,False
W6933,0.08,7,False
W6936,0.08,6,False
W6937,0.08,7,False
W6938,0.08,6,False
W6942,0.08,7,False
W6945,0.08,6,False
W6946,0.08,10,False
W6948,0.08,6,False
W6953,0.08,5,False
W6954,0.08,7,False
W6956,0.08,7,False
W6958,0.08,5,False
W6959,0.08,7,False
W6960,0.08,12,False
W6966,0.08,7,False
W6967,0.08,7,False
W6968,0.08,7,False
W6969,0.08,5,False
W6970,0.08,7,False
W6972,0.08,7,False
W6973,0.08,7,False
W6975,0.08,6,False
W6976,0.08,6,False
W6980,0.08,5,False
W6981,0.08,7,False
W699,0.08,0,False
W6994,0.08,5,False
W6997,0.08,7,False
W6998,0.08,7,False
W6999,0.08,7,False
W7,0.08,11,False
W70,0.08,6,False
W700,0.08,9,False
W7002,0.08,5,False
W7003,0.08,6,False
W7005,0.08,6,False
W7006,0.08,4,False
W7007,0.08,6,False
W701,0.08,5,True
W7010,0.08,4,False
W7011,0.08,3,True
W7013,0.08,4,False
W7014,0.08,6,False
W7015,0.08,6,False
W7016,0.08,4,False
W7017,0.08,6,False
W7018,0.08,6,False
W7019,0.08,6,False
W702,0.08,0,False
W7022,0.08,5,True
W7023,0.08,8,False
W7024,0.08,6,False
W7027,0.08,5,True
W7028,0.08,9,False
W7029,0.08,6,False
W703,0.08,10,False
W7030,0.08,4,False
W7032,0.08,8,False
W7033,0.08,6,False
W7034,0.08,6,False
W7038,0.08,5,False
W7041,0.08,5,True
W7042,0.08,6,False
W7048,0.08,6,False
W7049,0.08,4,False
W705,0.08,0,False
W7050,0.08,6,False
W7053,0.08,14,False
W7054,0.08,7,True
W7055,0.08,6,False
W7056,0.08,4,False
W7057,0.08,8,False
W7058,0.08,4,False
W7059,0.08,6,False
W7062,0.08,6,False
W7064,0.08,4,False
W7067,0.08,11,False
W7073,0.08,7,True
W7075,0.08,8,False
W7078,0.08,7,False
W7079,0.08,4,False
W708,0.08,0,False
W7080,0.08,4,False
W7081,0.08,7,True
W7082,0.08,9,False
W7085,0.08,7,False
W7086,0.08,7,False
W7099,0.08,7,False
W710,0.08,5,True
W7100,0.08,8,False
W7101,0.08,7,False
W7102,0.08,7,False
W7103,0.08,9,False
W7105,0.08,5,False
W7108,0.08,10,False
W7117,0.08,6,False
W7118,0.08,5,False
W712,0.08,0,False
W7122,0.08,6,False
W7123,0.08,12,False
W7124,0.08,6,False
W7125,0.08,6,False
W7126,0.08,9,False
W7127,0.08,6,False
W713,0.08,10,False
W7130,0.08,11,False
W7132,0.08,11,False
W7133,0.08,11,False
W7135,0.08,12,False
W7136,0.08,15,False
W7137,0.08,11,False
W7138,0.08,9,False
W7139,0.08,11,False
W714,0.08,6,True
W7140,0.08,12,False
W7141,0.08,7,False
W7142,0.08,11,False
W7143,0.08,11,False
W7144,0.08,8,False
W7145,0.08,12,False
W7146,0.08,11,False
W7147,0.08,11,False
W7149,0.08,11,False
W7150,0.08,12,False
W7151,0.08,9,False
W7152,0.08,9,False
W7153,0.08,9,False
W7154,0.08,8,False
W7155,0.08,8,False
W7157,0.08,8,False
W7159,0.08,11,False
W716,0.08,4,False
W7160,0.08,11,False
W7161,0.08,11,False
W7163,0.08,11,False
W7164,0.08,11,False
W7166,0.08,9,False
W7167,0.08,8,False
W717,0.08,10,False
W7170,0.08,8,False
W7175,0.08,7,False
W7176,0.08,4,True
W7177,0.08,6,False
W7178,0.08,11,False
W7180,0.08,5,True
W7182,0.08,5,False
W7183,0.08,6,False
W7185,0.08,5,True
W7187,0.08,5,False
W7188,0.08,7,False
W719,0.08,9,False
W7192,0.08,6,False
W7193,0.08,5,True
W7194,0.08,5,False
W7195,0.08,6,False
W7196,0.08,6,False
W7197,0.08,10,False
W7199,0.08,12,False
W7201,0.08,6,False
W7202,0.08,8,False
W7203,0.08,5,False
W7204,0.08,10,False
W7205,0.08,6,False
W7208,0.08,3,False
W7212,0.08,6,False
W7213,0.08,5,False
W7214,0.08,5,False
W7218,0.08,8,False
W7219,0.08,6,False
W7220,0.08,7,False
W7221,0.08,6,False
W7222,0.08,5,True
W7223,0.08,6,False
W7224,0.08,3,False
W7226,0.08,8,False
W7228,0.08,7,False
W7229,0.08,6,False
W7230,0.08,7,False
W7232,0.08,11,False
W7233,0.08,6,False
W7235,0.08,5,True
W7237,0.08,6,False
W7239,0.08,6,False
W724,0.08,10,False
W7242,0.08,6,False
W7243,0.08,6,False
W7244,0.08,6,False
W7245,0.08,3,False
W7246,0.08,6,False
W7248,0.08,4,False
W7249,0.08,10,False
W725,0.08,0,False
W7250,0.08,6,False
W7253,0.08,5,False
W7254,0.08,11,False
W7256,0.08,5,False
W7257,0.08,5,False
W7258,0.08,5,False
W7260,0.08,5,False
W7261,0.08,8,False
W7265,0.08,5,False
W7268,0.08,6,False
W7269,0.08,5,False
W7270,0.08,9,False
W7272,0.08,5,False
W7273,0.08,4,False
W7276,0.08,5,False
W7277,0.08,6,False
W7278,0.08,9,False
W7279,0.08,6,False
W7281,0.08,5,False
W7284,0.08,9,False
W7285,0.08,5,False
W7287,0.08,5,False
W7288,0.08,6,True
W729,0.08,0,False
W7294,0.08,9,False
W7295,0.08,10,False
W7299,0.08,7,False
W73,0.08,7,False
W730,0.08,10,False
W7300,0.08,8,False
W7302,0.08,8,False
W7306,0.08,12,False
W7307,0.08,8,False
W731,0.08,10,False
W7314,0.08,6,False
W7317,0.08,12,False
W7318,0.08,10,False
W7319,0.08,9,False
W732,0.08,9,False
W7324,0.08,12,False
W734,0.08,10,False
W7346,0.08,6,False
W7353,0.08,6,True
W7355,0.08,5,True
W7356,0.08,8,True
W7357,0.08,9,True
W7363,0.08,9,False
W7364,0.08,7,False
W7365,0.08,9,False
W7369,0.08,5,True
W7370,0.08,5,False
W7371,0.08,6,False
W7372,0.08,11,False
W7374,0.08,8,False
W7376,0.08,6,False
W7379,0.08,5,False
W7380,0.08,6,False
W7381,0.08,5,False
W7382,0.08,5,False
W7383,0.08,6,False
W7384,0.08,10,False
W7386,0.08,6,False
W7388,0.08,6,False
W7390,0.08,5,False
W7393,0.08,9,False
W7395,0.08,5,False
W7396,0.08,6,False
W7399,0.08,6,False
W7402,0.08,5,False
W7403,0.08,9,False
W7405,0.08,6,False
W7408,0.08,4,False
W7409,0.08,5,False
W741,0.08,0,False
W7410,0.08,5,False
W7411,0.08,9,False
W7412,0.08,5,False
W7414,0.08,7,False
W7415,0.08,5,False
W7416,0.08,7,False
W7417,0.08,7,False
W7418,0.08,7,False
W7419,0.08,5,True
W7421,0.08,5,False
W7422,0.08,5,False
W7423,0.08,6,False
W7424,0.08,6,False
W7425,0.08,7,False
W7426,0.08,7,False
W7427,0.08,11,False
W743,0.08,4,True
W7430,0.08,6,False
W7431,0.08,6,False
W7437,0.08,11,False
W7438,0.08,5,False
W7439,0.08,3,False
W7442,0.08,10,False
W7443,0.08,6,False
W7444,0.08,6,False
W7445,0.08,8,False
W7446,0.08,5,False
W7447,0.08,6,False
W7448,0.08,7,False
W7449,0.08,6,False
W745,0.08,0,False
W7450,0.08,8,False
W7451,0.08,6,False
W7453,0.08,5,False
W7455,0.08,7,False
W7456,0.08,9,False
W7458,0.08,5,False
W7460,0.08,6,False
W7463,0.08,6,False
W7465,0.08,5,False
W7466,0.08,11,False
W7468,0.08,6,False
W7470,0.08,4,False
W7472,0.08,11,False
W7473,0.08,9,False
W7474,0.08,6,False
W7476,0.08,6,False
W7477,0.08,6,False
W7479,0.08,6,False
W748,0.08,5,False
W7480,0.08,6,False
W7485,0.08,5,False
W7486,0.08,11,False
W7487,0.08,6,False
W7489,0.08,6,False
W7490,0.08,5,True
W7491,0.08,4,False
W7492,0.08,4,False
W7493,0.08,5,False
W7494,0.08,5,False
W7495,0.08,6,False
W7497,0.08,11,False
W7498,0.08,7,True
W7500,0.08,6,False
W7502,0.08,5,False
W7504,0.08,10,False
W7505,0.08,4,False
W7507,0.08,6,False
W7508,0.08,6,False
W7509,0.08,7,False
W7511,0.08,7,False
W7512,0.08,5,True
W7514,0.08,6,False
W7515,0.08,6,False
W7516,0.08,6,False
W7518,0.08,12,False
W7519,0.08,5,False
W7520,0.08,6,False
W7521,0.08,5,False
W7522,0.08,6,False
W7523,0.08,6,False
W7525,0.08,6,False
W7526,0.08,8,False
W7527,0.08,5,False
W7530,0.08,8,False
W7532,0.08,5,True
W7533,0.08,10,False
W7534,0.08,6,False
W7535,0.08,6,False
W7536,0.08,5,False
W7537,0.08,6,False
W7539,0.08,6,False
W7540,0.08,9,False
W7541,0.08,5,True
W7543,0.08,6,False
W7544,0.08,7,False
W7545,0.08,6,False
W7546,0.08,4,False
W7547,0.08,6,False
W7548,0.08,8,False
W7549,0.08,11,False
W7552,0.08,5,False
W7554,0.08,7,True
W7557,0.08,8,False
W7559,0.08,4,False
W756,0.08,10,False
W7560,0.08,6,False
W7562,0.08,6,False
W7563,0.08,11,False
W7564,0.08,5,False
W7565,0.08,7,False
W7567,0.08,1,False
W7568,0.08,6,False
W7571,0.08,5,False
W7572,0.08,5,True
W7574,0.08,7,False
W7578,0.08,6,False
W7579,0.08,7,True
W7580,0.08,11,False
W7586,0.08,7,True
W7587,0.08,9,False
W759,0.08,14,False
W7592,0.08,6,False
W7593,0.08,5,True
W7594,0.08,8,False
W7595,0.08,7,True
W7600,0.08,5,False
W7601,0.08,10,False
W7602,0.08,8,False
W7603,0.08,6,False
W7604,0.08,10,False
W7606,0.08,5,False
W7608,0.08,5,False
W761,0.08,10,False
W7610,0.08,11,False
W7611,0.08,6,False
W7612,0.08,7,False
W7613,0.08,6,False
W7615,0.08,4,False
W7617,0.08,9,False
W7619,0.08,10,False
W7620,0.08,6,False
W7621,0.08,5,True
W7624,0.08,8,False
W7625,0.08,6,False
W7626,0.08,6,False
W7628,0.08,5,True
W763,0.08,7,False
W7631,0.08,7,False
W7632,0.08,6,False
W7634,0.08,6,False
W7636,0.08,9,False
W7637,0.08,5,True
W7638,0.08,5,False
W7639,0.08,6,False
W764,0.08,10,False
W7641,0.08,6,False
W7642,0.08,10,False
W7644,0.08,5,False
W7645,0.08,7,False
W7649,0.08,3,False
W7650,0.08,5,False
W7651,0.08,4,False
W7653,0.08,4,False
W7654,0.08,7,False
W7655,0.08,6,False
W7657,0.08,5,False
W7658,0.08,11,False
W7660,0.08,6,False
W7661,0.08,6,False
W7663,0.08,6,False
W7664,0.08,5,False
W7665,0.08,7,False
W7666,0.08,8,False
W7668,0.08,6,False
W7669,0.08,5,False
W7670,0.08,4,True
W7671,0.08,6,False
W7672,0.08,4,False
W7674,0.08,6,False
W7675,0.08,11,False
W7676,0.08,6,False
W7678,0.08,7,False
W7679,0.08,6,False
W7680,0.08,4,False
W7681,0.08,6,False
W7683,0.08,6,False
W7684,0.08,9,False
W7687,0.08,9,False
W7688,0.08,5,False
W7690,0.08,8,False
W7691,0.08,6,False
W7692,0.08,9,False
W7693,0.08,5,False
W7695,0.08,6,False
W7696,0.08,5,False
W7698,0.08,6,False
W770,0.08,10,False
W7700,0.08,5,False
W7705,0.08,6,False
W7710,0.08,5,False
W7712,0.08,6,False
W7714,0.08,10,False
W7717,0.08,4,False
W7718,0.08,11,False
W7720,0.08,7,False
W7721,0.08,12,False
W7723,0.08,6,False
W7725,0.08,4,False
W7727,0.08,4,False
W7729,0.08,5,False
W773,0.08,6,False
W7731,0.08,6,False
W7733,0.08,12,False
W7734,0.08,7,False
W7735,0.08,3,False
W7736,0.08,10,False
W7737,0.08,6,False
W7741,0.08,11,False
W7742,0.08,6,False
W7744,0.08,6,False
W7746,0.08,6,False
W7748,0.08,7,False
W7749,0.08,6,False
W775,0.08,10,False
W7750,0.08,5,False
W7753,0.08,5,False
W7754,0.08,6,False
W7756,0.08,6,False
W7757,0.08,5,False
W7758,0.08,10,False
W7759,0.08,7,False
W776,0.08,13,False
W7760,0.08,4,False
W7761,0.08,6,False
W7764,0.08,5,False
W7765,0.08,6,False
W7769,0.08,6,False
W7770,0.08,6,False
W7772,0.08,5,True
W7773,0.08,6,False
W7775,0.08,5,False
W7776,0.08,4,False
W7777,0.08,6,False
W7778,0.08,5,True
W7779,0.08,6,False
W7780,0.08,6,False
W7784,0.08,1,False
W7785,0.08,7,False
W7787,0.08,3,False
W7788,0.08,5,False
W7789,0.08,6,False
W7791,0.08,6,False
W7792,0.08,6,False
W7793,0.08,5,False
W7794,0.08,5,False
W7796,0.08,6,False
W7799,0.08,6,False
W7804,0.08,5,False
W7805,0.08,8,False
W7806,0.08,3,False
W7807,0.08,5,False
W7808,0.08,10,False
W7809,0.08,8,False
W7812,0.08,6,False
W7813,0.08,9,False
W7814,0.08,12,False
W7815,0.08,8,False
W7816,0.08,3,False
W7819,0.08,6,False
W7820,0.08,5,False
W7821,0.08,6,False
W7822,0.08,6,False
W7824,0.08,4,False
W7825,0.08,6,False
W7826,0.08,5,True
W7828,0.08,6,False
W7829,0.08,6,False
W7830,0.08,6,False
W7832,0.08,4,True
W7833,0.08,6,False
W7834,0.08,7,False
W7835,0.08,4,True
W7837,0.08,6,True
W7838,0.08,6,False
W7840,0.08,6,False
W7844,0.08,4,False
W7845,0.08,6,True
W7846,0.08,5,False
W7848,0.08,11,False
W7849,0.08,6,False
W785,0.08,6,False
W7850,0.08,6,False
W7851,0.08,4,False
W7852,0.08,6,False
W7853,0.08,6,True
W7854,0.08,6,False
W7855,0.08,10,False
W7856,0.08,12,False
W7857,0.08,5,False
W7861,0.08,6,True
W7862,0.08,6,False
W7863,0.08,6,True
W7864,0.08,10,False
W7865,0.08,5,False
W7866,0.08,9,False
W7867,0.08,5,False
W7868,0.08,6,False
W7869,0.08,6,False
W7870,0.08,6,False
W7872,0.08,8,False
W7873,0.08,4,False
W7875,0.08,6,False
W7876,0.08,5,False
W7877,0.08,6,False
W7878,0.08,8,False
W788,0.08,0,False
W7880,0.08,11,True
W7883,0.08,6,False
W7884,0.08,6,False
W7885,0.08,5,False
W7886,0.08,11,False
W7887,0.08,5,False
W7888,0.08,10,False
W7889,0.08,6,False
W7890,0.08,5,False
W7891,0.08,8,False
W7893,0.08,12,False
W7894,0.08,4,True
W7896,0.08,10,False
W7897,0.08,5,False
W7898,0.08,6,False
W7899,0.08,6,False
W7900,0.08,13,False
W7901,0.08,7,False
W7903,0.08,7,False
W7904,0.08,5,False
W7906,0.08,13,False
W7907,0.08,6,False
W7909,0.08,8,False
W7911,0.08,5,False
W7913,0.08,6,False
W7914,0.08,5,False
W7916,0.08,6,False
W7919,0.08,6,False
W7921,0.08,5,False
W7923,0.08,11,True
W7925,0.08,5,False
W7926,0.08,8,False
W7927,0.08,6,False
W7931,0.08,6,False
W7932,0.08,8,False
W7933,0.08,6,False
W7935,0.08,6,False
W7937,0.08,10,True
W7938,0.08,7,False
W794,0.08,6,False
W7941,0.08,6,False
W7945,0.08,5,False
W7946,0.08,5,False
W7948,0.08,5,False
W7949,0.08,6,False
W7950,0.08,8,False
W7951,0.08,5,False
W7952,0.08,10,True
W7953,0.08,6,False
W7955,0.08,9,False
W7956,0.08,8,False
W7957,0.08,11,True
W7958,0.08,5,False
W7962,0.08,7,False
W7964,0.08,8,False
W7965,0.08,10,True
W7968,0.08,5,True
W7969,0.08,8,False
W797,0.08,7,False
W7970,0.08,6,False
W7972,0.08,5,True
W7973,0.08,10,True
W7974,0.08,6,False
W7976,0.08,10,True
W7977,0.08,6,False
W7978,0.08,6,False
W7981,0.08,11,True
W7982,0.08,9,False
W7983,0.08,8,False
W7984,0.08,10,True
W7987,0.08,5,False
W7988,0.08,11,True
W7990,0.08,11,True
W7991,0.08,11,True
W7998,0.08,4,False
W7999,0.08,4,False
W8000,0.08,4,False
W8001,0.08,10,False
W8002,0.08,8,False
W8003,0.08,10,False
W8004,0.08,8,False
W8005,0.08,13,False
W8006,0.08,8,False
W8007,0.08,8,False
W8009,0.08,8,False
W8010,0.08,10,False
W8011,0.08,8,False
W8012,0.08,10,False
W8013,0.08,8,False
W8014,0.08,10,False
W8015,0.08,10,False
W8016,0.08,12,False
W8017,0.08,15,False
W8018,0.08,9,False
W8020,0.08,10,False
W8022,0.08,8,False
W8023,0.08,6,False
W8026,0.08,8,False
W8027,0.08,9,False
W8028,0.08,13,False
W8029,0.08,13,False
W8030,0.08,13,False
W8031,0.08,13,False
W8032,0.08,13,False
W8033,0.08,13,False
W8034,0.08,13,False
W8035,0.08,13,False
W8036,0.08,13,False
W8037,0.08,13,False
W8038,0.08,13,False
W8039,0.08,8,False
W8040,0.08,10,False
W8041,0.08,8,False
W8042,0.08,9,False
W8043,0.08,9,False
W8045,0.08,5,False
W8047,0.08,8,False
W8048,0.08,9,False
W8050,0.08,6,False
W8053,0.08,8,False
W8054,0.08,7,False
W8056,0.08,10,False
W8058,0.08,9,False
W8059,0.08,10,False
W8061,0.08,8,False
W8062,0.08,6,False
W8064,0.08,10,False
W8065,0.08,8,False
W8066,0.08,5,False
W8070,0.08,8,False
W8071,0.08,12,False
W8072,0.08,13,False
W8073,0.08,13,False
W8074,0.08,12,False
W8075,0.08,12,False
W8076,0.08,7,False
W8077,0.08,9,False
W8078,0.08,10,False
W8079,0.08,5,False
W8081,0.08,10,False
W8082,0.08,10,False
W8083,0.08,5,False
W8085,0.08,10,False
W8087,0.08,10,False
W8088,0.08,14,False
W8089,0.08,12,False
W809,0.08,0,False
W8090,0.08,5,False
W8091,0.08,7,False
W8092,0.08,7,False
W8093,0.08,9,False
W8094,0.08,8,False
W8095,0.08,8,False
W8096,0.08,5,False
W8098,0.08,5,False
W8099,0.08,9,False
W8100,0.08,10,False
W8101,0.08,9,False
W8102,0.08,9,False
W8103,0.08,8,False
W8104,0.08,8,False
W8105,0.08,9,False
W8107,0.08,3,False
W8108,0.08,9,False
W8109,0.08,11,False
W811,0.08,0,False
W8110,0.08,10,False
W8111,0.08,4,False
W8113,0.08,6,False
W8115,0.08,13,False
W8116,0.08,10,False
W8117,0.08,9,False
W8118,0.08,9,False
W8119,0.08,9,False
W8120,0.08,9,False
W8121,0.08,4,False
W8124,0.08,11,False
W8125,0.08,5,False
W8126,0.08,8,False
W8128,0.08,9,False
W8129,0.08,5,False
W8130,0.08,9,False
W8132,0.08,9,False
W8133,0.08,9,False
W8135,0.08,9,False
W8136,0.08,9,False
W8137,0.08,10,False
W8138,0.08,10,False
W8139,0.08,9,False
W814,0.08,0,False
W8141,0.08,8,False
W8143,0.08,9,False
W8144,0.08,8,False
W8145,0.08,8,False
W8146,0.08,8,False
W8147,0.08,8,False
W8148,0.08,4,False
W8150,0.08,8,False
W8151,0.08,8,False
W8152,0.08,9,False
W8153,0.08,5,False
W8154,0.08,12,False
W8155,0.08,12,False
W8156,0.08,8,False
W8157,0.08,8,False
W8158,0.08,12,False
W816,0.08,0,False
W8160,0.08,11,False
W8161,0.08,9,False
W8162,0.08,4,False
W8164,0.08,9,False
W8166,0.08,11,False
W8167,0.08,10,False
W817,0.08,9,False
W8170,0.08,10,False
W8173,0.08,8,False
W8174,0.08,10,False
W8175,0.08,5,False
W8176,0.08,10,False
W8177,0.08,9,False
W8178,0.08,11,False
W818,0.08,4,False
W8180,0.08,11,False
W8182,0.08,5,False
W8183,0.08,8,False
W8184,0.08,8,False
W8186,0.08,8,False
W8187,0.08,8,False
W8189,0.08,6,False
W8192,0.08,8,False
W8193,0.08,8,False
W8194,0.08,8,False
W8195,0.08,8,False
W8196,0.08,9,False
W8197,0.08,9,False
W8198,0.08,9,False
W820,0.08,0,False
W8200,0.08,9,False
W8201,0.08,9,False
W8202,0.08,9,False
W8203,0.08,7,False
W8205,0.08,8,False
W8206,0.08,7,False
W8207,0.08,8,False
W8208,0.08,7,False
W8210,0.08,12,False
W8211,0.08,12,False
W8212,0.08,7,False
W8213,0.08,9,False
W8214,0.08,8,False
W8215,0.08,8,False
W8216,0.08,5,False
W8217,0.08,9,False
W8218,0.08,12,False
W8222,0.08,0,False
W8223,0.08,0,False
W8224,0.08,15,False
W8225,0.08,11,False
W8229,0.08,0,False
W823,0.08,0,False
W8230,0.08,0,False
W8231,0.08,15,False
W8232,0.08,12,False
W8233,0.08,13,False
W8234,0.08,0,False
W8235,0.08,13,False
W8236,0.08,14,False
W8237,0.08,14,False
W8240,0.08,12,False
W8241,0.08,12,False
W8242,0.08,13,False
W8243,0.08,13,False
W8244,0.08,14,False
W8245,0.08,15,False
W8246,0.08,0,False
W8247,0.08,15,False
W8248,0.08,15,False
W8250,0.08,14,False
W8252,0.08,0,False
W8254,0.08,11,False
W8255,0.08,14,False
W8258,0.08,12,False
W826,0.08,0,False
W8261,0.08,15,False
W8263,0.08,13,False
W8266,0.08,15,False
W8267,0.08,14,False
W8270,0.08,13,False
W8273,0.08,13,False
W8275,0.08,0,False
W8276,0.08,12,False
W8277,0.08,0,False
W8278,0.08,14,False
W8279,0.08,13,False
W828,0.08,0,False
W8280,0.08,0,False
W831,0.08,0,False
W833,0.08,9,False
W834,0.08,6,False
W837,0.08,6,False
W840,0.08,5,False
W844,0.08,5,False
W856,0.08,7,False
W86,0.08,3,False
W861,0.08,0,False
W863,0.08,0,False
W864,0.08,7,False
W866,0.08,0,False
W867,0.08,8,False
W868,0.08,0,False
W869,0.08,7,False
W87,0.08,6,False
W870,0.08,0,False
W873,0.08,0,False
W875,0.08,6,False
W877,0.08,0,False
W878,0.08,6,False
W879,0.08,7,False
W881,0.08,0,False
W883,0.08,9,False
W884,0.08,0,False
W885,0.08,10,False
W887,0.08,0,False
W889,0.08,7,False
W89,0.08,4,False
W892,0.08,7,False
W894,0.08,14,False
W895,0.08,8,False
W897,0.08,7,False
W898,0.08,0,False
W9,0.08,11,False
W90,0.08,5,False
W900,0.08,7,False
W901,0.08,6,False
W902,0.08,0,False
W906,0.08,0,False
W909,0.08,4,False
W91,0.08,5,False
W910,0.08,0,False
W911,0.08,7,False
W912,0.08,6,False
W914,0.08,14,False
W915,0.08,6,False
W917,0.08,7,False
W920,0.08,7,False
W922,0.08,6,False
W925,0.08,4,False
W928,0.08,0,False
W929,0.08,4,False
W93,0.08,3,False
W932,0.08,12,False
W934,0.08,4,False
W935,0.08,0,False
W936,0.08,6,False
W939,0.08,6,False
W943,0.08,0,False
W948,0.08,0,False
W950,0.08,0,False
W954,0.08,6,False
W955,0.08,6,False
W957,0.08,6,False
W958,0.08,0,False
W96,0.08,4,False
W960,0.08,0,False
W963,0.08,10,False
W964,0.08,10,False
W965,0.08,10,False
W966,0.08,10,False
W967,0.08,10,False
W969,0.08,10,False
W97,0.08,4,False
W970,0.08,10,False
W971,0.08,10,False
W972,0.08,10,False
W975,0.08,10,False
W976,0.08,10,False
W977,0.08,10,False
W978,0.08,10,False
W979,0.08,9,False
W981,0.08,7,False
W982,0.08,6,False
W983,0.08,6,False
W984,0.08,6,False
W985,0.08,4,False
W99,0.08,4,True
W990,0.08,3,True
W991,0.08,4,True
W992,0.08,6,False
W993,0.08,4,True
W994,0.08,6,False
W995,0.08,5,False
W996,0.08,10,False
W998,0.08,4,True
