ObjectId,merge_province_cn,power_type_cn,low_return_entry_weather_year_count,strict_marginal_weather_year_count,colocated_6p5_weather_year_count
1,安徽,光伏,0,0,0
10,安徽,光伏,0,0,0
1000,广东,光伏,0,0,0
10001,山东,光伏,0,0,0
10005,山东,光伏,0,0,0
1001,广东,光伏,0,0,0
10013,山东,光伏,0,0,0
10015,辽宁,光伏,0,0,0
1002,广西,光伏,0,0,0
10020,河北,光伏,0,0,0
10021,河北,光伏,0,0,0
10022,浙江,光伏,0,0,0
10023,浙江,光伏,0,0,0
10025,浙江,光伏,0,0,0
10027,浙江,光伏,0,0,0
1003,广西,光伏,0,0,0
10030,西藏,光伏,6,0,6
10031,西藏,光伏,6,0,6
10033,甘肃,光伏,0,0,0
10034,湖南,光伏,0,0,0
10036,安徽,光伏,0,0,0
10040,四川,光伏,0,0,0
10041,安徽,光伏,0,0,0
10045,河南,光伏,0,0,0
10048,河南,光伏,0,0,0
10049,河南,光伏,0,0,0
1005,广西,光伏,0,0,0
10050,河南,光伏,0,0,0
10051,河南,光伏,0,0,0
10052,宁夏,光伏,0,0,0
10053,山东,光伏,0,0,0
10054,湖北,光伏,0,0,0
1006,广西,光伏,0,0,0
10062,河南,光伏,0,0,0
10065,河南,光伏,0,0,0
10066,河南,光伏,0,0,0
10068,江苏,光伏,0,0,0
10069,江西,光伏,0,0,0
1007,广西,光伏,0,0,0
10070,河南,光伏,0,0,0
10071,河南,光伏,0,0,0
10075,安徽,光伏,0,0,0
10076,宁夏,光伏,0,0,0
10077,西藏,光伏,6,0,6
10078,宁夏,光伏,0,0,0
10079,宁夏,光伏,0,0,0
10080,宁夏,光伏,0,0,0
10081,河北,光伏,0,0,0
10082,甘肃,光伏,0,0,0
10083,山东,光伏,0,0,0
10084,黑龙江,光伏,0,0,0
10085,内蒙古,光伏,0,0,0
1010,广西,光伏,0,0,0
10103,山东,光伏,0,0,0
10105,浙江,光伏,0,0,0
10106,山东,光伏,0,0,0
1011,广西,光伏,0,0,0
10110,江西,光伏,0,0,0
10111,浙江,光伏,0,0,0
10112,山东,光伏,0,0,0
10113,江苏,光伏,0,0,0
10119,辽宁,光伏,0,0,0
10120,江苏,光伏,0,0,0
10125,河南,光伏,0,0,0
10128,河南,光伏,0,0,0
10129,江西,光伏,0,0,0
10132,山东,光伏,0,0,0
10133,浙江,光伏,0,0,0
10135,辽宁,光伏,0,0,0
10137,江西,光伏,0,0,0
1014,广西,光伏,0,0,0
10140,山东,光伏,0,0,0
10142,山东,光伏,0,0,0
10143,浙江,光伏,0,0,0
10144,河南,光伏,0,0,0
10145,陕西,光伏,0,0,0
10148,山东,光伏,0,0,0
10152,山东,光伏,0,0,0
10153,江西,光伏,0,0,0
10159,河北,光伏,0,0,0
1016,广西,光伏,0,0,0
10160,河北,光伏,0,0,0
10163,安徽,光伏,0,0,0
10164,辽宁,光伏,0,0,0
10165,河北,光伏,0,0,0
10166,江西,光伏,0,0,0
10167,浙江,光伏,0,0,0
1017,广西,光伏,0,0,0
10171,吉林,光伏,0,0,0
10173,陕西,光伏,0,0,0
10174,山东,光伏,0,0,0
10175,甘肃,光伏,0,0,0
10176,山东,光伏,0,0,0
10180,山东,光伏,0,0,0
10186,山东,光伏,0,0,0
10188,山东,光伏,0,0,0
10189,山东,光伏,0,0,0
10190,山东,光伏,0,0,0
102,甘肃,光伏,6,6,0
1020,广西,光伏,0,0,0
10203,山东,光伏,0,0,0
10207,甘肃,光伏,0,0,0
10209,河北,光伏,0,0,0
1021,广西,光伏,0,0,0
10210,河南,光伏,0,0,0
10211,陕西,光伏,0,0,0
10213,吉林,光伏,0,0,0
10216,浙江,光伏,0,0,0
1022,广西,光伏,0,0,0
10221,浙江,光伏,0,0,0
10226,浙江,光伏,0,0,0
10227,西藏,光伏,6,0,6
10228,江苏,光伏,0,0,0
10229,湖南,光伏,0,0,0
1023,广西,光伏,0,0,0
10233,江苏,光伏,0,0,0
10238,河北,光伏,0,0,0
1024,广西,光伏,0,0,0
10241,河北,光伏,0,0,0
10242,河北,光伏,0,0,0
10245,吉林,光伏,0,0,0
10247,重庆,光伏,0,0,0
1025,广西,光伏,0,0,0
10252,新疆,光伏,0,0,0
10253,甘肃,光伏,0,0,0
10256,浙江,光伏,0,0,0
10259,甘肃,光伏,0,0,0
10264,河南,光伏,0,0,0
10266,河北,光伏,0,0,0
10269,甘肃,光伏,0,0,0
1027,广西,光伏,0,0,0
10271,甘肃,光伏,0,0,0
10276,浙江,光伏,0,0,0
10277,甘肃,光伏,0,0,0
1028,广西,光伏,0,0,0
10281,山东,光伏,0,0,0
10285,浙江,光伏,0,0,0
10286,浙江,光伏,0,0,0
1029,广西,光伏,0,0,0
10295,浙江,光伏,0,0,0
10297,浙江,光伏,0,0,0
10299,福建,光伏,0,0,0
103,甘肃,光伏,6,6,0
10300,宁夏,光伏,0,0,0
10301,江苏,光伏,0,0,0
10302,浙江,光伏,0,0,0
10307,浙江,光伏,0,0,0
10310,浙江,光伏,0,0,0
10311,浙江,光伏,0,0,0
10312,山东,光伏,0,0,0
10313,河北,光伏,0,0,0
10314,山东,光伏,0,0,0
10316,宁夏,光伏,0,0,0
10317,宁夏,光伏,0,0,0
10318,宁夏,光伏,0,0,0
10319,宁夏,光伏,0,0,0
10321,宁夏,光伏,0,0,0
10322,宁夏,光伏,0,0,0
10323,宁夏,光伏,0,0,0
10324,宁夏,光伏,0,0,0
10325,宁夏,光伏,0,0,0
10326,宁夏,光伏,0,0,0
10327,宁夏,光伏,0,0,0
10329,宁夏,光伏,0,0,0
10330,宁夏,光伏,0,0,0
10331,宁夏,光伏,0,0,0
10332,宁夏,光伏,0,0,0
10333,宁夏,光伏,0,0,0
10341,吉林,光伏,0,0,0
10342,湖北,光伏,0,0,0
10343,湖北,光伏,0,0,0
10345,天津,光伏,0,0,0
10346,山东,光伏,0,0,0
10347,河北,光伏,0,0,0
10351,江苏,光伏,0,0,0
10352,山东,光伏,0,0,0
10353,浙江,光伏,0,0,0
10354,浙江,光伏,0,0,0
10357,江苏,光伏,0,0,0
10358,浙江,光伏,0,0,0
10359,辽宁,光伏,0,0,0
10361,辽宁,光伏,0,0,0
10362,辽宁,光伏,0,0,0
10364,吉林,光伏,0,0,0
10365,四川,光伏,0,0,0
10366,江苏,光伏,0,0,0
10367,江苏,光伏,0,0,0
10369,江苏,光伏,0,0,0
1037,广西,光伏,0,0,0
10374,山东,光伏,0,0,0
10377,河北,光伏,0,0,0
1038,广西,光伏,0,0,0
10380,甘肃,光伏,0,0,0
10382,甘肃,光伏,0,0,0
10384,甘肃,光伏,0,0,0
10385,河北,光伏,0,0,0
10386,山东,光伏,0,0,0
10388,浙江,光伏,0,0,0
1039,广西,光伏,0,0,0
10390,河南,光伏,0,0,0
10391,云南,光伏,0,0,0
10394,浙江,光伏,0,0,0
10398,浙江,光伏,0,0,0
10399,山西,光伏,0,0,0
104,甘肃,光伏,6,6,0
10403,浙江,光伏,0,0,0
10404,山东,光伏,0,0,0
10408,河北,光伏,0,0,0
1041,广西,光伏,0,0,0
10414,安徽,光伏,0,0,0
10417,浙江,光伏,0,0,0
10419,河南,光伏,0,0,0
1042,广西,光伏,0,0,0
10420,四川,光伏,0,0,0
10427,河南,光伏,0,0,0
1043,广西,光伏,0,0,0
10436,福建,光伏,0,0,0
10437,山东,光伏,0,0,0
10441,河南,光伏,0,0,0
10444,山东,光伏,0,0,0
10446,山东,光伏,0,0,0
10448,山东,光伏,0,0,0
1045,广西,光伏,0,0,0
10451,山东,光伏,0,0,0
10452,河南,光伏,0,0,0
10454,山东,光伏,0,0,0
10459,河南,光伏,0,0,0
1046,广西,光伏,0,0,0
10466,河南,光伏,0,0,0
10470,陕西,光伏,0,0,0
10472,浙江,光伏,0,0,0
10476,山东,光伏,0,0,0
1048,广西,光伏,0,0,0
105,甘肃,光伏,6,6,0
1050,广西,光伏,0,0,0
10501,江苏,光伏,0,0,0
10506,浙江,光伏,0,0,0
10509,浙江,光伏,0,0,0
10514,江苏,光伏,0,0,0
1053,广西,光伏,0,0,0
10533,山东,光伏,0,0,0
10539,福建,光伏,0,0,0
1054,贵州,光伏,0,0,0
10546,福建,光伏,0,0,0
10547,黑龙江,光伏,0,0,0
10553,黑龙江,光伏,0,0,0
10559,辽宁,光伏,0,0,0
1056,广西,光伏,0,0,0
10562,山东,光伏,0,0,0
10566,山西,光伏,0,0,0
10575,甘肃,光伏,0,0,0
10578,山东,光伏,0,0,0
1058,广西,光伏,0,0,0
10580,江西,光伏,0,0,0
10581,宁夏,光伏,0,0,0
10582,浙江,光伏,0,0,0
10587,安徽,光伏,0,0,0
10588,河南,光伏,0,0,0
10589,河北,光伏,0,0,0
1059,广西,光伏,0,0,0
10593,湖南,光伏,0,0,0
10597,江苏,光伏,0,0,0
10599,江苏,光伏,0,0,0
106,甘肃,光伏,6,6,0
1060,广西,光伏,0,0,0
10602,浙江,光伏,0,0,0
10604,江苏,光伏,0,0,0
10606,河北,光伏,0,0,0
10607,山东,光伏,0,0,0
1061,广西,光伏,0,0,0
10616,江西,光伏,0,0,0
1062,江苏,光伏,0,0,0
10623,山东,光伏,0,0,0
10625,江西,光伏,0,0,0
10626,浙江,光伏,0,0,0
1063,广西,光伏,0,0,0
10633,江西,光伏,0,0,0
1064,广西,光伏,0,0,0
10641,江西,光伏,0,0,0
10643,江西,光伏,0,0,0
10648,江西,光伏,0,0,0
10649,江西,光伏,0,0,0
1065,广西,光伏,0,0,0
10650,山东,光伏,0,0,0
10651,山东,光伏,0,0,0
10655,江西,光伏,0,0,0
10658,山东,光伏,0,0,0
1066,广西,光伏,0,0,0
10664,山东,光伏,0,0,0
10665,河北,光伏,0,0,0
10666,山东,光伏,0,0,0
10667,河南,光伏,0,0,0
10668,江苏,光伏,0,0,0
10671,山西,光伏,0,0,0
10676,北京,光伏,0,0,0
10679,西藏,光伏,6,0,6
10683,云南,光伏,0,0,0
10685,江苏,光伏,0,0,0
10686,福建,光伏,0,0,0
10687,青海,光伏,0,0,0
10688,河南,光伏,0,0,0
10691,江苏,光伏,0,0,0
10693,青海,光伏,0,0,0
10694,江苏,光伏,0,0,0
10695,福建,光伏,0,0,0
10697,湖北,光伏,0,0,0
107,甘肃,光伏,6,6,0
10702,河南,光伏,0,0,0
10703,浙江,光伏,0,0,0
10704,湖南,光伏,0,0,0
10706,青海,光伏,0,0,0
10708,山东,光伏,0,0,0
10709,浙江,光伏,0,0,0
10710,湖南,光伏,0,0,0
10711,甘肃,光伏,0,0,0
10714,青海,光伏,0,0,0
10718,湖南,光伏,0,0,0
1072,广西,光伏,0,0,0
10720,浙江,光伏,0,0,0
10722,青海,光伏,0,0,0
10725,浙江,光伏,0,0,0
10726,江西,光伏,0,0,0
10728,江苏,光伏,0,0,0
10729,新疆,光伏,0,0,0
10732,江西,光伏,0,0,0
10733,江苏,光伏,0,0,0
10734,内蒙古,光伏,0,0,0
1074,广西,光伏,0,0,0
10740,江苏,光伏,0,0,0
1075,广西,光伏,0,0,0
10755,福建,光伏,0,0,0
10757,山东,光伏,0,0,0
10761,陕西,光伏,0,0,0
10762,福建,光伏,0,0,0
10767,安徽,光伏,0,0,0
10768,河北,光伏,0,0,0
10772,天津,光伏,0,0,0
10778,新疆,光伏,0,0,0
10779,浙江,光伏,0,0,0
1078,广西,光伏,0,0,0
10781,江苏,光伏,0,0,0
10782,河南,光伏,0,0,0
10783,重庆,光伏,0,0,0
10796,江苏,光伏,0,0,0
10799,宁夏,光伏,0,0,0
108,甘肃,光伏,6,6,0
10802,浙江,光伏,0,0,0
10805,江苏,光伏,0,0,0
10806,山东,光伏,0,0,0
10807,河南,光伏,0,0,0
10808,河北,光伏,0,0,0
10811,安徽,光伏,0,0,0
10813,江苏,光伏,0,0,0
10818,安徽,光伏,0,0,0
1082,广西,光伏,0,0,0
10821,内蒙古,光伏,0,0,0
10826,江苏,光伏,0,0,0
10829,山东,光伏,0,0,0
10835,吉林,光伏,0,0,0
10841,江苏,光伏,0,0,0
10844,山东,光伏,0,0,0
10846,吉林,光伏,0,0,0
10849,山西,光伏,0,0,0
10852,内蒙古,光伏,0,0,0
10854,西藏,光伏,6,0,6
10859,吉林,光伏,0,0,0
1086,广西,光伏,0,0,0
10862,辽宁,光伏,0,0,0
10866,江苏,光伏,0,0,0
10867,河北,光伏,0,0,0
10868,辽宁,光伏,0,0,0
10871,河北,光伏,0,0,0
10873,安徽,光伏,0,0,0
10880,江苏,光伏,0,0,0
10882,河北,光伏,0,0,0
10885,河南,光伏,0,0,0
10892,海南,光伏,0,0,0
10894,浙江,光伏,0,0,0
10895,山东,光伏,0,0,0
10896,海南,光伏,0,0,0
10897,江苏,光伏,0,0,0
10898,辽宁,光伏,0,0,0
109,甘肃,光伏,6,6,0
10900,海南,光伏,0,0,0
10907,黑龙江,光伏,0,0,0
10911,河北,光伏,0,0,0
10914,江苏,光伏,0,0,0
10916,山东,光伏,0,0,0
10917,辽宁,光伏,0,0,0
10919,江西,光伏,0,0,0
10921,安徽,光伏,0,0,0
10923,山东,光伏,0,0,0
10924,山东,光伏,0,0,0
10925,辽宁,光伏,0,0,0
10930,江西,光伏,0,0,0
10931,江苏,光伏,0,0,0
10934,江苏,光伏,0,0,0
10939,江苏,光伏,0,0,0
10940,江西,光伏,0,0,0
10941,河南,光伏,0,0,0
10944,辽宁,光伏,0,0,0
10945,江苏,光伏,0,0,0
1095,广西,光伏,0,0,0
10956,西藏,光伏,6,0,6
1096,广西,光伏,0,0,0
10966,安徽,光伏,0,0,0
1097,广西,光伏,0,0,0
10974,辽宁,光伏,0,0,0
10975,安徽,光伏,0,0,0
10980,辽宁,光伏,0,0,0
10987,山东,光伏,0,0,0
1099,广西,光伏,0,0,0
10990,江苏,光伏,0,0,0
10992,辽宁,光伏,0,0,0
10994,辽宁,光伏,0,0,0
10995,江苏,光伏,0,0,0
110,甘肃,光伏,6,6,0
1100,广西,光伏,0,0,0
11000,辽宁,光伏,0,0,0
11001,宁夏,光伏,0,0,0
11003,江苏,光伏,0,0,0
11008,西藏,光伏,6,0,6
11009,辽宁,光伏,0,0,0
1101,广西,光伏,0,0,0
11011,浙江,光伏,0,0,0
11013,山东,光伏,0,0,0
11014,天津,光伏,0,0,0
11016,新疆,光伏,0,0,0
11019,新疆,光伏,0,0,0
11021,山东,光伏,0,0,0
11022,新疆,光伏,0,0,0
11024,河南,光伏,0,0,0
11027,山东,光伏,0,0,0
11028,宁夏,光伏,0,0,0
11029,湖北,光伏,0,0,0
11034,山西,光伏,0,0,0
11038,西藏,光伏,6,0,6
11039,山西,光伏,0,0,0
1104,广东,光伏,0,0,0
11041,西藏,光伏,6,0,6
11042,山西,光伏,0,0,0
11043,浙江,光伏,0,0,0
11044,辽宁,光伏,0,0,0
11045,西藏,光伏,6,0,6
11048,山东,光伏,0,0,0
11051,西藏,光伏,6,0,6
11052,山西,光伏,0,0,0
11055,江西,光伏,0,0,0
11056,江苏,光伏,0,0,0
11061,浙江,光伏,0,0,0
11062,山西,光伏,0,0,0
11064,浙江,光伏,0,0,0
11077,浙江,光伏,0,0,0
11081,内蒙古,光伏,0,0,0
11086,浙江,光伏,0,0,0
11088,辽宁,光伏,0,0,0
11093,内蒙古,光伏,0,0,0
11094,江苏,光伏,0,0,0
11098,河北,光伏,0,0,0
111,甘肃,光伏,6,6,0
1110,广西,光伏,0,0,0
11101,宁夏,光伏,0,0,0
11112,浙江,光伏,0,0,0
11113,江苏,光伏,0,0,0
11116,山东,光伏,0,0,0
11131,河南,光伏,0,0,0
11132,山西,光伏,0,0,0
11133,浙江,光伏,0,0,0
11137,山东,光伏,0,0,0
11145,宁夏,光伏,0,0,0
1115,贵州,光伏,0,0,0
11154,天津,光伏,0,0,0
1116,广西,光伏,0,0,0
11161,天津,光伏,0,0,0
11163,天津,光伏,0,0,0
11169,天津,光伏,0,0,0
11171,浙江,光伏,0,0,0
11172,江苏,光伏,0,0,0
11174,浙江,光伏,0,0,0
11175,浙江,光伏,0,0,0
11178,青海,光伏,0,0,0
11181,山西,光伏,0,0,0
11183,山西,光伏,0,0,0
11186,西藏,光伏,0,0,0
11187,西藏,光伏,6,0,6
11188,西藏,光伏,6,0,6
11189,西藏,光伏,6,0,6
11191,辽宁,光伏,0,0,0
11193,辽宁,光伏,0,0,0
112,甘肃,光伏,6,6,0
11201,辽宁,光伏,0,0,0
11202,江苏,光伏,0,0,0
11203,四川,光伏,0,0,0
11204,福建,光伏,0,0,0
11205,陕西,光伏,0,0,0
11208,山西,光伏,0,0,0
11209,江西,光伏,0,0,0
11210,江西,光伏,0,0,0
11211,吉林,光伏,0,0,0
11214,内蒙古,光伏,0,0,0
11220,浙江,光伏,0,0,0
11223,浙江,光伏,0,0,0
11226,浙江,光伏,0,0,0
11227,浙江,光伏,0,0,0
1123,贵州,光伏,0,0,0
11236,山东,光伏,0,0,0
11239,浙江,光伏,0,0,0
1124,广西,光伏,0,0,0
11241,山东,光伏,0,0,0
11243,江苏,光伏,0,0,0
11245,山西,光伏,0,0,0
11247,浙江,光伏,0,0,0
1125,广东,光伏,0,0,0
11251,山东,光伏,0,0,0
11253,河北,光伏,0,0,0
11256,山东,光伏,0,0,0
11258,江西,光伏,0,0,0
11262,山东,光伏,0,0,0
11264,山东,光伏,0,0,0
11267,浙江,光伏,0,0,0
11268,江苏,光伏,0,0,0
1127,广东,光伏,0,0,0
11273,河北,光伏,0,0,0
11277,浙江,光伏,0,0,0
11278,浙江,光伏,0,0,0
1128,贵州,光伏,0,0,0
11280,山东,光伏,0,0,0
11282,安徽,光伏,0,0,0
11283,陕西,光伏,0,0,0
11286,河南,光伏,0,0,0
11290,陕西,光伏,0,0,0
11291,河南,光伏,0,0,0
11298,河北,光伏,0,0,0
113,甘肃,光伏,5,5,0
1130,广西,光伏,0,0,0
11305,河南,光伏,0,0,0
11307,山东,光伏,0,0,0
11309,安徽,光伏,0,0,0
1132,贵州,光伏,0,0,0
11320,浙江,光伏,0,0,0
11324,浙江,光伏,0,0,0
11329,河南,光伏,0,0,0
1133,广西,光伏,0,0,0
11331,浙江,光伏,0,0,0
11335,湖南,光伏,0,0,0
1134,贵州,光伏,0,0,0
11344,浙江,光伏,0,0,0
11358,上海,光伏,0,0,0
11363,辽宁,光伏,0,0,0
11373,西藏,光伏,6,0,6
11374,吉林,光伏,0,0,0
11377,上海,光伏,0,0,0
11383,江苏,光伏,0,0,0
1139,广西,光伏,0,0,0
11390,上海,光伏,0,0,0
11392,江苏,光伏,0,0,0
11393,山东,光伏,0,0,0
114,甘肃,光伏,6,6,0
1140,贵州,光伏,0,0,0
11400,江苏,光伏,0,0,0
11404,山东,光伏,0,0,0
11410,江苏,光伏,0,0,0
11421,江苏,光伏,0,0,0
11424,陕西,光伏,0,0,0
11425,浙江,光伏,0,0,0
11431,内蒙古,光伏,0,0,0
11436,江苏,光伏,0,0,0
11438,山东,光伏,0,0,0
11439,江西,光伏,0,0,0
11440,江苏,光伏,0,0,0
11449,山东,光伏,0,0,0
11451,江苏,光伏,0,0,0
11453,江苏,光伏,0,0,0
11459,陕西,光伏,0,0,0
11461,山东,光伏,0,0,0
11468,河南,光伏,0,0,0
1147,贵州,光伏,0,0,0
11473,江西,光伏,0,0,0
11474,浙江,光伏,0,0,0
11479,江苏,光伏,0,0,0
11480,上海,光伏,0,0,0
11481,江苏,光伏,0,0,0
11482,新疆,光伏,0,0,0
11485,浙江,光伏,0,0,0
11487,陕西,光伏,0,0,0
11490,河北,光伏,0,0,0
11493,浙江,光伏,0,0,0
115,甘肃,光伏,6,6,0
11518,浙江,光伏,0,0,0
11526,浙江,光伏,0,0,0
11534,浙江,光伏,0,0,0
11540,湖南,光伏,0,0,0
11542,河北,光伏,0,0,0
11543,河北,光伏,0,0,0
11544,山西,光伏,0,0,0
11545,河南,光伏,0,0,0
11548,湖北,光伏,0,0,0
1155,广东,光伏,0,0,0
11550,浙江,光伏,0,0,0
11552,山东,光伏,0,0,0
11556,浙江,光伏,0,0,0
11558,陕西,光伏,0,0,0
11561,山东,光伏,0,0,0
11563,河南,光伏,0,0,0
11564,江苏,光伏,0,0,0
11569,宁夏,光伏,0,0,0
11570,江苏,光伏,0,0,0
11574,河北,光伏,0,0,0
11576,河北,光伏,0,0,0
11577,江苏,光伏,0,0,0
11578,湖北,光伏,0,0,0
11581,江苏,光伏,0,0,0
11582,江苏,光伏,0,0,0
11587,山东,光伏,0,0,0
11594,山东,光伏,0,0,0
11598,浙江,光伏,0,0,0
116,甘肃,光伏,6,6,0
11600,福建,光伏,0,0,0
11603,河北,光伏,0,0,0
11605,山东,光伏,0,0,0
1161,广西,光伏,0,0,0
11614,山东,光伏,0,0,0
11616,河南,光伏,0,0,0
11619,山东,光伏,0,0,0
1162,广西,光伏,0,0,0
11623,河北,光伏,0,0,0
11628,湖北,光伏,0,0,0
1163,广西,光伏,0,0,0
11634,浙江,光伏,0,0,0
11635,山东,光伏,0,0,0
11636,河北,光伏,0,0,0
1164,贵州,光伏,0,0,0
11641,安徽,光伏,0,0,0
1165,贵州,光伏,0,0,0
11650,山东,光伏,0,0,0
11651,浙江,光伏,0,0,0
1166,广东,光伏,0,0,0
11667,浙江,光伏,0,0,0
11685,浙江,光伏,0,0,0
11686,安徽,光伏,0,0,0
1169,广西,光伏,0,0,0
11692,吉林,光伏,0,0,0
11693,安徽,光伏,0,0,0
117,甘肃,光伏,6,6,0
1170,广东,光伏,0,0,0
11706,宁夏,光伏,0,0,0
11716,山东,光伏,0,0,0
1172,贵州,光伏,0,0,0
11720,辽宁,光伏,0,0,0
11729,安徽,光伏,0,0,0
11737,辽宁,光伏,0,0,0
11744,天津,光伏,0,0,0
11745,河南,光伏,0,0,0
11747,四川,光伏,0,0,0
1175,广东,光伏,0,0,0
11750,安徽,光伏,0,0,0
11758,重庆,光伏,0,0,0
11759,山东,光伏,0,0,0
11766,山东,光伏,0,0,0
11772,浙江,光伏,0,0,0
11774,吉林,光伏,0,0,0
11780,江苏,光伏,0,0,0
11786,山东,光伏,0,0,0
1179,广西,光伏,0,0,0
118,甘肃,光伏,6,6,0
1180,广西,光伏,0,0,0
11801,山东,光伏,0,0,0
11807,山东,光伏,0,0,0
11810,河北,光伏,0,0,0
11811,山东,光伏,0,0,0
1182,广东,光伏,0,0,0
1183,贵州,光伏,0,0,0
11833,山东,光伏,0,0,0
11834,新疆,光伏,0,0,0
1184,贵州,光伏,0,0,0
11841,江苏,光伏,0,0,0
11845,山东,光伏,0,0,0
11847,江苏,光伏,0,0,0
11849,江苏,光伏,0,0,0
11850,上海,光伏,0,0,0
11852,辽宁,光伏,0,0,0
11856,江苏,光伏,0,0,0
11858,江苏,光伏,0,0,0
11859,甘肃,光伏,0,0,0
1186,广西,光伏,0,0,0
11862,江苏,光伏,0,0,0
11863,山东,光伏,0,0,0
11865,浙江,光伏,0,0,0
11867,吉林,光伏,0,0,0
11868,山东,光伏,0,0,0
1187,广西,光伏,0,0,0
11871,陕西,光伏,0,0,0
11872,黑龙江,光伏,0,0,0
11875,浙江,光伏,0,0,0
11877,浙江,光伏,0,0,0
11879,辽宁,光伏,0,0,0
1188,贵州,光伏,0,0,0
11883,江西,光伏,0,0,0
11884,辽宁,光伏,0,0,0
11888,江西,光伏,0,0,0
11891,河南,光伏,0,0,0
11892,浙江,光伏,0,0,0
11897,浙江,光伏,0,0,0
119,甘肃,光伏,6,6,0
11900,山东,光伏,0,0,0
11905,上海,光伏,0,0,0
11907,山东,光伏,0,0,0
1191,贵州,光伏,0,0,0
11912,上海,光伏,0,0,0
11914,天津,光伏,0,0,0
11916,上海,光伏,0,0,0
1192,广西,光伏,0,0,0
11920,安徽,光伏,0,0,0
11925,山西,光伏,0,0,0
11927,河南,光伏,0,0,0
1193,广东,光伏,0,0,0
11938,山东,光伏,0,0,0
1194,贵州,光伏,0,0,0
11944,山东,光伏,0,0,0
11945,山东,光伏,0,0,0
1195,贵州,光伏,0,0,0
11953,山东,光伏,0,0,0
11956,陕西,光伏,0,0,0
11958,陕西,光伏,0,0,0
11959,河南,光伏,0,0,0
1196,广西,光伏,0,0,0
11965,江西,光伏,0,0,0
11969,河南,光伏,0,0,0
11976,河南,光伏,0,0,0
1198,广西,光伏,0,0,0
11984,宁夏,光伏,0,0,0
11985,西藏,光伏,6,0,6
1199,广东,光伏,0,0,0
11990,西藏,光伏,6,0,6
11991,河北,光伏,0,0,0
11995,河北,光伏,0,0,0
11996,山西,光伏,0,0,0
11999,山西,光伏,0,0,0
12,安徽,光伏,0,0,0
12003,江西,光伏,0,0,0
12004,山东,光伏,0,0,0
12005,山东,光伏,0,0,0
12008,山东,光伏,0,0,0
12016,云南,光伏,0,0,0
12018,山东,光伏,0,0,0
1202,广西,光伏,0,0,0
12021,山东,光伏,0,0,0
12022,山东,光伏,0,0,0
1203,广东,光伏,0,0,0
12030,河南,光伏,0,0,0
12032,山东,光伏,0,0,0
12033,河南,光伏,0,0,0
12037,江苏,光伏,0,0,0
12038,江苏,光伏,0,0,0
12039,江苏,光伏,0,0,0
1204,贵州,光伏,0,0,0
12040,天津,光伏,0,0,0
12042,陕西,光伏,0,0,0
12043,陕西,光伏,0,0,0
12044,陕西,光伏,0,0,0
12046,河南,光伏,0,0,0
12047,甘肃,光伏,0,0,0
12054,海南,光伏,0,0,0
12055,海南,光伏,0,0,0
12057,浙江,光伏,0,0,0
12061,山东,光伏,0,0,0
12062,山东,光伏,0,0,0
12066,河南,光伏,0,0,0
12067,河南,光伏,0,0,0
12068,浙江,光伏,0,0,0
12069,浙江,光伏,0,0,0
12070,浙江,光伏,0,0,0
12073,浙江,光伏,0,0,0
1208,贵州,光伏,0,0,0
12083,河南,光伏,0,0,0
12088,河北,光伏,0,0,0
12090,山东,光伏,0,0,0
12096,河南,光伏,0,0,0
121,甘肃,光伏,6,6,0
12100,湖北,光伏,0,0,0
12101,湖北,光伏,0,0,0
1211,广东,光伏,0,0,0
12114,江西,光伏,0,0,0
12116,重庆,光伏,0,0,0
12118,山东,光伏,0,0,0
12128,内蒙古,光伏,0,0,0
12132,山东,光伏,0,0,0
12138,河南,光伏,0,0,0
12139,江西,光伏,0,0,0
1214,贵州,光伏,0,0,0
12143,山东,光伏,0,0,0
1215,贵州,光伏,0,0,0
12150,江苏,光伏,0,0,0
12151,江苏,光伏,0,0,0
12155,江西,光伏,0,0,0
12157,四川,光伏,0,0,0
12158,江苏,光伏,0,0,0
12160,山西,光伏,0,0,0
12164,山东,光伏,0,0,0
12167,山西,光伏,0,0,0
12168,河南,光伏,0,0,0
12171,湖北,光伏,0,0,0
12173,湖北,光伏,0,0,0
12178,江西,光伏,0,0,0
12182,湖北,光伏,0,0,0
12183,浙江,光伏,0,0,0
12184,安徽,光伏,0,0,0
12185,陕西,光伏,0,0,0
12186,江苏,光伏,0,0,0
12187,内蒙古,光伏,0,0,0
12188,山东,光伏,0,0,0
12189,山东,光伏,0,0,0
1219,广东,光伏,0,0,0
12192,宁夏,光伏,0,0,0
12196,河南,光伏,0,0,0
12198,辽宁,光伏,0,0,0
122,甘肃,光伏,6,6,0
12200,辽宁,光伏,0,0,0
12201,辽宁,光伏,0,0,0
12205,安徽,光伏,0,0,0
12207,安徽,光伏,0,0,0
12209,吉林,光伏,0,0,0
1221,广西,光伏,0,0,0
12214,山东,光伏,0,0,0
12215,浙江,光伏,0,0,0
12229,江苏,光伏,0,0,0
1223,贵州,光伏,0,0,0
1224,贵州,光伏,0,0,0
1225,广东,光伏,0,0,0
12253,河南,光伏,0,0,0
12254,河南,光伏,0,0,0
12256,安徽,光伏,0,0,0
12262,江苏,光伏,0,0,0
12266,四川,光伏,0,0,0
12267,江苏,光伏,0,0,0
1227,广西,光伏,0,0,0
12275,河南,光伏,0,0,0
12283,河南,光伏,0,0,0
12285,陕西,光伏,0,0,0
12286,浙江,光伏,0,0,0
1229,贵州,光伏,0,0,0
12290,福建,光伏,0,0,0
12292,江苏,光伏,0,0,0
12293,浙江,光伏,0,0,0
12294,江苏,光伏,0,0,0
12296,河北,光伏,0,0,0
12297,河北,光伏,0,0,0
12302,江苏,光伏,0,0,0
12303,浙江,光伏,0,0,0
12304,山东,光伏,0,0,0
12308,河南,光伏,0,0,0
12312,安徽,光伏,0,0,0
12315,浙江,光伏,0,0,0
12316,安徽,光伏,0,0,0
12317,山西,光伏,0,0,0
1232,广西,光伏,0,0,0
12321,河南,光伏,0,0,0
12324,浙江,光伏,0,0,0
12326,天津,光伏,0,0,0
12327,河南,光伏,0,0,0
12328,河南,光伏,0,0,0
1234,贵州,光伏,0,0,0
12341,浙江,光伏,0,0,0
12343,河南,光伏,0,0,0
12344,江苏,光伏,0,0,0
12345,陕西,光伏,0,0,0
1235,广东,光伏,0,0,0
12351,湖北,光伏,0,0,0
12352,江苏,光伏,0,0,0
12354,江苏,光伏,0,0,0
12355,浙江,光伏,0,0,0
12356,内蒙古,光伏,0,0,0
12358,福建,光伏,0,0,0
12359,安徽,光伏,0,0,0
12362,安徽,光伏,0,0,0
12365,江苏,光伏,0,0,0
1238,贵州,光伏,0,0,0
1239,广西,光伏,0,0,0
1240,贵州,光伏,0,0,0
1242,贵州,光伏,0,0,0
12428,浙江,光伏,0,0,0
12429,江苏,光伏,0,0,0
1243,广西,光伏,0,0,0
12433,江西,光伏,0,0,0
12434,浙江,光伏,0,0,0
12435,江西,光伏,0,0,0
12436,浙江,光伏,0,0,0
12437,江西,光伏,0,0,0
12440,江西,光伏,0,0,0
12445,山西,光伏,0,0,0
12446,安徽,光伏,0,0,0
12448,山东,光伏,0,0,0
1245,贵州,光伏,0,0,0
12452,河北,光伏,0,0,0
12454,河南,光伏,0,0,0
12455,浙江,光伏,0,0,0
12462,河南,光伏,0,0,0
12463,河南,光伏,0,0,0
12466,江苏,光伏,0,0,0
12469,青海,光伏,6,6,0
1247,贵州,光伏,0,0,0
12470,河南,光伏,0,0,0
12475,江苏,光伏,0,0,0
1248,广西,光伏,0,0,0
12484,江苏,光伏,0,0,0
12485,浙江,光伏,0,0,0
1249,贵州,光伏,0,0,0
12490,内蒙古,光伏,0,0,0
12491,浙江,光伏,0,0,0
12492,河北,光伏,0,0,0
12493,湖北,光伏,0,0,0
125,甘肃,光伏,6,6,0
12502,江西,光伏,0,0,0
1251,贵州,光伏,0,0,0
12510,河北,光伏,0,0,0
12516,江苏,光伏,0,0,0
12517,江苏,光伏,0,0,0
12520,山东,光伏,0,0,0
12521,陕西,光伏,0,0,0
12527,山东,光伏,0,0,0
12532,宁夏,光伏,0,0,0
12535,山西,光伏,0,0,0
12542,山西,光伏,0,0,0
12547,吉林,光伏,0,0,0
12548,山西,光伏,0,0,0
12549,山东,光伏,0,0,0
12553,甘肃,光伏,0,0,0
12554,山东,光伏,0,0,0
1256,湖北,光伏,0,0,0
12560,河北,光伏,0,0,0
12561,河北,光伏,0,0,0
12567,湖北,光伏,0,0,0
1257,贵州,光伏,0,0,0
12570,湖北,光伏,0,0,0
12575,江西,光伏,0,0,0
12577,江西,光伏,0,0,0
12579,江苏,光伏,0,0,0
12581,福建,光伏,0,0,0
12584,湖北,光伏,0,0,0
12585,吉林,光伏,0,0,0
12586,湖南,光伏,0,0,0
12588,湖北,光伏,0,0,0
12589,江西,光伏,0,0,0
1259,广西,光伏,0,0,0
12594,河北,光伏,0,0,0
126,甘肃,光伏,6,6,0
12600,湖北,光伏,0,0,0
12605,江苏,光伏,0,0,0
12612,宁夏,光伏,0,0,0
12613,河北,光伏,0,0,0
12614,山东,光伏,0,0,0
12626,河北,光伏,0,0,0
12627,四川,光伏,0,0,0
12628,新疆,光伏,3,3,0
1263,贵州,光伏,0,0,0
12634,甘肃,光伏,0,0,0
1264,广西,光伏,0,0,0
12648,江苏,光伏,0,0,0
12649,江苏,光伏,0,0,0
12653,江苏,光伏,0,0,0
12658,河南,光伏,0,0,0
1266,贵州,光伏,0,0,0
12660,河南,光伏,0,0,0
12661,江苏,光伏,0,0,0
12663,山东,光伏,0,0,0
12664,江苏,光伏,0,0,0
12669,江西,光伏,0,0,0
12674,江苏,光伏,0,0,0
12682,内蒙古,光伏,0,0,0
12686,河南,光伏,0,0,0
12689,辽宁,光伏,0,0,0
12693,江西,光伏,0,0,0
127,甘肃,光伏,0,0,0
1270,贵州,光伏,0,0,0
12702,浙江,光伏,0,0,0
12704,河北,光伏,0,0,0
12705,江苏,光伏,0,0,0
12710,河南,光伏,0,0,0
12713,江苏,光伏,0,0,0
12717,浙江,光伏,0,0,0
12718,河北,光伏,0,0,0
12720,新疆,光伏,0,0,0
12722,安徽,光伏,0,0,0
12726,河北,光伏,0,0,0
12728,江西,光伏,0,0,0
12729,江苏,光伏,0,0,0
1273,贵州,光伏,0,0,0
12730,江苏,光伏,0,0,0
12738,江苏,光伏,0,0,0
1274,广西,光伏,0,0,0
12741,山东,光伏,0,0,0
12742,江苏,光伏,0,0,0
12743,江苏,光伏,0,0,0
12744,湖南,光伏,0,0,0
12745,江苏,光伏,0,0,0
12746,湖南,光伏,0,0,0
12748,福建,光伏,0,0,0
12750,吉林,光伏,0,0,0
12751,内蒙古,光伏,0,0,0
12752,江苏,光伏,0,0,0
12754,江西,光伏,0,0,0
12757,湖南,光伏,0,0,0
1276,广西,光伏,0,0,0
12760,宁夏,光伏,0,0,0
12761,江西,光伏,0,0,0
12762,山东,光伏,0,0,0
12763,江西,光伏,0,0,0
12767,河北,光伏,0,0,0
12768,浙江,光伏,0,0,0
12772,江苏,光伏,0,0,0
12774,江西,光伏,0,0,0
12777,湖南,光伏,0,0,0
12780,山东,光伏,0,0,0
12781,甘肃,光伏,0,0,0
12786,黑龙江,光伏,0,0,0
1279,贵州,光伏,0,0,0
12792,陕西,光伏,0,0,0
128,甘肃,光伏,0,0,0
1280,贵州,光伏,0,0,0
12801,河南,光伏,0,0,0
12804,湖北,光伏,0,0,0
12808,福建,光伏,0,0,0
12809,四川,光伏,0,0,0
1281,广东,光伏,0,0,0
12811,湖北,光伏,0,0,0
12812,河北,光伏,0,0,0
12815,江苏,光伏,0,0,0
12835,浙江,光伏,0,0,0
12839,江苏,光伏,0,0,0
1284,广东,光伏,0,0,0
12840,云南,光伏,0,0,0
12843,云南,光伏,0,0,0
12848,河南,光伏,0,0,0
12851,福建,光伏,0,0,0
12853,福建,光伏,0,0,0
12860,安徽,光伏,0,0,0
12862,江苏,光伏,0,0,0
12865,河北,光伏,0,0,0
12868,浙江,光伏,0,0,0
12869,河南,光伏,0,0,0
12871,江苏,光伏,0,0,0
12872,河北,光伏,0,0,0
12874,黑龙江,光伏,0,0,0
12878,河北,光伏,0,0,0
12880,山东,光伏,0,0,0
12881,河北,光伏,0,0,0
12882,河南,光伏,0,0,0
12889,河南,光伏,0,0,0
1289,河北,光伏,0,0,0
12893,河南,光伏,0,0,0
12899,甘肃,光伏,0,0,0
1290,贵州,光伏,0,0,0
12900,江苏,光伏,0,0,0
12906,甘肃,光伏,0,0,0
12907,天津,光伏,0,0,0
12909,安徽,光伏,0,0,0
12912,陕西,光伏,0,0,0
12917,河北,光伏,0,0,0
1292,广西,光伏,0,0,0
12924,河北,光伏,0,0,0
12925,浙江,光伏,0,0,0
12928,江苏,光伏,0,0,0
12936,山东,光伏,0,0,0
1294,河北,光伏,0,0,0
12940,陕西,光伏,0,0,0
12942,山东,光伏,0,0,0
12947,江苏,光伏,0,0,0
1295,广西,光伏,0,0,0
12953,福建,光伏,0,0,0
12965,湖北,光伏,0,0,0
1297,广西,光伏,0,0,0
12975,山东,光伏,0,0,0
12976,湖北,光伏,0,0,0
12978,浙江,光伏,0,0,0
12982,湖北,光伏,0,0,0
12984,云南,光伏,0,0,0
12987,山东,光伏,0,0,0
12992,云南,光伏,0,0,0
13,安徽,光伏,0,0,0
130,甘肃,光伏,6,6,0
13003,江苏,光伏,0,0,0
13004,江苏,光伏,0,0,0
13007,广东,光伏,0,0,0
1301,河北,光伏,0,0,0
13012,江苏,光伏,0,0,0
13025,宁夏,光伏,0,0,0
13039,浙江,光伏,0,0,0
13041,浙江,光伏,0,0,0
13043,河南,光伏,0,0,0
13044,甘肃,光伏,0,0,0
13045,陕西,光伏,0,0,0
13048,山东,光伏,0,0,0
1305,天津,光伏,0,0,0
13050,山东,光伏,0,0,0
1306,河北,光伏,0,0,0
13064,浙江,光伏,0,0,0
13066,浙江,光伏,0,0,0
13068,浙江,光伏,0,0,0
1307,贵州,光伏,0,0,0
13070,河南,光伏,0,0,0
13075,四川,光伏,0,0,0
13076,河北,光伏,0,0,0
13080,湖南,光伏,0,0,0
13082,湖南,光伏,0,0,0
13085,安徽,光伏,0,0,0
13087,山东,光伏,0,0,0
13092,山东,光伏,0,0,0
13098,山东,光伏,0,0,0
13099,山东,光伏,0,0,0
131,甘肃,光伏,6,6,0
1310,河北,光伏,0,0,0
13118,山东,光伏,0,0,0
13119,山东,光伏,0,0,0
13120,山东,光伏,0,0,0
13121,山东,光伏,0,0,0
13148,浙江,光伏,0,0,0
13163,浙江,光伏,0,0,0
13170,浙江,光伏,0,0,0
13172,浙江,光伏,0,0,0
13187,陕西,光伏,0,0,0
13189,河北,光伏,0,0,0
1319,河北,光伏,0,0,0
13190,河北,光伏,0,0,0
13192,内蒙古,光伏,0,0,0
13193,湖北,光伏,0,0,0
13195,河南,光伏,0,0,0
13208,江苏,光伏,0,0,0
13210,江苏,光伏,0,0,0
13214,江苏,光伏,0,0,0
13221,江苏,光伏,0,0,0
13227,吉林,光伏,0,0,0
13230,吉林,光伏,0,0,0
13231,河南,光伏,0,0,0
13233,浙江,光伏,0,0,0
13235,江苏,光伏,0,0,0
13249,浙江,光伏,0,0,0
1325,河北,光伏,0,0,0
13279,浙江,光伏,0,0,0
1329,河北,光伏,0,0,0
13298,浙江,光伏,0,0,0
1330,河北,光伏,0,0,0
13310,浙江,光伏,0,0,0
13324,浙江,光伏,0,0,0
13330,浙江,光伏,0,0,0
13335,浙江,光伏,0,0,0
13342,浙江,光伏,0,0,0
1336,河北,光伏,0,0,0
13370,浙江,光伏,0,0,0
13385,浙江,光伏,0,0,0
1339,河北,光伏,0,0,0
13402,浙江,光伏,0,0,0
1342,河北,光伏,0,0,0
13420,浙江,光伏,0,0,0
1343,河北,光伏,0,0,0
13435,浙江,光伏,0,0,0
13438,浙江,光伏,0,0,0
13439,浙江,光伏,0,0,0
13451,浙江,光伏,0,0,0
13461,浙江,光伏,0,0,0
13464,浙江,光伏,0,0,0
13477,浙江,光伏,0,0,0
1351,河北,光伏,0,0,0
1354,河北,光伏,0,0,0
1355,河北,光伏,0,0,0
1357,河北,光伏,0,0,0
1358,河北,光伏,0,0,0
1361,河北,光伏,0,0,0
1362,河北,光伏,0,0,0
1363,河北,光伏,0,0,0
1364,河北,光伏,0,0,0
1367,河北,光伏,0,0,0
1368,河北,光伏,0,0,0
1372,河北,光伏,0,0,0
1373,河北,光伏,0,0,0
1376,河北,光伏,0,0,0
1380,河北,光伏,0,0,0
1393,河北,光伏,0,0,0
1394,河北,光伏,0,0,0
1395,河北,光伏,0,0,0
1405,广西,光伏,0,0,0
1407,贵州,光伏,0,0,0
1408,广东,光伏,0,0,0
1411,广东,光伏,0,0,0
1412,贵州,光伏,0,0,0
1413,贵州,光伏,0,0,0
1419,贵州,光伏,0,0,0
142,甘肃,光伏,6,6,0
1423,贵州,光伏,0,0,0
1428,贵州,光伏,0,0,0
1430,广西,光伏,0,0,0
1433,广东,光伏,0,0,0
1434,贵州,光伏,0,0,0
1435,广西,光伏,0,0,0
1438,广东,光伏,0,0,0
1439,广西,光伏,0,0,0
1440,贵州,光伏,0,0,0
1443,贵州,光伏,0,0,0
1444,广东,光伏,0,0,0
1446,广西,光伏,0,0,0
1450,广东,光伏,0,0,0
1451,广西,光伏,0,0,0
1454,贵州,光伏,0,0,0
1456,贵州,光伏,0,0,0
1457,广西,光伏,0,0,0
1459,贵州,光伏,0,0,0
146,甘肃,光伏,6,6,0
1462,贵州,光伏,0,0,0
1464,广东,光伏,0,0,0
1465,贵州,光伏,0,0,0
1466,广西,光伏,0,0,0
1473,广东,光伏,0,0,0
1474,贵州,光伏,0,0,0
1478,贵州,光伏,0,0,0
1482,广东,光伏,0,0,0
1483,广东,光伏,0,0,0
1484,贵州,光伏,0,0,0
1486,广西,光伏,0,0,0
1487,广东,光伏,0,0,0
1489,贵州,光伏,0,0,0
149,甘肃,光伏,6,6,0
1492,广东,光伏,0,0,0
1497,广西,光伏,0,0,0
1503,贵州,光伏,0,0,0
1504,广西,光伏,0,0,0
1506,贵州,光伏,0,0,0
1507,广西,光伏,0,0,0
151,甘肃,光伏,6,6,0
1511,贵州,光伏,0,0,0
1512,广西,光伏,0,0,0
1513,广东,光伏,0,0,0
1514,广西,光伏,0,0,0
1515,贵州,光伏,0,0,0
1518,广东,光伏,0,0,0
1520,贵州,光伏,0,0,0
1521,贵州,光伏,0,0,0
1522,广西,光伏,0,0,0
1524,贵州,光伏,0,0,0
1527,贵州,光伏,0,0,0
1528,广东,光伏,0,0,0
1529,贵州,光伏,0,0,0
1531,广西,光伏,0,0,0
1533,广东,光伏,0,0,0
1534,广西,光伏,0,0,0
1535,贵州,光伏,0,0,0
1536,贵州,光伏,0,0,0
154,甘肃,光伏,6,6,0
1540,贵州,光伏,0,0,0
1542,广西,光伏,0,0,0
1545,贵州,光伏,0,0,0
1546,贵州,光伏,0,0,0
1547,广西,光伏,0,0,0
155,甘肃,光伏,6,6,0
1550,贵州,光伏,0,0,0
1552,贵州,光伏,0,0,0
1553,贵州,光伏,0,0,0
1554,广西,光伏,0,0,0
1559,贵州,光伏,0,0,0
156,甘肃,光伏,6,6,0
1561,贵州,光伏,0,0,0
1563,贵州,光伏,0,0,0
1565,广西,光伏,0,0,0
1567,贵州,光伏,0,0,0
1569,广东,光伏,0,0,0
157,甘肃,光伏,6,6,0
1571,广西,光伏,0,0,0
1573,贵州,光伏,0,0,0
1576,广西,光伏,0,0,0
1578,贵州,光伏,0,0,0
158,甘肃,光伏,6,6,0
1580,贵州,光伏,0,0,0
1583,贵州,光伏,0,0,0
1587,贵州,光伏,0,0,0
1588,广西,光伏,0,0,0
1589,贵州,光伏,0,0,0
159,甘肃,光伏,6,6,0
1590,贵州,光伏,0,0,0
1591,贵州,光伏,0,0,0
1593,广东,光伏,0,0,0
1595,广西,光伏,0,0,0
1596,贵州,光伏,0,0,0
1597,贵州,光伏,0,0,0
160,甘肃,光伏,0,0,0
1603,贵州,光伏,0,0,0
1608,贵州,光伏,0,0,0
1609,贵州,光伏,0,0,0
161,甘肃,光伏,6,6,0
1611,广东,光伏,0,0,0
1612,贵州,光伏,0,0,0
1615,贵州,光伏,0,0,0
1617,贵州,光伏,0,0,0
162,甘肃,光伏,0,0,0
1621,贵州,光伏,0,0,0
1625,广西,光伏,0,0,0
1626,贵州,光伏,0,0,0
1627,贵州,光伏,0,0,0
1629,贵州,光伏,0,0,0
163,甘肃,光伏,6,6,0
1631,贵州,光伏,0,0,0
1634,贵州,光伏,0,0,0
1638,贵州,光伏,0,0,0
1639,贵州,光伏,0,0,0
164,甘肃,光伏,0,0,0
1640,贵州,光伏,0,0,0
1645,贵州,光伏,0,0,0
1648,广东,光伏,0,0,0
1649,贵州,光伏,0,0,0
1650,广西,光伏,0,0,0
1652,贵州,光伏,0,0,0
1653,贵州,光伏,0,0,0
1660,贵州,光伏,0,0,0
1664,贵州,光伏,0,0,0
1665,贵州,光伏,0,0,0
1666,贵州,光伏,0,0,0
1667,贵州,光伏,0,0,0
167,甘肃,光伏,0,0,0
1673,贵州,光伏,0,0,0
1674,广东,光伏,0,0,0
1676,贵州,光伏,0,0,0
1678,广东,光伏,0,0,0
1682,贵州,光伏,0,0,0
1683,贵州,光伏,0,0,0
1685,贵州,光伏,0,0,0
1698,贵州,光伏,0,0,0
1699,贵州,光伏,0,0,0
17,安徽,光伏,0,0,0
170,甘肃,光伏,6,6,0
1700,广东,光伏,0,0,0
1701,贵州,光伏,0,0,0
1702,贵州,光伏,0,0,0
1704,广东,光伏,0,0,0
1708,贵州,光伏,0,0,0
1709,贵州,光伏,0,0,0
171,甘肃,光伏,6,6,0
1715,贵州,光伏,0,0,0
1716,贵州,光伏,0,0,0
1717,贵州,光伏,0,0,0
172,甘肃,光伏,6,6,0
1720,贵州,光伏,0,0,0
1722,贵州,光伏,0,0,0
1724,贵州,光伏,0,0,0
1725,贵州,光伏,0,0,0
1726,贵州,光伏,0,0,0
1729,广东,光伏,0,0,0
1733,贵州,光伏,0,0,0
1734,贵州,光伏,0,0,0
1736,广东,光伏,0,0,0
1738,贵州,光伏,0,0,0
1741,广东,光伏,0,0,0
1742,贵州,光伏,0,0,0
1744,贵州,光伏,0,0,0
1745,贵州,光伏,0,0,0
1746,贵州,光伏,0,0,0
1747,广东,光伏,0,0,0
175,甘肃,光伏,6,6,0
1750,贵州,光伏,0,0,0
1753,贵州,光伏,0,0,0
1756,贵州,光伏,0,0,0
1757,贵州,光伏,0,0,0
176,甘肃,光伏,6,6,0
1765,贵州,光伏,0,0,0
1767,海南,光伏,0,0,0
1769,贵州,光伏,0,0,0
1771,贵州,光伏,0,0,0
1772,海南,光伏,0,0,0
1774,海南,光伏,0,0,0
1776,海南,光伏,0,0,0
1777,贵州,光伏,0,0,0
1778,海南,光伏,0,0,0
178,甘肃,光伏,6,6,0
1780,海南,光伏,0,0,0
1782,海南,光伏,0,0,0
1786,海南,光伏,0,0,0
1789,海南,光伏,0,0,0
179,甘肃,光伏,6,6,0
1791,海南,光伏,0,0,0
1792,贵州,光伏,0,0,0
1793,海南,光伏,0,0,0
1794,贵州,光伏,0,0,0
1797,海南,光伏,0,0,0
1798,青海,光伏,6,0,6
18,安徽,光伏,0,0,0
1800,青海,光伏,6,0,6
1802,海南,光伏,0,0,0
1804,海南,光伏,0,0,0
1805,贵州,光伏,0,0,0
1806,海南,光伏,0,0,0
1807,贵州,光伏,0,0,0
1808,海南,光伏,0,0,0
181,甘肃,光伏,6,6,0
1810,海南,光伏,0,0,0
1812,海南,光伏,0,0,0
1814,海南,光伏,0,0,0
1816,海南,光伏,0,0,0
1818,海南,光伏,0,0,0
1819,贵州,光伏,0,0,0
1820,海南,光伏,0,0,0
1821,海南,光伏,0,0,0
1822,贵州,光伏,0,0,0
1824,贵州,光伏,0,0,0
1825,海南,光伏,0,0,0
1826,贵州,光伏,0,0,0
1827,海南,光伏,0,0,0
1828,贵州,光伏,0,0,0
1829,海南,光伏,0,0,0
183,甘肃,光伏,5,5,0
1830,贵州,光伏,0,0,0
1831,贵州,光伏,0,0,0
1832,海南,光伏,0,0,0
1833,贵州,光伏,0,0,0
1834,海南,光伏,0,0,0
1835,贵州,光伏,0,0,0
1836,海南,光伏,0,0,0
1837,贵州,光伏,0,0,0
1838,海南,光伏,0,0,0
1839,贵州,光伏,0,0,0
1840,贵州,光伏,0,0,0
1841,海南,光伏,0,0,0
1842,贵州,光伏,0,0,0
1844,贵州,光伏,0,0,0
1845,海南,光伏,0,0,0
1846,贵州,光伏,0,0,0
1848,贵州,光伏,0,0,0
185,甘肃,光伏,5,5,0
1851,贵州,光伏,0,0,0
1856,河北,光伏,0,0,0
1858,贵州,光伏,0,0,0
1867,河北,光伏,0,0,0
187,甘肃,光伏,6,6,0
1873,贵州,光伏,0,0,0
1876,河北,光伏,0,0,0
1878,贵州,光伏,0,0,0
188,甘肃,光伏,6,6,0
1881,贵州,光伏,0,0,0
1882,贵州,光伏,0,0,0
1888,贵州,光伏,0,0,0
1889,贵州,光伏,0,0,0
189,甘肃,光伏,6,6,0
19,安徽,光伏,0,0,0
190,甘肃,光伏,2,2,0
1900,贵州,光伏,0,0,0
1901,河北,光伏,0,0,0
1902,河北,光伏,0,0,0
1903,河北,光伏,0,0,0
1905,河北,光伏,0,0,0
1907,河北,光伏,0,0,0
1908,河北,光伏,0,0,0
1909,河北,光伏,0,0,0
1910,河北,光伏,0,0,0
1911,河北,光伏,0,0,0
1913,河北,光伏,0,0,0
1914,河北,光伏,0,0,0
1915,河北,光伏,0,0,0
1916,河北,光伏,0,0,0
1917,河北,光伏,0,0,0
1918,河北,光伏,0,0,0
1919,河北,光伏,0,0,0
1923,天津,光伏,0,0,0
1924,河北,光伏,0,0,0
1925,河北,光伏,0,0,0
1926,河北,光伏,0,0,0
1928,河北,光伏,0,0,0
1932,河北,光伏,0,0,0
1936,河北,光伏,0,0,0
1937,河北,光伏,0,0,0
1938,河北,光伏,0,0,0
194,甘肃,光伏,0,0,0
1941,河北,光伏,0,0,0
1945,河北,光伏,0,0,0
1946,河北,光伏,0,0,0
1947,河北,光伏,0,0,0
1948,河北,光伏,0,0,0
195,甘肃,光伏,6,6,0
1950,河北,光伏,0,0,0
1951,河北,光伏,0,0,0
1952,河北,光伏,0,0,0
1953,河北,光伏,0,0,0
1954,河北,光伏,0,0,0
1955,河北,光伏,0,0,0
1956,河北,光伏,0,0,0
1957,河北,光伏,0,0,0
1958,河北,光伏,0,0,0
1966,河北,光伏,0,0,0
1967,河北,光伏,0,0,0
1968,河北,光伏,0,0,0
1969,河北,光伏,0,0,0
1970,河北,光伏,0,0,0
1973,河北,光伏,0,0,0
1975,河北,光伏,0,0,0
1976,河北,光伏,0,0,0
1980,河北,光伏,0,0,0
1982,河北,光伏,0,0,0
1984,河北,光伏,0,0,0
1986,河北,光伏,0,0,0
1989,河北,光伏,0,0,0
199,甘肃,光伏,6,6,0
1992,河北,光伏,0,0,0
1993,河北,光伏,0,0,0
1994,河北,光伏,0,0,0
1995,河北,光伏,0,0,0
1996,河北,光伏,0,0,0
20,安徽,光伏,0,0,0
2000,河北,光伏,0,0,0
2002,黑龙江,光伏,0,0,0
2003,黑龙江,光伏,0,0,0
2004,黑龙江,光伏,0,0,0
2006,黑龙江,光伏,0,0,0
2007,黑龙江,光伏,0,0,0
2008,黑龙江,光伏,0,0,0
2011,黑龙江,光伏,0,0,0
2012,黑龙江,光伏,0,0,0
2013,黑龙江,光伏,0,0,0
2014,黑龙江,光伏,0,0,0
2015,黑龙江,光伏,0,0,0
2018,河南,光伏,0,0,0
2023,河南,光伏,0,0,0
2024,河南,光伏,0,0,0
2025,河南,光伏,0,0,0
2026,河南,光伏,0,0,0
2027,河南,光伏,0,0,0
2028,河南,光伏,0,0,0
2029,河南,光伏,0,0,0
203,安徽,光伏,0,0,0
2030,河南,光伏,0,0,0
2031,河南,光伏,0,0,0
2032,河南,光伏,0,0,0
2033,河南,光伏,0,0,0
2034,河南,光伏,0,0,0
2035,河南,光伏,0,0,0
2037,河南,光伏,0,0,0
2038,河南,光伏,0,0,0
2043,河南,光伏,0,0,0
2044,河北,光伏,0,0,0
2045,河南,光伏,0,0,0
2046,河南,光伏,0,0,0
2047,河南,光伏,0,0,0
2049,河南,光伏,0,0,0
2050,河南,光伏,0,0,0
2051,河南,光伏,0,0,0
2052,河南,光伏,0,0,0
2056,河南,光伏,0,0,0
2058,河南,光伏,0,0,0
2059,河南,光伏,0,0,0
2060,河南,光伏,0,0,0
2061,湖北,光伏,0,0,0
2063,河南,光伏,0,0,0
2069,河南,光伏,0,0,0
2070,河南,光伏,0,0,0
2071,河南,光伏,0,0,0
2072,河南,光伏,0,0,0
2074,河南,光伏,0,0,0
2076,河南,光伏,0,0,0
2077,河南,光伏,0,0,0
2078,河南,光伏,0,0,0
2079,河南,光伏,0,0,0
2080,河南,光伏,0,0,0
2081,河南,光伏,0,0,0
2082,河南,光伏,0,0,0
2083,河南,光伏,0,0,0
2084,河南,光伏,0,0,0
2085,河南,光伏,0,0,0
2086,河南,光伏,0,0,0
2087,河南,光伏,0,0,0
2088,河南,光伏,0,0,0
2089,河南,光伏,0,0,0
2090,河南,光伏,0,0,0
2091,河南,光伏,0,0,0
2092,河南,光伏,0,0,0
2093,河南,光伏,0,0,0
2094,河南,光伏,0,0,0
2095,河南,光伏,0,0,0
2096,河南,光伏,0,0,0
2098,河南,光伏,0,0,0
2099,河南,光伏,0,0,0
21,安徽,光伏,0,0,0
210,安徽,光伏,0,0,0
2102,河南,光伏,0,0,0
2103,河南,光伏,0,0,0
2106,河北,光伏,0,0,0
2108,湖北,光伏,0,0,0
211,安徽,光伏,0,0,0
2110,河北,光伏,0,0,0
2112,湖北,光伏,0,0,0
2113,河北,光伏,0,0,0
2114,湖北,光伏,0,0,0
2115,河北,光伏,0,0,0
2119,河北,光伏,0,0,0
212,安徽,光伏,0,0,0
2121,河南,光伏,0,0,0
2122,湖北,光伏,0,0,0
2123,河北,光伏,0,0,0
2125,河北,光伏,0,0,0
2126,河北,光伏,0,0,0
2128,河南,光伏,0,0,0
213,安徽,光伏,0,0,0
2130,河南,光伏,0,0,0
2131,湖北,光伏,0,0,0
2132,河北,光伏,0,0,0
2133,湖北,光伏,0,0,0
2134,河北,光伏,0,0,0
2136,河北,光伏,0,0,0
2137,湖北,光伏,0,0,0
2138,河南,光伏,0,0,0
2139,湖北,光伏,0,0,0
214,安徽,光伏,0,0,0
2140,河北,光伏,0,0,0
2141,河南,光伏,0,0,0
2142,河北,光伏,0,0,0
2144,河北,光伏,0,0,0
2146,河北,光伏,0,0,0
2147,湖北,光伏,0,0,0
2148,河北,光伏,0,0,0
2149,河北,光伏,0,0,0
2150,河南,光伏,0,0,0
2151,河北,光伏,0,0,0
2152,河北,光伏,0,0,0
2154,湖北,光伏,0,0,0
2155,湖北,光伏,0,0,0
2157,河北,光伏,0,0,0
2158,河南,光伏,0,0,0
2159,湖北,光伏,0,0,0
216,安徽,光伏,0,0,0
2160,河北,光伏,0,0,0
2161,湖北,光伏,0,0,0
2163,河北,光伏,0,0,0
2164,河北,光伏,0,0,0
2165,河南,光伏,0,0,0
2167,河北,光伏,0,0,0
2169,河北,光伏,0,0,0
217,安徽,光伏,0,0,0
2170,河北,光伏,0,0,0
2172,河北,光伏,0,0,0
2173,河北,光伏,0,0,0
2175,河南,光伏,0,0,0
2176,湖北,光伏,0,0,0
2177,湖北,光伏,0,0,0
2181,河北,光伏,0,0,0
2182,河北,光伏,0,0,0
2184,河北,光伏,0,0,0
2185,河南,光伏,0,0,0
2187,河北,光伏,0,0,0
219,安徽,光伏,0,0,0
2190,河南,光伏,0,0,0
2191,河北,光伏,0,0,0
2194,河北,光伏,0,0,0
2195,湖北,光伏,0,0,0
2196,河北,光伏,0,0,0
2199,河北,光伏,0,0,0
220,安徽,光伏,0,0,0
2200,河南,光伏,0,0,0
2201,河北,光伏,0,0,0
2202,河北,光伏,0,0,0
2204,湖北,光伏,0,0,0
2205,河北,光伏,0,0,0
2206,河北,光伏,0,0,0
2207,湖北,光伏,0,0,0
2208,湖北,光伏,0,0,0
221,安徽,光伏,0,0,0
2210,河北,光伏,0,0,0
2211,河南,光伏,0,0,0
2212,河北,光伏,0,0,0
2213,河北,光伏,0,0,0
2215,湖北,光伏,0,0,0
2218,河北,光伏,0,0,0
222,安徽,光伏,0,0,0
2220,河南,光伏,0,0,0
2221,河北,光伏,0,0,0
2222,河北,光伏,0,0,0
2223,河北,光伏,0,0,0
2224,湖北,光伏,0,0,0
2225,河北,光伏,0,0,0
2226,湖北,光伏,0,0,0
2228,河北,光伏,0,0,0
2229,河南,光伏,0,0,0
223,安徽,光伏,0,0,0
2230,湖北,光伏,0,0,0
2231,河北,光伏,0,0,0
2232,河北,光伏,0,0,0
2234,河南,光伏,0,0,0
2237,湖北,光伏,0,0,0
224,安徽,光伏,0,0,0
2240,湖北,光伏,0,0,0
2241,河北,光伏,0,0,0
2243,河北,光伏,0,0,0
2244,河南,光伏,0,0,0
2246,湖北,光伏,0,0,0
2247,湖北,光伏,0,0,0
2248,湖北,光伏,0,0,0
2249,河北,光伏,0,0,0
225,安徽,光伏,0,0,0
2250,河北,光伏,0,0,0
2252,湖北,光伏,0,0,0
2253,河北,光伏,0,0,0
2255,河南,光伏,0,0,0
2256,河北,光伏,0,0,0
2257,湖北,光伏,0,0,0
2260,湖北,光伏,0,0,0
2261,湖北,光伏,0,0,0
2265,河南,光伏,0,0,0
2266,湖北,光伏,0,0,0
2268,河北,光伏,0,0,0
2270,湖北,光伏,0,0,0
2271,湖南,光伏,0,0,0
2274,河南,光伏,0,0,0
2275,湖北,光伏,0,0,0
2279,湖北,光伏,0,0,0
228,安徽,光伏,0,0,0
2281,河北,光伏,0,0,0
2282,湖北,光伏,0,0,0
2283,河南,光伏,0,0,0
2288,河北,光伏,0,0,0
229,安徽,光伏,0,0,0
2291,河南,光伏,0,0,0
2292,湖北,光伏,0,0,0
2294,湖北,光伏,0,0,0
2298,河北,光伏,0,0,0
23,安徽,光伏,0,0,0
2302,湖南,光伏,0,0,0
2303,湖北,光伏,0,0,0
2305,河北,光伏,0,0,0
2307,河北,光伏,0,0,0
2309,湖北,光伏,0,0,0
231,安徽,光伏,0,0,0
2311,河北,光伏,0,0,0
2312,湖南,光伏,0,0,0
2313,河北,光伏,0,0,0
2314,河南,光伏,0,0,0
2315,河北,光伏,0,0,0
2316,湖北,光伏,0,0,0
2318,湖北,光伏,0,0,0
2319,河北,光伏,0,0,0
232,安徽,光伏,0,0,0
2321,河北,光伏,0,0,0
2323,湖南,光伏,0,0,0
2327,河南,光伏,0,0,0
2329,湖南,光伏,0,0,0
233,安徽,光伏,0,0,0
2331,河南,光伏,0,0,0
2333,湖北,光伏,0,0,0
2334,河北,光伏,0,0,0
2336,河南,光伏,0,0,0
2337,河北,光伏,0,0,0
2341,湖南,光伏,0,0,0
2344,河南,光伏,0,0,0
2346,湖北,光伏,0,0,0
2349,河北,光伏,0,0,0
235,安徽,光伏,0,0,0
2350,河北,光伏,0,0,0
2352,湖北,光伏,0,0,0
2353,河北,光伏,0,0,0
2354,河北,光伏,0,0,0
2357,河南,光伏,0,0,0
2358,湖北,光伏,0,0,0
2360,湖北,光伏,0,0,0
2364,河北,光伏,0,0,0
2365,湖北,光伏,0,0,0
2366,湖南,光伏,0,0,0
2367,河北,光伏,0,0,0
2369,河北,光伏,0,0,0
237,安徽,光伏,0,0,0
2370,河北,光伏,0,0,0
2372,湖北,光伏,0,0,0
2373,湖北,光伏,0,0,0
2374,湖南,光伏,0,0,0
2375,河北,光伏,0,0,0
2377,河北,光伏,0,0,0
2378,河北,光伏,0,0,0
2379,河北,光伏,0,0,0
238,安徽,光伏,0,0,0
2380,河南,光伏,0,0,0
2381,河北,光伏,0,0,0
2382,湖北,光伏,0,0,0
2383,河北,光伏,0,0,0
2384,河北,光伏,0,0,0
2386,湖北,光伏,0,0,0
2387,河北,光伏,0,0,0
2389,河南,光伏,0,0,0
2390,河北,光伏,0,0,0
2391,湖北,光伏,0,0,0
2392,河北,光伏,0,0,0
2398,河北,光伏,0,0,0
2399,河北,光伏,0,0,0
24,安徽,光伏,0,0,0
2404,河北,光伏,0,0,0
2405,黑龙江,光伏,0,0,0
2406,黑龙江,光伏,0,0,0
2407,黑龙江,光伏,0,0,0
2408,黑龙江,光伏,0,0,0
2409,黑龙江,光伏,0,0,0
2410,黑龙江,光伏,0,0,0
2414,黑龙江,光伏,0,0,0
2416,黑龙江,光伏,0,0,0
2418,黑龙江,光伏,0,0,0
2419,黑龙江,光伏,0,0,0
2420,黑龙江,光伏,0,0,0
2421,黑龙江,光伏,0,0,0
2422,黑龙江,光伏,0,0,0
2423,黑龙江,光伏,0,0,0
2424,黑龙江,光伏,0,0,0
2426,黑龙江,光伏,0,0,0
2427,黑龙江,光伏,0,0,0
2429,黑龙江,光伏,0,0,0
243,安徽,光伏,0,0,0
2430,黑龙江,光伏,0,0,0
2431,黑龙江,光伏,0,0,0
2432,黑龙江,光伏,0,0,0
2435,黑龙江,光伏,0,0,0
2437,黑龙江,光伏,0,0,0
2438,黑龙江,光伏,0,0,0
2439,黑龙江,光伏,0,0,0
244,安徽,光伏,0,0,0
2440,黑龙江,光伏,0,0,0
2441,黑龙江,光伏,0,0,0
2442,黑龙江,光伏,0,0,0
2443,黑龙江,光伏,0,0,0
2444,黑龙江,光伏,0,0,0
2445,黑龙江,光伏,0,0,0
2446,黑龙江,光伏,0,0,0
2447,黑龙江,光伏,0,0,0
2448,黑龙江,光伏,0,0,0
2449,黑龙江,光伏,0,0,0
245,安徽,光伏,0,0,0
2450,黑龙江,光伏,0,0,0
2451,黑龙江,光伏,0,0,0
2454,黑龙江,光伏,0,0,0
2455,黑龙江,光伏,0,0,0
2458,河北,光伏,0,0,0
246,安徽,光伏,0,0,0
2460,河南,光伏,0,0,0
2461,湖北,光伏,0,0,0
2463,河北,光伏,0,0,0
2464,河南,光伏,0,0,0
2465,河北,光伏,0,0,0
2466,湖北,光伏,0,0,0
2467,河南,光伏,0,0,0
2469,湖北,光伏,0,0,0
2472,河北,光伏,0,0,0
2475,湖北,光伏,0,0,0
2476,河北,光伏,0,0,0
2477,河南,光伏,0,0,0
2478,湖北,光伏,0,0,0
2479,河北,光伏,0,0,0
2480,湖南,光伏,0,0,0
2481,河南,光伏,0,0,0
2484,湖北,光伏,0,0,0
2486,河北,光伏,0,0,0
249,安徽,光伏,0,0,0
2491,湖北,光伏,0,0,0
2495,湖北,光伏,0,0,0
2496,河北,光伏,0,0,0
2499,河南,光伏,0,0,0
25,安徽,光伏,0,0,0
250,安徽,光伏,0,0,0
2500,河北,光伏,0,0,0
2503,湖北,光伏,0,0,0
2504,湖北,光伏,0,0,0
2505,河南,光伏,0,0,0
2506,河北,光伏,0,0,0
2507,河北,光伏,0,0,0
251,安徽,光伏,0,0,0
2510,河南,光伏,0,0,0
2515,湖北,光伏,0,0,0
2518,河北,光伏,0,0,0
2519,河北,光伏,0,0,0
252,安徽,光伏,0,0,0
2522,河北,光伏,0,0,0
2530,河北,光伏,0,0,0
2533,湖北,光伏,0,0,0
2534,河北,光伏,0,0,0
2535,湖北,光伏,0,0,0
2537,河北,光伏,0,0,0
254,安徽,光伏,0,0,0
2541,湖北,光伏,0,0,0
2542,河北,光伏,0,0,0
2543,湖北,光伏,0,0,0
2544,湖南,光伏,0,0,0
2545,湖北,光伏,0,0,0
2547,河北,光伏,0,0,0
2550,河北,光伏,0,0,0
2551,湖北,光伏,0,0,0
2552,湖北,光伏,0,0,0
2554,河北,光伏,0,0,0
2555,湖北,光伏,0,0,0
2557,河北,光伏,0,0,0
2559,湖北,光伏,0,0,0
2560,湖北,光伏,0,0,0
2561,河北,光伏,0,0,0
2562,湖南,光伏,0,0,0
2566,河北,光伏,0,0,0
2568,湖北,光伏,0,0,0
2569,湖北,光伏,0,0,0
257,安徽,光伏,0,0,0
2570,湖北,光伏,0,0,0
2571,河北,光伏,0,0,0
2573,湖北,光伏,0,0,0
2574,河北,光伏,0,0,0
2577,湖北,光伏,0,0,0
2578,湖南,光伏,0,0,0
258,安徽,光伏,0,0,0
2581,湖南,光伏,0,0,0
2582,湖北,光伏,0,0,0
2585,湖北,光伏,0,0,0
2588,河北,光伏,0,0,0
2589,河北,光伏,0,0,0
259,安徽,光伏,0,0,0
2590,湖北,光伏,0,0,0
2593,湖北,光伏,0,0,0
2596,河北,光伏,0,0,0
2597,湖北,光伏,0,0,0
26,安徽,光伏,0,0,0
260,安徽,光伏,0,0,0
2600,河北,光伏,0,0,0
2601,湖北,光伏,0,0,0
2602,湖北,光伏,0,0,0
2603,河北,光伏,0,0,0
2606,湖北,光伏,0,0,0
2607,河北,光伏,0,0,0
2609,湖北,光伏,0,0,0
261,安徽,光伏,0,0,0
2610,湖北,光伏,0,0,0
2614,湖北,光伏,0,0,0
2615,河北,光伏,0,0,0
2616,河北,光伏,0,0,0
2617,湖北,光伏,0,0,0
2618,湖北,光伏,0,0,0
2619,湖北,光伏,0,0,0
262,安徽,光伏,0,0,0
2620,湖北,光伏,0,0,0
2621,湖北,光伏,0,0,0
2622,河北,光伏,0,0,0
2623,河北,光伏,0,0,0
2627,河北,光伏,0,0,0
2630,湖北,光伏,0,0,0
2631,湖北,光伏,0,0,0
2632,河北,光伏,0,0,0
2636,河北,光伏,0,0,0
2637,河北,光伏,0,0,0
2638,湖北,光伏,0,0,0
2640,湖北,光伏,0,0,0
2641,湖北,光伏,0,0,0
2643,河北,光伏,0,0,0
2647,河北,光伏,0,0,0
2650,湖南,光伏,0,0,0
2651,河北,光伏,0,0,0
2655,湖北,光伏,0,0,0
2656,湖北,光伏,0,0,0
2657,河北,光伏,0,0,0
2659,湖北,光伏,0,0,0
266,安徽,光伏,0,0,0
2660,湖北,光伏,0,0,0
2664,湖北,光伏,0,0,0
2669,湖北,光伏,0,0,0
2670,河北,光伏,0,0,0
2672,河北,光伏,0,0,0
2673,湖北,光伏,0,0,0
2674,河北,光伏,0,0,0
2675,湖北,光伏,0,0,0
2679,湖北,光伏,0,0,0
2681,湖北,光伏,0,0,0
2683,河北,光伏,0,0,0
2684,湖北,光伏,0,0,0
2685,河北,光伏,0,0,0
2687,湖北,光伏,0,0,0
2689,湖南,光伏,0,0,0
269,安徽,光伏,0,0,0
2690,河北,光伏,0,0,0
2691,河北,光伏,0,0,0
2694,湖北,光伏,0,0,0
2696,湖北,光伏,0,0,0
2698,湖北,光伏,0,0,0
27,安徽,光伏,0,0,0
2701,湖北,光伏,0,0,0
2703,河北,光伏,0,0,0
2705,湖北,光伏,0,0,0
2706,河北,光伏,0,0,0
2709,湖北,光伏,0,0,0
2714,河北,光伏,0,0,0
2715,湖北,光伏,0,0,0
2718,河北,光伏,0,0,0
2719,湖北,光伏,0,0,0
272,安徽,光伏,0,0,0
2722,湖北,光伏,0,0,0
2723,河北,光伏,0,0,0
2724,河北,光伏,0,0,0
2726,河北,光伏,0,0,0
2727,湖北,光伏,0,0,0
273,安徽,光伏,0,0,0
2731,湖南,光伏,0,0,0
2732,湖北,光伏,0,0,0
2738,河北,光伏,0,0,0
2743,湖北,光伏,0,0,0
2744,河北,光伏,0,0,0
2749,湖南,光伏,0,0,0
275,安徽,光伏,0,0,0
2750,湖北,光伏,0,0,0
2752,湖北,光伏,0,0,0
2753,河北,光伏,0,0,0
2756,河北,光伏,0,0,0
2758,河北,光伏,0,0,0
2759,湖北,光伏,0,0,0
276,安徽,光伏,0,0,0
2760,河北,光伏,0,0,0
2762,湖北,光伏,0,0,0
2763,湖北,光伏,0,0,0
2764,河北,光伏,0,0,0
2767,湖北,光伏,0,0,0
2769,河北,光伏,0,0,0
277,安徽,光伏,0,0,0
2770,河北,光伏,0,0,0
2772,湖北,光伏,0,0,0
2773,湖北,光伏,0,0,0
2774,湖北,光伏,0,0,0
2778,河北,光伏,0,0,0
278,安徽,光伏,0,0,0
2781,湖北,光伏,0,0,0
2782,湖北,光伏,0,0,0
2784,河北,光伏,0,0,0
2785,湖南,光伏,0,0,0
2786,河北,光伏,0,0,0
2787,湖北,光伏,0,0,0
2790,湖北,光伏,0,0,0
2791,河北,光伏,0,0,0
2795,湖北,光伏,0,0,0
2797,湖北,光伏,0,0,0
2799,湖北,光伏,0,0,0
28,安徽,光伏,0,0,0
2803,湖北,光伏,0,0,0
2805,河北,光伏,0,0,0
2806,湖北,光伏,0,0,0
2808,湖北,光伏,0,0,0
2810,湖北,光伏,0,0,0
2811,河北,光伏,0,0,0
2813,湖北,光伏,0,0,0
2816,湖北,光伏,0,0,0
2818,天津,光伏,0,0,0
2819,湖北,光伏,0,0,0
2820,河北,光伏,0,0,0
2821,湖南,光伏,0,0,0
2823,湖北,光伏,0,0,0
2826,河北,光伏,0,0,0
2828,湖北,光伏,0,0,0
2829,湖北,光伏,0,0,0
283,安徽,光伏,0,0,0
2831,湖北,光伏,0,0,0
2833,湖北,光伏,0,0,0
2838,湖北,光伏,0,0,0
2839,湖北,光伏,0,0,0
2841,湖北,光伏,0,0,0
2842,湖北,光伏,0,0,0
2844,湖北,光伏,0,0,0
2848,湖南,光伏,0,0,0
2849,河北,光伏,0,0,0
285,安徽,光伏,0,0,0
2854,湖北,光伏,0,0,0
2856,湖北,光伏,0,0,0
2857,河北,光伏,0,0,0
286,安徽,光伏,0,0,0
2860,湖北,光伏,0,0,0
2861,湖北,光伏,0,0,0
2863,河北,光伏,0,0,0
2865,河北,光伏,0,0,0
2867,河北,光伏,0,0,0
2869,湖北,光伏,0,0,0
2871,湖北,光伏,0,0,0
2875,湖北,光伏,0,0,0
2877,湖北,光伏,0,0,0
2878,河北,光伏,0,0,0
288,安徽,光伏,0,0,0
2881,湖北,光伏,0,0,0
2882,湖北,光伏,0,0,0
2883,河北,光伏,0,0,0
2884,河北,光伏,0,0,0
2886,湖北,光伏,0,0,0
2889,湖南,光伏,0,0,0
289,安徽,光伏,0,0,0
2890,河北,光伏,0,0,0
2892,湖北,光伏,0,0,0
2893,湖北,光伏,0,0,0
2898,河北,光伏,0,0,0
2899,湖北,光伏,0,0,0
29,安徽,光伏,0,0,0
290,安徽,光伏,0,0,0
2901,河北,光伏,0,0,0
2902,湖北,光伏,0,0,0
2906,河北,光伏,0,0,0
2907,河北,光伏,0,0,0
2908,湖北,光伏,0,0,0
291,安徽,光伏,0,0,0
2910,湖北,光伏,0,0,0
2913,湖北,光伏,0,0,0
2914,湖南,光伏,0,0,0
2915,河北,光伏,0,0,0
2916,湖北,光伏,0,0,0
2918,湖北,光伏,0,0,0
2919,河北,光伏,0,0,0
292,安徽,光伏,0,0,0
2921,湖北,光伏,0,0,0
2923,湖北,光伏,0,0,0
2925,河北,光伏,0,0,0
2926,湖北,光伏,0,0,0
2928,湖北,光伏,0,0,0
2929,河北,光伏,0,0,0
293,安徽,光伏,0,0,0
2930,河北,光伏,0,0,0
2932,湖南,光伏,0,0,0
2935,湖北,光伏,0,0,0
2936,河北,光伏,0,0,0
2938,湖北,光伏,0,0,0
294,安徽,光伏,0,0,0
2940,湖南,光伏,0,0,0
2941,湖北,光伏,0,0,0
2942,湖南,光伏,0,0,0
2944,湖北,光伏,0,0,0
2945,湖北,光伏,0,0,0
2946,湖南,光伏,0,0,0
2947,河北,光伏,0,0,0
2948,河北,光伏,0,0,0
295,安徽,光伏,0,0,0
2950,湖北,光伏,0,0,0
2954,河北,光伏,0,0,0
2955,湖北,光伏,0,0,0
2962,湖北,光伏,0,0,0
2963,河北,光伏,0,0,0
2964,河北,光伏,0,0,0
2965,湖北,光伏,0,0,0
2967,湖南,光伏,0,0,0
2968,湖北,光伏,0,0,0
2971,河北,光伏,0,0,0
2972,湖北,光伏,0,0,0
2975,河北,光伏,0,0,0
2977,湖北,光伏,0,0,0
2979,湖南,光伏,0,0,0
2980,河北,光伏,0,0,0
2986,湖南,光伏,0,0,0
2987,河北,光伏,0,0,0
2993,湖北,光伏,0,0,0
2995,湖北,光伏,0,0,0
2998,湖北,光伏,0,0,0
30,安徽,光伏,0,0,0
300,安徽,光伏,0,0,0
3000,湖北,光伏,0,0,0
3002,湖南,光伏,0,0,0
3005,湖南,光伏,0,0,0
3006,湖南,光伏,0,0,0
301,安徽,光伏,0,0,0
3011,湖南,光伏,0,0,0
3012,湖南,光伏,0,0,0
3015,湖南,光伏,0,0,0
3016,湖南,光伏,0,0,0
3017,湖南,光伏,0,0,0
302,安徽,光伏,0,0,0
3026,湖南,光伏,0,0,0
303,安徽,光伏,0,0,0
3037,湖南,光伏,0,0,0
3039,湖南,光伏,0,0,0
304,安徽,光伏,0,0,0
3042,湖南,光伏,0,0,0
3043,湖南,光伏,0,0,0
3044,湖南,光伏,0,0,0
3046,湖南,光伏,0,0,0
3047,湖南,光伏,0,0,0
305,安徽,光伏,0,0,0
3052,湖南,光伏,0,0,0
3055,江苏,光伏,0,0,0
3057,江苏,光伏,0,0,0
3058,湖南,光伏,0,0,0
306,安徽,光伏,0,0,0
3066,湖南,光伏,0,0,0
3068,湖南,光伏,0,0,0
3071,湖南,光伏,0,0,0
3087,湖南,光伏,0,0,0
309,安徽,光伏,0,0,0
3090,湖南,光伏,0,0,0
3092,湖南,光伏,0,0,0
3098,内蒙古,光伏,0,0,0
3099,湖南,光伏,0,0,0
3101,湖南,光伏,0,0,0
3104,湖南,光伏,0,0,0
3107,内蒙古,光伏,4,4,0
3108,江西,光伏,0,0,0
3109,内蒙古,光伏,0,0,0
311,安徽,光伏,0,0,0
3112,内蒙古,光伏,0,0,0
3114,江苏,光伏,0,0,0
3117,内蒙古,光伏,0,0,0
3118,江苏,光伏,0,0,0
3123,内蒙古,光伏,0,0,0
3125,内蒙古,光伏,0,0,0
3128,江苏,光伏,0,0,0
313,安徽,光伏,0,0,0
3130,江苏,光伏,0,0,0
3132,内蒙古,光伏,0,0,0
3133,江苏,光伏,0,0,0
3135,江西,光伏,0,0,0
3136,内蒙古,光伏,0,0,0
3138,内蒙古,光伏,0,0,0
314,安徽,光伏,0,0,0
3141,内蒙古,光伏,0,0,0
3143,内蒙古,光伏,0,0,0
3145,江西,光伏,0,0,0
3146,内蒙古,光伏,0,0,0
3147,内蒙古,光伏,0,0,0
3149,江苏,光伏,0,0,0
3151,内蒙古,光伏,0,0,0
3152,河北,光伏,0,0,0
3153,江苏,光伏,0,0,0
3155,内蒙古,光伏,3,3,0
3156,湖南,光伏,0,0,0
3157,河北,光伏,0,0,0
3158,江西,光伏,0,0,0
3159,内蒙古,光伏,0,0,0
316,安徽,光伏,0,0,0
3161,内蒙古,光伏,0,0,0
3164,内蒙古,光伏,4,4,0
3166,内蒙古,光伏,0,0,0
3167,江西,光伏,0,0,0
3169,内蒙古,光伏,0,0,0
3172,江苏,光伏,0,0,0
3173,内蒙古,光伏,0,0,0
3175,内蒙古,光伏,0,0,0
3176,江西,光伏,0,0,0
3177,内蒙古,光伏,0,0,0
3178,江苏,光伏,0,0,0
3181,内蒙古,光伏,0,0,0
3182,内蒙古,光伏,0,0,0
3184,江苏,光伏,0,0,0
3186,内蒙古,光伏,0,0,0
3188,内蒙古,光伏,0,0,0
3189,内蒙古,光伏,0,0,0
319,安徽,光伏,0,0,0
3190,江西,光伏,0,0,0
3192,江苏,光伏,0,0,0
3193,内蒙古,光伏,0,0,0
3195,内蒙古,光伏,0,0,0
3196,内蒙古,光伏,0,0,0
3198,江苏,光伏,0,0,0
32,安徽,光伏,0,0,0
320,安徽,光伏,0,0,0
3200,江西,光伏,0,0,0
3201,江苏,光伏,0,0,0
3203,江苏,光伏,0,0,0
3204,湖南,光伏,0,0,0
3205,内蒙古,光伏,0,0,0
3207,江西,光伏,0,0,0
3210,内蒙古,光伏,0,0,0
3211,江苏,光伏,0,0,0
3214,内蒙古,光伏,0,0,0
3215,内蒙古,光伏,0,0,0
3216,内蒙古,光伏,0,0,0
3218,内蒙古,光伏,0,0,0
3219,江苏,光伏,0,0,0
3221,江西,光伏,0,0,0
3228,江苏,光伏,0,0,0
3230,内蒙古,光伏,0,0,0
3231,江苏,光伏,0,0,0
3233,江西,光伏,0,0,0
3235,内蒙古,光伏,0,0,0
3238,内蒙古,光伏,0,0,0
3239,江苏,光伏,0,0,0
3242,江苏,光伏,0,0,0
3245,江苏,光伏,0,0,0
3246,江苏,光伏,0,0,0
3249,内蒙古,光伏,0,0,0
3250,内蒙古,光伏,1,1,0
3251,江苏,光伏,0,0,0
3254,内蒙古,光伏,0,0,0
3256,江西,光伏,0,0,0
3257,江苏,光伏,0,0,0
3258,内蒙古,光伏,0,0,0
326,安徽,光伏,0,0,0
3260,江苏,光伏,0,0,0
3262,内蒙古,光伏,0,0,0
3263,内蒙古,光伏,0,0,0
3266,宁夏,光伏,0,0,0
3267,内蒙古,光伏,0,0,0
3268,江西,光伏,0,0,0
3274,内蒙古,光伏,0,0,0
3275,江苏,光伏,0,0,0
3276,江西,光伏,0,0,0
3279,内蒙古,光伏,0,0,0
3282,内蒙古,光伏,0,0,0
3285,内蒙古,光伏,0,0,0
3288,江苏,光伏,0,0,0
329,安徽,光伏,0,0,0
3290,江西,光伏,0,0,0
3292,内蒙古,光伏,0,0,0
3293,宁夏,光伏,0,0,0
3295,内蒙古,光伏,0,0,0
3297,江苏,光伏,0,0,0
3298,内蒙古,光伏,0,0,0
3299,内蒙古,光伏,0,0,0
33,安徽,光伏,0,0,0
3300,内蒙古,光伏,0,0,0
3301,江西,光伏,0,0,0
3303,内蒙古,光伏,0,0,0
3306,宁夏,光伏,0,0,0
3311,内蒙古,光伏,0,0,0
3315,内蒙古,光伏,0,0,0
3316,内蒙古,光伏,0,0,0
3317,江苏,光伏,0,0,0
332,安徽,光伏,0,0,0
3321,江西,光伏,0,0,0
3322,江西,光伏,0,0,0
3323,江西,光伏,0,0,0
3325,内蒙古,光伏,0,0,0
3328,江西,光伏,0,0,0
3330,江苏,光伏,0,0,0
3332,江西,光伏,0,0,0
3335,内蒙古,光伏,0,0,0
3336,内蒙古,光伏,0,0,0
3337,内蒙古,光伏,3,3,0
3340,内蒙古,光伏,5,5,0
3343,江苏,光伏,0,0,0
3344,江西,光伏,0,0,0
3345,江西,光伏,0,0,0
3346,江西,光伏,0,0,0
3348,江西,光伏,0,0,0
3349,内蒙古,光伏,0,0,0
3350,内蒙古,光伏,0,0,0
3351,江苏,光伏,0,0,0
3353,内蒙古,光伏,0,0,0
3354,江西,光伏,0,0,0
3355,江苏,光伏,0,0,0
3356,江苏,光伏,0,0,0
3359,江西,光伏,0,0,0
3360,内蒙古,光伏,0,0,0
3362,江西,光伏,0,0,0
3363,内蒙古,光伏,0,0,0
3364,内蒙古,光伏,0,0,0
3367,江苏,光伏,0,0,0
3370,内蒙古,光伏,0,0,0
3371,内蒙古,光伏,0,0,0
3372,江苏,光伏,0,0,0
3373,江西,光伏,0,0,0
3376,内蒙古,光伏,0,0,0
3377,江苏,光伏,0,0,0
3378,内蒙古,光伏,0,0,0
3381,江西,光伏,0,0,0
3382,内蒙古,光伏,0,0,0
3383,江西,光伏,0,0,0
3384,内蒙古,光伏,0,0,0
3386,内蒙古,光伏,0,0,0
3387,江苏,光伏,0,0,0
339,安徽,光伏,0,0,0
3391,江苏,光伏,0,0,0
3393,内蒙古,光伏,0,0,0
3394,江西,光伏,0,0,0
3395,内蒙古,光伏,0,0,0
3397,内蒙古,光伏,0,0,0
3398,江苏,光伏,0,0,0
340,安徽,光伏,0,0,0
3400,内蒙古,光伏,0,0,0
3401,内蒙古,光伏,0,0,0
3402,内蒙古,光伏,0,0,0
3403,内蒙古,光伏,0,0,0
3405,江苏,光伏,0,0,0
3406,内蒙古,光伏,0,0,0
3407,江西,光伏,0,0,0
341,安徽,光伏,0,0,0
3410,江西,光伏,0,0,0
3413,吉林,光伏,0,0,0
3417,江苏,光伏,0,0,0
3419,江西,光伏,0,0,0
342,安徽,光伏,0,0,0
3420,江苏,光伏,0,0,0
3421,内蒙古,光伏,0,0,0
3422,内蒙古,光伏,0,0,0
3425,内蒙古,光伏,0,0,0
3427,内蒙古,光伏,0,0,0
3428,内蒙古,光伏,1,1,0
3432,湖南,光伏,0,0,0
3433,江西,光伏,0,0,0
3435,内蒙古,光伏,0,0,0
3437,江苏,光伏,0,0,0
3438,湖南,光伏,0,0,0
3439,江西,光伏,0,0,0
344,安徽,光伏,0,0,0
3441,内蒙古,光伏,0,0,0
3444,湖南,光伏,0,0,0
3446,内蒙古,光伏,0,0,0
3447,内蒙古,光伏,0,0,0
3448,内蒙古,光伏,0,0,0
345,安徽,光伏,0,0,0
3450,江西,光伏,0,0,0
3451,内蒙古,光伏,0,0,0
3452,内蒙古,光伏,6,6,0
3457,内蒙古,光伏,0,0,0
3458,内蒙古,光伏,0,0,0
3459,江苏,光伏,0,0,0
3460,内蒙古,光伏,0,0,0
3461,内蒙古,光伏,0,0,0
3462,江西,光伏,0,0,0
3463,内蒙古,光伏,1,1,0
3468,江苏,光伏,0,0,0
3469,内蒙古,光伏,1,1,0
3470,江西,光伏,0,0,0
3471,内蒙古,光伏,0,0,0
3473,内蒙古,光伏,0,0,0
3474,内蒙古,光伏,0,0,0
3475,内蒙古,光伏,0,0,0
348,安徽,光伏,0,0,0
3482,江苏,光伏,0,0,0
3484,江苏,光伏,0,0,0
3485,内蒙古,光伏,0,0,0
3487,江苏,光伏,0,0,0
3488,内蒙古,光伏,0,0,0
349,安徽,光伏,0,0,0
3494,内蒙古,光伏,0,0,0
3495,内蒙古,光伏,0,0,0
3498,江西,光伏,0,0,0
35,安徽,光伏,0,0,0
350,安徽,光伏,0,0,0
3500,内蒙古,光伏,0,0,0
3501,内蒙古,光伏,0,0,0
3503,江苏,光伏,0,0,0
3506,江西,光伏,0,0,0
3507,内蒙古,光伏,0,0,0
351,安徽,光伏,0,0,0
3511,内蒙古,光伏,0,0,0
3512,江苏,光伏,0,0,0
3513,内蒙古,光伏,0,0,0
3514,江苏,光伏,0,0,0
3516,内蒙古,光伏,0,0,0
3517,江西,光伏,0,0,0
3519,内蒙古,光伏,0,0,0
352,安徽,光伏,0,0,0
3521,内蒙古,光伏,0,0,0
3523,陕西,光伏,4,4,0
3525,内蒙古,光伏,0,0,0
3527,江西,光伏,0,0,0
3528,江西,光伏,0,0,0
3529,内蒙古,光伏,0,0,0
353,安徽,光伏,0,0,0
3531,内蒙古,光伏,0,0,0
3532,内蒙古,光伏,0,0,0
3537,江苏,光伏,0,0,0
3538,江苏,光伏,0,0,0
3539,内蒙古,光伏,0,0,0
3540,内蒙古,光伏,0,0,0
3542,江西,光伏,0,0,0
3543,内蒙古,光伏,0,0,0
3545,江苏,光伏,0,0,0
3547,内蒙古,光伏,0,0,0
3548,内蒙古,光伏,0,0,0
3549,江西,光伏,0,0,0
3552,内蒙古,光伏,0,0,0
3554,江苏,光伏,0,0,0
3555,内蒙古,光伏,0,0,0
3556,内蒙古,光伏,0,0,0
356,安徽,光伏,0,0,0
3561,江苏,光伏,0,0,0
3562,江西,光伏,0,0,0
3563,内蒙古,光伏,0,0,0
3565,内蒙古,光伏,0,0,0
3566,内蒙古,光伏,0,0,0
3567,江苏,光伏,0,0,0
3569,内蒙古,光伏,0,0,0
357,安徽,光伏,0,0,0
3572,内蒙古,光伏,0,0,0
3573,内蒙古,光伏,0,0,0
3574,内蒙古,光伏,0,0,0
3576,江西,光伏,0,0,0
3579,内蒙古,光伏,0,0,0
358,安徽,光伏,0,0,0
3580,内蒙古,光伏,0,0,0
3581,江苏,光伏,0,0,0
3582,江西,光伏,0,0,0
3584,内蒙古,光伏,0,0,0
3585,内蒙古,光伏,0,0,0
3586,江西,光伏,0,0,0
3587,内蒙古,光伏,0,0,0
3589,内蒙古,光伏,0,0,0
359,安徽,光伏,0,0,0
3590,内蒙古,光伏,0,0,0
3591,内蒙古,光伏,0,0,0
3594,江苏,光伏,0,0,0
3596,内蒙古,光伏,0,0,0
3597,内蒙古,光伏,0,0,0
3598,内蒙古,光伏,0,0,0
36,安徽,光伏,0,0,0
360,安徽,光伏,0,0,0
3601,内蒙古,光伏,0,0,0
3603,江西,光伏,0,0,0
3605,江西,光伏,0,0,0
3607,江西,光伏,0,0,0
3609,内蒙古,光伏,0,0,0
361,安徽,光伏,0,0,0
3611,内蒙古,光伏,0,0,0
3613,江西,光伏,0,0,0
3615,内蒙古,光伏,0,0,0
3617,江苏,光伏,0,0,0
362,安徽,光伏,0,0,0
3620,内蒙古,光伏,0,0,0
3621,江西,光伏,0,0,0
3624,内蒙古,光伏,2,2,0
3626,内蒙古,光伏,0,0,0
3628,内蒙古,光伏,0,0,0
3630,江西,光伏,0,0,0
3632,江西,光伏,0,0,0
3634,江西,光伏,0,0,0
3637,内蒙古,光伏,0,0,0
3638,内蒙古,光伏,0,0,0
3639,内蒙古,光伏,0,0,0
364,安徽,光伏,0,0,0
3641,江西,光伏,0,0,0
3645,内蒙古,光伏,0,0,0
3648,江苏,光伏,0,0,0
3649,内蒙古,光伏,0,0,0
3651,内蒙古,光伏,0,0,0
3653,江西,光伏,0,0,0
3654,内蒙古,光伏,0,0,0
366,安徽,光伏,0,0,0
3661,江西,光伏,0,0,0
3665,内蒙古,光伏,0,0,0
3666,内蒙古,光伏,0,0,0
3667,湖南,光伏,0,0,0
3668,江西,光伏,0,0,0
3669,内蒙古,光伏,0,0,0
367,安徽,光伏,0,0,0
3673,江西,光伏,0,0,0
3674,内蒙古,光伏,0,0,0
3676,吉林,光伏,0,0,0
3677,内蒙古,光伏,0,0,0
3678,内蒙古,光伏,0,0,0
368,安徽,光伏,0,0,0
3680,内蒙古,光伏,0,0,0
3681,内蒙古,光伏,0,0,0
3682,内蒙古,光伏,0,0,0
3683,内蒙古,光伏,0,0,0
3685,江西,光伏,0,0,0
3686,江苏,光伏,0,0,0
3687,江苏,光伏,0,0,0
3689,江西,光伏,0,0,0
369,安徽,光伏,0,0,0
3690,内蒙古,光伏,0,0,0
3691,内蒙古,光伏,0,0,0
3693,内蒙古,光伏,0,0,0
3696,内蒙古,光伏,0,0,0
3699,江西,光伏,0,0,0
37,安徽,光伏,0,0,0
370,安徽,光伏,0,0,0
3700,内蒙古,光伏,0,0,0
3701,江西,光伏,0,0,0
3702,内蒙古,光伏,0,0,0
3707,江苏,光伏,0,0,0
371,安徽,光伏,0,0,0
3710,内蒙古,光伏,0,0,0
3713,内蒙古,光伏,0,0,0
3715,江西,光伏,0,0,0
3716,内蒙古,光伏,0,0,0
3718,内蒙古,光伏,0,0,0
3719,内蒙古,光伏,1,1,0
372,安徽,光伏,0,0,0
3720,内蒙古,光伏,0,0,0
3721,江苏,光伏,0,0,0
3722,内蒙古,光伏,0,0,0
3723,内蒙古,光伏,1,1,0
3724,江西,光伏,0,0,0
3725,内蒙古,光伏,0,0,0
3727,江西,光伏,0,0,0
3729,内蒙古,光伏,0,0,0
373,安徽,光伏,0,0,0
3731,江西,光伏,0,0,0
3732,江苏,光伏,0,0,0
3733,内蒙古,光伏,0,0,0
3734,内蒙古,光伏,0,0,0
3736,江西,光伏,0,0,0
3737,内蒙古,光伏,0,0,0
3739,江西,光伏,0,0,0
3740,内蒙古,光伏,0,0,0
3742,江西,光伏,0,0,0
3743,内蒙古,光伏,0,0,0
3744,内蒙古,光伏,0,0,0
3745,内蒙古,光伏,0,0,0
3746,内蒙古,光伏,0,0,0
3747,江苏,光伏,0,0,0
3748,内蒙古,光伏,0,0,0
375,安徽,光伏,0,0,0
3751,内蒙古,光伏,0,0,0
3752,江苏,光伏,0,0,0
3753,江西,光伏,0,0,0
3754,内蒙古,光伏,1,1,0
3755,江西,光伏,0,0,0
3756,内蒙古,光伏,0,0,0
3758,内蒙古,光伏,0,0,0
3759,内蒙古,光伏,0,0,0
376,安徽,光伏,0,0,0
3760,内蒙古,光伏,0,0,0
3761,江苏,光伏,0,0,0
3763,内蒙古,光伏,0,0,0
3764,内蒙古,光伏,0,0,0
3767,内蒙古,光伏,0,0,0
3768,江西,光伏,0,0,0
377,安徽,光伏,0,0,0
3771,江苏,光伏,0,0,0
3772,内蒙古,光伏,0,0,0
3774,内蒙古,光伏,0,0,0
3776,内蒙古,光伏,0,0,0
3777,内蒙古,光伏,0,0,0
3778,江西,光伏,0,0,0
3779,江西,光伏,0,0,0
378,安徽,光伏,0,0,0
3780,内蒙古,光伏,0,0,0
3781,江西,光伏,0,0,0
3782,内蒙古,光伏,0,0,0
3783,江苏,光伏,0,0,0
3785,内蒙古,光伏,5,5,0
3786,江西,光伏,0,0,0
3787,内蒙古,光伏,0,0,0
3788,内蒙古,光伏,0,0,0
3789,内蒙古,光伏,0,0,0
379,安徽,光伏,0,0,0
3790,内蒙古,光伏,0,0,0
3791,江苏,光伏,0,0,0
3792,江苏,光伏,0,0,0
3795,内蒙古,光伏,0,0,0
3797,内蒙古,光伏,0,0,0
3798,内蒙古,光伏,0,0,0
3799,内蒙古,光伏,0,0,0
380,安徽,光伏,0,0,0
3801,江苏,光伏,0,0,0
3802,内蒙古,光伏,2,2,0
3803,内蒙古,光伏,0,0,0
3808,内蒙古,光伏,6,6,0
3809,江苏,光伏,0,0,0
381,安徽,光伏,0,0,0
3810,内蒙古,光伏,0,0,0
3812,江苏,光伏,0,0,0
3813,江西,光伏,0,0,0
3814,内蒙古,光伏,0,0,0
3816,江西,光伏,0,0,0
3819,内蒙古,光伏,0,0,0
382,安徽,光伏,0,0,0
3820,内蒙古,光伏,0,0,0
3821,江苏,光伏,0,0,0
3822,内蒙古,光伏,0,0,0
3823,江西,光伏,0,0,0
3828,内蒙古,光伏,0,0,0
3829,内蒙古,光伏,0,0,0
383,安徽,光伏,0,0,0
3835,内蒙古,光伏,2,2,0
3836,内蒙古,光伏,0,0,0
3838,内蒙古,光伏,0,0,0
384,安徽,光伏,0,0,0
3840,内蒙古,光伏,0,0,0
3841,江苏,光伏,0,0,0
3844,内蒙古,光伏,0,0,0
3845,内蒙古,光伏,0,0,0
3847,江西,光伏,0,0,0
3848,内蒙古,光伏,0,0,0
385,安徽,光伏,0,0,0
3851,江苏,光伏,0,0,0
3853,内蒙古,光伏,0,0,0
3854,内蒙古,光伏,0,0,0
3856,内蒙古,光伏,0,0,0
3857,内蒙古,光伏,0,0,0
3859,内蒙古,光伏,0,0,0
386,安徽,光伏,0,0,0
3862,江西,光伏,0,0,0
3863,内蒙古,光伏,0,0,0
3864,内蒙古,光伏,0,0,0
387,安徽,光伏,0,0,0
3870,江苏,光伏,0,0,0
3871,内蒙古,光伏,0,0,0
3872,内蒙古,光伏,0,0,0
3873,内蒙古,光伏,0,0,0
3874,内蒙古,光伏,0,0,0
3875,内蒙古,光伏,0,0,0
3879,江苏,光伏,0,0,0
388,安徽,光伏,0,0,0
3882,江西,光伏,0,0,0
3883,江西,光伏,0,0,0
3884,内蒙古,光伏,0,0,0
3885,内蒙古,光伏,6,6,0
3886,江西,光伏,0,0,0
3887,内蒙古,光伏,0,0,0
3888,江苏,光伏,0,0,0
3889,江西,光伏,0,0,0
389,安徽,光伏,0,0,0
3890,江西,光伏,0,0,0
3891,宁夏,光伏,0,0,0
3892,内蒙古,光伏,1,1,0
3894,江苏,光伏,0,0,0
3895,江西,光伏,0,0,0
3898,内蒙古,光伏,0,0,0
390,安徽,光伏,0,0,0
3901,内蒙古,光伏,0,0,0
3902,内蒙古,光伏,1,1,0
3903,内蒙古,光伏,0,0,0
3904,内蒙古,光伏,0,0,0
3905,江苏,光伏,0,0,0
3906,江西,光伏,0,0,0
3907,江苏,光伏,0,0,0
391,安徽,光伏,0,0,0
3910,内蒙古,光伏,3,3,0
3913,江西,光伏,0,0,0
3914,江西,光伏,0,0,0
3915,江苏,光伏,0,0,0
3919,内蒙古,光伏,0,0,0
392,安徽,光伏,0,0,0
3921,江西,光伏,0,0,0
3922,江西,光伏,0,0,0
3923,内蒙古,光伏,0,0,0
3924,内蒙古,光伏,0,0,0
3925,江苏,光伏,0,0,0
3926,江西,光伏,0,0,0
3928,江西,光伏,0,0,0
3936,江西,光伏,0,0,0
3937,江西,光伏,0,0,0
3939,江苏,光伏,0,0,0
3941,江西,光伏,0,0,0
3943,江苏,光伏,0,0,0
3946,内蒙古,光伏,0,0,0
3947,江苏,光伏,0,0,0
3948,江西,光伏,0,0,0
395,安徽,光伏,0,0,0
3951,内蒙古,光伏,0,0,0
3953,江西,光伏,0,0,0
3955,内蒙古,光伏,0,0,0
3956,江西,光伏,0,0,0
3957,江西,光伏,0,0,0
3959,内蒙古,光伏,0,0,0
396,安徽,光伏,0,0,0
3961,江西,光伏,0,0,0
3963,江苏,光伏,0,0,0
3966,江西,光伏,0,0,0
397,安徽,光伏,0,0,0
3970,内蒙古,光伏,0,0,0
3971,江苏,光伏,0,0,0
3972,内蒙古,光伏,0,0,0
3973,江西,光伏,0,0,0
3974,江西,光伏,0,0,0
3976,内蒙古,光伏,0,0,0
3979,江西,光伏,0,0,0
398,安徽,光伏,0,0,0
3981,江西,光伏,0,0,0
3986,江西,光伏,0,0,0
3987,江西,光伏,0,0,0
3988,江西,光伏,0,0,0
3989,江西,光伏,0,0,0
399,安徽,光伏,0,0,0
3990,江西,光伏,0,0,0
3991,江西,光伏,0,0,0
3992,江西,光伏,0,0,0
3995,江西,光伏,0,0,0
3996,江西,光伏,0,0,0
3999,江西,光伏,0,0,0
4,安徽,光伏,0,0,0
40,安徽,光伏,0,0,0
400,安徽,光伏,0,0,0
4000,江西,光伏,0,0,0
4002,陕西,光伏,0,0,0
4003,陕西,光伏,0,0,0
4005,陕西,光伏,0,0,0
4006,青海,光伏,6,0,6
4007,陕西,光伏,0,0,0
4008,陕西,光伏,0,0,0
4009,陕西,光伏,0,0,0
4010,陕西,光伏,0,0,0
4011,陕西,光伏,0,0,0
4012,陕西,光伏,0,0,0
4016,陕西,光伏,0,0,0
4018,陕西,光伏,0,0,0
4019,陕西,光伏,0,0,0
4021,陕西,光伏,0,0,0
4022,陕西,光伏,0,0,0
4028,陕西,光伏,0,0,0
4029,陕西,光伏,0,0,0
4030,陕西,光伏,0,0,0
4032,陕西,光伏,0,0,0
4034,宁夏,光伏,0,0,0
4035,陕西,光伏,0,0,0
4036,陕西,光伏,0,0,0
4037,陕西,光伏,0,0,0
4038,宁夏,光伏,0,0,0
404,甘肃,光伏,6,6,0
4040,青海,光伏,6,6,0
4045,陕西,光伏,0,0,0
4046,陕西,光伏,0,0,0
4048,陕西,光伏,0,0,0
405,甘肃,光伏,6,6,0
4052,江西,光伏,0,0,0
4057,陕西,光伏,0,0,0
4058,陕西,光伏,0,0,0
4059,陕西,光伏,0,0,0
4060,陕西,光伏,0,0,0
4061,陕西,光伏,0,0,0
4062,陕西,光伏,0,0,0
4063,陕西,光伏,0,0,0
4069,陕西,光伏,0,0,0
407,甘肃,光伏,0,0,0
4072,陕西,光伏,0,0,0
4073,陕西,光伏,0,0,0
4074,陕西,光伏,0,0,0
4075,陕西,光伏,0,0,0
4076,陕西,光伏,0,0,0
4077,陕西,光伏,6,6,0
4080,陕西,光伏,0,0,0
4081,陕西,光伏,0,0,0
4082,陕西,光伏,0,0,0
4083,陕西,光伏,0,0,0
4084,陕西,光伏,0,0,0
4085,陕西,光伏,0,0,0
4086,陕西,光伏,0,0,0
4087,陕西,光伏,0,0,0
4088,陕西,光伏,0,0,0
4089,陕西,光伏,0,0,0
4090,陕西,光伏,0,0,0
4091,陕西,光伏,0,0,0
4092,陕西,光伏,0,0,0
4093,陕西,光伏,1,1,0
4094,陕西,光伏,0,0,0
4095,陕西,光伏,0,0,0
4096,陕西,光伏,0,0,0
4097,陕西,光伏,0,0,0
4098,陕西,光伏,0,0,0
4099,陕西,光伏,0,0,0
4100,陕西,光伏,0,0,0
4101,陕西,光伏,0,0,0
4102,陕西,光伏,0,0,0
4103,陕西,光伏,0,0,0
4104,陕西,光伏,0,0,0
4105,陕西,光伏,0,0,0
4107,陕西,光伏,5,5,0
4108,陕西,光伏,0,0,0
4109,陕西,光伏,0,0,0
4111,宁夏,光伏,0,0,0
4117,青海,光伏,6,6,0
4125,宁夏,光伏,0,0,0
4126,青海,光伏,6,1,5
4127,青海,光伏,6,6,0
4128,青海,光伏,6,6,0
4129,青海,光伏,6,6,0
413,甘肃,光伏,6,6,0
4130,青海,光伏,6,6,0
4132,青海,光伏,6,6,0
4133,青海,光伏,6,6,0
4134,青海,光伏,6,6,0
4135,青海,光伏,6,6,0
4136,青海,光伏,6,1,5
4137,青海,光伏,6,0,6
4138,青海,光伏,6,0,6
4139,青海,光伏,6,6,0
4140,青海,光伏,6,0,6
4141,青海,光伏,6,6,0
4143,青海,光伏,6,0,6
4144,青海,光伏,6,6,0
4145,青海,光伏,6,6,0
4146,青海,光伏,6,1,5
4147,青海,光伏,6,6,0
4148,青海,光伏,6,6,0
4149,青海,光伏,6,0,6
4151,青海,光伏,6,6,0
4153,青海,光伏,6,0,6
4154,青海,光伏,6,6,0
4155,青海,光伏,6,0,6
4156,青海,光伏,6,0,6
4157,青海,光伏,6,0,6
4159,青海,光伏,6,0,6
4160,青海,光伏,6,3,3
4161,青海,光伏,6,6,0
4163,青海,光伏,6,6,0
4165,青海,光伏,6,2,4
4167,青海,光伏,6,6,0
4173,青海,光伏,6,6,0
4176,青海,光伏,6,6,0
4179,青海,光伏,6,6,0
418,甘肃,光伏,6,6,0
4180,青海,光伏,6,6,0
4182,青海,光伏,6,3,3
4189,青海,光伏,6,3,3
4190,青海,光伏,6,0,6
4191,青海,光伏,6,6,0
4192,青海,光伏,6,6,0
4193,青海,光伏,6,6,0
4195,青海,光伏,6,6,0
4197,青海,光伏,6,6,0
4199,青海,光伏,6,6,0
42,安徽,光伏,0,0,0
420,甘肃,光伏,6,6,0
4204,青海,光伏,6,0,6
4205,青海,光伏,6,0,6
4208,青海,光伏,6,0,6
421,甘肃,光伏,1,1,0
4218,陕西,光伏,1,1,0
4219,陕西,光伏,0,0,0
422,甘肃,光伏,6,6,0
4225,青海,光伏,6,0,6
4228,青海,光伏,6,0,6
4229,陕西,光伏,0,0,0
423,甘肃,光伏,0,0,0
4232,宁夏,光伏,0,0,0
4233,青海,光伏,6,0,6
4241,陕西,光伏,0,0,0
4242,青海,光伏,6,6,0
4243,宁夏,光伏,0,0,0
4247,宁夏,光伏,0,0,0
4248,陕西,光伏,0,0,0
4250,青海,光伏,6,6,0
4254,陕西,光伏,0,0,0
4256,青海,光伏,6,1,5
4263,青海,光伏,6,0,6
4266,辽宁,光伏,0,0,0
4267,宁夏,光伏,0,0,0
4268,青海,光伏,6,0,6
427,甘肃,光伏,0,0,0
4273,辽宁,光伏,0,0,0
4274,青海,光伏,6,0,6
4275,陕西,光伏,0,0,0
4276,宁夏,光伏,0,0,0
428,甘肃,光伏,6,6,0
4281,江西,光伏,0,0,0
4283,青海,光伏,6,0,6
4284,陕西,光伏,0,0,0
4286,宁夏,光伏,0,0,0
4287,宁夏,光伏,0,0,0
4288,青海,光伏,6,0,6
4289,江西,光伏,0,0,0
4291,青海,光伏,6,0,6
4292,宁夏,光伏,0,0,0
4294,宁夏,光伏,0,0,0
4296,江西,光伏,0,0,0
4297,辽宁,光伏,0,0,0
4298,青海,光伏,6,6,0
4299,陕西,光伏,0,0,0
430,甘肃,光伏,6,6,0
4301,青海,光伏,6,0,6
4304,辽宁,光伏,0,0,0
4305,宁夏,光伏,0,0,0
4306,陕西,光伏,0,0,0
4307,宁夏,光伏,0,0,0
4309,青海,光伏,6,6,0
4313,宁夏,光伏,0,0,0
4315,宁夏,光伏,0,0,0
4316,宁夏,光伏,0,0,0
4317,青海,光伏,6,0,6
4318,陕西,光伏,0,0,0
4319,江西,光伏,0,0,0
4320,青海,光伏,6,0,6
4323,宁夏,光伏,0,0,0
4324,陕西,光伏,0,0,0
4326,青海,光伏,6,6,0
4327,江西,光伏,0,0,0
4329,宁夏,光伏,0,0,0
433,甘肃,光伏,6,6,0
4332,陕西,光伏,0,0,0
4333,陕西,光伏,0,0,0
4335,陕西,光伏,0,0,0
434,甘肃,光伏,0,0,0
4341,陕西,光伏,0,0,0
4342,陕西,光伏,0,0,0
4346,陕西,光伏,0,0,0
4347,陕西,光伏,0,0,0
4349,陕西,光伏,0,0,0
435,甘肃,光伏,5,5,0
4352,陕西,光伏,0,0,0
4353,陕西,光伏,0,0,0
4355,陕西,光伏,0,0,0
4357,陕西,光伏,0,0,0
4359,陕西,光伏,0,0,0
4360,陕西,光伏,0,0,0
4361,陕西,光伏,0,0,0
4363,陕西,光伏,0,0,0
4364,陕西,光伏,6,6,0
4367,陕西,光伏,0,0,0
4368,陕西,光伏,0,0,0
4369,陕西,光伏,6,6,0
437,甘肃,光伏,6,6,0
4370,陕西,光伏,0,0,0
4371,陕西,光伏,0,0,0
4372,陕西,光伏,0,0,0
4373,陕西,光伏,0,0,0
4374,陕西,光伏,0,0,0
4378,陕西,光伏,0,0,0
438,甘肃,光伏,6,6,0
4381,陕西,光伏,0,0,0
4383,陕西,光伏,0,0,0
4385,陕西,光伏,0,0,0
4386,陕西,光伏,0,0,0
4387,陕西,光伏,0,0,0
4388,陕西,光伏,0,0,0
4389,陕西,光伏,0,0,0
439,甘肃,光伏,0,0,0
4390,陕西,光伏,0,0,0
4394,陕西,光伏,2,2,0
4397,陕西,光伏,0,0,0
4398,陕西,光伏,0,0,0
440,甘肃,光伏,6,6,0
4404,陕西,光伏,0,0,0
4407,陕西,光伏,0,0,0
4414,辽宁,光伏,0,0,0
4415,江西,光伏,0,0,0
4416,宁夏,光伏,0,0,0
4418,宁夏,光伏,0,0,0
4419,辽宁,光伏,0,0,0
4420,青海,光伏,6,6,0
4421,宁夏,光伏,0,0,0
4423,宁夏,光伏,0,0,0
4424,辽宁,光伏,0,0,0
4426,宁夏,光伏,0,0,0
4427,宁夏,光伏,0,0,0
4428,江西,光伏,0,0,0
443,甘肃,光伏,6,6,0
4432,宁夏,光伏,0,0,0
4433,江西,光伏,0,0,0
4434,青海,光伏,6,0,6
4437,宁夏,光伏,0,0,0
4438,宁夏,光伏,0,0,0
4440,青海,光伏,6,0,6
4442,宁夏,光伏,0,0,0
4443,宁夏,光伏,0,0,0
4444,江西,光伏,0,0,0
4445,宁夏,光伏,0,0,0
4446,青海,光伏,6,0,6
4449,宁夏,光伏,0,0,0
4451,宁夏,光伏,0,0,0
4452,青海,光伏,6,0,6
4455,宁夏,光伏,0,0,0
4456,青海,光伏,6,6,0
4457,江西,光伏,0,0,0
4458,辽宁,光伏,0,0,0
4459,宁夏,光伏,0,0,0
4460,宁夏,光伏,0,0,0
4462,江西,光伏,0,0,0
4463,青海,光伏,6,0,6
4464,宁夏,光伏,0,0,0
447,甘肃,光伏,6,6,0
4472,辽宁,光伏,0,0,0
4473,宁夏,光伏,0,0,0
4479,青海,光伏,6,6,0
4480,宁夏,光伏,0,0,0
4482,宁夏,光伏,0,0,0
4485,辽宁,光伏,0,0,0
4487,宁夏,光伏,0,0,0
4488,宁夏,光伏,0,0,0
4490,青海,光伏,6,0,6
4493,宁夏,光伏,0,0,0
4499,宁夏,光伏,0,0,0
45,安徽,光伏,0,0,0
4502,辽宁,光伏,0,0,0
4505,宁夏,光伏,0,0,0
4507,宁夏,光伏,0,0,0
4509,辽宁,光伏,0,0,0
4510,青海,光伏,6,0,6
4511,辽宁,光伏,0,0,0
4512,宁夏,光伏,0,0,0
4514,江西,光伏,0,0,0
4516,青海,光伏,6,0,6
4517,辽宁,光伏,0,0,0
4518,宁夏,光伏,0,0,0
4519,宁夏,光伏,0,0,0
4521,宁夏,光伏,0,0,0
4522,青海,光伏,6,0,6
4523,辽宁,光伏,0,0,0
4527,江西,光伏,0,0,0
4528,宁夏,光伏,0,0,0
4529,宁夏,光伏,0,0,0
4532,宁夏,光伏,0,0,0
4534,江苏,光伏,0,0,0
4535,青海,光伏,6,6,0
4539,宁夏,光伏,0,0,0
454,甘肃,光伏,4,4,0
4540,吉林,光伏,0,0,0
4541,青海,光伏,6,6,0
4542,宁夏,光伏,0,0,0
4543,青海,光伏,6,0,6
4545,辽宁,光伏,0,0,0
4547,辽宁,光伏,0,0,0
4548,辽宁,光伏,0,0,0
4549,辽宁,光伏,0,0,0
4550,辽宁,光伏,0,0,0
4551,辽宁,光伏,0,0,0
4556,辽宁,光伏,0,0,0
4557,辽宁,光伏,0,0,0
4559,辽宁,光伏,0,0,0
4562,辽宁,光伏,0,0,0
4564,辽宁,光伏,0,0,0
4565,辽宁,光伏,0,0,0
4568,辽宁,光伏,0,0,0
457,甘肃,光伏,6,6,0
4572,辽宁,光伏,0,0,0
4573,辽宁,光伏,0,0,0
4577,辽宁,光伏,0,0,0
4579,辽宁,光伏,0,0,0
4580,辽宁,光伏,0,0,0
4583,辽宁,光伏,0,0,0
4584,辽宁,光伏,0,0,0
4585,辽宁,光伏,0,0,0
4587,辽宁,光伏,0,0,0
459,甘肃,光伏,6,6,0
4591,辽宁,光伏,0,0,0
4593,辽宁,光伏,0,0,0
4594,辽宁,光伏,0,0,0
4595,辽宁,光伏,0,0,0
4599,辽宁,光伏,0,0,0
4601,辽宁,光伏,0,0,0
4602,辽宁,光伏,0,0,0
4603,青海,光伏,6,6,0
4607,吉林,光伏,0,0,0
4608,宁夏,光伏,0,0,0
4609,青海,光伏,6,6,0
461,甘肃,光伏,6,6,0
4615,青海,光伏,6,6,0
4616,宁夏,光伏,0,0,0
4618,宁夏,光伏,0,0,0
4619,吉林,光伏,0,0,0
4622,青海,光伏,6,0,6
4623,宁夏,光伏,0,0,0
4624,吉林,光伏,0,0,0
4625,宁夏,光伏,0,0,0
4627,宁夏,光伏,0,0,0
4629,吉林,光伏,0,0,0
463,甘肃,光伏,6,6,0
4631,青海,光伏,6,0,6
4632,宁夏,光伏,0,0,0
4639,宁夏,光伏,0,0,0
464,甘肃,光伏,6,6,0
4641,青海,光伏,6,0,6
4642,青海,光伏,6,6,0
4646,宁夏,光伏,0,0,0
4647,青海,光伏,6,0,6
4648,青海,光伏,6,0,6
4649,吉林,光伏,0,0,0
465,甘肃,光伏,4,4,0
4650,宁夏,光伏,0,0,0
4651,宁夏,光伏,0,0,0
4652,宁夏,光伏,0,0,0
4654,青海,光伏,6,0,6
4656,宁夏,光伏,0,0,0
4658,宁夏,光伏,0,0,0
466,甘肃,光伏,6,6,0
4660,宁夏,光伏,0,0,0
4661,吉林,光伏,0,0,0
4662,宁夏,光伏,0,0,0
4664,宁夏,光伏,0,0,0
4665,宁夏,光伏,0,0,0
4667,宁夏,光伏,0,0,0
4669,宁夏,光伏,0,0,0
467,甘肃,光伏,6,6,0
4670,青海,光伏,6,6,0
4674,宁夏,光伏,0,0,0
4675,宁夏,光伏,0,0,0
4677,青海,光伏,6,6,0
4678,吉林,光伏,0,0,0
4679,宁夏,光伏,0,0,0
468,甘肃,光伏,6,6,0
4681,宁夏,光伏,0,0,0
4682,青海,光伏,6,0,6
4683,宁夏,光伏,0,0,0
4684,吉林,光伏,0,0,0
4685,宁夏,光伏,0,0,0
4687,青海,光伏,6,6,0
4689,吉林,光伏,0,0,0
4690,青海,光伏,6,6,0
4691,宁夏,光伏,0,0,0
4693,青海,光伏,6,6,0
4694,宁夏,光伏,0,0,0
4695,吉林,光伏,0,0,0
4696,宁夏,光伏,0,0,0
4697,吉林,光伏,0,0,0
4698,宁夏,光伏,0,0,0
47,安徽,光伏,0,0,0
470,甘肃,光伏,6,6,0
4701,宁夏,光伏,0,0,0
4702,吉林,光伏,0,0,0
4704,宁夏,光伏,0,0,0
4705,青海,光伏,6,0,6
4706,宁夏,光伏,0,0,0
4709,青海,光伏,6,6,0
4710,青海,光伏,6,6,0
4711,宁夏,光伏,0,0,0
4712,青海,光伏,6,4,2
4713,宁夏,光伏,0,0,0
4714,宁夏,光伏,0,0,0
4715,吉林,光伏,0,0,0
4716,青海,光伏,6,6,0
4718,青海,光伏,6,6,0
4719,宁夏,光伏,0,0,0
4721,宁夏,光伏,0,0,0
4722,青海,光伏,6,0,6
4724,青海,光伏,6,6,0
4725,吉林,光伏,0,0,0
4726,青海,光伏,6,6,0
4727,宁夏,光伏,0,0,0
4728,宁夏,光伏,0,0,0
4729,宁夏,光伏,0,0,0
4730,宁夏,光伏,0,0,0
4732,宁夏,光伏,0,0,0
4733,吉林,光伏,0,0,0
4734,宁夏,光伏,0,0,0
4737,宁夏,光伏,0,0,0
4739,宁夏,光伏,0,0,0
474,甘肃,光伏,6,6,0
4740,吉林,光伏,0,0,0
4741,宁夏,光伏,0,0,0
4742,宁夏,光伏,0,0,0
4744,青海,光伏,6,0,6
4746,青海,光伏,6,4,2
4747,宁夏,光伏,0,0,0
4749,宁夏,光伏,0,0,0
475,甘肃,光伏,2,2,0
4750,宁夏,光伏,0,0,0
4752,青海,光伏,6,4,2
4753,吉林,光伏,0,0,0
4754,宁夏,光伏,0,0,0
4756,青海,光伏,6,6,0
4757,青海,光伏,6,0,6
4758,吉林,光伏,0,0,0
4759,宁夏,光伏,0,0,0
4761,吉林,光伏,0,0,0
4762,宁夏,光伏,0,0,0
4763,宁夏,光伏,0,0,0
4765,宁夏,光伏,0,0,0
4766,青海,光伏,6,6,0
4767,青海,光伏,6,0,6
4768,吉林,光伏,0,0,0
4769,宁夏,光伏,0,0,0
4770,宁夏,光伏,0,0,0
4771,宁夏,光伏,0,0,0
4773,青海,光伏,6,6,0
4774,吉林,光伏,0,0,0
4775,宁夏,光伏,0,0,0
4776,宁夏,光伏,0,0,0
4777,宁夏,光伏,0,0,0
4779,吉林,光伏,0,0,0
4780,宁夏,光伏,0,0,0
4781,宁夏,光伏,0,0,0
4782,宁夏,光伏,0,0,0
4785,青海,光伏,6,6,0
4787,宁夏,光伏,0,0,0
4788,宁夏,光伏,0,0,0
479,甘肃,光伏,0,0,0
4792,吉林,光伏,0,0,0
4794,吉林,光伏,0,0,0
4795,青海,光伏,6,6,0
4798,宁夏,光伏,0,0,0
4799,宁夏,光伏,0,0,0
4801,宁夏,光伏,0,0,0
4802,青海,光伏,6,6,0
4803,宁夏,光伏,0,0,0
4804,青海,光伏,6,6,0
4805,宁夏,光伏,0,0,0
4807,吉林,光伏,0,0,0
4809,青海,光伏,6,6,0
4810,宁夏,光伏,0,0,0
4811,青海,光伏,6,0,6
4814,宁夏,光伏,0,0,0
4815,宁夏,光伏,0,0,0
4816,宁夏,光伏,0,0,0
4817,青海,光伏,6,0,6
4819,吉林,光伏,0,0,0
4820,宁夏,光伏,0,0,0
4822,宁夏,光伏,0,0,0
4823,宁夏,光伏,0,0,0
4824,青海,光伏,6,6,0
4829,宁夏,光伏,0,0,0
483,甘肃,光伏,6,6,0
4830,宁夏,光伏,0,0,0
4831,青海,光伏,6,6,0
4832,吉林,光伏,0,0,0
4834,宁夏,光伏,0,0,0
4836,宁夏,光伏,0,0,0
4837,宁夏,光伏,0,0,0
4838,青海,光伏,6,6,0
4840,吉林,光伏,0,0,0
4842,宁夏,光伏,0,0,0
4843,青海,光伏,6,6,0
4844,宁夏,光伏,0,0,0
4845,宁夏,光伏,0,0,0
4846,吉林,光伏,0,0,0
485,甘肃,光伏,6,6,0
4850,青海,光伏,6,6,0
4851,宁夏,光伏,0,0,0
4852,宁夏,光伏,0,0,0
4853,吉林,光伏,0,0,0
4854,青海,光伏,6,0,6
4855,吉林,光伏,0,0,0
4857,青海,光伏,6,6,0
4858,吉林,光伏,0,0,0
4859,宁夏,光伏,0,0,0
486,甘肃,光伏,6,6,0
4860,宁夏,光伏,0,0,0
4863,青海,光伏,6,6,0
4864,宁夏,光伏,0,0,0
4865,青海,光伏,6,0,6
4866,吉林,光伏,0,0,0
4867,宁夏,光伏,0,0,0
4868,青海,光伏,6,1,5
4869,宁夏,光伏,0,0,0
4872,宁夏,光伏,0,0,0
4873,宁夏,光伏,0,0,0
4874,青海,光伏,6,1,5
4877,宁夏,光伏,0,0,0
4879,青海,光伏,6,6,0
4881,宁夏,光伏,0,0,0
4882,青海,光伏,6,6,0
4883,宁夏,光伏,0,0,0
4887,宁夏,光伏,0,0,0
4888,宁夏,光伏,0,0,0
4889,青海,光伏,6,6,0
4890,宁夏,光伏,0,0,0
4891,青海,光伏,6,0,6
4892,吉林,光伏,0,0,0
4895,宁夏,光伏,0,0,0
4896,宁夏,光伏,0,0,0
4897,青海,光伏,6,1,5
4898,吉林,光伏,0,0,0
4899,青海,光伏,6,0,6
49,安徽,光伏,0,0,0
4900,宁夏,光伏,0,0,0
4901,宁夏,光伏,0,0,0
4903,青海,光伏,6,6,0
4904,吉林,光伏,0,0,0
4905,青海,光伏,6,0,6
4906,宁夏,光伏,0,0,0
4909,吉林,光伏,0,0,0
491,甘肃,光伏,6,6,0
4910,宁夏,光伏,0,0,0
4911,青海,光伏,6,6,0
4915,吉林,光伏,0,0,0
4916,青海,光伏,6,0,6
492,甘肃,光伏,0,0,0
4920,吉林,光伏,0,0,0
4921,宁夏,光伏,0,0,0
4925,吉林,光伏,0,0,0
4927,宁夏,光伏,0,0,0
4928,青海,光伏,6,6,0
4929,吉林,光伏,0,0,0
4930,宁夏,光伏,0,0,0
4931,青海,光伏,6,0,6
4932,青海,光伏,6,0,6
4933,青海,光伏,6,1,5
4934,宁夏,光伏,0,0,0
4935,吉林,光伏,0,0,0
494,甘肃,光伏,0,0,0
4940,宁夏,光伏,0,0,0
4942,宁夏,光伏,0,0,0
4943,青海,光伏,6,0,6
4944,青海,光伏,6,0,6
4945,宁夏,光伏,0,0,0
4949,宁夏,光伏,0,0,0
495,甘肃,光伏,5,5,0
4951,宁夏,光伏,0,0,0
4952,青海,光伏,6,0,6
4953,吉林,光伏,0,0,0
4955,宁夏,光伏,0,0,0
4956,青海,光伏,6,0,6
4957,青海,光伏,6,6,0
496,甘肃,光伏,0,0,0
4960,青海,光伏,6,6,0
4961,宁夏,光伏,0,0,0
4966,青海,光伏,6,0,6
4977,青海,光伏,6,0,6
4980,青海,光伏,6,6,0
4981,青海,光伏,6,6,0
4983,青海,光伏,6,6,0
4986,青海,光伏,6,6,0
4987,青海,光伏,6,6,0
499,甘肃,光伏,2,2,0
4992,青海,光伏,6,0,6
4994,青海,光伏,6,0,6
4997,青海,光伏,6,6,0
4998,青海,光伏,6,6,0
5,安徽,光伏,0,0,0
50,安徽,光伏,0,0,0
500,甘肃,光伏,0,0,0
5001,山东,光伏,0,0,0
5002,山东,光伏,0,0,0
5004,山东,光伏,0,0,0
5005,山东,光伏,0,0,0
5006,山东,光伏,0,0,0
5007,山东,光伏,0,0,0
5009,山东,光伏,0,0,0
501,甘肃,光伏,2,2,0
5011,山东,光伏,0,0,0
5013,山东,光伏,0,0,0
5014,山东,光伏,0,0,0
5015,山东,光伏,0,0,0
5027,山东,光伏,0,0,0
5028,山东,光伏,0,0,0
5031,山东,光伏,0,0,0
5032,山东,光伏,0,0,0
5033,山东,光伏,0,0,0
5034,山东,光伏,0,0,0
5036,山东,光伏,0,0,0
5040,甘肃,光伏,1,1,0
5042,山东,光伏,0,0,0
5043,山东,光伏,0,0,0
5046,山东,光伏,0,0,0
5049,山东,光伏,0,0,0
505,福建,光伏,0,0,0
5050,山东,光伏,0,0,0
5051,山东,光伏,0,0,0
5052,山东,光伏,0,0,0
5054,山东,光伏,0,0,0
5055,山东,光伏,0,0,0
5056,山东,光伏,0,0,0
5057,山东,光伏,0,0,0
5058,山东,光伏,0,0,0
5060,山东,光伏,0,0,0
5061,山东,光伏,0,0,0
5063,山东,光伏,0,0,0
5065,山东,光伏,0,0,0
5066,山东,光伏,0,0,0
5069,山东,光伏,0,0,0
507,福建,光伏,0,0,0
5070,山东,光伏,0,0,0
5071,山东,光伏,0,0,0
5073,山东,光伏,0,0,0
5074,山东,光伏,0,0,0
5075,山东,光伏,0,0,0
5076,山东,光伏,0,0,0
5077,山东,光伏,0,0,0
5078,山东,光伏,0,0,0
5079,山东,光伏,0,0,0
5080,山东,光伏,0,0,0
5081,山东,光伏,0,0,0
5082,山东,光伏,0,0,0
5083,山东,光伏,0,0,0
5084,山东,光伏,0,0,0
5085,山东,光伏,0,0,0
5087,山东,光伏,0,0,0
5088,山东,光伏,0,0,0
5089,山东,光伏,0,0,0
5090,山东,光伏,0,0,0
5091,山东,光伏,0,0,0
5092,山东,光伏,0,0,0
5093,山东,光伏,0,0,0
5094,山东,光伏,0,0,0
5095,山东,光伏,0,0,0
5097,山东,光伏,0,0,0
5098,山东,光伏,0,0,0
5099,山东,光伏,0,0,0
51,安徽,光伏,0,0,0
5100,山东,光伏,0,0,0
5101,山东,光伏,0,0,0
5102,山东,光伏,0,0,0
5104,山东,光伏,0,0,0
5109,山东,光伏,0,0,0
5110,山东,光伏,0,0,0
5111,山东,光伏,0,0,0
5112,山西,光伏,0,0,0
5113,山东,光伏,0,0,0
5117,陕西,光伏,0,0,0
512,福建,光伏,0,0,0
5120,山西,光伏,0,0,0
5124,山西,光伏,0,0,0
5125,山西,光伏,0,0,0
5130,山西,光伏,0,0,0
5132,山西,光伏,0,0,0
5134,山西,光伏,0,0,0
5136,山西,光伏,0,0,0
5138,山西,光伏,0,0,0
514,福建,光伏,0,0,0
5141,山西,光伏,0,0,0
5142,山西,光伏,0,0,0
5144,山西,光伏,0,0,0
5148,山西,光伏,0,0,0
5149,山西,光伏,0,0,0
5150,山西,光伏,0,0,0
5152,山西,光伏,0,0,0
5153,山西,光伏,0,0,0
5154,山西,光伏,0,0,0
5155,山西,光伏,0,0,0
5156,山西,光伏,0,0,0
5158,山西,光伏,0,0,0
5159,山西,光伏,0,0,0
516,福建,光伏,0,0,0
5160,山西,光伏,0,0,0
5162,山西,光伏,0,0,0
5164,山西,光伏,0,0,0
5165,山西,光伏,0,0,0
5168,山西,光伏,0,0,0
517,福建,光伏,0,0,0
5171,山西,光伏,0,0,0
5173,湖南,光伏,0,0,0
5174,山西,光伏,0,0,0
5175,山西,光伏,0,0,0
5176,山西,光伏,0,0,0
5177,山西,光伏,0,0,0
5178,山西,光伏,0,0,0
5179,山西,光伏,0,0,0
518,甘肃,光伏,6,6,0
5180,山西,光伏,0,0,0
5181,山西,光伏,0,0,0
5185,山西,光伏,0,0,0
5186,山西,光伏,0,0,0
5187,山西,光伏,0,0,0
5189,山西,光伏,0,0,0
5190,山西,光伏,0,0,0
5193,山西,光伏,0,0,0
5199,山西,光伏,0,0,0
52,安徽,光伏,0,0,0
520,福建,光伏,0,0,0
5201,山西,光伏,0,0,0
5209,山西,光伏,0,0,0
521,甘肃,光伏,6,6,0
5212,山西,光伏,0,0,0
5213,山西,光伏,0,0,0
5214,山西,光伏,0,0,0
5215,山西,光伏,0,0,0
5216,山西,光伏,0,0,0
5217,山西,光伏,0,0,0
5218,山西,光伏,0,0,0
5219,山西,光伏,0,0,0
5222,山西,光伏,0,0,0
5223,山西,光伏,0,0,0
5224,山西,光伏,0,0,0
5226,山西,光伏,0,0,0
5228,山东,光伏,0,0,0
5229,山东,光伏,0,0,0
523,福建,光伏,0,0,0
5230,山西,光伏,0,0,0
5232,山东,光伏,0,0,0
5233,山东,光伏,0,0,0
5235,山西,光伏,0,0,0
5236,陕西,光伏,0,0,0
5237,山东,光伏,0,0,0
5242,上海,光伏,0,0,0
5243,陕西,光伏,0,0,0
5244,山西,光伏,0,0,0
5246,山西,光伏,0,0,0
5248,山西,光伏,0,0,0
525,甘肃,光伏,6,6,0
5253,山西,光伏,0,0,0
5254,山西,光伏,0,0,0
5255,山西,光伏,0,0,0
5256,山西,光伏,0,0,0
5257,山西,光伏,0,0,0
5258,山西,光伏,0,0,0
5259,山西,光伏,0,0,0
5261,山西,光伏,0,0,0
5262,山西,光伏,0,0,0
5263,山西,光伏,0,0,0
5264,山西,光伏,0,0,0
5265,山西,光伏,0,0,0
5266,山西,光伏,0,0,0
5267,山西,光伏,0,0,0
5268,山西,光伏,0,0,0
527,甘肃,光伏,6,6,0
5270,山西,光伏,0,0,0
5271,山西,光伏,0,0,0
5272,山西,光伏,0,0,0
5273,山西,光伏,0,0,0
5274,山西,光伏,0,0,0
5275,山西,光伏,0,0,0
5276,山西,光伏,0,0,0
5277,山西,光伏,0,0,0
5278,山西,光伏,0,0,0
5279,山西,光伏,0,0,0
528,甘肃,光伏,6,6,0
5280,山西,光伏,0,0,0
5281,山西,光伏,0,0,0
5282,山西,光伏,0,0,0
5283,山西,光伏,0,0,0
5285,山西,光伏,0,0,0
5286,山西,光伏,0,0,0
5287,山西,光伏,0,0,0
5288,山西,光伏,0,0,0
5289,山西,光伏,0,0,0
5290,山西,光伏,0,0,0
5291,山西,光伏,0,0,0
5292,山西,光伏,0,0,0
5293,山西,光伏,0,0,0
5294,山西,光伏,0,0,0
5295,山西,光伏,0,0,0
5296,山西,光伏,0,0,0
5297,山西,光伏,0,0,0
5298,山西,光伏,0,0,0
5299,山西,光伏,0,0,0
53,安徽,光伏,0,0,0
5301,山西,光伏,0,0,0
5302,山西,光伏,0,0,0
5303,山西,光伏,0,0,0
5304,山西,光伏,0,0,0
5305,山西,光伏,0,0,0
5306,山西,光伏,0,0,0
5307,山西,光伏,0,0,0
5308,山西,光伏,0,0,0
5309,山西,光伏,0,0,0
5310,山西,光伏,0,0,0
5311,山西,光伏,0,0,0
5315,山西,光伏,0,0,0
532,福建,光伏,0,0,0
5321,山西,光伏,0,0,0
5322,山西,光伏,0,0,0
5323,山西,光伏,0,0,0
5325,山西,光伏,0,0,0
5329,山西,光伏,0,0,0
533,甘肃,光伏,6,6,0
5331,山西,光伏,0,0,0
5332,山西,光伏,0,0,0
5336,山西,光伏,0,0,0
5337,山西,光伏,0,0,0
5338,山西,光伏,0,0,0
5339,上海,光伏,0,0,0
5340,陕西,光伏,0,0,0
5341,山西,光伏,0,0,0
5342,上海,光伏,0,0,0
5344,陕西,光伏,0,0,0
5348,山西,光伏,0,0,0
5351,山东,光伏,0,0,0
5352,山西,光伏,0,0,0
5354,山东,光伏,0,0,0
5356,陕西,光伏,0,0,0
5357,上海,光伏,0,0,0
5358,山东,光伏,0,0,0
5359,山西,光伏,0,0,0
536,甘肃,光伏,0,0,0
5361,山西,光伏,0,0,0
5362,山西,光伏,0,0,0
5363,山西,光伏,0,0,0
5364,山西,光伏,0,0,0
5368,山西,光伏,0,0,0
5369,山西,光伏,0,0,0
537,甘肃,光伏,2,2,0
5370,山西,光伏,0,0,0
5371,山西,光伏,0,0,0
5372,山西,光伏,0,0,0
5373,山西,光伏,0,0,0
5374,山西,光伏,0,0,0
5375,山西,光伏,0,0,0
5376,山西,光伏,0,0,0
5377,山西,光伏,0,0,0
5382,山西,光伏,0,0,0
5384,山西,光伏,0,0,0
5385,山西,光伏,0,0,0
5386,山西,光伏,0,0,0
5387,山西,光伏,0,0,0
5388,山西,光伏,0,0,0
5389,山西,光伏,0,0,0
539,甘肃,光伏,1,1,0
5392,山西,光伏,0,0,0
5394,山西,光伏,0,0,0
5395,山西,光伏,0,0,0
5396,山西,光伏,0,0,0
5397,山西,光伏,0,0,0
54,安徽,光伏,0,0,0
540,甘肃,光伏,6,6,0
5402,山西,光伏,0,0,0
5406,山西,光伏,0,0,0
5407,山西,光伏,0,0,0
5408,山西,光伏,0,0,0
5409,山西,光伏,0,0,0
541,甘肃,光伏,6,6,0
5411,山西,光伏,0,0,0
5412,山西,光伏,0,0,0
5413,山西,光伏,0,0,0
5417,山西,光伏,0,0,0
542,甘肃,光伏,6,6,0
5425,山西,光伏,0,0,0
5428,山西,光伏,0,0,0
5429,山西,光伏,0,0,0
5436,山西,光伏,0,0,0
5437,山西,光伏,0,0,0
5438,山西,光伏,0,0,0
544,甘肃,光伏,6,6,0
5440,山西,光伏,0,0,0
5441,山西,光伏,0,0,0
5444,山西,光伏,0,0,0
5445,山西,光伏,0,0,0
5446,山西,光伏,0,0,0
5449,山西,光伏,0,0,0
545,甘肃,光伏,6,6,0
5459,山西,光伏,0,0,0
546,甘肃,光伏,0,0,0
5460,山东,光伏,0,0,0
5463,山东,光伏,0,0,0
5465,山西,光伏,0,0,0
5467,陕西,光伏,0,0,0
5468,山东,光伏,0,0,0
5469,山东,光伏,0,0,0
547,甘肃,光伏,0,0,0
5475,山东,光伏,0,0,0
5476,陕西,光伏,0,0,0
5477,山东,光伏,0,0,0
5478,山西,光伏,0,0,0
5479,陕西,光伏,0,0,0
548,甘肃,光伏,1,1,0
5480,山西,光伏,0,0,0
5481,山东,光伏,0,0,0
5485,陕西,光伏,0,0,0
5486,山西,光伏,0,0,0
5489,山东,光伏,0,0,0
5490,陕西,光伏,0,0,0
5491,山西,光伏,0,0,0
5496,陕西,光伏,0,0,0
5498,山西,光伏,0,0,0
55,安徽,光伏,0,0,0
5500,山东,光伏,0,0,0
5502,山东,光伏,0,0,0
5504,山东,光伏,0,0,0
5506,陕西,光伏,0,0,0
5508,陕西,光伏,0,0,0
5511,山东,光伏,0,0,0
5516,山东,光伏,0,0,0
5517,陕西,光伏,0,0,0
5518,山东,光伏,0,0,0
5519,山西,光伏,0,0,0
5522,山东,光伏,0,0,0
5523,陕西,光伏,0,0,0
5524,山东,光伏,0,0,0
5526,陕西,光伏,1,1,0
5534,山东,光伏,0,0,0
5537,陕西,光伏,0,0,0
5538,山东,光伏,0,0,0
5540,山西,光伏,0,0,0
5541,山东,光伏,0,0,0
5542,陕西,光伏,0,0,0
5547,山西,光伏,0,0,0
5548,山东,光伏,0,0,0
555,甘肃,光伏,6,6,0
5550,山东,光伏,0,0,0
5552,陕西,光伏,0,0,0
5556,山东,光伏,0,0,0
5558,山东,光伏,0,0,0
556,甘肃,光伏,3,3,0
5562,陕西,光伏,0,0,0
5564,陕西,光伏,0,0,0
5566,山东,光伏,0,0,0
5568,山东,光伏,0,0,0
557,甘肃,光伏,0,0,0
5570,陕西,光伏,0,0,0
5574,山东,光伏,0,0,0
5575,陕西,光伏,0,0,0
5576,陕西,光伏,0,0,0
5577,山东,光伏,0,0,0
5579,山东,光伏,0,0,0
5581,陕西,光伏,0,0,0
5590,山西,光伏,0,0,0
5593,山东,光伏,0,0,0
5597,山东,光伏,0,0,0
5598,山西,光伏,0,0,0
5599,山东,光伏,0,0,0
56,安徽,光伏,0,0,0
560,广东,光伏,0,0,0
5602,陕西,光伏,0,0,0
5604,山东,光伏,0,0,0
5605,山西,光伏,0,0,0
5607,山东,光伏,0,0,0
5610,陕西,光伏,0,0,0
5611,山西,光伏,0,0,0
5612,山东,光伏,0,0,0
5616,陕西,光伏,0,0,0
5618,陕西,光伏,0,0,0
5619,山西,光伏,0,0,0
562,广东,光伏,0,0,0
5625,陕西,光伏,0,0,0
5626,山西,光伏,0,0,0
5627,陕西,光伏,0,0,0
5628,山东,光伏,0,0,0
5630,陕西,光伏,0,0,0
5631,山东,光伏,0,0,0
5634,山西,光伏,0,0,0
5637,山东,光伏,0,0,0
5638,山东,光伏,0,0,0
5639,山东,光伏,0,0,0
564,广东,光伏,0,0,0
5642,山西,光伏,0,0,0
5644,山西,光伏,0,0,0
5645,山东,光伏,0,0,0
5647,山东,光伏,0,0,0
5649,山东,光伏,0,0,0
565,广东,光伏,0,0,0
5651,山东,光伏,0,0,0
5652,山东,光伏,0,0,0
5654,山东,光伏,0,0,0
5656,陕西,光伏,0,0,0
5657,山西,光伏,0,0,0
5658,山东,光伏,0,0,0
5659,山东,光伏,0,0,0
5660,山东,光伏,0,0,0
5661,山东,光伏,0,0,0
5662,山东,光伏,0,0,0
5663,山东,光伏,0,0,0
5665,山东,光伏,0,0,0
5668,山东,光伏,0,0,0
567,广东,光伏,0,0,0
5671,山西,光伏,0,0,0
5675,山东,光伏,0,0,0
5677,山东,光伏,0,0,0
5679,山西,光伏,0,0,0
5680,陕西,光伏,0,0,0
5681,山西,光伏,0,0,0
5685,山东,光伏,0,0,0
5686,陕西,光伏,0,0,0
5687,山西,光伏,0,0,0
569,广东,光伏,0,0,0
5691,山东,光伏,0,0,0
5692,陕西,光伏,0,0,0
5696,山东,光伏,0,0,0
57,安徽,光伏,0,0,0
5700,山东,光伏,0,0,0
5702,山东,光伏,0,0,0
5706,山东,光伏,0,0,0
5708,山东,光伏,0,0,0
5709,山西,光伏,0,0,0
5712,山东,光伏,0,0,0
5713,山东,光伏,0,0,0
5715,山西,光伏,0,0,0
5716,山东,光伏,0,0,0
5718,山东,光伏,0,0,0
572,广东,光伏,0,0,0
5720,山东,光伏,0,0,0
5722,山西,光伏,0,0,0
5723,山东,光伏,0,0,0
5726,山东,光伏,0,0,0
5729,山东,光伏,0,0,0
5730,山西,光伏,0,0,0
5731,山东,光伏,0,0,0
5739,山东,光伏,0,0,0
5742,山东,光伏,0,0,0
5744,山东,光伏,0,0,0
5746,山西,光伏,0,0,0
5749,山东,光伏,0,0,0
575,广东,光伏,0,0,0
5750,陕西,光伏,0,0,0
5752,山西,光伏,0,0,0
5753,山东,光伏,0,0,0
5754,山东,光伏,0,0,0
5756,山东,光伏,0,0,0
576,广东,光伏,0,0,0
5762,山东,光伏,0,0,0
5764,山东,光伏,0,0,0
5766,山东,光伏,0,0,0
5774,山东,光伏,0,0,0
5776,山东,光伏,0,0,0
5777,山东,光伏,0,0,0
578,广东,光伏,0,0,0
5783,山东,光伏,0,0,0
5784,山西,光伏,0,0,0
5786,山东,光伏,0,0,0
5787,山东,光伏,0,0,0
5789,山西,光伏,0,0,0
5790,山东,光伏,0,0,0
5792,山东,光伏,0,0,0
5796,山东,光伏,0,0,0
5798,陕西,光伏,0,0,0
5799,山东,光伏,0,0,0
58,安徽,光伏,0,0,0
5802,山东,光伏,0,0,0
5803,山东,光伏,0,0,0
5804,山东,光伏,0,0,0
5805,山东,光伏,0,0,0
5806,山西,光伏,0,0,0
5807,陕西,光伏,0,0,0
5808,山东,光伏,0,0,0
581,广东,光伏,0,0,0
5810,山东,光伏,0,0,0
5811,山东,光伏,0,0,0
5813,山西,光伏,0,0,0
5814,陕西,光伏,0,0,0
5820,陕西,光伏,0,0,0
5821,山东,光伏,0,0,0
5823,山东,光伏,0,0,0
5826,山东,光伏,0,0,0
5827,山西,光伏,0,0,0
5828,山东,光伏,0,0,0
5830,山东,光伏,0,0,0
5831,山东,光伏,0,0,0
5832,陕西,光伏,0,0,0
5834,山西,光伏,0,0,0
5836,山东,光伏,0,0,0
5841,山东,光伏,0,0,0
5845,山西,光伏,0,0,0
5846,陕西,光伏,1,1,0
5849,山东,光伏,0,0,0
585,广东,光伏,0,0,0
5850,山东,光伏,0,0,0
5856,山东,光伏,0,0,0
5857,山西,光伏,0,0,0
5858,山东,光伏,0,0,0
5859,陕西,光伏,0,0,0
586,广东,光伏,0,0,0
5860,山东,光伏,0,0,0
5862,山东,光伏,0,0,0
5866,山东,光伏,0,0,0
5867,陕西,光伏,0,0,0
587,广东,光伏,0,0,0
5871,山东,光伏,0,0,0
5872,山西,光伏,0,0,0
5873,山东,光伏,0,0,0
5876,陕西,光伏,0,0,0
5877,山东,光伏,0,0,0
5882,陕西,光伏,0,0,0
5884,山东,光伏,0,0,0
5885,山西,光伏,0,0,0
5886,山东,光伏,0,0,0
5887,山东,光伏,0,0,0
5889,陕西,光伏,0,0,0
589,广东,光伏,0,0,0
5894,陕西,光伏,0,0,0
5895,山东,光伏,0,0,0
5897,山东,光伏,0,0,0
59,安徽,光伏,0,0,0
5900,山东,光伏,0,0,0
5901,陕西,光伏,0,0,0
5902,山西,光伏,0,0,0
5904,山东,光伏,0,0,0
5910,山东,光伏,0,0,0
5912,山东,光伏,0,0,0
5914,陕西,光伏,0,0,0
5919,陕西,光伏,0,0,0
5921,山东,光伏,0,0,0
5925,山东,光伏,0,0,0
5926,山东,光伏,0,0,0
5928,山东,光伏,0,0,0
593,广东,光伏,0,0,0
5931,山东,光伏,0,0,0
5934,山东,光伏,0,0,0
5937,山东,光伏,0,0,0
5938,山西,光伏,0,0,0
5939,山东,光伏,0,0,0
594,广东,光伏,0,0,0
5942,山东,光伏,0,0,0
5943,山东,光伏,0,0,0
5944,山西,光伏,0,0,0
5945,山东,光伏,0,0,0
5949,山东,光伏,0,0,0
5951,山西,光伏,0,0,0
5953,山西,光伏,0,0,0
5954,山东,光伏,0,0,0
5955,陕西,光伏,0,0,0
5957,山东,光伏,0,0,0
5959,山西,光伏,0,0,0
596,广东,光伏,0,0,0
5962,山东,光伏,0,0,0
5963,山东,光伏,0,0,0
5965,山西,光伏,0,0,0
5966,陕西,光伏,5,5,0
5968,山东,光伏,0,0,0
5972,山东,光伏,0,0,0
5973,陕西,光伏,0,0,0
5976,山东,光伏,0,0,0
5977,山东,光伏,0,0,0
5981,陕西,光伏,0,0,0
5982,山东,光伏,0,0,0
5983,陕西,光伏,0,0,0
5984,山东,光伏,0,0,0
5985,山东,光伏,0,0,0
5986,山东,光伏,0,0,0
5988,山东,光伏,0,0,0
5989,山东,光伏,0,0,0
5990,山东,光伏,0,0,0
5994,陕西,光伏,0,0,0
5995,陕西,光伏,0,0,0
5996,陕西,光伏,0,0,0
5997,陕西,光伏,0,0,0
5998,陕西,光伏,0,0,0
6,安徽,光伏,0,0,0
60,安徽,光伏,0,0,0
600,广东,光伏,0,0,0
6001,新疆,光伏,6,6,0
6003,四川,光伏,0,0,0
6004,新疆,光伏,6,6,0
6005,新疆,光伏,6,6,0
6006,新疆,光伏,6,6,0
6007,新疆,光伏,6,6,0
6008,山西,光伏,0,0,0
6014,新疆,光伏,6,6,0
6016,新疆,光伏,6,6,0
6017,新疆,光伏,6,6,0
6018,山西,光伏,0,0,0
6020,新疆,光伏,6,6,0
6021,新疆,光伏,6,6,0
6022,新疆,光伏,6,6,0
6024,新疆,光伏,6,6,0
6025,新疆,光伏,6,6,0
6026,新疆,光伏,3,3,0
6027,新疆,光伏,6,6,0
6030,新疆,光伏,6,6,0
6031,新疆,光伏,6,6,0
6032,新疆,光伏,6,6,0
6035,新疆,光伏,6,6,0
6036,新疆,光伏,6,6,0
6037,新疆,光伏,6,6,0
6047,新疆,光伏,6,6,0
6048,西藏,光伏,6,0,6
6056,新疆,光伏,5,5,0
6057,新疆,光伏,6,6,0
6059,新疆,光伏,6,6,0
6060,新疆,光伏,6,6,0
6061,新疆,光伏,6,6,0
6063,新疆,光伏,6,6,0
6065,新疆,光伏,2,2,0
6066,新疆,光伏,6,6,0
6067,新疆,光伏,6,6,0
6068,新疆,光伏,6,6,0
6069,新疆,光伏,6,6,0
6070,新疆,光伏,6,6,0
6071,新疆,光伏,2,2,0
6072,新疆,光伏,2,2,0
6074,新疆,光伏,2,2,0
6076,新疆,光伏,6,6,0
6078,新疆,光伏,5,5,0
6079,新疆,光伏,4,4,0
6081,新疆,光伏,6,6,0
6082,新疆,光伏,6,6,0
6083,新疆,光伏,6,6,0
6085,新疆,光伏,6,6,0
6086,新疆,光伏,6,4,2
6089,新疆,光伏,6,6,0
6091,新疆,光伏,6,6,0
6092,新疆,光伏,4,4,0
6093,新疆,光伏,0,0,0
6096,新疆,光伏,6,6,0
6097,新疆,光伏,6,6,0
6098,新疆,光伏,6,6,0
6099,新疆,光伏,5,5,0
6100,新疆,光伏,6,6,0
6101,新疆,光伏,6,6,0
6102,新疆,光伏,6,6,0
6103,新疆,光伏,6,6,0
6104,新疆,光伏,6,6,0
6105,新疆,光伏,3,3,0
6106,新疆,光伏,6,6,0
6107,新疆,光伏,1,1,0
6108,新疆,光伏,6,6,0
6109,新疆,光伏,0,0,0
6110,新疆,光伏,6,6,0
6111,新疆,光伏,6,6,0
6112,新疆,光伏,6,2,4
6113,四川,光伏,0,0,0
6114,新疆,光伏,6,6,0
6117,甘肃,光伏,6,6,0
6120,新疆,光伏,6,6,0
6121,西藏,光伏,6,0,6
6122,四川,光伏,0,0,0
6123,新疆,光伏,6,6,0
6124,新疆,光伏,6,6,0
6125,新疆,光伏,6,6,0
6126,山西,光伏,0,0,0
6128,西藏,光伏,6,0,6
6129,新疆,光伏,6,6,0
6130,山西,光伏,0,0,0
6131,新疆,光伏,6,2,4
6133,新疆,光伏,6,6,0
6134,西藏,光伏,6,0,6
6138,山西,光伏,0,0,0
614,广东,光伏,0,0,0
6140,新疆,光伏,6,6,0
6142,新疆,光伏,6,6,0
6143,新疆,光伏,6,6,0
6145,西藏,光伏,6,0,6
6149,新疆,光伏,6,6,0
6151,新疆,光伏,6,6,0
6152,西藏,光伏,6,0,6
6154,新疆,光伏,2,2,0
6158,新疆,光伏,6,6,0
6159,新疆,光伏,6,2,4
6160,新疆,光伏,6,0,6
6163,西藏,光伏,6,0,6
6165,新疆,光伏,6,6,0
6167,新疆,光伏,6,6,0
6169,新疆,光伏,6,6,0
617,广东,光伏,0,0,0
6170,山西,光伏,0,0,0
6171,西藏,光伏,6,0,6
6172,新疆,光伏,6,6,0
6175,新疆,光伏,6,6,0
6176,新疆,光伏,6,6,0
6177,山西,光伏,0,0,0
6178,新疆,光伏,6,6,0
6179,山西,光伏,0,0,0
6183,新疆,光伏,6,6,0
6185,西藏,光伏,6,0,6
6186,新疆,光伏,6,6,0
6187,山西,光伏,0,0,0
6189,新疆,光伏,6,6,0
6190,新疆,光伏,6,6,0
6191,新疆,光伏,6,6,0
6192,天津,光伏,0,0,0
6197,新疆,光伏,6,2,4
6199,新疆,光伏,6,1,5
62,安徽,光伏,0,0,0
620,广东,光伏,0,0,0
6203,山西,光伏,0,0,0
6205,新疆,光伏,6,6,0
6208,西藏,光伏,6,0,6
6209,山西,光伏,0,0,0
6211,山西,光伏,0,0,0
6212,新疆,光伏,6,6,0
6214,新疆,光伏,6,6,0
6215,新疆,光伏,6,6,0
6219,新疆,光伏,6,6,0
622,广东,光伏,0,0,0
6220,西藏,光伏,6,0,6
6222,山西,光伏,0,0,0
6224,新疆,光伏,6,4,2
6230,新疆,光伏,6,6,0
6232,山西,光伏,0,0,0
6233,新疆,光伏,3,3,0
6239,新疆,光伏,1,1,0
6242,山西,光伏,0,0,0
6245,山西,光伏,0,0,0
6247,新疆,光伏,6,3,3
6249,西藏,光伏,6,0,6
6250,山西,光伏,0,0,0
6251,新疆,光伏,6,6,0
6252,山西,光伏,0,0,0
6253,新疆,光伏,6,6,0
6259,新疆,光伏,6,6,0
626,广东,光伏,0,0,0
6260,新疆,光伏,6,6,0
6261,新疆,光伏,6,6,0
6262,山西,光伏,0,0,0
6263,新疆,光伏,6,6,0
6268,新疆,光伏,6,6,0
6269,西藏,光伏,6,0,6
627,广东,光伏,0,0,0
6270,新疆,光伏,6,6,0
6271,山西,光伏,0,0,0
6272,新疆,光伏,6,6,0
6273,山西,光伏,0,0,0
6276,新疆,光伏,6,6,0
6277,新疆,光伏,6,6,0
6280,新疆,光伏,6,6,0
6281,天津,光伏,0,0,0
6284,西藏,光伏,6,0,6
6286,新疆,光伏,6,6,0
6287,山西,光伏,0,0,0
6288,新疆,光伏,6,6,0
6289,新疆,光伏,6,6,0
629,广东,光伏,0,0,0
6290,新疆,光伏,6,6,0
6293,西藏,光伏,6,0,6
6294,新疆,光伏,6,6,0
6295,新疆,光伏,6,6,0
6297,山西,光伏,0,0,0
6299,天津,光伏,0,0,0
63,安徽,光伏,0,0,0
630,广东,光伏,0,0,0
6300,四川,光伏,0,0,0
6301,新疆,光伏,4,4,0
6302,西藏,光伏,6,0,6
6303,西藏,光伏,6,0,6
6304,西藏,光伏,6,0,6
6306,西藏,光伏,6,0,6
6308,西藏,光伏,6,0,6
6309,西藏,光伏,6,0,6
6310,西藏,光伏,6,0,6
6311,西藏,光伏,6,0,6
6312,西藏,光伏,6,0,6
6314,西藏,光伏,6,0,6
6315,西藏,光伏,6,0,6
6316,西藏,光伏,6,0,6
6317,西藏,光伏,6,0,6
6318,西藏,光伏,6,0,6
6319,西藏,光伏,6,0,6
6320,浙江,光伏,0,0,0
6321,新疆,光伏,6,6,0
6322,新疆,光伏,6,6,0
6323,新疆,光伏,6,6,0
6324,新疆,光伏,6,6,0
6325,新疆,光伏,6,6,0
6326,新疆,光伏,6,6,0
6327,新疆,光伏,6,6,0
6328,新疆,光伏,6,6,0
6329,新疆,光伏,6,6,0
6331,新疆,光伏,6,6,0
6332,新疆,光伏,6,6,0
6334,新疆,光伏,6,6,0
6335,新疆,光伏,6,6,0
6336,新疆,光伏,6,6,0
6337,新疆,光伏,6,6,0
6339,新疆,光伏,6,6,0
6341,新疆,光伏,6,6,0
6342,新疆,光伏,6,6,0
6344,新疆,光伏,6,6,0
6345,新疆,光伏,6,6,0
6347,新疆,光伏,6,6,0
6349,新疆,光伏,6,6,0
635,广东,光伏,0,0,0
6350,新疆,光伏,6,6,0
6351,新疆,光伏,4,4,0
6352,新疆,光伏,6,6,0
6353,新疆,光伏,5,5,0
6356,新疆,光伏,6,6,0
6358,新疆,光伏,6,6,0
6360,新疆,光伏,6,6,0
6361,新疆,光伏,6,6,0
6362,新疆,光伏,6,6,0
6363,新疆,光伏,5,5,0
6364,新疆,光伏,6,6,0
6365,新疆,光伏,6,6,0
6366,甘肃,光伏,2,2,0
6367,新疆,光伏,6,6,0
6368,新疆,光伏,6,6,0
6369,新疆,光伏,6,6,0
637,广东,光伏,0,0,0
6371,新疆,光伏,6,6,0
6372,新疆,光伏,6,6,0
6374,新疆,光伏,6,6,0
6375,新疆,光伏,6,6,0
6376,新疆,光伏,2,2,0
6377,新疆,光伏,0,0,0
6378,新疆,光伏,2,2,0
6379,新疆,光伏,2,2,0
6380,新疆,光伏,6,6,0
6381,新疆,光伏,6,6,0
6382,山西,光伏,0,0,0
6383,四川,光伏,0,0,0
6384,天津,光伏,0,0,0
6385,新疆,光伏,6,6,0
6386,新疆,光伏,6,6,0
6387,新疆,光伏,6,6,0
6388,新疆,光伏,6,6,0
6389,新疆,光伏,6,6,0
6390,新疆,光伏,3,3,0
6391,山西,光伏,0,0,0
6392,四川,光伏,0,0,0
6394,新疆,光伏,6,6,0
6395,新疆,光伏,6,6,0
64,安徽,光伏,0,0,0
6400,四川,光伏,0,0,0
6402,新疆,光伏,6,6,0
6403,新疆,光伏,6,6,0
6405,新疆,光伏,6,6,0
6406,新疆,光伏,6,6,0
6407,新疆,光伏,6,6,0
641,福建,光伏,0,0,0
6411,新疆,光伏,6,6,0
6412,新疆,光伏,6,6,0
6413,山西,光伏,0,0,0
6414,新疆,光伏,6,6,0
6415,新疆,光伏,6,6,0
6416,四川,光伏,0,0,0
6417,新疆,光伏,6,6,0
6418,新疆,光伏,6,6,0
6419,新疆,光伏,6,6,0
642,甘肃,光伏,0,0,0
6420,新疆,光伏,6,6,0
6421,山西,光伏,0,0,0
6423,新疆,光伏,6,6,0
6424,新疆,光伏,6,6,0
6426,四川,光伏,0,0,0
6427,新疆,光伏,6,6,0
6428,新疆,光伏,6,6,0
6429,新疆,光伏,6,6,0
6430,新疆,光伏,6,6,0
6431,山西,光伏,0,0,0
6433,天津,光伏,0,0,0
6434,新疆,光伏,6,6,0
6435,新疆,光伏,6,6,0
6436,新疆,光伏,6,6,0
6437,新疆,光伏,6,6,0
6440,新疆,光伏,6,6,0
6441,山西,光伏,0,0,0
6443,新疆,光伏,6,6,0
6444,新疆,光伏,6,6,0
6447,新疆,光伏,6,6,0
6448,新疆,光伏,6,6,0
6451,新疆,光伏,6,6,0
6453,新疆,光伏,6,6,0
6454,四川,光伏,0,0,0
6456,新疆,光伏,6,6,0
6459,天津,光伏,0,0,0
6460,新疆,光伏,6,6,0
6462,山西,光伏,0,0,0
6465,新疆,光伏,6,6,0
6467,新疆,光伏,6,6,0
6468,新疆,光伏,6,6,0
6470,天津,光伏,0,0,0
6475,新疆,光伏,6,6,0
6476,新疆,光伏,6,6,0
6477,新疆,光伏,6,6,0
6478,天津,光伏,0,0,0
6479,山西,光伏,0,0,0
6480,新疆,光伏,6,6,0
6481,四川,光伏,0,0,0
6484,山西,光伏,0,0,0
6485,新疆,光伏,6,6,0
6486,四川,光伏,0,0,0
6487,新疆,光伏,6,6,0
6488,新疆,光伏,6,6,0
6489,新疆,光伏,6,6,0
6491,天津,光伏,0,0,0
6492,山西,光伏,0,0,0
6493,新疆,光伏,6,6,0
6494,新疆,光伏,6,6,0
6495,四川,光伏,0,0,0
6496,新疆,光伏,6,6,0
6498,新疆,光伏,6,6,0
6501,山西,光伏,0,0,0
6502,新疆,光伏,6,6,0
6503,山西,光伏,0,0,0
6504,四川,光伏,0,0,0
6505,新疆,光伏,6,6,0
6507,新疆,光伏,6,6,0
6508,新疆,光伏,6,6,0
651,广东,光伏,0,0,0
6510,山西,光伏,0,0,0
6513,四川,光伏,0,0,0
6514,新疆,光伏,6,6,0
6516,新疆,光伏,5,5,0
6518,新疆,光伏,6,6,0
6520,山西,光伏,0,0,0
6521,四川,光伏,0,0,0
6522,新疆,光伏,6,6,0
6523,天津,光伏,0,0,0
6527,四川,光伏,0,0,0
6528,新疆,光伏,6,6,0
6529,新疆,光伏,5,5,0
653,广东,光伏,0,0,0
6530,天津,光伏,0,0,0
6531,新疆,光伏,6,6,0
6532,新疆,光伏,6,6,0
6536,新疆,光伏,6,6,0
6537,新疆,光伏,6,6,0
6538,新疆,光伏,6,6,0
6539,新疆,光伏,6,6,0
6542,四川,光伏,0,0,0
6544,天津,光伏,0,0,0
6546,新疆,光伏,6,6,0
6547,山西,光伏,0,0,0
6548,新疆,光伏,6,6,0
6550,四川,光伏,0,0,0
6551,天津,光伏,0,0,0
6552,新疆,光伏,6,6,0
6553,新疆,光伏,6,6,0
6555,四川,光伏,0,0,0
6557,新疆,光伏,6,6,0
6559,新疆,光伏,6,6,0
6560,新疆,光伏,6,6,0
6562,四川,光伏,0,0,0
6564,新疆,光伏,6,6,0
6565,新疆,光伏,6,6,0
6566,新疆,光伏,6,6,0
6568,新疆,光伏,6,6,0
657,甘肃,光伏,6,6,0
6570,四川,光伏,0,0,0
6572,四川,光伏,0,0,0
6573,山西,光伏,0,0,0
6574,新疆,光伏,6,6,0
6576,新疆,光伏,6,6,0
6578,新疆,光伏,6,6,0
6579,新疆,光伏,6,5,1
6580,天津,光伏,0,0,0
6582,新疆,光伏,6,6,0
6585,新疆,光伏,6,6,0
6586,四川,光伏,0,0,0
6590,新疆,光伏,6,6,0
6592,山西,光伏,0,0,0
6597,新疆,光伏,6,6,0
6598,新疆,光伏,6,6,0
66,安徽,光伏,0,0,0
6602,新疆,光伏,6,6,0
6604,天津,光伏,0,0,0
6605,新疆,光伏,6,6,0
6606,新疆,光伏,6,6,0
6607,新疆,光伏,6,6,0
6609,新疆,光伏,6,6,0
6612,四川,光伏,0,0,0
6616,新疆,光伏,6,6,0
6619,新疆,光伏,6,6,0
6620,四川,光伏,0,0,0
6621,天津,光伏,0,0,0
6625,新疆,光伏,6,6,0
6626,新疆,光伏,6,6,0
6627,山西,光伏,0,0,0
6628,新疆,光伏,6,6,0
6629,四川,光伏,0,0,0
663,甘肃,光伏,6,6,0
6631,天津,光伏,0,0,0
6632,新疆,光伏,4,4,0
6633,新疆,光伏,6,6,0
6634,新疆,光伏,6,6,0
6635,新疆,光伏,6,6,0
6636,四川,光伏,0,0,0
6638,新疆,光伏,6,6,0
6639,山西,光伏,0,0,0
6640,天津,光伏,0,0,0
6641,新疆,光伏,6,6,0
6643,新疆,光伏,6,6,0
6644,新疆,光伏,6,6,0
6645,四川,光伏,0,0,0
6648,四川,光伏,0,0,0
6650,新疆,光伏,6,6,0
6652,新疆,光伏,4,4,0
6654,新疆,光伏,6,6,0
6655,四川,光伏,0,0,0
6657,新疆,光伏,6,6,0
6658,山西,光伏,0,0,0
6659,新疆,光伏,6,6,0
666,福建,光伏,0,0,0
6661,新疆,光伏,6,6,0
6664,四川,光伏,0,0,0
6666,新疆,光伏,6,6,0
6667,山西,光伏,0,0,0
6668,新疆,光伏,4,4,0
6669,新疆,光伏,6,6,0
6670,新疆,光伏,3,3,0
6672,新疆,光伏,6,6,0
6673,新疆,光伏,4,4,0
6674,四川,光伏,0,0,0
6675,新疆,光伏,6,6,0
6677,四川,光伏,0,0,0
6679,四川,光伏,0,0,0
668,甘肃,光伏,4,4,0
6684,新疆,光伏,6,6,0
6685,新疆,光伏,6,6,0
6687,四川,光伏,0,0,0
6689,新疆,光伏,1,1,0
669,福建,光伏,0,0,0
6691,新疆,光伏,3,3,0
6693,新疆,光伏,6,6,0
6694,新疆,光伏,6,6,0
6695,四川,光伏,0,0,0
6696,新疆,光伏,1,1,0
6697,天津,光伏,0,0,0
6698,新疆,光伏,2,2,0
6699,新疆,光伏,6,6,0
67,安徽,光伏,0,0,0
6701,新疆,光伏,6,6,0
6702,山西,光伏,0,0,0
6704,新疆,光伏,6,6,0
6707,新疆,光伏,6,6,0
6709,天津,光伏,0,0,0
6712,山西,光伏,0,0,0
6713,四川,光伏,0,0,0
6717,新疆,光伏,0,0,0
6718,山西,光伏,0,0,0
6719,天津,光伏,0,0,0
6720,新疆,光伏,6,6,0
6722,四川,光伏,0,0,0
6723,新疆,光伏,6,6,0
6726,山西,光伏,0,0,0
6727,天津,光伏,0,0,0
6728,新疆,光伏,6,6,0
6729,四川,光伏,0,0,0
6731,新疆,光伏,6,6,0
6733,新疆,光伏,6,6,0
6735,天津,光伏,0,0,0
6736,新疆,光伏,6,6,0
6737,四川,光伏,0,0,0
6738,新疆,光伏,6,6,0
6739,新疆,光伏,6,6,0
6740,新疆,光伏,6,6,0
6741,新疆,光伏,6,6,0
6743,山西,光伏,0,0,0
6745,新疆,光伏,6,6,0
6746,四川,光伏,0,0,0
6747,新疆,光伏,6,6,0
6750,新疆,光伏,6,6,0
6753,新疆,光伏,6,6,0
6754,四川,光伏,0,0,0
6755,新疆,光伏,6,6,0
6757,新疆,光伏,6,6,0
676,广东,光伏,0,0,0
6760,新疆,光伏,6,6,0
6761,四川,光伏,0,0,0
6764,新疆,光伏,6,6,0
6766,新疆,光伏,6,6,0
6768,新疆,光伏,6,6,0
6769,新疆,光伏,5,5,0
6770,山西,光伏,0,0,0
6774,新疆,光伏,6,6,0
6776,新疆,光伏,2,2,0
6777,新疆,光伏,6,6,0
678,甘肃,光伏,6,6,0
6781,山西,光伏,0,0,0
6782,新疆,光伏,6,6,0
6783,四川,光伏,0,0,0
6784,新疆,光伏,6,6,0
6785,新疆,光伏,6,6,0
6788,山西,光伏,0,0,0
6789,西藏,光伏,6,0,6
6790,新疆,光伏,6,6,0
6791,四川,光伏,0,0,0
6792,新疆,光伏,6,6,0
6793,新疆,光伏,6,6,0
6794,新疆,光伏,6,6,0
6796,西藏,光伏,6,0,6
6797,山西,光伏,0,0,0
6798,西藏,光伏,6,0,6
6799,新疆,光伏,6,6,0
68,安徽,光伏,0,0,0
6800,四川,光伏,0,0,0
6801,新疆,光伏,6,6,0
6802,新疆,光伏,6,6,0
6803,新疆,光伏,2,2,0
6804,新疆,光伏,6,6,0
6805,新疆,光伏,5,5,0
6806,新疆,光伏,6,6,0
6807,山西,光伏,0,0,0
6808,西藏,光伏,6,0,6
6809,新疆,光伏,6,6,0
681,广东,光伏,0,0,0
6810,四川,光伏,0,0,0
6811,新疆,光伏,6,6,0
6812,新疆,光伏,6,0,6
6813,新疆,光伏,6,6,0
6814,新疆,光伏,6,6,0
6815,新疆,光伏,6,6,0
6816,新疆,光伏,6,6,0
6817,四川,光伏,0,0,0
6818,西藏,光伏,6,0,6
6819,新疆,光伏,6,6,0
682,福建,光伏,0,0,0
6820,新疆,光伏,6,6,0
6823,新疆,光伏,6,6,0
6824,新疆,光伏,6,3,3
6825,新疆,光伏,6,6,0
6826,四川,光伏,0,0,0
6827,新疆,光伏,6,0,6
683,广东,光伏,0,0,0
6830,新疆,光伏,6,6,0
6831,新疆,光伏,6,6,0
6832,新疆,光伏,6,6,0
6834,新疆,光伏,6,6,0
6835,西藏,光伏,6,0,6
6838,新疆,光伏,6,6,0
6839,新疆,光伏,6,6,0
684,甘肃,光伏,6,6,0
6840,四川,光伏,0,0,0
6842,新疆,光伏,6,6,0
6843,西藏,光伏,6,0,6
6845,新疆,光伏,6,6,0
6846,新疆,光伏,6,6,0
6847,四川,光伏,0,0,0
6848,新疆,光伏,6,6,0
6849,新疆,光伏,6,6,0
685,甘肃,光伏,6,6,0
6852,新疆,光伏,6,6,0
6853,新疆,光伏,6,6,0
6854,新疆,光伏,6,6,0
6855,四川,光伏,0,0,0
6857,西藏,光伏,6,0,6
6859,新疆,光伏,6,6,0
6860,新疆,光伏,6,6,0
6862,四川,光伏,0,0,0
6863,西藏,光伏,6,0,6
6866,新疆,光伏,6,6,0
6867,新疆,光伏,6,6,0
6868,山西,光伏,0,0,0
6869,四川,光伏,0,0,0
6870,西藏,光伏,6,0,6
6871,新疆,光伏,6,6,0
6872,西藏,光伏,6,0,6
6874,新疆,光伏,6,6,0
6875,山西,光伏,0,0,0
6878,四川,光伏,0,0,0
6881,新疆,光伏,6,6,0
6882,西藏,光伏,6,0,6
6883,新疆,光伏,6,6,0
6885,新疆,光伏,6,6,0
6886,新疆,光伏,6,6,0
6888,新疆,光伏,6,6,0
6890,西藏,光伏,6,0,6
6892,四川,光伏,0,0,0
6894,山西,光伏,0,0,0
6895,新疆,光伏,6,6,0
6897,西藏,光伏,6,0,6
6898,新疆,光伏,6,6,0
6900,新疆,光伏,5,5,0
6902,山西,光伏,0,0,0
6903,新疆,光伏,6,6,0
6907,新疆,光伏,6,6,0
6908,新疆,光伏,2,2,0
6909,四川,光伏,0,0,0
6910,山西,光伏,0,0,0
6911,新疆,光伏,6,6,0
6912,新疆,光伏,6,6,0
6913,新疆,光伏,6,6,0
6914,西藏,光伏,6,0,6
6916,新疆,光伏,6,6,0
6918,新疆,光伏,6,6,0
6921,西藏,光伏,6,0,6
6924,四川,光伏,0,0,0
6926,山西,光伏,0,0,0
6927,新疆,光伏,6,6,0
6928,新疆,光伏,6,6,0
6929,西藏,光伏,6,0,6
6934,新疆,光伏,6,6,0
6935,山西,光伏,0,0,0
6937,西藏,光伏,6,0,6
6938,新疆,光伏,6,6,0
6939,新疆,光伏,6,6,0
6940,四川,光伏,0,0,0
6943,山西,光伏,0,0,0
6944,新疆,光伏,1,1,0
6945,新疆,光伏,6,6,0
6946,四川,光伏,0,0,0
6947,新疆,光伏,6,6,0
6949,西藏,光伏,6,0,6
6950,四川,光伏,0,0,0
6953,新疆,光伏,6,6,0
6954,新疆,光伏,6,6,0
6957,四川,光伏,0,0,0
6959,新疆,光伏,6,6,0
696,广东,光伏,0,0,0
6960,山西,光伏,0,0,0
6961,新疆,光伏,6,6,0
6962,西藏,光伏,6,0,6
6963,新疆,光伏,6,6,0
6965,新疆,光伏,2,2,0
6967,山西,光伏,0,0,0
6968,新疆,光伏,6,6,0
6969,新疆,光伏,6,6,0
697,甘肃,光伏,6,6,0
6970,四川,光伏,0,0,0
6973,新疆,光伏,6,6,0
6975,新疆,光伏,6,6,0
6976,四川,光伏,0,0,0
6977,新疆,光伏,6,6,0
6980,西藏,光伏,6,0,6
6981,新疆,光伏,6,6,0
6984,西藏,光伏,6,0,6
6987,西藏,光伏,6,0,6
6989,西藏,光伏,6,0,6
699,甘肃,光伏,6,6,0
6990,新疆,光伏,6,6,0
6991,西藏,光伏,6,0,6
6995,新疆,光伏,6,6,0
6996,新疆,光伏,6,6,0
6997,新疆,光伏,6,6,0
6998,新疆,光伏,6,6,0
6999,新疆,光伏,6,6,0
70,安徽,光伏,0,0,0
7000,新疆,光伏,6,6,0
7001,新疆,光伏,6,6,0
7007,云南,光伏,0,0,0
7009,云南,光伏,0,0,0
7013,云南,光伏,0,0,0
7014,云南,光伏,0,0,0
7016,云南,光伏,0,0,0
7018,云南,光伏,0,0,0
7020,云南,光伏,0,0,0
7021,云南,光伏,0,0,0
7026,云南,光伏,0,0,0
7027,云南,光伏,0,0,0
7028,云南,光伏,0,0,0
7030,云南,光伏,0,0,0
7031,云南,光伏,0,0,0
7032,云南,光伏,0,0,0
7033,云南,光伏,0,0,0
7034,云南,光伏,0,0,0
7035,云南,光伏,0,0,0
7036,云南,光伏,0,0,0
7038,云南,光伏,0,0,0
7039,云南,光伏,0,0,0
7040,云南,光伏,0,0,0
7041,浙江,光伏,0,0,0
7042,云南,光伏,0,0,0
7043,江苏,光伏,0,0,0
7044,云南,光伏,0,0,0
7045,云南,光伏,0,0,0
7047,云南,光伏,0,0,0
7048,云南,光伏,0,0,0
7051,云南,光伏,0,0,0
7052,云南,光伏,0,0,0
7056,云南,光伏,0,0,0
7057,云南,光伏,0,0,0
7058,云南,光伏,0,0,0
706,广东,光伏,0,0,0
7061,云南,光伏,0,0,0
7062,云南,光伏,0,0,0
7063,云南,光伏,0,0,0
7066,云南,光伏,0,0,0
7067,云南,光伏,0,0,0
7069,云南,光伏,0,0,0
7070,云南,光伏,0,0,0
7076,云南,光伏,0,0,0
7080,云南,光伏,0,0,0
7081,云南,光伏,0,0,0
7082,云南,光伏,0,0,0
7083,云南,光伏,0,0,0
7086,云南,光伏,0,0,0
7087,云南,光伏,0,0,0
7089,云南,光伏,0,0,0
7090,云南,光伏,0,0,0
7092,甘肃,光伏,2,2,0
7098,云南,光伏,0,0,0
71,安徽,光伏,0,0,0
710,甘肃,光伏,4,4,0
7100,云南,光伏,0,0,0
7102,云南,光伏,0,0,0
7104,云南,光伏,0,0,0
7105,云南,光伏,0,0,0
7107,云南,光伏,0,0,0
7108,云南,光伏,0,0,0
7109,云南,光伏,0,0,0
7110,北京,光伏,0,0,0
7111,云南,光伏,0,0,0
7113,浙江,光伏,0,0,0
7114,新疆,光伏,6,6,0
7117,北京,光伏,0,0,0
7119,云南,光伏,0,0,0
712,广东,光伏,0,0,0
7120,湖南,光伏,0,0,0
7122,浙江,光伏,0,0,0
7124,云南,光伏,0,0,0
7127,新疆,光伏,6,6,0
7129,浙江,光伏,0,0,0
7130,北京,光伏,0,0,0
7131,云南,光伏,0,0,0
7134,浙江,光伏,0,0,0
7135,云南,光伏,0,0,0
7136,云南,光伏,0,0,0
7137,云南,光伏,0,0,0
7139,云南,光伏,0,0,0
714,广东,光伏,0,0,0
7142,云南,光伏,0,0,0
7145,新疆,光伏,6,6,0
7146,山东,光伏,0,0,0
7147,浙江,光伏,0,0,0
7149,云南,光伏,0,0,0
7152,云南,光伏,0,0,0
7153,云南,光伏,0,0,0
7154,云南,光伏,0,0,0
7155,云南,光伏,0,0,0
7156,云南,光伏,0,0,0
7168,云南,光伏,0,0,0
717,甘肃,光伏,6,6,0
7180,云南,光伏,0,0,0
7183,云南,光伏,0,0,0
7186,云南,光伏,0,0,0
7187,云南,光伏,0,0,0
7188,云南,光伏,0,0,0
7189,云南,光伏,0,0,0
7192,云南,光伏,0,0,0
7193,云南,光伏,0,0,0
7194,云南,光伏,0,0,0
7195,云南,光伏,0,0,0
7198,云南,光伏,0,0,0
72,安徽,光伏,0,0,0
720,甘肃,光伏,6,6,0
7201,云南,光伏,0,0,0
7203,云南,光伏,0,0,0
7204,云南,光伏,0,0,0
7206,云南,光伏,0,0,0
7207,云南,光伏,0,0,0
7209,云南,光伏,0,0,0
7211,云南,光伏,0,0,0
7212,云南,光伏,0,0,0
7213,云南,光伏,0,0,0
7214,云南,光伏,0,0,0
7215,云南,光伏,0,0,0
7216,云南,光伏,0,0,0
7217,云南,光伏,0,0,0
7219,云南,光伏,0,0,0
722,广东,光伏,0,0,0
7220,云南,光伏,0,0,0
7221,云南,光伏,0,0,0
7222,云南,光伏,0,0,0
7223,云南,光伏,0,0,0
7224,云南,光伏,0,0,0
7227,云南,光伏,0,0,0
7229,云南,光伏,0,0,0
723,甘肃,光伏,6,6,0
7230,云南,光伏,0,0,0
7236,山东,光伏,0,0,0
7238,浙江,光伏,0,0,0
7239,云南,光伏,0,0,0
724,甘肃,光伏,6,6,0
7240,浙江,光伏,0,0,0
7243,云南,光伏,0,0,0
7245,浙江,光伏,0,0,0
7246,云南,光伏,0,0,0
7248,浙江,光伏,0,0,0
7249,西藏,光伏,6,0,6
7250,云南,光伏,0,0,0
7251,吉林,光伏,0,0,0
7252,云南,光伏,0,0,0
7255,浙江,光伏,0,0,0
7257,山西,光伏,0,0,0
726,甘肃,光伏,0,0,0
7261,云南,光伏,0,0,0
7262,浙江,光伏,0,0,0
7263,黑龙江,光伏,0,0,0
7267,浙江,光伏,0,0,0
7269,云南,光伏,0,0,0
7270,云南,光伏,0,0,0
7272,江苏,光伏,0,0,0
7273,辽宁,光伏,0,0,0
7274,新疆,光伏,6,6,0
7277,江苏,光伏,0,0,0
728,甘肃,光伏,0,0,0
7280,浙江,光伏,0,0,0
7282,云南,光伏,0,0,0
7283,河南,光伏,0,0,0
7284,新疆,光伏,6,6,0
7285,浙江,光伏,0,0,0
7287,江苏,光伏,0,0,0
7292,北京,光伏,0,0,0
7294,新疆,光伏,6,6,0
7295,安徽,光伏,0,0,0
7296,河南,光伏,0,0,0
73,安徽,光伏,0,0,0
730,广东,光伏,0,0,0
7301,浙江,光伏,0,0,0
7305,江苏,光伏,0,0,0
7307,云南,光伏,0,0,0
7309,浙江,光伏,0,0,0
731,甘肃,光伏,6,6,0
7313,云南,光伏,0,0,0
7317,江苏,光伏,0,0,0
7321,河南,光伏,0,0,0
7322,云南,光伏,0,0,0
7325,新疆,光伏,6,6,0
7326,江苏,光伏,0,0,0
7328,云南,光伏,0,0,0
733,广东,光伏,0,0,0
7331,江西,光伏,0,0,0
7332,新疆,光伏,6,6,0
7333,新疆,光伏,0,0,0
7335,浙江,光伏,0,0,0
734,甘肃,光伏,6,6,0
7340,浙江,光伏,0,0,0
7341,新疆,光伏,6,6,0
7342,山东,光伏,0,0,0
7343,浙江,光伏,0,0,0
7345,云南,光伏,0,0,0
7346,新疆,光伏,6,6,0
7349,山东,光伏,0,0,0
735,广东,光伏,0,0,0
7350,浙江,光伏,0,0,0
7353,上海,光伏,0,0,0
7356,山东,光伏,0,0,0
7358,江苏,光伏,0,0,0
736,甘肃,光伏,6,6,0
7361,新疆,光伏,6,6,0
7362,山东,光伏,0,0,0
7364,湖南,光伏,0,0,0
7365,辽宁,光伏,0,0,0
7366,浙江,光伏,0,0,0
7369,上海,光伏,0,0,0
7370,上海,光伏,0,0,0
7371,辽宁,光伏,0,0,0
7375,山西,光伏,0,0,0
7376,甘肃,光伏,0,0,0
7377,云南,光伏,0,0,0
7378,黑龙江,光伏,0,0,0
7379,辽宁,光伏,0,0,0
738,广东,光伏,0,0,0
7380,辽宁,光伏,0,0,0
7382,浙江,光伏,0,0,0
7384,山西,光伏,0,0,0
7386,内蒙古,光伏,0,0,0
7388,辽宁,光伏,0,0,0
7389,辽宁,光伏,0,0,0
739,甘肃,光伏,6,6,0
7390,江西,光伏,0,0,0
7391,云南,光伏,0,0,0
7393,山西,光伏,0,0,0
7394,浙江,光伏,0,0,0
7395,山西,光伏,0,0,0
7397,江苏,光伏,0,0,0
7398,辽宁,光伏,0,0,0
7399,河南,光伏,0,0,0
74,安徽,光伏,0,0,0
740,广东,光伏,0,0,0
7400,黑龙江,光伏,0,0,0
7401,云南,光伏,0,0,0
7403,云南,光伏,0,0,0
7405,江苏,光伏,0,0,0
7406,天津,光伏,0,0,0
7408,河北,光伏,0,0,0
7411,浙江,光伏,0,0,0
7412,云南,光伏,0,0,0
7413,浙江,光伏,0,0,0
7414,江苏,光伏,0,0,0
7415,甘肃,光伏,0,0,0
742,甘肃,光伏,6,6,0
7420,江苏,光伏,0,0,0
7422,云南,光伏,0,0,0
7424,吉林,光伏,0,0,0
7426,江苏,光伏,0,0,0
7427,江苏,光伏,0,0,0
7428,浙江,光伏,0,0,0
743,甘肃,光伏,0,0,0
7430,福建,光伏,0,0,0
7431,云南,光伏,0,0,0
7432,云南,光伏,0,0,0
7433,吉林,光伏,0,0,0
7435,江苏,光伏,0,0,0
7437,安徽,光伏,0,0,0
7438,云南,光伏,0,0,0
744,广东,光伏,0,0,0
7440,浙江,光伏,0,0,0
7442,山东,光伏,0,0,0
7444,四川,光伏,0,0,0
7445,天津,光伏,0,0,0
7446,云南,光伏,0,0,0
7447,天津,光伏,0,0,0
7449,天津,光伏,0,0,0
745,甘肃,光伏,4,4,0
7451,江苏,光伏,0,0,0
7452,河北,光伏,0,0,0
7454,河北,光伏,0,0,0
7457,江苏,光伏,0,0,0
7463,安徽,光伏,0,0,0
7464,云南,光伏,0,0,0
7465,西藏,光伏,6,0,6
7468,云南,光伏,0,0,0
747,甘肃,光伏,6,6,0
7471,山东,光伏,0,0,0
7477,云南,光伏,0,0,0
7478,云南,光伏,0,0,0
7479,云南,光伏,0,0,0
748,广东,光伏,0,0,0
7481,山东,光伏,0,0,0
7483,江苏,光伏,0,0,0
7484,云南,光伏,0,0,0
7485,云南,光伏,0,0,0
7487,黑龙江,光伏,0,0,0
7489,安徽,光伏,0,0,0
7491,山西,光伏,0,0,0
7493,云南,光伏,0,0,0
7496,安徽,光伏,0,0,0
7499,河北,光伏,0,0,0
75,安徽,光伏,0,0,0
750,甘肃,光伏,6,6,0
7502,吉林,光伏,0,0,0
7505,浙江,光伏,0,0,0
7509,云南,光伏,0,0,0
751,广东,光伏,0,0,0
7511,吉林,光伏,0,0,0
7514,云南,光伏,0,0,0
7517,云南,光伏,0,0,0
7518,吉林,光伏,0,0,0
752,广东,光伏,0,0,0
7523,云南,光伏,0,0,0
7527,黑龙江,光伏,0,0,0
7528,云南,光伏,0,0,0
7530,内蒙古,光伏,0,0,0
7532,云南,光伏,0,0,0
7533,云南,光伏,0,0,0
7535,浙江,光伏,0,0,0
7537,浙江,光伏,0,0,0
7538,山东,光伏,0,0,0
7539,天津,光伏,0,0,0
754,甘肃,光伏,6,6,0
7540,浙江,光伏,0,0,0
7543,云南,光伏,0,0,0
7544,江苏,光伏,0,0,0
7546,河北,光伏,0,0,0
7547,浙江,光伏,0,0,0
7550,云南,光伏,0,0,0
7551,浙江,光伏,0,0,0
7554,浙江,光伏,0,0,0
7556,河北,光伏,0,0,0
7557,河北,光伏,0,0,0
7559,云南,光伏,0,0,0
756,广东,光伏,0,0,0
7560,云南,光伏,0,0,0
7561,浙江,光伏,0,0,0
7563,安徽,光伏,0,0,0
7565,山东,光伏,0,0,0
7566,浙江,光伏,0,0,0
7568,云南,光伏,0,0,0
7569,江苏,光伏,0,0,0
757,广东,光伏,0,0,0
7574,云南,光伏,0,0,0
7575,云南,光伏,0,0,0
7577,云南,光伏,0,0,0
7578,安徽,光伏,0,0,0
758,甘肃,光伏,0,0,0
7581,浙江,光伏,0,0,0
7582,云南,光伏,0,0,0
7583,云南,光伏,0,0,0
7588,浙江,光伏,0,0,0
759,广东,光伏,0,0,0
7591,浙江,光伏,0,0,0
7595,山东,光伏,0,0,0
7597,云南,光伏,0,0,0
7598,安徽,光伏,0,0,0
7600,浙江,光伏,0,0,0
7601,云南,光伏,0,0,0
7603,江苏,光伏,0,0,0
7605,云南,光伏,0,0,0
7606,浙江,光伏,0,0,0
761,甘肃,光伏,6,6,0
7614,云南,光伏,0,0,0
7615,浙江,光伏,0,0,0
7616,安徽,光伏,0,0,0
762,甘肃,光伏,0,0,0
7621,云南,光伏,0,0,0
7622,浙江,光伏,0,0,0
7624,云南,光伏,0,0,0
7628,云南,光伏,0,0,0
7629,云南,光伏,0,0,0
763,广东,光伏,0,0,0
7630,云南,光伏,0,0,0
7631,江苏,光伏,0,0,0
7634,陕西,光伏,0,0,0
7635,云南,光伏,0,0,0
7636,浙江,光伏,0,0,0
7639,浙江,光伏,0,0,0
764,甘肃,光伏,6,6,0
7640,浙江,光伏,0,0,0
7643,陕西,光伏,0,0,0
7644,安徽,光伏,0,0,0
7646,浙江,光伏,0,0,0
7647,云南,光伏,0,0,0
7648,湖南,光伏,0,0,0
7649,山东,光伏,0,0,0
7651,安徽,光伏,0,0,0
7653,云南,光伏,0,0,0
7655,浙江,光伏,0,0,0
7657,云南,光伏,0,0,0
7658,吉林,光伏,0,0,0
7659,云南,光伏,0,0,0
766,甘肃,光伏,6,6,0
7660,安徽,光伏,0,0,0
7661,云南,光伏,0,0,0
7664,浙江,光伏,0,0,0
7666,云南,光伏,0,0,0
7669,山东,光伏,0,0,0
767,广东,光伏,0,0,0
7672,安徽,光伏,0,0,0
7673,吉林,光伏,0,0,0
7674,浙江,光伏,0,0,0
7675,浙江,光伏,0,0,0
7676,云南,光伏,0,0,0
7677,云南,光伏,0,0,0
7678,浙江,光伏,0,0,0
7679,云南,光伏,0,0,0
7680,安徽,光伏,0,0,0
7683,云南,光伏,0,0,0
7684,云南,光伏,0,0,0
7688,云南,光伏,0,0,0
7689,湖南,光伏,0,0,0
769,甘肃,光伏,6,6,0
7690,安徽,光伏,0,0,0
7692,云南,光伏,0,0,0
7693,云南,光伏,0,0,0
7694,云南,光伏,0,0,0
7698,河南,光伏,0,0,0
770,甘肃,光伏,6,6,0
7700,云南,光伏,0,0,0
7701,云南,光伏,0,0,0
7703,云南,光伏,0,0,0
7704,云南,光伏,0,0,0
7709,云南,光伏,0,0,0
771,广东,光伏,0,0,0
7710,浙江,光伏,0,0,0
7711,云南,光伏,0,0,0
7713,云南,光伏,0,0,0
7718,浙江,光伏,0,0,0
7719,云南,光伏,0,0,0
772,甘肃,光伏,6,6,0
7721,云南,光伏,0,0,0
7722,安徽,光伏,0,0,0
7723,云南,光伏,0,0,0
7728,云南,光伏,0,0,0
773,广东,光伏,0,0,0
7730,湖北,光伏,0,0,0
7732,云南,光伏,0,0,0
7734,云南,光伏,0,0,0
7737,云南,光伏,0,0,0
774,甘肃,光伏,1,1,0
7741,河北,光伏,0,0,0
7744,浙江,光伏,0,0,0
7745,云南,光伏,0,0,0
7748,湖南,光伏,0,0,0
775,甘肃,光伏,0,0,0
7751,云南,光伏,0,0,0
7753,云南,光伏,0,0,0
7758,云南,光伏,0,0,0
7759,山东,光伏,0,0,0
776,广东,光伏,0,0,0
7760,浙江,光伏,0,0,0
7762,陕西,光伏,0,0,0
7766,湖南,光伏,0,0,0
7769,浙江,光伏,0,0,0
777,广东,光伏,0,0,0
7771,云南,光伏,0,0,0
7772,云南,光伏,0,0,0
7773,江苏,光伏,0,0,0
7774,云南,光伏,0,0,0
7776,山东,光伏,0,0,0
7777,云南,光伏,0,0,0
778,甘肃,光伏,6,6,0
7785,浙江,光伏,0,0,0
7786,山东,光伏,0,0,0
7788,江苏,光伏,0,0,0
7789,云南,光伏,0,0,0
7793,云南,光伏,0,0,0
7794,浙江,光伏,0,0,0
7795,云南,光伏,0,0,0
7796,云南,光伏,0,0,0
7799,江苏,光伏,0,0,0
78,安徽,光伏,0,0,0
7800,云南,光伏,0,0,0
7801,江苏,光伏,0,0,0
7802,浙江,光伏,0,0,0
7803,云南,光伏,0,0,0
7804,云南,光伏,0,0,0
7806,内蒙古,光伏,0,0,0
7808,内蒙古,光伏,0,0,0
7809,浙江,光伏,0,0,0
781,甘肃,光伏,6,6,0
7810,云南,光伏,0,0,0
7813,云南,光伏,0,0,0
7814,山东,光伏,0,0,0
7815,内蒙古,光伏,0,0,0
7817,云南,光伏,0,0,0
7819,云南,光伏,0,0,0
782,甘肃,光伏,6,6,0
7824,内蒙古,光伏,0,0,0
7825,安徽,光伏,0,0,0
783,广东,光伏,0,0,0
7832,甘肃,光伏,0,0,0
7833,浙江,光伏,0,0,0
7834,甘肃,光伏,0,0,0
784,甘肃,光伏,6,6,0
7840,浙江,光伏,0,0,0
7841,山东,光伏,0,0,0
7842,云南,光伏,0,0,0
7846,浙江,光伏,0,0,0
7847,安徽,光伏,0,0,0
7848,北京,光伏,0,0,0
7849,云南,光伏,0,0,0
785,广东,光伏,0,0,0
7850,安徽,光伏,0,0,0
7852,浙江,光伏,0,0,0
7858,云南,光伏,0,0,0
7859,安徽,光伏,0,0,0
7861,浙江,光伏,0,0,0
7863,江苏,光伏,0,0,0
7865,云南,光伏,0,0,0
7869,江苏,光伏,0,0,0
787,广东,光伏,0,0,0
7871,浙江,光伏,0,0,0
7874,浙江,光伏,0,0,0
7875,河南,光伏,0,0,0
7877,浙江,光伏,0,0,0
7878,安徽,光伏,0,0,0
7881,云南,光伏,0,0,0
7883,安徽,光伏,0,0,0
7885,云南,光伏,0,0,0
7886,浙江,光伏,0,0,0
7887,浙江,光伏,0,0,0
789,甘肃,光伏,6,6,0
7890,云南,光伏,0,0,0
7891,安徽,光伏,0,0,0
7892,浙江,光伏,0,0,0
7893,云南,光伏,0,0,0
7894,江苏,光伏,0,0,0
7895,云南,光伏,0,0,0
7897,浙江,光伏,0,0,0
7898,云南,光伏,0,0,0
7900,浙江,光伏,0,0,0
7902,广东,光伏,0,0,0
7905,福建,光伏,0,0,0
7907,河北,光伏,0,0,0
7909,云南,光伏,0,0,0
791,广东,光伏,0,0,0
7910,陕西,光伏,0,0,0
7911,浙江,光伏,0,0,0
7913,青海,光伏,0,0,0
7915,湖北,光伏,0,0,0
7916,浙江,光伏,0,0,0
7917,吉林,光伏,0,0,0
7918,云南,光伏,0,0,0
7922,云南,光伏,0,0,0
7923,浙江,光伏,0,0,0
7925,云南,光伏,0,0,0
7926,青海,光伏,0,0,0
7929,山东,光伏,0,0,0
7930,云南,光伏,0,0,0
7932,江苏,光伏,0,0,0
7934,浙江,光伏,0,0,0
794,广东,光伏,0,0,0
7947,云南,光伏,0,0,0
795,甘肃,光伏,1,1,0
7953,云南,光伏,0,0,0
7955,陕西,光伏,0,0,0
7956,山东,光伏,0,0,0
796,甘肃,光伏,1,1,0
7960,山东,光伏,0,0,0
7962,江西,光伏,0,0,0
7965,河北,光伏,0,0,0
7966,云南,光伏,0,0,0
7967,上海,光伏,0,0,0
7968,浙江,光伏,0,0,0
797,甘肃,光伏,6,6,0
7970,浙江,光伏,0,0,0
7971,安徽,光伏,0,0,0
7973,甘肃,光伏,0,0,0
7975,浙江,光伏,0,0,0
7976,浙江,光伏,0,0,0
7977,吉林,光伏,0,0,0
798,甘肃,光伏,6,6,0
7980,浙江,光伏,0,0,0
7981,宁夏,光伏,0,0,0
7982,浙江,光伏,0,0,0
7983,甘肃,光伏,0,0,0
7984,江苏,光伏,0,0,0
7985,江苏,光伏,0,0,0
7986,江苏,光伏,0,0,0
7987,青海,光伏,6,6,0
7988,江苏,光伏,0,0,0
799,甘肃,光伏,6,6,0
7991,宁夏,光伏,0,0,0
7998,浙江,光伏,0,0,0
7999,山东,光伏,0,0,0
80,安徽,光伏,0,0,0
800,甘肃,光伏,1,1,0
8000,河北,光伏,0,0,0
8001,湖南,光伏,0,0,0
8002,重庆,光伏,0,0,0
8003,河北,光伏,0,0,0
8005,河南,光伏,0,0,0
801,广东,光伏,0,0,0
8010,湖南,光伏,0,0,0
8015,陕西,光伏,0,0,0
802,甘肃,光伏,6,6,0
8020,浙江,光伏,0,0,0
8021,江苏,光伏,0,0,0
8022,江苏,光伏,0,0,0
8026,江苏,光伏,0,0,0
8028,江苏,光伏,0,0,0
8029,江苏,光伏,0,0,0
803,甘肃,光伏,6,6,0
8034,福建,光伏,0,0,0
8036,江苏,光伏,0,0,0
8037,江苏,光伏,0,0,0
8039,浙江,光伏,0,0,0
8040,浙江,光伏,0,0,0
8042,山东,光伏,0,0,0
8045,湖北,光伏,0,0,0
8047,湖北,光伏,0,0,0
8049,湖北,光伏,0,0,0
805,广东,光伏,0,0,0
8050,山东,光伏,0,0,0
8051,山东,光伏,0,0,0
8058,河南,光伏,0,0,0
806,广东,光伏,0,0,0
8060,山西,光伏,0,0,0
8061,江苏,光伏,0,0,0
8062,江苏,光伏,0,0,0
8063,江苏,光伏,0,0,0
8065,江苏,光伏,0,0,0
807,甘肃,光伏,2,2,0
8075,江苏,光伏,0,0,0
808,广东,光伏,0,0,0
809,甘肃,光伏,6,6,0
81,安徽,光伏,0,0,0
810,甘肃,光伏,6,6,0
8101,江苏,光伏,0,0,0
811,广东,光伏,0,0,0
8110,上海,光伏,0,0,0
8112,山东,光伏,0,0,0
8113,湖北,光伏,0,0,0
8114,四川,光伏,0,0,0
8117,福建,光伏,0,0,0
8120,河南,光伏,0,0,0
8122,浙江,光伏,0,0,0
8124,江苏,光伏,0,0,0
8126,福建,光伏,0,0,0
8127,宁夏,光伏,0,0,0
8129,河北,光伏,0,0,0
813,甘肃,光伏,1,1,0
8131,辽宁,光伏,0,0,0
8132,辽宁,光伏,0,0,0
8133,安徽,光伏,0,0,0
8134,江苏,光伏,0,0,0
814,甘肃,光伏,6,6,0
8141,湖北,光伏,0,0,0
8142,江苏,光伏,0,0,0
8145,黑龙江,光伏,0,0,0
8146,江苏,光伏,0,0,0
8147,江苏,光伏,0,0,0
8149,天津,光伏,0,0,0
815,广东,光伏,0,0,0
8150,江苏,光伏,0,0,0
8151,湖北,光伏,0,0,0
8152,青海,光伏,0,0,0
8153,山西,光伏,0,0,0
8154,山西,光伏,0,0,0
8157,山西,光伏,0,0,0
8159,内蒙古,光伏,0,0,0
816,甘肃,光伏,6,6,0
8160,宁夏,光伏,0,0,0
8161,江西,光伏,0,0,0
8162,黑龙江,光伏,0,0,0
8163,四川,光伏,0,0,0
8164,福建,光伏,0,0,0
8165,青海,光伏,0,0,0
8166,青海,光伏,0,0,0
8167,青海,光伏,0,0,0
817,甘肃,光伏,6,6,0
8170,河南,光伏,0,0,0
8171,江西,光伏,0,0,0
8172,河南,光伏,0,0,0
8175,浙江,光伏,0,0,0
8178,浙江,光伏,0,0,0
818,广东,光伏,0,0,0
8180,浙江,光伏,0,0,0
8185,江苏,光伏,0,0,0
8186,江西,光伏,0,0,0
8189,山东,光伏,0,0,0
819,广东,光伏,0,0,0
8191,山东,光伏,0,0,0
8194,山东,光伏,0,0,0
8197,山东,光伏,0,0,0
821,甘肃,光伏,6,6,0
8211,山东,光伏,0,0,0
8213,青海,光伏,0,0,0
8214,青海,光伏,0,0,0
8215,青海,光伏,0,0,0
8216,青海,光伏,6,6,0
8217,青海,光伏,6,6,0
8218,青海,光伏,0,0,0
8219,江苏,光伏,0,0,0
822,广东,光伏,0,0,0
8220,浙江,光伏,0,0,0
8221,江苏,光伏,0,0,0
8222,山东,光伏,0,0,0
8223,山东,光伏,0,0,0
8224,河北,光伏,0,0,0
8228,河北,光伏,0,0,0
8229,河北,光伏,0,0,0
8230,北京,光伏,0,0,0
8233,黑龙江,光伏,0,0,0
8235,福建,光伏,0,0,0
8237,黑龙江,光伏,0,0,0
8238,河北,光伏,0,0,0
824,甘肃,光伏,6,6,0
8243,浙江,光伏,0,0,0
8245,江苏,光伏,0,0,0
8248,甘肃,光伏,0,0,0
8249,江苏,光伏,0,0,0
8250,安徽,光伏,0,0,0
8252,陕西,光伏,0,0,0
8254,甘肃,光伏,0,0,0
8255,福建,光伏,0,0,0
8256,浙江,光伏,0,0,0
8259,江苏,光伏,0,0,0
826,广东,光伏,0,0,0
8260,安徽,光伏,0,0,0
8261,江苏,光伏,0,0,0
8262,山东,光伏,0,0,0
8263,安徽,光伏,0,0,0
8265,青海,光伏,0,0,0
8268,山东,光伏,0,0,0
827,甘肃,光伏,6,6,0
8271,江苏,光伏,0,0,0
8272,安徽,光伏,0,0,0
8273,青海,光伏,6,6,0
8275,河北,光伏,0,0,0
8276,浙江,光伏,0,0,0
8277,湖南,光伏,0,0,0
8278,江苏,光伏,0,0,0
828,广东,光伏,0,0,0
8281,青海,光伏,6,6,0
8282,江苏,光伏,0,0,0
8285,江苏,光伏,0,0,0
829,广东,光伏,0,0,0
8290,青海,光伏,6,6,0
8292,江苏,光伏,0,0,0
8295,河北,光伏,0,0,0
8298,青海,光伏,0,0,0
8299,西藏,光伏,6,0,6
83,北京,光伏,0,0,0
8300,甘肃,光伏,0,0,0
8303,江苏,光伏,0,0,0
8305,青海,光伏,6,6,0
8306,辽宁,光伏,0,0,0
8308,辽宁,光伏,0,0,0
8309,青海,光伏,6,6,0
831,广东,光伏,0,0,0
8311,福建,光伏,0,0,0
8312,安徽,光伏,0,0,0
8314,青海,光伏,6,6,0
8316,江苏,光伏,0,0,0
8317,青海,光伏,6,6,0
832,甘肃,光伏,6,6,0
8321,辽宁,光伏,0,0,0
8323,辽宁,光伏,0,0,0
8324,浙江,光伏,0,0,0
8325,浙江,光伏,0,0,0
8326,青海,光伏,6,6,0
8327,辽宁,光伏,0,0,0
8328,天津,光伏,0,0,0
8329,浙江,光伏,0,0,0
8331,山东,光伏,0,0,0
8332,辽宁,光伏,0,0,0
8336,辽宁,光伏,0,0,0
8339,吉林,光伏,0,0,0
8341,浙江,光伏,0,0,0
8342,浙江,光伏,0,0,0
8343,山东,光伏,0,0,0
8345,山东,光伏,0,0,0
8349,江苏,光伏,0,0,0
8350,江西,光伏,0,0,0
8353,浙江,光伏,0,0,0
8354,浙江,光伏,0,0,0
8357,安徽,光伏,0,0,0
8358,辽宁,光伏,0,0,0
8359,西藏,光伏,6,0,6
836,甘肃,光伏,1,1,0
8361,浙江,光伏,0,0,0
8363,浙江,光伏,0,0,0
8366,甘肃,光伏,0,0,0
8368,江苏,光伏,0,0,0
8370,浙江,光伏,0,0,0
8372,青海,光伏,3,3,0
8374,浙江,光伏,0,0,0
8375,江苏,光伏,0,0,0
8376,江西,光伏,0,0,0
8378,浙江,光伏,0,0,0
8379,辽宁,光伏,0,0,0
838,甘肃,光伏,0,0,0
8380,青海,光伏,6,6,0
8382,安徽,光伏,0,0,0
8384,浙江,光伏,0,0,0
8385,安徽,光伏,0,0,0
8386,安徽,光伏,0,0,0
8387,福建,光伏,0,0,0
8388,江西,光伏,0,0,0
8389,福建,光伏,0,0,0
839,广东,光伏,0,0,0
8390,江西,光伏,0,0,0
8392,江西,光伏,0,0,0
8393,青海,光伏,0,0,0
8394,江西,光伏,0,0,0
8395,湖北,光伏,0,0,0
8397,湖北,光伏,0,0,0
8398,青海,光伏,5,5,0
8399,青海,光伏,4,4,0
84,北京,光伏,0,0,0
8400,青海,光伏,0,0,0
8401,陕西,光伏,0,0,0
8402,河北,光伏,0,0,0
8403,云南,光伏,0,0,0
8404,甘肃,光伏,0,0,0
8405,甘肃,光伏,0,0,0
8406,甘肃,光伏,0,0,0
8407,甘肃,光伏,0,0,0
8408,甘肃,光伏,0,0,0
8409,甘肃,光伏,0,0,0
8410,甘肃,光伏,0,0,0
8411,甘肃,光伏,0,0,0
8412,甘肃,光伏,0,0,0
8414,甘肃,光伏,0,0,0
8416,甘肃,光伏,0,0,0
8417,甘肃,光伏,0,0,0
8419,甘肃,光伏,0,0,0
842,广东,光伏,0,0,0
8420,甘肃,光伏,0,0,0
8422,甘肃,光伏,0,0,0
8423,甘肃,光伏,0,0,0
8424,甘肃,光伏,0,0,0
8425,甘肃,光伏,0,0,0
8426,甘肃,光伏,0,0,0
8427,甘肃,光伏,0,0,0
8429,江西,光伏,0,0,0
843,甘肃,光伏,6,6,0
8430,江西,光伏,0,0,0
8433,江西,光伏,0,0,0
8434,江西,光伏,0,0,0
8439,辽宁,光伏,0,0,0
844,甘肃,光伏,0,0,0
8440,甘肃,光伏,0,0,0
8441,山东,光伏,0,0,0
8442,山东,光伏,0,0,0
8447,山东,光伏,0,0,0
8450,福建,光伏,0,0,0
8451,山东,光伏,0,0,0
8452,山东,光伏,0,0,0
8454,河北,光伏,0,0,0
8455,江苏,光伏,0,0,0
8456,江苏,光伏,0,0,0
8457,江苏,光伏,0,0,0
8459,河北,光伏,0,0,0
8460,甘肃,光伏,0,0,0
8462,河北,光伏,0,0,0
8463,浙江,光伏,0,0,0
8464,安徽,光伏,0,0,0
8466,青海,光伏,3,3,0
8467,浙江,光伏,0,0,0
8469,江苏,光伏,0,0,0
847,甘肃,光伏,6,6,0
8471,浙江,光伏,0,0,0
8473,安徽,光伏,0,0,0
8475,山西,光伏,0,0,0
8479,江苏,光伏,0,0,0
848,甘肃,光伏,6,6,0
8481,河北,光伏,0,0,0
8482,河北,光伏,0,0,0
8483,山东,光伏,0,0,0
8484,江苏,光伏,0,0,0
8486,浙江,光伏,0,0,0
8487,辽宁,光伏,0,0,0
8490,江西,光伏,0,0,0
8492,青海,光伏,0,0,0
8493,江苏,光伏,0,0,0
8495,浙江,光伏,0,0,0
8498,安徽,光伏,0,0,0
85,重庆,光伏,0,0,0
850,甘肃,光伏,6,6,0
8500,青海,光伏,0,0,0
8501,山西,光伏,0,0,0
8503,福建,光伏,0,0,0
8505,青海,光伏,0,0,0
8506,辽宁,光伏,0,0,0
8509,山西,光伏,0,0,0
851,甘肃,光伏,6,6,0
8511,江苏,光伏,0,0,0
8514,江苏,光伏,0,0,0
8517,安徽,光伏,0,0,0
8518,辽宁,光伏,0,0,0
8519,江苏,光伏,0,0,0
852,广东,光伏,0,0,0
8521,浙江,光伏,0,0,0
8526,湖北,光伏,0,0,0
8527,江西,光伏,0,0,0
8528,江苏,光伏,0,0,0
8531,江苏,光伏,0,0,0
8534,山东,光伏,0,0,0
8535,河南,光伏,0,0,0
8536,浙江,光伏,0,0,0
854,甘肃,光伏,6,6,0
8547,陕西,光伏,0,0,0
8548,青海,光伏,0,0,0
8551,陕西,光伏,0,0,0
8553,山东,光伏,0,0,0
8556,湖北,光伏,0,0,0
8558,河北,光伏,0,0,0
856,甘肃,光伏,6,6,0
8560,福建,光伏,0,0,0
8561,浙江,光伏,0,0,0
8563,江苏,光伏,0,0,0
8564,河北,光伏,0,0,0
8567,浙江,光伏,0,0,0
8568,浙江,光伏,0,0,0
8569,山东,光伏,0,0,0
8573,浙江,光伏,0,0,0
8574,河北,光伏,0,0,0
8575,江西,光伏,0,0,0
8581,海南,光伏,0,0,0
8582,浙江,光伏,0,0,0
8587,浙江,光伏,0,0,0
859,甘肃,光伏,6,6,0
8590,浙江,光伏,0,0,0
8596,浙江,光伏,0,0,0
8598,浙江,光伏,0,0,0
8599,湖南,光伏,0,0,0
8601,四川,光伏,0,0,0
8602,浙江,光伏,0,0,0
8603,陕西,光伏,0,0,0
8604,浙江,光伏,0,0,0
8606,山东,光伏,0,0,0
8607,安徽,光伏,0,0,0
8608,西藏,光伏,6,6,0
8614,河北,光伏,0,0,0
8617,浙江,光伏,0,0,0
862,甘肃,光伏,1,1,0
8622,海南,光伏,0,0,0
8623,福建,光伏,0,0,0
8627,河南,光伏,0,0,0
8628,海南,光伏,0,0,0
863,甘肃,光伏,1,1,0
8634,福建,光伏,0,0,0
8635,山东,光伏,0,0,0
8636,湖北,光伏,0,0,0
8637,福建,光伏,0,0,0
8640,湖北,光伏,0,0,0
8642,浙江,光伏,0,0,0
8652,福建,光伏,0,0,0
8653,浙江,光伏,0,0,0
8654,四川,光伏,0,0,0
8657,福建,光伏,0,0,0
8659,湖北,光伏,0,0,0
866,广东,光伏,0,0,0
8660,山东,光伏,0,0,0
8662,江苏,光伏,0,0,0
8666,河北,光伏,0,0,0
867,甘肃,光伏,6,6,0
8672,江苏,光伏,0,0,0
8674,湖北,光伏,0,0,0
8679,河北,光伏,0,0,0
8681,浙江,光伏,0,0,0
8682,河北,光伏,0,0,0
8683,湖南,光伏,0,0,0
8686,山东,光伏,0,0,0
8689,湖南,光伏,0,0,0
869,广东,光伏,0,0,0
8690,甘肃,光伏,0,0,0
8695,福建,光伏,0,0,0
8696,山东,光伏,0,0,0
8697,黑龙江,光伏,0,0,0
870,甘肃,光伏,6,6,0
8700,河北,光伏,0,0,0
8701,福建,光伏,0,0,0
8703,河北,光伏,0,0,0
8704,福建,光伏,0,0,0
8706,安徽,光伏,0,0,0
8710,河北,光伏,0,0,0
8713,江苏,光伏,0,0,0
8714,青海,光伏,3,3,0
8716,山东,光伏,0,0,0
8721,江苏,光伏,0,0,0
8725,江苏,光伏,0,0,0
8727,江苏,光伏,0,0,0
873,甘肃,光伏,1,1,0
8730,四川,光伏,0,0,0
8736,安徽,光伏,0,0,0
8739,青海,光伏,0,0,0
8741,江苏,光伏,0,0,0
8747,江苏,光伏,0,0,0
875,甘肃,光伏,6,6,0
8755,江苏,光伏,0,0,0
876,甘肃,光伏,6,6,0
8766,山东,光伏,0,0,0
8767,福建,光伏,0,0,0
8768,山东,光伏,0,0,0
8769,浙江,光伏,0,0,0
8773,陕西,光伏,0,0,0
8774,福建,光伏,0,0,0
8775,甘肃,光伏,0,0,0
8776,山东,光伏,0,0,0
8782,江苏,光伏,0,0,0
8783,甘肃,光伏,0,0,0
8786,河北,光伏,0,0,0
879,甘肃,光伏,0,0,0
8795,浙江,光伏,0,0,0
880,甘肃,光伏,6,6,0
8802,宁夏,光伏,0,0,0
8808,福建,光伏,0,0,0
8817,吉林,光伏,0,0,0
882,甘肃,光伏,6,6,0
8820,青海,光伏,0,0,0
8824,浙江,光伏,0,0,0
8825,青海,光伏,0,0,0
8829,安徽,光伏,0,0,0
883,甘肃,光伏,6,6,0
8832,江西,光伏,0,0,0
8833,河北,光伏,0,0,0
8845,内蒙古,光伏,0,0,0
8846,浙江,光伏,0,0,0
885,广东,光伏,0,0,0
8851,浙江,光伏,0,0,0
8852,青海,光伏,0,0,0
8854,内蒙古,光伏,0,0,0
8855,浙江,光伏,0,0,0
8859,浙江,光伏,0,0,0
886,甘肃,光伏,6,6,0
8861,安徽,光伏,0,0,0
8863,山东,光伏,0,0,0
8864,江苏,光伏,0,0,0
8867,江苏,光伏,0,0,0
8869,安徽,光伏,0,0,0
8871,浙江,光伏,0,0,0
8872,辽宁,光伏,0,0,0
8874,江西,光伏,0,0,0
8875,湖北,光伏,0,0,0
8876,福建,光伏,0,0,0
888,甘肃,光伏,6,6,0
8880,吉林,光伏,0,0,0
8881,河北,光伏,0,0,0
8886,吉林,光伏,0,0,0
8888,河南,光伏,0,0,0
8893,河南,光伏,0,0,0
8894,福建,光伏,0,0,0
8897,宁夏,光伏,0,0,0
89,重庆,光伏,0,0,0
890,甘肃,光伏,0,0,0
8900,江苏,光伏,0,0,0
8903,甘肃,光伏,0,0,0
8904,山东,光伏,0,0,0
8906,安徽,光伏,0,0,0
8907,福建,光伏,0,0,0
8910,湖北,光伏,0,0,0
8912,福建,光伏,0,0,0
8915,河北,光伏,0,0,0
8918,浙江,光伏,0,0,0
8919,山东,光伏,0,0,0
8925,江西,光伏,0,0,0
8927,福建,光伏,0,0,0
8931,江西,光伏,0,0,0
8932,宁夏,光伏,0,0,0
8933,浙江,光伏,0,0,0
8934,福建,光伏,0,0,0
8935,浙江,光伏,0,0,0
8936,安徽,光伏,0,0,0
8938,河北,光伏,0,0,0
894,甘肃,光伏,6,6,0
8941,山东,光伏,0,0,0
8943,浙江,光伏,0,0,0
8944,浙江,光伏,0,0,0
8946,安徽,光伏,0,0,0
8949,浙江,光伏,0,0,0
895,甘肃,光伏,6,6,0
8954,山东,光伏,0,0,0
8956,内蒙古,光伏,0,0,0
8957,浙江,光伏,0,0,0
896,广东,光伏,0,0,0
8963,山东,光伏,0,0,0
8966,山东,光伏,0,0,0
8969,浙江,光伏,0,0,0
897,甘肃,光伏,6,6,0
8970,山东,光伏,0,0,0
8971,江苏,光伏,0,0,0
8973,海南,光伏,0,0,0
8974,新疆,光伏,0,0,0
8975,辽宁,光伏,0,0,0
8977,陕西,光伏,0,0,0
8979,江苏,光伏,0,0,0
8980,辽宁,光伏,0,0,0
8982,辽宁,光伏,0,0,0
8983,安徽,光伏,0,0,0
8986,湖北,光伏,0,0,0
8989,江苏,光伏,0,0,0
8990,江苏,光伏,0,0,0
8994,辽宁,光伏,0,0,0
8997,辽宁,光伏,0,0,0
8999,浙江,光伏,0,0,0
9004,江苏,光伏,0,0,0
9009,浙江,光伏,0,0,0
901,广东,光伏,0,0,0
9010,江苏,光伏,0,0,0
902,甘肃,光伏,0,0,0
9033,江苏,光伏,0,0,0
9034,江苏,光伏,0,0,0
9038,福建,光伏,0,0,0
904,广东,光伏,0,0,0
9041,山西,光伏,0,0,0
9042,广东,光伏,0,0,0
9043,山东,光伏,0,0,0
9049,河南,光伏,0,0,0
9052,浙江,光伏,0,0,0
9053,浙江,光伏,0,0,0
9057,浙江,光伏,0,0,0
906,甘肃,光伏,6,6,0
9060,江苏,光伏,0,0,0
9061,浙江,光伏,0,0,0
9066,浙江,光伏,0,0,0
907,广东,光伏,0,0,0
9073,浙江,光伏,0,0,0
9075,浙江,光伏,0,0,0
908,甘肃,光伏,6,6,0
9080,浙江,光伏,0,0,0
9091,浙江,光伏,0,0,0
9096,浙江,光伏,0,0,0
9107,浙江,光伏,0,0,0
911,广东,光伏,0,0,0
9110,山西,光伏,0,0,0
9111,江苏,光伏,0,0,0
9112,安徽,光伏,0,0,0
9118,江苏,光伏,0,0,0
912,甘肃,光伏,6,6,0
9125,江苏,光伏,0,0,0
9135,辽宁,光伏,0,0,0
9139,江苏,光伏,0,0,0
914,广东,光伏,0,0,0
9142,湖南,光伏,0,0,0
9148,湖南,光伏,0,0,0
9149,湖南,光伏,0,0,0
915,广东,光伏,0,0,0
9150,湖北,光伏,0,0,0
9151,浙江,光伏,0,0,0
9152,江西,光伏,0,0,0
9160,吉林,光伏,0,0,0
9163,甘肃,光伏,0,0,0
9168,河南,光伏,0,0,0
917,广东,光伏,0,0,0
9171,江西,光伏,0,0,0
9172,江西,光伏,0,0,0
9175,江西,光伏,0,0,0
9177,江西,光伏,0,0,0
9178,江西,光伏,0,0,0
918,甘肃,光伏,6,6,0
9180,江西,光伏,0,0,0
919,广东,光伏,0,0,0
9192,江西,光伏,0,0,0
9193,江西,光伏,0,0,0
9194,江西,光伏,0,0,0
9195,江西,光伏,0,0,0
92,重庆,光伏,0,0,0
9205,江西,光伏,0,0,0
9208,江西,光伏,0,0,0
9214,湖北,光伏,0,0,0
9216,江苏,光伏,0,0,0
9219,江苏,光伏,0,0,0
922,甘肃,光伏,6,6,0
923,广东,光伏,0,0,0
9261,甘肃,光伏,0,0,0
9264,内蒙古,光伏,0,0,0
927,甘肃,光伏,6,6,0
9271,宁夏,光伏,0,0,0
9272,河北,光伏,0,0,0
928,广东,光伏,0,0,0
9281,湖南,光伏,0,0,0
9290,山西,光伏,0,0,0
9291,黑龙江,光伏,0,0,0
9293,安徽,光伏,0,0,0
9296,浙江,光伏,0,0,0
9302,江苏,光伏,0,0,0
9306,山西,光伏,0,0,0
9307,黑龙江,光伏,0,0,0
931,甘肃,光伏,6,6,0
9310,浙江,光伏,0,0,0
9318,河南,光伏,0,0,0
932,广东,光伏,0,0,0
9320,河南,光伏,0,0,0
9321,河南,光伏,0,0,0
9323,辽宁,光伏,0,0,0
9325,安徽,光伏,0,0,0
9326,江苏,光伏,0,0,0
9329,河南,光伏,0,0,0
933,甘肃,光伏,6,6,0
934,广东,光伏,0,0,0
9341,吉林,光伏,0,0,0
9342,江苏,光伏,0,0,0
9348,江苏,光伏,0,0,0
9349,山西,光伏,0,0,0
935,甘肃,光伏,6,6,0
9354,江苏,光伏,0,0,0
9355,江苏,光伏,0,0,0
9356,吉林,光伏,0,0,0
9358,浙江,光伏,0,0,0
9360,内蒙古,光伏,0,0,0
9365,安徽,光伏,0,0,0
9367,新疆,光伏,0,0,0
9369,江西,光伏,0,0,0
9370,江苏,光伏,0,0,0
9371,吉林,光伏,0,0,0
9374,浙江,光伏,0,0,0
9377,山西,光伏,0,0,0
9384,江苏,光伏,0,0,0
9386,山西,光伏,0,0,0
939,广东,光伏,0,0,0
9392,湖南,光伏,0,0,0
9393,河南,光伏,0,0,0
9394,江苏,光伏,0,0,0
9395,辽宁,光伏,0,0,0
9397,江苏,光伏,0,0,0
9399,江苏,光伏,0,0,0
9402,湖南,光伏,0,0,0
9406,甘肃,光伏,0,0,0
9409,吉林,光伏,0,0,0
9416,湖北,光伏,0,0,0
9418,江苏,光伏,0,0,0
9420,山东,光伏,0,0,0
9423,江苏,光伏,0,0,0
943,甘肃,光伏,6,6,0
9430,浙江,光伏,0,0,0
9438,内蒙古,光伏,0,0,0
944,广东,光伏,0,0,0
9440,湖北,光伏,0,0,0
9445,山西,光伏,0,0,0
9449,湖北,光伏,0,0,0
9452,浙江,光伏,0,0,0
9456,江苏,光伏,0,0,0
9459,浙江,光伏,0,0,0
946,甘肃,光伏,1,1,0
9460,福建,光伏,0,0,0
9461,山东,光伏,0,0,0
9463,安徽,光伏,0,0,0
9466,河南,光伏,0,0,0
9467,湖北,光伏,0,0,0
9471,湖南,光伏,0,0,0
9473,浙江,光伏,0,0,0
9477,甘肃,光伏,0,0,0
9479,湖南,光伏,0,0,0
948,甘肃,光伏,6,6,0
9481,河南,光伏,0,0,0
9483,湖北,光伏,0,0,0
9485,甘肃,光伏,0,0,0
9488,江苏,光伏,0,0,0
9494,甘肃,光伏,0,0,0
9495,江苏,光伏,0,0,0
9496,河南,光伏,0,0,0
9498,青海,光伏,0,0,0
9499,江苏,光伏,0,0,0
95,重庆,光伏,0,0,0
9504,河南,光伏,0,0,0
9505,广东,光伏,0,0,0
9507,山东,光伏,0,0,0
9512,河南,光伏,0,0,0
9513,江西,光伏,0,0,0
9515,山东,光伏,0,0,0
9518,河南,光伏,0,0,0
9519,河北,光伏,0,0,0
9521,湖北,光伏,0,0,0
9523,山东,光伏,0,0,0
9524,山东,光伏,0,0,0
9526,山东,光伏,0,0,0
9528,湖南,光伏,0,0,0
9529,湖北,光伏,0,0,0
9531,内蒙古,光伏,0,0,0
9532,黑龙江,光伏,0,0,0
9533,青海,光伏,0,0,0
9534,江苏,光伏,0,0,0
9537,青海,光伏,6,6,0
9538,湖北,光伏,0,0,0
954,甘肃,光伏,6,6,0
9540,内蒙古,光伏,0,0,0
9542,河北,光伏,0,0,0
9545,甘肃,光伏,0,0,0
9550,内蒙古,光伏,0,0,0
9553,河北,光伏,0,0,0
9554,甘肃,光伏,0,0,0
9556,湖北,光伏,0,0,0
9557,安徽,光伏,0,0,0
956,广东,光伏,0,0,0
9561,湖北,光伏,0,0,0
9563,山东,光伏,0,0,0
9564,河北,光伏,0,0,0
9565,广东,光伏,0,0,0
9567,安徽,光伏,0,0,0
9568,江苏,光伏,0,0,0
957,甘肃,光伏,6,6,0
9570,陕西,光伏,0,0,0
9574,江苏,光伏,0,0,0
9575,湖北,光伏,0,0,0
9579,青海,光伏,6,6,0
9580,安徽,光伏,0,0,0
9582,河北,光伏,0,0,0
9583,湖北,光伏,0,0,0
9589,湖北,光伏,0,0,0
959,甘肃,光伏,6,6,0
9591,甘肃,光伏,0,0,0
9592,湖北,光伏,0,0,0
9593,河北,光伏,0,0,0
9594,山东,光伏,0,0,0
9597,甘肃,光伏,0,0,0
9599,甘肃,光伏,0,0,0
96,重庆,光伏,0,0,0
9601,河北,光伏,0,0,0
9602,青海,光伏,0,0,0
9603,江苏,光伏,0,0,0
9605,江西,光伏,0,0,0
9607,湖南,光伏,0,0,0
9608,甘肃,光伏,0,0,0
9609,江苏,光伏,0,0,0
961,甘肃,光伏,6,6,0
9611,江苏,光伏,0,0,0
9613,江苏,光伏,0,0,0
9616,甘肃,光伏,0,0,0
9618,河北,光伏,0,0,0
9623,青海,光伏,0,0,0
9624,甘肃,光伏,0,0,0
9625,江苏,光伏,0,0,0
9627,江西,光伏,0,0,0
963,甘肃,光伏,6,6,0
9630,江西,光伏,0,0,0
9632,青海,光伏,0,0,0
9634,甘肃,光伏,0,0,0
9637,宁夏,光伏,0,0,0
964,广东,光伏,0,0,0
9640,河南,光伏,0,0,0
9642,甘肃,光伏,0,0,0
9646,江苏,光伏,0,0,0
9648,河北,光伏,0,0,0
9649,甘肃,光伏,0,0,0
965,广东,光伏,0,0,0
9650,河北,光伏,0,0,0
9652,江苏,光伏,0,0,0
9653,天津,光伏,0,0,0
9657,内蒙古,光伏,0,0,0
9658,河北,光伏,0,0,0
9663,江苏,光伏,0,0,0
9668,江苏,光伏,0,0,0
9673,河北,光伏,0,0,0
9674,山西,光伏,0,0,0
9679,湖北,光伏,0,0,0
9680,浙江,光伏,0,0,0
9681,江苏,光伏,0,0,0
9683,山西,光伏,0,0,0
9684,湖南,光伏,0,0,0
969,甘肃,光伏,6,6,0
9699,湖北,光伏,0,0,0
970,甘肃,光伏,6,6,0
9700,山西,光伏,0,0,0
9702,吉林,光伏,0,0,0
9707,湖北,光伏,0,0,0
971,甘肃,光伏,6,6,0
9710,甘肃,光伏,0,0,0
9715,河北,光伏,0,0,0
9717,湖北,光伏,0,0,0
9718,江西,光伏,0,0,0
972,甘肃,光伏,0,0,0
9720,江苏,光伏,0,0,0
9725,江西,光伏,0,0,0
973,广东,光伏,0,0,0
9731,湖北,光伏,0,0,0
9732,河南,光伏,0,0,0
9734,江苏,光伏,0,0,0
9740,河南,光伏,0,0,0
9743,河南,光伏,0,0,0
9744,湖北,光伏,0,0,0
9748,山东,光伏,0,0,0
9750,湖北,光伏,0,0,0
9764,山东,光伏,0,0,0
9766,安徽,光伏,0,0,0
9770,安徽,光伏,0,0,0
9778,安徽,光伏,0,0,0
9779,安徽,光伏,0,0,0
978,广东,光伏,0,0,0
9784,江苏,光伏,0,0,0
9786,山东,光伏,0,0,0
979,广东,光伏,0,0,0
9790,浙江,光伏,0,0,0
9791,安徽,光伏,0,0,0
9793,浙江,光伏,0,0,0
9796,黑龙江,光伏,0,0,0
9799,安徽,光伏,0,0,0
98,重庆,光伏,0,0,0
980,广东,光伏,0,0,0
9804,黑龙江,光伏,0,0,0
9806,江苏,光伏,0,0,0
981,广东,光伏,0,0,0
9813,江苏,光伏,0,0,0
9814,山东,光伏,0,0,0
9815,安徽,光伏,0,0,0
982,广东,光伏,0,0,0
9820,江苏,光伏,0,0,0
9821,天津,光伏,0,0,0
9825,山西,光伏,0,0,0
9828,河南,光伏,0,0,0
9830,河北,光伏,0,0,0
9832,江苏,光伏,0,0,0
9834,江苏,光伏,0,0,0
9839,湖北,光伏,0,0,0
9841,江苏,光伏,0,0,0
9848,四川,光伏,0,0,0
9849,江苏,光伏,0,0,0
9853,江苏,光伏,0,0,0
9856,山东,光伏,0,0,0
9857,湖南,光伏,0,0,0
986,广东,光伏,0,0,0
9863,山东,光伏,0,0,0
9868,河北,光伏,0,0,0
9872,江苏,光伏,0,0,0
9877,湖南,光伏,0,0,0
9879,江苏,光伏,0,0,0
9881,陕西,光伏,0,0,0
9882,吉林,光伏,0,0,0
9885,安徽,光伏,0,0,0
9886,山西,光伏,0,0,0
9887,安徽,光伏,0,0,0
989,广东,光伏,0,0,0
990,甘肃,光伏,5,5,0
9902,山东,光伏,0,0,0
9906,浙江,光伏,0,0,0
9907,辽宁,光伏,0,0,0
9908,内蒙古,光伏,0,0,0
991,甘肃,光伏,5,5,0
9910,湖南,光伏,0,0,0
9917,湖北,光伏,0,0,0
992,甘肃,光伏,6,6,0
9922,安徽,光伏,0,0,0
9925,浙江,光伏,0,0,0
9928,湖南,光伏,0,0,0
993,广东,光伏,0,0,0
9931,浙江,光伏,0,0,0
9932,安徽,光伏,0,0,0
9943,山东,光伏,0,0,0
9947,湖北,光伏,0,0,0
995,广东,光伏,0,0,0
9950,吉林,光伏,0,0,0
9958,江苏,光伏,0,0,0
9963,浙江,光伏,0,0,0
9964,江苏,光伏,0,0,0
9965,江苏,光伏,0,0,0
9967,浙江,光伏,0,0,0
9968,青海,光伏,0,0,0
997,广东,光伏,0,0,0
9974,山东,光伏,0,0,0
9983,江苏,光伏,0,0,0
9992,安徽,光伏,0,0,0
W100,甘肃,风电,6,0,6
W1017,广西,风电,0,0,0
W1018,广西,风电,0,0,0
W102,甘肃,风电,0,0,0
W1024,广西,风电,0,0,0
W1030,广西,风电,0,0,0
W1031,广西,风电,0,0,0
W1037,广西,风电,0,0,0
W1038,广西,风电,0,0,0
W104,甘肃,风电,6,0,6
W1040,广西,风电,0,0,0
W1046,广西,风电,0,0,0
W1049,广西,风电,0,0,0
W1052,广西,风电,0,0,0
W1057,广西,风电,1,1,0
W106,甘肃,风电,6,0,6
W1066,广西,风电,0,0,0
W1069,广西,风电,0,0,0
W107,甘肃,风电,3,3,0
W1070,广西,风电,0,0,0
W1071,广西,风电,0,0,0
W1072,广西,风电,0,0,0
W1073,广西,风电,0,0,0
W108,甘肃,风电,2,2,0
W1083,广西,风电,0,0,0
W109,甘肃,风电,3,3,0
W11,安徽,风电,0,0,0
W110,甘肃,风电,3,3,0
W1100,广西,风电,0,0,0
W1101,广西,风电,0,0,0
W1102,广西,风电,0,0,0
W1103,广西,风电,0,0,0
W1104,贵州,风电,0,0,0
W1105,广西,风电,0,0,0
W1108,广西,风电,0,0,0
W1111,贵州,风电,0,0,0
W1113,贵州,风电,0,0,0
W1117,贵州,风电,0,0,0
W1118,贵州,风电,0,0,0
W1120,贵州,风电,0,0,0
W1122,贵州,风电,0,0,0
W1123,贵州,风电,0,0,0
W1126,河北,风电,0,0,0
W1127,贵州,风电,0,0,0
W1129,贵州,风电,0,0,0
W113,甘肃,风电,6,6,0
W1130,河北,风电,6,6,0
W1134,河北,风电,6,6,0
W1136,贵州,风电,0,0,0
W1137,河北,风电,6,0,6
W114,甘肃,风电,6,6,0
W1140,贵州,风电,0,0,0
W1141,贵州,风电,0,0,0
W1144,贵州,风电,0,0,0
W115,甘肃,风电,6,6,0
W1150,贵州,风电,0,0,0
W1153,贵州,风电,0,0,0
W1155,贵州,风电,0,0,0
W1156,贵州,风电,0,0,0
W1157,贵州,风电,0,0,0
W1159,贵州,风电,0,0,0
W116,甘肃,风电,6,6,0
W1160,贵州,风电,0,0,0
W1162,贵州,风电,0,0,0
W1164,贵州,风电,0,0,0
W1165,贵州,风电,0,0,0
W1166,贵州,风电,0,0,0
W1167,贵州,风电,0,0,0
W1168,贵州,风电,0,0,0
W1169,贵州,风电,0,0,0
W117,甘肃,风电,6,6,0
W1170,贵州,风电,0,0,0
W1171,贵州,风电,0,0,0
W1172,贵州,风电,0,0,0
W1174,贵州,风电,0,0,0
W1178,贵州,风电,0,0,0
W1185,贵州,风电,0,0,0
W1186,贵州,风电,0,0,0
W1187,贵州,风电,0,0,0
W1188,贵州,风电,0,0,0
W1189,贵州,风电,0,0,0
W119,甘肃,风电,4,4,0
W1190,贵州,风电,0,0,0
W1191,贵州,风电,0,0,0
W1192,贵州,风电,0,0,0
W1193,贵州,风电,0,0,0
W1194,贵州,风电,0,0,0
W1199,贵州,风电,0,0,0
W1200,贵州,风电,0,0,0
W1205,贵州,风电,0,0,0
W1209,贵州,风电,0,0,0
W121,甘肃,风电,2,2,0
W1211,贵州,风电,0,0,0
W122,甘肃,风电,2,2,0
W1220,贵州,风电,0,0,0
W1223,陕西,风电,3,3,0
W1225,河北,风电,6,0,6
W1227,河北,风电,6,0,6
W1229,河北,风电,6,0,6
W123,甘肃,风电,6,6,0
W1231,河北,风电,6,0,6
W1232,河北,风电,6,0,6
W1233,河北,风电,6,0,6
W124,甘肃,风电,6,0,6
W1240,河北,风电,6,0,6
W1242,河北,风电,6,0,6
W1244,河北,风电,6,0,6
W1245,广西,风电,0,0,0
W1247,河北,风电,6,0,6
W1248,广西,风电,0,0,0
W1249,河北,风电,6,0,6
W125,甘肃,风电,6,0,6
W1251,河北,风电,6,0,6
W1252,广西,风电,0,0,0
W1253,河北,风电,6,0,6
W1254,河北,风电,6,0,6
W1255,河北,风电,6,0,6
W1257,河北,风电,6,0,6
W1259,河北,风电,6,0,6
W126,甘肃,风电,2,2,0
W1260,广西,风电,0,0,0
W1261,河北,风电,6,1,5
W1268,河北,风电,6,0,6
W1269,河北,风电,6,0,6
W127,甘肃,风电,6,6,0
W1270,河北,风电,6,0,6
W1271,广西,风电,0,0,0
W1273,广西,风电,0,0,0
W1274,广西,风电,0,0,0
W1275,河北,风电,6,0,6
W1279,广西,风电,0,0,0
W128,甘肃,风电,5,5,0
W1280,河北,风电,6,4,2
W1284,河北,风电,6,5,1
W1287,河北,风电,5,5,0
W129,甘肃,风电,6,6,0
W1297,广西,风电,0,0,0
W1299,广西,风电,0,0,0
W130,甘肃,风电,6,1,5
W1301,广西,风电,0,0,0
W131,甘肃,风电,6,6,0
W1318,河北,风电,6,0,6
W132,甘肃,风电,5,5,0
W1320,河北,风电,6,0,6
W1327,贵州,风电,0,0,0
W133,甘肃,风电,5,5,0
W1339,贵州,风电,0,0,0
W134,甘肃,风电,5,5,0
W1340,河北,风电,3,3,0
W135,甘肃,风电,2,2,0
W1353,贵州,风电,0,0,0
W1355,贵州,风电,0,0,0
W1356,河北,风电,3,3,0
W1358,河北,风电,3,3,0
W136,甘肃,风电,6,6,0
W1360,河北,风电,6,6,0
W1362,河北,风电,6,6,0
W137,甘肃,风电,0,0,0
W1372,河北,风电,0,0,0
W1373,贵州,风电,0,0,0
W1374,河北,风电,6,4,2
W1376,河北,风电,6,2,4
W1379,贵州,风电,0,0,0
W138,甘肃,风电,6,2,4
W1380,贵州,风电,0,0,0
W1383,天津,风电,0,0,0
W1387,河北,风电,6,1,5
W1389,河北,风电,6,6,0
W139,甘肃,风电,6,3,3
W1396,贵州,风电,0,0,0
W1397,贵州,风电,0,0,0
W1399,贵州,风电,0,0,0
W14,安徽,风电,0,0,0
W140,甘肃,风电,6,3,3
W1403,贵州,风电,0,0,0
W1405,贵州,风电,0,0,0
W141,甘肃,风电,6,6,0
W1411,贵州,风电,0,0,0
W1443,贵州,风电,0,0,0
W1444,贵州,风电,0,0,0
W1448,贵州,风电,0,0,0
W145,甘肃,风电,0,0,0
W1452,贵州,风电,0,0,0
W1456,贵州,风电,0,0,0
W1467,贵州,风电,0,0,0
W147,甘肃,风电,1,1,0
W1471,贵州,风电,0,0,0
W1472,贵州,风电,0,0,0
W1479,海南,风电,0,0,0
W148,安徽,风电,0,0,0
W1480,海南,风电,0,0,0
W1482,海南,风电,3,3,0
W1483,海南,风电,6,6,0
W1487,海南,风电,0,0,0
W149,安徽,风电,0,0,0
W1492,河北,风电,0,0,0
W1493,河北,风电,0,0,0
W150,安徽,风电,0,0,0
W1502,河北,风电,5,5,0
W1506,河北,风电,0,0,0
W1509,河北,风电,6,6,0
W1520,河北,风电,6,6,0
W1522,贵州,风电,0,0,0
W1528,贵州,风电,0,0,0
W1529,河北,风电,6,4,2
W153,安徽,风电,0,0,0
W1531,贵州,风电,0,0,0
W1533,河北,风电,6,6,0
W1548,广西,风电,0,0,0
W155,安徽,风电,0,0,0
W1555,广西,风电,0,0,0
W1556,贵州,风电,0,0,0
W1559,广西,风电,0,0,0
W1561,广西,风电,0,0,0
W1564,广西,风电,0,0,0
W1567,广西,风电,0,0,0
W1569,广西,风电,0,0,0
W1572,河北,风电,6,0,6
W1575,广西,风电,0,0,0
W1576,河北,风电,6,0,6
W1577,广西,风电,0,0,0
W1580,河北,风电,6,0,6
W1581,广西,风电,0,0,0
W1584,河北,风电,6,0,6
W1588,河北,风电,6,0,6
W1592,河北,风电,6,0,6
W1594,广西,风电,0,0,0
W1603,广西,风电,0,0,0
W1607,河北,风电,6,0,6
W161,安徽,风电,0,0,0
W1611,河北,风电,0,0,0
W1612,河北,风电,3,3,0
W1613,河北,风电,6,1,5
W1614,广西,风电,0,0,0
W1615,贵州,风电,0,0,0
W1619,广西,风电,0,0,0
W162,安徽,风电,0,0,0
W1620,河北,风电,6,0,6
W1625,河北,风电,6,0,6
W1626,河北,风电,6,0,6
W1628,广西,风电,0,0,0
W1629,河北,风电,6,0,6
W1630,河北,风电,6,0,6
W1634,河北,风电,6,1,5
W1635,河北,风电,6,0,6
W1639,河北,风电,6,0,6
W164,安徽,风电,0,0,0
W1640,河北,风电,6,0,6
W1643,广西,风电,0,0,0
W1644,河北,风电,6,0,6
W1645,河北,风电,6,0,6
W1647,广西,风电,0,0,0
W1649,河北,风电,6,0,6
W1652,河北,风电,6,0,6
W1655,广西,风电,0,0,0
W1656,河北,风电,6,0,6
W1659,广西,风电,0,0,0
W1664,河北,风电,6,0,6
W1665,贵州,风电,0,0,0
W1671,广西,风电,0,0,0
W1674,贵州,风电,0,0,0
W1676,广西,风电,0,0,0
W1679,贵州,风电,0,0,0
W168,安徽,风电,0,0,0
W1685,河北,风电,6,0,6
W1686,广西,风电,0,0,0
W1688,河南,风电,0,0,0
W1689,河北,风电,6,0,6
W169,安徽,风电,0,0,0
W1690,广西,风电,0,0,0
W1693,河北,风电,5,5,0
W1698,河北,风电,6,0,6
W1699,广西,风电,0,0,0
W1701,河北,风电,6,0,6
W1703,河北,风电,6,0,6
W1705,河北,风电,6,0,6
W1707,贵州,风电,0,0,0
W1708,河北,风电,6,0,6
W1709,内蒙古,风电,6,0,6
W171,安徽,风电,0,0,0
W1714,河北,风电,6,0,6
W172,安徽,风电,0,0,0
W1722,河北,风电,6,0,6
W1723,广西,风电,0,0,0
W1728,贵州,风电,0,0,0
W1729,河北,风电,6,0,6
W1735,河北,风电,6,0,6
W174,安徽,风电,0,0,0
W1741,河北,风电,0,0,0
W1746,河北,风电,6,0,6
W1750,内蒙古,风电,6,0,6
W1751,广西,风电,0,0,0
W1759,河北,风电,6,0,6
W176,北京,风电,0,0,0
W1761,河北,风电,6,0,6
W1764,河北,风电,6,0,6
W1766,河北,风电,6,0,6
W1768,河北,风电,6,0,6
W1769,广西,风电,1,1,0
W177,安徽,风电,0,0,0
W1771,河北,风电,6,0,6
W1772,河北,风电,6,0,6
W1774,广西,风电,1,1,0
W1775,河北,风电,6,0,6
W1777,贵州,风电,0,0,0
W1778,广西,风电,0,0,0
W178,北京,风电,2,2,0
W1780,河北,风电,0,0,0
W1782,贵州,风电,0,0,0
W1784,广西,风电,0,0,0
W1787,河北,风电,0,0,0
W1788,河北,风电,6,0,6
W1790,河北,风电,0,0,0
W1791,广西,风电,0,0,0
W1792,河北,风电,6,0,6
W1794,贵州,风电,0,0,0
W1795,河北,风电,6,0,6
W1797,河北,风电,6,0,6
W1798,贵州,风电,0,0,0
W1799,广西,风电,0,0,0
W18,安徽,风电,0,0,0
W180,北京,风电,2,2,0
W1800,河北,风电,6,0,6
W1801,广西,风电,0,0,0
W1802,河北,风电,6,0,6
W1803,贵州,风电,0,0,0
W1806,贵州,风电,0,0,0
W1807,河北,风电,6,0,6
W1808,河北,风电,6,0,6
W181,北京,风电,2,2,0
W1810,河北,风电,6,0,6
W1812,贵州,风电,0,0,0
W1814,河北,风电,6,0,6
W1816,河北,风电,6,0,6
W1817,河北,风电,6,1,5
W1818,贵州,风电,0,0,0
W1820,河北,风电,6,0,6
W1821,广西,风电,0,0,0
W1824,贵州,风电,0,0,0
W1825,河北,风电,6,0,6
W1828,河北,风电,6,0,6
W1829,贵州,风电,0,0,0
W183,北京,风电,2,2,0
W1831,河北,风电,6,0,6
W1833,贵州,风电,0,0,0
W1837,河北,风电,6,0,6
W184,安徽,风电,0,0,0
W1841,河北,风电,6,0,6
W1842,贵州,风电,0,0,0
W1844,河北,风电,0,0,0
W1846,广西,风电,0,0,0
W1849,河北,风电,6,0,6
W1850,广西,风电,0,0,0
W1851,贵州,风电,0,0,0
W1853,广西,风电,0,0,0
W1854,河北,风电,6,0,6
W1855,广西,风电,0,0,0
W1857,河北,风电,6,0,6
W1859,贵州,风电,0,0,0
W1863,广西,风电,0,0,0
W1864,贵州,风电,0,0,0
W1865,河北,风电,6,0,6
W1866,河北,风电,4,4,0
W1868,贵州,风电,0,0,0
W187,重庆,风电,0,0,0
W1870,山西,风电,2,2,0
W1874,贵州,风电,0,0,0
W1875,河北,风电,3,3,0
W188,安徽,风电,0,0,0
W1880,贵州,风电,0,0,0
W1883,河北,风电,0,0,0
W1884,贵州,风电,0,0,0
W1887,河北,风电,5,5,0
W1888,广西,风电,0,0,0
W189,重庆,风电,0,0,0
W1892,河北,风电,5,5,0
W1895,广西,风电,0,0,0
W1896,贵州,风电,0,0,0
W190,安徽,风电,0,0,0
W1900,广西,风电,0,0,0
W1901,广西,风电,0,0,0
W1902,贵州,风电,0,0,0
W191,重庆,风电,0,0,0
W1910,贵州,风电,0,0,0
W1913,贵州,风电,0,0,0
W1914,广西,风电,0,0,0
W1918,贵州,风电,0,0,0
W1929,贵州,风电,0,0,0
W193,重庆,风电,0,0,0
W1933,贵州,风电,0,0,0
W1937,贵州,风电,0,0,0
W194,安徽,风电,0,0,0
W1941,河北,风电,5,5,0
W195,重庆,风电,0,0,0
W196,安徽,风电,0,0,0
W197,重庆,风电,0,0,0
W1977,广西,风电,0,0,0
W1981,广西,风电,0,0,0
W1983,广西,风电,0,0,0
W199,重庆,风电,0,0,0
W1990,贵州,风电,0,0,0
W1992,贵州,风电,0,0,0
W1996,广西,风电,0,0,0
W2,安徽,风电,0,0,0
W20,安徽,风电,0,0,0
W2001,河南,风电,0,0,0
W2003,河南,风电,5,5,0
W2006,河南,风电,0,0,0
W2009,河南,风电,0,0,0
W2010,河南,风电,1,1,0
W2011,河南,风电,0,0,0
W2013,河南,风电,0,0,0
W2014,河南,风电,0,0,0
W2015,河南,风电,0,0,0
W2016,河南,风电,4,4,0
W2017,河南,风电,3,3,0
W2020,河南,风电,0,0,0
W2023,河南,风电,2,2,0
W2024,河南,风电,0,0,0
W2026,河南,风电,0,0,0
W2027,河南,风电,0,0,0
W2028,河南,风电,0,0,0
W2029,河南,风电,0,0,0
W2032,河南,风电,0,0,0
W2037,河南,风电,0,0,0
W2038,河南,风电,0,0,0
W2040,河南,风电,2,2,0
W2041,河南,风电,0,0,0
W2042,河南,风电,0,0,0
W2043,河南,风电,0,0,0
W2044,河南,风电,0,0,0
W2045,河南,风电,0,0,0
W2048,河南,风电,0,0,0
W2049,河南,风电,0,0,0
W2050,河南,风电,0,0,0
W2051,河南,风电,0,0,0
W2053,河南,风电,0,0,0
W2054,河南,风电,0,0,0
W2055,河南,风电,0,0,0
W2057,河南,风电,0,0,0
W2058,河南,风电,0,0,0
W2059,河南,风电,0,0,0
W2060,河南,风电,0,0,0
W2065,河南,风电,0,0,0
W2069,河南,风电,0,0,0
W207,安徽,风电,0,0,0
W2070,河南,风电,0,0,0
W2072,河南,风电,0,0,0
W2073,河南,风电,0,0,0
W2074,河南,风电,0,0,0
W2075,河南,风电,0,0,0
W2076,河南,风电,0,0,0
W2077,河南,风电,0,0,0
W2078,河南,风电,2,2,0
W2080,河南,风电,0,0,0
W2081,河南,风电,0,0,0
W2082,河南,风电,0,0,0
W2083,河南,风电,0,0,0
W2085,河南,风电,0,0,0
W2088,河南,风电,0,0,0
W2089,河南,风电,0,0,0
W2090,河南,风电,0,0,0
W2094,河南,风电,0,0,0
W2095,河南,风电,0,0,0
W2096,河南,风电,0,0,0
W2097,河南,风电,0,0,0
W2099,河南,风电,0,0,0
W21,安徽,风电,0,0,0
W2100,河南,风电,0,0,0
W212,重庆,风电,0,0,0
W2132,河北,风电,0,0,0
W2134,河北,风电,0,0,0
W2135,河北,风电,0,0,0
W2145,河北,风电,0,0,0
W2147,河北,风电,6,0,6
W2148,河北,风电,6,0,6
W2152,河北,风电,6,0,6
W2154,河北,风电,6,0,6
W2155,河北,风电,6,0,6
W2157,河北,风电,6,0,6
W2158,河北,风电,6,0,6
W2159,河北,风电,6,0,6
W2160,河北,风电,6,0,6
W2161,河北,风电,6,0,6
W2162,河北,风电,6,0,6
W2163,河北,风电,6,0,6
W2164,河北,风电,6,0,6
W2165,河北,风电,6,0,6
W2166,河北,风电,6,0,6
W2168,河北,风电,6,0,6
W217,重庆,风电,0,0,0
W2170,河北,风电,6,0,6
W2171,河北,风电,6,0,6
W2174,河北,风电,6,0,6
W2175,河北,风电,6,0,6
W2176,河北,风电,6,1,5
W2177,河北,风电,6,0,6
W2178,河北,风电,6,0,6
W2179,河北,风电,6,0,6
W2180,河北,风电,6,0,6
W2181,河北,风电,6,0,6
W219,重庆,风电,0,0,0
W220,安徽,风电,0,0,0
W2206,黑龙江,风电,6,2,4
W2208,黑龙江,风电,6,2,4
W221,重庆,风电,0,0,0
W2211,河北,风电,6,0,6
W2213,河北,风电,6,0,6
W2214,黑龙江,风电,6,4,2
W2216,河南,风电,0,0,0
W2217,河北,风电,6,0,6
W2220,河南,风电,0,0,0
W2222,河北,风电,6,0,6
W2223,河南,风电,0,0,0
W2225,河北,风电,6,0,6
W2226,河南,风电,0,0,0
W2228,黑龙江,风电,0,0,0
W2230,河南,风电,0,0,0
W2231,黑龙江,风电,6,0,6
W2235,河北,风电,6,0,6
W2237,黑龙江,风电,6,6,0
W224,安徽,风电,0,0,0
W2242,河南,风电,0,0,0
W2247,黑龙江,风电,0,0,0
W2249,内蒙古,风电,6,0,6
W225,重庆,风电,0,0,0
W2250,河南,风电,0,0,0
W2251,黑龙江,风电,0,0,0
W2252,河南,风电,0,0,0
W2255,河北,风电,6,0,6
W2257,黑龙江,风电,0,0,0
W226,重庆,风电,0,0,0
W2260,河北,风电,6,0,6
W2262,黑龙江,风电,0,0,0
W2263,河北,风电,6,6,0
W2265,黑龙江,风电,0,0,0
W2266,河北,风电,6,6,0
W2268,河北,风电,6,0,6
W2269,黑龙江,风电,6,5,1
W2270,河北,风电,6,0,6
W2273,河南,风电,0,0,0
W2274,河北,风电,6,0,6
W2275,河北,风电,6,0,6
W2276,河南,风电,0,0,0
W2277,河南,风电,0,0,0
W228,重庆,风电,0,0,0
W2281,河南,风电,0,0,0
W2282,黑龙江,风电,6,4,2
W2286,河南,风电,0,0,0
W2287,河南,风电,0,0,0
W2290,河南,风电,0,0,0
W2291,河南,风电,0,0,0
W2295,河南,风电,0,0,0
W2296,河南,风电,0,0,0
W2301,河南,风电,0,0,0
W2305,河南,风电,0,0,0
W2309,河南,风电,0,0,0
W231,安徽,风电,0,0,0
W2310,河南,风电,0,0,0
W2312,河南,风电,0,0,0
W2313,河南,风电,0,0,0
W2315,河南,风电,0,0,0
W2316,河南,风电,0,0,0
W2317,河南,风电,0,0,0
W2326,河南,风电,1,1,0
W2327,河南,风电,0,0,0
W233,安徽,风电,0,0,0
W2330,河南,风电,0,0,0
W2332,河南,风电,0,0,0
W2336,河南,风电,3,3,0
W2337,河南,风电,3,3,0
W2339,河南,风电,0,0,0
W234,重庆,风电,0,0,0
W2342,河南,风电,0,0,0
W2348,河南,风电,0,0,0
W235,安徽,风电,0,0,0
W2351,河南,风电,0,0,0
W2352,河南,风电,0,0,0
W2354,河南,风电,0,0,0
W2356,河南,风电,0,0,0
W2357,河南,风电,0,0,0
W2358,河南,风电,0,0,0
W236,重庆,风电,0,0,0
W2360,河南,风电,0,0,0
W2361,河南,风电,0,0,0
W2362,河南,风电,0,0,0
W2363,河南,风电,0,0,0
W2367,河南,风电,0,0,0
W2368,河南,风电,0,0,0
W237,安徽,风电,0,0,0
W2370,河南,风电,0,0,0
W2375,河北,风电,6,0,6
W2377,河北,风电,5,5,0
W2378,河北,风电,6,0,6
W2379,黑龙江,风电,6,4,2
W238,重庆,风电,0,0,0
W2381,河北,风电,6,0,6
W2383,黑龙江,风电,5,5,0
W2384,河北,风电,6,0,6
W2387,黑龙江,风电,0,0,0
W2392,河北,风电,6,0,6
W2395,黑龙江,风电,0,0,0
W2397,河北,风电,0,0,0
W24,安徽,风电,0,0,0
W240,重庆,风电,0,0,0
W2400,河北,风电,6,0,6
W2402,河北,风电,6,0,6
W2404,黑龙江,风电,6,6,0
W2405,河北,风电,6,0,6
W2407,河南,风电,2,2,0
W2409,河南,风电,0,0,0
W2410,河北,风电,6,0,6
W2412,河南,风电,0,0,0
W2417,河南,风电,2,2,0
W2418,河北,风电,6,0,6
W2420,黑龙江,风电,4,4,0
W2422,河南,风电,1,1,0
W2423,河北,风电,2,2,0
W2424,河北,风电,6,0,6
W2427,河南,风电,0,0,0
W2428,河南,风电,0,0,0
W2429,黑龙江,风电,2,2,0
W2431,河北,风电,5,5,0
W2432,河北,风电,6,1,5
W2435,黑龙江,风电,4,4,0
W2436,河北,风电,4,4,0
W2437,河南,风电,0,0,0
W2439,河南,风电,0,0,0
W2440,河北,风电,6,1,5
W2441,河北,风电,5,4,1
W2443,河南,风电,0,0,0
W2445,河南,风电,0,0,0
W2446,河南,风电,0,0,0
W2447,河北,风电,2,2,0
W2448,河南,风电,3,3,0
W2449,河北,风电,6,0,6
W245,安徽,风电,0,0,0
W2451,黑龙江,风电,1,1,0
W2455,河北,风电,2,2,0
W2456,黑龙江,风电,4,4,0
W2457,河南,风电,0,0,0
W2459,河北,风电,6,0,6
W2461,河北,风电,3,3,0
W2463,海南,风电,0,0,0
W2464,河南,风电,0,0,0
W2465,河北,风电,2,2,0
W2466,黑龙江,风电,6,3,3
W2468,河北,风电,2,2,0
W2469,河北,风电,6,0,6
W247,福建,风电,0,0,0
W2471,黑龙江,风电,6,3,3
W2474,河南,风电,0,0,0
W2475,黑龙江,风电,6,3,3
W2476,河北,风电,2,2,0
W2477,河北,风电,2,2,0
W2478,黑龙江,风电,6,1,5
W2479,河北,风电,6,0,6
W2481,河南,风电,0,0,0
W2482,河北,风电,4,4,0
W2484,黑龙江,风电,0,0,0
W2485,河北,风电,6,1,5
W2486,河南,风电,0,0,0
W2487,黑龙江,风电,0,0,0
W2488,河北,风电,5,4,1
W2489,河北,风电,6,0,6
W249,福建,风电,0,0,0
W2490,河南,风电,0,0,0
W2492,黑龙江,风电,0,0,0
W2495,黑龙江,风电,6,3,3
W2496,河北,风电,6,0,6
W2497,黑龙江,风电,6,3,3
W2498,河北,风电,0,0,0
W25,安徽,风电,0,0,0
W2504,黑龙江,风电,6,5,1
W2507,河北,风电,4,3,1
W2509,黑龙江,风电,6,0,6
W251,福建,风电,0,0,0
W2510,河南,风电,0,0,0
W2513,河北,风电,6,0,6
W2515,河北,风电,6,3,3
W2519,河北,风电,2,2,0
W2522,河北,风电,6,0,6
W2523,黑龙江,风电,0,0,0
W2524,黑龙江,风电,6,5,1
W2525,河北,风电,6,5,1
W2527,黑龙江,风电,0,0,0
W2530,河南,风电,0,0,0
W2534,黑龙江,风电,2,2,0
W2536,河南,风电,0,0,0
W2537,黑龙江,风电,0,0,0
W2539,河北,风电,6,0,6
W2546,河北,风电,6,0,6
W2548,河南,风电,0,0,0
W2552,河南,风电,0,0,0
W2553,黑龙江,风电,6,5,1
W2556,河北,风电,6,0,6
W2557,河北,风电,6,3,3
W2560,河南,风电,0,0,0
W2565,黑龙江,风电,6,0,6
W2567,黑龙江,风电,6,5,1
W2568,河南,风电,0,0,0
W2570,河北,风电,6,0,6
W2574,河南,风电,0,0,0
W2575,河北,风电,6,0,6
W2577,黑龙江,风电,6,6,0
W2579,河南,风电,0,0,0
W2580,河北,风电,6,0,6
W2583,河南,风电,0,0,0
W2586,河北,风电,6,0,6
W2590,黑龙江,风电,3,3,0
W2592,河北,风电,6,0,6
W2593,河北,风电,6,0,6
W2595,河南,风电,0,0,0
W2597,河北,风电,6,0,6
W2598,河北,风电,6,0,6
W2599,黑龙江,风电,1,1,0
W2600,河南,风电,0,0,0
W2601,河北,风电,6,0,6
W2602,河南,风电,0,0,0
W2603,河北,风电,6,1,5
W2604,黑龙江,风电,6,4,2
W2605,黑龙江,风电,1,1,0
W2607,河北,风电,6,0,6
W2608,河南,风电,0,0,0
W2610,黑龙江,风电,6,5,1
W2611,河南,风电,4,4,0
W2615,河北,风电,6,0,6
W2616,河南,风电,0,0,0
W262,福建,风电,0,0,0
W2622,黑龙江,风电,6,5,1
W2623,河北,风电,6,0,6
W2624,河北,风电,6,0,6
W2625,河南,风电,0,0,0
W2626,黑龙江,风电,6,2,4
W2627,河南,风电,0,0,0
W2628,河北,风电,6,0,6
W2632,河北,风电,6,0,6
W2635,黑龙江,风电,6,6,0
W2638,黑龙江,风电,6,2,4
W2642,黑龙江,风电,6,3,3
W2646,河南,风电,0,0,0
W2648,黑龙江,风电,6,2,4
W265,福建,风电,0,0,0
W2650,河北,风电,6,0,6
W2651,河南,风电,0,0,0
W2652,河南,风电,0,0,0
W2653,黑龙江,风电,6,2,4
W2655,黑龙江,风电,6,2,4
W2658,河南,风电,0,0,0
W2659,河北,风电,6,0,6
W2660,河南,风电,0,0,0
W2663,黑龙江,风电,6,2,4
W2665,黑龙江,风电,6,1,5
W2666,河南,风电,0,0,0
W2667,河南,风电,0,0,0
W267,福建,风电,0,0,0
W2670,黑龙江,风电,6,6,0
W2671,黑龙江,风电,6,1,5
W2672,河南,风电,0,0,0
W2676,河南,风电,0,0,0
W2677,黑龙江,风电,0,0,0
W2679,黑龙江,风电,6,2,4
W2681,河南,风电,0,0,0
W2683,河南,风电,0,0,0
W2685,河北,风电,6,0,6
W2687,黑龙江,风电,6,1,5
W2689,河北,风电,6,0,6
W269,福建,风电,0,0,0
W2692,河南,风电,0,0,0
W2693,黑龙江,风电,6,2,4
W2694,河北,风电,6,0,6
W2697,河北,风电,6,0,6
W2698,河南,风电,0,0,0
W27,安徽,风电,0,0,0
W270,安徽,风电,0,0,0
W2700,黑龙江,风电,6,1,5
W2703,黑龙江,风电,6,3,3
W2707,河南,风电,0,0,0
W2708,黑龙江,风电,6,5,1
W271,福建,风电,0,0,0
W2710,黑龙江,风电,6,5,1
W2712,河北,风电,6,0,6
W2713,黑龙江,风电,6,5,1
W2715,河南,风电,3,3,0
W2719,河北,风电,6,0,6
W2720,黑龙江,风电,6,5,1
W2722,河南,风电,0,0,0
W2724,黑龙江,风电,6,5,1
W2725,河北,风电,6,0,6
W2730,河南,风电,0,0,0
W2734,黑龙江,风电,6,1,5
W2735,河北,风电,6,0,6
W2736,黑龙江,风电,6,5,1
W274,安徽,风电,0,0,0
W2740,黑龙江,风电,0,0,0
W2741,河北,风电,6,0,6
W2743,河南,风电,0,0,0
W2746,河南,风电,0,0,0
W2747,河北,风电,6,0,6
W275,福建,风电,0,0,0
W2750,河南,风电,0,0,0
W2751,黑龙江,风电,6,5,1
W2752,河南,风电,0,0,0
W2753,黑龙江,风电,0,0,0
W2758,河南,风电,0,0,0
W276,安徽,风电,0,0,0
W2761,黑龙江,风电,1,1,0
W2766,黑龙江,风电,6,5,1
W2767,黑龙江,风电,6,3,3
W2768,河南,风电,0,0,0
W277,福建,风电,0,0,0
W2771,河北,风电,6,0,6
W2774,河南,风电,0,0,0
W2778,黑龙江,风电,6,3,3
W2779,河北,风电,6,0,6
W278,安徽,风电,0,0,0
W2780,河北,风电,3,3,0
W2781,黑龙江,风电,6,4,2
W2786,河北,风电,3,3,0
W2788,黑龙江,风电,0,0,0
W2789,河南,风电,0,0,0
W2790,黑龙江,风电,6,4,2
W2791,黑龙江,风电,0,0,0
W2792,河北,风电,4,4,0
W2794,黑龙江,风电,6,1,5
W2795,河南,风电,0,0,0
W2797,河北,风电,3,3,0
W28,安徽,风电,0,0,0
W280,安徽,风电,0,0,0
W2800,黑龙江,风电,6,6,0
W2801,河北,风电,6,0,6
W2803,黑龙江,风电,6,5,1
W2804,黑龙江,风电,0,0,0
W2805,河北,风电,6,0,6
W2806,河南,风电,0,0,0
W281,安徽,风电,0,0,0
W2812,黑龙江,风电,6,4,2
W2813,黑龙江,风电,4,4,0
W2814,河北,风电,6,0,6
W2816,河南,风电,0,0,0
W2818,河北,风电,6,0,6
W2820,黑龙江,风电,6,4,2
W2822,黑龙江,风电,6,6,0
W2824,黑龙江,风电,6,2,4
W2825,河南,风电,0,0,0
W2827,黑龙江,风电,6,2,4
W2828,河北,风电,6,0,6
W283,安徽,风电,0,0,0
W2833,黑龙江,风电,6,1,5
W2835,河北,风电,6,0,6
W2837,黑龙江,风电,6,2,4
W2838,河北,风电,6,0,6
W284,福建,风电,0,0,0
W2840,河南,风电,0,0,0
W2842,河南,风电,0,0,0
W2843,黑龙江,风电,6,4,2
W2845,黑龙江,风电,6,2,4
W2846,河北,风电,6,0,6
W2850,河南,风电,0,0,0
W2851,河北,风电,6,0,6
W2853,黑龙江,风电,6,3,3
W2855,河南,风电,0,0,0
W2856,河南,风电,0,0,0
W2857,黑龙江,风电,6,6,0
W2859,河北,风电,6,0,6
W286,福建,风电,0,0,0
W2861,河南,风电,0,0,0
W2863,河北,风电,6,0,6
W2865,河南,风电,0,0,0
W2866,黑龙江,风电,6,4,2
W2868,黑龙江,风电,2,2,0
W2869,黑龙江,风电,6,5,1
W2870,河南,风电,0,0,0
W2872,河北,风电,6,0,6
W2873,河南,风电,0,0,0
W2874,河北,风电,6,0,6
W2876,河南,风电,0,0,0
W2877,黑龙江,风电,2,2,0
W288,福建,风电,0,0,0
W2880,黑龙江,风电,6,2,4
W2881,黑龙江,风电,0,0,0
W2883,河南,风电,0,0,0
W2884,黑龙江,风电,6,1,5
W2885,河南,风电,0,0,0
W2886,黑龙江,风电,6,1,5
W2887,黑龙江,风电,6,3,3
W2888,河北,风电,6,0,6
W2889,河南,风电,0,0,0
W2892,黑龙江,风电,6,3,3
W2893,河北,风电,6,0,6
W2894,河南,风电,0,0,0
W2895,河南,风电,0,0,0
W2897,黑龙江,风电,0,0,0
W2898,河北,风电,6,1,5
W2900,河南,风电,0,0,0
W2902,黑龙江,风电,0,0,0
W2903,河北,风电,6,0,6
W2904,河南,风电,2,2,0
W2907,黑龙江,风电,5,5,0
W2910,黑龙江,风电,0,0,0
W2911,黑龙江,风电,6,4,2
W2913,河北,风电,6,0,6
W2914,黑龙江,风电,2,2,0
W2916,河南,风电,2,2,0
W2917,河北,风电,6,1,5
W2918,黑龙江,风电,0,0,0
W2919,黑龙江,风电,6,6,0
W292,安徽,风电,0,0,0
W2920,河南,风电,0,0,0
W2921,河南,风电,0,0,0
W2923,黑龙江,风电,0,0,0
W2924,黑龙江,风电,5,5,0
W2925,河南,风电,0,0,0
W2927,黑龙江,风电,6,2,4
W2929,黑龙江,风电,0,0,0
W2930,黑龙江,风电,6,1,5
W2933,河南,风电,0,0,0
W2934,黑龙江,风电,6,4,2
W2936,河南,风电,0,0,0
W2938,黑龙江,风电,0,0,0
W2939,河南,风电,0,0,0
W2941,河南,风电,6,0,6
W2942,黑龙江,风电,0,0,0
W2944,黑龙江,风电,0,0,0
W2945,河南,风电,0,0,0
W2946,黑龙江,风电,0,0,0
W2947,河南,风电,0,0,0
W2948,黑龙江,风电,0,0,0
W295,福建,风电,0,0,0
W2950,黑龙江,风电,0,0,0
W2951,黑龙江,风电,0,0,0
W2952,黑龙江,风电,0,0,0
W2954,黑龙江,风电,0,0,0
W2958,河南,风电,0,0,0
W2959,黑龙江,风电,0,0,0
W296,福建,风电,0,0,0
W2963,黑龙江,风电,0,0,0
W2964,河南,风电,0,0,0
W2966,黑龙江,风电,6,6,0
W2967,黑龙江,风电,1,1,0
W2968,黑龙江,风电,0,0,0
W2970,黑龙江,风电,0,0,0
W2971,黑龙江,风电,0,0,0
W2972,黑龙江,风电,0,0,0
W2973,黑龙江,风电,0,0,0
W2974,黑龙江,风电,0,0,0
W2975,黑龙江,风电,2,2,0
W2978,黑龙江,风电,0,0,0
W2979,黑龙江,风电,0,0,0
W298,福建,风电,0,0,0
W2982,黑龙江,风电,6,1,5
W2983,河南,风电,0,0,0
W2985,河南,风电,0,0,0
W2986,河南,风电,0,0,0
W2987,河南,风电,0,0,0
W299,安徽,风电,0,0,0
W2991,河南,风电,0,0,0
W2992,河南,风电,0,0,0
W2995,河南,风电,0,0,0
W2996,河南,风电,0,0,0
W2997,河南,风电,0,0,0
W2998,河南,风电,0,0,0
W2999,河南,风电,0,0,0
W3,安徽,风电,0,0,0
W30,安徽,风电,0,0,0
W300,安徽,风电,0,0,0
W301,安徽,风电,0,0,0
W3012,湖北,风电,0,0,0
W3013,湖北,风电,0,0,0
W3020,湖南,风电,1,1,0
W3021,湖北,风电,0,0,0
W3024,湖北,风电,0,0,0
W3029,湖北,风电,0,0,0
W3030,湖北,风电,0,0,0
W3031,湖北,风电,0,0,0
W3032,湖北,风电,0,0,0
W3034,湖北,风电,0,0,0
W3035,湖北,风电,0,0,0
W3038,湖北,风电,0,0,0
W3039,湖北,风电,0,0,0
W3042,内蒙古,风电,1,1,0
W3043,湖北,风电,0,0,0
W3046,湖北,风电,0,0,0
W3047,湖北,风电,0,0,0
W3050,湖北,风电,0,0,0
W3052,湖北,风电,0,0,0
W3054,湖北,风电,0,0,0
W3055,湖北,风电,0,0,0
W3056,湖北,风电,0,0,0
W3058,湖北,风电,0,0,0
W3059,湖北,风电,0,0,0
W3060,湖北,风电,0,0,0
W3061,湖北,风电,0,0,0
W3062,湖北,风电,0,0,0
W3063,湖北,风电,0,0,0
W3066,湖北,风电,0,0,0
W3067,湖北,风电,0,0,0
W3071,湖北,风电,0,0,0
W3074,湖南,风电,0,0,0
W3075,湖南,风电,0,0,0
W3079,湖南,风电,0,0,0
W3085,湖南,风电,0,0,0
W3086,湖南,风电,0,0,0
W309,安徽,风电,0,0,0
W3094,湖南,风电,0,0,0
W3095,湖南,风电,0,0,0
W3096,湖南,风电,0,0,0
W3102,湖南,风电,0,0,0
W3103,湖南,风电,0,0,0
W3105,湖南,风电,0,0,0
W3107,湖南,风电,0,0,0
W311,安徽,风电,0,0,0
W3110,湖南,风电,0,0,0
W3115,河南,风电,0,0,0
W3117,湖南,风电,0,0,0
W3119,湖南,风电,0,0,0
W312,安徽,风电,0,0,0
W3123,内蒙古,风电,6,0,6
W3124,湖北,风电,0,0,0
W3125,内蒙古,风电,6,0,6
W3127,河南,风电,0,0,0
W3128,湖南,风电,0,0,0
W3129,湖南,风电,0,0,0
W3130,河南,风电,0,0,0
W3133,湖南,风电,0,0,0
W3134,湖南,风电,0,0,0
W3136,内蒙古,风电,6,0,6
W3137,湖南,风电,0,0,0
W314,安徽,风电,0,0,0
W3141,内蒙古,风电,6,2,4
W3143,湖北,风电,0,0,0
W3152,河南,风电,0,0,0
W3155,湖南,风电,0,0,0
W3156,河南,风电,0,0,0
W3157,湖南,风电,0,0,0
W3160,内蒙古,风电,6,0,6
W3164,内蒙古,风电,6,0,6
W3166,河南,风电,0,0,0
W3168,河南,风电,0,0,0
W3169,内蒙古,风电,6,0,6
W3174,河南,风电,0,0,0
W3175,内蒙古,风电,6,0,6
W3177,湖南,风电,0,0,0
W3180,湖北,风电,0,0,0
W3181,河南,风电,0,0,0
W3185,河南,风电,0,0,0
W3190,湖北,风电,0,0,0
W3191,内蒙古,风电,6,2,4
W3194,河南,风电,0,0,0
W3197,湖南,风电,0,0,0
W3198,湖南,风电,0,0,0
W3199,河南,风电,0,0,0
W3206,河南,风电,0,0,0
W3211,河南,风电,0,0,0
W3215,湖北,风电,0,0,0
W3216,湖南,风电,0,0,0
W3222,湖北,风电,0,0,0
W3223,内蒙古,风电,6,0,6
W3224,河南,风电,0,0,0
W3230,湖南,风电,0,0,0
W3232,河南,风电,0,0,0
W3235,湖南,风电,0,0,0
W3238,湖北,风电,0,0,0
W324,安徽,风电,0,0,0
W3240,内蒙古,风电,5,5,0
W3243,湖南,风电,0,0,0
W3244,湖北,风电,0,0,0
W3247,河南,风电,0,0,0
W3248,湖南,风电,0,0,0
W3254,湖南,风电,0,0,0
W3255,内蒙古,风电,6,0,6
W3256,湖南,风电,0,0,0
W3262,湖南,风电,0,0,0
W3266,湖南,风电,0,0,0
W3267,河南,风电,0,0,0
W3268,河南,风电,0,0,0
W327,安徽,风电,0,0,0
W3274,内蒙古,风电,5,4,1
W3276,湖南,风电,0,0,0
W3277,河南,风电,2,2,0
W3281,湖南,风电,0,0,0
W3282,内蒙古,风电,4,4,0
W3283,河南,风电,0,0,0
W3285,湖南,风电,0,0,0
W3287,河南,风电,0,0,0
W3290,河南,风电,0,0,0
W3292,湖南,风电,0,0,0
W3293,河南,风电,0,0,0
W3294,河南,风电,0,0,0
W3296,湖南,风电,0,0,0
W3299,河南,风电,0,0,0
W33,安徽,风电,0,0,0
W330,安徽,风电,0,0,0
W3301,河南,风电,0,0,0
W3305,湖南,风电,0,0,0
W3308,河南,风电,0,0,0
W3311,湖南,风电,0,0,0
W3314,湖南,风电,0,0,0
W3315,湖南,风电,0,0,0
W3321,河南,风电,0,0,0
W3323,河南,风电,0,0,0
W333,安徽,风电,0,0,0
W3335,湖南,风电,0,0,0
W3336,河南,风电,0,0,0
W3338,湖南,风电,0,0,0
W334,安徽,风电,0,0,0
W3340,湖南,风电,0,0,0
W3345,湖南,风电,0,0,0
W3348,河南,风电,0,0,0
W3350,河南,风电,0,0,0
W3351,湖南,风电,0,0,0
W3354,湖北,风电,0,0,0
W3358,湖南,风电,0,0,0
W3360,内蒙古,风电,6,0,6
W3364,湖北,风电,0,0,0
W3365,河南,风电,0,0,0
W337,安徽,风电,0,0,0
W3373,河南,风电,0,0,0
W3374,湖北,风电,0,0,0
W3375,湖南,风电,0,0,0
W3377,湖北,风电,0,0,0
W338,安徽,风电,0,0,0
W3380,湖南,风电,0,0,0
W3384,湖南,风电,0,0,0
W3389,湖北,风电,0,0,0
W3392,湖南,风电,0,0,0
W3393,河南,风电,0,0,0
W3394,湖南,风电,0,0,0
W3395,湖南,风电,0,0,0
W3396,河南,风电,0,0,0
W3398,湖南,风电,0,0,0
W340,安徽,风电,0,0,0
W3400,河南,风电,0,0,0
W3401,湖北,风电,0,0,0
W3406,湖南,风电,0,0,0
W3408,湖北,风电,0,0,0
W341,安徽,风电,0,0,0
W3410,湖南,风电,0,0,0
W3411,河南,风电,0,0,0
W3413,湖南,风电,0,0,0
W3423,湖北,风电,0,0,0
W3425,河南,风电,0,0,0
W3428,河南,风电,0,0,0
W343,安徽,风电,0,0,0
W3436,河南,风电,0,0,0
W3438,湖北,风电,0,0,0
W3440,湖南,风电,0,0,0
W3442,河南,风电,0,0,0
W3446,湖北,风电,0,0,0
W3447,湖南,风电,0,0,0
W3449,湖南,风电,0,0,0
W3453,湖南,风电,0,0,0
W3456,湖南,风电,0,0,0
W3459,湖南,风电,0,0,0
W3463,湖南,风电,0,0,0
W3464,湖南,风电,0,0,0
W3465,湖北,风电,0,0,0
W3468,河南,风电,0,0,0
W3472,湖南,风电,0,0,0
W3476,湖南,风电,0,0,0
W3477,湖南,风电,0,0,0
W3479,河南,风电,0,0,0
W348,安徽,风电,0,0,0
W3482,湖南,风电,0,0,0
W3484,湖北,风电,0,0,0
W3485,河南,风电,0,0,0
W349,安徽,风电,0,0,0
W3497,河南,风电,0,0,0
W3501,内蒙古,风电,0,0,0
W3502,湖南,风电,0,0,0
W3503,湖南,风电,0,0,0
W3506,湖南,风电,0,0,0
W351,安徽,风电,0,0,0
W352,安徽,风电,0,0,0
W3521,湖北,风电,0,0,0
W3522,内蒙古,风电,6,0,6
W3525,湖南,风电,0,0,0
W3531,湖北,风电,0,0,0
W3534,湖南,风电,0,0,0
W3535,河南,风电,0,0,0
W3539,内蒙古,风电,6,0,6
W3540,湖南,风电,0,0,0
W3543,河南,风电,0,0,0
W3545,湖北,风电,0,0,0
W3548,内蒙古,风电,6,0,6
W3551,湖南,风电,0,0,0
W3557,内蒙古,风电,6,0,6
W3560,湖南,风电,0,0,0
W3561,河南,风电,0,0,0
W3566,湖北,风电,0,0,0
W3567,河南,风电,1,1,0
W3568,湖南,风电,0,0,0
W3569,内蒙古,风电,6,0,6
W357,安徽,风电,0,0,0
W3571,湖南,风电,0,0,0
W3572,湖南,风电,0,0,0
W3573,河南,风电,0,0,0
W3577,湖北,风电,0,0,0
W3578,湖南,风电,0,0,0
W3581,湖南,风电,0,0,0
W3592,湖北,风电,0,0,0
W36,安徽,风电,0,0,0
W3602,湖南,风电,0,0,0
W3605,内蒙古,风电,6,0,6
W3610,湖南,风电,0,0,0
W3611,湖北,风电,0,0,0
W3614,河南,风电,0,0,0
W3615,湖南,风电,0,0,0
W3616,内蒙古,风电,6,0,6
W3619,湖北,风电,0,0,0
W3627,河南,风电,0,0,0
W3629,湖北,风电,0,0,0
W363,安徽,风电,0,0,0
W3635,河南,风电,0,0,0
W3636,湖北,风电,0,0,0
W3638,湖南,风电,0,0,0
W364,安徽,风电,0,0,0
W3643,湖北,风电,0,0,0
W3647,湖南,风电,0,0,0
W365,安徽,风电,0,0,0
W3650,湖北,风电,0,0,0
W3657,湖南,风电,0,0,0
W3658,湖北,风电,0,0,0
W3660,河南,风电,0,0,0
W3663,湖北,风电,0,0,0
W3667,内蒙古,风电,6,1,5
W367,安徽,风电,0,0,0
W3670,湖北,风电,0,0,0
W3671,湖北,风电,0,0,0
W3672,河南,风电,0,0,0
W3676,湖北,风电,0,0,0
W3677,河南,风电,0,0,0
W368,安徽,风电,0,0,0
W3682,河南,风电,0,0,0
W3683,湖北,风电,0,0,0
W3684,湖南,风电,0,0,0
W3685,河南,风电,0,0,0
W3687,湖北,风电,0,0,0
W369,安徽,风电,0,0,0
W3691,湖北,风电,0,0,0
W3692,湖北,风电,0,0,0
W3693,湖南,风电,0,0,0
W3697,湖北,风电,0,0,0
W3699,湖北,风电,0,0,0
W37,安徽,风电,0,0,0
W370,安徽,风电,0,0,0
W3705,湖北,风电,0,0,0
W3707,内蒙古,风电,6,0,6
W3711,湖北,风电,0,0,0
W3712,湖南,风电,0,0,0
W3713,湖南,风电,0,0,0
W3714,湖北,风电,0,0,0
W3715,内蒙古,风电,6,0,6
W3717,湖北,风电,0,0,0
W3722,湖北,风电,0,0,0
W3723,湖南,风电,0,0,0
W3730,河南,风电,0,0,0
W3731,湖北,风电,0,0,0
W3738,湖北,风电,0,0,0
W3739,内蒙古,风电,6,0,6
W374,安徽,风电,0,0,0
W3740,湖南,风电,0,0,0
W3743,河南,风电,0,0,0
W3744,湖南,风电,0,0,0
W3745,湖北,风电,0,0,0
W3746,湖南,风电,0,0,0
W3747,河南,风电,0,0,0
W3748,湖北,风电,0,0,0
W375,广东,风电,0,0,0
W3751,湖北,风电,0,0,0
W3753,内蒙古,风电,6,0,6
W3759,内蒙古,风电,6,0,6
W3760,湖北,风电,0,0,0
W3764,河南,风电,0,0,0
W3765,湖北,风电,0,0,0
W3769,内蒙古,风电,6,0,6
W3771,湖北,风电,0,0,0
W3773,湖北,风电,0,0,0
W3775,河南,风电,0,0,0
W3777,湖南,风电,0,0,0
W378,安徽,风电,0,0,0
W3781,湖南,风电,0,0,0
W3789,湖北,风电,0,0,0
W379,安徽,风电,0,0,0
W3791,河南,风电,0,0,0
W3792,湖北,风电,0,0,0
W3794,湖南,风电,0,0,0
W3796,湖南,风电,0,0,0
W3800,湖北,风电,0,0,0
W3802,内蒙古,风电,5,3,2
W3803,内蒙古,风电,6,0,6
W3805,河南,风电,0,0,0
W3807,湖北,风电,0,0,0
W3808,湖北,风电,0,0,0
W3814,湖南,风电,0,0,0
W3815,湖南,风电,0,0,0
W3816,内蒙古,风电,6,0,6
W382,安徽,风电,0,0,0
W3820,湖南,风电,0,0,0
W3821,湖北,风电,0,0,0
W3822,内蒙古,风电,6,0,6
W3823,湖北,风电,0,0,0
W3825,湖南,风电,0,0,0
W3826,湖南,风电,0,0,0
W3827,湖南,风电,0,0,0
W3828,河南,风电,0,0,0
W3829,内蒙古,风电,3,3,0
W3831,河南,风电,0,0,0
W3832,湖南,风电,0,0,0
W3834,内蒙古,风电,6,0,6
W3835,湖北,风电,0,0,0
W3837,湖南,风电,0,0,0
W3838,河南,风电,0,0,0
W3840,湖北,风电,0,0,0
W3841,湖南,风电,0,0,0
W3844,湖南,风电,0,0,0
W3845,湖北,风电,0,0,0
W3846,内蒙古,风电,6,0,6
W3847,湖北,风电,0,0,0
W3848,内蒙古,风电,2,2,0
W385,安徽,风电,0,0,0
W3850,河南,风电,0,0,0
W3854,内蒙古,风电,6,0,6
W3856,湖北,风电,0,0,0
W3857,湖南,风电,0,0,0
W3858,湖南,风电,0,0,0
W386,安徽,风电,0,0,0
W3860,湖北,风电,0,0,0
W3861,内蒙古,风电,6,0,6
W3865,河南,风电,0,0,0
W3869,湖北,风电,0,0,0
W3874,湖南,风电,0,0,0
W3876,湖北,风电,0,0,0
W3877,内蒙古,风电,6,0,6
W3878,湖北,风电,0,0,0
W388,安徽,风电,0,0,0
W3880,内蒙古,风电,6,0,6
W3884,河南,风电,0,0,0
W3888,内蒙古,风电,6,0,6
W3894,河南,风电,0,0,0
W3895,内蒙古,风电,6,0,6
W3896,湖北,风电,0,0,0
W3897,内蒙古,风电,6,0,6
W3902,湖南,风电,0,0,0
W3905,内蒙古,风电,6,0,6
W3912,内蒙古,风电,6,0,6
W3915,内蒙古,风电,6,0,6
W3916,湖南,风电,0,0,0
W3918,湖南,风电,0,0,0
W3919,河南,风电,0,0,0
W3924,湖南,风电,0,0,0
W3925,内蒙古,风电,6,0,6
W3926,湖北,风电,0,0,0
W3927,内蒙古,风电,6,0,6
W3929,内蒙古,风电,6,0,6
W3932,湖北,风电,0,0,0
W3935,河南,风电,0,0,0
W3937,内蒙古,风电,6,0,6
W3941,河南,风电,0,0,0
W3944,湖北,风电,0,0,0
W3945,内蒙古,风电,6,0,6
W3946,内蒙古,风电,6,0,6
W3948,湖北,风电,0,0,0
W3949,湖南,风电,0,0,0
W3953,内蒙古,风电,6,0,6
W3958,内蒙古,风电,6,0,6
W3960,内蒙古,风电,6,0,6
W3963,湖南,风电,0,0,0
W3964,湖南,风电,0,0,0
W3969,内蒙古,风电,6,0,6
W3973,湖南,风电,0,0,0
W3975,湖南,风电,1,1,0
W3976,湖北,风电,0,0,0
W3978,内蒙古,风电,6,0,6
W3979,湖北,风电,0,0,0
W3981,内蒙古,风电,6,0,6
W3983,湖南,风电,0,0,0
W3985,内蒙古,风电,6,0,6
W3986,湖北,风电,0,0,0
W3988,内蒙古,风电,6,0,6
W3989,湖北,风电,0,0,0
W3990,湖北,风电,0,0,0
W3994,内蒙古,风电,6,0,6
W3995,湖北,风电,0,0,0
W3996,内蒙古,风电,6,0,6
W3998,内蒙古,风电,6,0,6
W3999,内蒙古,风电,6,0,6
W4000,内蒙古,风电,6,0,6
W4009,内蒙古,风电,6,0,6
W4011,内蒙古,风电,0,0,0
W4016,内蒙古,风电,6,1,5
W4019,内蒙古,风电,6,0,6
W402,广东,风电,0,0,0
W4026,内蒙古,风电,6,0,6
W4027,内蒙古,风电,6,0,6
W4028,内蒙古,风电,6,0,6
W4029,内蒙古,风电,6,0,6
W403,广东,风电,0,0,0
W4031,内蒙古,风电,6,0,6
W4032,江苏,风电,0,0,0
W4033,内蒙古,风电,6,0,6
W4034,内蒙古,风电,6,0,6
W4035,内蒙古,风电,6,0,6
W4036,河北,风电,6,1,5
W4037,内蒙古,风电,6,0,6
W4038,内蒙古,风电,6,0,6
W4039,内蒙古,风电,6,0,6
W404,广东,风电,0,0,0
W4040,内蒙古,风电,6,0,6
W4041,内蒙古,风电,6,0,6
W4042,内蒙古,风电,6,0,6
W4043,内蒙古,风电,6,0,6
W4045,内蒙古,风电,6,0,6
W4047,内蒙古,风电,6,2,4
W4049,内蒙古,风电,6,0,6
W405,广东,风电,0,0,0
W4050,内蒙古,风电,6,3,3
W4051,内蒙古,风电,6,0,6
W4052,内蒙古,风电,6,0,6
W4053,内蒙古,风电,6,1,5
W4054,内蒙古,风电,6,3,3
W4055,内蒙古,风电,6,1,5
W4056,内蒙古,风电,6,1,5
W406,广东,风电,0,0,0
W4060,内蒙古,风电,6,2,4
W4061,内蒙古,风电,3,3,0
W4062,内蒙古,风电,6,2,4
W4064,内蒙古,风电,6,0,6
W4065,内蒙古,风电,6,0,6
W4067,内蒙古,风电,6,0,6
W4068,内蒙古,风电,6,1,5
W4076,内蒙古,风电,6,0,6
W4080,内蒙古,风电,6,0,6
W4082,内蒙古,风电,6,0,6
W4084,内蒙古,风电,6,0,6
W4085,内蒙古,风电,6,0,6
W4087,内蒙古,风电,6,0,6
W4088,内蒙古,风电,6,0,6
W4089,内蒙古,风电,6,0,6
W4090,内蒙古,风电,6,0,6
W4091,内蒙古,风电,6,1,5
W4092,内蒙古,风电,6,0,6
W4093,内蒙古,风电,6,0,6
W4095,内蒙古,风电,6,0,6
W4097,内蒙古,风电,6,0,6
W4098,内蒙古,风电,6,0,6
W4099,内蒙古,风电,6,0,6
W4100,内蒙古,风电,6,0,6
W4101,内蒙古,风电,6,3,3
W4103,内蒙古,风电,6,0,6
W4104,内蒙古,风电,6,0,6
W4105,内蒙古,风电,6,0,6
W4106,内蒙古,风电,6,0,6
W4107,内蒙古,风电,6,0,6
W4108,内蒙古,风电,6,0,6
W4109,内蒙古,风电,6,0,6
W411,广东,风电,0,0,0
W4110,内蒙古,风电,6,0,6
W4111,内蒙古,风电,6,0,6
W4115,内蒙古,风电,6,0,6
W4116,内蒙古,风电,6,0,6
W4119,内蒙古,风电,6,0,6
W412,广东,风电,0,0,0
W4121,内蒙古,风电,6,0,6
W413,广东,风电,0,0,0
W4130,内蒙古,风电,6,0,6
W4131,内蒙古,风电,6,0,6
W4132,内蒙古,风电,6,0,6
W4133,江苏,风电,0,0,0
W4134,江苏,风电,0,0,0
W4135,江苏,风电,0,0,0
W4137,江苏,风电,0,0,0
W4138,江苏,风电,0,0,0
W4139,江苏,风电,0,0,0
W4140,江苏,风电,0,0,0
W4141,江苏,风电,0,0,0
W4148,江苏,风电,0,0,0
W4149,江苏,风电,0,0,0
W415,广东,风电,0,0,0
W4150,江苏,风电,0,0,0
W4151,江苏,风电,0,0,0
W4152,江苏,风电,0,0,0
W4154,江苏,风电,0,0,0
W4155,江苏,风电,0,0,0
W4156,江苏,风电,0,0,0
W4157,江苏,风电,0,0,0
W4158,江苏,风电,0,0,0
W4159,江苏,风电,0,0,0
W4160,江苏,风电,0,0,0
W4162,江苏,风电,0,0,0
W4164,江苏,风电,0,0,0
W4166,江苏,风电,0,0,0
W4167,江苏,风电,0,0,0
W4168,江苏,风电,0,0,0
W4169,江苏,风电,0,0,0
W4171,江苏,风电,0,0,0
W4174,江苏,风电,0,0,0
W4175,江苏,风电,0,0,0
W4176,江苏,风电,0,0,0
W4177,江苏,风电,0,0,0
W4178,江苏,风电,0,0,0
W4179,江苏,风电,0,0,0
W4180,江苏,风电,0,0,0
W4181,江苏,风电,0,0,0
W4183,江苏,风电,0,0,0
W4191,江西,风电,0,0,0
W4192,江西,风电,0,0,0
W4196,江西,风电,0,0,0
W420,广东,风电,0,0,0
W4200,江西,风电,0,0,0
W4201,江西,风电,0,0,0
W4203,江西,风电,0,0,0
W4204,江西,风电,0,0,0
W4206,江西,风电,0,0,0
W4207,江西,风电,0,0,0
W4208,江西,风电,0,0,0
W4209,江西,风电,0,0,0
W4211,江西,风电,0,0,0
W4212,江西,风电,0,0,0
W4215,江西,风电,0,0,0
W4216,江西,风电,0,0,0
W4217,江西,风电,0,0,0
W4218,江西,风电,0,0,0
W4226,江苏,风电,0,0,0
W4228,内蒙古,风电,6,0,6
W4229,内蒙古,风电,6,0,6
W4230,内蒙古,风电,6,2,4
W4234,江苏,风电,0,0,0
W4238,江苏,风电,0,0,0
W4240,内蒙古,风电,6,0,6
W4241,内蒙古,风电,6,0,6
W4245,内蒙古,风电,6,0,6
W4247,内蒙古,风电,6,0,6
W4248,内蒙古,风电,2,2,0
W4249,内蒙古,风电,6,0,6
W4251,内蒙古,风电,6,0,6
W4252,内蒙古,风电,6,0,6
W4253,内蒙古,风电,6,1,5
W4255,内蒙古,风电,6,0,6
W4256,内蒙古,风电,6,0,6
W4257,内蒙古,风电,6,0,6
W4258,内蒙古,风电,6,0,6
W4259,内蒙古,风电,6,0,6
W426,广东,风电,0,0,0
W4260,内蒙古,风电,6,0,6
W4261,内蒙古,风电,6,0,6
W4262,内蒙古,风电,6,0,6
W4265,内蒙古,风电,6,0,6
W4266,内蒙古,风电,6,0,6
W4267,内蒙古,风电,6,0,6
W4268,内蒙古,风电,6,3,3
W4269,内蒙古,风电,6,0,6
W427,广东,风电,0,0,0
W4270,内蒙古,风电,6,0,6
W4271,内蒙古,风电,6,0,6
W4272,内蒙古,风电,6,0,6
W4273,江苏,风电,0,0,0
W4274,内蒙古,风电,4,4,0
W4275,内蒙古,风电,6,0,6
W4276,内蒙古,风电,6,0,6
W4277,辽宁,风电,6,0,6
W428,广东,风电,0,0,0
W4280,内蒙古,风电,6,0,6
W4282,内蒙古,风电,6,0,6
W4283,内蒙古,风电,6,0,6
W4284,内蒙古,风电,6,0,6
W4286,内蒙古,风电,6,0,6
W4287,内蒙古,风电,6,0,6
W4289,内蒙古,风电,6,0,6
W4290,内蒙古,风电,6,0,6
W4291,内蒙古,风电,6,0,6
W4293,内蒙古,风电,6,0,6
W4295,内蒙古,风电,6,0,6
W4299,内蒙古,风电,6,0,6
W4301,内蒙古,风电,6,0,6
W4303,内蒙古,风电,6,0,6
W4304,内蒙古,风电,6,2,4
W4305,内蒙古,风电,6,0,6
W4306,内蒙古,风电,6,0,6
W4308,内蒙古,风电,6,0,6
W4309,内蒙古,风电,6,0,6
W4311,江苏,风电,0,0,0
W4312,内蒙古,风电,6,0,6
W4313,内蒙古,风电,6,6,0
W4314,内蒙古,风电,6,0,6
W4316,内蒙古,风电,6,0,6
W4317,江苏,风电,0,0,0
W4319,内蒙古,风电,6,0,6
W4320,内蒙古,风电,6,0,6
W4321,内蒙古,风电,6,0,6
W4323,内蒙古,风电,6,0,6
W4324,江苏,风电,0,0,0
W4325,内蒙古,风电,6,0,6
W4326,内蒙古,风电,6,0,6
W4328,内蒙古,风电,6,0,6
W4330,内蒙古,风电,6,0,6
W4332,内蒙古,风电,6,0,6
W4333,江苏,风电,0,0,0
W4335,内蒙古,风电,6,0,6
W4336,内蒙古,风电,6,0,6
W4337,内蒙古,风电,6,0,6
W4340,内蒙古,风电,6,0,6
W4341,内蒙古,风电,6,0,6
W4342,内蒙古,风电,6,0,6
W4343,内蒙古,风电,6,0,6
W4344,内蒙古,风电,6,0,6
W4345,内蒙古,风电,6,0,6
W4346,内蒙古,风电,6,0,6
W4347,内蒙古,风电,6,2,4
W4348,内蒙古,风电,6,2,4
W4350,内蒙古,风电,6,0,6
W4353,内蒙古,风电,6,0,6
W4355,内蒙古,风电,6,0,6
W4356,内蒙古,风电,6,0,6
W4358,内蒙古,风电,6,0,6
W4361,内蒙古,风电,6,0,6
W4362,内蒙古,风电,6,0,6
W4364,内蒙古,风电,6,0,6
W4366,内蒙古,风电,6,0,6
W4367,内蒙古,风电,6,0,6
W4368,内蒙古,风电,6,0,6
W4369,江苏,风电,0,0,0
W4371,内蒙古,风电,6,0,6
W4372,内蒙古,风电,6,0,6
W4374,内蒙古,风电,6,0,6
W4376,内蒙古,风电,6,0,6
W4377,内蒙古,风电,6,0,6
W4379,内蒙古,风电,6,0,6
W4380,内蒙古,风电,6,0,6
W4381,内蒙古,风电,3,3,0
W4385,内蒙古,风电,6,0,6
W4386,内蒙古,风电,6,3,3
W4389,江苏,风电,0,0,0
W4391,内蒙古,风电,6,0,6
W4393,江苏,风电,0,0,0
W4396,内蒙古,风电,6,0,6
W4397,内蒙古,风电,6,0,6
W4398,江苏,风电,0,0,0
W4399,内蒙古,风电,6,0,6
W4400,内蒙古,风电,6,0,6
W4403,内蒙古,风电,6,0,6
W4404,内蒙古,风电,6,0,6
W4405,内蒙古,风电,6,0,6
W4406,内蒙古,风电,6,0,6
W4407,内蒙古,风电,6,0,6
W4409,内蒙古,风电,6,0,6
W4411,江苏,风电,0,0,0
W4412,内蒙古,风电,6,0,6
W4413,内蒙古,风电,6,0,6
W4415,内蒙古,风电,6,0,6
W4416,内蒙古,风电,6,0,6
W4419,内蒙古,风电,0,0,0
W442,广东,风电,0,0,0
W4420,内蒙古,风电,6,0,6
W4424,内蒙古,风电,6,0,6
W4428,内蒙古,风电,6,0,6
W4431,内蒙古,风电,6,0,6
W4432,内蒙古,风电,6,0,6
W4435,江苏,风电,0,0,0
W4438,内蒙古,风电,6,0,6
W4439,江苏,风电,0,0,0
W4441,内蒙古,风电,6,0,6
W4442,内蒙古,风电,2,2,0
W4443,内蒙古,风电,6,0,6
W4445,内蒙古,风电,2,2,0
W4447,内蒙古,风电,0,0,0
W4448,内蒙古,风电,6,0,6
W4449,内蒙古,风电,6,0,6
W4452,河北,风电,6,2,4
W4455,内蒙古,风电,6,1,5
W4457,内蒙古,风电,6,0,6
W4458,江苏,风电,0,0,0
W4459,内蒙古,风电,6,0,6
W4461,内蒙古,风电,6,5,1
W4464,内蒙古,风电,6,0,6
W4466,内蒙古,风电,6,0,6
W4468,内蒙古,风电,6,0,6
W4469,内蒙古,风电,6,0,6
W4471,内蒙古,风电,6,0,6
W4473,内蒙古,风电,6,0,6
W4474,内蒙古,风电,6,0,6
W4475,内蒙古,风电,6,3,3
W4476,内蒙古,风电,6,0,6
W4477,内蒙古,风电,6,0,6
W4481,内蒙古,风电,6,0,6
W4484,内蒙古,风电,6,6,0
W4485,内蒙古,风电,6,0,6
W4487,内蒙古,风电,6,0,6
W4488,内蒙古,风电,6,0,6
W4490,内蒙古,风电,6,0,6
W4491,江苏,风电,0,0,0
W4495,内蒙古,风电,6,0,6
W4499,内蒙古,风电,6,0,6
W4500,内蒙古,风电,6,0,6
W4502,内蒙古,风电,6,0,6
W4503,内蒙古,风电,6,0,6
W4505,内蒙古,风电,6,4,2
W4506,内蒙古,风电,6,0,6
W4509,内蒙古,风电,6,0,6
W4510,内蒙古,风电,6,4,2
W4513,内蒙古,风电,6,0,6
W4516,内蒙古,风电,6,0,6
W4517,内蒙古,风电,6,4,2
W4519,内蒙古,风电,6,0,6
W452,广东,风电,0,0,0
W4520,内蒙古,风电,6,0,6
W4522,内蒙古,风电,6,4,2
W4523,内蒙古,风电,6,0,6
W4524,内蒙古,风电,6,0,6
W4525,内蒙古,风电,6,0,6
W4526,内蒙古,风电,6,0,6
W4528,内蒙古,风电,6,0,6
W4530,内蒙古,风电,6,0,6
W4531,内蒙古,风电,6,0,6
W4532,江苏,风电,0,0,0
W4533,内蒙古,风电,6,1,5
W4534,内蒙古,风电,6,5,1
W4536,内蒙古,风电,6,0,6
W4537,江苏,风电,0,0,0
W4538,内蒙古,风电,6,0,6
W4539,内蒙古,风电,6,0,6
W4540,内蒙古,风电,6,0,6
W4541,江苏,风电,0,0,0
W4542,内蒙古,风电,6,0,6
W4543,内蒙古,风电,6,0,6
W4545,江苏,风电,0,0,0
W4548,内蒙古,风电,6,0,6
W4549,内蒙古,风电,6,0,6
W4550,内蒙古,风电,6,0,6
W4551,内蒙古,风电,6,3,3
W4553,内蒙古,风电,6,0,6
W4554,江苏,风电,0,0,0
W4557,内蒙古,风电,6,0,6
W4558,内蒙古,风电,6,0,6
W4561,内蒙古,风电,6,0,6
W4562,内蒙古,风电,6,0,6
W4563,内蒙古,风电,6,0,6
W4565,江苏,风电,0,0,0
W4570,内蒙古,风电,6,0,6
W4571,内蒙古,风电,6,0,6
W4572,江苏,风电,0,0,0
W4574,内蒙古,风电,6,0,6
W4575,内蒙古,风电,6,0,6
W4578,江苏,风电,0,0,0
W4579,内蒙古,风电,6,0,6
W4583,内蒙古,风电,6,0,6
W4584,江苏,风电,0,0,0
W4588,内蒙古,风电,0,0,0
W4590,内蒙古,风电,6,0,6
W4591,内蒙古,风电,6,0,6
W4593,内蒙古,风电,6,0,6
W4596,内蒙古,风电,6,1,5
W4597,江苏,风电,0,0,0
W4598,内蒙古,风电,6,0,6
W4599,江苏,风电,0,0,0
W46,福建,风电,0,0,0
W4601,江苏,风电,0,0,0
W4603,内蒙古,风电,6,3,3
W4606,内蒙古,风电,6,0,6
W4607,江苏,风电,0,0,0
W4609,内蒙古,风电,6,0,6
W4610,内蒙古,风电,6,0,6
W4611,内蒙古,风电,6,3,3
W4612,江苏,风电,0,0,0
W4616,内蒙古,风电,6,0,6
W4618,内蒙古,风电,6,0,6
W4619,内蒙古,风电,6,0,6
W4620,内蒙古,风电,6,0,6
W4621,江苏,风电,0,0,0
W4622,内蒙古,风电,6,0,6
W4624,内蒙古,风电,6,0,6
W4626,内蒙古,风电,6,0,6
W4629,内蒙古,风电,6,0,6
W4634,内蒙古,风电,6,0,6
W4636,内蒙古,风电,6,0,6
W4637,内蒙古,风电,6,0,6
W4642,内蒙古,风电,6,0,6
W4643,内蒙古,风电,6,0,6
W4647,内蒙古,风电,6,0,6
W4648,内蒙古,风电,2,2,0
W4649,内蒙古,风电,6,0,6
W465,广东,风电,0,0,0
W4650,内蒙古,风电,6,0,6
W4651,内蒙古,风电,6,0,6
W4652,江苏,风电,0,0,0
W4653,内蒙古,风电,6,0,6
W4656,内蒙古,风电,6,0,6
W4657,内蒙古,风电,6,0,6
W4659,内蒙古,风电,6,0,6
W4660,内蒙古,风电,6,0,6
W4663,江苏,风电,0,0,0
W4664,内蒙古,风电,6,0,6
W4665,内蒙古,风电,6,0,6
W4667,内蒙古,风电,6,0,6
W4671,江苏,风电,0,0,0
W4672,内蒙古,风电,6,0,6
W4675,江苏,风电,0,0,0
W4677,江苏,风电,0,0,0
W4678,江苏,风电,0,0,0
W4679,内蒙古,风电,6,0,6
W4680,内蒙古,风电,6,0,6
W4683,内蒙古,风电,6,0,6
W4686,江苏,风电,0,0,0
W4687,内蒙古,风电,6,0,6
W469,广东,风电,0,0,0
W4690,内蒙古,风电,6,1,5
W4692,内蒙古,风电,6,0,6
W4694,江苏,风电,0,0,0
W4696,江苏,风电,0,0,0
W470,广东,风电,0,0,0
W4700,内蒙古,风电,6,0,6
W4702,江苏,风电,0,0,0
W4704,内蒙古,风电,6,0,6
W4705,江苏,风电,0,0,0
W4707,内蒙古,风电,6,0,6
W4708,内蒙古,风电,6,0,6
W471,广东,风电,0,0,0
W4714,内蒙古,风电,6,0,6
W4715,内蒙古,风电,6,0,6
W4716,内蒙古,风电,0,0,0
W4718,内蒙古,风电,6,0,6
W472,广东,风电,0,0,0
W4721,内蒙古,风电,4,4,0
W4724,内蒙古,风电,6,0,6
W4725,内蒙古,风电,6,0,6
W4727,内蒙古,风电,2,2,0
W4728,江苏,风电,0,0,0
W4729,内蒙古,风电,6,0,6
W473,广东,风电,0,0,0
W4730,内蒙古,风电,2,2,0
W4733,江苏,风电,0,0,0
W4734,内蒙古,风电,6,0,6
W4735,内蒙古,风电,6,0,6
W4736,内蒙古,风电,6,3,3
W4737,内蒙古,风电,6,0,6
W4739,内蒙古,风电,6,0,6
W474,广东,风电,0,0,0
W4741,内蒙古,风电,6,0,6
W4743,江苏,风电,0,0,0
W4744,内蒙古,风电,6,0,6
W4746,内蒙古,风电,6,0,6
W4747,内蒙古,风电,6,0,6
W4748,江苏,风电,0,0,0
W4751,内蒙古,风电,6,0,6
W4752,内蒙古,风电,6,0,6
W4753,内蒙古,风电,6,3,3
W4754,内蒙古,风电,6,0,6
W4755,内蒙古,风电,6,0,6
W4756,江苏,风电,0,0,0
W4757,江苏,风电,0,0,0
W4759,江苏,风电,0,0,0
W4760,内蒙古,风电,6,1,5
W4765,内蒙古,风电,6,0,6
W4767,江苏,风电,0,0,0
W4770,内蒙古,风电,6,0,6
W4775,内蒙古,风电,6,0,6
W4780,江苏,风电,0,0,0
W4782,江苏,风电,0,0,0
W4783,内蒙古,风电,6,3,3
W4784,内蒙古,风电,6,0,6
W4787,江苏,风电,0,0,0
W4789,内蒙古,风电,6,0,6
W4791,内蒙古,风电,6,3,3
W4792,内蒙古,风电,6,0,6
W4794,内蒙古,风电,0,0,0
W4796,江苏,风电,0,0,0
W4797,内蒙古,风电,6,0,6
W4798,内蒙古,风电,6,0,6
W4799,内蒙古,风电,6,0,6
W4802,内蒙古,风电,6,0,6
W4805,内蒙古,风电,6,0,6
W4806,内蒙古,风电,6,0,6
W4807,内蒙古,风电,6,4,2
W4808,内蒙古,风电,6,3,3
W481,广东,风电,0,0,0
W4810,内蒙古,风电,6,0,6
W4811,内蒙古,风电,6,0,6
W4813,内蒙古,风电,6,0,6
W4814,内蒙古,风电,6,3,3
W4815,内蒙古,风电,6,3,3
W4817,内蒙古,风电,6,0,6
W4819,内蒙古,风电,6,0,6
W4821,内蒙古,风电,6,0,6
W4822,内蒙古,风电,6,0,6
W4827,内蒙古,风电,6,6,0
W4828,内蒙古,风电,6,0,6
W4829,内蒙古,风电,6,0,6
W483,广东,风电,0,0,0
W4831,内蒙古,风电,6,0,6
W4832,内蒙古,风电,6,3,3
W4833,内蒙古,风电,6,0,6
W4834,江苏,风电,0,0,0
W4835,内蒙古,风电,6,0,6
W4836,内蒙古,风电,6,0,6
W4837,内蒙古,风电,6,5,1
W4840,内蒙古,风电,6,0,6
W4841,内蒙古,风电,6,0,6
W4842,江苏,风电,0,0,0
W4846,内蒙古,风电,6,0,6
W4849,内蒙古,风电,6,0,6
W485,广东,风电,0,0,0
W4850,江苏,风电,0,0,0
W4851,内蒙古,风电,6,0,6
W4852,内蒙古,风电,6,3,3
W4853,内蒙古,风电,6,0,6
W4854,内蒙古,风电,6,0,6
W4855,内蒙古,风电,6,0,6
W4857,江苏,风电,0,0,0
W4858,内蒙古,风电,6,0,6
W486,广东,风电,0,0,0
W4860,内蒙古,风电,6,0,6
W4862,内蒙古,风电,6,0,6
W4865,江苏,风电,0,0,0
W4869,内蒙古,风电,6,0,6
W487,广东,风电,0,0,0
W4870,内蒙古,风电,6,0,6
W4871,内蒙古,风电,6,0,6
W4875,内蒙古,风电,6,2,4
W4878,内蒙古,风电,6,0,6
W488,广东,风电,0,0,0
W4882,内蒙古,风电,6,0,6
W4884,吉林,风电,6,0,6
W4888,内蒙古,风电,6,2,4
W489,广东,风电,0,0,0
W4890,内蒙古,风电,6,0,6
W4892,内蒙古,风电,6,0,6
W4893,内蒙古,风电,6,0,6
W4895,内蒙古,风电,6,0,6
W4899,内蒙古,风电,6,0,6
W49,福建,风电,0,0,0
W490,广东,风电,0,0,0
W4900,内蒙古,风电,6,0,6
W4901,内蒙古,风电,6,0,6
W4907,内蒙古,风电,6,0,6
W491,广东,风电,0,0,0
W4913,内蒙古,风电,6,0,6
W4914,内蒙古,风电,6,0,6
W4915,内蒙古,风电,6,0,6
W4916,内蒙古,风电,6,0,6
W4918,内蒙古,风电,6,0,6
W4919,山西,风电,3,3,0
W492,广东,风电,0,0,0
W4920,内蒙古,风电,6,0,6
W4921,内蒙古,风电,6,0,6
W4923,内蒙古,风电,6,0,6
W4924,内蒙古,风电,1,1,0
W4926,内蒙古,风电,6,0,6
W4928,内蒙古,风电,6,0,6
W493,广东,风电,0,0,0
W4930,内蒙古,风电,6,0,6
W4932,内蒙古,风电,6,0,6
W4934,内蒙古,风电,6,0,6
W4939,内蒙古,风电,6,0,6
W4944,内蒙古,风电,6,0,6
W4945,内蒙古,风电,6,0,6
W4946,内蒙古,风电,6,0,6
W4947,江苏,风电,0,0,0
W4949,内蒙古,风电,6,0,6
W4950,内蒙古,风电,6,0,6
W4952,江苏,风电,0,0,0
W4957,江苏,风电,0,0,0
W4958,内蒙古,风电,6,0,6
W496,广东,风电,0,0,0
W4964,内蒙古,风电,6,0,6
W4967,内蒙古,风电,6,0,6
W4968,内蒙古,风电,6,3,3
W4969,江苏,风电,0,0,0
W497,广东,风电,0,0,0
W4973,内蒙古,风电,6,0,6
W4974,内蒙古,风电,6,0,6
W4976,内蒙古,风电,6,0,6
W4979,内蒙古,风电,6,2,4
W4984,内蒙古,风电,6,4,2
W4988,内蒙古,风电,6,1,5
W4990,内蒙古,风电,6,0,6
W4991,内蒙古,风电,4,4,0
W4992,内蒙古,风电,6,0,6
W4993,内蒙古,风电,6,0,6
W4994,黑龙江,风电,0,0,0
W4997,内蒙古,风电,6,0,6
W4998,内蒙古,风电,6,0,6
W4999,内蒙古,风电,6,0,6
W5002,辽宁,风电,6,0,6
W5005,青海,风电,6,0,6
W5007,青海,风电,6,2,4
W5008,青海,风电,2,2,0
W5009,青海,风电,6,2,4
W5010,青海,风电,6,2,4
W5013,青海,风电,2,2,0
W5014,青海,风电,6,2,4
W5015,青海,风电,3,3,0
W5016,青海,风电,0,0,0
W5018,青海,风电,0,0,0
W5019,青海,风电,6,2,4
W5020,青海,风电,2,2,0
W5021,青海,风电,6,2,4
W5022,青海,风电,6,2,4
W5025,青海,风电,6,2,4
W5028,青海,风电,0,0,0
W5029,青海,风电,0,0,0
W503,甘肃,风电,6,6,0
W5030,青海,风电,0,0,0
W5031,青海,风电,0,0,0
W5032,青海,风电,0,0,0
W5033,青海,风电,0,0,0
W5034,青海,风电,0,0,0
W5035,青海,风电,6,6,0
W5037,青海,风电,0,0,0
W504,甘肃,风电,0,0,0
W5040,青海,风电,0,0,0
W5045,青海,风电,0,0,0
W5048,青海,风电,0,0,0
W5049,青海,风电,0,0,0
W505,甘肃,风电,3,3,0
W5050,青海,风电,0,0,0
W5053,青海,风电,0,0,0
W5055,青海,风电,1,1,0
W5056,青海,风电,2,2,0
W5057,青海,风电,1,1,0
W5058,青海,风电,1,1,0
W5059,青海,风电,0,0,0
W506,甘肃,风电,3,3,0
W5062,青海,风电,0,0,0
W5063,青海,风电,0,0,0
W5064,青海,风电,0,0,0
W5065,青海,风电,0,0,0
W5066,青海,风电,0,0,0
W5067,青海,风电,0,0,0
W507,甘肃,风电,4,4,0
W5073,陕西,风电,4,4,0
W5076,陕西,风电,3,3,0
W5084,陕西,风电,0,0,0
W5087,陕西,风电,0,0,0
W509,甘肃,风电,3,3,0
W51,甘肃,风电,0,0,0
W5103,吉林,风电,6,0,6
W5104,辽宁,风电,6,0,6
W5106,宁夏,风电,3,3,0
W5108,宁夏,风电,1,1,0
W5110,辽宁,风电,6,0,6
W5112,辽宁,风电,6,4,2
W5113,宁夏,风电,0,0,0
W5117,宁夏,风电,3,3,0
W5118,辽宁,风电,6,0,6
W512,甘肃,风电,0,0,0
W5121,辽宁,风电,6,0,6
W5123,宁夏,风电,3,3,0
W5125,江西,风电,0,0,0
W513,甘肃,风电,0,0,0
W5132,辽宁,风电,6,0,6
W5134,宁夏,风电,0,0,0
W5137,宁夏,风电,3,3,0
W5138,辽宁,风电,6,0,6
W514,甘肃,风电,0,0,0
W5142,吉林,风电,6,0,6
W5146,宁夏,风电,3,3,0
W515,甘肃,风电,4,4,0
W5151,辽宁,风电,6,0,6
W5155,宁夏,风电,3,3,0
W5157,宁夏,风电,0,0,0
W5158,江西,风电,0,0,0
W516,甘肃,风电,0,0,0
W5162,江西,风电,0,0,0
W5163,宁夏,风电,0,0,0
W5165,辽宁,风电,6,0,6
W5166,辽宁,风电,6,0,6
W5167,辽宁,风电,6,0,6
W5168,辽宁,风电,6,0,6
W5169,辽宁,风电,6,0,6
W5170,辽宁,风电,6,0,6
W5171,辽宁,风电,6,0,6
W5173,辽宁,风电,6,0,6
W5174,辽宁,风电,6,0,6
W5176,辽宁,风电,6,0,6
W5177,辽宁,风电,6,0,6
W5178,辽宁,风电,6,0,6
W5179,辽宁,风电,6,0,6
W518,甘肃,风电,4,4,0
W5180,辽宁,风电,6,0,6
W5181,辽宁,风电,6,0,6
W5189,辽宁,风电,6,0,6
W519,甘肃,风电,0,0,0
W5190,辽宁,风电,1,1,0
W5191,辽宁,风电,6,1,5
W5192,辽宁,风电,6,3,3
W5193,辽宁,风电,6,0,6
W5194,辽宁,风电,6,0,6
W5195,辽宁,风电,6,0,6
W5196,辽宁,风电,6,0,6
W5197,辽宁,风电,6,0,6
W5198,辽宁,风电,6,0,6
W5201,辽宁,风电,6,0,6
W5203,辽宁,风电,6,0,6
W5205,辽宁,风电,6,0,6
W5209,辽宁,风电,6,0,6
W5213,辽宁,风电,6,0,6
W5214,辽宁,风电,6,0,6
W5215,辽宁,风电,6,0,6
W5216,辽宁,风电,6,0,6
W5219,辽宁,风电,6,0,6
W5220,辽宁,风电,6,0,6
W5221,辽宁,风电,6,0,6
W5222,辽宁,风电,6,0,6
W5223,辽宁,风电,6,0,6
W5224,辽宁,风电,6,0,6
W5226,辽宁,风电,6,0,6
W5227,辽宁,风电,6,0,6
W5228,辽宁,风电,6,0,6
W5229,辽宁,风电,6,0,6
W5230,辽宁,风电,6,0,6
W5233,辽宁,风电,6,0,6
W5234,辽宁,风电,6,0,6
W5240,辽宁,风电,6,0,6
W5243,辽宁,风电,4,4,0
W5244,辽宁,风电,2,2,0
W5247,辽宁,风电,6,0,6
W5248,辽宁,风电,6,0,6
W5249,辽宁,风电,6,0,6
W5250,辽宁,风电,6,0,6
W5251,辽宁,风电,6,1,5
W5254,辽宁,风电,6,0,6
W5256,辽宁,风电,6,0,6
W5259,辽宁,风电,6,0,6
W5260,宁夏,风电,3,3,0
W5266,辽宁,风电,6,0,6
W5268,江西,风电,0,0,0
W5270,辽宁,风电,6,0,6
W5271,宁夏,风电,0,0,0
W5272,宁夏,风电,0,0,0
W5273,辽宁,风电,6,0,6
W5274,江西,风电,0,0,0
W5275,宁夏,风电,3,3,0
W5276,宁夏,风电,3,3,0
W5280,宁夏,风电,0,0,0
W5281,辽宁,风电,6,0,6
W5283,宁夏,风电,3,3,0
W5286,辽宁,风电,6,0,6
W5287,吉林,风电,6,0,6
W5288,宁夏,风电,0,0,0
W5289,宁夏,风电,3,3,0
W5290,内蒙古,风电,6,0,6
W5292,江西,风电,0,0,0
W5293,江西,风电,0,0,0
W5294,宁夏,风电,0,0,0
W5295,辽宁,风电,6,0,6
W5297,宁夏,风电,0,0,0
W5298,辽宁,风电,6,0,6
W5299,吉林,风电,6,0,6
W530,甘肃,风电,0,0,0
W5301,江西,风电,0,0,0
W5302,江西,风电,0,0,0
W5303,辽宁,风电,6,0,6
W5305,辽宁,风电,6,6,0
W5306,江西,风电,0,0,0
W5307,吉林,风电,6,0,6
W5309,宁夏,风电,0,0,0
W531,甘肃,风电,0,0,0
W5312,宁夏,风电,3,3,0
W5313,宁夏,风电,0,0,0
W5314,江西,风电,0,0,0
W5315,吉林,风电,6,0,6
W5316,江西,风电,0,0,0
W5319,宁夏,风电,3,3,0
W532,甘肃,风电,0,0,0
W5321,宁夏,风电,0,0,0
W5323,吉林,风电,6,0,6
W5325,宁夏,风电,0,0,0
W5329,宁夏,风电,3,3,0
W533,甘肃,风电,0,0,0
W5330,吉林,风电,6,0,6
W5332,宁夏,风电,0,0,0
W5336,宁夏,风电,0,0,0
W5337,吉林,风电,6,0,6
W5339,吉林,风电,6,0,6
W534,甘肃,风电,0,0,0
W5341,吉林,风电,6,0,6
W5342,辽宁,风电,6,1,5
W5344,江西,风电,0,0,0
W5345,宁夏,风电,0,0,0
W5346,吉林,风电,6,0,6
W5348,宁夏,风电,0,0,0
W535,甘肃,风电,0,0,0
W5353,宁夏,风电,0,0,0
W5354,吉林,风电,6,0,6
W5356,宁夏,风电,0,0,0
W536,甘肃,风电,0,0,0
W5364,辽宁,风电,6,0,6
W5365,辽宁,风电,6,0,6
W5366,辽宁,风电,6,0,6
W5368,辽宁,风电,6,0,6
W5369,辽宁,风电,6,0,6
W537,甘肃,风电,0,0,0
W5371,辽宁,风电,6,0,6
W5372,辽宁,风电,6,0,6
W5373,辽宁,风电,6,0,6
W5374,辽宁,风电,6,0,6
W5375,辽宁,风电,6,0,6
W5376,辽宁,风电,6,0,6
W5377,辽宁,风电,6,0,6
W5378,辽宁,风电,6,0,6
W5379,辽宁,风电,6,0,6
W538,甘肃,风电,0,0,0
W5380,辽宁,风电,6,0,6
W5381,辽宁,风电,6,0,6
W5382,辽宁,风电,6,0,6
W5383,辽宁,风电,6,0,6
W5385,辽宁,风电,6,0,6
W5386,辽宁,风电,6,0,6
W5387,辽宁,风电,6,0,6
W5388,辽宁,风电,6,0,6
W5390,辽宁,风电,6,0,6
W5391,辽宁,风电,6,0,6
W5392,辽宁,风电,6,0,6
W5393,辽宁,风电,6,0,6
W5395,辽宁,风电,6,0,6
W5396,辽宁,风电,6,0,6
W5397,辽宁,风电,6,0,6
W54,安徽,风电,0,0,0
W540,甘肃,风电,0,0,0
W5402,辽宁,风电,6,0,6
W5403,辽宁,风电,6,0,6
W5404,辽宁,风电,6,0,6
W5405,辽宁,风电,6,0,6
W5406,辽宁,风电,6,0,6
W5408,辽宁,风电,6,0,6
W5410,辽宁,风电,6,0,6
W5411,辽宁,风电,6,0,6
W5412,辽宁,风电,6,0,6
W5415,辽宁,风电,6,0,6
W5416,辽宁,风电,6,0,6
W5417,辽宁,风电,6,0,6
W5418,辽宁,风电,6,0,6
W5419,辽宁,风电,6,0,6
W542,甘肃,风电,0,0,0
W5420,辽宁,风电,6,0,6
W5421,辽宁,风电,6,0,6
W5423,辽宁,风电,5,5,0
W5424,辽宁,风电,0,0,0
W5425,辽宁,风电,6,1,5
W5428,辽宁,风电,6,2,4
W5429,辽宁,风电,6,0,6
W543,甘肃,风电,0,0,0
W5430,辽宁,风电,6,0,6
W5431,辽宁,风电,6,0,6
W5432,辽宁,风电,6,0,6
W5436,辽宁,风电,6,0,6
W5438,辽宁,风电,6,0,6
W544,甘肃,风电,0,0,0
W5440,江西,风电,0,0,0
W5441,宁夏,风电,0,0,0
W5442,吉林,风电,6,0,6
W5445,宁夏,风电,0,0,0
W5446,宁夏,风电,0,0,0
W5447,宁夏,风电,0,0,0
W5449,吉林,风电,6,1,5
W545,甘肃,风电,0,0,0
W5450,江西,风电,0,0,0
W5451,江西,风电,0,0,0
W5452,宁夏,风电,0,0,0
W5453,吉林,风电,6,0,6
W5454,宁夏,风电,0,0,0
W5455,江西,风电,0,0,0
W5456,吉林,风电,6,1,5
W5457,宁夏,风电,0,0,0
W5461,宁夏,风电,0,0,0
W5462,宁夏,风电,0,0,0
W5464,吉林,风电,6,0,6
W5466,宁夏,风电,0,0,0
W5467,宁夏,风电,0,0,0
W5468,江西,风电,0,0,0
W547,甘肃,风电,0,0,0
W5470,吉林,风电,6,0,6
W5472,宁夏,风电,0,0,0
W5473,吉林,风电,6,0,6
W5479,宁夏,风电,0,0,0
W5480,宁夏,风电,0,0,0
W5481,吉林,风电,6,0,6
W5482,宁夏,风电,0,0,0
W5483,吉林,风电,6,0,6
W5484,宁夏,风电,0,0,0
W5486,江西,风电,0,0,0
W5488,宁夏,风电,0,0,0
W5489,吉林,风电,6,0,6
W5490,宁夏,风电,0,0,0
W5491,宁夏,风电,0,0,0
W5493,吉林,风电,6,0,6
W5494,宁夏,风电,0,0,0
W5495,吉林,风电,6,0,6
W5497,宁夏,风电,0,0,0
W550,甘肃,风电,0,0,0
W5500,宁夏,风电,0,0,0
W5501,山东,风电,6,1,5
W5502,吉林,风电,6,0,6
W5503,吉林,风电,6,0,6
W5506,宁夏,风电,0,0,0
W5507,吉林,风电,6,0,6
W551,甘肃,风电,0,0,0
W5510,吉林,风电,6,0,6
W5511,江西,风电,0,0,0
W5512,宁夏,风电,0,0,0
W5513,江西,风电,0,0,0
W5514,吉林,风电,6,0,6
W5515,吉林,风电,6,0,6
W5517,吉林,风电,6,0,6
W5519,宁夏,风电,3,3,0
W552,甘肃,风电,0,0,0
W5521,宁夏,风电,0,0,0
W5522,吉林,风电,6,0,6
W5523,宁夏,风电,0,0,0
W5524,宁夏,风电,0,0,0
W5525,吉林,风电,6,0,6
W5526,江西,风电,0,0,0
W553,甘肃,风电,0,0,0
W5532,吉林,风电,6,0,6
W5533,宁夏,风电,0,0,0
W5535,宁夏,风电,0,0,0
W5538,吉林,风电,6,0,6
W5539,宁夏,风电,0,0,0
W5540,吉林,风电,6,0,6
W5542,宁夏,风电,0,0,0
W5543,吉林,风电,6,0,6
W5545,江西,风电,0,0,0
W5548,宁夏,风电,0,0,0
W5549,宁夏,风电,0,0,0
W5552,吉林,风电,6,1,5
W5553,江西,风电,0,0,0
W5554,吉林,风电,6,0,6
W5556,宁夏,风电,0,0,0
W5559,江西,风电,0,0,0
W5564,吉林,风电,6,0,6
W557,甘肃,风电,0,0,0
W5576,江西,风电,0,0,0
W5577,宁夏,风电,0,0,0
W5579,宁夏,风电,0,0,0
W5584,吉林,风电,6,0,6
W5585,江西,风电,0,0,0
W5586,吉林,风电,6,0,6
W5588,宁夏,风电,0,0,0
W5589,辽宁,风电,6,0,6
W5590,宁夏,风电,0,0,0
W5591,吉林,风电,6,0,6
W5592,吉林,风电,6,0,6
W5593,江西,风电,0,0,0
W5595,辽宁,风电,6,0,6
W5597,宁夏,风电,0,0,0
W5598,宁夏,风电,0,0,0
W56,甘肃,风电,0,0,0
W5600,宁夏,风电,0,0,0
W5601,江西,风电,0,0,0
W5602,吉林,风电,6,0,6
W5603,宁夏,风电,0,0,0
W5605,吉林,风电,6,0,6
W5606,宁夏,风电,0,0,0
W5607,辽宁,风电,6,0,6
W5608,吉林,风电,6,0,6
W5609,宁夏,风电,0,0,0
W5610,江西,风电,0,0,0
W5613,辽宁,风电,6,0,6
W5614,宁夏,风电,0,0,0
W5615,宁夏,风电,0,0,0
W5616,吉林,风电,6,0,6
W5618,吉林,风电,6,0,6
W5619,吉林,风电,6,0,6
W5622,宁夏,风电,3,3,0
W5623,宁夏,风电,0,0,0
W5625,吉林,风电,6,0,6
W5628,辽宁,风电,6,0,6
W5629,江西,风电,0,0,0
W5630,宁夏,风电,0,0,0
W5631,吉林,风电,6,0,6
W5634,宁夏,风电,0,0,0
W5636,宁夏,风电,0,0,0
W5637,宁夏,风电,0,0,0
W5638,江西,风电,0,0,0
W5639,吉林,风电,6,0,6
W5641,辽宁,风电,6,0,6
W5642,宁夏,风电,0,0,0
W5643,吉林,风电,6,0,6
W5644,宁夏,风电,0,0,0
W5646,吉林,风电,6,0,6
W5647,辽宁,风电,6,0,6
W5648,宁夏,风电,0,0,0
W5649,吉林,风电,6,0,6
W565,甘肃,风电,0,0,0
W5650,辽宁,风电,6,0,6
W5651,宁夏,风电,0,0,0
W5653,吉林,风电,6,0,6
W5654,宁夏,风电,0,0,0
W5656,吉林,风电,6,0,6
W5658,宁夏,风电,0,0,0
W5659,辽宁,风电,6,0,6
W566,甘肃,风电,0,0,0
W5661,宁夏,风电,0,0,0
W5662,宁夏,风电,1,1,0
W5664,宁夏,风电,0,0,0
W5665,吉林,风电,6,0,6
W5666,吉林,风电,6,0,6
W5667,宁夏,风电,0,0,0
W5668,宁夏,风电,0,0,0
W5670,辽宁,风电,6,0,6
W5672,吉林,风电,6,0,6
W5673,吉林,风电,6,0,6
W5674,宁夏,风电,0,0,0
W5675,宁夏,风电,0,0,0
W5676,宁夏,风电,0,0,0
W5677,江西,风电,0,0,0
W5678,宁夏,风电,0,0,0
W5679,吉林,风电,6,0,6
W5680,吉林,风电,6,0,6
W5681,宁夏,风电,0,0,0
W5683,辽宁,风电,6,0,6
W5684,宁夏,风电,0,0,0
W5685,吉林,风电,6,0,6
W5686,吉林,风电,6,0,6
W5688,宁夏,风电,0,0,0
W5689,辽宁,风电,6,0,6
W569,甘肃,风电,0,0,0
W5690,宁夏,风电,0,0,0
W5691,辽宁,风电,6,0,6
W5692,宁夏,风电,0,0,0
W5695,江西,风电,0,0,0
W5696,宁夏,风电,0,0,0
W5697,辽宁,风电,6,0,6
W5698,宁夏,风电,0,0,0
W5699,宁夏,风电,0,0,0
W57,甘肃,风电,0,0,0
W570,甘肃,风电,0,0,0
W5700,宁夏,风电,3,3,0
W5701,宁夏,风电,0,0,0
W5702,辽宁,风电,6,0,6
W5703,吉林,风电,6,0,6
W5707,江西,风电,0,0,0
W5708,吉林,风电,6,0,6
W5709,宁夏,风电,3,3,0
W5710,吉林,风电,6,0,6
W5711,宁夏,风电,0,0,0
W5712,辽宁,风电,6,0,6
W5716,宁夏,风电,0,0,0
W5717,宁夏,风电,0,0,0
W5718,辽宁,风电,6,0,6
W5722,吉林,风电,6,0,6
W5723,辽宁,风电,6,0,6
W5724,宁夏,风电,0,0,0
W5729,辽宁,风电,6,0,6
W5730,吉林,风电,6,0,6
W5731,宁夏,风电,0,0,0
W5736,宁夏,风电,0,0,0
W5737,吉林,风电,6,0,6
W5740,吉林,风电,6,0,6
W5742,宁夏,风电,0,0,0
W5743,吉林,风电,6,0,6
W5744,辽宁,风电,6,0,6
W5746,吉林,风电,6,0,6
W5748,宁夏,风电,3,3,0
W5749,宁夏,风电,0,0,0
W5751,吉林,风电,6,0,6
W5752,吉林,风电,6,0,6
W5753,江西,风电,0,0,0
W5754,青海,风电,6,2,4
W5756,宁夏,风电,0,0,0
W5757,辽宁,风电,6,0,6
W5758,吉林,风电,6,0,6
W5759,江西,风电,0,0,0
W5761,吉林,风电,6,0,6
W5762,吉林,风电,6,0,6
W5765,宁夏,风电,0,0,0
W5767,宁夏,风电,0,0,0
W5768,吉林,风电,6,0,6
W5769,吉林,风电,6,0,6
W5771,宁夏,风电,0,0,0
W5773,宁夏,风电,0,0,0
W5774,吉林,风电,6,0,6
W5775,吉林,风电,6,0,6
W5776,吉林,风电,6,0,6
W5778,青海,风电,0,0,0
W5779,宁夏,风电,0,0,0
W578,甘肃,风电,0,0,0
W5780,辽宁,风电,6,0,6
W5783,吉林,风电,6,0,6
W5786,宁夏,风电,0,0,0
W5788,江西,风电,0,0,0
W5789,吉林,风电,6,0,6
W5791,辽宁,风电,6,0,6
W5792,吉林,风电,6,0,6
W5794,宁夏,风电,0,0,0
W5797,吉林,风电,6,0,6
W5798,青海,风电,0,0,0
W5799,宁夏,风电,0,0,0
W5801,青海,风电,0,0,0
W5802,辽宁,风电,6,0,6
W5803,吉林,风电,6,0,6
W5804,宁夏,风电,0,0,0
W5806,宁夏,风电,0,0,0
W5807,辽宁,风电,6,0,6
W5808,宁夏,风电,0,0,0
W5809,宁夏,风电,0,0,0
W5810,辽宁,风电,6,0,6
W5811,吉林,风电,6,0,6
W5813,江西,风电,0,0,0
W5817,宁夏,风电,0,0,0
W5818,吉林,风电,6,0,6
W5819,吉林,风电,6,0,6
W5821,宁夏,风电,0,0,0
W5822,宁夏,风电,0,0,0
W5823,辽宁,风电,6,0,6
W5824,吉林,风电,6,6,0
W5825,吉林,风电,6,0,6
W5828,宁夏,风电,0,0,0
W5829,辽宁,风电,6,0,6
W583,甘肃,风电,6,6,0
W5833,吉林,风电,6,0,6
W5834,吉林,风电,6,0,6
W5835,江西,风电,0,0,0
W5837,宁夏,风电,2,2,0
W5838,宁夏,风电,0,0,0
W5839,青海,风电,2,2,0
W584,甘肃,风电,6,6,0
W5840,宁夏,风电,2,2,0
W5841,吉林,风电,6,0,6
W5842,辽宁,风电,6,0,6
W5844,江西,风电,0,0,0
W5845,吉林,风电,6,0,6
W5848,吉林,风电,6,0,6
W5849,宁夏,风电,2,2,0
W585,甘肃,风电,5,5,0
W5850,辽宁,风电,6,0,6
W5851,青海,风电,2,2,0
W5852,辽宁,风电,6,0,6
W5853,宁夏,风电,0,0,0
W5855,吉林,风电,6,0,6
W5856,青海,风电,2,2,0
W5857,江西,风电,0,0,0
W5858,辽宁,风电,6,0,6
W5859,宁夏,风电,0,0,0
W586,甘肃,风电,4,4,0
W5864,宁夏,风电,0,0,0
W5865,青海,风电,0,0,0
W5866,宁夏,风电,3,3,0
W5868,宁夏,风电,0,0,0
W587,甘肃,风电,0,0,0
W5870,江西,风电,0,0,0
W5873,宁夏,风电,0,0,0
W5875,江西,风电,0,0,0
W5876,青海,风电,0,0,0
W5878,宁夏,风电,0,0,0
W588,甘肃,风电,0,0,0
W5880,宁夏,风电,0,0,0
W5881,吉林,风电,6,0,6
W5882,江西,风电,0,0,0
W5883,青海,风电,0,0,0
W5886,吉林,风电,6,0,6
W5888,青海,风电,3,3,0
W5889,江西,风电,0,0,0
W589,甘肃,风电,0,0,0
W5891,宁夏,风电,3,3,0
W5893,吉林,风电,6,0,6
W5894,青海,风电,0,0,0
W5895,宁夏,风电,0,0,0
W5896,吉林,风电,6,0,6
W5897,青海,风电,0,0,0
W5898,江西,风电,0,0,0
W59,甘肃,风电,0,0,0
W590,甘肃,风电,3,3,0
W5902,宁夏,风电,0,0,0
W5903,宁夏,风电,0,0,0
W5904,青海,风电,0,0,0
W5906,辽宁,风电,6,0,6
W5907,宁夏,风电,0,0,0
W5908,吉林,风电,6,0,6
W5909,青海,风电,0,0,0
W591,甘肃,风电,0,0,0
W5910,宁夏,风电,0,0,0
W5911,吉林,风电,6,0,6
W5915,青海,风电,0,0,0
W5916,江西,风电,0,0,0
W5917,宁夏,风电,0,0,0
W5918,吉林,风电,6,0,6
W5920,辽宁,风电,6,0,6
W5921,宁夏,风电,0,0,0
W5922,吉林,风电,6,0,6
W5924,辽宁,风电,6,0,6
W5925,青海,风电,0,0,0
W5928,吉林,风电,6,0,6
W5929,江西,风电,0,0,0
W5930,辽宁,风电,6,0,6
W5931,辽宁,风电,6,0,6
W5932,宁夏,风电,0,0,0
W5935,江西,风电,0,0,0
W5936,青海,风电,0,0,0
W594,甘肃,风电,0,0,0
W5940,青海,风电,2,2,0
W5941,吉林,风电,6,0,6
W5947,青海,风电,0,0,0
W5948,吉林,风电,0,0,0
W5949,青海,风电,0,0,0
W595,甘肃,风电,0,0,0
W5953,吉林,风电,6,0,6
W5956,青海,风电,0,0,0
W5957,辽宁,风电,0,0,0
W5958,江西,风电,0,0,0
W5960,宁夏,风电,0,0,0
W5961,宁夏,风电,0,0,0
W5962,辽宁,风电,6,0,6
W5963,江西,风电,0,0,0
W5964,青海,风电,0,0,0
W5966,宁夏,风电,2,2,0
W5967,辽宁,风电,6,6,0
W5968,江西,风电,0,0,0
W5969,青海,风电,0,0,0
W597,甘肃,风电,0,0,0
W5970,吉林,风电,6,0,6
W5973,辽宁,风电,6,0,6
W5974,宁夏,风电,3,3,0
W5975,青海,风电,1,1,0
W5979,辽宁,风电,6,0,6
W598,甘肃,风电,0,0,0
W5981,青海,风电,0,0,0
W5983,青海,风电,0,0,0
W5984,吉林,风电,6,0,6
W5986,江西,风电,0,0,0
W5988,青海,风电,0,0,0
W5989,青海,风电,0,0,0
W599,甘肃,风电,0,0,0
W5992,江西,风电,0,0,0
W5993,江西,风电,0,0,0
W5994,吉林,风电,6,0,6
W5996,吉林,风电,6,0,6
W5997,青海,风电,0,0,0
W5998,吉林,风电,6,0,6
W5999,吉林,风电,6,0,6
W6,安徽,风电,0,0,0
W60,甘肃,风电,0,0,0
W6000,吉林,风电,6,0,6
W6002,山东,风电,3,3,0
W6004,山东,风电,0,0,0
W6005,山东,风电,0,0,0
W6008,山东,风电,4,4,0
W6010,陕西,风电,5,5,0
W6015,山东,风电,1,1,0
W6016,山东,风电,0,0,0
W6017,山东,风电,4,4,0
W6020,山东,风电,3,3,0
W6021,山东,风电,0,0,0
W6023,山东,风电,1,1,0
W603,甘肃,风电,0,0,0
W6032,山东,风电,2,2,0
W6034,山西,风电,0,0,0
W6036,山西,风电,1,1,0
W6039,山东,风电,5,5,0
W6040,山东,风电,5,5,0
W6041,山东,风电,3,3,0
W6045,山东,风电,1,1,0
W6048,山东,风电,3,3,0
W6049,山东,风电,4,4,0
W6050,山东,风电,3,3,0
W6056,山东,风电,4,4,0
W6057,山东,风电,0,0,0
W6058,山东,风电,0,0,0
W606,广东,风电,0,0,0
W6065,山东,风电,2,2,0
W6067,山东,风电,2,2,0
W6068,山东,风电,2,2,0
W6069,山东,风电,5,5,0
W607,广东,风电,0,0,0
W6070,山东,风电,5,5,0
W6072,山东,风电,3,3,0
W6076,山东,风电,0,0,0
W6077,山东,风电,0,0,0
W6079,山东,风电,0,0,0
W6081,山东,风电,0,0,0
W6083,山东,风电,0,0,0
W6088,山东,风电,0,0,0
W6089,山东,风电,1,1,0
W6090,山东,风电,3,3,0
W6091,山东,风电,3,3,0
W6092,山东,风电,3,3,0
W6093,山东,风电,4,4,0
W6094,山东,风电,5,5,0
W6095,山东,风电,4,4,0
W6096,山东,风电,4,4,0
W6097,山东,风电,4,4,0
W6098,山东,风电,5,5,0
W6099,山东,风电,5,5,0
W61,甘肃,风电,0,0,0
W610,广东,风电,0,0,0
W6100,山东,风电,5,5,0
W6101,山东,风电,5,5,0
W6102,山东,风电,5,5,0
W6103,山东,风电,5,5,0
W6104,山东,风电,4,4,0
W6105,山东,风电,5,5,0
W6106,山东,风电,5,5,0
W6107,山东,风电,5,5,0
W6108,山东,风电,5,5,0
W6109,山东,风电,0,0,0
W6111,山东,风电,0,0,0
W6112,山东,风电,2,2,0
W6113,山东,风电,0,0,0
W6115,山西,风电,1,1,0
W6116,山东,风电,1,1,0
W6117,山西,风电,2,2,0
W6119,山东,风电,2,2,0
W612,甘肃,风电,0,0,0
W6120,山东,风电,0,0,0
W6121,上海,风电,0,0,0
W6126,山东,风电,3,3,0
W6127,山东,风电,0,0,0
W6129,山西,风电,1,1,0
W6130,上海,风电,0,0,0
W6131,山东,风电,3,3,0
W6132,山东,风电,1,1,0
W6133,山西,风电,2,2,0
W6135,山东,风电,2,2,0
W6136,陕西,风电,5,5,0
W6138,山西,风电,0,0,0
W6140,上海,风电,0,0,0
W6141,山东,风电,3,3,0
W6142,陕西,风电,0,0,0
W6143,山东,风电,0,0,0
W6144,陕西,风电,4,4,0
W6149,上海,风电,0,0,0
W6150,山东,风电,4,4,0
W6151,上海,风电,0,0,0
W6159,山西,风电,2,2,0
W6160,山东,风电,1,1,0
W6161,上海,风电,0,0,0
W6162,山东,风电,2,2,0
W6163,山东,风电,1,1,0
W6164,陕西,风电,5,5,0
W6166,山西,风电,0,0,0
W6168,陕西,风电,3,3,0
W6169,山东,风电,0,0,0
W617,甘肃,风电,2,2,0
W6170,上海,风电,0,0,0
W6172,山东,风电,1,1,0
W6173,陕西,风电,3,3,0
W6175,山西,风电,2,2,0
W6177,山东,风电,0,0,0
W6180,山西,风电,0,0,0
W6181,山西,风电,2,2,0
W6190,山西,风电,2,2,0
W6193,山东,风电,2,2,0
W6196,山西,风电,0,0,0
W6199,山东,风电,1,1,0
W620,甘肃,风电,1,1,0
W6200,山东,风电,0,0,0
W6201,陕西,风电,0,0,0
W6205,山东,风电,0,0,0
W6206,山东,风电,3,3,0
W6208,陕西,风电,0,0,0
W621,广东,风电,0,0,0
W6211,山西,风电,0,0,0
W6213,山西,风电,0,0,0
W6215,山东,风电,4,4,0
W6216,陕西,风电,1,1,0
W6219,山东,风电,1,1,0
W6220,山西,风电,0,0,0
W6224,山东,风电,1,1,0
W6226,山东,风电,2,2,0
W6227,山东,风电,1,1,0
W6230,山西,风电,0,0,0
W6232,陕西,风电,0,0,0
W6233,山西,风电,0,0,0
W6236,山东,风电,6,6,0
W6239,山东,风电,0,0,0
W6241,山西,风电,0,0,0
W6242,山西,风电,2,2,0
W6246,山东,风电,0,0,0
W6247,陕西,风电,0,0,0
W6251,山西,风电,1,1,0
W6252,山西,风电,0,0,0
W6253,山西,风电,0,0,0
W6256,山西,风电,0,0,0
W6257,山西,风电,0,0,0
W6258,山西,风电,1,1,0
W6260,陕西,风电,1,1,0
W6261,山西,风电,0,0,0
W6265,山西,风电,0,0,0
W6268,山西,风电,6,3,3
W6270,山西,风电,6,3,3
W6271,山西,风电,6,3,3
W6276,山西,风电,3,3,0
W6277,山西,风电,0,0,0
W6278,山西,风电,2,2,0
W6280,山西,风电,0,0,0
W6282,山西,风电,0,0,0
W6284,山西,风电,0,0,0
W6285,山西,风电,0,0,0
W6287,山西,风电,0,0,0
W6288,山西,风电,0,0,0
W6289,山西,风电,0,0,0
W629,甘肃,风电,6,0,6
W6290,山西,风电,3,3,0
W6291,山西,风电,3,3,0
W6292,山西,风电,0,0,0
W6293,山西,风电,0,0,0
W6295,山西,风电,0,0,0
W6296,山西,风电,0,0,0
W6299,山西,风电,0,0,0
W6300,山西,风电,0,0,0
W6301,山西,风电,0,0,0
W6307,山西,风电,3,3,0
W6308,山西,风电,3,3,0
W6310,山西,风电,1,1,0
W6311,山西,风电,0,0,0
W6313,山西,风电,3,1,2
W6314,山西,风电,3,1,2
W6323,山西,风电,0,0,0
W6325,山西,风电,0,0,0
W6327,山西,风电,1,1,0
W6337,陕西,风电,0,0,0
W6338,山东,风电,5,5,0
W6339,山东,风电,6,1,5
W6340,陕西,风电,5,5,0
W6345,山东,风电,5,5,0
W6346,陕西,风电,4,4,0
W6350,山东,风电,2,2,0
W6352,山东,风电,6,6,0
W6355,山东,风电,0,0,0
W6357,陕西,风电,3,3,0
W6360,山东,风电,6,6,0
W6362,山东,风电,0,0,0
W6363,陕西,风电,5,5,0
W6364,山东,风电,1,1,0
W6368,山东,风电,2,2,0
W6375,山东,风电,6,3,3
W6378,陕西,风电,3,3,0
W6381,陕西,风电,1,1,0
W6384,山东,风电,6,4,2
W6385,上海,风电,0,0,0
W6386,山东,风电,6,5,1
W6387,山东,风电,0,0,0
W6388,陕西,风电,0,0,0
W6389,陕西,风电,4,4,0
W639,福建,风电,0,0,0
W6390,陕西,风电,0,0,0
W6391,山东,风电,4,4,0
W6392,上海,风电,0,0,0
W6393,陕西,风电,3,3,0
W6394,山东,风电,4,4,0
W6396,山西,风电,0,0,0
W6398,陕西,风电,4,4,0
W640,甘肃,风电,2,2,0
W6400,陕西,风电,3,3,0
W6401,上海,风电,0,0,0
W6402,山东,风电,2,2,0
W6403,山东,风电,4,4,0
W6408,陕西,风电,5,5,0
W6409,山西,风电,0,0,0
W641,福建,风电,0,0,0
W6410,山东,风电,0,0,0
W6413,山西,风电,2,2,0
W6414,陕西,风电,3,3,0
W6415,山西,风电,0,0,0
W6416,山东,风电,0,0,0
W6417,山东,风电,4,4,0
W6420,陕西,风电,5,5,0
W6422,陕西,风电,5,5,0
W6423,陕西,风电,1,1,0
W6424,山东,风电,4,4,0
W6425,山西,风电,2,2,0
W6427,山东,风电,3,3,0
W6429,山西,风电,0,0,0
W6431,陕西,风电,5,5,0
W6432,陕西,风电,1,1,0
W6435,山东,风电,5,5,0
W6437,山西,风电,0,0,0
W6438,陕西,风电,3,3,0
W6439,陕西,风电,3,3,0
W644,福建,风电,0,0,0
W6440,山东,风电,0,0,0
W6441,山西,风电,1,1,0
W6442,山东,风电,1,1,0
W6444,陕西,风电,0,0,0
W6447,陕西,风电,3,3,0
W645,甘肃,风电,0,0,0
W6450,山西,风电,6,3,3
W6451,山东,风电,0,0,0
W6452,山西,风电,3,3,0
W6453,山东,风电,4,4,0
W6454,山东,风电,3,3,0
W6457,山东,风电,3,3,0
W646,福建,风电,0,0,0
W6460,山东,风电,1,1,0
W6461,陕西,风电,0,0,0
W6462,陕西,风电,0,0,0
W6464,山西,风电,2,2,0
W6465,陕西,风电,5,5,0
W6469,山东,风电,4,4,0
W6470,陕西,风电,0,0,0
W6472,陕西,风电,4,4,0
W6473,山西,风电,1,1,0
W6474,山东,风电,0,0,0
W6477,山东,风电,0,0,0
W6478,陕西,风电,0,0,0
W648,福建,风电,0,0,0
W6481,山东,风电,0,0,0
W6483,山东,风电,3,3,0
W6485,陕西,风电,0,0,0
W6486,山东,风电,1,1,0
W6490,陕西,风电,5,5,0
W6492,陕西,风电,0,0,0
W6493,山东,风电,1,1,0
W6494,山东,风电,0,0,0
W6495,山东,风电,0,0,0
W6497,陕西,风电,3,3,0
W650,甘肃,风电,0,0,0
W6500,陕西,风电,0,0,0
W6502,山东,风电,2,2,0
W6510,山东,风电,3,3,0
W6511,山东,风电,2,2,0
W6516,陕西,风电,1,1,0
W6517,山东,风电,0,0,0
W6519,山东,风电,4,4,0
W652,福建,风电,0,0,0
W6520,山东,风电,0,0,0
W6521,山东,风电,1,1,0
W6522,陕西,风电,5,5,0
W6524,陕西,风电,5,5,0
W6528,山东,风电,4,4,0
W6529,山东,风电,0,0,0
W6530,山西,风电,0,0,0
W6532,陕西,风电,1,1,0
W6533,山东,风电,4,4,0
W6534,山西,风电,0,0,0
W6536,山西,风电,1,1,0
W6537,陕西,风电,4,4,0
W6538,陕西,风电,3,3,0
W6540,山东,风电,1,1,0
W6541,陕西,风电,4,4,0
W6542,山西,风电,2,2,0
W6543,陕西,风电,4,4,0
W6545,山东,风电,0,0,0
W6546,山东,风电,3,3,0
W6547,山西,风电,1,1,0
W6549,陕西,风电,4,4,0
W655,福建,风电,0,0,0
W6550,山西,风电,3,1,2
W6551,陕西,风电,5,5,0
W6553,山东,风电,0,0,0
W6555,陕西,风电,0,0,0
W6556,陕西,风电,5,5,0
W6560,山东,风电,0,0,0
W6562,山东,风电,0,0,0
W6568,陕西,风电,3,3,0
W6569,陕西,风电,3,3,0
W657,福建,风电,0,0,0
W6570,山东,风电,0,0,0
W6571,山东,风电,4,4,0
W6575,陕西,风电,1,1,0
W6576,山东,风电,0,0,0
W6577,陕西,风电,5,5,0
W6583,山东,风电,0,0,0
W6584,陕西,风电,4,4,0
W6585,山东,风电,0,0,0
W6588,陕西,风电,1,1,0
W6590,山东,风电,0,0,0
W6592,山东,风电,0,0,0
W6595,陕西,风电,1,1,0
W6597,山东,风电,0,0,0
W6598,陕西,风电,4,4,0
W6599,山东,风电,0,0,0
W6600,陕西,风电,3,3,0
W6602,陕西,风电,5,5,0
W6604,山东,风电,0,0,0
W6605,陕西,风电,5,5,0
W6607,陕西,风电,5,5,0
W6609,陕西,风电,0,0,0
W661,福建,风电,0,0,0
W6611,山西,风电,2,2,0
W6612,山东,风电,0,0,0
W6613,山东,风电,0,0,0
W6615,陕西,风电,4,4,0
W6617,陕西,风电,3,3,0
W6620,山东,风电,0,0,0
W6621,山东,风电,0,0,0
W6624,陕西,风电,5,5,0
W6627,陕西,风电,4,4,0
W6628,山西,风电,1,1,0
W663,福建,风电,0,0,0
W6630,山东,风电,0,0,0
W6632,陕西,风电,5,5,0
W6635,山西,风电,0,0,0
W6637,山东,风电,2,2,0
W6638,陕西,风电,0,0,0
W6639,山东,风电,3,3,0
W6643,陕西,风电,4,4,0
W6647,山东,风电,0,0,0
W6648,陕西,风电,4,4,0
W665,福建,风电,0,0,0
W6650,山西,风电,3,3,0
W6651,陕西,风电,5,5,0
W6653,陕西,风电,4,4,0
W6655,山西,风电,0,0,0
W6656,山西,风电,4,2,2
W6658,陕西,风电,4,4,0
W6659,山东,风电,1,1,0
W666,甘肃,风电,0,0,0
W6660,山东,风电,2,2,0
W6661,陕西,风电,4,4,0
W6664,山西,风电,3,1,2
W6666,陕西,风电,4,4,0
W6667,山东,风电,2,2,0
W6668,山东,风电,1,1,0
W6669,山东,风电,2,2,0
W6673,山西,风电,3,3,0
W6674,陕西,风电,4,4,0
W6675,山东,风电,1,1,0
W6676,山东,风电,4,4,0
W6678,山东,风电,3,3,0
W668,福建,风电,0,0,0
W6680,陕西,风电,0,0,0
W6681,陕西,风电,3,3,0
W6682,山西,风电,3,3,0
W6684,陕西,风电,4,4,0
W6686,山东,风电,3,3,0
W6688,山东,风电,3,3,0
W669,甘肃,风电,2,2,0
W6691,陕西,风电,5,5,0
W6693,陕西,风电,5,5,0
W6694,陕西,风电,4,4,0
W6697,山东,风电,0,0,0
W6698,山东,风电,4,4,0
W670,甘肃,风电,0,0,0
W6700,山东,风电,1,1,0
W6702,山西,风电,4,2,2
W6706,陕西,风电,5,5,0
W6707,陕西,风电,4,4,0
W6708,山东,风电,0,0,0
W6709,陕西,风电,0,0,0
W6710,山西,风电,3,3,0
W6712,山西,风电,3,3,0
W6714,陕西,风电,5,5,0
W6715,山东,风电,0,0,0
W6716,陕西,风电,4,4,0
W6717,陕西,风电,0,0,0
W6720,山东,风电,5,5,0
W6721,山西,风电,3,3,0
W6723,山西,风电,6,3,3
W6725,陕西,风电,3,3,0
W6726,山东,风电,4,4,0
W6728,山西,风电,3,3,0
W6729,陕西,风电,4,4,0
W673,甘肃,风电,0,0,0
W6730,山东,风电,3,3,0
W6733,陕西,风电,3,3,0
W6736,山东,风电,0,0,0
W6738,山东,风电,1,1,0
W6739,山西,风电,0,0,0
W674,广东,风电,0,0,0
W6740,山东,风电,4,4,0
W6743,山西,风电,6,0,6
W6745,山东,风电,3,3,0
W6747,山东,风电,2,2,0
W6748,山西,风电,0,0,0
W6749,山东,风电,3,3,0
W6750,陕西,风电,3,3,0
W6752,陕西,风电,3,3,0
W6754,陕西,风电,5,5,0
W6755,山东,风电,2,2,0
W6756,山东,风电,2,2,0
W6757,山东,风电,1,1,0
W6759,陕西,风电,3,3,0
W676,福建,风电,0,0,0
W6764,山东,风电,1,1,0
W6765,陕西,风电,0,0,0
W6766,山东,风电,1,1,0
W6769,山西,风电,2,2,0
W677,甘肃,风电,0,0,0
W6771,山东,风电,3,3,0
W6772,山东,风电,2,2,0
W6774,山东,风电,1,1,0
W6775,陕西,风电,4,4,0
W6776,山西,风电,3,3,0
W6778,陕西,风电,0,0,0
W6779,山东,风电,0,0,0
W678,广东,风电,0,0,0
W6781,山东,风电,1,1,0
W6783,陕西,风电,5,5,0
W6785,陕西,风电,0,0,0
W6786,山西,风电,2,2,0
W6788,山东,风电,4,4,0
W6789,陕西,风电,0,0,0
W6790,山东,风电,0,0,0
W6792,陕西,风电,5,5,0
W6793,山东,风电,5,5,0
W6795,山东,风电,3,3,0
W6797,山东,风电,3,3,0
W680,福建,风电,0,0,0
W6800,陕西,风电,0,0,0
W6802,山东,风电,4,4,0
W6803,山西,风电,3,1,2
W6805,山东,风电,1,1,0
W6806,陕西,风电,3,3,0
W6808,山西,风电,0,0,0
W6809,陕西,风电,5,5,0
W681,甘肃,风电,0,0,0
W6810,陕西,风电,0,0,0
W6812,陕西,风电,3,3,0
W6813,山西,风电,3,1,2
W6814,山东,风电,3,3,0
W6817,陕西,风电,3,3,0
W6818,山西,风电,1,1,0
W6819,陕西,风电,5,5,0
W682,广东,风电,0,0,0
W6823,陕西,风电,2,2,0
W6824,山东,风电,2,2,0
W6825,山西,风电,0,0,0
W6826,陕西,风电,4,4,0
W6828,山东,风电,4,4,0
W683,福建,风电,0,0,0
W6830,山东,风电,3,3,0
W6831,陕西,风电,3,3,0
W6833,山西,风电,0,0,0
W6835,山东,风电,3,3,0
W6837,山东,风电,2,2,0
W6838,陕西,风电,3,3,0
W6839,山东,风电,4,4,0
W6841,陕西,风电,0,0,0
W6842,陕西,风电,3,3,0
W6844,山东,风电,2,2,0
W6846,山东,风电,4,4,0
W6847,山西,风电,0,0,0
W6848,陕西,风电,2,2,0
W6849,陕西,风电,4,4,0
W6851,山东,风电,0,0,0
W6852,山东,风电,4,4,0
W6855,陕西,风电,0,0,0
W6856,山东,风电,4,4,0
W6858,陕西,风电,3,3,0
W6859,山东,风电,4,4,0
W686,甘肃,风电,6,0,6
W6860,山东,风电,0,0,0
W6864,陕西,风电,0,0,0
W6866,山西,风电,6,4,2
W6867,山东,风电,1,1,0
W6868,陕西,风电,0,0,0
W6869,山东,风电,0,0,0
W6870,陕西,风电,0,0,0
W6875,山东,风电,2,2,0
W6877,山东,风电,2,2,0
W688,福建,风电,0,0,0
W6882,陕西,风电,0,0,0
W6883,山西,风电,1,1,0
W6886,山东,风电,0,0,0
W689,广东,风电,0,0,0
W6890,山西,风电,2,2,0
W6894,山东,风电,2,2,0
W6897,山西,风电,2,2,0
W6901,山东,风电,0,0,0
W6903,山东,风电,2,2,0
W6904,陕西,风电,2,2,0
W6905,山西,风电,0,0,0
W6906,山西,风电,6,4,2
W6908,陕西,风电,0,0,0
W6909,山东,风电,0,0,0
W691,福建,风电,0,0,0
W6910,山东,风电,6,1,5
W6911,山西,风电,0,0,0
W6914,山西,风电,4,4,0
W6915,山西,风电,6,3,3
W6916,陕西,风电,0,0,0
W6918,山东,风电,6,1,5
W6920,山西,风电,0,0,0
W6921,陕西,风电,0,0,0
W6924,山东,风电,2,2,0
W6925,山东,风电,0,0,0
W6926,陕西,风电,2,2,0
W6927,山西,风电,0,0,0
W6929,山东,风电,0,0,0
W693,甘肃,风电,6,1,5
W6930,山西,风电,4,4,0
W6931,山东,风电,6,1,5
W6933,山西,风电,2,2,0
W6936,陕西,风电,3,3,0
W6937,山东,风电,6,5,1
W6938,山东,风电,0,0,0
W6942,山西,风电,0,0,0
W6945,山东,风电,6,6,0
W6946,山东,风电,0,0,0
W6948,陕西,风电,2,2,0
W6953,山西,风电,0,0,0
W6954,山东,风电,6,3,3
W6956,山东,风电,6,4,2
W6958,山东,风电,2,2,0
W6959,山西,风电,2,2,0
W6960,山东,风电,0,0,0
W6966,山西,风电,0,0,0
W6967,山西,风电,2,2,0
W6968,山东,风电,3,3,0
W6969,山西,风电,0,0,0
W6970,山西,风电,2,2,0
W6972,山东,风电,1,1,0
W6973,山西,风电,2,2,0
W6975,陕西,风电,0,0,0
W6976,山东,风电,2,2,0
W6980,陕西,风电,3,3,0
W6981,陕西,风电,0,0,0
W699,福建,风电,0,0,0
W6994,陕西,风电,5,5,0
W6997,山东,风电,0,0,0
W6998,山东,风电,1,1,0
W6999,山东,风电,1,1,0
W7,安徽,风电,0,0,0
W70,甘肃,风电,0,0,0
W700,广东,风电,0,0,0
W7002,新疆,风电,6,0,6
W7003,山西,风电,3,3,0
W7005,新疆,风电,0,0,0
W7006,新疆,风电,0,0,0
W7007,山西,风电,3,3,0
W701,甘肃,风电,6,0,6
W7010,新疆,风电,6,6,0
W7011,新疆,风电,6,0,6
W7013,新疆,风电,6,6,0
W7014,山西,风电,3,3,0
W7015,山西,风电,3,3,0
W7016,新疆,风电,6,6,0
W7017,新疆,风电,0,0,0
W7018,山西,风电,3,3,0
W7019,山西,风电,5,3,2
W702,福建,风电,0,0,0
W7022,新疆,风电,6,0,6
W7023,山西,风电,0,0,0
W7024,新疆,风电,0,0,0
W7027,新疆,风电,6,0,6
W7028,新疆,风电,0,0,0
W7029,山西,风电,5,3,2
W703,广东,风电,0,0,0
W7030,新疆,风电,0,0,0
W7032,天津,风电,0,0,0
W7033,新疆,风电,0,0,0
W7034,山西,风电,3,3,0
W7038,新疆,风电,0,0,0
W7041,新疆,风电,6,0,6
W7042,新疆,风电,0,0,0
W7048,山西,风电,3,3,0
W7049,新疆,风电,0,0,0
W705,福建,风电,0,0,0
W7050,新疆,风电,0,0,0
W7053,天津,风电,0,0,0
W7054,新疆,风电,6,0,6
W7055,山西,风电,3,3,0
W7056,新疆,风电,0,0,0
W7057,四川,风电,0,0,0
W7058,山西,风电,4,3,1
W7059,新疆,风电,0,0,0
W7062,山西,风电,3,3,0
W7064,新疆,风电,0,0,0
W7067,四川,风电,0,0,0
W7073,新疆,风电,6,0,6
W7075,四川,风电,0,0,0
W7078,山西,风电,0,0,0
W7079,新疆,风电,2,2,0
W708,福建,风电,0,0,0
W7080,山西,风电,6,3,3
W7081,新疆,风电,6,0,6
W7082,山西,风电,0,0,0
W7085,山西,风电,0,0,0
W7086,山西,风电,0,0,0
W7099,山西,风电,0,0,0
W710,甘肃,风电,6,0,6
W7100,山西,风电,0,0,0
W7101,山西,风电,0,0,0
W7102,山西,风电,0,0,0
W7103,山西,风电,0,0,0
W7105,山西,风电,0,0,0
W7108,山西,风电,0,0,0
W7117,山西,风电,0,0,0
W7118,山西,风电,3,3,0
W712,福建,风电,0,0,0
W7122,山西,风电,3,1,2
W7123,山西,风电,0,0,0
W7124,山西,风电,6,3,3
W7125,山西,风电,6,3,3
W7126,山西,风电,5,3,2
W7127,山西,风电,6,3,3
W713,广东,风电,0,0,0
W7130,四川,风电,0,0,0
W7132,四川,风电,0,0,0
W7133,四川,风电,0,0,0
W7135,四川,风电,0,0,0
W7136,四川,风电,0,0,0
W7137,四川,风电,0,0,0
W7138,四川,风电,0,0,0
W7139,四川,风电,0,0,0
W714,甘肃,风电,6,0,6
W7140,四川,风电,0,0,0
W7141,四川,风电,0,0,0
W7142,四川,风电,0,0,0
W7143,四川,风电,0,0,0
W7144,四川,风电,0,0,0
W7145,四川,风电,0,0,0
W7146,四川,风电,0,0,0
W7147,四川,风电,0,0,0
W7149,四川,风电,0,0,0
W7150,四川,风电,0,0,0
W7151,四川,风电,0,0,0
W7152,四川,风电,0,0,0
W7153,四川,风电,0,0,0
W7154,四川,风电,0,0,0
W7155,四川,风电,0,0,0
W7157,四川,风电,0,0,0
W7159,四川,风电,0,0,0
W716,甘肃,风电,0,0,0
W7160,四川,风电,0,0,0
W7161,四川,风电,0,0,0
W7163,四川,风电,0,0,0
W7164,四川,风电,0,0,0
W7166,四川,风电,0,0,0
W7167,四川,风电,0,0,0
W717,广东,风电,0,0,0
W7170,四川,风电,0,0,0
W7175,山西,风电,0,0,0
W7176,新疆,风电,6,0,6
W7177,山西,风电,6,3,3
W7178,四川,风电,0,0,0
W7180,新疆,风电,6,0,6
W7182,山西,风电,0,0,0
W7183,山西,风电,6,4,2
W7185,新疆,风电,6,0,6
W7187,新疆,风电,0,0,0
W7188,山西,风电,0,0,0
W719,广东,风电,0,0,0
W7192,新疆,风电,6,2,4
W7193,新疆,风电,6,0,6
W7194,新疆,风电,5,5,0
W7195,新疆,风电,6,0,6
W7196,山西,风电,6,3,3
W7197,四川,风电,0,0,0
W7199,山西,风电,0,0,0
W7201,新疆,风电,0,0,0
W7202,四川,风电,0,0,0
W7203,新疆,风电,6,0,6
W7204,四川,风电,0,0,0
W7205,新疆,风电,0,0,0
W7208,新疆,风电,6,1,5
W7212,新疆,风电,0,0,0
W7213,新疆,风电,6,0,6
W7214,山西,风电,4,4,0
W7218,四川,风电,0,0,0
W7219,新疆,风电,0,0,0
W7220,山西,风电,0,0,0
W7221,新疆,风电,0,0,0
W7222,新疆,风电,6,0,6
W7223,山西,风电,1,1,0
W7224,新疆,风电,6,6,0
W7226,四川,风电,0,0,0
W7228,山西,风电,0,0,0
W7229,新疆,风电,0,0,0
W7230,山西,风电,0,0,0
W7232,四川,风电,0,0,0
W7233,新疆,风电,6,4,2
W7235,新疆,风电,6,0,6
W7237,新疆,风电,0,0,0
W7239,山西,风电,5,5,0
W724,广东,风电,0,0,0
W7242,新疆,风电,0,0,0
W7243,新疆,风电,6,5,1
W7244,新疆,风电,0,0,0
W7245,新疆,风电,6,6,0
W7246,天津,风电,0,0,0
W7248,山西,风电,6,3,3
W7249,四川,风电,0,0,0
W725,福建,风电,0,0,0
W7250,新疆,风电,0,0,0
W7253,山西,风电,6,5,1
W7254,四川,风电,0,0,0
W7256,新疆,风电,6,0,6
W7257,新疆,风电,6,0,6
W7258,新疆,风电,6,0,6
W7260,山西,风电,6,3,3
W7261,四川,风电,0,0,0
W7265,新疆,风电,6,2,4
W7268,新疆,风电,6,1,5
W7269,山西,风电,0,0,0
W7270,四川,风电,0,0,0
W7272,新疆,风电,6,2,4
W7273,新疆,风电,5,5,0
W7276,新疆,风电,6,0,6
W7277,山西,风电,6,3,3
W7278,四川,风电,0,0,0
W7279,山西,风电,1,1,0
W7281,新疆,风电,6,0,6
W7284,四川,风电,0,0,0
W7285,新疆,风电,6,0,6
W7287,新疆,风电,4,4,0
W7288,新疆,风电,6,0,6
W729,福建,风电,0,0,0
W7294,天津,风电,0,0,0
W7295,天津,风电,0,0,0
W7299,天津,风电,0,0,0
W73,甘肃,风电,0,0,0
W730,广东,风电,0,0,0
W7300,天津,风电,0,0,0
W7302,天津,风电,0,0,0
W7306,天津,风电,0,0,0
W7307,天津,风电,0,0,0
W731,广东,风电,0,0,0
W7314,天津,风电,0,0,0
W7317,天津,风电,0,0,0
W7318,天津,风电,0,0,0
W7319,天津,风电,0,0,0
W732,广东,风电,0,0,0
W7324,天津,风电,0,0,0
W734,广东,风电,0,0,0
W7346,天津,风电,0,0,0
W7353,西藏,风电,0,0,0
W7355,西藏,风电,3,3,0
W7356,西藏,风电,6,0,6
W7357,西藏,风电,6,0,6
W7363,新疆,风电,0,0,0
W7364,山西,风电,0,0,0
W7365,四川,风电,0,0,0
W7369,新疆,风电,6,0,6
W7370,山西,风电,4,4,0
W7371,山西,风电,6,3,3
W7372,四川,风电,0,0,0
W7374,四川,风电,0,0,0
W7376,新疆,风电,1,1,0
W7379,山西,风电,0,0,0
W7380,新疆,风电,6,5,1
W7381,新疆,风电,0,0,0
W7382,山西,风电,6,3,3
W7383,新疆,风电,6,1,5
W7384,四川,风电,0,0,0
W7386,新疆,风电,0,0,0
W7388,新疆,风电,0,0,0
W7390,山西,风电,4,4,0
W7393,四川,风电,0,0,0
W7395,新疆,风电,6,6,0
W7396,新疆,风电,0,0,0
W7399,新疆,风电,6,5,1
W7402,新疆,风电,6,6,0
W7403,四川,风电,0,0,0
W7405,新疆,风电,0,0,0
W7408,山西,风电,6,3,3
W7409,新疆,风电,6,6,0
W741,福建,风电,0,0,0
W7410,新疆,风电,6,6,0
W7411,四川,风电,0,0,0
W7412,山西,风电,0,0,0
W7414,新疆,风电,0,0,0
W7415,新疆,风电,0,0,0
W7416,山西,风电,0,0,0
W7417,山西,风电,0,0,0
W7418,四川,风电,0,0,0
W7419,新疆,风电,6,0,6
W7421,新疆,风电,0,0,0
W7422,新疆,风电,0,0,0
W7423,山西,风电,0,0,0
W7424,新疆,风电,6,6,0
W7425,山西,风电,0,0,0
W7426,新疆,风电,0,0,0
W7427,四川,风电,0,0,0
W743,甘肃,风电,6,0,6
W7430,山西,风电,0,0,0
W7431,新疆,风电,6,6,0
W7437,山西,风电,0,0,0
W7438,新疆,风电,1,1,0
W7439,新疆,风电,6,4,2
W7442,四川,风电,0,0,0
W7443,新疆,风电,0,0,0
W7444,新疆,风电,0,0,0
W7445,山西,风电,0,0,0
W7446,新疆,风电,6,6,0
W7447,新疆,风电,6,5,1
W7448,山西,风电,0,0,0
W7449,新疆,风电,0,0,0
W745,福建,风电,0,0,0
W7450,新疆,风电,0,0,0
W7451,山西,风电,3,3,0
W7453,新疆,风电,3,3,0
W7455,山西,风电,2,2,0
W7456,新疆,风电,0,0,0
W7458,新疆,风电,4,4,0
W7460,新疆,风电,6,5,1
W7463,新疆,风电,0,0,0
W7465,新疆,风电,4,4,0
W7466,四川,风电,0,0,0
W7468,新疆,风电,6,5,1
W7470,新疆,风电,0,0,0
W7472,四川,风电,0,0,0
W7473,新疆,风电,0,0,0
W7474,山西,风电,6,2,4
W7476,山西,风电,3,3,0
W7477,新疆,风电,6,5,1
W7479,山西,风电,6,3,3
W748,甘肃,风电,6,1,5
W7480,新疆,风电,6,5,1
W7485,新疆,风电,0,0,0
W7486,四川,风电,0,0,0
W7487,新疆,风电,6,6,0
W7489,山西,风电,4,2,2
W7490,新疆,风电,6,0,6
W7491,山西,风电,3,2,1
W7492,山西,风电,6,3,3
W7493,新疆,风电,6,6,0
W7494,新疆,风电,0,0,0
W7495,新疆,风电,6,6,0
W7497,四川,风电,0,0,0
W7498,新疆,风电,6,0,6
W7500,山西,风电,3,3,0
W7502,新疆,风电,0,0,0
W7504,四川,风电,0,0,0
W7505,新疆,风电,6,6,0
W7507,山西,风电,3,3,0
W7508,新疆,风电,6,4,2
W7509,新疆,风电,0,0,0
W7511,四川,风电,0,0,0
W7512,新疆,风电,6,0,6
W7514,山西,风电,6,3,3
W7515,山西,风电,6,3,3
W7516,新疆,风电,6,5,1
W7518,四川,风电,0,0,0
W7519,新疆,风电,0,0,0
W7520,山西,风电,6,3,3
W7521,山西,风电,6,3,3
W7522,新疆,风电,6,5,1
W7523,新疆,风电,0,0,0
W7525,新疆,风电,0,0,0
W7526,四川,风电,0,0,0
W7527,山西,风电,0,0,0
W7530,新疆,风电,0,0,0
W7532,新疆,风电,6,0,6
W7533,四川,风电,0,0,0
W7534,山西,风电,1,1,0
W7535,山西,风电,6,3,3
W7536,山西,风电,0,0,0
W7537,新疆,风电,0,0,0
W7539,新疆,风电,0,0,0
W7540,四川,风电,0,0,0
W7541,新疆,风电,6,0,6
W7543,山西,风电,3,3,0
W7544,山西,风电,0,0,0
W7545,新疆,风电,6,5,1
W7546,新疆,风电,6,5,1
W7547,新疆,风电,0,0,0
W7548,四川,风电,0,0,0
W7549,四川,风电,0,0,0
W7552,新疆,风电,1,1,0
W7554,新疆,风电,6,0,6
W7557,四川,风电,0,0,0
W7559,新疆,风电,1,1,0
W756,广东,风电,0,0,0
W7560,新疆,风电,6,5,1
W7562,山西,风电,3,3,0
W7563,四川,风电,0,0,0
W7564,山西,风电,1,1,0
W7565,新疆,风电,0,0,0
W7567,新疆,风电,6,6,0
W7568,新疆,风电,6,5,1
W7571,山西,风电,3,3,0
W7572,新疆,风电,6,0,6
W7574,山西,风电,3,3,0
W7578,新疆,风电,6,5,1
W7579,新疆,风电,6,0,6
W7580,四川,风电,0,0,0
W7586,新疆,风电,6,0,6
W7587,四川,风电,0,0,0
W759,广东,风电,0,0,0
W7592,新疆,风电,6,5,1
W7593,新疆,风电,6,0,6
W7594,四川,风电,0,0,0
W7595,新疆,风电,6,0,6
W7600,新疆,风电,6,0,6
W7601,四川,风电,0,0,0
W7602,新疆,风电,0,0,0
W7603,山西,风电,4,4,0
W7604,山西,风电,0,0,0
W7606,新疆,风电,6,0,6
W7608,山西,风电,0,0,0
W761,广东,风电,0,0,0
W7610,四川,风电,0,0,0
W7611,山西,风电,4,4,0
W7612,山西,风电,0,0,0
W7613,新疆,风电,0,0,0
W7615,新疆,风电,6,6,0
W7617,四川,风电,0,0,0
W7619,山西,风电,0,0,0
W7620,新疆,风电,0,0,0
W7621,新疆,风电,6,0,6
W7624,四川,风电,0,0,0
W7625,新疆,风电,0,0,0
W7626,山西,风电,4,3,1
W7628,新疆,风电,6,0,6
W763,广东,风电,0,0,0
W7631,四川,风电,0,0,0
W7632,新疆,风电,0,0,0
W7634,新疆,风电,0,0,0
W7636,新疆,风电,0,0,0
W7637,新疆,风电,6,0,6
W7638,山西,风电,0,0,0
W7639,山西,风电,4,3,1
W764,广东,风电,0,0,0
W7641,新疆,风电,0,0,0
W7642,山西,风电,0,0,0
W7644,新疆,风电,2,2,0
W7645,山西,风电,0,0,0
W7649,新疆,风电,6,0,6
W7650,新疆,风电,6,4,2
W7651,新疆,风电,1,1,0
W7653,山西,风电,0,0,0
W7654,山西,风电,0,0,0
W7655,新疆,风电,0,0,0
W7657,新疆,风电,0,0,0
W7658,四川,风电,0,0,0
W7660,新疆,风电,0,0,0
W7661,山西,风电,3,2,1
W7663,新疆,风电,0,0,0
W7664,新疆,风电,6,6,0
W7665,山西,风电,0,0,0
W7666,四川,风电,0,0,0
W7668,新疆,风电,0,0,0
W7669,山西,风电,0,0,0
W7670,新疆,风电,6,1,5
W7671,新疆,风电,0,0,0
W7672,新疆,风电,0,0,0
W7674,新疆,风电,0,0,0
W7675,山西,风电,0,0,0
W7676,新疆,风电,0,0,0
W7678,山西,风电,0,0,0
W7679,新疆,风电,0,0,0
W7680,新疆,风电,0,0,0
W7681,新疆,风电,0,0,0
W7683,新疆,风电,6,5,1
W7684,四川,风电,0,0,0
W7687,新疆,风电,0,0,0
W7688,新疆,风电,0,0,0
W7690,山西,风电,0,0,0
W7691,新疆,风电,0,0,0
W7692,四川,风电,0,0,0
W7693,山西,风电,5,4,1
W7695,新疆,风电,0,0,0
W7696,新疆,风电,6,3,3
W7698,新疆,风电,0,0,0
W770,广东,风电,0,0,0
W7700,山西,风电,4,3,1
W7705,新疆,风电,0,0,0
W7710,山西,风电,0,0,0
W7712,新疆,风电,0,0,0
W7714,四川,风电,0,0,0
W7717,新疆,风电,3,3,0
W7718,四川,风电,0,0,0
W7720,山西,风电,0,0,0
W7721,四川,风电,0,0,0
W7723,新疆,风电,0,0,0
W7725,新疆,风电,6,6,0
W7727,新疆,风电,6,6,0
W7729,新疆,风电,6,0,6
W773,甘肃,风电,0,0,0
W7731,新疆,风电,0,0,0
W7733,四川,风电,0,0,0
W7734,山西,风电,0,0,0
W7735,新疆,风电,6,5,1
W7736,山西,风电,0,0,0
W7737,新疆,风电,0,0,0
W7741,山西,风电,0,0,0
W7742,山西,风电,0,0,0
W7744,新疆,风电,0,0,0
W7746,新疆,风电,0,0,0
W7748,山西,风电,0,0,0
W7749,新疆,风电,0,0,0
W775,广东,风电,0,0,0
W7750,新疆,风电,0,0,0
W7753,新疆,风电,0,0,0
W7754,山西,风电,3,2,1
W7756,新疆,风电,0,0,0
W7757,新疆,风电,6,5,1
W7758,天津,风电,0,0,0
W7759,山西,风电,0,0,0
W776,广东,风电,0,0,0
W7760,新疆,风电,2,2,0
W7761,新疆,风电,0,0,0
W7764,山东,风电,3,3,0
W7765,新疆,风电,0,0,0
W7769,山西,风电,3,3,0
W7770,新疆,风电,0,0,0
W7772,新疆,风电,6,0,6
W7773,新疆,风电,0,0,0
W7775,山西,风电,0,0,0
W7776,新疆,风电,6,6,0
W7777,山西,风电,3,3,0
W7778,新疆,风电,6,0,6
W7779,新疆,风电,0,0,0
W7780,新疆,风电,0,0,0
W7784,新疆,风电,6,3,3
W7785,新疆,风电,0,0,0
W7787,新疆,风电,6,6,0
W7788,山西,风电,4,3,1
W7789,山西,风电,6,3,3
W7791,新疆,风电,0,0,0
W7792,新疆,风电,0,0,0
W7793,新疆,风电,6,0,6
W7794,山西,风电,6,4,2
W7796,新疆,风电,0,0,0
W7799,山西,风电,6,3,3
W7804,新疆,风电,2,2,0
W7805,山西,风电,4,3,1
W7806,新疆,风电,6,5,1
W7807,新疆,风电,0,0,0
W7808,天津,风电,0,0,0
W7809,新疆,风电,0,0,0
W7812,山西,风电,6,3,3
W7813,陕西,风电,0,0,0
W7814,山西,风电,0,0,0
W7815,新疆,风电,0,0,0
W7816,新疆,风电,6,5,1
W7819,山西,风电,5,3,2
W7820,陕西,风电,5,5,0
W7821,山西,风电,0,0,0
W7822,新疆,风电,0,0,0
W7824,新疆,风电,2,2,0
W7825,新疆,风电,0,0,0
W7826,新疆,风电,6,0,6
W7828,新疆,风电,6,1,5
W7829,山西,风电,5,3,2
W7830,山西,风电,6,4,2
W7832,新疆,风电,6,0,6
W7833,新疆,风电,0,0,0
W7834,云南,风电,0,0,0
W7835,新疆,风电,6,0,6
W7837,新疆,风电,6,0,6
W7838,山西,风电,6,3,3
W7840,新疆,风电,0,0,0
W7844,新疆,风电,6,6,0
W7845,新疆,风电,6,0,6
W7846,山西,风电,3,3,0
W7848,云南,风电,0,0,0
W7849,新疆,风电,0,0,0
W785,甘肃,风电,0,0,0
W7850,山西,风电,6,3,3
W7851,新疆,风电,6,6,0
W7852,山西,风电,6,3,3
W7853,新疆,风电,6,0,6
W7854,山西,风电,3,3,0
W7855,天津,风电,0,0,0
W7856,天津,风电,0,0,0
W7857,新疆,风电,0,0,0
W7861,新疆,风电,6,0,6
W7862,山西,风电,3,3,0
W7863,新疆,风电,6,0,6
W7864,云南,风电,0,0,0
W7865,新疆,风电,6,6,0
W7866,天津,风电,0,0,0
W7867,山西,风电,0,0,0
W7868,新疆,风电,0,0,0
W7869,山西,风电,1,1,0
W7870,新疆,风电,0,0,0
W7872,云南,风电,0,0,0
W7873,山西,风电,0,0,0
W7875,山西,风电,3,3,0
W7876,新疆,风电,6,0,6
W7877,山西,风电,6,3,3
W7878,山西,风电,0,0,0
W788,福建,风电,0,0,0
W7880,新疆,风电,6,0,6
W7883,新疆,风电,6,3,3
W7884,山西,风电,6,3,3
W7885,山西,风电,0,0,0
W7886,天津,风电,0,0,0
W7887,新疆,风电,6,4,2
W7888,云南,风电,0,0,0
W7889,新疆,风电,0,0,0
W7890,新疆,风电,6,6,0
W7891,天津,风电,0,0,0
W7893,山西,风电,0,0,0
W7894,新疆,风电,6,0,6
W7896,云南,风电,0,0,0
W7897,新疆,风电,6,0,6
W7898,山西,风电,3,3,0
W7899,新疆,风电,0,0,0
W7900,天津,风电,0,0,0
W7901,山西,风电,0,0,0
W7903,新疆,风电,0,0,0
W7904,新疆,风电,6,1,5
W7906,天津,风电,0,0,0
W7907,新疆,风电,1,1,0
W7909,山西,风电,6,3,3
W7911,新疆,风电,6,0,6
W7913,新疆,风电,0,0,0
W7914,新疆,风电,6,0,6
W7916,山西,风电,0,0,0
W7919,新疆,风电,0,0,0
W7921,新疆,风电,6,0,6
W7923,新疆,风电,6,0,6
W7925,新疆,风电,0,0,0
W7926,天津,风电,0,0,0
W7927,新疆,风电,6,5,1
W7931,山西,风电,3,3,0
W7932,天津,风电,0,0,0
W7933,新疆,风电,0,0,0
W7935,山西,风电,6,3,3
W7937,新疆,风电,6,0,6
W7938,山西,风电,0,0,0
W794,广西,风电,0,0,0
W7941,山西,风电,6,3,3
W7945,新疆,风电,0,0,0
W7946,山西,风电,3,3,0
W7948,山西,风电,6,3,3
W7949,新疆,风电,0,0,0
W7950,天津,风电,0,0,0
W7951,山西,风电,3,3,0
W7952,新疆,风电,6,0,6
W7953,山西,风电,6,3,3
W7955,天津,风电,0,0,0
W7956,天津,风电,0,0,0
W7957,新疆,风电,6,0,6
W7958,山西,风电,6,3,3
W7962,山西,风电,0,0,0
W7964,天津,风电,0,0,0
W7965,新疆,风电,6,0,6
W7968,新疆,风电,6,0,6
W7969,天津,风电,0,0,0
W797,甘肃,风电,0,0,0
W7970,山西,风电,4,2,2
W7972,新疆,风电,6,0,6
W7973,新疆,风电,6,0,6
W7974,山西,风电,0,0,0
W7976,新疆,风电,6,0,6
W7977,山西,风电,0,0,0
W7978,山西,风电,6,3,3
W7981,新疆,风电,6,0,6
W7982,山西,风电,4,2,2
W7983,山西,风电,0,0,0
W7984,新疆,风电,6,0,6
W7987,山西,风电,1,1,0
W7988,新疆,风电,6,0,6
W7990,新疆,风电,6,0,6
W7991,新疆,风电,6,0,6
W7998,新疆,风电,0,0,0
W7999,新疆,风电,0,0,0
W8000,新疆,风电,6,6,0
W8001,云南,风电,0,0,0
W8002,云南,风电,0,0,0
W8003,云南,风电,0,0,0
W8004,云南,风电,0,0,0
W8005,云南,风电,0,0,0
W8006,云南,风电,0,0,0
W8007,云南,风电,1,1,0
W8009,云南,风电,0,0,0
W8010,云南,风电,0,0,0
W8011,云南,风电,0,0,0
W8012,云南,风电,0,0,0
W8013,云南,风电,0,0,0
W8014,云南,风电,0,0,0
W8015,云南,风电,0,0,0
W8016,云南,风电,0,0,0
W8017,云南,风电,0,0,0
W8018,云南,风电,0,0,0
W8020,云南,风电,0,0,0
W8022,云南,风电,0,0,0
W8023,云南,风电,0,0,0
W8026,云南,风电,0,0,0
W8027,云南,风电,0,0,0
W8028,云南,风电,0,0,0
W8029,云南,风电,0,0,0
W8030,云南,风电,0,0,0
W8031,云南,风电,0,0,0
W8032,云南,风电,0,0,0
W8033,云南,风电,0,0,0
W8034,云南,风电,0,0,0
W8035,云南,风电,0,0,0
W8036,云南,风电,0,0,0
W8037,云南,风电,0,0,0
W8038,云南,风电,0,0,0
W8039,云南,风电,0,0,0
W8040,云南,风电,0,0,0
W8041,云南,风电,0,0,0
W8042,云南,风电,0,0,0
W8043,云南,风电,0,0,0
W8045,云南,风电,3,3,0
W8047,云南,风电,0,0,0
W8048,云南,风电,0,0,0
W8050,云南,风电,3,3,0
W8053,云南,风电,0,0,0
W8054,云南,风电,0,0,0
W8056,云南,风电,0,0,0
W8058,云南,风电,0,0,0
W8059,云南,风电,0,0,0
W8061,云南,风电,0,0,0
W8062,云南,风电,0,0,0
W8064,云南,风电,0,0,0
W8065,云南,风电,0,0,0
W8066,云南,风电,0,0,0
W8070,云南,风电,0,0,0
W8071,云南,风电,0,0,0
W8072,云南,风电,0,0,0
W8073,云南,风电,0,0,0
W8074,云南,风电,0,0,0
W8075,云南,风电,0,0,0
W8076,云南,风电,0,0,0
W8077,云南,风电,0,0,0
W8078,云南,风电,0,0,0
W8079,云南,风电,0,0,0
W8081,云南,风电,0,0,0
W8082,云南,风电,0,0,0
W8083,云南,风电,0,0,0
W8085,云南,风电,0,0,0
W8087,云南,风电,0,0,0
W8088,云南,风电,0,0,0
W8089,云南,风电,0,0,0
W809,福建,风电,0,0,0
W8090,云南,风电,0,0,0
W8091,云南,风电,0,0,0
W8092,云南,风电,0,0,0
W8093,云南,风电,0,0,0
W8094,云南,风电,1,1,0
W8095,云南,风电,1,1,0
W8096,云南,风电,4,3,1
W8098,云南,风电,3,3,0
W8099,云南,风电,0,0,0
W8100,云南,风电,0,0,0
W8101,云南,风电,0,0,0
W8102,云南,风电,0,0,0
W8103,云南,风电,0,0,0
W8104,云南,风电,0,0,0
W8105,云南,风电,0,0,0
W8107,云南,风电,0,0,0
W8108,云南,风电,0,0,0
W8109,云南,风电,0,0,0
W811,福建,风电,0,0,0
W8110,云南,风电,0,0,0
W8111,云南,风电,1,1,0
W8113,云南,风电,0,0,0
W8115,云南,风电,0,0,0
W8116,云南,风电,0,0,0
W8117,云南,风电,0,0,0
W8118,云南,风电,0,0,0
W8119,云南,风电,0,0,0
W8120,云南,风电,0,0,0
W8121,云南,风电,0,0,0
W8124,云南,风电,0,0,0
W8125,云南,风电,0,0,0
W8126,云南,风电,0,0,0
W8128,云南,风电,0,0,0
W8129,云南,风电,0,0,0
W8130,云南,风电,0,0,0
W8132,云南,风电,0,0,0
W8133,云南,风电,0,0,0
W8135,云南,风电,0,0,0
W8136,云南,风电,0,0,0
W8137,云南,风电,0,0,0
W8138,云南,风电,0,0,0
W8139,云南,风电,0,0,0
W814,福建,风电,0,0,0
W8141,云南,风电,0,0,0
W8143,云南,风电,0,0,0
W8144,云南,风电,0,0,0
W8145,云南,风电,0,0,0
W8146,云南,风电,0,0,0
W8147,云南,风电,0,0,0
W8148,云南,风电,0,0,0
W8150,云南,风电,0,0,0
W8151,云南,风电,0,0,0
W8152,云南,风电,0,0,0
W8153,云南,风电,2,2,0
W8154,云南,风电,0,0,0
W8155,云南,风电,0,0,0
W8156,云南,风电,0,0,0
W8157,云南,风电,0,0,0
W8158,云南,风电,0,0,0
W816,福建,风电,0,0,0
W8160,云南,风电,0,0,0
W8161,云南,风电,1,1,0
W8162,云南,风电,3,3,0
W8164,云南,风电,2,2,0
W8166,云南,风电,0,0,0
W8167,云南,风电,0,0,0
W817,广西,风电,0,0,0
W8170,云南,风电,0,0,0
W8173,云南,风电,0,0,0
W8174,云南,风电,0,0,0
W8175,云南,风电,0,0,0
W8176,云南,风电,0,0,0
W8177,云南,风电,0,0,0
W8178,云南,风电,0,0,0
W818,甘肃,风电,0,0,0
W8180,云南,风电,0,0,0
W8182,云南,风电,0,0,0
W8183,云南,风电,0,0,0
W8184,云南,风电,0,0,0
W8186,云南,风电,0,0,0
W8187,云南,风电,0,0,0
W8189,云南,风电,0,0,0
W8192,云南,风电,0,0,0
W8193,云南,风电,0,0,0
W8194,云南,风电,0,0,0
W8195,云南,风电,0,0,0
W8196,云南,风电,0,0,0
W8197,云南,风电,0,0,0
W8198,云南,风电,0,0,0
W820,福建,风电,0,0,0
W8200,云南,风电,0,0,0
W8201,云南,风电,0,0,0
W8202,云南,风电,0,0,0
W8203,云南,风电,0,0,0
W8205,云南,风电,0,0,0
W8206,云南,风电,0,0,0
W8207,云南,风电,0,0,0
W8208,云南,风电,0,0,0
W8210,云南,风电,0,0,0
W8211,云南,风电,0,0,0
W8212,云南,风电,0,0,0
W8213,云南,风电,0,0,0
W8214,云南,风电,3,3,0
W8215,云南,风电,0,0,0
W8216,云南,风电,0,0,0
W8217,云南,风电,0,0,0
W8218,浙江,风电,0,0,0
W8222,浙江,风电,0,0,0
W8223,浙江,风电,0,0,0
W8224,浙江,风电,0,0,0
W8225,浙江,风电,0,0,0
W8229,浙江,风电,0,0,0
W823,福建,风电,0,0,0
W8230,浙江,风电,0,0,0
W8231,浙江,风电,0,0,0
W8232,浙江,风电,0,0,0
W8233,浙江,风电,0,0,0
W8234,浙江,风电,0,0,0
W8235,浙江,风电,0,0,0
W8236,浙江,风电,0,0,0
W8237,浙江,风电,0,0,0
W8240,浙江,风电,0,0,0
W8241,浙江,风电,0,0,0
W8242,浙江,风电,0,0,0
W8243,浙江,风电,0,0,0
W8244,浙江,风电,0,0,0
W8245,浙江,风电,0,0,0
W8246,浙江,风电,0,0,0
W8247,浙江,风电,0,0,0
W8248,浙江,风电,0,0,0
W8250,浙江,风电,0,0,0
W8252,浙江,风电,0,0,0
W8254,浙江,风电,0,0,0
W8255,浙江,风电,0,0,0
W8258,浙江,风电,0,0,0
W826,福建,风电,0,0,0
W8261,浙江,风电,0,0,0
W8263,浙江,风电,0,0,0
W8266,浙江,风电,0,0,0
W8267,浙江,风电,0,0,0
W8270,浙江,风电,0,0,0
W8273,浙江,风电,0,0,0
W8275,浙江,风电,0,0,0
W8276,浙江,风电,0,0,0
W8277,浙江,风电,0,0,0
W8278,浙江,风电,0,0,0
W8279,浙江,风电,0,0,0
W828,福建,风电,0,0,0
W8280,浙江,风电,0,0,0
W831,福建,风电,0,0,0
W833,广西,风电,0,0,0
W834,甘肃,风电,0,0,0
W837,甘肃,风电,0,0,0
W840,广西,风电,0,0,0
W844,广西,风电,0,0,0
W856,广西,风电,0,0,0
W86,甘肃,风电,0,0,0
W861,福建,风电,0,0,0
W863,福建,风电,0,0,0
W864,广西,风电,0,0,0
W866,福建,风电,0,0,0
W867,甘肃,风电,0,0,0
W868,福建,风电,0,0,0
W869,广西,风电,0,0,0
W87,甘肃,风电,0,0,0
W870,福建,风电,0,0,0
W873,福建,风电,0,0,0
W875,甘肃,风电,0,0,0
W877,福建,风电,0,0,0
W878,甘肃,风电,0,0,0
W879,广西,风电,0,0,0
W881,福建,风电,0,0,0
W883,广东,风电,0,0,0
W884,福建,风电,0,0,0
W885,广东,风电,0,0,0
W887,福建,风电,0,0,0
W889,广西,风电,0,0,0
W89,甘肃,风电,6,0,6
W892,甘肃,风电,0,0,0
W894,安徽,风电,0,0,0
W895,甘肃,风电,0,0,0
W897,甘肃,风电,0,0,0
W898,福建,风电,0,0,0
W9,安徽,风电,0,0,0
W90,甘肃,风电,0,0,0
W900,广西,风电,0,0,0
W901,甘肃,风电,3,3,0
W902,福建,风电,0,0,0
W906,福建,风电,0,0,0
W909,甘肃,风电,3,3,0
W91,甘肃,风电,0,0,0
W910,福建,风电,0,0,0
W911,广西,风电,0,0,0
W912,甘肃,风电,6,6,0
W914,安徽,风电,0,0,0
W915,广西,风电,0,0,0
W917,广西,风电,0,0,0
W920,广西,风电,0,0,0
W922,甘肃,风电,6,5,1
W925,甘肃,风电,6,3,3
W928,福建,风电,0,0,0
W929,甘肃,风电,3,3,0
W93,甘肃,风电,6,0,6
W932,安徽,风电,0,0,0
W934,甘肃,风电,3,3,0
W935,福建,风电,0,0,0
W936,甘肃,风电,2,2,0
W939,甘肃,风电,3,3,0
W943,福建,风电,0,0,0
W948,福建,风电,0,0,0
W950,福建,风电,0,0,0
W954,甘肃,风电,2,2,0
W955,甘肃,风电,2,2,0
W957,甘肃,风电,2,2,0
W958,福建,风电,0,0,0
W96,甘肃,风电,0,0,0
W960,福建,风电,0,0,0
W963,广东,风电,0,0,0
W964,广东,风电,0,0,0
W965,广东,风电,0,0,0
W966,广东,风电,0,0,0
W967,广东,风电,0,0,0
W969,广东,风电,0,0,0
W97,甘肃,风电,6,0,6
W970,广东,风电,0,0,0
W971,广东,风电,0,0,0
W972,广东,风电,0,0,0
W975,广东,风电,0,0,0
W976,广东,风电,0,0,0
W977,广东,风电,0,0,0
W978,广东,风电,0,0,0
W979,广东,风电,0,0,0
W981,甘肃,风电,0,0,0
W982,甘肃,风电,2,2,0
W983,甘肃,风电,2,2,0
W984,甘肃,风电,2,2,0
W985,甘肃,风电,6,3,3
W99,甘肃,风电,6,0,6
W990,甘肃,风电,6,0,6
W991,甘肃,风电,6,0,6
W992,甘肃,风电,3,3,0
W993,甘肃,风电,6,1,5
W994,甘肃,风电,6,5,1
W995,甘肃,风电,0,0,0
W996,甘肃,风电,0,0,0
W998,甘肃,风电,6,1,5
