ObjectId,merge_province_cn,power_type_cn,weather_year,critical_terminal_price_for_6p5,critical_price_right_censored_at_60,critical_operational_learning_multiple,learning_multiple_right_censored_at_20,not_flipped_within_multiple_8
102,甘肃,光伏,2020,39.07971650362015,False,20.0,True,True
103,甘肃,光伏,2020,38.91016066074371,False,20.0,True,True
104,甘肃,光伏,2020,39.69541758298874,False,20.0,True,True
105,甘肃,光伏,2020,43.06116163730621,False,20.0,True,True
106,甘肃,光伏,2020,35.82406550645828,False,20.0,True,True
107,甘肃,光伏,2020,37.56171673536301,False,20.0,True,True
108,甘肃,光伏,2020,37.540187537670135,False,20.0,True,True
109,甘肃,光伏,2020,43.02413821220398,False,20.0,True,True
110,甘肃,光伏,2020,38.92160207033157,False,20.0,True,True
111,甘肃,光伏,2020,38.798788189888,False,20.0,True,True
112,甘肃,光伏,2020,38.97780239582062,False,20.0,True,True
113,甘肃,光伏,2020,41.16566866636276,False,20.0,True,True
114,甘肃,光伏,2020,38.90957415103912,False,20.0,True,True
115,甘肃,光伏,2020,38.865250647068024,False,20.0,True,True
116,甘肃,光伏,2020,40.51229685544968,False,20.0,True,True
117,甘肃,光伏,2020,40.611891746520996,False,20.0,True,True
118,甘肃,光伏,2020,40.63774824142456,False,20.0,True,True
119,甘肃,光伏,2020,40.44222414493561,False,20.0,True,True
121,甘肃,光伏,2020,40.32913416624069,False,20.0,True,True
122,甘肃,光伏,2020,40.331300497055054,False,20.0,True,True
12469,青海,光伏,2020,34.00707095861435,False,20.0,True,True
125,甘肃,光伏,2020,41.11319035291672,False,20.0,True,True
126,甘肃,光伏,2020,40.534115731716156,False,20.0,True,True
12628,新疆,光伏,2020,39.95707154273987,False,20.0,True,True
130,甘肃,光伏,2020,42.478981018066406,False,20.0,True,True
131,甘肃,光伏,2020,39.354228079319,False,20.0,True,True
142,甘肃,光伏,2020,39.62154597043991,False,20.0,True,True
146,甘肃,光伏,2020,39.629666805267334,False,20.0,True,True
149,甘肃,光伏,2020,39.7145140171051,False,20.0,True,True
151,甘肃,光伏,2020,39.489372968673706,False,20.0,True,True
154,甘肃,光伏,2020,39.713856875896454,False,20.0,True,True
155,甘肃,光伏,2020,40.95404416322708,False,20.0,True,True
156,甘肃,光伏,2020,40.95403432846069,False,20.0,True,True
157,甘肃,光伏,2020,40.854149758815765,False,20.0,True,True
158,甘肃,光伏,2020,37.69666224718094,False,20.0,True,True
159,甘肃,光伏,2020,39.68537449836731,False,20.0,True,True
161,甘肃,光伏,2020,39.9831023812294,False,20.0,True,True
163,甘肃,光伏,2020,39.94910269975662,False,20.0,True,True
170,甘肃,光伏,2020,39.91598904132843,False,20.0,True,True
171,甘肃,光伏,2020,38.171758353710175,False,20.0,True,True
172,甘肃,光伏,2020,39.79177415370941,False,20.0,True,True
175,甘肃,光伏,2020,39.09855544567108,False,20.0,True,True
176,甘肃,光伏,2020,38.014869689941406,False,20.0,True,True
178,甘肃,光伏,2020,39.00388777256012,False,20.0,True,True
179,甘肃,光伏,2020,39.593840539455414,False,20.0,True,True
181,甘肃,光伏,2020,35.699088871479034,False,20.0,True,True
183,甘肃,光伏,2020,42.45108515024185,False,20.0,True,True
185,甘肃,光伏,2020,42.52250254154205,False,20.0,True,True
187,甘肃,光伏,2020,36.61447137594223,False,20.0,True,True
188,甘肃,光伏,2020,38.62655997276306,False,20.0,True,True
189,甘肃,光伏,2020,40.57188034057617,False,20.0,True,True
195,甘肃,光伏,2020,41.493916511535645,False,20.0,True,True
199,甘肃,光伏,2020,39.995959997177124,False,20.0,True,True
3107,内蒙古,光伏,2020,41.773520708084106,False,20.0,True,True
3155,内蒙古,光伏,2020,43.13672214746475,False,20.0,True,True
3164,内蒙古,光伏,2020,42.829879224300385,False,20.0,True,True
3250,内蒙古,光伏,2020,43.085771799087524,False,20.0,True,True
3337,内蒙古,光伏,2020,43.01485061645508,False,20.0,True,True
3340,内蒙古,光伏,2020,41.97041988372803,False,20.0,True,True
3452,内蒙古,光伏,2020,42.01116621494293,False,20.0,True,True
3463,内蒙古,光伏,2020,43.32815855741501,False,20.0,True,True
3469,内蒙古,光伏,2020,43.084571957588196,False,20.0,True,True
3523,陕西,光伏,2020,42.4002206325531,False,20.0,True,True
3719,内蒙古,光伏,2020,42.92700111865997,False,20.0,True,True
3785,内蒙古,光伏,2020,42.78503894805908,False,20.0,True,True
3808,内蒙古,光伏,2020,42.20049262046814,False,20.0,True,True
3835,内蒙古,光伏,2020,43.21656256914139,False,20.0,True,True
3885,内蒙古,光伏,2020,42.17749446630478,False,20.0,True,True
3910,内蒙古,光伏,2020,42.80778855085373,False,20.0,True,True
404,甘肃,光伏,2020,38.24852496385574,False,20.0,True,True
4040,青海,光伏,2020,29.92860496044159,False,3.1,False,False
405,甘肃,光伏,2020,38.04663509130478,False,20.0,True,True
4077,陕西,光伏,2020,41.54569208621979,False,20.0,True,True
4107,陕西,光伏,2020,41.93984270095825,False,20.0,True,True
4117,青海,光伏,2020,29.92860496044159,False,3.1,False,False
4126,青海,光伏,2020,29.92860496044159,False,3.1,False,False
4127,青海,光伏,2020,29.88537847995758,False,3.1,False,False
4128,青海,光伏,2020,29.88537847995758,False,3.1,False,False
4129,青海,光伏,2020,29.88537847995758,False,3.1,False,False
413,甘肃,光伏,2020,40.0431552529335,False,20.0,True,True
4130,青海,光伏,2020,29.884006083011627,False,3.1,False,False
4132,青海,光伏,2020,29.884006083011627,False,3.1,False,False
4133,青海,光伏,2020,29.884006083011627,False,3.1,False,False
4134,青海,光伏,2020,30.0007626414299,False,3.2,False,False
4135,青海,光伏,2020,30.0007626414299,False,3.2,False,False
4136,青海,光伏,2020,30.00076174736023,False,3.2,False,False
4139,青海,光伏,2020,29.636669754981995,False,2.7,False,False
4141,青海,光伏,2020,29.601072371006012,False,2.7,False,False
4144,青海,光伏,2020,29.71755087375641,False,2.8,False,False
4145,青海,光伏,2020,29.71755087375641,False,2.8,False,False
4146,青海,光伏,2020,29.799123108386993,False,3.0,False,False
4147,青海,光伏,2020,29.800795912742615,False,3.0,False,False
4148,青海,光伏,2020,29.800795912742615,False,3.0,False,False
4151,青海,光伏,2020,29.619191586971283,False,2.7,False,False
4154,青海,光伏,2020,31.340620815753937,False,20.0,True,True
4160,青海,光伏,2020,31.340620815753937,False,20.0,True,True
4161,青海,光伏,2020,31.288944482803345,False,20.0,True,True
4163,青海,光伏,2020,31.34552925825119,False,20.0,True,True
4165,青海,光伏,2020,31.189793944358826,False,20.0,True,True
4167,青海,光伏,2020,31.332406103610992,False,20.0,True,True
4173,青海,光伏,2020,32.44858592748642,False,20.0,True,True
4176,青海,光伏,2020,31.2309131026268,False,20.0,True,True
4179,青海,光伏,2020,31.340620815753937,False,20.0,True,True
418,甘肃,光伏,2020,40.06174564361572,False,20.0,True,True
4180,青海,光伏,2020,31.340620815753937,False,20.0,True,True
4182,青海,光伏,2020,31.340620815753937,False,20.0,True,True
4189,青海,光伏,2020,31.340620815753937,False,20.0,True,True
4191,青海,光伏,2020,34.9305322766304,False,20.0,True,True
4192,青海,光伏,2020,29.694474935531616,False,2.8,False,False
4193,青海,光伏,2020,32.20853626728058,False,20.0,True,True
4195,青海,光伏,2020,29.39857453107834,False,2.4,False,False
4197,青海,光伏,2020,32.63572186231613,False,20.0,True,True
4199,青海,光伏,2020,29.516380727291107,False,2.6,False,False
420,甘肃,光伏,2020,40.070233047008514,False,20.0,True,True
421,甘肃,光伏,2020,42.609073519706726,False,20.0,True,True
422,甘肃,光伏,2020,40.25565594434738,False,20.0,True,True
4242,青海,光伏,2020,29.732828736305237,False,2.8,False,False
4250,青海,光伏,2020,29.732828736305237,False,2.8,False,False
4256,青海,光伏,2020,29.906954169273376,False,3.1,False,False
428,甘肃,光伏,2020,35.75876176357269,False,20.0,True,True
4298,青海,光伏,2020,29.96557742357254,False,3.2,False,False
430,甘肃,光伏,2020,35.731438994407654,False,20.0,True,True
4309,青海,光伏,2020,31.24529868364334,False,20.0,True,True
4326,青海,光伏,2020,31.333433389663696,False,20.0,True,True
433,甘肃,光伏,2020,36.27851575613022,False,20.0,True,True
435,甘肃,光伏,2020,41.275259256362915,False,20.0,True,True
4364,陕西,光伏,2020,42.15761125087738,False,20.0,True,True
4369,陕西,光伏,2020,40.76183617115021,False,20.0,True,True
437,甘肃,光伏,2020,40.22661477327347,False,20.0,True,True
438,甘肃,光伏,2020,37.96135514974594,False,20.0,True,True
4394,陕西,光伏,2020,42.97973692417145,False,20.0,True,True
440,甘肃,光伏,2020,36.16883844137192,False,20.0,True,True
4420,青海,光伏,2020,29.732828736305237,False,2.8,False,False
443,甘肃,光伏,2020,35.76471000909805,False,20.0,True,True
4456,青海,光伏,2020,29.053398370742798,False,2.0,False,False
447,甘肃,光伏,2020,39.33355450630188,False,20.0,True,True
4479,青海,光伏,2020,30.26276260614395,False,3.3,False,False
4535,青海,光伏,2020,31.333433389663696,False,20.0,True,True
454,甘肃,光伏,2020,42.02082395553589,False,20.0,True,True
4541,青海,光伏,2020,31.263458132743835,False,20.0,True,True
457,甘肃,光伏,2020,41.82106018066406,False,20.0,True,True
459,甘肃,光伏,2020,41.45904690027237,False,20.0,True,True
4603,青海,光伏,2020,31.342806816101074,False,20.0,True,True
4609,青海,光伏,2020,30.8154559135437,False,4.4,False,False
461,甘肃,光伏,2020,41.594058573246,False,20.0,True,True
4615,青海,光伏,2020,31.333433389663696,False,20.0,True,True
463,甘肃,光伏,2020,41.46271526813507,False,20.0,True,True
464,甘肃,光伏,2020,41.4627143740654,False,20.0,True,True
4642,青海,光伏,2020,30.81545501947403,False,4.4,False,False
465,甘肃,光伏,2020,41.55162692070007,False,20.0,True,True
466,甘肃,光伏,2020,41.46153777837753,False,20.0,True,True
467,甘肃,光伏,2020,41.46271616220474,False,20.0,True,True
4670,青海,光伏,2020,30.8154559135437,False,4.4,False,False
4677,青海,光伏,2020,32.92694449424744,False,20.0,True,True
468,甘肃,光伏,2020,41.46162539720535,False,20.0,True,True
4687,青海,光伏,2020,32.926269471645355,False,20.0,True,True
4690,青海,光伏,2020,30.81545501947403,False,4.4,False,False
4693,青海,光伏,2020,32.72996038198471,False,20.0,True,True
470,甘肃,光伏,2020,41.53380185365677,False,20.0,True,True
4709,青海,光伏,2020,31.157064735889435,False,20.0,True,True
4710,青海,光伏,2020,32.274270951747894,False,20.0,True,True
4712,青海,光伏,2020,29.785069227218628,False,2.8,False,False
4716,青海,光伏,2020,32.681647539138794,False,20.0,True,True
4718,青海,光伏,2020,32.83045917749405,False,20.0,True,True
4724,青海,光伏,2020,32.83045917749405,False,20.0,True,True
4726,青海,光伏,2020,32.99448519945145,False,20.0,True,True
474,甘肃,光伏,2020,41.51453822851181,False,20.0,True,True
4746,青海,光伏,2020,29.792766273021698,False,2.8,False,False
475,甘肃,光伏,2020,42.436603009700775,False,20.0,True,True
4752,青海,光伏,2020,29.792766273021698,False,2.8,False,False
4756,青海,光伏,2020,32.729875445365906,False,20.0,True,True
4766,青海,光伏,2020,31.06213688850403,False,20.0,True,True
4773,青海,光伏,2020,36.16755723953247,False,20.0,True,True
4785,青海,光伏,2020,33.00671875476837,False,20.0,True,True
4795,青海,光伏,2020,30.178816616535187,False,3.2,False,False
4802,青海,光伏,2020,30.245155692100525,False,3.3,False,False
4804,青海,光伏,2020,33.29962223768234,False,20.0,True,True
4809,青海,光伏,2020,30.245155692100525,False,3.3,False,False
4824,青海,光伏,2020,30.262365639209747,False,3.3,False,False
483,甘肃,光伏,2020,40.97474545240402,False,20.0,True,True
4831,青海,光伏,2020,30.262365639209747,False,3.3,False,False
4838,青海,光伏,2020,30.25949478149414,False,3.3,False,False
4843,青海,光伏,2020,30.24255931377411,False,3.3,False,False
485,甘肃,光伏,2020,39.08264994621277,False,20.0,True,True
4850,青海,光伏,2020,29.82072025537491,False,3.0,False,False
4857,青海,光伏,2020,29.82072025537491,False,3.0,False,False
486,甘肃,光伏,2020,38.909076154232025,False,20.0,True,True
4863,青海,光伏,2020,29.82072025537491,False,3.0,False,False
4868,青海,光伏,2020,29.82072025537491,False,3.0,False,False
4874,青海,光伏,2020,29.82072025537491,False,3.0,False,False
4879,青海,光伏,2020,29.870683550834656,False,3.1,False,False
4882,青海,光伏,2020,31.36130154132843,False,20.0,True,True
4889,青海,光伏,2020,31.325429677963257,False,20.0,True,True
4897,青海,光伏,2020,30.732653439044952,False,4.3,False,False
4903,青海,光伏,2020,31.257548332214355,False,20.0,True,True
491,甘肃,光伏,2020,39.051493406295776,False,20.0,True,True
4911,青海,光伏,2020,29.958940744400024,False,3.2,False,False
4928,青海,光伏,2020,29.87259954214096,False,3.1,False,False
4933,青海,光伏,2020,29.87259954214096,False,3.1,False,False
495,甘肃,光伏,2020,41.20366394519806,False,20.0,True,True
4957,青海,光伏,2020,29.92860496044159,False,3.1,False,False
4960,青海,光伏,2020,32.63242542743683,False,20.0,True,True
4980,青海,光伏,2020,30.262731313705444,False,3.3,False,False
4981,青海,光伏,2020,30.509245991706848,False,3.7,False,False
4983,青海,光伏,2020,30.31933218240738,False,3.4,False,False
4986,青海,光伏,2020,30.509245991706848,False,3.7,False,False
4987,青海,光伏,2020,30.265268683433533,False,3.3,False,False
499,甘肃,光伏,2020,43.30291002988815,False,20.0,True,True
4997,青海,光伏,2020,32.44350045919418,False,20.0,True,True
4998,青海,光伏,2020,29.97615873813629,False,3.2,False,False
501,甘肃,光伏,2020,43.30291002988815,False,20.0,True,True
518,甘肃,光伏,2020,39.93618607521057,False,20.0,True,True
521,甘肃,光伏,2020,40.3462278842926,False,20.0,True,True
525,甘肃,光伏,2020,41.16110622882843,False,20.0,True,True
527,甘肃,光伏,2020,40.442097187042236,False,20.0,True,True
528,甘肃,光伏,2020,40.681049823760986,False,20.0,True,True
533,甘肃,光伏,2020,39.714049100875854,False,20.0,True,True
539,甘肃,光伏,2020,42.47107654809952,False,20.0,True,True
540,甘肃,光伏,2020,39.71404820680618,False,20.0,True,True
541,甘肃,光伏,2020,39.64778333902359,False,20.0,True,True
542,甘肃,光伏,2020,40.4165580868721,False,20.0,True,True
544,甘肃,光伏,2020,40.139068365097046,False,20.0,True,True
545,甘肃,光伏,2020,40.465061366558075,False,20.0,True,True
548,甘肃,光伏,2020,42.27849930524826,False,20.0,True,True
5526,陕西,光伏,2020,43.25036734342575,False,20.0,True,True
555,甘肃,光伏,2020,40.63277631998062,False,20.0,True,True
556,甘肃,光伏,2020,42.814199924468994,False,20.0,True,True
5966,陕西,光伏,2020,41.85541659593582,False,20.0,True,True
6001,新疆,光伏,2020,36.61877006292343,False,20.0,True,True
6004,新疆,光伏,2020,36.47394508123398,False,20.0,True,True
6005,新疆,光伏,2020,36.6224804520607,False,20.0,True,True
6006,新疆,光伏,2020,37.75371462106705,False,20.0,True,True
6007,新疆,光伏,2020,37.205877006053925,False,20.0,True,True
6014,新疆,光伏,2020,35.962393283843994,False,20.0,True,True
6016,新疆,光伏,2020,35.75151443481445,False,20.0,True,True
6017,新疆,光伏,2020,33.2479602098465,False,20.0,True,True
6020,新疆,光伏,2020,36.02413684129715,False,20.0,True,True
6021,新疆,光伏,2020,35.959909558296204,False,20.0,True,True
6022,新疆,光伏,2020,35.978659093379974,False,20.0,True,True
6024,新疆,光伏,2020,36.0034704208374,False,20.0,True,True
6025,新疆,光伏,2020,35.75151443481445,False,20.0,True,True
6026,新疆,光伏,2020,36.62516176700592,False,20.0,True,True
6027,新疆,光伏,2020,35.75151443481445,False,20.0,True,True
6030,新疆,光伏,2020,33.402781784534454,False,20.0,True,True
6031,新疆,光伏,2020,34.226312935352325,False,20.0,True,True
6032,新疆,光伏,2020,34.226312935352325,False,20.0,True,True
6035,新疆,光伏,2020,36.61524832248688,False,20.0,True,True
6036,新疆,光伏,2020,34.44092899560928,False,20.0,True,True
6037,新疆,光伏,2020,35.26886969804764,False,20.0,True,True
6047,新疆,光伏,2020,36.70263469219208,False,20.0,True,True
6056,新疆,光伏,2020,37.71617978811264,False,20.0,True,True
6057,新疆,光伏,2020,34.07720625400543,False,20.0,True,True
6059,新疆,光伏,2020,34.24045264720917,False,20.0,True,True
6060,新疆,光伏,2020,32.53385603427887,False,20.0,True,True
6061,新疆,光伏,2020,35.19489258527756,False,20.0,True,True
6063,新疆,光伏,2020,34.221625328063965,False,20.0,True,True
6065,新疆,光伏,2020,40.050980150699615,False,20.0,True,True
6066,新疆,光伏,2020,34.545371532440186,False,20.0,True,True
6067,新疆,光伏,2020,32.27484315633774,False,20.0,True,True
6068,新疆,光伏,2020,34.4505250453949,False,20.0,True,True
6069,新疆,光伏,2020,32.241953015327454,False,20.0,True,True
6070,新疆,光伏,2020,32.24194407463074,False,20.0,True,True
6071,新疆,光伏,2020,39.80884104967117,False,20.0,True,True
6076,新疆,光伏,2020,34.14979934692383,False,20.0,True,True
6078,新疆,光伏,2020,37.22851753234863,False,20.0,True,True
6079,新疆,光伏,2020,39.41693186759949,False,20.0,True,True
6081,新疆,光伏,2020,36.799602806568146,False,20.0,True,True
6082,新疆,光伏,2020,34.25831884145737,False,20.0,True,True
6083,新疆,光伏,2020,32.28769093751907,False,20.0,True,True
6085,新疆,光伏,2020,36.280635595321655,False,20.0,True,True
6086,新疆,光伏,2020,33.316201865673065,False,20.0,True,True
6089,新疆,光伏,2020,33.316201865673065,False,20.0,True,True
6091,新疆,光伏,2020,38.75068098306656,False,20.0,True,True
6096,新疆,光伏,2020,37.75371462106705,False,20.0,True,True
6097,新疆,光伏,2020,35.23016810417175,False,20.0,True,True
6098,新疆,光伏,2020,35.35255551338196,False,20.0,True,True
6099,新疆,光伏,2020,37.267831563949585,False,20.0,True,True
6100,新疆,光伏,2020,35.78434199094772,False,20.0,True,True
6101,新疆,光伏,2020,33.97267788648605,False,20.0,True,True
6102,新疆,光伏,2020,33.54510694742203,False,20.0,True,True
6103,新疆,光伏,2020,37.53090977668762,False,20.0,True,True
6104,新疆,光伏,2020,37.92986869812012,False,20.0,True,True
6105,新疆,光伏,2020,39.222750663757324,False,20.0,True,True
6106,新疆,光伏,2020,35.94958037137985,False,20.0,True,True
6108,新疆,光伏,2020,38.994915783405304,False,20.0,True,True
6110,新疆,光伏,2020,38.57775807380676,False,20.0,True,True
6111,新疆,光伏,2020,32.20339626073837,False,20.0,True,True
6112,新疆,光伏,2020,32.31257289648056,False,20.0,True,True
6114,新疆,光伏,2020,31.754317581653595,False,20.0,True,True
6117,甘肃,光伏,2020,40.634746849536896,False,20.0,True,True
6120,新疆,光伏,2020,34.00052100419998,False,20.0,True,True
6123,新疆,光伏,2020,36.482194662094116,False,20.0,True,True
6124,新疆,光伏,2020,31.754317581653595,False,20.0,True,True
6125,新疆,光伏,2020,37.15605586767197,False,20.0,True,True
6129,新疆,光伏,2020,32.44123488664627,False,20.0,True,True
6133,新疆,光伏,2020,32.522747218608856,False,20.0,True,True
6140,新疆,光伏,2020,34.00839239358902,False,20.0,True,True
6142,新疆,光伏,2020,36.82316064834595,False,20.0,True,True
6143,新疆,光伏,2020,31.62179857492447,False,20.0,True,True
6149,新疆,光伏,2020,34.43112105131149,False,20.0,True,True
6151,新疆,光伏,2020,37.23954766988754,False,20.0,True,True
6154,新疆,光伏,2020,39.70202028751373,False,20.0,True,True
6158,新疆,光伏,2020,37.87556380033493,False,20.0,True,True
6165,新疆,光伏,2020,34.50504541397095,False,20.0,True,True
6167,新疆,光伏,2020,37.80311107635498,False,20.0,True,True
6169,新疆,光伏,2020,36.740854382514954,False,20.0,True,True
6172,新疆,光伏,2020,37.490562200546265,False,20.0,True,True
6175,新疆,光伏,2020,34.98935133218765,False,20.0,True,True
6176,新疆,光伏,2020,37.38018482923508,False,20.0,True,True
6178,新疆,光伏,2020,31.620848178863525,False,20.0,True,True
6183,新疆,光伏,2020,33.99313420057297,False,20.0,True,True
6186,新疆,光伏,2020,34.98935133218765,False,20.0,True,True
6189,新疆,光伏,2020,31.708705723285675,False,20.0,True,True
6190,新疆,光伏,2020,33.8527849316597,False,20.0,True,True
6191,新疆,光伏,2020,34.65398222208023,False,20.0,True,True
6197,新疆,光伏,2020,31.620849072933197,False,20.0,True,True
6205,新疆,光伏,2020,36.81080996990204,False,20.0,True,True
6212,新疆,光伏,2020,37.83973574638367,False,20.0,True,True
6214,新疆,光伏,2020,34.50956404209137,False,20.0,True,True
6215,新疆,光伏,2020,31.000203788280487,False,20.0,True,True
6219,新疆,光伏,2020,35.426810681819916,False,20.0,True,True
6224,新疆,光伏,2020,31.71402543783188,False,20.0,True,True
6230,新疆,光伏,2020,33.89690279960632,False,20.0,True,True
6233,新疆,光伏,2020,39.20834630727768,False,20.0,True,True
6239,新疆,光伏,2020,40.13840585947037,False,20.0,True,True
6247,新疆,光伏,2020,32.37406700849533,False,20.0,True,True
6251,新疆,光伏,2020,36.7731311917305,False,20.0,True,True
6253,新疆,光伏,2020,34.50956404209137,False,20.0,True,True
6259,新疆,光伏,2020,32.33277887105942,False,20.0,True,True
6260,新疆,光伏,2020,37.835277915000916,False,20.0,True,True
6261,新疆,光伏,2020,34.59750384092331,False,20.0,True,True
6263,新疆,光伏,2020,35.73219805955887,False,20.0,True,True
6268,新疆,光伏,2020,34.037450551986694,False,20.0,True,True
6270,新疆,光伏,2020,31.750408709049225,False,20.0,True,True
6272,新疆,光伏,2020,35.52236616611481,False,20.0,True,True
6276,新疆,光伏,2020,34.39549148082733,False,20.0,True,True
6277,新疆,光伏,2020,37.781256437301636,False,20.0,True,True
6280,新疆,光伏,2020,35.94894915819168,False,20.0,True,True
6286,新疆,光伏,2020,36.416112184524536,False,20.0,True,True
6288,新疆,光伏,2020,35.27473658323288,False,20.0,True,True
6289,新疆,光伏,2020,35.63815265893936,False,20.0,True,True
6290,新疆,光伏,2020,36.44684761762619,False,20.0,True,True
6294,新疆,光伏,2020,35.09200930595398,False,20.0,True,True
6295,新疆,光伏,2020,32.048103511333466,False,20.0,True,True
6301,新疆,光伏,2020,39.050434827804565,False,20.0,True,True
6321,新疆,光伏,2020,33.24313312768936,False,20.0,True,True
6322,新疆,光伏,2020,35.41229546070099,False,20.0,True,True
6323,新疆,光伏,2020,34.558880031108856,False,20.0,True,True
6324,新疆,光伏,2020,37.466155886650085,False,20.0,True,True
6325,新疆,光伏,2020,37.466155886650085,False,20.0,True,True
6326,新疆,光伏,2020,37.472164034843445,False,20.0,True,True
6327,新疆,光伏,2020,37.472164034843445,False,20.0,True,True
6328,新疆,光伏,2020,34.573746621608734,False,20.0,True,True
6329,新疆,光伏,2020,37.27982819080353,False,20.0,True,True
6331,新疆,光伏,2020,37.77181684970856,False,20.0,True,True
6332,新疆,光伏,2020,37.34007686376572,False,20.0,True,True
6334,新疆,光伏,2020,34.64359313249588,False,20.0,True,True
6335,新疆,光伏,2020,37.3191636800766,False,20.0,True,True
6336,新疆,光伏,2020,37.32985407114029,False,20.0,True,True
6337,新疆,光伏,2020,34.656035006046295,False,20.0,True,True
6339,新疆,光伏,2020,36.7731311917305,False,20.0,True,True
6341,新疆,光伏,2020,37.361117005348206,False,20.0,True,True
6342,新疆,光伏,2020,38.43878209590912,False,20.0,True,True
6344,新疆,光伏,2020,35.46289712190628,False,20.0,True,True
6345,新疆,光伏,2020,37.868932485580444,False,20.0,True,True
6347,新疆,光伏,2020,38.35720807313919,False,20.0,True,True
6349,新疆,光伏,2020,37.75966465473175,False,20.0,True,True
6350,新疆,光伏,2020,34.902383387088776,False,20.0,True,True
6351,新疆,光伏,2020,39.581451416015625,False,20.0,True,True
6352,新疆,光伏,2020,37.18726605176926,False,20.0,True,True
6353,新疆,光伏,2020,40.19194811582565,False,20.0,True,True
6356,新疆,光伏,2020,37.17749744653702,False,20.0,True,True
6358,新疆,光伏,2020,31.992660462856293,False,20.0,True,True
6360,新疆,光伏,2020,31.992660462856293,False,20.0,True,True
6361,新疆,光伏,2020,31.905785501003265,False,20.0,True,True
6362,新疆,光伏,2020,33.75283598899841,False,20.0,True,True
6363,新疆,光伏,2020,38.941213488578796,False,20.0,True,True
6364,新疆,光伏,2020,36.559482514858246,False,20.0,True,True
6365,新疆,光伏,2020,33.82974922657013,False,20.0,True,True
6367,新疆,光伏,2020,38.011092245578766,False,20.0,True,True
6368,新疆,光伏,2020,38.72515708208084,False,20.0,True,True
6369,新疆,光伏,2020,40.101251006126404,False,20.0,True,True
6371,新疆,光伏,2020,37.40227818489075,False,20.0,True,True
6372,新疆,光伏,2020,34.50234979391098,False,20.0,True,True
6374,新疆,光伏,2020,34.51614707708359,False,20.0,True,True
6375,新疆,光伏,2020,34.52925056219101,False,20.0,True,True
6376,新疆,光伏,2020,39.67910706996918,False,20.0,True,True
6378,新疆,光伏,2020,39.71646040678024,False,20.0,True,True
6379,新疆,光伏,2020,39.72162991762161,False,20.0,True,True
6380,新疆,光伏,2020,35.33918559551239,False,20.0,True,True
6381,新疆,光伏,2020,37.205877006053925,False,20.0,True,True
6385,新疆,光伏,2020,34.30529326200485,False,20.0,True,True
6386,新疆,光伏,2020,36.79033488035202,False,20.0,True,True
6387,新疆,光伏,2020,31.58863127231598,False,20.0,True,True
6388,新疆,光伏,2020,33.67583245038986,False,20.0,True,True
6389,新疆,光伏,2020,34.13333594799042,False,20.0,True,True
6390,新疆,光伏,2020,39.67953264713287,False,20.0,True,True
6394,新疆,光伏,2020,31.633678078651428,False,20.0,True,True
6395,新疆,光伏,2020,36.90839409828186,False,20.0,True,True
6402,新疆,光伏,2020,36.7731311917305,False,20.0,True,True
6403,新疆,光伏,2020,36.91818058490753,False,20.0,True,True
6405,新疆,光伏,2020,34.545370638370514,False,20.0,True,True
6406,新疆,光伏,2020,36.70783370733261,False,20.0,True,True
6407,新疆,光伏,2020,36.72788321971893,False,20.0,True,True
6411,新疆,光伏,2020,34.344498217105865,False,20.0,True,True
6412,新疆,光伏,2020,37.78372943401337,False,20.0,True,True
6414,新疆,光伏,2020,36.94743812084198,False,20.0,True,True
6415,新疆,光伏,2020,31.604866683483124,False,20.0,True,True
6417,新疆,光伏,2020,34.32880103588104,False,20.0,True,True
6418,新疆,光伏,2020,39.017163813114166,False,20.0,True,True
6419,新疆,光伏,2020,37.78372943401337,False,20.0,True,True
6420,新疆,光伏,2020,36.34794384241104,False,20.0,True,True
6423,新疆,光伏,2020,36.37486517429352,False,20.0,True,True
6424,新疆,光伏,2020,36.84739887714386,False,20.0,True,True
6427,新疆,光伏,2020,36.9118657708168,False,20.0,True,True
6428,新疆,光伏,2020,33.706474006175995,False,20.0,True,True
6429,新疆,光伏,2020,34.333960711956024,False,20.0,True,True
6430,新疆,光伏,2020,36.47394508123398,False,20.0,True,True
6434,新疆,光伏,2020,36.828865706920624,False,20.0,True,True
6435,新疆,光伏,2020,32.37745374441147,False,20.0,True,True
6436,新疆,光伏,2020,34.93914216756821,False,20.0,True,True
6437,新疆,光伏,2020,36.3437882065773,False,20.0,True,True
6440,新疆,光伏,2020,36.47297590970993,False,20.0,True,True
6443,新疆,光伏,2020,36.82120889425278,False,20.0,True,True
6444,新疆,光伏,2020,36.34431481361389,False,20.0,True,True
6447,新疆,光伏,2020,32.518201768398285,False,20.0,True,True
6448,新疆,光伏,2020,36.91864013671875,False,20.0,True,True
6451,新疆,光伏,2020,34.092721939086914,False,20.0,True,True
6453,新疆,光伏,2020,36.38946175575256,False,20.0,True,True
6456,新疆,光伏,2020,36.91864013671875,False,20.0,True,True
6460,新疆,光伏,2020,37.826599180698395,False,20.0,True,True
6465,新疆,光伏,2020,31.86298280954361,False,20.0,True,True
6467,新疆,光伏,2020,32.13402718305588,False,20.0,True,True
6468,新疆,光伏,2020,33.249811828136444,False,20.0,True,True
6475,新疆,光伏,2020,34.03270483016968,False,20.0,True,True
6476,新疆,光伏,2020,33.249811828136444,False,20.0,True,True
6477,新疆,光伏,2020,36.60150021314621,False,20.0,True,True
6480,新疆,光伏,2020,34.376036524772644,False,20.0,True,True
6485,新疆,光伏,2020,32.370703518390656,False,20.0,True,True
6487,新疆,光伏,2020,33.72890532016754,False,20.0,True,True
6488,新疆,光伏,2020,36.58442884683609,False,20.0,True,True
6489,新疆,光伏,2020,36.5623015165329,False,20.0,True,True
6493,新疆,光伏,2020,36.549137234687805,False,20.0,True,True
6494,新疆,光伏,2020,35.786398351192474,False,20.0,True,True
6496,新疆,光伏,2020,33.353535532951355,False,20.0,True,True
6498,新疆,光伏,2020,37.86161541938782,False,20.0,True,True
6502,新疆,光伏,2020,35.20072281360626,False,20.0,True,True
6505,新疆,光伏,2020,35.81948608160019,False,20.0,True,True
6507,新疆,光伏,2020,38.426872193813324,False,20.0,True,True
6508,新疆,光伏,2020,36.75309598445892,False,20.0,True,True
6514,新疆,光伏,2020,35.75981676578522,False,20.0,True,True
6516,新疆,光伏,2020,37.73909032344818,False,20.0,True,True
6518,新疆,光伏,2020,34.123263359069824,False,20.0,True,True
6522,新疆,光伏,2020,35.312819480895996,False,20.0,True,True
6528,新疆,光伏,2020,32.27541446685791,False,20.0,True,True
6529,新疆,光伏,2020,37.73909032344818,False,20.0,True,True
6531,新疆,光伏,2020,37.221736907958984,False,20.0,True,True
6532,新疆,光伏,2020,36.4239826798439,False,20.0,True,True
6536,新疆,光伏,2020,32.24194407463074,False,20.0,True,True
6537,新疆,光伏,2020,37.89167493581772,False,20.0,True,True
6538,新疆,光伏,2020,33.038193583488464,False,20.0,True,True
6539,新疆,光伏,2020,36.4239826798439,False,20.0,True,True
6546,新疆,光伏,2020,36.75794452428818,False,20.0,True,True
6548,新疆,光伏,2020,33.038193583488464,False,20.0,True,True
6552,新疆,光伏,2020,33.33607792854309,False,20.0,True,True
6553,新疆,光伏,2020,36.638667583465576,False,20.0,True,True
6557,新疆,光伏,2020,37.06798642873764,False,20.0,True,True
6559,新疆,光伏,2020,32.13220328092575,False,20.0,True,True
6560,新疆,光伏,2020,35.697220265865326,False,20.0,True,True
6564,新疆,光伏,2020,32.51674443483353,False,20.0,True,True
6565,新疆,光伏,2020,32.51674443483353,False,20.0,True,True
6566,新疆,光伏,2020,34.844474494457245,False,20.0,True,True
6568,新疆,光伏,2020,36.361277997493744,False,20.0,True,True
657,甘肃,光伏,2020,39.570728838443756,False,20.0,True,True
6574,新疆,光伏,2020,34.72088187932968,False,20.0,True,True
6576,新疆,光伏,2020,32.15010792016983,False,20.0,True,True
6578,新疆,光伏,2020,34.302652180194855,False,20.0,True,True
6579,新疆,光伏,2020,31.962946951389313,False,20.0,True,True
6582,新疆,光伏,2020,34.406990110874176,False,20.0,True,True
6585,新疆,光伏,2020,36.9325777888298,False,20.0,True,True
6590,新疆,光伏,2020,33.82600396871567,False,20.0,True,True
6597,新疆,光伏,2020,37.475738525390625,False,20.0,True,True
6598,新疆,光伏,2020,32.413096725940704,False,20.0,True,True
6602,新疆,光伏,2020,32.51964569091797,False,20.0,True,True
6605,新疆,光伏,2020,36.391479671001434,False,20.0,True,True
6606,新疆,光伏,2020,36.35398954153061,False,20.0,True,True
6607,新疆,光伏,2020,32.09404706954956,False,20.0,True,True
6609,新疆,光伏,2020,34.79556888341904,False,20.0,True,True
6616,新疆,光伏,2020,33.90625923871994,False,20.0,True,True
6619,新疆,光伏,2020,37.89167493581772,False,20.0,True,True
6625,新疆,光伏,2020,31.649299263954163,False,20.0,True,True
6626,新疆,光伏,2020,35.63153654336929,False,20.0,True,True
6628,新疆,光伏,2020,32.04123258590698,False,20.0,True,True
663,甘肃,光伏,2020,39.570728838443756,False,20.0,True,True
6632,新疆,光伏,2020,39.46512311697006,False,20.0,True,True
6633,新疆,光伏,2020,37.89167493581772,False,20.0,True,True
6634,新疆,光伏,2020,31.315975785255432,False,20.0,True,True
6635,新疆,光伏,2020,37.33092784881592,False,20.0,True,True
6638,新疆,光伏,2020,33.649634420871735,False,20.0,True,True
6641,新疆,光伏,2020,36.86889499425888,False,20.0,True,True
6643,新疆,光伏,2020,37.85001575946808,False,20.0,True,True
6644,新疆,光伏,2020,33.86325716972351,False,20.0,True,True
6650,新疆,光伏,2020,36.87255799770355,False,20.0,True,True
6652,新疆,光伏,2020,39.49670970439911,False,20.0,True,True
6654,新疆,光伏,2020,35.00069975852966,False,20.0,True,True
6657,新疆,光伏,2020,36.87255799770355,False,20.0,True,True
6659,新疆,光伏,2020,36.842155158519745,False,20.0,True,True
6661,新疆,光伏,2020,37.756696343421936,False,20.0,True,True
6666,新疆,光伏,2020,34.36903774738312,False,20.0,True,True
6668,新疆,光伏,2020,39.42826598882675,False,20.0,True,True
6669,新疆,光伏,2020,34.61119294166565,False,20.0,True,True
6670,新疆,光伏,2020,39.563475251197815,False,20.0,True,True
6672,新疆,光伏,2020,31.981624960899353,False,20.0,True,True
6673,新疆,光伏,2020,39.4288444519043,False,20.0,True,True
6675,新疆,光伏,2020,34.03744965791702,False,20.0,True,True
668,甘肃,光伏,2020,42.42449998855591,False,20.0,True,True
6684,新疆,光伏,2020,37.788343727588654,False,20.0,True,True
6685,新疆,光伏,2020,36.70878678560257,False,20.0,True,True
6691,新疆,光伏,2020,39.55348938703537,False,20.0,True,True
6693,新疆,光伏,2020,36.54475808143616,False,20.0,True,True
6694,新疆,光伏,2020,36.7731311917305,False,20.0,True,True
6698,新疆,光伏,2020,39.80366975069046,False,20.0,True,True
6699,新疆,光伏,2020,36.54475808143616,False,20.0,True,True
6701,新疆,光伏,2020,37.60425120592117,False,20.0,True,True
6704,新疆,光伏,2020,37.804632782936096,False,20.0,True,True
6707,新疆,光伏,2020,36.12608581781387,False,20.0,True,True
6720,新疆,光伏,2020,32.37125962972641,False,20.0,True,True
6723,新疆,光伏,2020,35.57932734489441,False,20.0,True,True
6728,新疆,光伏,2020,34.07912939786911,False,20.0,True,True
6731,新疆,光伏,2020,36.65762633085251,False,20.0,True,True
6733,新疆,光伏,2020,37.76638001203537,False,20.0,True,True
6736,新疆,光伏,2020,34.07912939786911,False,20.0,True,True
6738,新疆,光伏,2020,37.08730012178421,False,20.0,True,True
6739,新疆,光伏,2020,34.01178538799286,False,20.0,True,True
6740,新疆,光伏,2020,34.58036720752716,False,20.0,True,True
6741,新疆,光伏,2020,33.332320153713226,False,20.0,True,True
6745,新疆,光伏,2020,33.09457004070282,False,20.0,True,True
6747,新疆,光伏,2020,33.11036020517349,False,20.0,True,True
6750,新疆,光伏,2020,37.784264981746674,False,20.0,True,True
6753,新疆,光伏,2020,33.32935631275177,False,20.0,True,True
6755,新疆,光伏,2020,31.861846446990967,False,20.0,True,True
6757,新疆,光伏,2020,37.78751403093338,False,20.0,True,True
6760,新疆,光伏,2020,33.29540401697159,False,20.0,True,True
6764,新疆,光伏,2020,36.24217450618744,False,20.0,True,True
6766,新疆,光伏,2020,34.89071398973465,False,20.0,True,True
6768,新疆,光伏,2020,34.9737024307251,False,20.0,True,True
6769,新疆,光伏,2020,38.87574344873428,False,20.0,True,True
6774,新疆,光伏,2020,32.80695229768753,False,20.0,True,True
6776,新疆,光伏,2020,43.1347194314003,False,20.0,True,True
6777,新疆,光伏,2020,33.63294839859009,False,20.0,True,True
678,甘肃,光伏,2020,40.38474529981613,False,20.0,True,True
6782,新疆,光伏,2020,32.80695229768753,False,20.0,True,True
6784,新疆,光伏,2020,37.548958361148834,False,20.0,True,True
6785,新疆,光伏,2020,33.56604516506195,False,20.0,True,True
6790,新疆,光伏,2020,32.88219094276428,False,20.0,True,True
6792,新疆,光伏,2020,33.61608266830444,False,20.0,True,True
6793,新疆,光伏,2020,32.51189410686493,False,20.0,True,True
6794,新疆,光伏,2020,37.09670215845108,False,20.0,True,True
6799,新疆,光伏,2020,31.806398034095764,False,20.0,True,True
6801,新疆,光伏,2020,36.51132881641388,False,20.0,True,True
6802,新疆,光伏,2020,31.41329526901245,False,20.0,True,True
6803,新疆,光伏,2020,38.92566651105881,False,20.0,True,True
6804,新疆,光伏,2020,35.05268454551697,False,20.0,True,True
6805,新疆,光伏,2020,38.31997811794281,False,20.0,True,True
6806,新疆,光伏,2020,35.2846884727478,False,20.0,True,True
6809,新疆,光伏,2020,36.25111609697342,False,20.0,True,True
6811,新疆,光伏,2020,36.23725265264511,False,20.0,True,True
6813,新疆,光伏,2020,33.92204225063324,False,20.0,True,True
6814,新疆,光伏,2020,37.170484364032745,False,20.0,True,True
6815,新疆,光伏,2020,36.1139577627182,False,20.0,True,True
6816,新疆,光伏,2020,37.170484364032745,False,20.0,True,True
6819,新疆,光伏,2020,31.679325699806213,False,20.0,True,True
6820,新疆,光伏,2020,35.62884449958801,False,20.0,True,True
6823,新疆,光伏,2020,36.504922807216644,False,20.0,True,True
6825,新疆,光伏,2020,37.170484364032745,False,20.0,True,True
6830,新疆,光伏,2020,37.05035179853439,False,20.0,True,True
6831,新疆,光伏,2020,31.199495494365692,False,20.0,True,True
6832,新疆,光伏,2020,36.062810719013214,False,20.0,True,True
6834,新疆,光伏,2020,36.978547275066376,False,20.0,True,True
6838,新疆,光伏,2020,34.46104019880295,False,20.0,True,True
6839,新疆,光伏,2020,33.924117386341095,False,20.0,True,True
684,甘肃,光伏,2020,38.065355122089386,False,20.0,True,True
6842,新疆,光伏,2020,36.72113388776779,False,20.0,True,True
6845,新疆,光伏,2020,32.6527413725853,False,20.0,True,True
6846,新疆,光伏,2020,37.203273475170135,False,20.0,True,True
6848,新疆,光伏,2020,36.978547275066376,False,20.0,True,True
6849,新疆,光伏,2020,36.456240713596344,False,20.0,True,True
685,甘肃,光伏,2020,35.66604048013687,False,20.0,True,True
6852,新疆,光伏,2020,32.6527413725853,False,20.0,True,True
6853,新疆,光伏,2020,36.277111172676086,False,20.0,True,True
6854,新疆,光伏,2020,32.79073745012283,False,20.0,True,True
6859,新疆,光伏,2020,37.673553228378296,False,20.0,True,True
6860,新疆,光伏,2020,32.534670531749725,False,20.0,True,True
6866,新疆,光伏,2020,33.44371050596237,False,20.0,True,True
6867,新疆,光伏,2020,32.79073745012283,False,20.0,True,True
6871,新疆,光伏,2020,37.850348353385925,False,20.0,True,True
6874,新疆,光伏,2020,37.75139629840851,False,20.0,True,True
6881,新疆,光伏,2020,33.72582167387009,False,20.0,True,True
6883,新疆,光伏,2020,34.15221780538559,False,20.0,True,True
6885,新疆,光伏,2020,32.79073745012283,False,20.0,True,True
6886,新疆,光伏,2020,36.14904910326004,False,20.0,True,True
6888,新疆,光伏,2020,37.77350038290024,False,20.0,True,True
6895,新疆,光伏,2020,32.15115934610367,False,20.0,True,True
6898,新疆,光伏,2020,32.89024293422699,False,20.0,True,True
6900,新疆,光伏,2020,38.46589833498001,False,20.0,True,True
6903,新疆,光伏,2020,36.7731311917305,False,20.0,True,True
6907,新疆,光伏,2020,32.58610635995865,False,20.0,True,True
6911,新疆,光伏,2020,36.638667583465576,False,20.0,True,True
6912,新疆,光伏,2020,33.45111966133118,False,20.0,True,True
6913,新疆,光伏,2020,32.43772745132446,False,20.0,True,True
6916,新疆,光伏,2020,35.10510832071304,False,20.0,True,True
6918,新疆,光伏,2020,33.394508957862854,False,20.0,True,True
6927,新疆,光伏,2020,36.788999140262604,False,20.0,True,True
6928,新疆,光伏,2020,33.64388287067413,False,20.0,True,True
6934,新疆,光伏,2020,33.45121443271637,False,20.0,True,True
6938,新疆,光伏,2020,34.77738976478577,False,20.0,True,True
6939,新疆,光伏,2020,36.2137833237648,False,20.0,True,True
6945,新疆,光伏,2020,36.2137833237648,False,20.0,True,True
6947,新疆,光伏,2020,36.75692796707153,False,20.0,True,True
6953,新疆,光伏,2020,36.77971690893173,False,20.0,True,True
6954,新疆,光伏,2020,36.15293562412262,False,20.0,True,True
6959,新疆,光伏,2020,31.73216164112091,False,20.0,True,True
6961,新疆,光伏,2020,36.15734875202179,False,20.0,True,True
6963,新疆,光伏,2020,34.468384981155396,False,20.0,True,True
6965,新疆,光伏,2020,40.09864389896393,False,20.0,True,True
6968,新疆,光伏,2020,36.15734875202179,False,20.0,True,True
6969,新疆,光伏,2020,37.489854991436005,False,20.0,True,True
697,甘肃,光伏,2020,40.511600375175476,False,20.0,True,True
6973,新疆,光伏,2020,36.15734875202179,False,20.0,True,True
6975,新疆,光伏,2020,37.237333953380585,False,20.0,True,True
6977,新疆,光伏,2020,37.79192537069321,False,20.0,True,True
6981,新疆,光伏,2020,34.233943819999695,False,20.0,True,True
699,甘肃,光伏,2020,39.613615572452545,False,20.0,True,True
6990,新疆,光伏,2020,36.674843430519104,False,20.0,True,True
6995,新疆,光伏,2020,36.60859555006027,False,20.0,True,True
6996,新疆,光伏,2020,36.612949669361115,False,20.0,True,True
6997,新疆,光伏,2020,36.69335424900055,False,20.0,True,True
6998,新疆,光伏,2020,34.00525242090225,False,20.0,True,True
6999,新疆,光伏,2020,33.759196400642395,False,20.0,True,True
7000,新疆,光伏,2020,36.61877006292343,False,20.0,True,True
7001,新疆,光伏,2020,36.4239826798439,False,20.0,True,True
7114,新疆,光伏,2020,37.41663694381714,False,20.0,True,True
7127,新疆,光伏,2020,36.81080996990204,False,20.0,True,True
7145,新疆,光伏,2020,36.81080996990204,False,20.0,True,True
717,甘肃,光伏,2020,40.15790551900864,False,20.0,True,True
720,甘肃,光伏,2020,40.932468473911285,False,20.0,True,True
723,甘肃,光伏,2020,39.49863374233246,False,20.0,True,True
724,甘肃,光伏,2020,40.42436867952347,False,20.0,True,True
7274,新疆,光伏,2020,36.66295945644379,False,20.0,True,True
7284,新疆,光伏,2020,36.66673332452774,False,20.0,True,True
7294,新疆,光伏,2020,36.058053374290466,False,20.0,True,True
731,甘肃,光伏,2020,40.22788792848587,False,20.0,True,True
7325,新疆,光伏,2020,32.95998752117157,False,20.0,True,True
7332,新疆,光伏,2020,32.399473786354065,False,20.0,True,True
734,甘肃,光伏,2020,40.22394597530365,False,20.0,True,True
7341,新疆,光伏,2020,35.25252163410187,False,20.0,True,True
7346,新疆,光伏,2020,35.25252163410187,False,20.0,True,True
736,甘肃,光伏,2020,40.22394597530365,False,20.0,True,True
7361,新疆,光伏,2020,37.11237609386444,False,20.0,True,True
739,甘肃,光伏,2020,40.433203876018524,False,20.0,True,True
742,甘肃,光伏,2020,40.23832619190216,False,20.0,True,True
745,甘肃,光伏,2020,41.92292869091034,False,20.0,True,True
747,甘肃,光伏,2020,39.71808046102524,False,20.0,True,True
750,甘肃,光伏,2020,39.67386156320572,False,20.0,True,True
754,甘肃,光伏,2020,37.91413754224777,False,20.0,True,True
761,甘肃,光伏,2020,42.91466295719147,False,20.0,True,True
764,甘肃,光伏,2020,37.52124309539795,False,20.0,True,True
766,甘肃,光伏,2020,40.5110701918602,False,20.0,True,True
769,甘肃,光伏,2020,37.61152893304825,False,20.0,True,True
770,甘肃,光伏,2020,40.64356327056885,False,20.0,True,True
772,甘肃,光伏,2020,37.54483938217163,False,20.0,True,True
774,甘肃,光伏,2020,42.795856297016144,False,20.0,True,True
778,甘肃,光伏,2020,40.62350928783417,False,20.0,True,True
781,甘肃,光伏,2020,37.57928788661957,False,20.0,True,True
782,甘肃,光伏,2020,40.64799606800079,False,20.0,True,True
784,甘肃,光伏,2020,35.75415015220642,False,20.0,True,True
789,甘肃,光伏,2020,37.54811078310013,False,20.0,True,True
795,甘肃,光伏,2020,42.50327378511429,False,20.0,True,True
796,甘肃,光伏,2020,42.75107145309448,False,20.0,True,True
797,甘肃,光伏,2020,40.02271056175232,False,20.0,True,True
798,甘肃,光伏,2020,40.59675335884094,False,20.0,True,True
7987,青海,光伏,2020,38.65939289331436,False,20.0,True,True
799,甘肃,光伏,2020,39.80458348989487,False,20.0,True,True
800,甘肃,光伏,2020,42.81717270612717,False,20.0,True,True
802,甘肃,光伏,2020,39.93546545505524,False,20.0,True,True
803,甘肃,光伏,2020,40.59675335884094,False,20.0,True,True
807,甘肃,光伏,2020,42.816037237644196,False,20.0,True,True
809,甘肃,光伏,2020,39.967579543590546,False,20.0,True,True
810,甘肃,光伏,2020,40.629082918167114,False,20.0,True,True
813,甘肃,光伏,2020,42.80796825885773,False,20.0,True,True
814,甘肃,光伏,2020,39.98543590307236,False,20.0,True,True
816,甘肃,光伏,2020,40.67502200603485,False,20.0,True,True
817,甘肃,光伏,2020,39.94305968284607,False,20.0,True,True
821,甘肃,光伏,2020,40.596754252910614,False,20.0,True,True
8216,青海,光伏,2020,33.2280957698822,False,20.0,True,True
8217,青海,光伏,2020,37.091217041015625,False,20.0,True,True
824,甘肃,光伏,2020,40.01215875148773,False,20.0,True,True
827,甘肃,光伏,2020,36.21266573667526,False,20.0,True,True
8273,青海,光伏,2020,38.5758250951767,False,20.0,True,True
8281,青海,光伏,2020,38.85668188333511,False,20.0,True,True
8290,青海,光伏,2020,38.74286949634552,False,20.0,True,True
8305,青海,光伏,2020,39.08660352230072,False,20.0,True,True
8309,青海,光伏,2020,38.88147085905075,False,20.0,True,True
8314,青海,光伏,2020,32.34520465135574,False,20.0,True,True
8317,青海,光伏,2020,39.10223811864853,False,20.0,True,True
832,甘肃,光伏,2020,37.64328807592392,False,20.0,True,True
8326,青海,光伏,2020,32.18516707420349,False,20.0,True,True
8380,青海,光伏,2020,33.49938690662384,False,20.0,True,True
8398,青海,光伏,2020,39.90268260240555,False,20.0,True,True
8399,青海,光伏,2020,40.01778870820999,False,20.0,True,True
843,甘肃,光伏,2020,35.7313933968544,False,20.0,True,True
847,甘肃,光伏,2020,40.117220878601074,False,20.0,True,True
848,甘肃,光伏,2020,37.65933573246002,False,20.0,True,True
850,甘肃,光伏,2020,39.82521951198578,False,20.0,True,True
851,甘肃,光伏,2020,36.09894096851349,False,20.0,True,True
854,甘肃,光伏,2020,40.1482692360878,False,20.0,True,True
856,甘肃,光伏,2020,37.729142010211945,False,20.0,True,True
859,甘肃,光伏,2020,40.28201758861542,False,20.0,True,True
8608,西藏,光伏,2020,33.91190081834793,False,20.0,True,True
862,甘肃,光伏,2020,43.005145490169525,False,20.0,True,True
863,甘肃,光伏,2020,42.886598110198975,False,20.0,True,True
867,甘肃,光伏,2020,39.98968094587326,False,20.0,True,True
870,甘肃,光伏,2020,40.247873067855835,False,20.0,True,True
873,甘肃,光伏,2020,43.005145490169525,False,20.0,True,True
875,甘肃,光伏,2020,38.16967248916626,False,20.0,True,True
876,甘肃,光伏,2020,40.282015800476074,False,20.0,True,True
880,甘肃,光伏,2020,37.71635055541992,False,20.0,True,True
882,甘肃,光伏,2020,40.00325828790665,False,20.0,True,True
883,甘肃,光伏,2020,37.7508607506752,False,20.0,True,True
886,甘肃,光伏,2020,38.20267617702484,False,20.0,True,True
888,甘肃,光伏,2020,35.7313933968544,False,20.0,True,True
894,甘肃,光伏,2020,37.65933573246002,False,20.0,True,True
895,甘肃,光伏,2020,37.856774032115936,False,20.0,True,True
897,甘肃,光伏,2020,37.65933573246002,False,20.0,True,True
906,甘肃,光伏,2020,35.699056684970856,False,20.0,True,True
908,甘肃,光伏,2020,35.769096314907074,False,20.0,True,True
912,甘肃,光伏,2020,35.76866805553436,False,20.0,True,True
918,甘肃,光伏,2020,35.76866805553436,False,20.0,True,True
922,甘肃,光伏,2020,40.33089190721512,False,20.0,True,True
927,甘肃,光伏,2020,41.491651833057404,False,20.0,True,True
931,甘肃,光伏,2020,40.64413011074066,False,20.0,True,True
933,甘肃,光伏,2020,40.643704533576965,False,20.0,True,True
935,甘肃,光伏,2020,40.69833308458328,False,20.0,True,True
943,甘肃,光伏,2020,40.659004747867584,False,20.0,True,True
946,甘肃,光伏,2020,42.81854689121246,False,20.0,True,True
948,甘肃,光伏,2020,40.64242780208588,False,20.0,True,True
9537,青海,光伏,2020,33.49938690662384,False,20.0,True,True
954,甘肃,光伏,2020,40.65906465053558,False,20.0,True,True
957,甘肃,光伏,2020,40.599418580532074,False,20.0,True,True
9579,青海,光伏,2020,38.65939289331436,False,20.0,True,True
959,甘肃,光伏,2020,37.96738564968109,False,20.0,True,True
961,甘肃,光伏,2020,41.46840423345566,False,20.0,True,True
963,甘肃,光伏,2020,41.493439078330994,False,20.0,True,True
969,甘肃,光伏,2020,40.055085718631744,False,20.0,True,True
970,甘肃,光伏,2020,40.02146065235138,False,20.0,True,True
971,甘肃,光伏,2020,38.87163162231445,False,20.0,True,True
990,甘肃,光伏,2020,41.187143325805664,False,20.0,True,True
991,甘肃,光伏,2020,41.12349987030029,False,20.0,True,True
992,甘肃,光伏,2020,38.97895663976669,False,20.0,True,True
W1057,广西,风电,2020,40.153360068798065,False,20.0,True,True
W107,甘肃,风电,2020,43.0415278673172,False,20.0,True,True
W108,甘肃,风电,2020,43.040072321891785,False,20.0,True,True
W109,甘肃,风电,2020,42.433768808841705,False,20.0,True,True
W110,甘肃,风电,2020,42.20330536365509,False,20.0,True,True
W113,甘肃,风电,2020,40.87223321199417,False,20.0,True,True
W1130,河北,风电,2020,40.21773934364319,False,20.0,True,True
W1134,河北,风电,2020,42.36586421728134,False,20.0,True,True
W114,甘肃,风电,2020,34.34321254491806,False,20.0,True,True
W115,甘肃,风电,2020,40.46265810728073,False,20.0,True,True
W116,甘肃,风电,2020,36.332775950431824,False,20.0,True,True
W117,甘肃,风电,2020,35.84255576133728,False,20.0,True,True
W119,甘肃,风电,2020,39.3277770280838,False,20.0,True,True
W121,甘肃,风电,2020,40.76636731624603,False,20.0,True,True
W122,甘肃,风电,2020,40.843849182128906,False,20.0,True,True
W123,甘肃,风电,2020,40.6821745634079,False,20.0,True,True
W126,甘肃,风电,2020,43.04636478424072,False,20.0,True,True
W127,甘肃,风电,2020,39.71901923418045,False,20.0,True,True
W128,甘肃,风电,2020,40.236168801784515,False,20.0,True,True
W1280,河北,风电,2020,35.89982897043228,False,20.0,True,True
W1284,河北,风电,2020,38.314832746982574,False,20.0,True,True
W129,甘肃,风电,2020,39.74862277507782,False,20.0,True,True
W131,甘肃,风电,2020,40.14046132564545,False,20.0,True,True
W132,甘肃,风电,2020,39.84127074480057,False,20.0,True,True
W133,甘肃,风电,2020,39.98013496398926,False,20.0,True,True
W134,甘肃,风电,2020,39.873187243938446,False,20.0,True,True
W135,甘肃,风电,2020,43.18522274494171,False,20.0,True,True
W136,甘肃,风电,2020,33.37503433227539,False,20.0,True,True
W1360,河北,风电,2020,34.218418300151825,False,20.0,True,True
W1362,河北,风电,2020,34.218418300151825,False,20.0,True,True
W1374,河北,风电,2020,33.84398102760315,False,20.0,True,True
W1376,河北,风电,2020,34.52021151781082,False,20.0,True,True
W138,甘肃,风电,2020,32.86725550889969,False,20.0,True,True
W1387,河北,风电,2020,34.106767773628235,False,20.0,True,True
W1389,河北,风电,2020,35.502360463142395,False,20.0,True,True
W139,甘肃,风电,2020,33.27374428510666,False,20.0,True,True
W140,甘肃,风电,2020,30.88369846343994,False,20.0,True,True
W141,甘肃,风电,2020,36.91002041101456,False,20.0,True,True
W1482,海南,风电,2020,38.06183874607086,False,20.0,True,True
W1483,海南,风电,2020,31.507826149463654,False,20.0,True,True
W1502,河北,风电,2020,39.095608592033386,False,20.0,True,True
W1509,河北,风电,2020,37.80902534723282,False,20.0,True,True
W1520,河北,风电,2020,42.910616397857666,False,20.0,True,True
W1529,河北,风电,2020,35.67695885896683,False,20.0,True,True
W1533,河北,风电,2020,42.925263941287994,False,20.0,True,True
W1693,河北,风电,2020,40.18314063549042,False,20.0,True,True
W1769,广西,风电,2020,42.10487723350525,False,20.0,True,True
W1774,广西,风电,2020,41.27829819917679,False,20.0,True,True
W1866,河北,风电,2020,39.345979392528534,False,20.0,True,True
W1887,河北,风电,2020,39.90565538406372,False,20.0,True,True
W1892,河北,风电,2020,36.70059531927109,False,20.0,True,True
W2237,黑龙江,风电,2020,33.06111127138138,False,20.0,True,True
W2263,河北,风电,2020,36.56136900186539,False,20.0,True,True
W2266,河北,风电,2020,36.33731871843338,False,20.0,True,True
W2282,黑龙江,风电,2020,31.676529049873352,False,20.0,True,True
W2377,河北,风电,2020,42.25028246641159,False,20.0,True,True
W2379,黑龙江,风电,2020,30.52144020795822,False,4.0,False,False
W2383,黑龙江,风电,2020,34.92225408554077,False,20.0,True,True
W2404,黑龙江,风电,2020,33.47121924161911,False,20.0,True,True
W2420,黑龙江,风电,2020,40.15383034944534,False,20.0,True,True
W2431,河北,风电,2020,39.932553470134735,False,20.0,True,True
W2435,黑龙江,风电,2020,40.16678184270859,False,20.0,True,True
W2436,河北,风电,2020,40.891132950782776,False,20.0,True,True
W2441,河北,风电,2020,40.084234178066254,False,20.0,True,True
W2456,黑龙江,风电,2020,40.05981802940369,False,20.0,True,True
W2466,黑龙江,风电,2020,29.002293348312378,False,2.0,False,False
W2471,黑龙江,风电,2020,31.263895332813263,False,20.0,True,True
W2475,黑龙江,风电,2020,32.10477948188782,False,20.0,True,True
W2482,河北,风电,2020,40.01809626817703,False,20.0,True,True
W2488,河北,风电,2020,40.16748905181885,False,20.0,True,True
W2495,黑龙江,风电,2020,29.151809513568878,False,2.1,False,False
W2497,黑龙江,风电,2020,31.615991592407227,False,20.0,True,True
W2504,黑龙江,风电,2020,30.940033793449402,False,4.2,False,False
W2507,河北,风电,2020,40.09532153606415,False,20.0,True,True
W2515,河北,风电,2020,39.80489730834961,False,20.0,True,True
W2525,河北,风电,2020,40.622050166130066,False,20.0,True,True
W2557,河北,风电,2020,34.546001851558685,False,20.0,True,True
W2567,黑龙江,风电,2020,34.61589574813843,False,20.0,True,True
W2577,黑龙江,风电,2020,36.32371813058853,False,20.0,True,True
W2604,黑龙江,风电,2020,31.309863924980164,False,20.0,True,True
W2635,黑龙江,风电,2020,31.86846435070038,False,20.0,True,True
W2670,黑龙江,风电,2020,35.92555493116379,False,20.0,True,True
W2710,黑龙江,风电,2020,30.620344877243042,False,3.9,False,False
W2713,黑龙江,风电,2020,30.484821796417236,False,3.7,False,False
W2720,黑龙江,风电,2020,30.731053948402405,False,4.1,False,False
W2724,黑龙江,风电,2020,30.84476262331009,False,4.2,False,False
W2736,黑龙江,风电,2020,30.23156851530075,False,3.4,False,False
W2751,黑龙江,风电,2020,29.991061091423035,False,3.1,False,False
W2766,黑龙江,风电,2020,29.855327904224396,False,2.9,False,False
W2792,河北,风电,2020,42.676964700222015,False,20.0,True,True
W2800,黑龙江,风电,2020,31.56895637512207,False,20.0,True,True
W2803,黑龙江,风电,2020,31.147469580173492,False,4.5,False,False
W2813,黑龙江,风电,2020,39.50600445270538,False,20.0,True,True
W2822,黑龙江,风电,2020,35.81728130578995,False,20.0,True,True
W2843,黑龙江,风电,2020,31.805664002895355,False,20.0,True,True
W2857,黑龙江,风电,2020,32.02635169029236,False,20.0,True,True
W2868,黑龙江,风电,2020,38.693280816078186,False,20.0,True,True
W2877,黑龙江,风电,2020,39.22637611627579,False,20.0,True,True
W2907,黑龙江,风电,2020,39.970183074474335,False,20.0,True,True
W2911,黑龙江,风电,2020,30.909257233142853,False,4.6,False,False
W2919,黑龙江,风电,2020,35.772956907749176,False,20.0,True,True
W2924,黑龙江,风电,2020,34.80546534061432,False,20.0,True,True
W2966,黑龙江,风电,2020,34.41814720630646,False,20.0,True,True
W2975,黑龙江,风电,2020,43.18711817264557,False,20.0,True,True
W3141,内蒙古,风电,2020,33.42972904443741,False,20.0,True,True
W3191,内蒙古,风电,2020,33.842942118644714,False,20.0,True,True
W3274,内蒙古,风电,2020,42.259906232357025,False,20.0,True,True
W4016,内蒙古,风电,2020,32.878535091876984,False,20.0,True,True
W4047,内蒙古,风电,2020,32.27422893047333,False,20.0,True,True
W4050,内蒙古,风电,2020,32.858334481716156,False,20.0,True,True
W4053,内蒙古,风电,2020,27.49830186367035,False,0.6,False,False
W4054,内蒙古,风电,2020,35.28838723897934,False,20.0,True,True
W4055,内蒙古,风电,2020,27.717670798301697,False,0.8,False,False
W4056,内蒙古,风电,2020,27.537578344345093,False,0.6,False,False
W4060,内蒙古,风电,2020,27.587976157665253,False,0.7,False,False
W4062,内蒙古,风电,2020,32.27422893047333,False,20.0,True,True
W4068,内蒙古,风电,2020,27.465154230594635,False,0.6,False,False
W4101,内蒙古,风电,2020,31.729643046855927,False,20.0,True,True
W4268,内蒙古,风电,2020,31.61589950323105,False,20.0,True,True
W4304,内蒙古,风电,2020,32.13086038827896,False,20.0,True,True
W4313,内蒙古,风电,2020,28.489428162574768,False,1.5,False,False
W4348,内蒙古,风电,2020,28.329926133155823,False,1.2,False,False
W4386,内蒙古,风电,2020,35.5785146355629,False,20.0,True,True
W4461,内蒙古,风电,2020,42.427320778369904,False,20.0,True,True
W4475,内蒙古,风电,2020,36.86776667833328,False,20.0,True,True
W4484,内蒙古,风电,2020,41.62348598241806,False,20.0,True,True
W4505,内蒙古,风电,2020,36.95405960083008,False,20.0,True,True
W4510,内蒙古,风电,2020,37.44973540306091,False,20.0,True,True
W4517,内蒙古,风电,2020,37.67484337091446,False,20.0,True,True
W4522,内蒙古,风电,2020,37.79898762702942,False,20.0,True,True
W4533,内蒙古,风电,2020,31.084928512573242,False,20.0,True,True
W4551,内蒙古,风电,2020,33.69171380996704,False,20.0,True,True
W4603,内蒙古,风电,2020,34.308627247810364,False,20.0,True,True
W4611,内蒙古,风电,2020,33.21289122104645,False,20.0,True,True
W4690,内蒙古,风电,2020,34.259276390075684,False,20.0,True,True
W4736,内蒙古,风电,2020,34.56815958023071,False,20.0,True,True
W4753,内蒙古,风电,2020,34.492358565330505,False,20.0,True,True
W4760,内蒙古,风电,2020,29.7304505109787,False,2.8,False,False
W4783,内蒙古,风电,2020,36.42269164323807,False,20.0,True,True
W4791,内蒙古,风电,2020,37.463035583496094,False,20.0,True,True
W4807,内蒙古,风电,2020,41.470973789691925,False,20.0,True,True
W4808,内蒙古,风电,2020,36.82667702436447,False,20.0,True,True
W4814,内蒙古,风电,2020,39.16262000799179,False,20.0,True,True
W4815,内蒙古,风电,2020,37.79060572385788,False,20.0,True,True
W4827,内蒙古,风电,2020,27.97568768262863,False,1.0,False,False
W4832,内蒙古,风电,2020,37.95631259679794,False,20.0,True,True
W4837,内蒙古,风电,2020,38.04449826478958,False,20.0,True,True
W4852,内蒙古,风电,2020,33.21252107620239,False,20.0,True,True
W4875,内蒙古,风电,2020,30.987505316734314,False,20.0,True,True
W4888,内蒙古,风电,2020,31.04624032974243,False,20.0,True,True
W4968,内蒙古,风电,2020,35.721435248851776,False,20.0,True,True
W4991,内蒙古,风电,2020,37.02429860830307,False,20.0,True,True
W5007,青海,风电,2020,38.815264999866486,False,20.0,True,True
W5009,青海,风电,2020,38.815264999866486,False,20.0,True,True
W5010,青海,风电,2020,38.815264999866486,False,20.0,True,True
W5014,青海,风电,2020,38.87452930212021,False,20.0,True,True
W5019,青海,风电,2020,38.866939544677734,False,20.0,True,True
W5021,青海,风电,2020,40.350197553634644,False,20.0,True,True
W5022,青海,风电,2020,38.815264999866486,False,20.0,True,True
W5025,青海,风电,2020,39.15311515331268,False,20.0,True,True
W503,甘肃,风电,2020,41.86647802591324,False,20.0,True,True
W5035,青海,风电,2020,40.46396344900131,False,20.0,True,True
W5112,辽宁,风电,2020,28.107494115829468,False,1.1,False,False
W5305,辽宁,风电,2020,33.90929192304611,False,20.0,True,True
W5423,辽宁,风电,2020,39.70198184251785,False,20.0,True,True
W5501,山东,风电,2020,30.536578595638275,False,3.9,False,False
W5754,青海,风电,2020,40.389571487903595,False,20.0,True,True
W5824,吉林,风电,2020,27.799613177776337,False,0.9,False,False
W583,甘肃,风电,2020,41.48084878921509,False,20.0,True,True
W584,甘肃,风电,2020,41.53211206197739,False,20.0,True,True
W585,甘肃,风电,2020,41.368396282196045,False,20.0,True,True
W5967,辽宁,风电,2020,32.58845776319504,False,20.0,True,True
W6236,山东,风电,2020,38.50446671247482,False,20.0,True,True
W6268,山西,风电,2020,35.50330013036728,False,20.0,True,True
W6270,山西,风电,2020,36.23747169971466,False,20.0,True,True
W6271,山西,风电,2020,35.801080763339996,False,20.0,True,True
W6339,山东,风电,2020,30.537345707416534,False,3.9,False,False
W6352,山东,风电,2020,41.64467096328735,False,20.0,True,True
W6360,山东,风电,2020,39.063329100608826,False,20.0,True,True
W6375,山东,风电,2020,32.83140331506729,False,20.0,True,True
W6384,山东,风电,2020,32.97436684370041,False,20.0,True,True
W6386,山东,风电,2020,32.97370433807373,False,20.0,True,True
W6450,山西,风电,2020,38.323592841625214,False,20.0,True,True
W6656,山西,风电,2020,41.35973185300827,False,20.0,True,True
W6702,山西,风电,2020,42.493672370910645,False,20.0,True,True
W6723,山西,风电,2020,33.36094915866852,False,20.0,True,True
W6866,山西,风电,2020,40.79003244638443,False,20.0,True,True
W6906,山西,风电,2020,39.9121955037117,False,20.0,True,True
W6910,山东,风电,2020,30.10089486837387,False,3.3,False,False
W6915,山西,风电,2020,37.53174841403961,False,20.0,True,True
W6918,山东,风电,2020,30.256766974925995,False,3.5,False,False
W6931,山东,风电,2020,30.63029944896698,False,3.9,False,False
W6937,山东,风电,2020,31.808474957942963,False,20.0,True,True
W6945,山东,风电,2020,43.1995564699173,False,20.0,True,True
W6954,山东,风电,2020,31.620267033576965,False,20.0,True,True
W6956,山东,风电,2020,30.837786197662354,False,4.3,False,False
W7010,新疆,风电,2020,42.07222580909729,False,20.0,True,True
W7013,新疆,风电,2020,40.036265552043915,False,20.0,True,True
W7016,新疆,风电,2020,41.72557711601257,False,20.0,True,True
W7019,山西,风电,2020,38.6158686876297,False,20.0,True,True
W7029,山西,风电,2020,38.6314058303833,False,20.0,True,True
W7080,山西,风电,2020,39.77153688669205,False,20.0,True,True
W7124,山西,风电,2020,36.01738393306732,False,20.0,True,True
W7125,山西,风电,2020,36.552394330501556,False,20.0,True,True
W7126,山西,风电,2020,41.93132936954498,False,20.0,True,True
W7127,山西,风电,2020,36.77659124135971,False,20.0,True,True
W7177,山西,风电,2020,40.94401717185974,False,20.0,True,True
W7183,山西,风电,2020,41.70558571815491,False,20.0,True,True
W7192,新疆,风电,2020,32.66666293144226,False,20.0,True,True
W7196,山西,风电,2020,37.15123772621155,False,20.0,True,True
W7208,新疆,风电,2020,30.856880843639374,False,20.0,True,True
W7224,新疆,风电,2020,38.34330081939697,False,20.0,True,True
W7233,新疆,风电,2020,31.1231330037117,False,20.0,True,True
W7243,新疆,风电,2020,31.578227877616882,False,20.0,True,True
W7245,新疆,风电,2020,34.17040675878525,False,20.0,True,True
W7248,山西,风电,2020,34.3686506152153,False,20.0,True,True
W7253,山西,风电,2020,38.87313097715378,False,20.0,True,True
W7260,山西,风电,2020,34.86690580844879,False,20.0,True,True
W7265,新疆,风电,2020,34.002140164375305,False,20.0,True,True
W7272,新疆,风电,2020,33.59485477209091,False,20.0,True,True
W7277,山西,风电,2020,33.82879078388214,False,20.0,True,True
W7355,西藏,风电,2020,40.57856351137161,False,20.0,True,True
W7371,山西,风电,2020,34.03464674949646,False,20.0,True,True
W7380,新疆,风电,2020,33.87485146522522,False,20.0,True,True
W7382,山西,风电,2020,35.77101945877075,False,20.0,True,True
W7395,新疆,风电,2020,38.44339370727539,False,20.0,True,True
W7399,新疆,风电,2020,33.951577842235565,False,20.0,True,True
W7402,新疆,风电,2020,34.026025235652924,False,20.0,True,True
W7408,山西,风电,2020,34.55573916435242,False,20.0,True,True
W7409,新疆,风电,2020,38.10421407222748,False,20.0,True,True
W7410,新疆,风电,2020,40.35726875066757,False,20.0,True,True
W7424,新疆,风电,2020,34.339180290699005,False,20.0,True,True
W7431,新疆,风电,2020,34.305666983127594,False,20.0,True,True
W7439,新疆,风电,2020,34.433605670928955,False,20.0,True,True
W7446,新疆,风电,2020,35.562237203121185,False,20.0,True,True
W7447,新疆,风电,2020,34.484156370162964,False,20.0,True,True
W7460,新疆,风电,2020,32.00752705335617,False,20.0,True,True
W7468,新疆,风电,2020,32.20178961753845,False,20.0,True,True
W7474,山西,风电,2020,29.296970665454865,False,2.4,False,False
W7477,新疆,风电,2020,31.319140791893005,False,20.0,True,True
W7479,山西,风电,2020,40.084564089775085,False,20.0,True,True
W7480,新疆,风电,2020,31.074043214321136,False,20.0,True,True
W7487,新疆,风电,2020,33.34764003753662,False,20.0,True,True
W7492,山西,风电,2020,39.484921395778656,False,20.0,True,True
W7493,新疆,风电,2020,37.97457665205002,False,20.0,True,True
W7495,新疆,风电,2020,33.34764003753662,False,20.0,True,True
W7505,新疆,风电,2020,37.475591003894806,False,20.0,True,True
W7508,新疆,风电,2020,31.13529235124588,False,20.0,True,True
W7514,山西,风电,2020,34.47336584329605,False,20.0,True,True
W7515,山西,风电,2020,37.85378247499466,False,20.0,True,True
W7516,新疆,风电,2020,33.598123490810394,False,20.0,True,True
W7520,山西,风电,2020,34.43214029073715,False,20.0,True,True
W7521,山西,风电,2020,35.43373167514801,False,20.0,True,True
W7522,新疆,风电,2020,32.84062385559082,False,20.0,True,True
W7535,山西,风电,2020,34.514353573322296,False,20.0,True,True
W7545,新疆,风电,2020,32.76659309864044,False,20.0,True,True
W7546,新疆,风电,2020,32.69390523433685,False,20.0,True,True
W7560,新疆,风电,2020,32.27779448032379,False,20.0,True,True
W7567,新疆,风电,2020,35.902632772922516,False,20.0,True,True
W7568,新疆,风电,2020,33.59519720077515,False,20.0,True,True
W7578,新疆,风电,2020,34.99934792518616,False,20.0,True,True
W7592,新疆,风电,2020,34.58217769861221,False,20.0,True,True
W7603,山西,风电,2020,42.59561330080032,False,20.0,True,True
W7611,山西,风电,2020,42.42851972579956,False,20.0,True,True
W7615,新疆,风电,2020,42.41932690143585,False,20.0,True,True
W7626,山西,风电,2020,41.14933490753174,False,20.0,True,True
W7639,山西,风电,2020,41.80267810821533,False,20.0,True,True
W7650,新疆,风电,2020,31.634773313999176,False,20.0,True,True
W7664,新疆,风电,2020,37.525746524333954,False,20.0,True,True
W7683,新疆,风电,2020,34.10179674625397,False,20.0,True,True
W7693,山西,风电,2020,40.98683148622513,False,20.0,True,True
W7700,山西,风电,2020,41.38456732034683,False,20.0,True,True
W7725,新疆,风电,2020,42.519493997097015,False,20.0,True,True
W7727,新疆,风电,2020,34.222754538059235,False,20.0,True,True
W7735,新疆,风电,2020,35.39881110191345,False,20.0,True,True
W7757,新疆,风电,2020,31.61914497613907,False,20.0,True,True
W7776,新疆,风电,2020,41.48756951093674,False,20.0,True,True
W7784,新疆,风电,2020,35.69569319486618,False,20.0,True,True
W7787,新疆,风电,2020,36.62755072116852,False,20.0,True,True
W7789,山西,风电,2020,37.69211858510971,False,20.0,True,True
W7794,山西,风电,2020,39.28721308708191,False,20.0,True,True
W7799,山西,风电,2020,37.86247283220291,False,20.0,True,True
W7806,新疆,风电,2020,32.19821333885193,False,20.0,True,True
W7812,山西,风电,2020,36.68750524520874,False,20.0,True,True
W7816,新疆,风电,2020,34.88272726535797,False,20.0,True,True
W7819,山西,风电,2020,40.84093540906906,False,20.0,True,True
W7829,山西,风电,2020,39.40323203802109,False,20.0,True,True
W7830,山西,风电,2020,37.92741000652313,False,20.0,True,True
W7838,山西,风电,2020,34.37519431114197,False,20.0,True,True
W7844,新疆,风电,2020,42.203111350536346,False,20.0,True,True
W7850,山西,风电,2020,35.73475241661072,False,20.0,True,True
W7851,新疆,风电,2020,38.46769630908966,False,20.0,True,True
W7852,山西,风电,2020,34.51987266540527,False,20.0,True,True
W7865,新疆,风电,2020,38.24705511331558,False,20.0,True,True
W7877,山西,风电,2020,36.279801428318024,False,20.0,True,True
W7883,新疆,风电,2020,34.193572998046875,False,20.0,True,True
W7884,山西,风电,2020,36.11178159713745,False,20.0,True,True
W7887,新疆,风电,2020,31.721217334270477,False,20.0,True,True
W7890,新疆,风电,2020,36.412406265735626,False,20.0,True,True
W7904,新疆,风电,2020,32.34352111816406,False,20.0,True,True
W7909,山西,风电,2020,41.893706023693085,False,20.0,True,True
W7927,新疆,风电,2020,36.20565176010132,False,20.0,True,True
W7935,山西,风电,2020,36.307574808597565,False,20.0,True,True
W7941,山西,风电,2020,36.299560368061066,False,20.0,True,True
W7948,山西,风电,2020,33.724088966846466,False,20.0,True,True
W7953,山西,风电,2020,37.458409667015076,False,20.0,True,True
W7958,山西,风电,2020,33.60209047794342,False,20.0,True,True
W7970,山西,风电,2020,43.08431535959244,False,20.0,True,True
W7978,山西,风电,2020,37.014379799366,False,20.0,True,True
W8000,新疆,风电,2020,40.6318661570549,False,20.0,True,True
W8045,云南,风电,2020,35.23182570934296,False,20.0,True,True
W8050,云南,风电,2020,35.23182660341263,False,20.0,True,True
W8096,云南,风电,2020,34.88227218389511,False,20.0,True,True
W8098,云南,风电,2020,41.497940719127655,False,20.0,True,True
W8162,云南,风电,2020,39.04268682003021,False,20.0,True,True
W8214,云南,风电,2020,43.09668838977814,False,20.0,True,True
W912,甘肃,风电,2020,34.79663461446762,False,20.0,True,True
W922,甘肃,风电,2020,35.26441812515259,False,20.0,True,True
W925,甘肃,风电,2020,34.93814706802368,False,20.0,True,True
W985,甘肃,风电,2020,33.81449729204178,False,20.0,True,True
W994,甘肃,风电,2020,33.95674288272858,False,20.0,True,True
102,甘肃,光伏,2021,39.69117969274521,False,20.0,True,True
103,甘肃,光伏,2021,40.104392766952515,False,20.0,True,True
104,甘肃,光伏,2021,40.371868908405304,False,20.0,True,True
105,甘肃,光伏,2021,40.80434113740921,False,20.0,True,True
106,甘肃,光伏,2021,40.616161823272705,False,20.0,True,True
107,甘肃,光伏,2021,38.493497371673584,False,20.0,True,True
108,甘肃,光伏,2021,38.48504304885864,False,20.0,True,True
109,甘肃,光伏,2021,40.81322371959686,False,20.0,True,True
110,甘肃,光伏,2021,40.14181852340698,False,20.0,True,True
111,甘肃,光伏,2021,40.10898023843765,False,20.0,True,True
112,甘肃,光伏,2021,40.162032544612885,False,20.0,True,True
113,甘肃,光伏,2021,42.62106120586395,False,20.0,True,True
114,甘肃,光伏,2021,40.112166702747345,False,20.0,True,True
115,甘肃,光伏,2021,40.123509764671326,False,20.0,True,True
116,甘肃,光伏,2021,39.46725636720657,False,20.0,True,True
117,甘肃,光伏,2021,39.66137498617172,False,20.0,True,True
118,甘肃,光伏,2021,39.69946771860123,False,20.0,True,True
119,甘肃,光伏,2021,39.43054139614105,False,20.0,True,True
121,甘肃,光伏,2021,40.543456077575684,False,20.0,True,True
122,甘肃,光伏,2021,40.60000240802765,False,20.0,True,True
12469,青海,光伏,2021,34.19998079538345,False,20.0,True,True
125,甘肃,光伏,2021,40.84220767021179,False,20.0,True,True
126,甘肃,光伏,2021,38.64324778318405,False,20.0,True,True
12628,新疆,光伏,2021,40.03279387950897,False,20.0,True,True
130,甘肃,光伏,2021,40.268962383270264,False,20.0,True,True
131,甘肃,光伏,2021,40.23115575313568,False,20.0,True,True
142,甘肃,光伏,2021,39.28523272275925,False,20.0,True,True
146,甘肃,光伏,2021,39.288559556007385,False,20.0,True,True
149,甘肃,光伏,2021,39.2269903421402,False,20.0,True,True
151,甘肃,光伏,2021,38.90810966491699,False,20.0,True,True
154,甘肃,光伏,2021,39.226517379283905,False,20.0,True,True
155,甘肃,光伏,2021,41.419023871421814,False,20.0,True,True
156,甘肃,光伏,2021,41.4189550280571,False,20.0,True,True
157,甘肃,光伏,2021,41.04238897562027,False,20.0,True,True
158,甘肃,光伏,2021,40.31037211418152,False,20.0,True,True
159,甘肃,光伏,2021,40.39127469062805,False,20.0,True,True
161,甘肃,光伏,2021,41.30965858697891,False,20.0,True,True
163,甘肃,光伏,2021,41.14657312631607,False,20.0,True,True
170,甘肃,光伏,2021,38.57653588056564,False,20.0,True,True
171,甘肃,光伏,2021,38.98761749267578,False,20.0,True,True
172,甘肃,光伏,2021,38.66056501865387,False,20.0,True,True
175,甘肃,光伏,2021,39.65828776359558,False,20.0,True,True
176,甘肃,光伏,2021,38.72472435235977,False,20.0,True,True
178,甘肃,光伏,2021,37.84181088209152,False,20.0,True,True
179,甘肃,光伏,2021,38.79438132047653,False,20.0,True,True
181,甘肃,光伏,2021,38.52232217788696,False,20.0,True,True
183,甘肃,光伏,2021,42.347555458545685,False,20.0,True,True
185,甘肃,光伏,2021,42.479873299598694,False,20.0,True,True
187,甘肃,光伏,2021,39.46565955877304,False,20.0,True,True
188,甘肃,光伏,2021,38.23737233877182,False,20.0,True,True
189,甘肃,光伏,2021,39.44339007139206,False,20.0,True,True
195,甘肃,光伏,2021,41.9044554233551,False,20.0,True,True
199,甘肃,光伏,2021,38.86438071727753,False,20.0,True,True
3107,内蒙古,光伏,2021,42.65922546386719,False,20.0,True,True
3164,内蒙古,光伏,2021,43.06336998939514,False,20.0,True,True
3337,内蒙古,光伏,2021,43.244708776474,False,20.0,True,True
3340,内蒙古,光伏,2021,41.78117394447327,False,20.0,True,True
3452,内蒙古,光伏,2021,41.475573778152466,False,20.0,True,True
3785,内蒙古,光伏,2021,42.51755028963089,False,20.0,True,True
3808,内蒙古,光伏,2021,42.0270574092865,False,20.0,True,True
3885,内蒙古,光伏,2021,42.923947870731354,False,20.0,True,True
3910,内蒙古,光伏,2021,43.17799597978592,False,20.0,True,True
404,甘肃,光伏,2021,38.90886604785919,False,20.0,True,True
4040,青海,光伏,2021,29.060869216918945,False,2.0,False,False
405,甘肃,光伏,2021,39.294365644454956,False,20.0,True,True
4077,陕西,光伏,2021,41.54738277196884,False,20.0,True,True
4107,陕西,光伏,2021,42.64664143323898,False,20.0,True,True
4117,青海,光伏,2021,29.060869216918945,False,2.0,False,False
4127,青海,光伏,2021,28.884209096431732,False,1.9,False,False
4128,青海,光伏,2021,28.884209096431732,False,1.9,False,False
4129,青海,光伏,2021,28.884209096431732,False,1.9,False,False
413,甘肃,光伏,2021,38.49421799182892,False,20.0,True,True
4130,青海,光伏,2021,28.91882300376892,False,1.9,False,False
4132,青海,光伏,2021,28.91882300376892,False,1.9,False,False
4133,青海,光伏,2021,28.91882300376892,False,1.9,False,False
4134,青海,光伏,2021,29.116528630256653,False,2.1,False,False
4135,青海,光伏,2021,29.116528630256653,False,2.1,False,False
4139,青海,光伏,2021,28.692768216133118,False,1.7,False,False
4141,青海,光伏,2021,28.66653800010681,False,1.7,False,False
4144,青海,光伏,2021,29.25620824098587,False,2.2,False,False
4145,青海,光伏,2021,29.25620824098587,False,2.2,False,False
4147,青海,光伏,2021,28.833247125148773,False,1.8,False,False
4148,青海,光伏,2021,28.833247125148773,False,1.8,False,False
4151,青海,光伏,2021,28.68689775466919,False,1.7,False,False
4154,青海,光伏,2021,31.001639664173126,False,20.0,True,True
4160,青海,光伏,2021,31.001639664173126,False,20.0,True,True
4161,青海,光伏,2021,30.981103777885437,False,20.0,True,True
4163,青海,光伏,2021,31.0010826587677,False,20.0,True,True
4167,青海,光伏,2021,31.011300086975098,False,20.0,True,True
4173,青海,光伏,2021,32.97980010509491,False,20.0,True,True
4176,青海,光伏,2021,30.896831452846527,False,4.5,False,False
4179,青海,光伏,2021,31.001639664173126,False,20.0,True,True
418,甘肃,光伏,2021,40.93012422323227,False,20.0,True,True
4180,青海,光伏,2021,31.001639664173126,False,20.0,True,True
4182,青海,光伏,2021,31.001639664173126,False,20.0,True,True
4189,青海,光伏,2021,31.001639664173126,False,20.0,True,True
4191,青海,光伏,2021,34.69402760267258,False,20.0,True,True
4192,青海,光伏,2021,29.422942399978638,False,2.4,False,False
4193,青海,光伏,2021,32.06786245107651,False,20.0,True,True
4195,青海,光伏,2021,29.390552937984467,False,2.4,False,False
4197,青海,光伏,2021,32.12216556072235,False,20.0,True,True
4199,青海,光伏,2021,29.392280280590057,False,2.4,False,False
420,甘肃,光伏,2021,40.90586990118027,False,20.0,True,True
4218,陕西,光伏,2021,43.179101049900055,False,20.0,True,True
422,甘肃,光伏,2021,38.80016952753067,False,20.0,True,True
4242,青海,光伏,2021,29.127548933029175,False,2.1,False,False
4250,青海,光伏,2021,29.127548933029175,False,2.1,False,False
428,甘肃,光伏,2021,39.10808265209198,False,20.0,True,True
4298,青海,光伏,2021,29.035052061080933,False,2.0,False,False
430,甘肃,光伏,2021,39.04503643512726,False,20.0,True,True
4309,青海,光伏,2021,30.89015632867813,False,4.5,False,False
4326,青海,光伏,2021,31.00225478410721,False,20.0,True,True
433,甘肃,光伏,2021,39.21590119600296,False,20.0,True,True
435,甘肃,光伏,2021,42.564437091350555,False,20.0,True,True
4364,陕西,光伏,2021,40.77781945466995,False,20.0,True,True
4369,陕西,光伏,2021,40.69838672876358,False,20.0,True,True
437,甘肃,光伏,2021,39.215640127658844,False,20.0,True,True
438,甘肃,光伏,2021,39.221951365470886,False,20.0,True,True
440,甘肃,光伏,2021,39.23276871442795,False,20.0,True,True
4420,青海,光伏,2021,29.127548933029175,False,2.1,False,False
443,甘肃,光伏,2021,39.06064063310623,False,20.0,True,True
4456,青海,光伏,2021,29.89868849515915,False,3.2,False,False
447,甘肃,光伏,2021,40.024006962776184,False,20.0,True,True
4479,青海,光伏,2021,28.640204966068268,False,1.6,False,False
4535,青海,光伏,2021,31.00225478410721,False,20.0,True,True
454,甘肃,光伏,2021,43.05066794157028,False,20.0,True,True
4541,青海,光伏,2021,30.91280311346054,False,4.5,False,False
457,甘肃,光伏,2021,41.070608496665955,False,20.0,True,True
459,甘肃,光伏,2021,40.17343372106552,False,20.0,True,True
4603,青海,光伏,2021,31.0063898563385,False,20.0,True,True
4609,青海,光伏,2021,31.025356650352478,False,20.0,True,True
461,甘肃,光伏,2021,40.317212641239166,False,20.0,True,True
4615,青海,光伏,2021,31.00225478410721,False,20.0,True,True
463,甘肃,光伏,2021,40.25474667549133,False,20.0,True,True
464,甘肃,光伏,2021,40.25474578142166,False,20.0,True,True
4642,青海,光伏,2021,31.025356650352478,False,20.0,True,True
465,甘肃,光伏,2021,42.70129233598709,False,20.0,True,True
466,甘肃,光伏,2021,40.24206072092056,False,20.0,True,True
467,甘肃,光伏,2021,40.25474667549133,False,20.0,True,True
4670,青海,光伏,2021,31.025356650352478,False,20.0,True,True
4677,青海,光伏,2021,34.01723653078079,False,20.0,True,True
468,甘肃,光伏,2021,40.25491029024124,False,20.0,True,True
4687,青海,光伏,2021,34.01660621166229,False,20.0,True,True
4690,青海,光伏,2021,31.025356650352478,False,20.0,True,True
4693,青海,光伏,2021,33.515325486660004,False,20.0,True,True
470,甘肃,光伏,2021,40.223219990730286,False,20.0,True,True
4709,青海,光伏,2021,33.214885890483856,False,20.0,True,True
4710,青海,光伏,2021,32.72451192140579,False,20.0,True,True
4712,青海,光伏,2021,27.383659780025482,False,0.5,False,False
4716,青海,光伏,2021,33.78220349550247,False,20.0,True,True
4718,青海,光伏,2021,31.561601758003235,False,20.0,True,True
4724,青海,光伏,2021,31.561601758003235,False,20.0,True,True
4726,青海,光伏,2021,33.26702982187271,False,20.0,True,True
474,甘肃,光伏,2021,40.26384562253952,False,20.0,True,True
4746,青海,光伏,2021,27.36154854297638,False,0.5,False,False
4752,青海,光伏,2021,27.36154854297638,False,0.5,False,False
4756,青海,光伏,2021,33.5154327750206,False,20.0,True,True
4766,青海,光伏,2021,31.913104355335236,False,20.0,True,True
4773,青海,光伏,2021,34.426187574863434,False,20.0,True,True
4785,青海,光伏,2021,33.912393450737,False,20.0,True,True
4795,青海,光伏,2021,28.2864511013031,False,1.3,False,False
4802,青海,光伏,2021,31.25608205795288,False,4.5,False,False
4804,青海,光伏,2021,31.811118721961975,False,20.0,True,True
4809,青海,光伏,2021,31.25608205795288,False,4.5,False,False
4824,青海,光伏,2021,28.525619208812714,False,1.5,False,False
483,甘肃,光伏,2021,38.95171523094177,False,20.0,True,True
4831,青海,光伏,2021,31.24574214220047,False,4.4,False,False
4838,青海,光伏,2021,31.231599748134613,False,4.4,False,False
4843,青海,光伏,2021,31.244922280311584,False,4.5,False,False
485,甘肃,光伏,2021,39.570054709911346,False,20.0,True,True
4850,青海,光伏,2021,28.822274208068848,False,1.8,False,False
4857,青海,光伏,2021,28.822274208068848,False,1.8,False,False
486,甘肃,光伏,2021,40.09017080068588,False,20.0,True,True
4863,青海,光伏,2021,28.822274208068848,False,1.8,False,False
4879,青海,光伏,2021,28.838553428649902,False,1.8,False,False
4882,青海,光伏,2021,31.000543534755707,False,20.0,True,True
4889,青海,光伏,2021,31.01166307926178,False,20.0,True,True
4903,青海,光伏,2021,30.88858813047409,False,4.5,False,False
491,甘肃,光伏,2021,39.57750678062439,False,20.0,True,True
4911,青海,光伏,2021,29.08835917711258,False,2.0,False,False
4928,青海,光伏,2021,28.899502158164978,False,1.9,False,False
495,甘肃,光伏,2021,42.643775939941406,False,20.0,True,True
4957,青海,光伏,2021,29.060869216918945,False,2.0,False,False
4960,青海,光伏,2021,33.3288636803627,False,20.0,True,True
4980,青海,光伏,2021,31.294891834259033,False,4.5,False,False
4981,青海,光伏,2021,31.462391316890717,False,20.0,True,True
4983,青海,光伏,2021,31.321765780448914,False,4.5,False,False
4986,青海,光伏,2021,31.462391316890717,False,20.0,True,True
4987,青海,光伏,2021,31.218743920326233,False,4.4,False,False
4997,青海,光伏,2021,32.974990010261536,False,20.0,True,True
4998,青海,光伏,2021,29.07373756170273,False,2.0,False,False
518,甘肃,光伏,2021,39.75033491849899,False,20.0,True,True
521,甘肃,光伏,2021,38.598399460315704,False,20.0,True,True
525,甘肃,光伏,2021,40.92987924814224,False,20.0,True,True
527,甘肃,光伏,2021,40.55574506521225,False,20.0,True,True
528,甘肃,光伏,2021,40.197376906871796,False,20.0,True,True
533,甘肃,光伏,2021,40.71764588356018,False,20.0,True,True
540,甘肃,光伏,2021,40.71764588356018,False,20.0,True,True
541,甘肃,光伏,2021,40.49089550971985,False,20.0,True,True
542,甘肃,光伏,2021,40.549053847789764,False,20.0,True,True
544,甘肃,光伏,2021,40.74629545211792,False,20.0,True,True
545,甘肃,光伏,2021,40.563839972019196,False,20.0,True,True
555,甘肃,光伏,2021,41.004745960235596,False,20.0,True,True
556,甘肃,光伏,2021,42.973929047584534,False,20.0,True,True
5966,陕西,光伏,2021,42.51463025808334,False,20.0,True,True
6001,新疆,光伏,2021,36.620987355709076,False,20.0,True,True
6004,新疆,光伏,2021,36.50819778442383,False,20.0,True,True
6005,新疆,光伏,2021,36.67548179626465,False,20.0,True,True
6006,新疆,光伏,2021,38.26749086380005,False,20.0,True,True
6007,新疆,光伏,2021,38.226476311683655,False,20.0,True,True
6014,新疆,光伏,2021,36.80414825677872,False,20.0,True,True
6016,新疆,光伏,2021,36.38118267059326,False,20.0,True,True
6017,新疆,光伏,2021,33.83019536733627,False,20.0,True,True
6020,新疆,光伏,2021,37.08027184009552,False,20.0,True,True
6021,新疆,光伏,2021,36.85061752796173,False,20.0,True,True
6022,新疆,光伏,2021,36.861156821250916,False,20.0,True,True
6024,新疆,光伏,2021,36.915232837200165,False,20.0,True,True
6025,新疆,光伏,2021,36.38118267059326,False,20.0,True,True
6026,新疆,光伏,2021,40.213741064071655,False,20.0,True,True
6027,新疆,光伏,2021,36.38118267059326,False,20.0,True,True
6030,新疆,光伏,2021,32.125983238220215,False,20.0,True,True
6031,新疆,光伏,2021,34.41598802804947,False,20.0,True,True
6032,新疆,光伏,2021,34.41598802804947,False,20.0,True,True
6035,新疆,光伏,2021,36.65456861257553,False,20.0,True,True
6036,新疆,光伏,2021,34.940204322338104,False,20.0,True,True
6037,新疆,光伏,2021,35.23032903671265,False,20.0,True,True
6047,新疆,光伏,2021,37.532610297203064,False,20.0,True,True
6056,新疆,光伏,2021,39.448831379413605,False,20.0,True,True
6057,新疆,光伏,2021,33.482010662555695,False,20.0,True,True
6059,新疆,光伏,2021,34.58598464727402,False,20.0,True,True
6060,新疆,光伏,2021,34.156913459300995,False,20.0,True,True
6061,新疆,光伏,2021,36.53574675321579,False,20.0,True,True
6063,新疆,光伏,2021,34.54535186290741,False,20.0,True,True
6065,新疆,光伏,2021,40.00194042921066,False,20.0,True,True
6066,新疆,光伏,2021,35.21767795085907,False,20.0,True,True
6067,新疆,光伏,2021,33.060714304447174,False,20.0,True,True
6068,新疆,光伏,2021,35.33061325550079,False,20.0,True,True
6069,新疆,光伏,2021,33.12679946422577,False,20.0,True,True
6070,新疆,光伏,2021,33.126758337020874,False,20.0,True,True
6071,新疆,光伏,2021,39.8774054646492,False,20.0,True,True
6072,新疆,光伏,2021,39.57862436771393,False,20.0,True,True
6074,新疆,光伏,2021,39.57862436771393,False,20.0,True,True
6076,新疆,光伏,2021,34.55711245536804,False,20.0,True,True
6078,新疆,光伏,2021,39.06469523906708,False,20.0,True,True
6079,新疆,光伏,2021,39.922581017017365,False,20.0,True,True
6081,新疆,光伏,2021,37.44972467422485,False,20.0,True,True
6082,新疆,光伏,2021,34.133959114551544,False,20.0,True,True
6083,新疆,光伏,2021,33.3975675702095,False,20.0,True,True
6085,新疆,光伏,2021,35.41639119386673,False,20.0,True,True
6086,新疆,光伏,2021,33.35592180490494,False,20.0,True,True
6089,新疆,光伏,2021,33.35592180490494,False,20.0,True,True
6091,新疆,光伏,2021,39.06343728303909,False,20.0,True,True
6092,新疆,光伏,2021,40.18948942422867,False,20.0,True,True
6096,新疆,光伏,2021,38.26749086380005,False,20.0,True,True
6097,新疆,光伏,2021,35.565241277217865,False,20.0,True,True
6098,新疆,光伏,2021,35.34638464450836,False,20.0,True,True
6099,新疆,光伏,2021,39.12985414266586,False,20.0,True,True
6100,新疆,光伏,2021,36.2161061167717,False,20.0,True,True
6101,新疆,光伏,2021,33.63838344812393,False,20.0,True,True
6102,新疆,光伏,2021,31.968600153923035,False,20.0,True,True
6103,新疆,光伏,2021,36.96640133857727,False,20.0,True,True
6104,新疆,光伏,2021,35.18161207437515,False,20.0,True,True
6105,新疆,光伏,2021,39.555300772190094,False,20.0,True,True
6106,新疆,光伏,2021,35.53920865058899,False,20.0,True,True
6108,新疆,光伏,2021,38.74387174844742,False,20.0,True,True
6110,新疆,光伏,2021,38.61480385065079,False,20.0,True,True
6111,新疆,光伏,2021,33.57977718114853,False,20.0,True,True
6114,新疆,光伏,2021,32.20679014921188,False,20.0,True,True
6117,甘肃,光伏,2021,40.38559913635254,False,20.0,True,True
6120,新疆,光伏,2021,34.01303976774216,False,20.0,True,True
6123,新疆,光伏,2021,36.97260797023773,False,20.0,True,True
6124,新疆,光伏,2021,32.20679014921188,False,20.0,True,True
6125,新疆,光伏,2021,38.57705980539322,False,20.0,True,True
6129,新疆,光伏,2021,34.51160341501236,False,20.0,True,True
6131,新疆,光伏,2021,32.71605759859085,False,20.0,True,True
6133,新疆,光伏,2021,32.33259469270706,False,20.0,True,True
6140,新疆,光伏,2021,34.181611239910126,False,20.0,True,True
6142,新疆,光伏,2021,36.864298582077026,False,20.0,True,True
6143,新疆,光伏,2021,32.71605670452118,False,20.0,True,True
6149,新疆,光伏,2021,33.63140881061554,False,20.0,True,True
6151,新疆,光伏,2021,37.61589378118515,False,20.0,True,True
6154,新疆,光伏,2021,39.93172734975815,False,20.0,True,True
6158,新疆,光伏,2021,38.24293076992035,False,20.0,True,True
6159,新疆,光伏,2021,32.71605670452118,False,20.0,True,True
6165,新疆,光伏,2021,33.74091625213623,False,20.0,True,True
6167,新疆,光伏,2021,38.23766201734543,False,20.0,True,True
6169,新疆,光伏,2021,36.68634831905365,False,20.0,True,True
6172,新疆,光伏,2021,37.168981432914734,False,20.0,True,True
6175,新疆,光伏,2021,35.20223915576935,False,20.0,True,True
6176,新疆,光伏,2021,37.666348814964294,False,20.0,True,True
6178,新疆,光伏,2021,31.422687470912933,False,20.0,True,True
6183,新疆,光伏,2021,34.161134362220764,False,20.0,True,True
6186,新疆,光伏,2021,35.20223915576935,False,20.0,True,True
6189,新疆,光伏,2021,31.885085999965668,False,20.0,True,True
6190,新疆,光伏,2021,34.02448922395706,False,20.0,True,True
6191,新疆,光伏,2021,34.792201817035675,False,20.0,True,True
6205,新疆,光伏,2021,37.499004900455475,False,20.0,True,True
6212,新疆,光伏,2021,38.23617160320282,False,20.0,True,True
6214,新疆,光伏,2021,33.749745190143585,False,20.0,True,True
6215,新疆,光伏,2021,33.722437620162964,False,20.0,True,True
6219,新疆,光伏,2021,35.245612263679504,False,20.0,True,True
6224,新疆,光伏,2021,31.677401661872864,False,20.0,True,True
6230,新疆,光伏,2021,32.32617259025574,False,20.0,True,True
6233,新疆,光伏,2021,40.09079486131668,False,20.0,True,True
6251,新疆,光伏,2021,37.92841851711273,False,20.0,True,True
6253,新疆,光伏,2021,33.749745190143585,False,20.0,True,True
6259,新疆,光伏,2021,34.33688521385193,False,20.0,True,True
6260,新疆,光伏,2021,38.25845718383789,False,20.0,True,True
6261,新疆,光伏,2021,35.54238438606262,False,20.0,True,True
6263,新疆,光伏,2021,36.626315116882324,False,20.0,True,True
6268,新疆,光伏,2021,33.90826016664505,False,20.0,True,True
6270,新疆,光伏,2021,32.20895290374756,False,20.0,True,True
6272,新疆,光伏,2021,36.29760414361954,False,20.0,True,True
6276,新疆,光伏,2021,34.2029732465744,False,20.0,True,True
6277,新疆,光伏,2021,38.22837978601456,False,20.0,True,True
6280,新疆,光伏,2021,37.071146965026855,False,20.0,True,True
6286,新疆,光伏,2021,37.82988131046295,False,20.0,True,True
6288,新疆,光伏,2021,36.05615705251694,False,20.0,True,True
6289,新疆,光伏,2021,36.495811343193054,False,20.0,True,True
6290,新疆,光伏,2021,36.74549728631973,False,20.0,True,True
6294,新疆,光伏,2021,34.64068561792374,False,20.0,True,True
6295,新疆,光伏,2021,32.562859654426575,False,20.0,True,True
6301,新疆,光伏,2021,39.6235853433609,False,20.0,True,True
6321,新疆,光伏,2021,33.97604674100876,False,20.0,True,True
6322,新疆,光伏,2021,34.77201193571091,False,20.0,True,True
6323,新疆,光伏,2021,34.530196487903595,False,20.0,True,True
6324,新疆,光伏,2021,37.493039667606354,False,20.0,True,True
6325,新疆,光伏,2021,37.493039667606354,False,20.0,True,True
6326,新疆,光伏,2021,37.45596885681152,False,20.0,True,True
6327,新疆,光伏,2021,37.45596885681152,False,20.0,True,True
6328,新疆,光伏,2021,34.55031841993332,False,20.0,True,True
6329,新疆,光伏,2021,38.45903813838959,False,20.0,True,True
6331,新疆,光伏,2021,38.0848628282547,False,20.0,True,True
6332,新疆,光伏,2021,37.785861790180206,False,20.0,True,True
6334,新疆,光伏,2021,34.78745073080063,False,20.0,True,True
6335,新疆,光伏,2021,37.788679003715515,False,20.0,True,True
6336,新疆,光伏,2021,37.77463495731354,False,20.0,True,True
6337,新疆,光伏,2021,34.75703984498978,False,20.0,True,True
6339,新疆,光伏,2021,37.92841851711273,False,20.0,True,True
6341,新疆,光伏,2021,37.836506366729736,False,20.0,True,True
6342,新疆,光伏,2021,38.1464222073555,False,20.0,True,True
6344,新疆,光伏,2021,35.282485485076904,False,20.0,True,True
6345,新疆,光伏,2021,37.44784712791443,False,20.0,True,True
6347,新疆,光伏,2021,38.13656508922577,False,20.0,True,True
6349,新疆,光伏,2021,38.064066767692566,False,20.0,True,True
6350,新疆,光伏,2021,35.230810046195984,False,20.0,True,True
6352,新疆,光伏,2021,37.47007638216019,False,20.0,True,True
6353,新疆,光伏,2021,40.108285546302795,False,20.0,True,True
6356,新疆,光伏,2021,38.3477783203125,False,20.0,True,True
6358,新疆,光伏,2021,34.00764584541321,False,20.0,True,True
6360,新疆,光伏,2021,34.00764584541321,False,20.0,True,True
6361,新疆,光伏,2021,34.50954794883728,False,20.0,True,True
6362,新疆,光伏,2021,34.33210730552673,False,20.0,True,True
6363,新疆,光伏,2021,38.793455958366394,False,20.0,True,True
6364,新疆,光伏,2021,36.71867161989212,False,20.0,True,True
6365,新疆,光伏,2021,32.48887985944748,False,20.0,True,True
6366,甘肃,光伏,2021,42.96503663063049,False,20.0,True,True
6367,新疆,光伏,2021,38.051777780056,False,20.0,True,True
6368,新疆,光伏,2021,38.777486979961395,False,20.0,True,True
6369,新疆,光伏,2021,39.918710589408875,False,20.0,True,True
6371,新疆,光伏,2021,37.1583491563797,False,20.0,True,True
6372,新疆,光伏,2021,34.15585309267044,False,20.0,True,True
6374,新疆,光伏,2021,34.13753181695938,False,20.0,True,True
6375,新疆,光伏,2021,34.18550491333008,False,20.0,True,True
6376,新疆,光伏,2021,39.474636912345886,False,20.0,True,True
6378,新疆,光伏,2021,39.38467651605606,False,20.0,True,True
6379,新疆,光伏,2021,39.39333200454712,False,20.0,True,True
6380,新疆,光伏,2021,35.701628029346466,False,20.0,True,True
6381,新疆,光伏,2021,38.226476311683655,False,20.0,True,True
6385,新疆,光伏,2021,34.8556986451149,False,20.0,True,True
6386,新疆,光伏,2021,36.22297078371048,False,20.0,True,True
6387,新疆,光伏,2021,32.2713240981102,False,20.0,True,True
6388,新疆,光伏,2021,32.17766493558884,False,20.0,True,True
6389,新疆,光伏,2021,34.201072454452515,False,20.0,True,True
6390,新疆,光伏,2021,39.47417378425598,False,20.0,True,True
6394,新疆,光伏,2021,32.82403528690338,False,20.0,True,True
6395,新疆,光伏,2021,37.52049386501312,False,20.0,True,True
6402,新疆,光伏,2021,37.92841851711273,False,20.0,True,True
6403,新疆,光伏,2021,37.522661089897156,False,20.0,True,True
6405,新疆,光伏,2021,35.21767795085907,False,20.0,True,True
6406,新疆,光伏,2021,37.496669590473175,False,20.0,True,True
6407,新疆,光伏,2021,36.6856849193573,False,20.0,True,True
6411,新疆,光伏,2021,34.8412424325943,False,20.0,True,True
6412,新疆,光伏,2021,38.22045832872391,False,20.0,True,True
6414,新疆,光伏,2021,38.9110404253006,False,20.0,True,True
6415,新疆,光伏,2021,31.822909712791443,False,20.0,True,True
6417,新疆,光伏,2021,34.848607778549194,False,20.0,True,True
6418,新疆,光伏,2021,39.10928159952164,False,20.0,True,True
6419,新疆,光伏,2021,38.22045832872391,False,20.0,True,True
6420,新疆,光伏,2021,36.90831899642944,False,20.0,True,True
6423,新疆,光伏,2021,36.85033053159714,False,20.0,True,True
6424,新疆,光伏,2021,35.46540766954422,False,20.0,True,True
6427,新疆,光伏,2021,37.516087889671326,False,20.0,True,True
6428,新疆,光伏,2021,33.8167467713356,False,20.0,True,True
6429,新疆,光伏,2021,34.85423594713211,False,20.0,True,True
6430,新疆,光伏,2021,36.50819778442383,False,20.0,True,True
6434,新疆,光伏,2021,35.456151366233826,False,20.0,True,True
6435,新疆,光伏,2021,33.36400955915451,False,20.0,True,True
6436,新疆,光伏,2021,35.851862132549286,False,20.0,True,True
6437,新疆,光伏,2021,37.18629151582718,False,20.0,True,True
6440,新疆,光伏,2021,36.53379410505295,False,20.0,True,True
6443,新疆,光伏,2021,37.26065754890442,False,20.0,True,True
6444,新疆,光伏,2021,37.186563313007355,False,20.0,True,True
6447,新疆,光伏,2021,33.73241811990738,False,20.0,True,True
6448,新疆,光伏,2021,36.8956983089447,False,20.0,True,True
6451,新疆,光伏,2021,34.88472372293472,False,20.0,True,True
6453,新疆,光伏,2021,37.2123321890831,False,20.0,True,True
6456,新疆,光伏,2021,36.8956983089447,False,20.0,True,True
6460,新疆,光伏,2021,38.10504108667374,False,20.0,True,True
6465,新疆,光伏,2021,32.39050716161728,False,20.0,True,True
6467,新疆,光伏,2021,33.484981656074524,False,20.0,True,True
6468,新疆,光伏,2021,32.580786645412445,False,20.0,True,True
6475,新疆,光伏,2021,34.73471760749817,False,20.0,True,True
6476,新疆,光伏,2021,32.580786645412445,False,20.0,True,True
6477,新疆,光伏,2021,36.48205429315567,False,20.0,True,True
6480,新疆,光伏,2021,35.478946566581726,False,20.0,True,True
6485,新疆,光伏,2021,33.3181357383728,False,20.0,True,True
6487,新疆,光伏,2021,35.17688512802124,False,20.0,True,True
6488,新疆,光伏,2021,36.47349715232849,False,20.0,True,True
6489,新疆,光伏,2021,36.56420320272446,False,20.0,True,True
6493,新疆,光伏,2021,36.56910538673401,False,20.0,True,True
6494,新疆,光伏,2021,36.40412002801895,False,20.0,True,True
6496,新疆,光伏,2021,34.00901645421982,False,20.0,True,True
6498,新疆,光伏,2021,37.96495109796524,False,20.0,True,True
6502,新疆,光伏,2021,35.77340394258499,False,20.0,True,True
6505,新疆,光伏,2021,36.390920877456665,False,20.0,True,True
6507,新疆,光伏,2021,38.82105678319931,False,20.0,True,True
6508,新疆,光伏,2021,36.226476430892944,False,20.0,True,True
6514,新疆,光伏,2021,36.386113464832306,False,20.0,True,True
6516,新疆,光伏,2021,39.32016223669052,False,20.0,True,True
6518,新疆,光伏,2021,33.85168254375458,False,20.0,True,True
6522,新疆,光伏,2021,35.57502329349518,False,20.0,True,True
6528,新疆,光伏,2021,33.08128863573074,False,20.0,True,True
6529,新疆,光伏,2021,39.32016223669052,False,20.0,True,True
6531,新疆,光伏,2021,35.51560699939728,False,20.0,True,True
6532,新疆,光伏,2021,36.665403842926025,False,20.0,True,True
6536,新疆,光伏,2021,33.126758337020874,False,20.0,True,True
6537,新疆,光伏,2021,37.97829508781433,False,20.0,True,True
6538,新疆,光伏,2021,32.4645271897316,False,20.0,True,True
6539,新疆,光伏,2021,36.665403842926025,False,20.0,True,True
6546,新疆,光伏,2021,36.60670727491379,False,20.0,True,True
6548,新疆,光伏,2021,32.4645271897316,False,20.0,True,True
6552,新疆,光伏,2021,33.855349123477936,False,20.0,True,True
6553,新疆,光伏,2021,35.691211223602295,False,20.0,True,True
6557,新疆,光伏,2021,37.71229237318039,False,20.0,True,True
6559,新疆,光伏,2021,33.504816591739655,False,20.0,True,True
6560,新疆,光伏,2021,36.02417975664139,False,20.0,True,True
6564,新疆,光伏,2021,32.32419580221176,False,20.0,True,True
6565,新疆,光伏,2021,32.32419580221176,False,20.0,True,True
6566,新疆,光伏,2021,33.70723754167557,False,20.0,True,True
6568,新疆,光伏,2021,35.724323093891144,False,20.0,True,True
657,甘肃,光伏,2021,39.47912514209747,False,20.0,True,True
6574,新疆,光伏,2021,33.65815222263336,False,20.0,True,True
6576,新疆,光伏,2021,31.96219503879547,False,20.0,True,True
6578,新疆,光伏,2021,33.88313591480255,False,20.0,True,True
6579,新疆,光伏,2021,33.53277772665024,False,20.0,True,True
6582,新疆,光伏,2021,33.75765234231949,False,20.0,True,True
6585,新疆,光伏,2021,37.427791357040405,False,20.0,True,True
6590,新疆,光伏,2021,34.037214517593384,False,20.0,True,True
6597,新疆,光伏,2021,38.09959799051285,False,20.0,True,True
6598,新疆,光伏,2021,32.190147042274475,False,20.0,True,True
6602,新疆,光伏,2021,32.16986685991287,False,20.0,True,True
6605,新疆,光伏,2021,37.754354774951935,False,20.0,True,True
6606,新疆,光伏,2021,36.8982258439064,False,20.0,True,True
6607,新疆,光伏,2021,32.276781499385834,False,20.0,True,True
6609,新疆,光伏,2021,33.84449601173401,False,20.0,True,True
6616,新疆,光伏,2021,32.470638155937195,False,20.0,True,True
6619,新疆,光伏,2021,37.97829508781433,False,20.0,True,True
6625,新疆,光伏,2021,32.46038943529129,False,20.0,True,True
6626,新疆,光伏,2021,36.42501890659332,False,20.0,True,True
6628,新疆,光伏,2021,32.20393806695938,False,20.0,True,True
663,甘肃,光伏,2021,39.47912514209747,False,20.0,True,True
6632,新疆,光伏,2021,39.078218042850494,False,20.0,True,True
6633,新疆,光伏,2021,37.97829508781433,False,20.0,True,True
6634,新疆,光伏,2021,32.04971641302109,False,20.0,True,True
6635,新疆,光伏,2021,37.77284234762192,False,20.0,True,True
6638,新疆,光伏,2021,32.680217027664185,False,20.0,True,True
6641,新疆,光伏,2021,36.09587609767914,False,20.0,True,True
6643,新疆,光伏,2021,38.234343230724335,False,20.0,True,True
6644,新疆,光伏,2021,32.50828117132187,False,20.0,True,True
6650,新疆,光伏,2021,36.879708766937256,False,20.0,True,True
6652,新疆,光伏,2021,38.97145628929138,False,20.0,True,True
6654,新疆,光伏,2021,35.18644452095032,False,20.0,True,True
6657,新疆,光伏,2021,36.879708766937256,False,20.0,True,True
6659,新疆,光伏,2021,36.059362292289734,False,20.0,True,True
6661,新疆,光伏,2021,38.25613707304001,False,20.0,True,True
6666,新疆,光伏,2021,34.61036682128906,False,20.0,True,True
6668,新疆,光伏,2021,38.957954943180084,False,20.0,True,True
6669,新疆,光伏,2021,33.78520578145981,False,20.0,True,True
6672,新疆,光伏,2021,32.44696319103241,False,20.0,True,True
6673,新疆,光伏,2021,38.94499987363815,False,20.0,True,True
6675,新疆,光伏,2021,33.90826016664505,False,20.0,True,True
668,甘肃,光伏,2021,42.042910158634186,False,20.0,True,True
6684,新疆,光伏,2021,38.243936598300934,False,20.0,True,True
6685,新疆,光伏,2021,36.791023313999176,False,20.0,True,True
6689,新疆,光伏,2021,39.80477035045624,False,20.0,True,True
6693,新疆,光伏,2021,36.63541942834854,False,20.0,True,True
6694,新疆,光伏,2021,37.92841851711273,False,20.0,True,True
6696,新疆,光伏,2021,39.80477035045624,False,20.0,True,True
6699,新疆,光伏,2021,36.63541942834854,False,20.0,True,True
6701,新疆,光伏,2021,36.71917408704758,False,20.0,True,True
6704,新疆,光伏,2021,38.23649078607559,False,20.0,True,True
6707,新疆,光伏,2021,35.585339069366455,False,20.0,True,True
6720,新疆,光伏,2021,32.42806702852249,False,20.0,True,True
6723,新疆,光伏,2021,36.40864849090576,False,20.0,True,True
6728,新疆,光伏,2021,34.66553807258606,False,20.0,True,True
6731,新疆,光伏,2021,36.230423748493195,False,20.0,True,True
6733,新疆,光伏,2021,38.2511892914772,False,20.0,True,True
6736,新疆,光伏,2021,34.66553807258606,False,20.0,True,True
6738,新疆,光伏,2021,36.25017911195755,False,20.0,True,True
6739,新疆,光伏,2021,34.92768108844757,False,20.0,True,True
6740,新疆,光伏,2021,33.591287434101105,False,20.0,True,True
6741,新疆,光伏,2021,33.88515204191208,False,20.0,True,True
6745,新疆,光伏,2021,33.75136345624924,False,20.0,True,True
6747,新疆,光伏,2021,33.08378130197525,False,20.0,True,True
6750,新疆,光伏,2021,38.2361564040184,False,20.0,True,True
6753,新疆,光伏,2021,33.19755434989929,False,20.0,True,True
6755,新疆,光伏,2021,32.81662702560425,False,20.0,True,True
6757,新疆,光伏,2021,38.23612332344055,False,20.0,True,True
6760,新疆,光伏,2021,33.019027411937714,False,20.0,True,True
6764,新疆,光伏,2021,36.508964002132416,False,20.0,True,True
6766,新疆,光伏,2021,34.96196240186691,False,20.0,True,True
6768,新疆,光伏,2021,35.134115517139435,False,20.0,True,True
6769,新疆,光伏,2021,38.51557642221451,False,20.0,True,True
6774,新疆,光伏,2021,33.52859437465668,False,20.0,True,True
6776,新疆,光伏,2021,43.212876319885254,False,20.0,True,True
6777,新疆,光伏,2021,32.16110497713089,False,20.0,True,True
678,甘肃,光伏,2021,40.64473181962967,False,20.0,True,True
6782,新疆,光伏,2021,33.52859437465668,False,20.0,True,True
6784,新疆,光伏,2021,37.17711925506592,False,20.0,True,True
6785,新疆,光伏,2021,34.50792074203491,False,20.0,True,True
6790,新疆,光伏,2021,33.383633494377136,False,20.0,True,True
6792,新疆,光伏,2021,31.932780146598816,False,20.0,True,True
6793,新疆,光伏,2021,32.71583139896393,False,20.0,True,True
6794,新疆,光伏,2021,38.86180132627487,False,20.0,True,True
6799,新疆,光伏,2021,32.06478774547577,False,20.0,True,True
6801,新疆,光伏,2021,36.684986650943756,False,20.0,True,True
6802,新疆,光伏,2021,32.19939976930618,False,20.0,True,True
6804,新疆,光伏,2021,34.71098005771637,False,20.0,True,True
6805,新疆,光伏,2021,39.3010550737381,False,20.0,True,True
6806,新疆,光伏,2021,34.660365879535675,False,20.0,True,True
6809,新疆,光伏,2021,36.97392225265503,False,20.0,True,True
6811,新疆,光伏,2021,37.25334584712982,False,20.0,True,True
6813,新疆,光伏,2021,34.76149410009384,False,20.0,True,True
6814,新疆,光伏,2021,38.59785854816437,False,20.0,True,True
6815,新疆,光伏,2021,35.718194246292114,False,20.0,True,True
6816,新疆,光伏,2021,38.59785854816437,False,20.0,True,True
6819,新疆,光伏,2021,31.92571610212326,False,20.0,True,True
6820,新疆,光伏,2021,36.46441787481308,False,20.0,True,True
6823,新疆,光伏,2021,37.142826318740845,False,20.0,True,True
6824,新疆,光伏,2021,33.382887840270996,False,20.0,True,True
6825,新疆,光伏,2021,38.59785854816437,False,20.0,True,True
6830,新疆,光伏,2021,37.62126266956329,False,20.0,True,True
6831,新疆,光伏,2021,31.497300267219543,False,20.0,True,True
6832,新疆,光伏,2021,35.87561756372452,False,20.0,True,True
6834,新疆,光伏,2021,37.07779884338379,False,20.0,True,True
6838,新疆,光伏,2021,34.885607063770294,False,20.0,True,True
6839,新疆,光伏,2021,34.962270855903625,False,20.0,True,True
684,甘肃,光伏,2021,40.40359407663345,False,20.0,True,True
6842,新疆,光伏,2021,35.958956480026245,False,20.0,True,True
6845,新疆,光伏,2021,33.9977565407753,False,20.0,True,True
6846,新疆,光伏,2021,37.63879716396332,False,20.0,True,True
6848,新疆,光伏,2021,37.07779884338379,False,20.0,True,True
6849,新疆,光伏,2021,36.642679274082184,False,20.0,True,True
685,甘肃,光伏,2021,38.47523242235184,False,20.0,True,True
6852,新疆,光伏,2021,33.9977565407753,False,20.0,True,True
6853,新疆,光伏,2021,37.24666893482208,False,20.0,True,True
6854,新疆,光伏,2021,32.80395895242691,False,20.0,True,True
6859,新疆,光伏,2021,38.62953454256058,False,20.0,True,True
6860,新疆,光伏,2021,32.70315796136856,False,20.0,True,True
6866,新疆,光伏,2021,33.87972503900528,False,20.0,True,True
6867,新疆,光伏,2021,32.80395895242691,False,20.0,True,True
6871,新疆,光伏,2021,38.061144053936005,False,20.0,True,True
6874,新疆,光伏,2021,38.23204815387726,False,20.0,True,True
6881,新疆,光伏,2021,33.997956812381744,False,20.0,True,True
6883,新疆,光伏,2021,33.58740448951721,False,20.0,True,True
6885,新疆,光伏,2021,32.80395895242691,False,20.0,True,True
6886,新疆,光伏,2021,36.39949142932892,False,20.0,True,True
6888,新疆,光伏,2021,38.23066681623459,False,20.0,True,True
6895,新疆,光伏,2021,32.26854890584946,False,20.0,True,True
6898,新疆,光伏,2021,33.632448613643646,False,20.0,True,True
6900,新疆,光伏,2021,39.3661031126976,False,20.0,True,True
6903,新疆,光伏,2021,37.92841851711273,False,20.0,True,True
6907,新疆,光伏,2021,32.41428852081299,False,20.0,True,True
6911,新疆,光伏,2021,35.691211223602295,False,20.0,True,True
6912,新疆,光伏,2021,33.87441158294678,False,20.0,True,True
6913,新疆,光伏,2021,33.51994603872299,False,20.0,True,True
6916,新疆,光伏,2021,33.7883797287941,False,20.0,True,True
6918,新疆,光伏,2021,33.99176001548767,False,20.0,True,True
6927,新疆,光伏,2021,36.72186344861984,False,20.0,True,True
6928,新疆,光伏,2021,33.74190419912338,False,20.0,True,True
6934,新疆,光伏,2021,33.91747981309891,False,20.0,True,True
6938,新疆,光伏,2021,33.62812489271164,False,20.0,True,True
6939,新疆,光伏,2021,37.376806139945984,False,20.0,True,True
6944,新疆,光伏,2021,39.897166192531586,False,20.0,True,True
6945,新疆,光伏,2021,37.376806139945984,False,20.0,True,True
6947,新疆,光伏,2021,35.23448020219803,False,20.0,True,True
6953,新疆,光伏,2021,35.23438811302185,False,20.0,True,True
6954,新疆,光伏,2021,36.41841262578964,False,20.0,True,True
6959,新疆,光伏,2021,32.801872193813324,False,20.0,True,True
6961,新疆,光伏,2021,36.42123430967331,False,20.0,True,True
6963,新疆,光伏,2021,33.7269401550293,False,20.0,True,True
6965,新疆,光伏,2021,43.213874101638794,False,20.0,True,True
6968,新疆,光伏,2021,36.42123430967331,False,20.0,True,True
6969,新疆,光伏,2021,38.10079514980316,False,20.0,True,True
697,甘肃,光伏,2021,41.7232346534729,False,20.0,True,True
6973,新疆,光伏,2021,36.42123430967331,False,20.0,True,True
6975,新疆,光伏,2021,37.429633140563965,False,20.0,True,True
6977,新疆,光伏,2021,38.22098672389984,False,20.0,True,True
6981,新疆,光伏,2021,34.557239413261414,False,20.0,True,True
699,甘肃,光伏,2021,39.32864606380463,False,20.0,True,True
6990,新疆,光伏,2021,36.768863797187805,False,20.0,True,True
6995,新疆,光伏,2021,36.628859639167786,False,20.0,True,True
6996,新疆,光伏,2021,36.65065973997116,False,20.0,True,True
6997,新疆,光伏,2021,36.77782863378525,False,20.0,True,True
6998,新疆,光伏,2021,34.26169395446777,False,20.0,True,True
6999,新疆,光伏,2021,33.73049587011337,False,20.0,True,True
7000,新疆,光伏,2021,36.620987355709076,False,20.0,True,True
7001,新疆,光伏,2021,36.665403842926025,False,20.0,True,True
7092,甘肃,光伏,2021,43.135632276535034,False,20.0,True,True
7114,新疆,光伏,2021,38.61195534467697,False,20.0,True,True
7127,新疆,光伏,2021,37.499004900455475,False,20.0,True,True
7145,新疆,光伏,2021,37.499004900455475,False,20.0,True,True
717,甘肃,光伏,2021,40.482812225818634,False,20.0,True,True
720,甘肃,光伏,2021,39.37295883893967,False,20.0,True,True
723,甘肃,光伏,2021,38.907996118068695,False,20.0,True,True
724,甘肃,光伏,2021,36.14921271800995,False,20.0,True,True
7274,新疆,光伏,2021,35.79912453889847,False,20.0,True,True
7284,新疆,光伏,2021,35.80037981271744,False,20.0,True,True
7294,新疆,光伏,2021,35.62711715698242,False,20.0,True,True
731,甘肃,光伏,2021,38.72758001089096,False,20.0,True,True
7325,新疆,光伏,2021,33.07849019765854,False,20.0,True,True
7332,新疆,光伏,2021,33.30014079809189,False,20.0,True,True
734,甘肃,光伏,2021,41.02148562669754,False,20.0,True,True
7341,新疆,光伏,2021,35.568832755088806,False,20.0,True,True
7346,新疆,光伏,2021,35.568832755088806,False,20.0,True,True
736,甘肃,光伏,2021,41.02148562669754,False,20.0,True,True
7361,新疆,光伏,2021,37.86307096481323,False,20.0,True,True
739,甘肃,光伏,2021,39.54756885766983,False,20.0,True,True
742,甘肃,光伏,2021,40.99619597196579,False,20.0,True,True
745,甘肃,光伏,2021,43.018181920051575,False,20.0,True,True
747,甘肃,光伏,2021,40.49277663230896,False,20.0,True,True
750,甘肃,光伏,2021,38.688219487667084,False,20.0,True,True
754,甘肃,光伏,2021,38.64160358905792,False,20.0,True,True
761,甘肃,光伏,2021,43.04088592529297,False,20.0,True,True
764,甘肃,光伏,2021,38.48223030567169,False,20.0,True,True
766,甘肃,光伏,2021,41.27124309539795,False,20.0,True,True
769,甘肃,光伏,2021,38.44057738780975,False,20.0,True,True
770,甘肃,光伏,2021,40.934331715106964,False,20.0,True,True
772,甘肃,光伏,2021,38.519137501716614,False,20.0,True,True
778,甘肃,光伏,2021,41.07938468456268,False,20.0,True,True
781,甘肃,光伏,2021,38.473356664180756,False,20.0,True,True
782,甘肃,光伏,2021,40.82950830459595,False,20.0,True,True
784,甘肃,光伏,2021,38.49288582801819,False,20.0,True,True
789,甘肃,光伏,2021,38.550561368465424,False,20.0,True,True
797,甘肃,光伏,2021,38.55771481990814,False,20.0,True,True
798,甘肃,光伏,2021,38.81953954696655,False,20.0,True,True
7987,青海,光伏,2021,38.21049928665161,False,20.0,True,True
799,甘肃,光伏,2021,40.55439233779907,False,20.0,True,True
802,甘肃,光伏,2021,40.90344786643982,False,20.0,True,True
803,甘肃,光伏,2021,38.81953954696655,False,20.0,True,True
807,甘肃,光伏,2021,43.3057576417923,False,20.0,True,True
809,甘肃,光伏,2021,38.45032721757889,False,20.0,True,True
810,甘肃,光伏,2021,40.86064249277115,False,20.0,True,True
814,甘肃,光伏,2021,40.870168805122375,False,20.0,True,True
816,甘肃,光伏,2021,40.942928194999695,False,20.0,True,True
817,甘肃,光伏,2021,40.76048523187637,False,20.0,True,True
821,甘肃,光伏,2021,41.0879722237587,False,20.0,True,True
8216,青海,光伏,2021,34.359799325466156,False,20.0,True,True
8217,青海,光伏,2021,37.95875698328018,False,20.0,True,True
824,甘肃,光伏,2021,40.829868614673615,False,20.0,True,True
827,甘肃,光伏,2021,39.204007387161255,False,20.0,True,True
8273,青海,光伏,2021,38.034494519233704,False,20.0,True,True
8281,青海,光伏,2021,38.398628532886505,False,20.0,True,True
8290,青海,光伏,2021,38.175601959228516,False,20.0,True,True
8305,青海,光伏,2021,38.457019329071045,False,20.0,True,True
8309,青海,光伏,2021,38.24241578578949,False,20.0,True,True
8314,青海,光伏,2021,31.450822055339813,False,20.0,True,True
8317,青海,光伏,2021,38.49346786737442,False,20.0,True,True
832,甘肃,光伏,2021,39.03624773025513,False,20.0,True,True
8326,青海,光伏,2021,31.278785169124603,False,4.5,False,False
8372,青海,光伏,2021,39.69511270523071,False,20.0,True,True
8380,青海,光伏,2021,33.140326738357544,False,20.0,True,True
8398,青海,光伏,2021,40.01719057559967,False,20.0,True,True
8399,青海,光伏,2021,40.12800604104996,False,20.0,True,True
843,甘肃,光伏,2021,39.0792578458786,False,20.0,True,True
8466,青海,光伏,2021,39.69511270523071,False,20.0,True,True
847,甘肃,光伏,2021,40.43949365615845,False,20.0,True,True
848,甘肃,光伏,2021,39.0792578458786,False,20.0,True,True
850,甘肃,光伏,2021,39.363051652908325,False,20.0,True,True
851,甘肃,光伏,2021,39.24665004014969,False,20.0,True,True
854,甘肃,光伏,2021,39.962278604507446,False,20.0,True,True
856,甘肃,光伏,2021,38.94806832075119,False,20.0,True,True
859,甘肃,光伏,2021,39.22563135623932,False,20.0,True,True
8608,西藏,光伏,2021,35.105585753917694,False,20.0,True,True
867,甘肃,光伏,2021,40.21503835916519,False,20.0,True,True
870,甘肃,光伏,2021,40.959978103637695,False,20.0,True,True
8714,青海,光伏,2021,39.69511270523071,False,20.0,True,True
875,甘肃,光伏,2021,38.44309061765671,False,20.0,True,True
876,甘肃,光伏,2021,39.22563046216965,False,20.0,True,True
880,甘肃,光伏,2021,39.12277042865753,False,20.0,True,True
882,甘肃,光伏,2021,40.218083560466766,False,20.0,True,True
883,甘肃,光伏,2021,39.121851325035095,False,20.0,True,True
886,甘肃,光伏,2021,38.515404760837555,False,20.0,True,True
888,甘肃,光伏,2021,39.0792578458786,False,20.0,True,True
894,甘肃,光伏,2021,39.0792578458786,False,20.0,True,True
895,甘肃,光伏,2021,39.18802589178085,False,20.0,True,True
897,甘肃,光伏,2021,39.0792578458786,False,20.0,True,True
906,甘肃,光伏,2021,38.52227836847305,False,20.0,True,True
908,甘肃,光伏,2021,39.12525326013565,False,20.0,True,True
912,甘肃,光伏,2021,39.00045454502106,False,20.0,True,True
918,甘肃,光伏,2021,39.00045454502106,False,20.0,True,True
922,甘肃,光伏,2021,39.152748584747314,False,20.0,True,True
927,甘肃,光伏,2021,40.17742574214935,False,20.0,True,True
931,甘肃,光伏,2021,40.91228932142258,False,20.0,True,True
933,甘肃,光伏,2021,40.91746240854263,False,20.0,True,True
935,甘肃,光伏,2021,40.92254340648651,False,20.0,True,True
943,甘肃,光伏,2021,40.93534737825394,False,20.0,True,True
948,甘肃,光伏,2021,40.931196212768555,False,20.0,True,True
9537,青海,光伏,2021,33.140326738357544,False,20.0,True,True
954,甘肃,光伏,2021,40.96481055021286,False,20.0,True,True
957,甘肃,光伏,2021,40.947828590869904,False,20.0,True,True
9579,青海,光伏,2021,38.21049928665161,False,20.0,True,True
959,甘肃,光伏,2021,38.33980053663254,False,20.0,True,True
961,甘肃,光伏,2021,40.21705627441406,False,20.0,True,True
963,甘肃,光伏,2021,40.22310554981232,False,20.0,True,True
969,甘肃,光伏,2021,41.34309321641922,False,20.0,True,True
970,甘肃,光伏,2021,41.302844882011414,False,20.0,True,True
971,甘肃,光伏,2021,40.07973521947861,False,20.0,True,True
990,甘肃,光伏,2021,42.60105013847351,False,20.0,True,True
991,甘肃,光伏,2021,42.691059708595276,False,20.0,True,True
992,甘肃,光伏,2021,38.250960409641266,False,20.0,True,True
W113,甘肃,风电,2021,42.39742308855057,False,20.0,True,True
W1130,河北,风电,2021,40.66448628902435,False,20.0,True,True
W1134,河北,风电,2021,35.68323791027069,False,20.0,True,True
W114,甘肃,风电,2021,40.26271641254425,False,20.0,True,True
W115,甘肃,风电,2021,39.79531109333038,False,20.0,True,True
W116,甘肃,风电,2021,41.339372992515564,False,20.0,True,True
W117,甘肃,风电,2021,41.599668860435486,False,20.0,True,True
W1223,陕西,风电,2021,39.77743148803711,False,20.0,True,True
W123,甘肃,风电,2021,39.24078047275543,False,20.0,True,True
W127,甘肃,风电,2021,43.135851323604584,False,20.0,True,True
W1284,河北,风电,2021,30.579264163970947,False,4.1,False,False
W1287,河北,风电,2021,41.2868258357048,False,20.0,True,True
W129,甘肃,风电,2021,43.339165449142456,False,20.0,True,True
W130,甘肃,风电,2021,34.18537080287933,False,20.0,True,True
W131,甘肃,风电,2021,43.00592064857483,False,20.0,True,True
W1340,河北,风电,2021,41.080526411533356,False,20.0,True,True
W1356,河北,风电,2021,40.49278914928436,False,20.0,True,True
W1358,河北,风电,2021,39.373429119586945,False,20.0,True,True
W136,甘肃,风电,2021,31.584725975990295,False,20.0,True,True
W1360,河北,风电,2021,30.98670244216919,False,4.6,False,False
W1362,河北,风电,2021,30.98670244216919,False,4.6,False,False
W1389,河北,风电,2021,31.63757622241974,False,20.0,True,True
W141,甘肃,风电,2021,33.229599595069885,False,20.0,True,True
W1483,海南,风电,2021,42.44987905025482,False,20.0,True,True
W1502,河北,风电,2021,35.25735765695572,False,20.0,True,True
W1509,河北,风电,2021,31.49311512708664,False,20.0,True,True
W1520,河北,风电,2021,34.1628035902977,False,20.0,True,True
W1533,河北,风电,2021,34.41353738307953,False,20.0,True,True
W1612,河北,风电,2021,40.23070961236954,False,20.0,True,True
W1693,河北,风电,2021,33.902320861816406,False,20.0,True,True
W178,北京,风电,2021,41.10974460840225,False,20.0,True,True
W180,北京,风电,2021,40.20158976316452,False,20.0,True,True
W181,北京,风电,2021,40.06678283214569,False,20.0,True,True
W183,北京,风电,2021,39.888246953487396,False,20.0,True,True
W1866,河北,风电,2021,33.48035395145416,False,20.0,True,True
W1870,山西,风电,2021,41.208584904670715,False,20.0,True,True
W1875,河北,风电,2021,40.1349663734436,False,20.0,True,True
W1887,河北,风电,2021,35.72408348321915,False,20.0,True,True
W1892,河北,风电,2021,33.47775489091873,False,20.0,True,True
W1941,河北,风电,2021,41.549111902713776,False,20.0,True,True
W2003,河南,风电,2021,39.814027547836304,False,20.0,True,True
W2016,河南,风电,2021,39.453283846378326,False,20.0,True,True
W2017,河南,风电,2021,40.30651956796646,False,20.0,True,True
W2023,河南,风电,2021,43.01269769668579,False,20.0,True,True
W2040,河南,风电,2021,43.01269769668579,False,20.0,True,True
W2078,河南,风电,2021,40.27147114276886,False,20.0,True,True
W2214,黑龙江,风电,2021,31.01851612329483,False,4.5,False,False
W2237,黑龙江,风电,2021,35.42216509580612,False,20.0,True,True
W2263,河北,风电,2021,30.792306661605835,False,4.3,False,False
W2266,河北,风电,2021,30.89486986398697,False,4.5,False,False
W2269,黑龙江,风电,2021,30.718834698200226,False,4.5,False,False
W2282,黑龙江,风电,2021,32.85855442285538,False,20.0,True,True
W2336,河南,风电,2021,41.73593759536743,False,20.0,True,True
W2337,河南,风电,2021,41.93064093589783,False,20.0,True,True
W2377,河北,风电,2021,41.96063697338104,False,20.0,True,True
W2379,黑龙江,风电,2021,30.392813980579376,False,3.8,False,False
W2383,黑龙江,风电,2021,37.15464323759079,False,20.0,True,True
W2404,黑龙江,风电,2021,34.752993285655975,False,20.0,True,True
W2407,河南,风电,2021,42.95286029577255,False,20.0,True,True
W2417,河南,风电,2021,41.79063230752945,False,20.0,True,True
W2420,黑龙江,风电,2021,42.17911183834076,False,20.0,True,True
W2422,河南,风电,2021,42.46287792921066,False,20.0,True,True
W2423,河北,风电,2021,40.229294300079346,False,20.0,True,True
W2431,河北,风电,2021,33.48276525735855,False,20.0,True,True
W2436,河北,风电,2021,33.836708664894104,False,20.0,True,True
W2441,河北,风电,2021,33.1112015247345,False,20.0,True,True
W2447,河北,风电,2021,40.785687267780304,False,20.0,True,True
W2448,河南,风电,2021,38.7794092297554,False,20.0,True,True
W2455,河北,风电,2021,39.4467356801033,False,20.0,True,True
W2456,黑龙江,风电,2021,42.196619510650635,False,20.0,True,True
W2461,河北,风电,2021,39.51533496379852,False,20.0,True,True
W2465,河北,风电,2021,39.726871848106384,False,20.0,True,True
W2466,黑龙江,风电,2021,31.970844268798828,False,20.0,True,True
W2468,河北,风电,2021,40.51582306623459,False,20.0,True,True
W2471,黑龙江,风电,2021,30.61569392681122,False,4.1,False,False
W2475,黑龙江,风电,2021,31.914249658584595,False,20.0,True,True
W2476,河北,风电,2021,42.05981880426407,False,20.0,True,True
W2477,河北,风电,2021,40.91231793165207,False,20.0,True,True
W2478,黑龙江,风电,2021,32.78695911169052,False,20.0,True,True
W2482,河北,风电,2021,33.957137167453766,False,20.0,True,True
W2488,河北,风电,2021,33.25573951005936,False,20.0,True,True
W2495,黑龙江,风电,2021,32.46533811092377,False,20.0,True,True
W2497,黑龙江,风电,2021,30.920467972755432,False,4.5,False,False
W2504,黑龙江,风电,2021,32.06403315067291,False,20.0,True,True
W2507,河北,风电,2021,32.85480201244354,False,20.0,True,True
W2519,河北,风电,2021,41.145105957984924,False,20.0,True,True
W2524,黑龙江,风电,2021,32.29242593050003,False,20.0,True,True
W2525,河北,风电,2021,33.67071837186813,False,20.0,True,True
W2553,黑龙江,风电,2021,33.264673948287964,False,20.0,True,True
W2567,黑龙江,风电,2021,31.73680543899536,False,20.0,True,True
W2577,黑龙江,风电,2021,37.51082360744476,False,20.0,True,True
W2604,黑龙江,风电,2021,31.984114944934845,False,20.0,True,True
W2610,黑龙江,风电,2021,29.669421315193176,False,2.8,False,False
W2611,河南,风电,2021,40.292382538318634,False,20.0,True,True
W2622,黑龙江,风电,2021,31.62382811307907,False,20.0,True,True
W2635,黑龙江,风电,2021,33.168341517448425,False,20.0,True,True
W2653,黑龙江,风电,2021,31.12647235393524,False,20.0,True,True
W2663,黑龙江,风电,2021,31.157471537590027,False,20.0,True,True
W2670,黑龙江,风电,2021,37.984091341495514,False,20.0,True,True
W2708,黑龙江,风电,2021,30.12917160987854,False,3.4,False,False
W2710,黑龙江,风电,2021,30.128712952136993,False,3.6,False,False
W2713,黑龙江,风电,2021,31.81585282087326,False,20.0,True,True
W2715,河南,风电,2021,41.19362086057663,False,20.0,True,True
W2720,黑龙江,风电,2021,31.122111976146698,False,20.0,True,True
W2724,黑龙江,风电,2021,31.428711712360382,False,20.0,True,True
W2736,黑龙江,风电,2021,33.073433339595795,False,20.0,True,True
W2751,黑龙江,风电,2021,33.77772957086563,False,20.0,True,True
W2766,黑龙江,风电,2021,32.38486111164093,False,20.0,True,True
W2780,河北,风电,2021,33.28441232442856,False,20.0,True,True
W2781,黑龙江,风电,2021,29.848891496658325,False,3.0,False,False
W2786,河北,风电,2021,40.6676584482193,False,20.0,True,True
W2790,黑龙江,风电,2021,29.66186910867691,False,2.7,False,False
W2792,河北,风电,2021,35.07977396249771,False,20.0,True,True
W2797,河北,风电,2021,33.26914429664612,False,20.0,True,True
W2800,黑龙江,风电,2021,33.14745873212814,False,20.0,True,True
W2803,黑龙江,风电,2021,36.445446610450745,False,20.0,True,True
W2813,黑龙江,风电,2021,43.261433243751526,False,20.0,True,True
W2820,黑龙江,风电,2021,33.90208840370178,False,20.0,True,True
W2822,黑龙江,风电,2021,37.263276278972626,False,20.0,True,True
W2843,黑龙江,风电,2021,33.12806993722916,False,20.0,True,True
W2857,黑龙江,风电,2021,31.052288711071014,False,20.0,True,True
W2869,黑龙江,风电,2021,32.391782104969025,False,20.0,True,True
W2904,河南,风电,2021,43.01269769668579,False,20.0,True,True
W2907,黑龙江,风电,2021,43.13705116510391,False,20.0,True,True
W2911,黑龙江,风电,2021,33.11689496040344,False,20.0,True,True
W2916,河南,风电,2021,42.806305289268494,False,20.0,True,True
W2919,黑龙江,风电,2021,40.458384454250336,False,20.0,True,True
W2924,黑龙江,风电,2021,37.28043794631958,False,20.0,True,True
W2927,黑龙江,风电,2021,28.968937397003174,False,1.9,False,False
W2934,黑龙江,风电,2021,32.75271266698837,False,20.0,True,True
W2966,黑龙江,风电,2021,41.42863869667053,False,20.0,True,True
W3240,内蒙古,风电,2021,33.04406225681305,False,20.0,True,True
W3274,内蒙古,风电,2021,33.745474219322205,False,20.0,True,True
W3277,河南,风电,2021,39.12635654211044,False,20.0,True,True
W3282,内蒙古,风电,2021,33.745474219322205,False,20.0,True,True
W3567,河南,风电,2021,42.633479833602905,False,20.0,True,True
W3829,内蒙古,风电,2021,32.30877220630646,False,20.0,True,True
W3848,内蒙古,风电,2021,34.66631501913071,False,20.0,True,True
W4061,内蒙古,风电,2021,38.03069829940796,False,20.0,True,True
W4248,内蒙古,风电,2021,38.181670904159546,False,20.0,True,True
W4274,内蒙古,风电,2021,31.966236233711243,False,20.0,True,True
W4313,内蒙古,风电,2021,29.59405392408371,False,2.6,False,False
W4381,内蒙古,风电,2021,39.4415545463562,False,20.0,True,True
W4442,内蒙古,风电,2021,38.39749664068222,False,20.0,True,True
W4445,内蒙古,风电,2021,39.371318221092224,False,20.0,True,True
W4484,内蒙古,风电,2021,36.126886904239655,False,20.0,True,True
W4534,内蒙古,风电,2021,27.129494547843933,False,0.4,False,False
W4648,内蒙古,风电,2021,36.404314041137695,False,20.0,True,True
W4721,内蒙古,风电,2021,33.314902782440186,False,20.0,True,True
W4727,内蒙古,风电,2021,39.371318221092224,False,20.0,True,True
W4730,内蒙古,风电,2021,36.27682954072952,False,20.0,True,True
W4827,内蒙古,风电,2021,28.126395642757416,False,1.2,False,False
W4919,山西,风电,2021,32.8692027926445,False,20.0,True,True
W4924,内蒙古,风电,2021,37.7737632393837,False,20.0,True,True
W4979,内蒙古,风电,2021,30.078102350234985,False,3.3,False,False
W4984,内蒙古,风电,2021,34.487676322460175,False,20.0,True,True
W5015,青海,风电,2021,43.30750197172165,False,20.0,True,True
W503,甘肃,风电,2021,36.27818316221237,False,20.0,True,True
W5035,青海,风电,2021,40.02502262592316,False,20.0,True,True
W505,甘肃,风电,2021,39.85833674669266,False,20.0,True,True
W506,甘肃,风电,2021,41.681522727012634,False,20.0,True,True
W507,甘肃,风电,2021,41.37583404779434,False,20.0,True,True
W5073,陕西,风电,2021,35.855287313461304,False,20.0,True,True
W5076,陕西,风电,2021,40.709902346134186,False,20.0,True,True
W509,甘肃,风电,2021,42.537036538124084,False,20.0,True,True
W5106,宁夏,风电,2021,41.30631387233734,False,20.0,True,True
W5112,辽宁,风电,2021,28.733593225479126,False,1.7,False,False
W5117,宁夏,风电,2021,40.81488758325577,False,20.0,True,True
W5123,宁夏,风电,2021,40.834358632564545,False,20.0,True,True
W5137,宁夏,风电,2021,39.010359048843384,False,20.0,True,True
W5146,宁夏,风电,2021,38.61889511346817,False,20.0,True,True
W515,甘肃,风电,2021,39.98128116130829,False,20.0,True,True
W5155,宁夏,风电,2021,41.502852737903595,False,20.0,True,True
W518,甘肃,风电,2021,40.6509268283844,False,20.0,True,True
W5192,辽宁,风电,2021,31.123605966567993,False,4.5,False,False
W5243,辽宁,风电,2021,37.468358874320984,False,20.0,True,True
W5260,宁夏,风电,2021,39.36109632253647,False,20.0,True,True
W5275,宁夏,风电,2021,39.1654372215271,False,20.0,True,True
W5276,宁夏,风电,2021,35.6208273768425,False,20.0,True,True
W5283,宁夏,风电,2021,36.47161692380905,False,20.0,True,True
W5289,宁夏,风电,2021,38.6188942193985,False,20.0,True,True
W5305,辽宁,风电,2021,29.245366752147675,False,2.1,False,False
W5312,宁夏,风电,2021,39.310516119003296,False,20.0,True,True
W5319,宁夏,风电,2021,38.74123960733414,False,20.0,True,True
W5329,宁夏,风电,2021,39.42817836999893,False,20.0,True,True
W5423,辽宁,风电,2021,31.990014910697937,False,4.5,False,False
W5519,宁夏,风电,2021,38.6188942193985,False,20.0,True,True
W5622,宁夏,风电,2021,38.6188942193985,False,20.0,True,True
W5662,宁夏,风电,2021,42.48344510793686,False,20.0,True,True
W5700,宁夏,风电,2021,38.6188942193985,False,20.0,True,True
W5709,宁夏,风电,2021,38.6188942193985,False,20.0,True,True
W5748,宁夏,风电,2021,39.35126334428787,False,20.0,True,True
W5824,吉林,风电,2021,29.494454562664032,False,2.2,False,False
W583,甘肃,风电,2021,35.06777197122574,False,20.0,True,True
W5837,宁夏,风电,2021,42.58143961429596,False,20.0,True,True
W584,甘肃,风电,2021,34.007617235183716,False,20.0,True,True
W5840,宁夏,风电,2021,41.838418543338776,False,20.0,True,True
W5849,宁夏,风电,2021,42.03652739524841,False,20.0,True,True
W585,甘肃,风电,2021,34.87443119287491,False,20.0,True,True
W5856,青海,风电,2021,42.95290678739548,False,20.0,True,True
W586,甘肃,风电,2021,41.982429921627045,False,20.0,True,True
W5866,宁夏,风电,2021,38.6188942193985,False,20.0,True,True
W5891,宁夏,风电,2021,36.54238969087601,False,20.0,True,True
W590,甘肃,风电,2021,39.56097096204758,False,20.0,True,True
W5940,青海,风电,2021,42.851556837558746,False,20.0,True,True
W5966,宁夏,风电,2021,40.70742666721344,False,20.0,True,True
W5967,辽宁,风电,2021,31.609423756599426,False,20.0,True,True
W5974,宁夏,风电,2021,40.55305302143097,False,20.0,True,True
W5975,青海,风电,2021,43.1803759932518,False,20.0,True,True
W6008,山东,风电,2021,39.527878761291504,False,20.0,True,True
W6010,陕西,风电,2021,35.03144592046738,False,20.0,True,True
W6017,山东,风电,2021,39.527878761291504,False,20.0,True,True
W6020,山东,风电,2021,41.71799182891846,False,20.0,True,True
W6032,山东,风电,2021,41.7179936170578,False,20.0,True,True
W6036,山西,风电,2021,40.78063666820526,False,20.0,True,True
W6039,山东,风电,2021,39.653926491737366,False,20.0,True,True
W6040,山东,风电,2021,40.3549861907959,False,20.0,True,True
W6041,山东,风电,2021,39.36283886432648,False,20.0,True,True
W6048,山东,风电,2021,40.722877979278564,False,20.0,True,True
W6049,山东,风电,2021,40.679958164691925,False,20.0,True,True
W6050,山东,风电,2021,42.702434957027435,False,20.0,True,True
W6056,山东,风电,2021,40.418018996715546,False,20.0,True,True
W6065,山东,风电,2021,42.46620923280716,False,20.0,True,True
W6067,山东,风电,2021,41.7179936170578,False,20.0,True,True
W6069,山东,风电,2021,41.91908776760101,False,20.0,True,True
W6070,山东,风电,2021,42.06662714481354,False,20.0,True,True
W6072,山东,风电,2021,41.7179936170578,False,20.0,True,True
W6090,山东,风电,2021,42.898478507995605,False,20.0,True,True
W6091,山东,风电,2021,42.98416256904602,False,20.0,True,True
W6092,山东,风电,2021,38.29198211431503,False,20.0,True,True
W6093,山东,风电,2021,40.5097559094429,False,20.0,True,True
W6094,山东,风电,2021,35.24740844964981,False,20.0,True,True
W6095,山东,风电,2021,42.90512144565582,False,20.0,True,True
W6096,山东,风电,2021,43.054573237895966,False,20.0,True,True
W6097,山东,风电,2021,42.72319972515106,False,20.0,True,True
W6098,山东,风电,2021,35.20597726106644,False,20.0,True,True
W6099,山东,风电,2021,35.367832481861115,False,20.0,True,True
W6100,山东,风电,2021,35.12707382440567,False,20.0,True,True
W6101,山东,风电,2021,35.418410897254944,False,20.0,True,True
W6102,山东,风电,2021,34.992981255054474,False,20.0,True,True
W6103,山东,风电,2021,35.497004091739655,False,20.0,True,True
W6104,山东,风电,2021,41.4685195684433,False,20.0,True,True
W6105,山东,风电,2021,38.243997395038605,False,20.0,True,True
W6106,山东,风电,2021,35.065779983997345,False,20.0,True,True
W6107,山东,风电,2021,35.304589569568634,False,20.0,True,True
W6108,山东,风电,2021,35.06558150053024,False,20.0,True,True
W6112,山东,风电,2021,41.7179936170578,False,20.0,True,True
W6115,山西,风电,2021,39.817722737789154,False,20.0,True,True
W6117,山西,风电,2021,40.10809153318405,False,20.0,True,True
W6126,山东,风电,2021,41.473210752010345,False,20.0,True,True
W6129,山西,风电,2021,41.43645375967026,False,20.0,True,True
W6133,山西,风电,2021,38.699112832546234,False,20.0,True,True
W6136,陕西,风电,2021,35.02953976392746,False,20.0,True,True
W6144,陕西,风电,2021,34.49108272790909,False,20.0,True,True
W6150,山东,风电,2021,40.49188792705536,False,20.0,True,True
W6159,山西,风电,2021,40.096614360809326,False,20.0,True,True
W6164,陕西,风电,2021,35.527627766132355,False,20.0,True,True
W6168,陕西,风电,2021,36.26224547624588,False,20.0,True,True
W6173,陕西,风电,2021,40.15446335077286,False,20.0,True,True
W6175,山西,风电,2021,39.08280283212662,False,20.0,True,True
W6181,山西,风电,2021,38.974982500076294,False,20.0,True,True
W6190,山西,风电,2021,35.0099641084671,False,20.0,True,True
W6206,山东,风电,2021,41.1909744143486,False,20.0,True,True
W6215,山东,风电,2021,39.72079932689667,False,20.0,True,True
W6236,山东,风电,2021,32.72787719964981,False,20.0,True,True
W6242,山西,风电,2021,39.60382640361786,False,20.0,True,True
W6251,山西,风电,2021,40.10040611028671,False,20.0,True,True
W6258,山西,风电,2021,43.23686599731445,False,20.0,True,True
W6260,陕西,风电,2021,43.10059458017349,False,20.0,True,True
W6276,山西,风电,2021,27.987267673015594,False,1.0,False,False
W6278,山西,风电,2021,39.51760858297348,False,20.0,True,True
W6290,山西,风电,2021,33.3609214425087,False,20.0,True,True
W6291,山西,风电,2021,39.543316662311554,False,20.0,True,True
W6307,山西,风电,2021,31.935399770736694,False,20.0,True,True
W6308,山西,风电,2021,31.935399770736694,False,20.0,True,True
W6327,山西,风电,2021,40.938618779182434,False,20.0,True,True
W6338,山东,风电,2021,40.17021864652634,False,20.0,True,True
W6340,陕西,风电,2021,34.2000487446785,False,20.0,True,True
W6345,山东,风电,2021,40.17021864652634,False,20.0,True,True
W6346,陕西,风电,2021,36.90401315689087,False,20.0,True,True
W6350,山东,风电,2021,41.7179936170578,False,20.0,True,True
W6352,山东,风电,2021,35.239993035793304,False,20.0,True,True
W6357,陕西,风电,2021,36.27186119556427,False,20.0,True,True
W6360,山东,风电,2021,34.13763552904129,False,20.0,True,True
W6363,陕西,风电,2021,33.2524636387825,False,20.0,True,True
W6368,山东,风电,2021,41.33951157331467,False,20.0,True,True
W6375,山东,风电,2021,30.501219928264618,False,3.9,False,False
W6378,陕西,风电,2021,37.105334401130676,False,20.0,True,True
W6384,山东,风电,2021,31.636961102485657,False,20.0,True,True
W6386,山东,风电,2021,31.505393385887146,False,20.0,True,True
W6389,陕西,风电,2021,39.58548724651337,False,20.0,True,True
W6391,山东,风电,2021,40.080359280109406,False,20.0,True,True
W6393,陕西,风电,2021,34.9346262216568,False,20.0,True,True
W6394,山东,风电,2021,43.10353249311447,False,20.0,True,True
W6398,陕西,风电,2021,39.58548724651337,False,20.0,True,True
W6400,陕西,风电,2021,34.93462711572647,False,20.0,True,True
W6402,山东,风电,2021,41.7179936170578,False,20.0,True,True
W6403,山东,风电,2021,39.34945464134216,False,20.0,True,True
W6408,陕西,风电,2021,33.3686301112175,False,20.0,True,True
W6413,山西,风电,2021,38.97100567817688,False,20.0,True,True
W6414,陕西,风电,2021,39.38241273164749,False,20.0,True,True
W6417,山东,风电,2021,40.25708556175232,False,20.0,True,True
W6420,陕西,风电,2021,32.91360318660736,False,20.0,True,True
W6422,陕西,风电,2021,33.2524636387825,False,20.0,True,True
W6424,山东,风电,2021,41.67305946350098,False,20.0,True,True
W6425,山西,风电,2021,43.080537021160126,False,20.0,True,True
W6427,山东,风电,2021,39.669867753982544,False,20.0,True,True
W6431,陕西,风电,2021,35.10071128606796,False,20.0,True,True
W6432,陕西,风电,2021,42.90089160203934,False,20.0,True,True
W6435,山东,风电,2021,34.092097878456116,False,20.0,True,True
W6438,陕西,风电,2021,35.09332090616226,False,20.0,True,True
W6439,陕西,风电,2021,35.037158131599426,False,20.0,True,True
W6442,山东,风电,2021,43.24810445308685,False,20.0,True,True
W6447,陕西,风电,2021,35.780208706855774,False,20.0,True,True
W6452,山西,风电,2021,38.97611528635025,False,20.0,True,True
W6453,山东,风电,2021,40.81485539674759,False,20.0,True,True
W6454,山东,风电,2021,41.3169264793396,False,20.0,True,True
W6457,山东,风电,2021,40.667245388031006,False,20.0,True,True
W6460,山东,风电,2021,43.24810355901718,False,20.0,True,True
W6464,山西,风电,2021,40.93689054250717,False,20.0,True,True
W6465,陕西,风电,2021,33.25246274471283,False,20.0,True,True
W6469,山东,风电,2021,42.202491760253906,False,20.0,True,True
W6472,陕西,风电,2021,36.85499846935272,False,20.0,True,True
W6473,山西,风电,2021,41.449817419052124,False,20.0,True,True
W6483,山东,风电,2021,40.70215344429016,False,20.0,True,True
W6490,陕西,风电,2021,33.38112384080887,False,20.0,True,True
W6497,陕西,风电,2021,33.45631867647171,False,20.0,True,True
W6511,山东,风电,2021,42.928147315979004,False,20.0,True,True
W6519,山东,风电,2021,41.58106863498688,False,20.0,True,True
W6522,陕西,风电,2021,33.521165549755096,False,20.0,True,True
W6524,陕西,风电,2021,33.2524636387825,False,20.0,True,True
W6528,山东,风电,2021,41.56787306070328,False,20.0,True,True
W6533,山东,风电,2021,42.017511427402496,False,20.0,True,True
W6536,山西,风电,2021,40.376331210136414,False,20.0,True,True
W6537,陕西,风电,2021,36.13796532154083,False,20.0,True,True
W6538,陕西,风电,2021,37.80304491519928,False,20.0,True,True
W6541,陕西,风电,2021,35.855287313461304,False,20.0,True,True
W6542,山西,风电,2021,42.593300342559814,False,20.0,True,True
W6543,陕西,风电,2021,35.57471305131912,False,20.0,True,True
W6546,山东,风电,2021,43.18890541791916,False,20.0,True,True
W6547,山西,风电,2021,40.376331210136414,False,20.0,True,True
W6549,陕西,风电,2021,37.43378698825836,False,20.0,True,True
W6551,陕西,风电,2021,34.476289451122284,False,20.0,True,True
W6556,陕西,风电,2021,34.356316924095154,False,20.0,True,True
W6568,陕西,风电,2021,36.16039216518402,False,20.0,True,True
W6569,陕西,风电,2021,40.54654240608215,False,20.0,True,True
W6571,山东,风电,2021,33.23541194200516,False,20.0,True,True
W6577,陕西,风电,2021,33.54697644710541,False,20.0,True,True
W6584,陕西,风电,2021,35.36588340997696,False,20.0,True,True
W6598,陕西,风电,2021,34.4358891248703,False,20.0,True,True
W6600,陕西,风电,2021,37.7645605802536,False,20.0,True,True
W6602,陕西,风电,2021,33.69243800640106,False,20.0,True,True
W6605,陕西,风电,2021,34.010533690452576,False,20.0,True,True
W6607,陕西,风电,2021,34.20546233654022,False,20.0,True,True
W6611,山西,风电,2021,41.73342972993851,False,20.0,True,True
W6615,陕西,风电,2021,34.78925496339798,False,20.0,True,True
W6617,陕西,风电,2021,38.01195055246353,False,20.0,True,True
W6624,陕西,风电,2021,34.106230437755585,False,20.0,True,True
W6627,陕西,风电,2021,35.97143143415451,False,20.0,True,True
W6628,山西,风电,2021,41.16773307323456,False,20.0,True,True
W6632,陕西,风电,2021,32.59908467531204,False,20.0,True,True
W6643,陕西,风电,2021,35.91105401515961,False,20.0,True,True
W6648,陕西,风电,2021,36.03198677301407,False,20.0,True,True
W6650,山西,风电,2021,33.062820732593536,False,20.0,True,True
W6651,陕西,风电,2021,34.44741725921631,False,20.0,True,True
W6653,陕西,风电,2021,35.855287313461304,False,20.0,True,True
W6658,陕西,风电,2021,34.398892521858215,False,20.0,True,True
W6661,陕西,风电,2021,35.855287313461304,False,20.0,True,True
W6666,陕西,风电,2021,34.493669271469116,False,20.0,True,True
W6673,山西,风电,2021,34.05584514141083,False,20.0,True,True
W6674,陕西,风电,2021,36.04710906744003,False,20.0,True,True
W6676,山东,风电,2021,40.598300099372864,False,20.0,True,True
W6681,陕西,风电,2021,36.14477813243866,False,20.0,True,True
W6682,山西,风电,2021,34.176567792892456,False,20.0,True,True
W6684,陕西,风电,2021,36.1601659655571,False,20.0,True,True
W6686,山东,风电,2021,42.63879418373108,False,20.0,True,True
W6688,山东,风电,2021,43.20287615060806,False,20.0,True,True
W669,甘肃,风电,2021,40.77297270298004,False,20.0,True,True
W6691,陕西,风电,2021,34.7942116856575,False,20.0,True,True
W6693,陕西,风电,2021,34.78342652320862,False,20.0,True,True
W6694,陕西,风电,2021,35.42039752006531,False,20.0,True,True
W6698,山东,风电,2021,42.5750595331192,False,20.0,True,True
W6706,陕西,风电,2021,32.5050687789917,False,20.0,True,True
W6707,陕西,风电,2021,34.88365978002548,False,20.0,True,True
W6710,山西,风电,2021,34.39502656459808,False,20.0,True,True
W6712,山西,风电,2021,32.69103169441223,False,20.0,True,True
W6714,陕西,风电,2021,33.7558177113533,False,20.0,True,True
W6716,陕西,风电,2021,33.74268114566803,False,20.0,True,True
W6720,山东,风电,2021,40.45342683792114,False,20.0,True,True
W6721,山西,风电,2021,33.700777888298035,False,20.0,True,True
W6725,陕西,风电,2021,33.84283035993576,False,20.0,True,True
W6726,山东,风电,2021,43.03288757801056,False,20.0,True,True
W6728,山西,风电,2021,31.99894219636917,False,20.0,True,True
W6729,陕西,风电,2021,36.04049563407898,False,20.0,True,True
W6730,山东,风电,2021,41.6893869638443,False,20.0,True,True
W6733,陕西,风电,2021,34.58354115486145,False,20.0,True,True
W6740,山东,风电,2021,42.14077413082123,False,20.0,True,True
W6745,山东,风电,2021,42.634225487709045,False,20.0,True,True
W6747,山东,风电,2021,43.006931841373444,False,20.0,True,True
W6749,山东,风电,2021,43.27899903059006,False,20.0,True,True
W6750,陕西,风电,2021,38.2984533905983,False,20.0,True,True
W6752,陕西,风电,2021,38.2984533905983,False,20.0,True,True
W6754,陕西,风电,2021,34.26196664571762,False,20.0,True,True
W6759,陕西,风电,2021,35.148901641368866,False,20.0,True,True
W6769,山西,风电,2021,40.8335155248642,False,20.0,True,True
W6771,山东,风电,2021,43.26147437095642,False,20.0,True,True
W6775,陕西,风电,2021,35.74090451002121,False,20.0,True,True
W6776,山西,风电,2021,33.499142825603485,False,20.0,True,True
W6783,陕西,风电,2021,35.13906955718994,False,20.0,True,True
W6786,山西,风电,2021,39.02837008237839,False,20.0,True,True
W6788,山东,风电,2021,42.763139605522156,False,20.0,True,True
W6792,陕西,风电,2021,33.57701897621155,False,20.0,True,True
W6793,山东,风电,2021,42.232933938503265,False,20.0,True,True
W6795,山东,风电,2021,42.88034409284592,False,20.0,True,True
W6797,山东,风电,2021,40.65175920724869,False,20.0,True,True
W6802,山东,风电,2021,42.61320233345032,False,20.0,True,True
W6806,陕西,风电,2021,40.244929790496826,False,20.0,True,True
W6809,陕西,风电,2021,33.26546519994736,False,20.0,True,True
W6812,陕西,风电,2021,40.517022013664246,False,20.0,True,True
W6817,陕西,风电,2021,41.657834351062775,False,20.0,True,True
W6818,山西,风电,2021,41.616899371147156,False,20.0,True,True
W6819,陕西,风电,2021,33.3830451965332,False,20.0,True,True
W6823,陕西,风电,2021,42.21559435129166,False,20.0,True,True
W6826,陕西,风电,2021,35.334210097789764,False,20.0,True,True
W6828,山东,风电,2021,41.717200577259064,False,20.0,True,True
W6830,山东,风电,2021,40.85163742303848,False,20.0,True,True
W6831,陕西,风电,2021,40.59411585330963,False,20.0,True,True
W6835,山东,风电,2021,41.012448370456696,False,20.0,True,True
W6838,陕西,风电,2021,35.24656444787979,False,20.0,True,True
W6842,陕西,风电,2021,35.326979756355286,False,20.0,True,True
W6844,山东,风电,2021,41.4306503534317,False,20.0,True,True
W6848,陕西,风电,2021,40.679744482040405,False,20.0,True,True
W6849,陕西,风电,2021,35.326979756355286,False,20.0,True,True
W6852,山东,风电,2021,41.16889536380768,False,20.0,True,True
W6856,山东,风电,2021,41.85579478740692,False,20.0,True,True
W6858,陕西,风电,2021,41.21416211128235,False,20.0,True,True
W6859,山东,风电,2021,41.33719503879547,False,20.0,True,True
W6875,山东,风电,2021,43.226987421512604,False,20.0,True,True
W6877,山东,风电,2021,43.159951865673065,False,20.0,True,True
W6883,山西,风电,2021,34.756660759449005,False,20.0,True,True
W6890,山西,风电,2021,38.54085981845856,False,20.0,True,True
W6897,山西,风电,2021,32.614179253578186,False,20.0,True,True
W6904,陕西,风电,2021,41.359848976135254,False,20.0,True,True
W6914,山西,风电,2021,36.42836183309555,False,20.0,True,True
W6924,山东,风电,2021,43.1318262219429,False,20.0,True,True
W6926,陕西,风电,2021,40.93541443347931,False,20.0,True,True
W6930,山西,风电,2021,33.2349818944931,False,20.0,True,True
W6933,山西,风电,2021,38.79431873559952,False,20.0,True,True
W6936,陕西,风电,2021,39.00620073080063,False,20.0,True,True
W6937,山东,风电,2021,31.229236721992493,False,20.0,True,True
W6945,山东,风电,2021,43.1318262219429,False,20.0,True,True
W6948,陕西,风电,2021,41.165132224559784,False,20.0,True,True
W6954,山东,风电,2021,30.161283910274506,False,3.5,False,False
W6956,山东,风电,2021,30.534057319164276,False,3.9,False,False
W6959,山西,风电,2021,38.73890608549118,False,20.0,True,True
W6967,山西,风电,2021,41.30358695983887,False,20.0,True,True
W6968,山东,风电,2021,37.26694732904434,False,20.0,True,True
W6970,山西,风电,2021,39.94507312774658,False,20.0,True,True
W6973,山西,风电,2021,40.41011095046997,False,20.0,True,True
W6980,陕西,风电,2021,39.502299427986145,False,20.0,True,True
W6994,陕西,风电,2021,33.89413297176361,False,20.0,True,True
W7003,山西,风电,2021,32.61179834604263,False,20.0,True,True
W7007,山西,风电,2021,33.999580442905426,False,20.0,True,True
W7010,新疆,风电,2021,39.821632504463196,False,20.0,True,True
W7013,新疆,风电,2021,38.34573447704315,False,20.0,True,True
W7014,山西,风电,2021,32.14599967002869,False,20.0,True,True
W7015,山西,风电,2021,33.888438642024994,False,20.0,True,True
W7016,新疆,风电,2021,42.188895642757416,False,20.0,True,True
W7018,山西,风电,2021,32.86919832229614,False,20.0,True,True
W7034,山西,风电,2021,32.10051476955414,False,20.0,True,True
W7048,山西,风电,2021,31.914118230342865,False,20.0,True,True
W7055,山西,风电,2021,33.227893710136414,False,20.0,True,True
W7062,山西,风电,2021,33.41914236545563,False,20.0,True,True
W7079,新疆,风电,2021,43.0340775847435,False,20.0,True,True
W7118,山西,风电,2021,31.950097382068634,False,20.0,True,True
W7194,新疆,风电,2021,38.90491604804993,False,20.0,True,True
W7214,山西,风电,2021,32.37162172794342,False,20.0,True,True
W7223,山西,风电,2021,40.86889564990997,False,20.0,True,True
W7224,新疆,风电,2021,38.80045473575592,False,20.0,True,True
W7239,山西,风电,2021,34.797475934028625,False,20.0,True,True
W7243,新疆,风电,2021,31.058861017227173,False,4.6,False,False
W7245,新疆,风电,2021,41.32209599018097,False,20.0,True,True
W7273,新疆,风电,2021,39.18927758932114,False,20.0,True,True
W7279,山西,风电,2021,40.10077893733978,False,20.0,True,True
W7287,新疆,风电,2021,41.27425163984299,False,20.0,True,True
W7355,西藏,风电,2021,43.276487588882446,False,20.0,True,True
W7370,山西,风电,2021,31.786431670188904,False,20.0,True,True
W7380,新疆,风电,2021,30.656161308288574,False,4.3,False,False
W7390,山西,风电,2021,32.536709904670715,False,20.0,True,True
W7395,新疆,风电,2021,34.08292204141617,False,20.0,True,True
W7399,新疆,风电,2021,30.64688265323639,False,4.3,False,False
W7402,新疆,风电,2021,33.816403448581696,False,20.0,True,True
W7409,新疆,风电,2021,33.88648867607117,False,20.0,True,True
W7410,新疆,风电,2021,39.93680387735367,False,20.0,True,True
W7424,新疆,风电,2021,32.6777520775795,False,20.0,True,True
W7431,新疆,风电,2021,32.65055000782013,False,20.0,True,True
W7446,新疆,风电,2021,34.849107563495636,False,20.0,True,True
W7447,新疆,风电,2021,30.87287664413452,False,4.5,False,False
W7451,山西,风电,2021,31.67046457529068,False,20.0,True,True
W7455,山西,风电,2021,32.611048221588135,False,20.0,True,True
W7460,新疆,风电,2021,32.78243690729141,False,20.0,True,True
W7468,新疆,风电,2021,29.48000282049179,False,2.6,False,False
W7476,山西,风电,2021,33.294618129730225,False,20.0,True,True
W7477,新疆,风电,2021,32.091724276542664,False,20.0,True,True
W7480,新疆,风电,2021,32.00361102819443,False,20.0,True,True
W7487,新疆,风电,2021,32.82685697078705,False,20.0,True,True
W7491,山西,风电,2021,33.95599454641342,False,20.0,True,True
W7493,新疆,风电,2021,33.81515443325043,False,20.0,True,True
W7495,新疆,风电,2021,32.82685697078705,False,20.0,True,True
W7500,山西,风电,2021,32.88918614387512,False,20.0,True,True
W7505,新疆,风电,2021,40.45760929584503,False,20.0,True,True
W7507,山西,风电,2021,32.88918614387512,False,20.0,True,True
W7516,新疆,风电,2021,30.50203174352646,False,4.1,False,False
W7522,新疆,风电,2021,32.58812338113785,False,20.0,True,True
W7534,山西,风电,2021,38.47724407911301,False,20.0,True,True
W7543,山西,风电,2021,33.264028429985046,False,20.0,True,True
W7545,新疆,风电,2021,32.65839099884033,False,20.0,True,True
W7546,新疆,风电,2021,32.6650670170784,False,20.0,True,True
W7560,新疆,风电,2021,32.45044827461243,False,20.0,True,True
W7562,山西,风电,2021,33.96869480609894,False,20.0,True,True
W7564,山西,风电,2021,41.93447649478912,False,20.0,True,True
W7567,新疆,风电,2021,41.15740746259689,False,20.0,True,True
W7568,新疆,风电,2021,29.855865240097046,False,3.1,False,False
W7571,山西,风电,2021,31.594499051570892,False,20.0,True,True
W7574,山西,风电,2021,38.830296099185944,False,20.0,True,True
W7578,新疆,风电,2021,31.708965003490448,False,20.0,True,True
W7592,新疆,风电,2021,30.01978486776352,False,3.4,False,False
W7603,山西,风电,2021,32.56813645362854,False,20.0,True,True
W7611,山西,风电,2021,32.61022925376892,False,20.0,True,True
W7615,新疆,风电,2021,39.05404329299927,False,20.0,True,True
W7650,新疆,风电,2021,33.65458846092224,False,20.0,True,True
W7664,新疆,风电,2021,40.26204317808151,False,20.0,True,True
W7683,新疆,风电,2021,30.757298469543457,False,4.4,False,False
W7696,新疆,风电,2021,33.61849129199982,False,20.0,True,True
W7717,新疆,风电,2021,41.26912325620651,False,20.0,True,True
W7725,新疆,风电,2021,41.15898996591568,False,20.0,True,True
W7727,新疆,风电,2021,35.84280967712402,False,20.0,True,True
W7735,新疆,风电,2021,33.85157436132431,False,20.0,True,True
W7757,新疆,风电,2021,34.64673936367035,False,20.0,True,True
W7760,新疆,风电,2021,40.57324916124344,False,20.0,True,True
W7764,山东,风电,2021,42.68419772386551,False,20.0,True,True
W7769,山西,风电,2021,31.830212473869324,False,20.0,True,True
W7776,新疆,风电,2021,33.82653325796127,False,20.0,True,True
W7777,山西,风电,2021,31.830212473869324,False,20.0,True,True
W7787,新疆,风电,2021,32.727221846580505,False,20.0,True,True
W7806,新疆,风电,2021,33.16275626420975,False,20.0,True,True
W7816,新疆,风电,2021,33.26452910900116,False,20.0,True,True
W7820,陕西,风电,2021,35.89758664369583,False,20.0,True,True
W7824,新疆,风电,2021,40.897025763988495,False,20.0,True,True
W7844,新疆,风电,2021,31.866539418697357,False,20.0,True,True
W7846,山西,风电,2021,32.96424239873886,False,20.0,True,True
W7851,新疆,风电,2021,35.80691009759903,False,20.0,True,True
W7854,山西,风电,2021,32.86919832229614,False,20.0,True,True
W7862,山西,风电,2021,34.60738241672516,False,20.0,True,True
W7865,新疆,风电,2021,32.395099103450775,False,20.0,True,True
W7869,山西,风电,2021,42.54209876060486,False,20.0,True,True
W7875,山西,风电,2021,32.55009591579437,False,20.0,True,True
W7887,新疆,风电,2021,32.13922083377838,False,20.0,True,True
W7890,新疆,风电,2021,34.305311143398285,False,20.0,True,True
W7898,山西,风电,2021,31.99304848909378,False,20.0,True,True
W7927,新疆,风电,2021,30.904752910137177,False,4.5,False,False
W7931,山西,风电,2021,32.61179834604263,False,20.0,True,True
W7946,山西,风电,2021,36.20043486356735,False,20.0,True,True
W7951,山西,风电,2021,40.43270230293274,False,20.0,True,True
W8000,新疆,风电,2021,40.58278173208237,False,20.0,True,True
W8096,云南,风电,2021,41.45564138889313,False,20.0,True,True
W901,甘肃,风电,2021,41.54569208621979,False,20.0,True,True
W909,甘肃,风电,2021,40.56595981121063,False,20.0,True,True
W912,甘肃,风电,2021,31.339634656906128,False,20.0,True,True
W922,甘肃,风电,2021,30.181638300418854,False,3.6,False,False
W929,甘肃,风电,2021,40.9567728638649,False,20.0,True,True
W934,甘肃,风电,2021,39.228672087192535,False,20.0,True,True
W939,甘肃,风电,2021,42.73944944143295,False,20.0,True,True
W992,甘肃,风电,2021,39.93446499109268,False,20.0,True,True
W994,甘肃,风电,2021,30.999708473682404,False,4.5,False,False
102,甘肃,光伏,2022,39.56354409456253,False,20.0,True,True
103,甘肃,光伏,2022,40.08987933397293,False,20.0,True,True
104,甘肃,光伏,2022,40.39552420377731,False,20.0,True,True
105,甘肃,光伏,2022,41.803786754608154,False,20.0,True,True
106,甘肃,光伏,2022,41.023088693618774,False,20.0,True,True
107,甘肃,光伏,2022,41.81874990463257,False,20.0,True,True
108,甘肃,光伏,2022,41.86786472797394,False,20.0,True,True
109,甘肃,光伏,2022,41.85940593481064,False,20.0,True,True
110,甘肃,光伏,2022,40.16557842493057,False,20.0,True,True
111,甘肃,光伏,2022,40.2823144197464,False,20.0,True,True
112,甘肃,光伏,2022,40.15179991722107,False,20.0,True,True
113,甘肃,光伏,2022,42.63556480407715,False,20.0,True,True
114,甘肃,光伏,2022,40.21688103675842,False,20.0,True,True
115,甘肃,光伏,2022,40.19343048334122,False,20.0,True,True
116,甘肃,光伏,2022,39.65045928955078,False,20.0,True,True
117,甘肃,光伏,2022,39.53248232603073,False,20.0,True,True
118,甘肃,光伏,2022,39.481198489665985,False,20.0,True,True
119,甘肃,光伏,2022,39.68986362218857,False,20.0,True,True
121,甘肃,光伏,2022,41.349269449710846,False,20.0,True,True
122,甘肃,光伏,2022,41.41107201576233,False,20.0,True,True
12469,青海,光伏,2022,35.04669785499573,False,20.0,True,True
125,甘肃,光伏,2022,40.98572641611099,False,20.0,True,True
126,甘肃,光伏,2022,39.69027131795883,False,20.0,True,True
12628,新疆,光伏,2022,40.057059824466705,False,20.0,True,True
130,甘肃,光伏,2022,39.94222015142441,False,20.0,True,True
131,甘肃,光伏,2022,40.35753786563873,False,20.0,True,True
142,甘肃,光伏,2022,38.00481587648392,False,20.0,True,True
146,甘肃,光伏,2022,40.24055242538452,False,20.0,True,True
149,甘肃,光伏,2022,38.196071684360504,False,20.0,True,True
151,甘肃,光伏,2022,38.079784512519836,False,20.0,True,True
154,甘肃,光伏,2022,40.24658560752869,False,20.0,True,True
155,甘肃,光伏,2022,41.111615002155304,False,20.0,True,True
156,甘肃,光伏,2022,41.11193597316742,False,20.0,True,True
157,甘肃,光伏,2022,41.957694590091705,False,20.0,True,True
158,甘肃,光伏,2022,40.26064932346344,False,20.0,True,True
159,甘肃,光伏,2022,40.37103921175003,False,20.0,True,True
161,甘肃,光伏,2022,42.208423018455505,False,20.0,True,True
163,甘肃,光伏,2022,42.21470922231674,False,20.0,True,True
170,甘肃,光伏,2022,38.56101930141449,False,20.0,True,True
171,甘肃,光伏,2022,38.41304898262024,False,20.0,True,True
172,甘肃,光伏,2022,38.3685439825058,False,20.0,True,True
175,甘肃,光伏,2022,39.45803493261337,False,20.0,True,True
176,甘肃,光伏,2022,38.225078880786896,False,20.0,True,True
178,甘肃,光伏,2022,37.78913140296936,False,20.0,True,True
179,甘肃,光伏,2022,39.30438816547394,False,20.0,True,True
181,甘肃,光伏,2022,41.84829890727997,False,20.0,True,True
183,甘肃,光伏,2022,41.46264910697937,False,20.0,True,True
185,甘肃,光伏,2022,41.716767847537994,False,20.0,True,True
187,甘肃,光伏,2022,38.22898507118225,False,20.0,True,True
188,甘肃,光伏,2022,37.982205748558044,False,20.0,True,True
189,甘肃,光伏,2022,38.176538944244385,False,20.0,True,True
190,甘肃,光伏,2022,43.252628445625305,False,20.0,True,True
195,甘肃,光伏,2022,42.49553203582764,False,20.0,True,True
199,甘肃,光伏,2022,38.81756275892258,False,20.0,True,True
3164,内蒙古,光伏,2022,42.360838651657104,False,20.0,True,True
3337,内蒙古,光伏,2022,43.22287291288376,False,20.0,True,True
3340,内蒙古,光伏,2022,41.72065883874893,False,20.0,True,True
3428,内蒙古,光伏,2022,43.07716816663742,False,20.0,True,True
3452,内蒙古,光伏,2022,41.5571665763855,False,20.0,True,True
3523,陕西,光伏,2022,42.427958250045776,False,20.0,True,True
3624,内蒙古,光伏,2022,43.087405264377594,False,20.0,True,True
3723,内蒙古,光伏,2022,43.246756196022034,False,20.0,True,True
3754,内蒙古,光伏,2022,43.32070380449295,False,20.0,True,True
3785,内蒙古,光伏,2022,42.5977948307991,False,20.0,True,True
3802,内蒙古,光伏,2022,43.15131962299347,False,20.0,True,True
3808,内蒙古,光伏,2022,41.414715349674225,False,20.0,True,True
3835,内蒙古,光伏,2022,43.212482929229736,False,20.0,True,True
3885,内蒙古,光伏,2022,41.93665087223053,False,20.0,True,True
3892,内蒙古,光伏,2022,43.32070380449295,False,20.0,True,True
3902,内蒙古,光伏,2022,43.32070380449295,False,20.0,True,True
3910,内蒙古,光伏,2022,42.94413775205612,False,20.0,True,True
404,甘肃,光伏,2022,38.42196196317673,False,20.0,True,True
4040,青海,光伏,2022,28.068247139453888,False,1.1,False,False
405,甘肃,光伏,2022,38.397274911403656,False,20.0,True,True
4077,陕西,光伏,2022,41.785745322704315,False,20.0,True,True
4093,陕西,光伏,2022,43.28830540180206,False,20.0,True,True
4107,陕西,光伏,2022,42.71696358919144,False,20.0,True,True
4117,青海,光伏,2022,28.068247139453888,False,1.1,False,False
4127,青海,光伏,2022,28.032513856887817,False,1.1,False,False
4128,青海,光伏,2022,28.032513856887817,False,1.1,False,False
4129,青海,光伏,2022,28.032513856887817,False,1.1,False,False
413,甘肃,光伏,2022,40.11879354715347,False,20.0,True,True
4130,青海,光伏,2022,30.67115843296051,False,3.8,False,False
4132,青海,光伏,2022,30.67115843296051,False,3.8,False,False
4133,青海,光伏,2022,30.67115843296051,False,3.8,False,False
4134,青海,光伏,2022,28.113507628440857,False,1.2,False,False
4135,青海,光伏,2022,28.113507628440857,False,1.2,False,False
4139,青海,光伏,2022,27.960042357444763,False,1.0,False,False
4141,青海,光伏,2022,27.932438850402832,False,1.0,False,False
4144,青海,光伏,2022,27.91846364736557,False,1.0,False,False
4145,青海,光伏,2022,27.91846364736557,False,1.0,False,False
4147,青海,光伏,2022,30.53864300251007,False,3.7,False,False
4148,青海,光伏,2022,30.53864300251007,False,3.7,False,False
4151,青海,光伏,2022,27.94801890850067,False,1.0,False,False
4154,青海,光伏,2022,30.82665055990219,False,4.4,False,False
4161,青海,光伏,2022,30.81073969602585,False,4.4,False,False
4163,青海,光伏,2022,30.83010345697403,False,4.4,False,False
4167,青海,光伏,2022,30.858384668827057,False,4.5,False,False
4173,青海,光伏,2022,31.318438947200775,False,20.0,True,True
4176,青海,光伏,2022,30.745889246463776,False,4.3,False,False
4179,青海,光伏,2022,30.82665055990219,False,4.4,False,False
418,甘肃,光伏,2022,42.317063212394714,False,20.0,True,True
4180,青海,光伏,2022,30.82665055990219,False,4.4,False,False
4191,青海,光伏,2022,34.18863236904144,False,20.0,True,True
4192,青海,光伏,2022,29.89157885313034,False,3.1,False,False
4193,青海,光伏,2022,29.89157885313034,False,3.1,False,False
4195,青海,光伏,2022,29.82090801000595,False,3.0,False,False
4197,青海,光伏,2022,32.67260134220123,False,20.0,True,True
4199,青海,光伏,2022,29.856856763362885,False,3.0,False,False
420,甘肃,光伏,2022,42.34352946281433,False,20.0,True,True
422,甘肃,光伏,2022,39.751904010772705,False,20.0,True,True
4242,青海,光伏,2022,27.926529049873352,False,1.0,False,False
4250,青海,光伏,2022,27.926529049873352,False,1.0,False,False
428,甘肃,光伏,2022,39.610852003097534,False,20.0,True,True
4298,青海,光伏,2022,30.60697227716446,False,3.8,False,False
430,甘肃,光伏,2022,39.6065828204155,False,20.0,True,True
4309,青海,光伏,2022,30.722327828407288,False,4.3,False,False
4326,青海,光伏,2022,30.808653831481934,False,4.4,False,False
433,甘肃,光伏,2022,39.22971993684769,False,20.0,True,True
435,甘肃,光伏,2022,43.158532083034515,False,20.0,True,True
4364,陕西,光伏,2022,42.13185578584671,False,20.0,True,True
4369,陕西,光伏,2022,41.68974548578262,False,20.0,True,True
437,甘肃,光伏,2022,39.24017786979675,False,20.0,True,True
438,甘肃,光伏,2022,39.640730023384094,False,20.0,True,True
440,甘肃,光伏,2022,39.2587012052536,False,20.0,True,True
4420,青海,光伏,2022,27.926529049873352,False,1.0,False,False
443,甘肃,光伏,2022,39.55056756734848,False,20.0,True,True
4456,青海,光伏,2022,29.02535855770111,False,2.0,False,False
447,甘肃,光伏,2022,39.91154998540878,False,20.0,True,True
4479,青海,光伏,2022,30.580924451351166,False,3.8,False,False
4535,青海,光伏,2022,30.808653831481934,False,4.4,False,False
454,甘肃,光伏,2022,42.879685163497925,False,20.0,True,True
4541,青海,光伏,2022,30.749402046203613,False,4.3,False,False
457,甘肃,光伏,2022,42.14877873659134,False,20.0,True,True
459,甘肃,光伏,2022,40.847636461257935,False,20.0,True,True
4603,青海,光伏,2022,30.85034877061844,False,4.4,False,False
4609,青海,光伏,2022,30.999326705932617,False,20.0,True,True
461,甘肃,光伏,2022,40.9233096241951,False,20.0,True,True
4615,青海,光伏,2022,30.808653831481934,False,4.4,False,False
463,甘肃,光伏,2022,40.90670317411423,False,20.0,True,True
464,甘肃,光伏,2022,40.90670317411423,False,20.0,True,True
4642,青海,光伏,2022,30.999325811862946,False,20.0,True,True
466,甘肃,光伏,2022,40.90663433074951,False,20.0,True,True
467,甘肃,光伏,2022,40.90670317411423,False,20.0,True,True
4670,青海,光伏,2022,30.999326705932617,False,20.0,True,True
4677,青海,光伏,2022,33.55146914720535,False,20.0,True,True
468,甘肃,光伏,2022,40.90663522481918,False,20.0,True,True
4687,青海,光伏,2022,33.55109095573425,False,20.0,True,True
4690,青海,光伏,2022,30.999325811862946,False,20.0,True,True
4693,青海,光伏,2022,33.231189250946045,False,20.0,True,True
470,甘肃,光伏,2022,40.93449801206589,False,20.0,True,True
4709,青海,光伏,2022,33.11879217624664,False,20.0,True,True
4710,青海,光伏,2022,31.956327259540558,False,20.0,True,True
4712,青海,光伏,2022,29.607893228530884,False,2.5,False,False
4716,青海,光伏,2022,32.842895686626434,False,20.0,True,True
4718,青海,光伏,2022,33.21848809719086,False,20.0,True,True
4724,青海,光伏,2022,33.21848809719086,False,20.0,True,True
4726,青海,光伏,2022,32.92123943567276,False,20.0,True,True
474,甘肃,光伏,2022,40.91237872838974,False,20.0,True,True
4746,青海,光伏,2022,29.565247893333435,False,2.5,False,False
4752,青海,光伏,2022,29.565247893333435,False,2.5,False,False
4756,青海,光伏,2022,33.23127061128616,False,20.0,True,True
4766,青海,光伏,2022,31.952275335788727,False,20.0,True,True
4773,青海,光伏,2022,34.18878793716431,False,20.0,True,True
4785,青海,光伏,2022,33.5641685128212,False,20.0,True,True
4795,青海,光伏,2022,30.45504927635193,False,3.7,False,False
4802,青海,光伏,2022,30.551768839359283,False,3.7,False,False
4804,青海,光伏,2022,31.705394089221954,False,20.0,True,True
4809,青海,光伏,2022,30.551768839359283,False,3.7,False,False
4824,青海,光伏,2022,30.579297244548798,False,3.8,False,False
483,甘肃,光伏,2022,38.868606984615326,False,20.0,True,True
4831,青海,光伏,2022,30.579297244548798,False,3.8,False,False
4838,青海,光伏,2022,30.522111654281616,False,3.7,False,False
4843,青海,光伏,2022,30.52178978919983,False,3.7,False,False
485,甘肃,光伏,2022,39.47382777929306,False,20.0,True,True
4850,青海,光伏,2022,28.03354114294052,False,1.1,False,False
4857,青海,光伏,2022,28.03354114294052,False,1.1,False,False
486,甘肃,光伏,2022,40.11957049369812,False,20.0,True,True
4863,青海,光伏,2022,28.03354114294052,False,1.1,False,False
4879,青海,光伏,2022,27.998549938201904,False,1.0,False,False
4882,青海,光伏,2022,30.82470327615738,False,4.4,False,False
4889,青海,光伏,2022,30.80889344215393,False,4.4,False,False
4903,青海,光伏,2022,30.706424117088318,False,4.3,False,False
491,甘肃,光伏,2022,39.54062193632126,False,20.0,True,True
4911,青海,光伏,2022,28.087959587574005,False,1.1,False,False
4928,青海,光伏,2022,28.005360066890717,False,1.1,False,False
495,甘肃,光伏,2022,42.71419733762741,False,20.0,True,True
4957,青海,光伏,2022,28.068247139453888,False,1.1,False,False
4960,青海,光伏,2022,32.96559423208237,False,20.0,True,True
4980,青海,光伏,2022,30.589236617088318,False,3.8,False,False
4981,青海,光伏,2022,30.83985149860382,False,4.1,False,False
4983,青海,光伏,2022,30.701388716697693,False,3.9,False,False
4986,青海,光伏,2022,30.83985149860382,False,4.1,False,False
4987,青海,光伏,2022,30.511018931865692,False,3.7,False,False
499,甘肃,光伏,2022,41.56944841146469,False,20.0,True,True
4997,青海,光伏,2022,31.318038403987885,False,20.0,True,True
4998,青海,光伏,2022,28.098874390125275,False,1.1,False,False
501,甘肃,光伏,2022,41.56944841146469,False,20.0,True,True
518,甘肃,光伏,2022,40.454881489276886,False,20.0,True,True
521,甘肃,光伏,2022,39.07486170530319,False,20.0,True,True
525,甘肃,光伏,2022,41.02814555168152,False,20.0,True,True
527,甘肃,光伏,2022,41.36173725128174,False,20.0,True,True
528,甘肃,光伏,2022,40.73802441358566,False,20.0,True,True
533,甘肃,光伏,2022,40.108691453933716,False,20.0,True,True
537,甘肃,光伏,2022,43.31801623106003,False,20.0,True,True
540,甘肃,光伏,2022,40.108691453933716,False,20.0,True,True
541,甘肃,光伏,2022,39.88160848617554,False,20.0,True,True
542,甘肃,光伏,2022,41.34698957204819,False,20.0,True,True
544,甘肃,光伏,2022,40.783138275146484,False,20.0,True,True
545,甘肃,光伏,2022,41.36279761791229,False,20.0,True,True
555,甘肃,光伏,2022,41.55423313379288,False,20.0,True,True
5846,陕西,光伏,2022,43.18189412355423,False,20.0,True,True
5966,陕西,光伏,2022,42.73015111684799,False,20.0,True,True
6001,新疆,光伏,2022,36.5785950422287,False,20.0,True,True
6004,新疆,光伏,2022,36.505772173404694,False,20.0,True,True
6005,新疆,光伏,2022,36.631030440330505,False,20.0,True,True
6006,新疆,光伏,2022,38.09556931257248,False,20.0,True,True
6007,新疆,光伏,2022,38.78627568483353,False,20.0,True,True
6014,新疆,光伏,2022,37.039935886859894,False,20.0,True,True
6016,新疆,光伏,2022,36.32900655269623,False,20.0,True,True
6017,新疆,光伏,2022,33.82227033376694,False,20.0,True,True
6020,新疆,光伏,2022,37.216584384441376,False,20.0,True,True
6021,新疆,光伏,2022,37.04943358898163,False,20.0,True,True
6022,新疆,光伏,2022,37.034837901592255,False,20.0,True,True
6024,新疆,光伏,2022,37.21479803323746,False,20.0,True,True
6025,新疆,光伏,2022,36.32900655269623,False,20.0,True,True
6027,新疆,光伏,2022,36.32900655269623,False,20.0,True,True
6030,新疆,光伏,2022,32.185832262039185,False,20.0,True,True
6031,新疆,光伏,2022,33.099405169487,False,20.0,True,True
6032,新疆,光伏,2022,33.099405169487,False,20.0,True,True
6035,新疆,光伏,2022,36.57490432262421,False,20.0,True,True
6036,新疆,光伏,2022,33.987634778022766,False,20.0,True,True
6037,新疆,光伏,2022,35.17659902572632,False,20.0,True,True
6047,新疆,光伏,2022,36.64941608905792,False,20.0,True,True
6056,新疆,光伏,2022,39.847551584243774,False,20.0,True,True
6057,新疆,光伏,2022,35.01414746046066,False,20.0,True,True
6059,新疆,光伏,2022,34.28237110376358,False,20.0,True,True
6060,新疆,光伏,2022,34.19939339160919,False,20.0,True,True
6061,新疆,光伏,2022,36.288485527038574,False,20.0,True,True
6063,新疆,光伏,2022,34.59872245788574,False,20.0,True,True
6066,新疆,光伏,2022,34.789038598537445,False,20.0,True,True
6067,新疆,光伏,2022,32.997263073921204,False,20.0,True,True
6068,新疆,光伏,2022,35.25877386331558,False,20.0,True,True
6069,新疆,光伏,2022,33.08151662349701,False,20.0,True,True
6070,新疆,光伏,2022,33.08153361082077,False,20.0,True,True
6076,新疆,光伏,2022,32.763512134552,False,20.0,True,True
6078,新疆,光伏,2022,39.45570766925812,False,20.0,True,True
6079,新疆,光伏,2022,40.162247121334076,False,20.0,True,True
6081,新疆,光伏,2022,37.29914277791977,False,20.0,True,True
6082,新疆,光伏,2022,32.91519373655319,False,20.0,True,True
6083,新疆,光伏,2022,32.21360385417938,False,20.0,True,True
6085,新疆,光伏,2022,36.42771989107132,False,20.0,True,True
6086,新疆,光伏,2022,32.352738082408905,False,20.0,True,True
6089,新疆,光伏,2022,32.352738082408905,False,20.0,True,True
6091,新疆,光伏,2022,38.37244123220444,False,20.0,True,True
6096,新疆,光伏,2022,38.09556931257248,False,20.0,True,True
6097,新疆,光伏,2022,36.07954055070877,False,20.0,True,True
6098,新疆,光伏,2022,36.05230897665024,False,20.0,True,True
6099,新疆,光伏,2022,39.6114107966423,False,20.0,True,True
6100,新疆,光伏,2022,37.39066779613495,False,20.0,True,True
6101,新疆,光伏,2022,33.05825740098953,False,20.0,True,True
6102,新疆,光伏,2022,34.327919483184814,False,20.0,True,True
6103,新疆,光伏,2022,38.939863443374634,False,20.0,True,True
6104,新疆,光伏,2022,39.44282054901123,False,20.0,True,True
6106,新疆,光伏,2022,36.94244027137756,False,20.0,True,True
6107,新疆,光伏,2022,42.35473841428757,False,20.0,True,True
6108,新疆,光伏,2022,39.9293178319931,False,20.0,True,True
6110,新疆,光伏,2022,39.57614868879318,False,20.0,True,True
6111,新疆,光伏,2022,32.4663519859314,False,20.0,True,True
6114,新疆,光伏,2022,32.58696913719177,False,20.0,True,True
6117,甘肃,光伏,2022,43.25386941432953,False,20.0,True,True
6120,新疆,光伏,2022,34.325271248817444,False,20.0,True,True
6123,新疆,光伏,2022,37.295872271060944,False,20.0,True,True
6124,新疆,光伏,2022,32.58696913719177,False,20.0,True,True
6125,新疆,光伏,2022,38.517361879348755,False,20.0,True,True
6129,新疆,光伏,2022,34.66672897338867,False,20.0,True,True
6133,新疆,光伏,2022,32.33673244714737,False,20.0,True,True
6140,新疆,光伏,2022,34.39884513616562,False,20.0,True,True
6142,新疆,光伏,2022,37.15328961610794,False,20.0,True,True
6143,新疆,光伏,2022,32.36835032701492,False,20.0,True,True
6149,新疆,光伏,2022,33.957925736904144,False,20.0,True,True
6151,新疆,光伏,2022,38.40154767036438,False,20.0,True,True
6158,新疆,光伏,2022,38.273562490940094,False,20.0,True,True
6165,新疆,光伏,2022,33.82144778966904,False,20.0,True,True
6167,新疆,光伏,2022,38.162317872047424,False,20.0,True,True
6169,新疆,光伏,2022,36.22500032186508,False,20.0,True,True
6172,新疆,光伏,2022,38.13369244337082,False,20.0,True,True
6175,新疆,光伏,2022,35.321639478206635,False,20.0,True,True
6176,新疆,光伏,2022,37.85358130931854,False,20.0,True,True
6178,新疆,光伏,2022,33.82278352975845,False,20.0,True,True
6183,新疆,光伏,2022,34.34897303581238,False,20.0,True,True
6186,新疆,光伏,2022,35.321639478206635,False,20.0,True,True
6189,新疆,光伏,2022,33.63145172595978,False,20.0,True,True
6190,新疆,光伏,2022,33.576638996601105,False,20.0,True,True
6191,新疆,光伏,2022,35.11907637119293,False,20.0,True,True
6205,新疆,光伏,2022,37.04181969165802,False,20.0,True,True
6212,新疆,光伏,2022,38.23644518852234,False,20.0,True,True
6214,新疆,光伏,2022,33.83793443441391,False,20.0,True,True
6215,新疆,光伏,2022,30.98780483007431,False,20.0,True,True
6219,新疆,光伏,2022,33.546767234802246,False,20.0,True,True
6224,新疆,光伏,2022,33.576178550720215,False,20.0,True,True
6230,新疆,光伏,2022,32.31773793697357,False,20.0,True,True
6233,新疆,光伏,2022,40.24428516626358,False,20.0,True,True
6251,新疆,光伏,2022,37.76015728712082,False,20.0,True,True
6253,新疆,光伏,2022,33.83793443441391,False,20.0,True,True
6259,新疆,光伏,2022,34.50416833162308,False,20.0,True,True
6260,新疆,光伏,2022,38.21644127368927,False,20.0,True,True
6261,新疆,光伏,2022,35.50715446472168,False,20.0,True,True
6263,新疆,光伏,2022,37.39713281393051,False,20.0,True,True
6268,新疆,光伏,2022,33.68614196777344,False,20.0,True,True
6270,新疆,光伏,2022,32.56677567958832,False,20.0,True,True
6272,新疆,光伏,2022,37.86748141050339,False,20.0,True,True
6276,新疆,光伏,2022,32.94561803340912,False,20.0,True,True
6277,新疆,光伏,2022,38.17427158355713,False,20.0,True,True
6280,新疆,光伏,2022,37.09853321313858,False,20.0,True,True
6286,新疆,光伏,2022,37.359023094177246,False,20.0,True,True
6288,新疆,光伏,2022,34.1515651345253,False,20.0,True,True
6289,新疆,光伏,2022,37.34956115484238,False,20.0,True,True
6290,新疆,光伏,2022,36.49940460920334,False,20.0,True,True
6294,新疆,光伏,2022,34.07034516334534,False,20.0,True,True
6295,新疆,光伏,2022,32.37822890281677,False,20.0,True,True
6301,新疆,光伏,2022,39.63397353887558,False,20.0,True,True
6321,新疆,光伏,2022,34.769236743450165,False,20.0,True,True
6322,新疆,光伏,2022,35.23221015930176,False,20.0,True,True
6323,新疆,光伏,2022,35.196941792964935,False,20.0,True,True
6324,新疆,光伏,2022,38.49484384059906,False,20.0,True,True
6325,新疆,光伏,2022,38.49484384059906,False,20.0,True,True
6326,新疆,光伏,2022,38.48022133111954,False,20.0,True,True
6327,新疆,光伏,2022,38.48022133111954,False,20.0,True,True
6328,新疆,光伏,2022,35.18641144037247,False,20.0,True,True
6329,新疆,光伏,2022,39.31294173002243,False,20.0,True,True
6331,新疆,光伏,2022,38.575653433799744,False,20.0,True,True
6332,新疆,光伏,2022,37.7230229973793,False,20.0,True,True
6334,新疆,光伏,2022,34.864533841609955,False,20.0,True,True
6335,新疆,光伏,2022,37.78411656618118,False,20.0,True,True
6336,新疆,光伏,2022,37.75841027498245,False,20.0,True,True
6337,新疆,光伏,2022,34.83673185110092,False,20.0,True,True
6339,新疆,光伏,2022,37.76015728712082,False,20.0,True,True
6341,新疆,光伏,2022,37.87355840206146,False,20.0,True,True
6342,新疆,光伏,2022,38.584332168102264,False,20.0,True,True
6344,新疆,光伏,2022,35.34583657979965,False,20.0,True,True
6345,新疆,光伏,2022,38.2603257894516,False,20.0,True,True
6347,新疆,光伏,2022,38.508212864398956,False,20.0,True,True
6349,新疆,光伏,2022,38.55476796627045,False,20.0,True,True
6350,新疆,光伏,2022,35.45941561460495,False,20.0,True,True
6352,新疆,光伏,2022,36.923576295375824,False,20.0,True,True
6356,新疆,光伏,2022,38.40121507644653,False,20.0,True,True
6358,新疆,光伏,2022,33.29232305288315,False,20.0,True,True
6360,新疆,光伏,2022,33.29232305288315,False,20.0,True,True
6361,新疆,光伏,2022,33.179596066474915,False,20.0,True,True
6362,新疆,光伏,2022,32.74269014596939,False,20.0,True,True
6364,新疆,光伏,2022,37.925618290901184,False,20.0,True,True
6365,新疆,光伏,2022,32.78539538383484,False,20.0,True,True
6367,新疆,光伏,2022,38.56582671403885,False,20.0,True,True
6368,新疆,光伏,2022,39.12878394126892,False,20.0,True,True
6369,新疆,光伏,2022,40.22233575582504,False,20.0,True,True
6371,新疆,光伏,2022,38.35179805755615,False,20.0,True,True
6372,新疆,光伏,2022,35.15478551387787,False,20.0,True,True
6374,新疆,光伏,2022,35.06235212087631,False,20.0,True,True
6375,新疆,光伏,2022,35.16052722930908,False,20.0,True,True
6380,新疆,光伏,2022,35.586907267570496,False,20.0,True,True
6381,新疆,光伏,2022,38.78627568483353,False,20.0,True,True
6385,新疆,光伏,2022,35.623972713947296,False,20.0,True,True
6386,新疆,光伏,2022,37.5178599357605,False,20.0,True,True
6387,新疆,光伏,2022,32.292154133319855,False,20.0,True,True
6388,新疆,光伏,2022,32.28712856769562,False,20.0,True,True
6389,新疆,光伏,2022,35.617212653160095,False,20.0,True,True
6390,新疆,光伏,2022,40.21906614303589,False,20.0,True,True
6394,新疆,光伏,2022,32.39211469888687,False,20.0,True,True
6395,新疆,光伏,2022,38.046813905239105,False,20.0,True,True
6402,新疆,光伏,2022,37.76015728712082,False,20.0,True,True
6403,新疆,光伏,2022,38.01706910133362,False,20.0,True,True
6405,新疆,光伏,2022,34.789038598537445,False,20.0,True,True
6406,新疆,光伏,2022,36.967613697052,False,20.0,True,True
6407,新疆,光伏,2022,36.26398175954819,False,20.0,True,True
6411,新疆,光伏,2022,35.613562166690826,False,20.0,True,True
6412,新疆,光伏,2022,38.190639317035675,False,20.0,True,True
6414,新疆,光伏,2022,38.844215869903564,False,20.0,True,True
6415,新疆,光伏,2022,33.565219938755035,False,20.0,True,True
6417,新疆,光伏,2022,35.61828464269638,False,20.0,True,True
6418,新疆,光伏,2022,38.733048141002655,False,20.0,True,True
6419,新疆,光伏,2022,38.190639317035675,False,20.0,True,True
6420,新疆,光伏,2022,37.06157773733139,False,20.0,True,True
6423,新疆,光伏,2022,37.06501632928848,False,20.0,True,True
6424,新疆,光伏,2022,36.70948773622513,False,20.0,True,True
6427,新疆,光伏,2022,38.02611529827118,False,20.0,True,True
6428,新疆,光伏,2022,33.84687513113022,False,20.0,True,True
6429,新疆,光伏,2022,35.64063906669617,False,20.0,True,True
6430,新疆,光伏,2022,36.505772173404694,False,20.0,True,True
6434,新疆,光伏,2022,36.70724630355835,False,20.0,True,True
6435,新疆,光伏,2022,31.455141305923462,False,20.0,True,True
6436,新疆,光伏,2022,36.5301051735878,False,20.0,True,True
6437,新疆,光伏,2022,38.072503209114075,False,20.0,True,True
6440,新疆,光伏,2022,36.60104960203171,False,20.0,True,True
6443,新疆,光伏,2022,37.03571140766144,False,20.0,True,True
6444,新疆,光伏,2022,38.07315856218338,False,20.0,True,True
6447,新疆,光伏,2022,33.50030243396759,False,20.0,True,True
6448,新疆,光伏,2022,37.03641325235367,False,20.0,True,True
6451,新疆,光伏,2022,34.38352257013321,False,20.0,True,True
6453,新疆,光伏,2022,38.163442611694336,False,20.0,True,True
6456,新疆,光伏,2022,37.03641325235367,False,20.0,True,True
6460,新疆,光伏,2022,37.87580966949463,False,20.0,True,True
6465,新疆,光伏,2022,33.27667951583862,False,20.0,True,True
6467,新疆,光伏,2022,34.64580416679382,False,20.0,True,True
6468,新疆,光伏,2022,32.95939654111862,False,20.0,True,True
6475,新疆,光伏,2022,34.06531780958176,False,20.0,True,True
6476,新疆,光伏,2022,32.95939654111862,False,20.0,True,True
6477,新疆,光伏,2022,37.032952308654785,False,20.0,True,True
6480,新疆,光伏,2022,35.59980243444443,False,20.0,True,True
6485,新疆,光伏,2022,33.49162995815277,False,20.0,True,True
6487,新疆,光伏,2022,35.79281687736511,False,20.0,True,True
6488,新疆,光伏,2022,37.0444518327713,False,20.0,True,True
6489,新疆,光伏,2022,36.81526958942413,False,20.0,True,True
6493,新疆,光伏,2022,36.81692272424698,False,20.0,True,True
6494,新疆,光伏,2022,37.09209501743317,False,20.0,True,True
6496,新疆,光伏,2022,34.47163224220276,False,20.0,True,True
6498,新疆,光伏,2022,37.73440271615982,False,20.0,True,True
6502,新疆,光伏,2022,36.41950607299805,False,20.0,True,True
6505,新疆,光伏,2022,37.06248253583908,False,20.0,True,True
6507,新疆,光伏,2022,38.07833343744278,False,20.0,True,True
6508,新疆,光伏,2022,37.4986070394516,False,20.0,True,True
6514,新疆,光伏,2022,37.08968549966812,False,20.0,True,True
6516,新疆,光伏,2022,39.91317719221115,False,20.0,True,True
6518,新疆,光伏,2022,35.180133283138275,False,20.0,True,True
6522,新疆,光伏,2022,36.36829197406769,False,20.0,True,True
6528,新疆,光伏,2022,33.085779547691345,False,20.0,True,True
6529,新疆,光伏,2022,39.91317719221115,False,20.0,True,True
6531,新疆,光伏,2022,38.38885724544525,False,20.0,True,True
6532,新疆,光伏,2022,37.58060842752457,False,20.0,True,True
6536,新疆,光伏,2022,33.08153361082077,False,20.0,True,True
6537,新疆,光伏,2022,37.74513691663742,False,20.0,True,True
6538,新疆,光伏,2022,34.7355642914772,False,20.0,True,True
6539,新疆,光伏,2022,37.58060842752457,False,20.0,True,True
6546,新疆,光伏,2022,37.675772309303284,False,20.0,True,True
6548,新疆,光伏,2022,34.7355642914772,False,20.0,True,True
6552,新疆,光伏,2022,35.37122368812561,False,20.0,True,True
6553,新疆,光伏,2022,36.7772376537323,False,20.0,True,True
6557,新疆,光伏,2022,36.8433952331543,False,20.0,True,True
6559,新疆,光伏,2022,32.69657224416733,False,20.0,True,True
6560,新疆,光伏,2022,37.4615603685379,False,20.0,True,True
6564,新疆,光伏,2022,32.304055988788605,False,20.0,True,True
6565,新疆,光伏,2022,32.30405509471893,False,20.0,True,True
6566,新疆,光伏,2022,32.58920520544052,False,20.0,True,True
6568,新疆,光伏,2022,36.47874176502228,False,20.0,True,True
657,甘肃,光伏,2022,38.39875906705856,False,20.0,True,True
6574,新疆,光伏,2022,35.35699725151062,False,20.0,True,True
6576,新疆,光伏,2022,31.852987110614777,False,20.0,True,True
6578,新疆,光伏,2022,35.37614107131958,False,20.0,True,True
6579,新疆,光伏,2022,34.58556801080704,False,20.0,True,True
6582,新疆,光伏,2022,35.084403455257416,False,20.0,True,True
6585,新疆,光伏,2022,37.9950213432312,False,20.0,True,True
6590,新疆,光伏,2022,33.6206978559494,False,20.0,True,True
6597,新疆,光伏,2022,37.7194619178772,False,20.0,True,True
6598,新疆,光伏,2022,33.0817312002182,False,20.0,True,True
6602,新疆,光伏,2022,33.495019376277924,False,20.0,True,True
6605,新疆,光伏,2022,37.334463000297546,False,20.0,True,True
6606,新疆,光伏,2022,37.05277919769287,False,20.0,True,True
6607,新疆,光伏,2022,32.06480652093887,False,20.0,True,True
6609,新疆,光伏,2022,35.23040682077408,False,20.0,True,True
6616,新疆,光伏,2022,32.65706777572632,False,20.0,True,True
6619,新疆,光伏,2022,37.74513691663742,False,20.0,True,True
6625,新疆,光伏,2022,32.64352083206177,False,20.0,True,True
6626,新疆,光伏,2022,36.697353422641754,False,20.0,True,True
6628,新疆,光伏,2022,32.10712552070618,False,20.0,True,True
663,甘肃,光伏,2022,38.39875906705856,False,20.0,True,True
6633,新疆,光伏,2022,37.74513691663742,False,20.0,True,True
6634,新疆,光伏,2022,32.311846911907196,False,20.0,True,True
6635,新疆,光伏,2022,37.78985559940338,False,20.0,True,True
6638,新疆,光伏,2022,32.80758708715439,False,20.0,True,True
6641,新疆,光伏,2022,38.00151318311691,False,20.0,True,True
6643,新疆,光伏,2022,38.20345222949982,False,20.0,True,True
6644,新疆,光伏,2022,32.874308824539185,False,20.0,True,True
6650,新疆,光伏,2022,37.12336242198944,False,20.0,True,True
6654,新疆,光伏,2022,35.310533344745636,False,20.0,True,True
6657,新疆,光伏,2022,37.12336242198944,False,20.0,True,True
6659,新疆,光伏,2022,37.89012283086777,False,20.0,True,True
6661,新疆,光伏,2022,38.15215766429901,False,20.0,True,True
6666,新疆,光伏,2022,34.78090614080429,False,20.0,True,True
6669,新疆,光伏,2022,35.179085433483124,False,20.0,True,True
6670,新疆,光伏,2022,39.932721555233,False,20.0,True,True
6672,新疆,光伏,2022,32.33633816242218,False,20.0,True,True
6675,新疆,光伏,2022,35.957771837711334,False,20.0,True,True
6684,新疆,光伏,2022,38.12459796667099,False,20.0,True,True
6685,新疆,光伏,2022,37.00513869524002,False,20.0,True,True
6691,新疆,光伏,2022,39.93709355592728,False,20.0,True,True
6693,新疆,光伏,2022,37.08103984594345,False,20.0,True,True
6694,新疆,光伏,2022,37.76015728712082,False,20.0,True,True
6698,新疆,光伏,2022,40.24489492177963,False,20.0,True,True
6699,新疆,光伏,2022,37.08103984594345,False,20.0,True,True
6701,新疆,光伏,2022,39.227580428123474,False,20.0,True,True
6704,新疆,光伏,2022,38.10312867164612,False,20.0,True,True
6707,新疆,光伏,2022,36.935172379016876,False,20.0,True,True
6720,新疆,光伏,2022,33.61164450645447,False,20.0,True,True
6723,新疆,光伏,2022,37.30147987604141,False,20.0,True,True
6728,新疆,光伏,2022,35.50090849399567,False,20.0,True,True
6731,新疆,光伏,2022,38.068993985652924,False,20.0,True,True
6733,新疆,光伏,2022,38.1290540099144,False,20.0,True,True
6736,新疆,光伏,2022,35.50090849399567,False,20.0,True,True
6738,新疆,光伏,2022,38.07299315929413,False,20.0,True,True
6739,新疆,光伏,2022,34.21413034200668,False,20.0,True,True
6740,新疆,光伏,2022,35.80121040344238,False,20.0,True,True
6741,新疆,光伏,2022,34.871715903282166,False,20.0,True,True
6745,新疆,光伏,2022,33.905088007450104,False,20.0,True,True
6747,新疆,光伏,2022,33.05513083934784,False,20.0,True,True
6750,新疆,光伏,2022,38.15536826848984,False,20.0,True,True
6753,新疆,光伏,2022,34.68344449996948,False,20.0,True,True
6755,新疆,光伏,2022,33.07866632938385,False,20.0,True,True
6757,新疆,光伏,2022,38.17778706550598,False,20.0,True,True
6760,新疆,光伏,2022,34.50512230396271,False,20.0,True,True
6764,新疆,光伏,2022,37.741784155368805,False,20.0,True,True
6766,新疆,光伏,2022,35.119839906692505,False,20.0,True,True
6768,新疆,光伏,2022,35.31407564878464,False,20.0,True,True
6774,新疆,光伏,2022,34.27044063806534,False,20.0,True,True
6777,新疆,光伏,2022,32.183913588523865,False,20.0,True,True
678,甘肃,光伏,2022,41.30085468292236,False,20.0,True,True
6782,新疆,光伏,2022,34.27044063806534,False,20.0,True,True
6784,新疆,光伏,2022,38.13783019781113,False,20.0,True,True
6785,新疆,光伏,2022,34.4902440905571,False,20.0,True,True
6790,新疆,光伏,2022,33.79693686962128,False,20.0,True,True
6792,新疆,光伏,2022,32.49101132154465,False,20.0,True,True
6793,新疆,光伏,2022,32.66322702169418,False,20.0,True,True
6794,新疆,光伏,2022,38.92162084579468,False,20.0,True,True
6799,新疆,光伏,2022,32.27301299571991,False,20.0,True,True
6801,新疆,光伏,2022,37.26985216140747,False,20.0,True,True
6802,新疆,光伏,2022,32.446615397930145,False,20.0,True,True
6804,新疆,光伏,2022,35.076766312122345,False,20.0,True,True
6805,新疆,光伏,2022,40.06899207830429,False,20.0,True,True
6806,新疆,光伏,2022,32.860883474349976,False,20.0,True,True
6809,新疆,光伏,2022,37.546464800834656,False,20.0,True,True
6811,新疆,光伏,2022,36.989182233810425,False,20.0,True,True
6813,新疆,光伏,2022,34.89752858877182,False,20.0,True,True
6814,新疆,光伏,2022,38.52019786834717,False,20.0,True,True
6815,新疆,光伏,2022,37.27747857570648,False,20.0,True,True
6816,新疆,光伏,2022,38.52019786834717,False,20.0,True,True
6819,新疆,光伏,2022,32.24310100078583,False,20.0,True,True
6820,新疆,光伏,2022,37.343507409095764,False,20.0,True,True
6823,新疆,光伏,2022,37.66243636608124,False,20.0,True,True
6824,新疆,光伏,2022,32.147226333618164,False,20.0,True,True
6825,新疆,光伏,2022,38.52019786834717,False,20.0,True,True
6830,新疆,光伏,2022,37.91942685842514,False,20.0,True,True
6831,新疆,光伏,2022,31.92900449037552,False,20.0,True,True
6832,新疆,光伏,2022,36.707468032836914,False,20.0,True,True
6834,新疆,光伏,2022,37.65087515115738,False,20.0,True,True
6838,新疆,光伏,2022,34.67636168003082,False,20.0,True,True
6839,新疆,光伏,2022,35.04688650369644,False,20.0,True,True
684,甘肃,光伏,2022,39.15404409170151,False,20.0,True,True
6842,新疆,光伏,2022,37.09312051534653,False,20.0,True,True
6845,新疆,光伏,2022,33.93293023109436,False,20.0,True,True
6846,新疆,光伏,2022,37.374750673770905,False,20.0,True,True
6848,新疆,光伏,2022,37.65087515115738,False,20.0,True,True
6849,新疆,光伏,2022,37.01756805181503,False,20.0,True,True
685,甘肃,光伏,2022,37.501740753650665,False,20.0,True,True
6852,新疆,光伏,2022,33.93293023109436,False,20.0,True,True
6853,新疆,光伏,2022,36.97869658470154,False,20.0,True,True
6854,新疆,光伏,2022,33.7748658657074,False,20.0,True,True
6859,新疆,光伏,2022,38.813959658145905,False,20.0,True,True
6860,新疆,光伏,2022,32.68549382686615,False,20.0,True,True
6866,新疆,光伏,2022,33.949884474277496,False,20.0,True,True
6867,新疆,光伏,2022,33.7748658657074,False,20.0,True,True
6871,新疆,光伏,2022,37.88008689880371,False,20.0,True,True
6874,新疆,光伏,2022,38.1714802980423,False,20.0,True,True
6881,新疆,光伏,2022,34.429822862148285,False,20.0,True,True
6883,新疆,光伏,2022,33.810323774814606,False,20.0,True,True
6885,新疆,光伏,2022,33.7748658657074,False,20.0,True,True
6886,新疆,光伏,2022,36.6001170873642,False,20.0,True,True
6888,新疆,光伏,2022,38.18397670984268,False,20.0,True,True
6895,新疆,光伏,2022,32.966887056827545,False,20.0,True,True
6898,新疆,光伏,2022,33.434759080410004,False,20.0,True,True
6900,新疆,光伏,2022,39.95704472064972,False,20.0,True,True
6903,新疆,光伏,2022,37.76015728712082,False,20.0,True,True
6907,新疆,光伏,2022,32.785896956920624,False,20.0,True,True
6908,新疆,光伏,2022,40.24437457323074,False,20.0,True,True
6911,新疆,光伏,2022,36.7772376537323,False,20.0,True,True
6912,新疆,光伏,2022,33.92407089471817,False,20.0,True,True
6913,新疆,光伏,2022,33.10285270214081,False,20.0,True,True
6916,新疆,光伏,2022,35.34467965364456,False,20.0,True,True
6918,新疆,光伏,2022,32.32947438955307,False,20.0,True,True
6927,新疆,光伏,2022,36.25856727361679,False,20.0,True,True
6928,新疆,光伏,2022,34.94094282388687,False,20.0,True,True
6934,新疆,光伏,2022,36.50242120027542,False,20.0,True,True
6938,新疆,光伏,2022,35.34809768199921,False,20.0,True,True
6939,新疆,光伏,2022,37.1759632229805,False,20.0,True,True
6945,新疆,光伏,2022,37.1759632229805,False,20.0,True,True
6947,新疆,光伏,2022,36.64620637893677,False,20.0,True,True
6953,新疆,光伏,2022,36.63297861814499,False,20.0,True,True
6954,新疆,光伏,2022,36.591723561286926,False,20.0,True,True
6959,新疆,光伏,2022,32.505560517311096,False,20.0,True,True
6961,新疆,光伏,2022,36.596893072128296,False,20.0,True,True
6963,新疆,光伏,2022,33.83846998214722,False,20.0,True,True
6968,新疆,光伏,2022,36.596893072128296,False,20.0,True,True
6969,新疆,光伏,2022,37.71773099899292,False,20.0,True,True
697,甘肃,光伏,2022,40.9536874294281,False,20.0,True,True
6973,新疆,光伏,2022,36.596893072128296,False,20.0,True,True
6975,新疆,光伏,2022,37.2658708691597,False,20.0,True,True
6977,新疆,光伏,2022,38.20308119058609,False,20.0,True,True
6981,新疆,光伏,2022,34.583323895931244,False,20.0,True,True
699,甘肃,光伏,2022,39.37010586261749,False,20.0,True,True
6990,新疆,光伏,2022,36.67251616716385,False,20.0,True,True
6995,新疆,光伏,2022,36.568374931812286,False,20.0,True,True
6996,新疆,光伏,2022,36.57274603843689,False,20.0,True,True
6997,新疆,光伏,2022,36.662820875644684,False,20.0,True,True
6998,新疆,光伏,2022,34.09411400556564,False,20.0,True,True
6999,新疆,光伏,2022,33.83181273937225,False,20.0,True,True
7000,新疆,光伏,2022,36.5785950422287,False,20.0,True,True
7001,新疆,光伏,2022,37.58060842752457,False,20.0,True,True
710,甘肃,光伏,2022,43.04628789424896,False,20.0,True,True
7114,新疆,光伏,2022,38.03503453731537,False,20.0,True,True
7127,新疆,光伏,2022,37.04181969165802,False,20.0,True,True
7145,新疆,光伏,2022,37.04181969165802,False,20.0,True,True
717,甘肃,光伏,2022,41.818681955337524,False,20.0,True,True
720,甘肃,光伏,2022,40.71466237306595,False,20.0,True,True
723,甘肃,光伏,2022,40.21279066801071,False,20.0,True,True
724,甘肃,光伏,2022,39.27153378725052,False,20.0,True,True
7274,新疆,光伏,2022,36.69484466314316,False,20.0,True,True
7284,新疆,光伏,2022,36.69913977384567,False,20.0,True,True
7294,新疆,光伏,2022,36.353044509887695,False,20.0,True,True
731,甘肃,光伏,2022,38.64480525255203,False,20.0,True,True
7325,新疆,光伏,2022,33.73131036758423,False,20.0,True,True
7332,新疆,光伏,2022,33.0380317568779,False,20.0,True,True
734,甘肃,光伏,2022,41.25459551811218,False,20.0,True,True
7341,新疆,光伏,2022,36.11182451248169,False,20.0,True,True
7346,新疆,光伏,2022,36.11182451248169,False,20.0,True,True
736,甘肃,光伏,2022,41.25459551811218,False,20.0,True,True
7361,新疆,光伏,2022,37.4702051281929,False,20.0,True,True
739,甘肃,光伏,2022,40.18294483423233,False,20.0,True,True
742,甘肃,光伏,2022,41.20784282684326,False,20.0,True,True
745,甘肃,光伏,2022,43.00540387630463,False,20.0,True,True
747,甘肃,光伏,2022,40.19841402769089,False,20.0,True,True
750,甘肃,光伏,2022,38.33141773939133,False,20.0,True,True
754,甘肃,光伏,2022,38.38314414024353,False,20.0,True,True
761,甘肃,光伏,2022,42.08607941865921,False,20.0,True,True
764,甘肃,光伏,2022,41.723757684230804,False,20.0,True,True
766,甘肃,光伏,2022,39.04796004295349,False,20.0,True,True
769,甘肃,光伏,2022,41.70221507549286,False,20.0,True,True
770,甘肃,光伏,2022,39.55283224582672,False,20.0,True,True
772,甘肃,光伏,2022,41.82830661535263,False,20.0,True,True
778,甘肃,光伏,2022,41.70700818300247,False,20.0,True,True
781,甘肃,光伏,2022,41.74627661705017,False,20.0,True,True
782,甘肃,光伏,2022,39.41942811012268,False,20.0,True,True
784,甘肃,光伏,2022,41.77870720624924,False,20.0,True,True
789,甘肃,光伏,2022,41.7940878868103,False,20.0,True,True
797,甘肃,光伏,2022,40.022264420986176,False,20.0,True,True
798,甘肃,光伏,2022,39.702068567276,False,20.0,True,True
7987,青海,光伏,2022,36.910699903964996,False,20.0,True,True
799,甘肃,光伏,2022,42.35177904367447,False,20.0,True,True
802,甘肃,光伏,2022,42.12835371494293,False,20.0,True,True
803,甘肃,光伏,2022,39.702068567276,False,20.0,True,True
809,甘肃,光伏,2022,39.9938303232193,False,20.0,True,True
810,甘肃,光伏,2022,39.4623801112175,False,20.0,True,True
814,甘肃,光伏,2022,40.002517998218536,False,20.0,True,True
816,甘肃,光伏,2022,39.558475613594055,False,20.0,True,True
817,甘肃,光伏,2022,42.48782068490982,False,20.0,True,True
821,甘肃,光伏,2022,41.70959562063217,False,20.0,True,True
8216,青海,光伏,2022,33.325587809085846,False,20.0,True,True
8217,青海,光伏,2022,37.01831817626953,False,20.0,True,True
824,甘肃,光伏,2022,42.44280070066452,False,20.0,True,True
827,甘肃,光伏,2022,39.26718145608902,False,20.0,True,True
8273,青海,光伏,2022,36.678188145160675,False,20.0,True,True
8281,青海,光伏,2022,37.050259709358215,False,20.0,True,True
8290,青海,光伏,2022,36.78818017244339,False,20.0,True,True
8305,青海,光伏,2022,37.1335905790329,False,20.0,True,True
8309,青海,光伏,2022,36.9013586640358,False,20.0,True,True
8314,青海,光伏,2022,30.557050108909607,False,3.7,False,False
8317,青海,光伏,2022,37.12056219577789,False,20.0,True,True
832,甘肃,光伏,2022,39.562713503837585,False,20.0,True,True
8326,青海,光伏,2022,30.56463271379471,False,3.7,False,False
8372,青海,光伏,2022,39.27649945020676,False,20.0,True,True
8380,青海,光伏,2022,32.941532135009766,False,20.0,True,True
8398,青海,光伏,2022,39.81802135705948,False,20.0,True,True
8399,青海,光伏,2022,39.93897646665573,False,20.0,True,True
843,甘肃,光伏,2022,39.59815710783005,False,20.0,True,True
8466,青海,光伏,2022,39.27649945020676,False,20.0,True,True
847,甘肃,光伏,2022,41.77820026874542,False,20.0,True,True
848,甘肃,光伏,2022,39.59815710783005,False,20.0,True,True
850,甘肃,光伏,2022,38.20103645324707,False,20.0,True,True
851,甘肃,光伏,2022,39.33204084634781,False,20.0,True,True
854,甘肃,光伏,2022,39.12901282310486,False,20.0,True,True
856,甘肃,光伏,2022,39.50637996196747,False,20.0,True,True
859,甘肃,光伏,2022,39.21208083629608,False,20.0,True,True
8608,西藏,光伏,2022,32.70460903644562,False,4.2,False,False
867,甘肃,光伏,2022,40.502631068229675,False,20.0,True,True
870,甘肃,光伏,2022,41.22940868139267,False,20.0,True,True
8714,青海,光伏,2022,39.27649945020676,False,20.0,True,True
875,甘肃,光伏,2022,38.29239338636398,False,20.0,True,True
876,甘肃,光伏,2022,39.21208083629608,False,20.0,True,True
880,甘肃,光伏,2022,39.594454765319824,False,20.0,True,True
882,甘肃,光伏,2022,40.50213038921356,False,20.0,True,True
883,甘肃,光伏,2022,39.6280637383461,False,20.0,True,True
886,甘肃,光伏,2022,39.249587059020996,False,20.0,True,True
888,甘肃,光伏,2022,39.59815710783005,False,20.0,True,True
894,甘肃,光伏,2022,39.59815710783005,False,20.0,True,True
895,甘肃,光伏,2022,38.90654057264328,False,20.0,True,True
897,甘肃,光伏,2022,39.59815710783005,False,20.0,True,True
906,甘肃,光伏,2022,41.84837579727173,False,20.0,True,True
908,甘肃,光伏,2022,39.62994486093521,False,20.0,True,True
912,甘肃,光伏,2022,39.51113998889923,False,20.0,True,True
918,甘肃,光伏,2022,39.51113998889923,False,20.0,True,True
922,甘肃,光伏,2022,39.193646013736725,False,20.0,True,True
927,甘肃,光伏,2022,40.90350866317749,False,20.0,True,True
931,甘肃,光伏,2022,39.54381376504898,False,20.0,True,True
933,甘肃,光伏,2022,39.560449719429016,False,20.0,True,True
935,甘肃,光伏,2022,39.53042596578598,False,20.0,True,True
943,甘肃,光伏,2022,39.54827606678009,False,20.0,True,True
948,甘肃,光伏,2022,41.56086355447769,False,20.0,True,True
9537,青海,光伏,2022,32.941532135009766,False,20.0,True,True
954,甘肃,光伏,2022,39.552182257175446,False,20.0,True,True
957,甘肃,光伏,2022,39.57270294427872,False,20.0,True,True
9579,青海,光伏,2022,36.910699903964996,False,20.0,True,True
959,甘肃,光伏,2022,39.9609500169754,False,20.0,True,True
961,甘肃,光伏,2022,40.910292863845825,False,20.0,True,True
963,甘肃,光伏,2022,40.8695125579834,False,20.0,True,True
969,甘肃,光伏,2022,42.22184479236603,False,20.0,True,True
970,甘肃,光伏,2022,42.21962034702301,False,20.0,True,True
971,甘肃,光伏,2022,40.13927400112152,False,20.0,True,True
990,甘肃,光伏,2022,42.67862766981125,False,20.0,True,True
991,甘肃,光伏,2022,42.77569144964218,False,20.0,True,True
992,甘肃,光伏,2022,38.438484370708466,False,20.0,True,True
W107,甘肃,风电,2022,43.19809466600418,False,20.0,True,True
W109,甘肃,风电,2022,43.19670259952545,False,20.0,True,True
W110,甘肃,风电,2022,43.21933686733246,False,20.0,True,True
W113,甘肃,风电,2022,36.51823818683624,False,20.0,True,True
W1130,河北,风电,2022,37.02806085348129,False,20.0,True,True
W1134,河北,风电,2022,34.66909110546112,False,20.0,True,True
W114,甘肃,风电,2022,42.1114182472229,False,20.0,True,True
W115,甘肃,风电,2022,38.37226241827011,False,20.0,True,True
W116,甘肃,风电,2022,40.47544866800308,False,20.0,True,True
W117,甘肃,风电,2022,39.77631837129593,False,20.0,True,True
W119,甘肃,风电,2022,40.59244304895401,False,20.0,True,True
W123,甘肃,风电,2022,40.995403826236725,False,20.0,True,True
W127,甘肃,风电,2022,39.83153611421585,False,20.0,True,True
W128,甘肃,风电,2022,40.17031788825989,False,20.0,True,True
W1280,河北,风电,2022,32.198406457901,False,20.0,True,True
W1284,河北,风电,2022,33.34463506937027,False,20.0,True,True
W1287,河北,风电,2022,39.19643998146057,False,20.0,True,True
W129,甘肃,风电,2022,38.10409963130951,False,20.0,True,True
W131,甘肃,风电,2022,39.51347351074219,False,20.0,True,True
W132,甘肃,风电,2022,39.575606882572174,False,20.0,True,True
W133,甘肃,风电,2022,39.70208019018173,False,20.0,True,True
W134,甘肃,风电,2022,40.62766760587692,False,20.0,True,True
W136,甘肃,风电,2022,32.59628802537918,False,20.0,True,True
W1360,河北,风电,2022,32.82403260469437,False,20.0,True,True
W1362,河北,风电,2022,32.82403260469437,False,20.0,True,True
W1374,河北,风电,2022,30.932367146015167,False,20.0,True,True
W1376,河北,风电,2022,33.09897422790527,False,20.0,True,True
W138,甘肃,风电,2022,35.33836394548416,False,20.0,True,True
W1389,河北,风电,2022,31.436830759048462,False,20.0,True,True
W139,甘肃,风电,2022,35.62607288360596,False,20.0,True,True
W140,甘肃,风电,2022,35.601012110710144,False,20.0,True,True
W141,甘肃,风电,2022,38.68857800960541,False,20.0,True,True
W1483,海南,风电,2022,42.06091493368149,False,20.0,True,True
W1502,河北,风电,2022,39.05947744846344,False,20.0,True,True
W1509,河北,风电,2022,34.55913841724396,False,20.0,True,True
W1520,河北,风电,2022,36.11046373844147,False,20.0,True,True
W1529,河北,风电,2022,32.3190513253212,False,20.0,True,True
W1533,河北,风电,2022,35.98586708307266,False,20.0,True,True
W1693,河北,风电,2022,39.21277463436127,False,20.0,True,True
W1887,河北,风电,2022,38.813597559928894,False,20.0,True,True
W1892,河北,风电,2022,35.95349282026291,False,20.0,True,True
W1941,河北,风电,2022,39.39190149307251,False,20.0,True,True
W2003,河南,风电,2022,42.8315931558609,False,20.0,True,True
W2208,黑龙江,风电,2022,30.260208249092102,False,3.5,False,False
W2214,黑龙江,风电,2022,29.398938417434692,False,2.3,False,False
W2237,黑龙江,风电,2022,32.41648256778717,False,20.0,True,True
W2263,河北,风电,2022,34.16189789772034,False,20.0,True,True
W2266,河北,风电,2022,34.117639660835266,False,20.0,True,True
W2269,黑龙江,风电,2022,30.059922337532043,False,3.3,False,False
W2377,河北,风电,2022,39.471149146556854,False,20.0,True,True
W2383,黑龙江,风电,2022,30.855364501476288,False,4.3,False,False
W2404,黑龙江,风电,2022,37.46793508529663,False,20.0,True,True
W2420,黑龙江,风电,2022,30.80379366874695,False,4.1,False,False
W2429,黑龙江,风电,2022,34.98918682336807,False,20.0,True,True
W2431,河北,风电,2022,40.76209455728531,False,20.0,True,True
W2435,黑龙江,风电,2022,34.35937374830246,False,20.0,True,True
W2451,黑龙江,风电,2022,35.89924603700638,False,20.0,True,True
W2456,黑龙江,风电,2022,30.896722376346588,False,4.3,False,False
W2515,河北,风电,2022,42.16067433357239,False,20.0,True,True
W2524,黑龙江,风电,2022,30.914868414402008,False,4.3,False,False
W2525,河北,风电,2022,43.296958208084106,False,20.0,True,True
W2534,黑龙江,风电,2022,35.87198048830032,False,20.0,True,True
W2553,黑龙江,风电,2022,33.677604496479034,False,20.0,True,True
W2557,河北,风电,2022,40.010477006435394,False,20.0,True,True
W2577,黑龙江,风电,2022,29.137136936187744,False,2.1,False,False
W2590,黑龙江,风电,2022,30.921910107135773,False,4.2,False,False
W2599,黑龙江,风电,2022,35.89924603700638,False,20.0,True,True
W2605,黑龙江,风电,2022,34.39748704433441,False,20.0,True,True
W2610,黑龙江,风电,2022,30.45674443244934,False,3.8,False,False
W2622,黑龙江,风电,2022,31.283336877822876,False,20.0,True,True
W2635,黑龙江,风电,2022,30.205420553684235,False,3.7,False,False
W2670,黑龙江,风电,2022,35.73545426130295,False,20.0,True,True
W2708,黑龙江,风电,2022,30.10681450366974,False,3.3,False,False
W2761,黑龙江,风电,2022,40.107286870479584,False,20.0,True,True
W2781,黑龙江,风电,2022,29.94435578584671,False,3.1,False,False
W2790,黑龙江,风电,2022,29.82690453529358,False,2.9,False,False
W2800,黑龙江,风电,2022,29.849177598953247,False,3.1,False,False
W2812,黑龙江,风电,2022,29.794864654541016,False,3.0,False,False
W2813,黑龙江,风电,2022,31.34169727563858,False,20.0,True,True
W2822,黑龙江,风电,2022,30.675272941589355,False,4.1,False,False
W2857,黑龙江,风电,2022,32.446428537368774,False,20.0,True,True
W2866,黑龙江,风电,2022,29.82776641845703,False,3.0,False,False
W2868,黑龙江,风电,2022,37.87665545940399,False,20.0,True,True
W2869,黑龙江,风电,2022,30.092447698116302,False,3.5,False,False
W2877,黑龙江,风电,2022,38.06302696466446,False,20.0,True,True
W2907,黑龙江,风电,2022,37.12378263473511,False,20.0,True,True
W2914,黑龙江,风电,2022,33.15160274505615,False,20.0,True,True
W2919,黑龙江,风电,2022,34.994977712631226,False,20.0,True,True
W2924,黑龙江,风电,2022,30.750779807567596,False,4.1,False,False
W2966,黑龙江,风电,2022,35.26642620563507,False,20.0,True,True
W2967,黑龙江,风电,2022,39.40460354089737,False,20.0,True,True
W2975,黑龙江,风电,2022,40.25192767381668,False,20.0,True,True
W3141,内蒙古,风电,2022,32.93682038784027,False,20.0,True,True
W3191,内蒙古,风电,2022,34.0798956155777,False,20.0,True,True
W3240,内蒙古,风电,2022,40.43052524328232,False,20.0,True,True
W3274,内蒙古,风电,2022,42.37958461046219,False,20.0,True,True
W3282,内蒙古,风电,2022,42.83687174320221,False,20.0,True,True
W3802,内蒙古,风电,2022,33.809435069561005,False,20.0,True,True
W4050,内蒙古,风电,2022,29.256188571453094,False,2.2,False,False
W4054,内蒙古,风电,2022,31.110025942325592,False,4.6,False,False
W4101,内蒙古,风电,2022,32.3342102766037,False,20.0,True,True
W4230,内蒙古,风电,2022,32.43233799934387,False,20.0,True,True
W4268,内蒙古,风电,2022,30.508504807949066,False,3.8,False,False
W4274,内蒙古,风电,2022,38.870020508766174,False,20.0,True,True
W4313,内蒙古,风电,2022,32.02699542045593,False,20.0,True,True
W4347,内蒙古,风电,2022,30.766780972480774,False,4.2,False,False
W4386,内蒙古,风电,2022,31.87783420085907,False,20.0,True,True
W4452,河北,风电,2022,31.36581838130951,False,20.0,True,True
W4461,内蒙古,风电,2022,35.99993884563446,False,20.0,True,True
W4475,内蒙古,风电,2022,32.69943684339523,False,20.0,True,True
W4484,内蒙古,风电,2022,36.14607185125351,False,20.0,True,True
W4505,内蒙古,风电,2022,31.037675142288208,False,4.5,False,False
W4510,内蒙古,风电,2022,30.450150668621063,False,3.8,False,False
W4517,内蒙古,风电,2022,30.967593491077423,False,4.5,False,False
W4522,内蒙古,风电,2022,31.086620092391968,False,4.6,False,False
W4534,内蒙古,风电,2022,30.761156380176544,False,3.2,False,False
W4551,内蒙古,风电,2022,32.76903659105301,False,20.0,True,True
W4603,内蒙古,风电,2022,33.65870386362076,False,20.0,True,True
W4611,内蒙古,风电,2022,31.64963185787201,False,20.0,True,True
W4721,内蒙古,风电,2022,39.360918402671814,False,20.0,True,True
W4736,内蒙古,风电,2022,34.78956073522568,False,20.0,True,True
W4753,内蒙古,风电,2022,34.34447765350342,False,20.0,True,True
W4783,内蒙古,风电,2022,37.180418372154236,False,20.0,True,True
W4791,内蒙古,风电,2022,34.23512041568756,False,20.0,True,True
W4807,内蒙古,风电,2022,34.25848513841629,False,20.0,True,True
W4808,内蒙古,风电,2022,31.649630963802338,False,20.0,True,True
W4814,内蒙古,风电,2022,34.84208554029465,False,20.0,True,True
W4815,内蒙古,风电,2022,32.09193706512451,False,20.0,True,True
W4827,内蒙古,风电,2022,30.135659873485565,False,3.3,False,False
W4832,内蒙古,风电,2022,32.273510098457336,False,20.0,True,True
W4837,内蒙古,风电,2022,35.30475318431854,False,20.0,True,True
W4852,内蒙古,风电,2022,31.905067563056946,False,20.0,True,True
W4968,内蒙古,风电,2022,32.081671357154846,False,20.0,True,True
W4991,内蒙古,风电,2022,34.712457060813904,False,20.0,True,True
W5008,青海,风电,2022,42.06156134605408,False,20.0,True,True
W5013,青海,风电,2022,42.601258456707,False,20.0,True,True
W5015,青海,风电,2022,42.90791451931,False,20.0,True,True
W5020,青海,风电,2022,41.62311941385269,False,20.0,True,True
W503,甘肃,风电,2022,41.58260464668274,False,20.0,True,True
W5035,青海,风电,2022,40.677359998226166,False,20.0,True,True
W5056,青海,风电,2022,42.31576591730118,False,20.0,True,True
W5057,青海,风电,2022,42.289888858795166,False,20.0,True,True
W5112,辽宁,风电,2022,27.63763278722763,False,0.7,False,False
W5192,辽宁,风电,2022,30.109716653823853,False,3.3,False,False
W5243,辽宁,风电,2022,38.754736483097076,False,20.0,True,True
W5305,辽宁,风电,2022,27.759296000003815,False,0.9,False,False
W5423,辽宁,风电,2022,36.60715252161026,False,20.0,True,True
W5428,辽宁,风电,2022,29.92559552192688,False,3.1,False,False
W5449,吉林,风电,2022,28.562535345554352,False,1.4,False,False
W5824,吉林,风电,2022,29.08355712890625,False,1.9,False,False
W583,甘肃,风电,2022,41.94196254014969,False,20.0,True,True
W5839,青海,风电,2022,39.482421576976776,False,20.0,True,True
W584,甘肃,风电,2022,42.88946181535721,False,20.0,True,True
W5851,青海,风电,2022,39.013122618198395,False,20.0,True,True
W5856,青海,风电,2022,40.67736089229584,False,20.0,True,True
W5888,青海,风电,2022,34.09311980009079,False,20.0,True,True
W5940,青海,风电,2022,39.4891557097435,False,20.0,True,True
W5967,辽宁,风电,2022,31.769743859767914,False,20.0,True,True
W6002,山东,风电,2022,43.051815927028656,False,20.0,True,True
W6010,陕西,风电,2022,41.647483706474304,False,20.0,True,True
W6039,山东,风电,2022,40.48390477895737,False,20.0,True,True
W6040,山东,风电,2022,42.06982970237732,False,20.0,True,True
W6069,山东,风电,2022,41.71430557966232,False,20.0,True,True
W6070,山东,风电,2022,42.03056126832962,False,20.0,True,True
W6094,山东,风电,2022,41.62975341081619,False,20.0,True,True
W6098,山东,风电,2022,42.73129731416702,False,20.0,True,True
W6099,山东,风电,2022,42.59570986032486,False,20.0,True,True
W6100,山东,风电,2022,41.90701067447662,False,20.0,True,True
W6101,山东,风电,2022,42.64508128166199,False,20.0,True,True
W6102,山东,风电,2022,41.6758918762207,False,20.0,True,True
W6103,山东,风电,2022,41.941478848457336,False,20.0,True,True
W6105,山东,风电,2022,42.35293060541153,False,20.0,True,True
W6106,山东,风电,2022,42.86876231431961,False,20.0,True,True
W6107,山东,风电,2022,42.91750252246857,False,20.0,True,True
W6108,山东,风电,2022,40.59415340423584,False,20.0,True,True
W6136,陕西,风电,2022,42.43389844894409,False,20.0,True,True
W6162,山东,风电,2022,43.18179666996002,False,20.0,True,True
W6164,陕西,风电,2022,42.18287855386734,False,20.0,True,True
W6236,山东,风电,2022,32.74831295013428,False,20.0,True,True
W6268,山西,风电,2022,32.19851464033127,False,20.0,True,True
W6270,山西,风电,2022,32.941532135009766,False,20.0,True,True
W6271,山西,风电,2022,32.58796960115433,False,20.0,True,True
W6338,山东,风电,2022,42.92558491230011,False,20.0,True,True
W6340,陕西,风电,2022,40.48871397972107,False,20.0,True,True
W6345,山东,风电,2022,42.92558491230011,False,20.0,True,True
W6352,山东,风电,2022,32.31106907129288,False,20.0,True,True
W6360,山东,风电,2022,33.80257576704025,False,20.0,True,True
W6363,陕西,风电,2022,41.457125544548035,False,20.0,True,True
W6384,山东,风电,2022,29.333603382110596,False,2.2,False,False
W6386,山东,风电,2022,29.688307642936707,False,2.8,False,False
W6394,山东,风电,2022,42.40305840969086,False,20.0,True,True
W6408,陕西,风电,2022,43.203804194927216,False,20.0,True,True
W6420,陕西,风电,2022,42.49541848897934,False,20.0,True,True
W6422,陕西,风电,2022,41.457125544548035,False,20.0,True,True
W6427,山东,风电,2022,41.916452050209045,False,20.0,True,True
W6431,陕西,风电,2022,41.74400478601456,False,20.0,True,True
W6435,山东,风电,2022,37.00966715812683,False,20.0,True,True
W6450,山西,风电,2022,34.165405333042145,False,20.0,True,True
W6453,山东,风电,2022,41.201917827129364,False,20.0,True,True
W6465,陕西,风电,2022,39.05772864818573,False,20.0,True,True
W6469,山东,风电,2022,41.645965576171875,False,20.0,True,True
W6490,陕西,风电,2022,43.03564667701721,False,20.0,True,True
W6522,陕西,风电,2022,42.80578851699829,False,20.0,True,True
W6524,陕西,风电,2022,41.457125544548035,False,20.0,True,True
W6551,陕西,风电,2022,41.38512432575226,False,20.0,True,True
W6556,陕西,风电,2022,42.10962384939194,False,20.0,True,True
W6571,山东,风电,2022,38.616309463977814,False,20.0,True,True
W6577,陕西,风电,2022,42.432716488838196,False,20.0,True,True
W6602,陕西,风电,2022,41.19057476520538,False,20.0,True,True
W6605,陕西,风电,2022,41.97415083646774,False,20.0,True,True
W6607,陕西,风电,2022,40.30074745416641,False,20.0,True,True
W6624,陕西,风电,2022,42.13571637868881,False,20.0,True,True
W6632,陕西,风电,2022,41.1816930770874,False,20.0,True,True
W6639,山东,风电,2022,42.754438519477844,False,20.0,True,True
W6651,陕西,风电,2022,41.50775134563446,False,20.0,True,True
W6691,陕西,风电,2022,42.00698733329773,False,20.0,True,True
W6693,陕西,风电,2022,41.408855617046356,False,20.0,True,True
W6706,陕西,风电,2022,40.96427947282791,False,20.0,True,True
W6714,陕西,风电,2022,40.45924186706543,False,20.0,True,True
W6720,山东,风电,2022,39.228924214839935,False,20.0,True,True
W6723,山西,风电,2022,31.73507809638977,False,20.0,True,True
W6740,山东,风电,2022,42.45096176862717,False,20.0,True,True
W6754,陕西,风电,2022,41.14242285490036,False,20.0,True,True
W6755,山东,风电,2022,42.74304807186127,False,20.0,True,True
W6783,陕西,风电,2022,43.02403450012207,False,20.0,True,True
W6792,陕西,风电,2022,42.743386030197144,False,20.0,True,True
W6793,山东,风电,2022,42.207913398742676,False,20.0,True,True
W6809,陕西,风电,2022,42.9759818315506,False,20.0,True,True
W6819,陕西,风电,2022,40.71935176849365,False,20.0,True,True
W6839,山东,风电,2022,42.532052993774414,False,20.0,True,True
W6846,山东,风电,2022,42.532052993774414,False,20.0,True,True
W6866,山西,风电,2022,37.581923604011536,False,20.0,True,True
W6906,山西,风电,2022,36.314745247364044,False,20.0,True,True
W6914,山西,风电,2022,40.65988540649414,False,20.0,True,True
W6915,山西,风电,2022,33.66049826145172,False,20.0,True,True
W693,甘肃,风电,2022,32.610844373703,False,20.0,True,True
W6930,山西,风电,2022,43.19620281457901,False,20.0,True,True
W6936,陕西,风电,2022,42.92966365814209,False,20.0,True,True
W6937,山东,风电,2022,30.10464996099472,False,3.3,False,False
W6945,山东,风电,2022,38.90258967876434,False,20.0,True,True
W6956,山东,风电,2022,30.683057606220245,False,4.0,False,False
W6994,陕西,风电,2022,42.565494775772095,False,20.0,True,True
W7010,新疆,风电,2022,42.37397253513336,False,20.0,True,True
W7013,新疆,风电,2022,40.855459570884705,False,20.0,True,True
W7016,新疆,风电,2022,41.27826243638992,False,20.0,True,True
W7019,山西,风电,2022,38.750328719615936,False,20.0,True,True
W7029,山西,风电,2022,37.96134531497955,False,20.0,True,True
W7058,山西,风电,2022,39.719663858413696,False,20.0,True,True
W7080,山西,风电,2022,39.946137964725494,False,20.0,True,True
W7124,山西,风电,2022,34.92208421230316,False,20.0,True,True
W7125,山西,风电,2022,34.8029699921608,False,20.0,True,True
W7126,山西,风电,2022,43.132973313331604,False,20.0,True,True
W7127,山西,风电,2022,35.97337782382965,False,20.0,True,True
W7177,山西,风电,2022,35.81411361694336,False,20.0,True,True
W7183,山西,风电,2022,40.455544888973236,False,20.0,True,True
W7192,新疆,风电,2022,32.764801383018494,False,20.0,True,True
W7194,新疆,风电,2022,40.55996239185333,False,20.0,True,True
W7196,山西,风电,2022,33.62096428871155,False,20.0,True,True
W7214,山西,风电,2022,42.26032912731171,False,20.0,True,True
W7224,新疆,风电,2022,39.456167221069336,False,20.0,True,True
W7233,新疆,风电,2022,35.00525861978531,False,20.0,True,True
W7239,山西,风电,2022,41.076534390449524,False,20.0,True,True
W7243,新疆,风电,2022,35.1132595539093,False,20.0,True,True
W7245,新疆,风电,2022,35.56148886680603,False,20.0,True,True
W7248,山西,风电,2022,33.6063489317894,False,20.0,True,True
W7253,山西,风电,2022,35.43081074953079,False,20.0,True,True
W7260,山西,风电,2022,33.83764833211899,False,20.0,True,True
W7265,新疆,风电,2022,32.44874954223633,False,20.0,True,True
W7268,新疆,风电,2022,30.6137877702713,False,3.8,False,False
W7272,新疆,风电,2022,32.0508536696434,False,20.0,True,True
W7273,新疆,风电,2022,41.93534016609192,False,20.0,True,True
W7277,山西,风电,2022,32.78840661048889,False,20.0,True,True
W7370,山西,风电,2022,42.05489605665207,False,20.0,True,True
W7371,山西,风电,2022,33.79711478948593,False,20.0,True,True
W7380,新疆,风电,2022,41.439993381500244,False,20.0,True,True
W7382,山西,风电,2022,34.873836636543274,False,20.0,True,True
W7383,新疆,风电,2022,30.733629763126373,False,3.9,False,False
W7390,山西,风电,2022,42.82349556684494,False,20.0,True,True
W7395,新疆,风电,2022,36.2466099858284,False,20.0,True,True
W7399,新疆,风电,2022,41.63558542728424,False,20.0,True,True
W7402,新疆,风电,2022,36.54906302690506,False,20.0,True,True
W7408,山西,风电,2022,33.93665939569473,False,20.0,True,True
W7409,新疆,风电,2022,36.271238923072815,False,20.0,True,True
W7410,新疆,风电,2022,34.922761023044586,False,20.0,True,True
W7424,新疆,风电,2022,38.57284516096115,False,20.0,True,True
W7431,新疆,风电,2022,38.40740919113159,False,20.0,True,True
W7439,新疆,风电,2022,34.66181695461273,False,20.0,True,True
W7446,新疆,风电,2022,37.46094346046448,False,20.0,True,True
W7447,新疆,风电,2022,41.81144446134567,False,20.0,True,True
W7453,新疆,风电,2022,43.04970234632492,False,20.0,True,True
W7458,新疆,风电,2022,42.6117467880249,False,20.0,True,True
W7460,新疆,风电,2022,35.220295786857605,False,20.0,True,True
W7465,新疆,风电,2022,42.6117467880249,False,20.0,True,True
W7468,新疆,风电,2022,35.68231165409088,False,20.0,True,True
W7474,山西,风电,2022,32.07349956035614,False,20.0,True,True
W7477,新疆,风电,2022,34.60520178079605,False,20.0,True,True
W7479,山西,风电,2022,34.14629280567169,False,20.0,True,True
W748,甘肃,风电,2022,33.55270743370056,False,20.0,True,True
W7480,新疆,风电,2022,34.26687687635422,False,20.0,True,True
W7487,新疆,风电,2022,37.34309881925583,False,20.0,True,True
W7492,山西,风电,2022,33.85214298963547,False,20.0,True,True
W7493,新疆,风电,2022,36.79653525352478,False,20.0,True,True
W7495,新疆,风电,2022,37.34309881925583,False,20.0,True,True
W7505,新疆,风电,2022,38.866857290267944,False,20.0,True,True
W7508,新疆,风电,2022,35.0558003783226,False,20.0,True,True
W7514,山西,风电,2022,34.492523074150085,False,20.0,True,True
W7515,山西,风电,2022,34.226915538311005,False,20.0,True,True
W7516,新疆,风电,2022,37.692362666130066,False,20.0,True,True
W7520,山西,风电,2022,33.84459614753723,False,20.0,True,True
W7521,山西,风电,2022,34.226915538311005,False,20.0,True,True
W7522,新疆,风电,2022,35.51823824644089,False,20.0,True,True
W7535,山西,风电,2022,34.33041036128998,False,20.0,True,True
W7545,新疆,风电,2022,35.56093633174896,False,20.0,True,True
W7546,新疆,风电,2022,34.47879910469055,False,20.0,True,True
W7560,新疆,风电,2022,35.513143837451935,False,20.0,True,True
W7567,新疆,风电,2022,39.2473840713501,False,20.0,True,True
W7568,新疆,风电,2022,37.37545430660248,False,20.0,True,True
W7578,新疆,风电,2022,37.58823037147522,False,20.0,True,True
W7592,新疆,风电,2022,38.21225702762604,False,20.0,True,True
W7615,新疆,风电,2022,41.63038104772568,False,20.0,True,True
W7664,新疆,风电,2022,35.51616311073303,False,20.0,True,True
W7683,新疆,风电,2022,41.7967826128006,False,20.0,True,True
W7693,山西,风电,2022,43.08034658432007,False,20.0,True,True
W7717,新疆,风电,2022,42.10363984107971,False,20.0,True,True
W7725,新疆,风电,2022,40.15283614397049,False,20.0,True,True
W7727,新疆,风电,2022,35.02348333597183,False,20.0,True,True
W7735,新疆,风电,2022,32.90985971689224,False,20.0,True,True
W7776,新疆,风电,2022,35.3750279545784,False,20.0,True,True
W7787,新疆,风电,2022,36.211269199848175,False,20.0,True,True
W7788,山西,风电,2022,41.30300670862198,False,20.0,True,True
W7789,山西,风电,2022,33.60682010650635,False,20.0,True,True
W7794,山西,风电,2022,39.851855635643005,False,20.0,True,True
W7799,山西,风电,2022,33.86942267417908,False,20.0,True,True
W7805,山西,风电,2022,41.993000507354736,False,20.0,True,True
W7806,新疆,风电,2022,36.08818084001541,False,20.0,True,True
W7812,山西,风电,2022,36.06263279914856,False,20.0,True,True
W7816,新疆,风电,2022,35.90869903564453,False,20.0,True,True
W7819,山西,风电,2022,40.52039980888367,False,20.0,True,True
W7820,陕西,风电,2022,42.522827088832855,False,20.0,True,True
W7828,新疆,风电,2022,30.644944310188293,False,3.8,False,False
W7829,山西,风电,2022,40.05940765142441,False,20.0,True,True
W7830,山西,风电,2022,41.515325009822845,False,20.0,True,True
W7838,山西,风电,2022,35.993762612342834,False,20.0,True,True
W7844,新疆,风电,2022,36.26385569572449,False,20.0,True,True
W7850,山西,风电,2022,35.2682501077652,False,20.0,True,True
W7851,新疆,风电,2022,38.501771092414856,False,20.0,True,True
W7852,山西,风电,2022,36.05420798063278,False,20.0,True,True
W7865,新疆,风电,2022,36.015642285346985,False,20.0,True,True
W7877,山西,风电,2022,34.4127631187439,False,20.0,True,True
W7883,新疆,风电,2022,31.759151816368103,False,20.0,True,True
W7884,山西,风电,2022,34.47747766971588,False,20.0,True,True
W7890,新疆,风电,2022,34.44905698299408,False,20.0,True,True
W7909,山西,风电,2022,38.45427721738815,False,20.0,True,True
W7927,新疆,风电,2022,32.750006318092346,False,20.0,True,True
W7935,山西,风电,2022,34.46046710014343,False,20.0,True,True
W7941,山西,风电,2022,34.45074588060379,False,20.0,True,True
W7948,山西,风电,2022,35.90476244688034,False,20.0,True,True
W7953,山西,风电,2022,33.902479112148285,False,20.0,True,True
W7958,山西,风电,2022,34.27016705274582,False,20.0,True,True
W7978,山西,风电,2022,33.546048402786255,False,20.0,True,True
W7982,山西,风电,2022,41.62654370069504,False,20.0,True,True
W8000,新疆,风电,2022,38.08722764253616,False,20.0,True,True
W912,甘肃,风电,2022,40.97574323415756,False,20.0,True,True
W922,甘肃,风电,2022,41.569411754608154,False,20.0,True,True
W925,甘肃,风电,2022,41.046530306339264,False,20.0,True,True
W985,甘肃,风电,2022,34.83489990234375,False,20.0,True,True
W993,甘肃,风电,2022,32.77401387691498,False,20.0,True,True
W994,甘肃,风电,2022,41.35956823825836,False,20.0,True,True
W998,甘肃,风电,2022,33.52141857147217,False,20.0,True,True
102,甘肃,光伏,2023,38.98936092853546,False,20.0,True,True
103,甘肃,光伏,2023,39.32016313076019,False,20.0,True,True
104,甘肃,光伏,2023,39.89127427339554,False,20.0,True,True
105,甘肃,光伏,2023,40.81897258758545,False,20.0,True,True
106,甘肃,光伏,2023,40.644932091236115,False,20.0,True,True
107,甘肃,光伏,2023,40.81984341144562,False,20.0,True,True
108,甘肃,光伏,2023,40.83727419376373,False,20.0,True,True
109,甘肃,光伏,2023,40.80968767404556,False,20.0,True,True
110,甘肃,光伏,2023,39.21131193637848,False,20.0,True,True
111,甘肃,光伏,2023,39.64177340269089,False,20.0,True,True
112,甘肃,光伏,2023,39.24496203660965,False,20.0,True,True
113,甘肃,光伏,2023,41.97884649038315,False,20.0,True,True
114,甘肃,光伏,2023,39.49733376502991,False,20.0,True,True
115,甘肃,光伏,2023,39.49233502149582,False,20.0,True,True
116,甘肃,光伏,2023,39.345858693122864,False,20.0,True,True
117,甘肃,光伏,2023,39.17276680469513,False,20.0,True,True
118,甘肃,光伏,2023,39.12264436483383,False,20.0,True,True
119,甘肃,光伏,2023,39.319742918014526,False,20.0,True,True
121,甘肃,光伏,2023,40.41532605886459,False,20.0,True,True
122,甘肃,光伏,2023,40.41707396507263,False,20.0,True,True
12469,青海,光伏,2023,34.268042743206024,False,20.0,True,True
125,甘肃,光伏,2023,41.404655277729034,False,20.0,True,True
126,甘肃,光伏,2023,38.96538287401199,False,20.0,True,True
130,甘肃,光伏,2023,39.85808730125427,False,20.0,True,True
131,甘肃,光伏,2023,39.32132542133331,False,20.0,True,True
142,甘肃,光伏,2023,38.105852007865906,False,20.0,True,True
146,甘肃,光伏,2023,40.061061680316925,False,20.0,True,True
149,甘肃,光伏,2023,37.818677723407745,False,20.0,True,True
151,甘肃,光伏,2023,37.79786288738251,False,20.0,True,True
154,甘肃,光伏,2023,39.926808178424835,False,20.0,True,True
155,甘肃,光伏,2023,40.74613809585571,False,20.0,True,True
156,甘肃,光伏,2023,40.74654310941696,False,20.0,True,True
157,甘肃,光伏,2023,40.723722875118256,False,20.0,True,True
158,甘肃,光伏,2023,39.89677995443344,False,20.0,True,True
159,甘肃,光伏,2023,39.88925904035568,False,20.0,True,True
161,甘肃,光伏,2023,40.84213525056839,False,20.0,True,True
163,甘肃,光伏,2023,40.84550052881241,False,20.0,True,True
170,甘肃,光伏,2023,39.38899755477905,False,20.0,True,True
171,甘肃,光伏,2023,39.69199329614639,False,20.0,True,True
172,甘肃,光伏,2023,39.67353165149689,False,20.0,True,True
175,甘肃,光伏,2023,38.54066044092178,False,20.0,True,True
176,甘肃,光伏,2023,39.30909276008606,False,20.0,True,True
178,甘肃,光伏,2023,38.86571556329727,False,20.0,True,True
179,甘肃,光伏,2023,38.53551238775253,False,20.0,True,True
181,甘肃,光伏,2023,40.79690784215927,False,20.0,True,True
183,甘肃,光伏,2023,41.64689987897873,False,20.0,True,True
185,甘肃,光伏,2023,41.866119503974915,False,20.0,True,True
187,甘肃,光伏,2023,39.02040034532547,False,20.0,True,True
188,甘肃,光伏,2023,39.258812963962555,False,20.0,True,True
189,甘肃,光伏,2023,39.036443531513214,False,20.0,True,True
195,甘肃,光伏,2023,40.753431022167206,False,20.0,True,True
199,甘肃,光伏,2023,38.21782261133194,False,20.0,True,True
3107,内蒙古,光伏,2023,42.638950645923615,False,20.0,True,True
3155,内蒙古,光伏,2023,42.12809532880783,False,20.0,True,True
3164,内蒙古,光伏,2023,42.155469954013824,False,20.0,True,True
3340,内蒙古,光伏,2023,41.40687972307205,False,20.0,True,True
3452,内蒙古,光伏,2023,41.69597536325455,False,20.0,True,True
3523,陕西,光伏,2023,43.04881900548935,False,20.0,True,True
3624,内蒙古,光伏,2023,42.79482454061508,False,20.0,True,True
3785,内蒙古,光伏,2023,42.23491698503494,False,20.0,True,True
3802,内蒙古,光伏,2023,42.811135053634644,False,20.0,True,True
3808,内蒙古,光伏,2023,42.50689744949341,False,20.0,True,True
3885,内蒙古,光伏,2023,42.21829175949097,False,20.0,True,True
404,甘肃,光伏,2023,39.66868579387665,False,20.0,True,True
4040,青海,光伏,2023,29.139187037944794,False,2.1,False,False
405,甘肃,光伏,2023,39.823097884655,False,20.0,True,True
4077,陕西,光伏,2023,42.27550953626633,False,20.0,True,True
4107,陕西,光伏,2023,42.47051149606705,False,20.0,True,True
4117,青海,光伏,2023,29.139187037944794,False,2.1,False,False
4127,青海,光伏,2023,28.94549310207367,False,1.9,False,False
4128,青海,光伏,2023,28.94549310207367,False,1.9,False,False
4129,青海,光伏,2023,28.94549310207367,False,1.9,False,False
413,甘肃,光伏,2023,39.09230947494507,False,20.0,True,True
4130,青海,光伏,2023,29.093762934207916,False,2.0,False,False
4132,青海,光伏,2023,29.093762934207916,False,2.0,False,False
4133,青海,光伏,2023,29.093762934207916,False,2.0,False,False
4134,青海,光伏,2023,29.172455370426178,False,2.1,False,False
4135,青海,光伏,2023,29.172455370426178,False,2.1,False,False
4139,青海,光伏,2023,28.795140087604523,False,1.8,False,False
4141,青海,光伏,2023,28.701027631759644,False,1.7,False,False
4144,青海,光伏,2023,29.37521517276764,False,2.3,False,False
4145,青海,光伏,2023,29.37521517276764,False,2.3,False,False
4147,青海,光伏,2023,28.874265253543854,False,1.8,False,False
4148,青海,光伏,2023,28.874265253543854,False,1.8,False,False
4151,青海,光伏,2023,28.767060935497284,False,1.7,False,False
4154,青海,光伏,2023,31.449744701385498,False,20.0,True,True
4160,青海,光伏,2023,31.449743807315826,False,20.0,True,True
4161,青海,光伏,2023,31.43880307674408,False,20.0,True,True
4163,青海,光伏,2023,31.43975168466568,False,20.0,True,True
4165,青海,光伏,2023,31.3319930434227,False,20.0,True,True
4167,青海,光伏,2023,31.46972268819809,False,20.0,True,True
4173,青海,光伏,2023,32.39083707332611,False,20.0,True,True
4176,青海,光伏,2023,31.28423362970352,False,20.0,True,True
4179,青海,光伏,2023,31.449744701385498,False,20.0,True,True
418,甘肃,光伏,2023,41.25360667705536,False,20.0,True,True
4180,青海,光伏,2023,31.449743807315826,False,20.0,True,True
4182,青海,光伏,2023,31.449743807315826,False,20.0,True,True
4189,青海,光伏,2023,31.449743807315826,False,20.0,True,True
4191,青海,光伏,2023,34.237523674964905,False,20.0,True,True
4192,青海,光伏,2023,29.660524427890778,False,2.7,False,False
4193,青海,光伏,2023,32.43891924619675,False,20.0,True,True
4195,青海,光伏,2023,29.604001343250275,False,2.6,False,False
4197,青海,光伏,2023,32.25344002246857,False,20.0,True,True
4199,青海,光伏,2023,29.581858813762665,False,2.6,False,False
420,甘肃,光伏,2023,41.3062646985054,False,20.0,True,True
422,甘肃,光伏,2023,38.86856496334076,False,20.0,True,True
4242,青海,光伏,2023,29.094829559326172,False,2.0,False,False
4250,青海,光伏,2023,29.094829559326172,False,2.0,False,False
428,甘肃,光伏,2023,41.30094051361084,False,20.0,True,True
4298,青海,光伏,2023,29.06928777694702,False,2.0,False,False
430,甘肃,光伏,2023,41.273630261421204,False,20.0,True,True
4309,青海,光伏,2023,31.25441461801529,False,20.0,True,True
4326,青海,光伏,2023,31.421305239200592,False,20.0,True,True
433,甘肃,光伏,2023,38.93783837556839,False,20.0,True,True
435,甘肃,光伏,2023,41.817507147789,False,20.0,True,True
4364,陕西,光伏,2023,41.26670926809311,False,20.0,True,True
4369,陕西,光伏,2023,41.929016411304474,False,20.0,True,True
437,甘肃,光伏,2023,38.86753410100937,False,20.0,True,True
438,甘肃,光伏,2023,38.968585431575775,False,20.0,True,True
4394,陕西,光伏,2023,43.334422409534454,False,20.0,True,True
440,甘肃,光伏,2023,38.91677767038345,False,20.0,True,True
4420,青海,光伏,2023,29.094829559326172,False,2.0,False,False
443,甘肃,光伏,2023,41.226868629455566,False,20.0,True,True
4456,青海,光伏,2023,28.871273696422577,False,1.9,False,False
447,甘肃,光伏,2023,40.04223704338074,False,20.0,True,True
4479,青海,光伏,2023,28.282666504383087,False,1.3,False,False
4535,青海,光伏,2023,31.421305239200592,False,20.0,True,True
454,甘肃,光伏,2023,42.26471275091171,False,20.0,True,True
4541,青海,光伏,2023,31.292447447776794,False,20.0,True,True
457,甘肃,光伏,2023,41.26207262277603,False,20.0,True,True
459,甘肃,光伏,2023,41.84354156255722,False,20.0,True,True
4603,青海,光伏,2023,31.44008696079254,False,20.0,True,True
4609,青海,光伏,2023,31.464107930660248,False,20.0,True,True
461,甘肃,光伏,2023,39.505215883255005,False,20.0,True,True
4615,青海,光伏,2023,31.421305239200592,False,20.0,True,True
463,甘肃,光伏,2023,39.39572632312775,False,20.0,True,True
464,甘肃,光伏,2023,39.39572632312775,False,20.0,True,True
4642,青海,光伏,2023,31.464107036590576,False,20.0,True,True
465,甘肃,光伏,2023,41.874879598617554,False,20.0,True,True
466,甘肃,光伏,2023,41.75638139247894,False,20.0,True,True
467,甘肃,光伏,2023,39.39572632312775,False,20.0,True,True
4670,青海,光伏,2023,31.464107930660248,False,20.0,True,True
4677,青海,光伏,2023,33.028013706207275,False,20.0,True,True
468,甘肃,光伏,2023,41.75621151924133,False,20.0,True,True
4687,青海,光伏,2023,33.02931547164917,False,20.0,True,True
4690,青海,光伏,2023,31.464107036590576,False,20.0,True,True
4693,青海,光伏,2023,33.1264391541481,False,20.0,True,True
470,甘肃,光伏,2023,39.50835853815079,False,20.0,True,True
4709,青海,光伏,2023,32.514671087265015,False,20.0,True,True
4710,青海,光伏,2023,32.23657697439194,False,20.0,True,True
4716,青海,光伏,2023,33.50387692451477,False,20.0,True,True
4718,青海,光伏,2023,32.93057084083557,False,20.0,True,True
4724,青海,光伏,2023,32.93057084083557,False,20.0,True,True
4726,青海,光伏,2023,33.10950994491577,False,20.0,True,True
474,甘肃,光伏,2023,39.47617381811142,False,20.0,True,True
475,甘肃,光伏,2023,43.29842269420624,False,20.0,True,True
4756,青海,光伏,2023,33.1265053153038,False,20.0,True,True
4766,青海,光伏,2023,33.18296670913696,False,20.0,True,True
4773,青海,光伏,2023,33.30296069383621,False,20.0,True,True
4785,青海,光伏,2023,32.83533364534378,False,20.0,True,True
4795,青海,光伏,2023,28.270687758922577,False,1.3,False,False
4802,青海,光伏,2023,30.99268913269043,False,4.2,False,False
4804,青海,光伏,2023,33.20816069841385,False,20.0,True,True
4809,青海,光伏,2023,30.99268913269043,False,4.2,False,False
4824,青海,光伏,2023,28.293800354003906,False,1.3,False,False
483,甘肃,光伏,2023,40.680145025253296,False,20.0,True,True
4831,青海,光伏,2023,31.01817637681961,False,4.2,False,False
4838,青海,光伏,2023,30.988060534000397,False,4.2,False,False
4843,青海,光伏,2023,30.94354748725891,False,4.1,False,False
485,甘肃,光伏,2023,41.274732649326324,False,20.0,True,True
4850,青海,光伏,2023,28.900882601737976,False,1.9,False,False
4857,青海,光伏,2023,28.900882601737976,False,1.9,False,False
486,甘肃,光伏,2023,39.40459370613098,False,20.0,True,True
4863,青海,光伏,2023,28.900882601737976,False,1.9,False,False
4879,青海,光伏,2023,28.890445232391357,False,1.8,False,False
4882,青海,光伏,2023,31.43992155790329,False,20.0,True,True
4889,青海,光伏,2023,31.442976593971252,False,20.0,True,True
4903,青海,光伏,2023,31.264566779136658,False,20.0,True,True
491,甘肃,光伏,2023,41.26365780830383,False,20.0,True,True
4911,青海,光伏,2023,29.134320616722107,False,2.1,False,False
4928,青海,光伏,2023,28.94361287355423,False,1.9,False,False
495,甘肃,光伏,2023,42.0119646191597,False,20.0,True,True
4957,青海,光伏,2023,29.139187037944794,False,2.1,False,False
4960,青海,光伏,2023,32.94936150312424,False,20.0,True,True
4980,青海,光伏,2023,31.065039038658142,False,4.3,False,False
4981,青海,光伏,2023,31.1367067694664,False,4.4,False,False
4983,青海,光伏,2023,31.083651781082153,False,4.3,False,False
4986,青海,光伏,2023,31.1367067694664,False,4.4,False,False
4987,青海,光伏,2023,30.929828882217407,False,4.1,False,False
4997,青海,光伏,2023,32.4035507440567,False,20.0,True,True
4998,青海,光伏,2023,29.140825867652893,False,2.1,False,False
5040,甘肃,光伏,2023,43.225913643836975,False,20.0,True,True
518,甘肃,光伏,2023,38.21922540664673,False,20.0,True,True
521,甘肃,光伏,2023,38.38137835264206,False,20.0,True,True
525,甘肃,光伏,2023,41.354219019412994,False,20.0,True,True
527,甘肃,光伏,2023,40.37386894226074,False,20.0,True,True
528,甘肃,光伏,2023,41.12761437892914,False,20.0,True,True
533,甘肃,光伏,2023,39.31193679571152,False,20.0,True,True
540,甘肃,光伏,2023,39.31193679571152,False,20.0,True,True
541,甘肃,光伏,2023,38.97651672363281,False,20.0,True,True
542,甘肃,光伏,2023,40.374062061309814,False,20.0,True,True
544,甘肃,光伏,2023,40.738200545310974,False,20.0,True,True
545,甘肃,光伏,2023,40.38761794567108,False,20.0,True,True
555,甘肃,光伏,2023,41.64132088422775,False,20.0,True,True
5966,陕西,光伏,2023,42.25267142057419,False,20.0,True,True
6001,新疆,光伏,2023,37.235776484012604,False,20.0,True,True
6004,新疆,光伏,2023,37.06094652414322,False,20.0,True,True
6005,新疆,光伏,2023,37.313788533210754,False,20.0,True,True
6006,新疆,光伏,2023,37.84936487674713,False,20.0,True,True
6007,新疆,光伏,2023,40.20244091749191,False,20.0,True,True
6014,新疆,光伏,2023,36.635208427906036,False,20.0,True,True
6016,新疆,光伏,2023,36.45853132009506,False,20.0,True,True
6017,新疆,光伏,2023,34.120911955833435,False,20.0,True,True
6020,新疆,光伏,2023,36.85756266117096,False,20.0,True,True
6021,新疆,光伏,2023,36.687409579753876,False,20.0,True,True
6022,新疆,光伏,2023,36.69185936450958,False,20.0,True,True
6024,新疆,光伏,2023,36.758233308792114,False,20.0,True,True
6025,新疆,光伏,2023,36.45853132009506,False,20.0,True,True
6027,新疆,光伏,2023,36.45853132009506,False,20.0,True,True
6030,新疆,光伏,2023,34.05550718307495,False,20.0,True,True
6031,新疆,光伏,2023,33.57459872961044,False,20.0,True,True
6032,新疆,光伏,2023,33.57459872961044,False,20.0,True,True
6035,新疆,光伏,2023,37.28075981140137,False,20.0,True,True
6036,新疆,光伏,2023,32.604689598083496,False,20.0,True,True
6037,新疆,光伏,2023,33.970026075839996,False,20.0,True,True
6047,新疆,光伏,2023,37.80838429927826,False,20.0,True,True
6057,新疆,光伏,2023,34.09021317958832,False,20.0,True,True
6059,新疆,光伏,2023,35.56766331195831,False,20.0,True,True
6060,新疆,光伏,2023,35.21946966648102,False,20.0,True,True
6061,新疆,光伏,2023,37.25129932165146,False,20.0,True,True
6063,新疆,光伏,2023,35.15918344259262,False,20.0,True,True
6066,新疆,光伏,2023,33.59452486038208,False,20.0,True,True
6067,新疆,光伏,2023,33.246259689331055,False,20.0,True,True
6068,新疆,光伏,2023,36.15745157003403,False,20.0,True,True
6069,新疆,光伏,2023,33.68884027004242,False,20.0,True,True
6070,新疆,光伏,2023,33.68875712156296,False,20.0,True,True
6072,新疆,光伏,2023,43.20780873298645,False,20.0,True,True
6074,新疆,光伏,2023,43.20780873298645,False,20.0,True,True
6076,新疆,光伏,2023,32.73250937461853,False,20.0,True,True
6081,新疆,光伏,2023,38.20449650287628,False,20.0,True,True
6082,新疆,光伏,2023,33.55789303779602,False,20.0,True,True
6083,新疆,光伏,2023,33.784159719944,False,20.0,True,True
6085,新疆,光伏,2023,35.924571454524994,False,20.0,True,True
6089,新疆,光伏,2023,31.426631212234497,False,20.0,True,True
6091,新疆,光伏,2023,36.96043521165848,False,20.0,True,True
6092,新疆,光伏,2023,38.22700649499893,False,20.0,True,True
6096,新疆,光伏,2023,37.84936487674713,False,20.0,True,True
6097,新疆,光伏,2023,36.00507348775864,False,20.0,True,True
6098,新疆,光伏,2023,35.82771688699722,False,20.0,True,True
6100,新疆,光伏,2023,36.78389400243759,False,20.0,True,True
6101,新疆,光伏,2023,31.56753122806549,False,20.0,True,True
6102,新疆,光伏,2023,33.02794128656387,False,20.0,True,True
6103,新疆,光伏,2023,37.66982674598694,False,20.0,True,True
6104,新疆,光伏,2023,35.255075097084045,False,20.0,True,True
6106,新疆,光伏,2023,36.12937241792679,False,20.0,True,True
6108,新疆,光伏,2023,39.11544531583786,False,20.0,True,True
6110,新疆,光伏,2023,39.06759649515152,False,20.0,True,True
6111,新疆,光伏,2023,33.20267736911774,False,20.0,True,True
6114,新疆,光伏,2023,32.1079158782959,False,20.0,True,True
6117,甘肃,光伏,2023,41.29419922828674,False,20.0,True,True
6120,新疆,光伏,2023,35.013852417469025,False,20.0,True,True
6123,新疆,光伏,2023,37.82319098711014,False,20.0,True,True
6124,新疆,光伏,2023,32.1079158782959,False,20.0,True,True
6125,新疆,光伏,2023,38.69088917970657,False,20.0,True,True
6129,新疆,光伏,2023,32.40891247987747,False,20.0,True,True
6131,新疆,光伏,2023,33.46165359020233,False,20.0,True,True
6133,新疆,光伏,2023,32.42737501859665,False,20.0,True,True
6140,新疆,光伏,2023,34.95429307222366,False,20.0,True,True
6142,新疆,光伏,2023,36.92469656467438,False,20.0,True,True
6143,新疆,光伏,2023,33.46165269613266,False,20.0,True,True
6149,新疆,光伏,2023,33.500497341156006,False,20.0,True,True
6151,新疆,光伏,2023,36.929355561733246,False,20.0,True,True
6158,新疆,光伏,2023,37.95370817184448,False,20.0,True,True
6159,新疆,光伏,2023,33.46165180206299,False,20.0,True,True
6165,新疆,光伏,2023,33.423959612846375,False,20.0,True,True
6167,新疆,光伏,2023,37.878976464271545,False,20.0,True,True
6169,新疆,光伏,2023,36.00726753473282,False,20.0,True,True
6172,新疆,光伏,2023,38.39831471443176,False,20.0,True,True
6175,新疆,光伏,2023,34.923013150691986,False,20.0,True,True
6176,新疆,光伏,2023,38.64405959844589,False,20.0,True,True
6178,新疆,光伏,2023,30.845373272895813,False,20.0,True,True
6183,新疆,光伏,2023,34.98691588640213,False,20.0,True,True
6186,新疆,光伏,2023,34.923013150691986,False,20.0,True,True
6189,新疆,光伏,2023,30.87491065263748,False,20.0,True,True
6190,新疆,光伏,2023,35.11322557926178,False,20.0,True,True
6191,新疆,光伏,2023,35.9109029173851,False,20.0,True,True
6205,新疆,光伏,2023,37.1534863114357,False,20.0,True,True
6212,新疆,光伏,2023,37.88204222917557,False,20.0,True,True
6214,新疆,光伏,2023,33.44709813594818,False,20.0,True,True
6215,新疆,光伏,2023,32.756628692150116,False,20.0,True,True
6219,新疆,光伏,2023,33.65841597318649,False,20.0,True,True
6230,新疆,光伏,2023,32.335381507873535,False,20.0,True,True
6247,新疆,光伏,2023,32.537406384944916,False,20.0,True,True
6251,新疆,光伏,2023,39.08045947551727,False,20.0,True,True
6253,新疆,光伏,2023,33.44709813594818,False,20.0,True,True
6259,新疆,光伏,2023,32.42339462041855,False,20.0,True,True
6260,新疆,光伏,2023,37.893800139427185,False,20.0,True,True
6261,新疆,光伏,2023,35.37508875131607,False,20.0,True,True
6263,新疆,光伏,2023,36.483125388622284,False,20.0,True,True
6268,新疆,光伏,2023,34.31561350822449,False,20.0,True,True
6270,新疆,光伏,2023,32.09001123905182,False,20.0,True,True
6272,新疆,光伏,2023,37.084276378154755,False,20.0,True,True
6276,新疆,光伏,2023,33.646761775016785,False,20.0,True,True
6277,新疆,光伏,2023,37.88988769054413,False,20.0,True,True
6280,新疆,光伏,2023,36.75449877977371,False,20.0,True,True
6286,新疆,光伏,2023,37.43740350008011,False,20.0,True,True
6288,新疆,光伏,2023,33.92623633146286,False,20.0,True,True
6289,新疆,光伏,2023,36.31198167800903,False,20.0,True,True
6290,新疆,光伏,2023,36.62184923887253,False,20.0,True,True
6294,新疆,光伏,2023,32.90298521518707,False,20.0,True,True
6295,新疆,光伏,2023,31.977969110012054,False,20.0,True,True
6301,新疆,光伏,2023,39.838280975818634,False,20.0,True,True
6321,新疆,光伏,2023,34.39698189496994,False,20.0,True,True
6322,新疆,光伏,2023,33.1975319981575,False,20.0,True,True
6323,新疆,光伏,2023,33.6881884932518,False,20.0,True,True
6324,新疆,光伏,2023,36.728263199329376,False,20.0,True,True
6325,新疆,光伏,2023,36.728263199329376,False,20.0,True,True
6326,新疆,光伏,2023,36.74802750349045,False,20.0,True,True
6327,新疆,光伏,2023,36.74802750349045,False,20.0,True,True
6328,新疆,光伏,2023,33.65265995264053,False,20.0,True,True
6329,新疆,光伏,2023,37.95714318752289,False,20.0,True,True
6331,新疆,光伏,2023,36.999653577804565,False,20.0,True,True
6332,新疆,光伏,2023,36.62680238485336,False,20.0,True,True
6334,新疆,光伏,2023,33.7362876534462,False,20.0,True,True
6335,新疆,光伏,2023,36.59386217594147,False,20.0,True,True
6336,新疆,光伏,2023,36.64750099182129,False,20.0,True,True
6337,新疆,光伏,2023,33.74196767807007,False,20.0,True,True
6339,新疆,光伏,2023,39.08045947551727,False,20.0,True,True
6341,新疆,光伏,2023,36.636352837085724,False,20.0,True,True
6342,新疆,光伏,2023,37.31215238571167,False,20.0,True,True
6344,新疆,光伏,2023,34.237704277038574,False,20.0,True,True
6345,新疆,光伏,2023,38.1643545627594,False,20.0,True,True
6347,新疆,光伏,2023,37.36846625804901,False,20.0,True,True
6349,新疆,光伏,2023,36.91964864730835,False,20.0,True,True
6350,新疆,光伏,2023,34.03581261634827,False,20.0,True,True
6351,新疆,光伏,2023,39.2659530043602,False,20.0,True,True
6352,新疆,光伏,2023,35.2674400806427,False,20.0,True,True
6353,新疆,光伏,2023,38.072975277900696,False,20.0,True,True
6356,新疆,光伏,2023,38.19043010473251,False,20.0,True,True
6358,新疆,光伏,2023,34.313978254795074,False,20.0,True,True
6360,新疆,光伏,2023,34.313978254795074,False,20.0,True,True
6361,新疆,光伏,2023,32.67977714538574,False,20.0,True,True
6362,新疆,光伏,2023,32.38742083311081,False,20.0,True,True
6363,新疆,光伏,2023,39.48777884244919,False,20.0,True,True
6364,新疆,光伏,2023,37.00373321771622,False,20.0,True,True
6365,新疆,光伏,2023,32.43005990982056,False,20.0,True,True
6367,新疆,光伏,2023,37.19947010278702,False,20.0,True,True
6368,新疆,光伏,2023,38.03542613983154,False,20.0,True,True
6369,新疆,光伏,2023,38.14573645591736,False,20.0,True,True
6371,新疆,光伏,2023,37.695700228214264,False,20.0,True,True
6372,新疆,光伏,2023,34.910052716732025,False,20.0,True,True
6374,新疆,光伏,2023,34.87659126520157,False,20.0,True,True
6375,新疆,光伏,2023,34.889274537563324,False,20.0,True,True
6380,新疆,光伏,2023,36.87353432178497,False,20.0,True,True
6381,新疆,光伏,2023,40.20244091749191,False,20.0,True,True
6385,新疆,光伏,2023,35.286986231803894,False,20.0,True,True
6386,新疆,光伏,2023,36.79206669330597,False,20.0,True,True
6387,新疆,光伏,2023,31.94137215614319,False,20.0,True,True
6388,新疆,光伏,2023,32.34484791755676,False,20.0,True,True
6389,新疆,光伏,2023,34.93683099746704,False,20.0,True,True
6394,新疆,光伏,2023,32.92026221752167,False,20.0,True,True
6395,新疆,光伏,2023,37.84627139568329,False,20.0,True,True
6402,新疆,光伏,2023,39.08045947551727,False,20.0,True,True
6403,新疆,光伏,2023,37.823913395404816,False,20.0,True,True
6405,新疆,光伏,2023,33.59452396631241,False,20.0,True,True
6406,新疆,光伏,2023,37.043329775333405,False,20.0,True,True
6407,新疆,光伏,2023,36.079087257385254,False,20.0,True,True
6411,新疆,光伏,2023,35.218420922756195,False,20.0,True,True
6412,新疆,光伏,2023,37.89374113082886,False,20.0,True,True
6414,新疆,光伏,2023,39.94769811630249,False,20.0,True,True
6415,新疆,光伏,2023,30.73823779821396,False,4.5,False,False
6417,新疆,光伏,2023,35.24095684289932,False,20.0,True,True
6418,新疆,光伏,2023,39.488725662231445,False,20.0,True,True
6419,新疆,光伏,2023,37.89374113082886,False,20.0,True,True
6420,新疆,光伏,2023,36.48790866136551,False,20.0,True,True
6423,新疆,光伏,2023,36.38084560632706,False,20.0,True,True
6424,新疆,光伏,2023,35.668828189373016,False,20.0,True,True
6427,新疆,光伏,2023,37.83532351255417,False,20.0,True,True
6428,新疆,光伏,2023,34.3365204334259,False,20.0,True,True
6429,新疆,光伏,2023,35.26552587747574,False,20.0,True,True
6430,新疆,光伏,2023,37.06094652414322,False,20.0,True,True
6434,新疆,光伏,2023,35.66696673631668,False,20.0,True,True
6435,新疆,光伏,2023,31.53121054172516,False,20.0,True,True
6436,新疆,光伏,2023,36.401896476745605,False,20.0,True,True
6437,新疆,光伏,2023,36.78081393241882,False,20.0,True,True
6440,新疆,光伏,2023,37.0508337020874,False,20.0,True,True
6443,新疆,光伏,2023,37.48859167098999,False,20.0,True,True
6444,新疆,光伏,2023,36.781198382377625,False,20.0,True,True
6447,新疆,光伏,2023,33.61755967140198,False,20.0,True,True
6448,新疆,光伏,2023,37.0764023065567,False,20.0,True,True
6451,新疆,光伏,2023,34.60051506757736,False,20.0,True,True
6453,新疆,光伏,2023,36.839008033275604,False,20.0,True,True
6456,新疆,光伏,2023,37.0764023065567,False,20.0,True,True
6460,新疆,光伏,2023,37.56927788257599,False,20.0,True,True
6465,新疆,光伏,2023,33.32946002483368,False,20.0,True,True
6467,新疆,光伏,2023,33.563021421432495,False,20.0,True,True
6468,新疆,光伏,2023,33.80422353744507,False,20.0,True,True
6475,新疆,光伏,2023,31.910651922225952,False,20.0,True,True
6476,新疆,光伏,2023,33.80422353744507,False,20.0,True,True
6477,新疆,光伏,2023,36.87244355678558,False,20.0,True,True
6480,新疆,光伏,2023,34.45138782262802,False,20.0,True,True
6485,新疆,光伏,2023,32.509265542030334,False,20.0,True,True
6487,新疆,光伏,2023,34.52519774436951,False,20.0,True,True
6488,新疆,光伏,2023,36.89730942249298,False,20.0,True,True
6489,新疆,光伏,2023,36.935550570487976,False,20.0,True,True
6493,新疆,光伏,2023,36.952243745326996,False,20.0,True,True
6494,新疆,光伏,2023,36.35903209447861,False,20.0,True,True
6496,新疆,光伏,2023,33.87871831655502,False,20.0,True,True
6498,新疆,光伏,2023,38.444201946258545,False,20.0,True,True
6502,新疆,光伏,2023,35.52176356315613,False,20.0,True,True
6505,新疆,光伏,2023,36.350166499614716,False,20.0,True,True
6507,新疆,光伏,2023,38.944337368011475,False,20.0,True,True
6508,新疆,光伏,2023,36.77084505558014,False,20.0,True,True
6514,新疆,光伏,2023,36.32045388221741,False,20.0,True,True
6518,新疆,光伏,2023,34.04081046581268,False,20.0,True,True
6522,新疆,光伏,2023,36.22817516326904,False,20.0,True,True
6528,新疆,光伏,2023,33.627415895462036,False,20.0,True,True
6531,新疆,光伏,2023,37.29463040828705,False,20.0,True,True
6532,新疆,光伏,2023,37.05230265855789,False,20.0,True,True
6536,新疆,光伏,2023,33.68875712156296,False,20.0,True,True
6537,新疆,光伏,2023,38.47350865602493,False,20.0,True,True
6538,新疆,光伏,2023,32.327026426792145,False,20.0,True,True
6539,新疆,光伏,2023,37.05230265855789,False,20.0,True,True
6546,新疆,光伏,2023,36.89187616109848,False,20.0,True,True
6548,新疆,光伏,2023,32.327026426792145,False,20.0,True,True
6552,新疆,光伏,2023,34.62153732776642,False,20.0,True,True
6553,新疆,光伏,2023,35.79751342535019,False,20.0,True,True
6557,新疆,光伏,2023,38.364123702049255,False,20.0,True,True
6559,新疆,光伏,2023,33.58286529779434,False,20.0,True,True
6560,新疆,光伏,2023,36.90562516450882,False,20.0,True,True
6564,新疆,光伏,2023,32.43218243122101,False,20.0,True,True
6565,新疆,光伏,2023,32.43218153715134,False,20.0,True,True
6566,新疆,光伏,2023,34.11617338657379,False,20.0,True,True
6568,新疆,光伏,2023,35.8024325966835,False,20.0,True,True
657,甘肃,光伏,2023,39.915169179439545,False,20.0,True,True
6574,新疆,光伏,2023,34.20406132936478,False,20.0,True,True
6576,新疆,光伏,2023,32.41147041320801,False,20.0,True,True
6578,新疆,光伏,2023,34.18069839477539,False,20.0,True,True
6582,新疆,光伏,2023,33.995304107666016,False,20.0,True,True
6585,新疆,光伏,2023,37.25246608257294,False,20.0,True,True
6590,新疆,光伏,2023,35.07728040218353,False,20.0,True,True
6597,新疆,光伏,2023,36.57395124435425,False,20.0,True,True
6598,新疆,光伏,2023,32.02633738517761,False,20.0,True,True
6602,新疆,光伏,2023,34.173935651779175,False,20.0,True,True
6605,新疆,光伏,2023,37.44869649410248,False,20.0,True,True
6606,新疆,光伏,2023,36.49683952331543,False,20.0,True,True
6607,新疆,光伏,2023,31.07648402452469,False,20.0,True,True
6609,新疆,光伏,2023,34.03843492269516,False,20.0,True,True
6616,新疆,光伏,2023,34.924893379211426,False,20.0,True,True
6619,新疆,光伏,2023,38.47350865602493,False,20.0,True,True
6625,新疆,光伏,2023,32.48297989368439,False,20.0,True,True
6626,新疆,光伏,2023,36.628316938877106,False,20.0,True,True
6628,新疆,光伏,2023,31.098867058753967,False,20.0,True,True
663,甘肃,光伏,2023,39.915169179439545,False,20.0,True,True
6632,新疆,光伏,2023,40.047931373119354,False,20.0,True,True
6633,新疆,光伏,2023,38.47350865602493,False,20.0,True,True
6634,新疆,光伏,2023,31.684645414352417,False,20.0,True,True
6635,新疆,光伏,2023,36.576087176799774,False,20.0,True,True
6638,新疆,光伏,2023,32.846431732177734,False,20.0,True,True
6641,新疆,光伏,2023,36.68608546257019,False,20.0,True,True
6643,新疆,光伏,2023,37.908520102500916,False,20.0,True,True
6644,新疆,光伏,2023,32.401068806648254,False,20.0,True,True
6650,新疆,光伏,2023,36.9259974360466,False,20.0,True,True
6652,新疆,光伏,2023,39.77345734834671,False,20.0,True,True
6654,新疆,光伏,2023,34.9175950884819,False,20.0,True,True
6657,新疆,光伏,2023,36.9259974360466,False,20.0,True,True
6659,新疆,光伏,2023,36.671768724918365,False,20.0,True,True
6661,新疆,光伏,2023,37.942515313625336,False,20.0,True,True
6666,新疆,光伏,2023,34.2846742272377,False,20.0,True,True
6668,新疆,光伏,2023,39.773482382297516,False,20.0,True,True
6669,新疆,光伏,2023,34.01967912912369,False,20.0,True,True
6670,新疆,光伏,2023,39.99390006065369,False,20.0,True,True
6672,新疆,光伏,2023,32.45645999908447,False,20.0,True,True
6673,新疆,光伏,2023,39.80657458305359,False,20.0,True,True
6675,新疆,光伏,2023,34.31561440229416,False,20.0,True,True
668,甘肃,光伏,2023,42.64446884393692,False,20.0,True,True
6684,新疆,光伏,2023,37.91233688592911,False,20.0,True,True
6685,新疆,光伏,2023,36.84316635131836,False,20.0,True,True
6691,新疆,光伏,2023,39.98849809169769,False,20.0,True,True
6693,新疆,光伏,2023,37.03174710273743,False,20.0,True,True
6694,新疆,光伏,2023,39.08045947551727,False,20.0,True,True
6699,新疆,光伏,2023,37.03174710273743,False,20.0,True,True
6701,新疆,光伏,2023,38.60203564167023,False,20.0,True,True
6704,新疆,光伏,2023,37.92773187160492,False,20.0,True,True
6707,新疆,光伏,2023,35.68083733320236,False,20.0,True,True
6720,新疆,光伏,2023,34.27648812532425,False,20.0,True,True
6723,新疆,光伏,2023,36.28449082374573,False,20.0,True,True
6728,新疆,光伏,2023,35.51537722349167,False,20.0,True,True
6731,新疆,光伏,2023,36.76893889904022,False,20.0,True,True
6733,新疆,光伏,2023,37.937948405742645,False,20.0,True,True
6736,新疆,光伏,2023,35.51537722349167,False,20.0,True,True
6738,新疆,光伏,2023,36.409450471401215,False,20.0,True,True
6739,新疆,光伏,2023,34.4573038816452,False,20.0,True,True
6740,新疆,光伏,2023,34.5407098531723,False,20.0,True,True
6741,新疆,光伏,2023,34.025434255599976,False,20.0,True,True
6745,新疆,光伏,2023,34.07420128583908,False,20.0,True,True
6747,新疆,光伏,2023,32.71611660718918,False,20.0,True,True
6750,新疆,光伏,2023,37.87653297185898,False,20.0,True,True
6753,新疆,光伏,2023,33.07208597660065,False,20.0,True,True
6755,新疆,光伏,2023,32.94776111841202,False,20.0,True,True
6757,新疆,光伏,2023,37.87957459688187,False,20.0,True,True
6760,新疆,光伏,2023,33.03408890962601,False,20.0,True,True
6764,新疆,光伏,2023,36.85293763875961,False,20.0,True,True
6766,新疆,光伏,2023,34.459398686885834,False,20.0,True,True
6768,新疆,光伏,2023,34.905442893505096,False,20.0,True,True
6769,新疆,光伏,2023,39.35211896896362,False,20.0,True,True
6774,新疆,光伏,2023,33.26126217842102,False,20.0,True,True
6777,新疆,光伏,2023,32.09994971752167,False,20.0,True,True
678,甘肃,光伏,2023,40.87682783603668,False,20.0,True,True
6782,新疆,光伏,2023,33.26126217842102,False,20.0,True,True
6784,新疆,光伏,2023,38.41878354549408,False,20.0,True,True
6785,新疆,光伏,2023,34.55118656158447,False,20.0,True,True
6790,新疆,光伏,2023,33.22494953870773,False,20.0,True,True
6792,新疆,光伏,2023,33.409651815891266,False,20.0,True,True
6793,新疆,光伏,2023,32.22451686859131,False,20.0,True,True
6794,新疆,光伏,2023,39.9539440870285,False,20.0,True,True
6799,新疆,光伏,2023,32.69410282373428,False,20.0,True,True
6801,新疆,光伏,2023,35.79637438058853,False,20.0,True,True
6802,新疆,光伏,2023,31.79395705461502,False,20.0,True,True
6804,新疆,光伏,2023,35.19240885972977,False,20.0,True,True
6806,新疆,光伏,2023,33.18769723176956,False,20.0,True,True
6809,新疆,光伏,2023,36.572085320949554,False,20.0,True,True
6811,新疆,光伏,2023,37.110809683799744,False,20.0,True,True
6813,新疆,光伏,2023,34.380296766757965,False,20.0,True,True
6814,新疆,光伏,2023,38.67976248264313,False,20.0,True,True
6815,新疆,光伏,2023,35.94831705093384,False,20.0,True,True
6816,新疆,光伏,2023,38.67976248264313,False,20.0,True,True
6819,新疆,光伏,2023,32.67099827528,False,20.0,True,True
6820,新疆,光伏,2023,36.342473924160004,False,20.0,True,True
6823,新疆,光伏,2023,37.57107764482498,False,20.0,True,True
6825,新疆,光伏,2023,38.67976248264313,False,20.0,True,True
6830,新疆,光伏,2023,37.35841602087021,False,20.0,True,True
6831,新疆,光伏,2023,30.863041877746582,False,20.0,True,True
6832,新疆,光伏,2023,35.84462732076645,False,20.0,True,True
6834,新疆,光伏,2023,37.83048301935196,False,20.0,True,True
6838,新疆,光伏,2023,34.24966603517532,False,20.0,True,True
6839,新疆,光伏,2023,33.22602957487106,False,20.0,True,True
684,甘肃,光伏,2023,40.83250880241394,False,20.0,True,True
6842,新疆,光伏,2023,36.258822083473206,False,20.0,True,True
6845,新疆,光伏,2023,34.1684353351593,False,20.0,True,True
6846,新疆,光伏,2023,37.32012212276459,False,20.0,True,True
6848,新疆,光伏,2023,37.83048301935196,False,20.0,True,True
6849,新疆,光伏,2023,36.084328293800354,False,20.0,True,True
685,甘肃,光伏,2023,40.77856779098511,False,20.0,True,True
6852,新疆,光伏,2023,34.1684353351593,False,20.0,True,True
6853,新疆,光伏,2023,37.10682928562164,False,20.0,True,True
6854,新疆,光伏,2023,33.63073468208313,False,20.0,True,True
6859,新疆,光伏,2023,39.210948050022125,False,20.0,True,True
6860,新疆,光伏,2023,32.17079043388367,False,20.0,True,True
6866,新疆,光伏,2023,33.14710021018982,False,20.0,True,True
6867,新疆,光伏,2023,33.6307355761528,False,20.0,True,True
6871,新疆,光伏,2023,37.55134016275406,False,20.0,True,True
6874,新疆,光伏,2023,37.92402684688568,False,20.0,True,True
6881,新疆,光伏,2023,33.380881547927856,False,20.0,True,True
6883,新疆,光伏,2023,34.24958825111389,False,20.0,True,True
6885,新疆,光伏,2023,33.6307355761528,False,20.0,True,True
6886,新疆,光伏,2023,35.83360701799393,False,20.0,True,True
6888,新疆,光伏,2023,37.8844428062439,False,20.0,True,True
6895,新疆,光伏,2023,32.29918509721756,False,20.0,True,True
6898,新疆,光伏,2023,33.244560956954956,False,20.0,True,True
6903,新疆,光伏,2023,39.08045947551727,False,20.0,True,True
6907,新疆,光伏,2023,33.07392239570618,False,20.0,True,True
6911,新疆,光伏,2023,35.79751342535019,False,20.0,True,True
6912,新疆,光伏,2023,33.13646703958511,False,20.0,True,True
6913,新疆,光伏,2023,33.24705630540848,False,20.0,True,True
6916,新疆,光伏,2023,34.50974375009537,False,20.0,True,True
6918,新疆,光伏,2023,31.748206615447998,False,20.0,True,True
6927,新疆,光伏,2023,36.085650622844696,False,20.0,True,True
6928,新疆,光伏,2023,33.89071673154831,False,20.0,True,True
6934,新疆,光伏,2023,33.05646389722824,False,20.0,True,True
6938,新疆,光伏,2023,34.08121794462204,False,20.0,True,True
6939,新疆,光伏,2023,37.47774124145508,False,20.0,True,True
6945,新疆,光伏,2023,37.47774124145508,False,20.0,True,True
6947,新疆,光伏,2023,35.54386854171753,False,20.0,True,True
6953,新疆,光伏,2023,35.54903894662857,False,20.0,True,True
6954,新疆,光伏,2023,35.84184944629669,False,20.0,True,True
6959,新疆,光伏,2023,32.91114181280136,False,20.0,True,True
6961,新疆,光伏,2023,35.87949335575104,False,20.0,True,True
6963,新疆,光伏,2023,33.4191432595253,False,20.0,True,True
6968,新疆,光伏,2023,35.87949335575104,False,20.0,True,True
6969,新疆,光伏,2023,36.569427251815796,False,20.0,True,True
697,甘肃,光伏,2023,41.2797886133194,False,20.0,True,True
6973,新疆,光伏,2023,35.87949335575104,False,20.0,True,True
6975,新疆,光伏,2023,38.131788074970245,False,20.0,True,True
6977,新疆,光伏,2023,37.90533274412155,False,20.0,True,True
6981,新疆,光伏,2023,35.1702556014061,False,20.0,True,True
699,甘肃,光伏,2023,39.22077029943466,False,20.0,True,True
6990,新疆,光伏,2023,37.414091527462006,False,20.0,True,True
6995,新疆,光伏,2023,37.25685864686966,False,20.0,True,True
6996,新疆,光伏,2023,37.26165622472763,False,20.0,True,True
6997,新疆,光伏,2023,37.42026329040527,False,20.0,True,True
6998,新疆,光伏,2023,32.77336299419403,False,20.0,True,True
6999,新疆,光伏,2023,34.41608101129532,False,20.0,True,True
7000,新疆,光伏,2023,37.235776484012604,False,20.0,True,True
7001,新疆,光伏,2023,37.05230265855789,False,20.0,True,True
7092,甘肃,光伏,2023,42.205375134944916,False,20.0,True,True
710,甘肃,光伏,2023,42.104606330394745,False,20.0,True,True
7114,新疆,光伏,2023,38.756018579006195,False,20.0,True,True
7127,新疆,光伏,2023,37.1534863114357,False,20.0,True,True
7145,新疆,光伏,2023,37.1534863114357,False,20.0,True,True
717,甘肃,光伏,2023,41.288208067417145,False,20.0,True,True
720,甘肃,光伏,2023,41.733723878860474,False,20.0,True,True
723,甘肃,光伏,2023,39.696632623672485,False,20.0,True,True
724,甘肃,光伏,2023,40.475390553474426,False,20.0,True,True
7274,新疆,光伏,2023,35.932230055332184,False,20.0,True,True
7284,新疆,光伏,2023,35.949246883392334,False,20.0,True,True
7294,新疆,光伏,2023,35.41420966386795,False,20.0,True,True
731,甘肃,光伏,2023,38.20316791534424,False,20.0,True,True
7325,新疆,光伏,2023,33.944199085235596,False,20.0,True,True
7332,新疆,光伏,2023,33.123130202293396,False,20.0,True,True
734,甘肃,光伏,2023,40.54165452718735,False,20.0,True,True
7341,新疆,光伏,2023,36.02259188890457,False,20.0,True,True
7346,新疆,光伏,2023,36.02259188890457,False,20.0,True,True
736,甘肃,光伏,2023,40.54165452718735,False,20.0,True,True
7361,新疆,光伏,2023,37.26471930742264,False,20.0,True,True
739,甘肃,光伏,2023,39.027984738349915,False,20.0,True,True
742,甘肃,光伏,2023,40.48910468816757,False,20.0,True,True
745,甘肃,光伏,2023,42.20745384693146,False,20.0,True,True
747,甘肃,光伏,2023,39.55798029899597,False,20.0,True,True
750,甘肃,光伏,2023,39.5098140835762,False,20.0,True,True
754,甘肃,光伏,2023,39.55798029899597,False,20.0,True,True
761,甘肃,光伏,2023,40.98273128271103,False,20.0,True,True
764,甘肃,光伏,2023,40.753989815711975,False,20.0,True,True
766,甘肃,光伏,2023,40.051204562187195,False,20.0,True,True
769,甘肃,光伏,2023,40.79532980918884,False,20.0,True,True
770,甘肃,光伏,2023,39.2000350356102,False,20.0,True,True
772,甘肃,光伏,2023,40.83050161600113,False,20.0,True,True
778,甘肃,光伏,2023,41.607781648635864,False,20.0,True,True
781,甘肃,光伏,2023,40.800149738788605,False,20.0,True,True
782,甘肃,光伏,2023,41.20990812778473,False,20.0,True,True
784,甘肃,光伏,2023,40.78370064496994,False,20.0,True,True
789,甘肃,光伏,2023,40.79445630311966,False,20.0,True,True
797,甘肃,光伏,2023,39.005344212055206,False,20.0,True,True
798,甘肃,光伏,2023,39.496915340423584,False,20.0,True,True
7987,青海,光伏,2023,38.672010004520416,False,20.0,True,True
799,甘肃,光伏,2023,41.25345915555954,False,20.0,True,True
802,甘肃,光伏,2023,40.95577597618103,False,20.0,True,True
803,甘肃,光伏,2023,39.496915340423584,False,20.0,True,True
809,甘肃,光伏,2023,39.00782525539398,False,20.0,True,True
810,甘肃,光伏,2023,41.2007600069046,False,20.0,True,True
814,甘肃,光伏,2023,38.99649828672409,False,20.0,True,True
816,甘肃,光伏,2023,39.22890543937683,False,20.0,True,True
817,甘肃,光伏,2023,41.35950833559036,False,20.0,True,True
821,甘肃,光伏,2023,41.62641763687134,False,20.0,True,True
8216,青海,光伏,2023,33.976647555828094,False,20.0,True,True
8217,青海,光伏,2023,37.642353773117065,False,20.0,True,True
824,甘肃,光伏,2023,41.33410155773163,False,20.0,True,True
827,甘肃,光伏,2023,41.526891589164734,False,20.0,True,True
8273,青海,光伏,2023,38.175162971019745,False,20.0,True,True
8281,青海,光伏,2023,38.61443638801575,False,20.0,True,True
8290,青海,光伏,2023,38.33801507949829,False,20.0,True,True
8305,青海,光伏,2023,38.785545229911804,False,20.0,True,True
8309,青海,光伏,2023,38.34058552980423,False,20.0,True,True
8314,青海,光伏,2023,31.522058844566345,False,20.0,True,True
8317,青海,光伏,2023,38.79956781864166,False,20.0,True,True
832,甘肃,光伏,2023,41.28445565700531,False,20.0,True,True
8326,青海,光伏,2023,31.430246829986572,False,20.0,True,True
836,甘肃,光伏,2023,43.15466970205307,False,20.0,True,True
8380,青海,光伏,2023,33.7431076169014,False,20.0,True,True
8398,青海,光伏,2023,40.312354266643524,False,20.0,True,True
843,甘肃,光伏,2023,41.28493934869766,False,20.0,True,True
847,甘肃,光伏,2023,41.2580868601799,False,20.0,True,True
848,甘肃,光伏,2023,41.28493934869766,False,20.0,True,True
850,甘肃,光伏,2023,38.10654938220978,False,20.0,True,True
851,甘肃,光伏,2023,38.9075767993927,False,20.0,True,True
854,甘肃,光伏,2023,38.76673310995102,False,20.0,True,True
856,甘肃,光伏,2023,41.29311293363571,False,20.0,True,True
859,甘肃,光伏,2023,38.89617204666138,False,20.0,True,True
8608,西藏,光伏,2023,34.032417833805084,False,20.0,True,True
867,甘肃,光伏,2023,39.907395243644714,False,20.0,True,True
870,甘肃,光伏,2023,40.50161004066467,False,20.0,True,True
875,甘肃,光伏,2023,38.112709522247314,False,20.0,True,True
876,甘肃,光伏,2023,38.89617204666138,False,20.0,True,True
880,甘肃,光伏,2023,41.29278302192688,False,20.0,True,True
882,甘肃,光伏,2023,39.90733087062836,False,20.0,True,True
883,甘肃,光伏,2023,41.30184352397919,False,20.0,True,True
886,甘肃,光伏,2023,38.262406289577484,False,20.0,True,True
888,甘肃,光伏,2023,41.28493934869766,False,20.0,True,True
894,甘肃,光伏,2023,41.28493934869766,False,20.0,True,True
895,甘肃,光伏,2023,38.91464442014694,False,20.0,True,True
897,甘肃,光伏,2023,41.28493934869766,False,20.0,True,True
906,甘肃,光伏,2023,40.79696148633957,False,20.0,True,True
908,甘肃,光伏,2023,41.31683349609375,False,20.0,True,True
912,甘肃,光伏,2023,41.195526123046875,False,20.0,True,True
918,甘肃,光伏,2023,41.195526123046875,False,20.0,True,True
922,甘肃,光伏,2023,41.57392144203186,False,20.0,True,True
927,甘肃,光伏,2023,41.83739930391312,False,20.0,True,True
931,甘肃,光伏,2023,39.19321596622467,False,20.0,True,True
933,甘肃,光伏,2023,41.294770538806915,False,20.0,True,True
935,甘肃,光伏,2023,41.259147226810455,False,20.0,True,True
943,甘肃,光伏,2023,39.20051246881485,False,20.0,True,True
948,甘肃,光伏,2023,41.30184710025787,False,20.0,True,True
9537,青海,光伏,2023,33.7431076169014,False,20.0,True,True
954,甘肃,光伏,2023,39.20325458049774,False,20.0,True,True
957,甘肃,光伏,2023,39.18327838182449,False,20.0,True,True
9579,青海,光伏,2023,38.672010004520416,False,20.0,True,True
959,甘肃,光伏,2023,38.29077959060669,False,20.0,True,True
961,甘肃,光伏,2023,41.78220480680466,False,20.0,True,True
963,甘肃,光伏,2023,41.80164635181427,False,20.0,True,True
969,甘肃,光伏,2023,40.90480864048004,False,20.0,True,True
970,甘肃,光伏,2023,40.88769167661667,False,20.0,True,True
971,甘肃,光伏,2023,39.40674751996994,False,20.0,True,True
990,甘肃,光伏,2023,41.94766402244568,False,20.0,True,True
991,甘肃,光伏,2023,42.17534065246582,False,20.0,True,True
992,甘肃,光伏,2023,39.408493638038635,False,20.0,True,True
W113,甘肃,风电,2023,40.07144808769226,False,20.0,True,True
W1130,河北,风电,2023,35.00893771648407,False,20.0,True,True
W1134,河北,风电,2023,33.001002967357635,False,20.0,True,True
W114,甘肃,风电,2023,40.4481902718544,False,20.0,True,True
W115,甘肃,风电,2023,39.53073352575302,False,20.0,True,True
W116,甘肃,风电,2023,38.86742413043976,False,20.0,True,True
W117,甘肃,风电,2023,40.31405299901962,False,20.0,True,True
W1223,陕西,风电,2023,42.048374712467194,False,20.0,True,True
W123,甘肃,风电,2023,40.5778831243515,False,20.0,True,True
W127,甘肃,风电,2023,39.6875274181366,False,20.0,True,True
W128,甘肃,风电,2023,39.98064458370209,False,20.0,True,True
W1287,河北,风电,2023,36.541017293930054,False,20.0,True,True
W129,甘肃,风电,2023,39.75980043411255,False,20.0,True,True
W131,甘肃,风电,2023,40.26500076055527,False,20.0,True,True
W132,甘肃,风电,2023,41.3255774974823,False,20.0,True,True
W133,甘肃,风电,2023,41.85453325510025,False,20.0,True,True
W134,甘肃,风电,2023,41.79721266031265,False,20.0,True,True
W1340,河北,风电,2023,41.972994804382324,False,20.0,True,True
W1356,河北,风电,2023,42.07090079784393,False,20.0,True,True
W1358,河北,风电,2023,42.13983714580536,False,20.0,True,True
W136,甘肃,风电,2023,32.01387047767639,False,20.0,True,True
W1360,河北,风电,2023,30.622252821922302,False,4.1,False,False
W1362,河北,风电,2023,30.622252821922302,False,4.1,False,False
W1374,河北,风电,2023,30.5990731716156,False,4.1,False,False
W1389,河北,风电,2023,32.50751495361328,False,20.0,True,True
W141,甘肃,风电,2023,33.307874500751495,False,20.0,True,True
W1483,海南,风电,2023,36.794882118701935,False,20.0,True,True
W1502,河北,风电,2023,38.55491816997528,False,20.0,True,True
W1509,河北,风电,2023,33.16937506198883,False,20.0,True,True
W1520,河北,风电,2023,33.640868067741394,False,20.0,True,True
W1533,河北,风电,2023,33.58789175748825,False,20.0,True,True
W1612,河北,风电,2023,41.88055783510208,False,20.0,True,True
W1693,河北,风电,2023,36.18697553873062,False,20.0,True,True
W1866,河北,风电,2023,35.04022926092148,False,20.0,True,True
W1875,河北,风电,2023,41.927016377449036,False,20.0,True,True
W1887,河北,风电,2023,37.22217500209808,False,20.0,True,True
W1892,河北,风电,2023,36.3261553645134,False,20.0,True,True
W1941,河北,风电,2023,35.635254979133606,False,20.0,True,True
W2003,河南,风电,2023,40.56890666484833,False,20.0,True,True
W2010,河南,风电,2023,40.51536977291107,False,20.0,True,True
W2016,河南,风电,2023,40.78773468732834,False,20.0,True,True
W2017,河南,风电,2023,40.888260304927826,False,20.0,True,True
W2237,黑龙江,风电,2023,35.50374001264572,False,20.0,True,True
W2263,河北,风电,2023,33.02450090646744,False,20.0,True,True
W2266,河北,风电,2023,33.438207507133484,False,20.0,True,True
W2269,黑龙江,风电,2023,30.846559703350067,False,4.4,False,False
W2326,河南,风电,2023,42.973424792289734,False,20.0,True,True
W2336,河南,风电,2023,43.262912929058075,False,20.0,True,True
W2337,河南,风电,2023,41.055511236190796,False,20.0,True,True
W2377,河北,风电,2023,39.146899580955505,False,20.0,True,True
W2383,黑龙江,风电,2023,33.044514656066895,False,20.0,True,True
W2404,黑龙江,风电,2023,36.8815416097641,False,20.0,True,True
W2407,河南,风电,2023,42.988912761211395,False,20.0,True,True
W2420,黑龙江,风电,2023,34.278919100761414,False,20.0,True,True
W2431,河北,风电,2023,34.7268283367157,False,20.0,True,True
W2435,黑龙江,风电,2023,39.90680694580078,False,20.0,True,True
W2436,河北,风电,2023,35.15812486410141,False,20.0,True,True
W2441,河北,风电,2023,34.31780755519867,False,20.0,True,True
W2448,河南,风电,2023,38.76970589160919,False,20.0,True,True
W2456,黑龙江,风电,2023,34.061797857284546,False,20.0,True,True
W2461,河北,风电,2023,43.21909725666046,False,20.0,True,True
W2482,河北,风电,2023,35.498122572898865,False,20.0,True,True
W2488,河北,风电,2023,34.55313116312027,False,20.0,True,True
W2504,黑龙江,风电,2023,32.31319606304169,False,20.0,True,True
W2507,河北,风电,2023,34.92571860551834,False,20.0,True,True
W2524,黑龙江,风电,2023,30.059840083122253,False,3.4,False,False
W2525,河北,风电,2023,35.00438332557678,False,20.0,True,True
W2553,黑龙江,风电,2023,31.08302503824234,False,20.0,True,True
W2567,黑龙江,风电,2023,30.527763068675995,False,3.8,False,False
W2577,黑龙江,风电,2023,30.843898952007294,False,4.5,False,False
W2590,黑龙江,风电,2023,35.988998115062714,False,20.0,True,True
W2610,黑龙江,风电,2023,29.0704482793808,False,2.0,False,False
W2611,河南,风电,2023,40.76533555984497,False,20.0,True,True
W2622,黑龙江,风电,2023,31.512391269207,False,20.0,True,True
W2626,黑龙江,风电,2023,30.282676219940186,False,3.6,False,False
W2635,黑龙江,风电,2023,31.423964202404022,False,20.0,True,True
W2638,黑龙江,风电,2023,29.960205852985382,False,3.2,False,False
W2642,黑龙江,风电,2023,31.828442215919495,False,20.0,True,True
W2648,黑龙江,风电,2023,31.259950697422028,False,20.0,True,True
W2655,黑龙江,风电,2023,32.047922909259796,False,20.0,True,True
W2670,黑龙江,风电,2023,34.60628002882004,False,20.0,True,True
W2679,黑龙江,风电,2023,29.607510566711426,False,2.7,False,False
W2693,黑龙江,风电,2023,31.21672511100769,False,20.0,True,True
W2703,黑龙江,风电,2023,31.070118248462677,False,4.6,False,False
W2708,黑龙江,风电,2023,30.75671374797821,False,4.2,False,False
W2710,黑龙江,风电,2023,31.19292140007019,False,20.0,True,True
W2713,黑龙江,风电,2023,30.610844492912292,False,4.1,False,False
W2715,河南,风电,2023,41.84357464313507,False,20.0,True,True
W2720,黑龙江,风电,2023,31.09440565109253,False,20.0,True,True
W2724,黑龙江,风电,2023,31.10574781894684,False,20.0,True,True
W2736,黑龙江,风电,2023,30.916129052639008,False,4.3,False,False
W2751,黑龙江,风电,2023,30.814855992794037,False,4.1,False,False
W2766,黑龙江,风电,2023,30.86664766073227,False,4.3,False,False
W2767,黑龙江,风电,2023,30.380781590938568,False,3.7,False,False
W2778,黑龙江,风电,2023,29.516682028770447,False,2.5,False,False
W2780,河北,风电,2023,40.05994498729706,False,20.0,True,True
W2781,黑龙江,风电,2023,30.977456867694855,False,4.4,False,False
W2786,河北,风电,2023,40.38251370191574,False,20.0,True,True
W2790,黑龙江,风电,2023,30.73466330766678,False,4.1,False,False
W2792,河北,风电,2023,39.539726078510284,False,20.0,True,True
W2797,河北,风电,2023,40.07665693759918,False,20.0,True,True
W2800,黑龙江,风电,2023,31.420083940029144,False,20.0,True,True
W2803,黑龙江,风电,2023,32.56530314683914,False,20.0,True,True
W2812,黑龙江,风电,2023,31.321733593940735,False,20.0,True,True
W2813,黑龙江,风电,2023,36.31740868091583,False,20.0,True,True
W2820,黑龙江,风电,2023,31.08606666326523,False,4.5,False,False
W2822,黑龙江,风电,2023,32.34013348817825,False,20.0,True,True
W2824,黑龙江,风电,2023,30.067784786224365,False,3.4,False,False
W2827,黑龙江,风电,2023,31.69723391532898,False,20.0,True,True
W2837,黑龙江,风电,2023,29.31916058063507,False,2.3,False,False
W2845,黑龙江,风电,2023,30.960526764392853,False,4.4,False,False
W2853,黑龙江,风电,2023,30.393673181533813,False,3.7,False,False
W2857,黑龙江,风电,2023,32.20805436372757,False,20.0,True,True
W2866,黑龙江,风电,2023,30.85162192583084,False,4.3,False,False
W2869,黑龙江,风电,2023,30.697230398654938,False,4.2,False,False
W2880,黑龙江,风电,2023,29.121031165122986,False,2.1,False,False
W2887,黑龙江,风电,2023,29.45690006017685,False,2.4,False,False
W2892,黑龙江,风电,2023,29.547447860240936,False,2.6,False,False
W2907,黑龙江,风电,2023,41.4505809545517,False,20.0,True,True
W2914,黑龙江,风电,2023,34.820500910282135,False,20.0,True,True
W2916,河南,风电,2023,41.95202350616455,False,20.0,True,True
W2919,黑龙江,风电,2023,36.49059981107712,False,20.0,True,True
W2924,黑龙江,风电,2023,32.66174107789993,False,20.0,True,True
W2934,黑龙江,风电,2023,30.005868673324585,False,3.3,False,False
W2966,黑龙江,风电,2023,41.15270107984543,False,20.0,True,True
W3042,内蒙古,风电,2023,41.56455874443054,False,20.0,True,True
W3240,内蒙古,风电,2023,34.21475172042847,False,20.0,True,True
W3282,内蒙古,风电,2023,32.98724055290222,False,20.0,True,True
W3802,内蒙古,风电,2023,31.073177754878998,False,20.0,True,True
W3829,内蒙古,风电,2023,39.167939722537994,False,20.0,True,True
W4061,内蒙古,风电,2023,39.695497155189514,False,20.0,True,True
W4274,内蒙古,风电,2023,35.58496534824371,False,20.0,True,True
W4313,内蒙古,风电,2023,31.543114185333252,False,20.0,True,True
W4381,内蒙古,风电,2023,38.63766521215439,False,20.0,True,True
W4461,内蒙古,风电,2023,30.773731470108032,False,4.1,False,False
W4484,内蒙古,风电,2023,32.28707402944565,False,20.0,True,True
W4505,内蒙古,风电,2023,27.54094898700714,False,0.6,False,False
W4510,内蒙古,风电,2023,27.840268313884735,False,0.9,False,False
W4517,内蒙古,风电,2023,27.675111293792725,False,0.8,False,False
W4522,内蒙古,风电,2023,27.724243104457855,False,0.8,False,False
W4534,内蒙古,风电,2023,32.073293924331665,False,4.2,False,False
W4721,内蒙古,风电,2023,34.88160789012909,False,20.0,True,True
W4807,内蒙古,风电,2023,30.63504785299301,False,4.2,False,False
W4827,内蒙古,风电,2023,31.569659113883972,False,20.0,True,True
W4837,内蒙古,风电,2023,30.415735244750977,False,3.7,False,False
W4919,山西,风电,2023,40.5231910943985,False,20.0,True,True
W4984,内蒙古,风电,2023,33.572176694869995,False,20.0,True,True
W4991,内蒙古,风电,2023,35.96469908952713,False,20.0,True,True
W503,甘肃,风电,2023,37.02418327331543,False,20.0,True,True
W5035,青海,风电,2023,40.431685745716095,False,20.0,True,True
W505,甘肃,风电,2023,39.86273020505905,False,20.0,True,True
W5055,青海,风电,2023,42.87433326244354,False,20.0,True,True
W5056,青海,风电,2023,42.803384363651276,False,20.0,True,True
W5058,青海,风电,2023,43.08994799852371,False,20.0,True,True
W506,甘肃,风电,2023,41.48994505405426,False,20.0,True,True
W507,甘肃,风电,2023,41.2362277507782,False,20.0,True,True
W5073,陕西,风电,2023,39.36777859926224,False,20.0,True,True
W5076,陕西,风电,2023,42.34976917505264,False,20.0,True,True
W509,甘肃,风电,2023,41.16523861885071,False,20.0,True,True
W5106,宁夏,风电,2023,42.15311944484711,False,20.0,True,True
W5117,宁夏,风电,2023,38.4529647231102,False,20.0,True,True
W5123,宁夏,风电,2023,41.37424975633621,False,20.0,True,True
W5137,宁夏,风电,2023,43.10060441493988,False,20.0,True,True
W5146,宁夏,风电,2023,41.78571045398712,False,20.0,True,True
W515,甘肃,风电,2023,34.78654325008392,False,20.0,True,True
W5155,宁夏,风电,2023,42.52267688512802,False,20.0,True,True
W518,甘肃,风电,2023,34.856113493442535,False,20.0,True,True
W5243,辽宁,风电,2023,33.36062550544739,False,20.0,True,True
W5244,辽宁,风电,2023,37.30663329362869,False,20.0,True,True
W5260,宁夏,风电,2023,42.56820738315582,False,20.0,True,True
W5275,宁夏,风电,2023,41.723445653915405,False,20.0,True,True
W5276,宁夏,风电,2023,37.984755635261536,False,20.0,True,True
W5283,宁夏,风电,2023,40.79668164253235,False,20.0,True,True
W5289,宁夏,风电,2023,41.78570955991745,False,20.0,True,True
W5305,辽宁,风电,2023,29.728333353996277,False,2.5,False,False
W5312,宁夏,风电,2023,41.44395053386688,False,20.0,True,True
W5319,宁夏,风电,2023,40.96016854047775,False,20.0,True,True
W5329,宁夏,风电,2023,42.98741787672043,False,20.0,True,True
W5423,辽宁,风电,2023,28.799884915351868,False,1.6,False,False
W5519,宁夏,风电,2023,41.78570955991745,False,20.0,True,True
W5622,宁夏,风电,2023,41.78570955991745,False,20.0,True,True
W5700,宁夏,风电,2023,39.43574219942093,False,20.0,True,True
W5709,宁夏,风电,2023,39.43574219942093,False,20.0,True,True
W5748,宁夏,风电,2023,42.91888743638992,False,20.0,True,True
W5824,吉林,风电,2023,33.548642098903656,False,20.0,True,True
W583,甘肃,风电,2023,35.034739673137665,False,20.0,True,True
W5839,青海,风电,2023,41.055587232112885,False,20.0,True,True
W584,甘肃,风电,2023,34.58499491214752,False,20.0,True,True
W585,甘肃,风电,2023,34.9270436167717,False,20.0,True,True
W5851,青海,风电,2023,41.078398525714874,False,20.0,True,True
W586,甘肃,风电,2023,35.71830779314041,False,20.0,True,True
W5866,宁夏,风电,2023,41.78570955991745,False,20.0,True,True
W5888,青海,风电,2023,40.08662760257721,False,20.0,True,True
W5891,宁夏,风电,2023,38.22679728269577,False,20.0,True,True
W590,甘肃,风电,2023,41.117312014102936,False,20.0,True,True
W5967,辽宁,风电,2023,31.609092950820923,False,20.0,True,True
W5974,宁夏,风电,2023,40.509122014045715,False,20.0,True,True
W6002,山东,风电,2023,38.49890738725662,False,20.0,True,True
W6008,山东,风电,2023,32.95140355825424,False,20.0,True,True
W6010,陕西,风电,2023,41.55330330133438,False,20.0,True,True
W6015,山东,风电,2023,38.688417077064514,False,20.0,True,True
W6017,山东,风电,2023,32.95140355825424,False,20.0,True,True
W6020,山东,风电,2023,35.47760725021362,False,20.0,True,True
W6023,山东,风电,2023,38.056401908397675,False,20.0,True,True
W6032,山东,风电,2023,38.056402802467346,False,20.0,True,True
W6039,山东,风电,2023,40.172492265701294,False,20.0,True,True
W6040,山东,风电,2023,36.67885065078735,False,20.0,True,True
W6041,山东,风电,2023,42.73283153772354,False,20.0,True,True
W6045,山东,风电,2023,38.056401908397675,False,20.0,True,True
W6048,山东,风电,2023,38.535650968551636,False,20.0,True,True
W6049,山东,风电,2023,38.55447828769684,False,20.0,True,True
W6050,山东,风电,2023,42.273792922496796,False,20.0,True,True
W6056,山东,风电,2023,38.88887196779251,False,20.0,True,True
W6065,山东,风电,2023,41.65965735912323,False,20.0,True,True
W6067,山东,风电,2023,38.056402802467346,False,20.0,True,True
W6068,山东,风电,2023,36.898846328258514,False,20.0,True,True
W6069,山东,风电,2023,36.62773668766022,False,20.0,True,True
W6070,山东,风电,2023,36.67911171913147,False,20.0,True,True
W6072,山东,风电,2023,35.47760725021362,False,20.0,True,True
W6089,山东,风电,2023,42.879860401153564,False,20.0,True,True
W6090,山东,风电,2023,42.4935382604599,False,20.0,True,True
W6091,山东,风电,2023,42.10430234670639,False,20.0,True,True
W6092,山东,风电,2023,41.992187798023224,False,20.0,True,True
W6093,山东,风电,2023,41.718357503414154,False,20.0,True,True
W6094,山东,风电,2023,36.858250200748444,False,20.0,True,True
W6095,山东,风电,2023,41.88968002796173,False,20.0,True,True
W6096,山东,风电,2023,42.05905616283417,False,20.0,True,True
W6097,山东,风电,2023,41.886349618434906,False,20.0,True,True
W6098,山东,风电,2023,37.47135668992996,False,20.0,True,True
W6099,山东,风电,2023,37.421739399433136,False,20.0,True,True
W6100,山东,风电,2023,37.13223874568939,False,20.0,True,True
W6101,山东,风电,2023,37.48311012983322,False,20.0,True,True
W6102,山东,风电,2023,37.02262759208679,False,20.0,True,True
W6103,山东,风电,2023,37.075324058532715,False,20.0,True,True
W6104,山东,风电,2023,38.69395852088928,False,20.0,True,True
W6105,山东,风电,2023,41.283378303050995,False,20.0,True,True
W6106,山东,风电,2023,36.677821576595306,False,20.0,True,True
W6107,山东,风电,2023,36.80459260940552,False,20.0,True,True
W6108,山东,风电,2023,36.80421441793442,False,20.0,True,True
W6112,山东,风电,2023,38.056402802467346,False,20.0,True,True
W6116,山东,风电,2023,41.54324948787689,False,20.0,True,True
W6119,山东,风电,2023,42.71946161985397,False,20.0,True,True
W6126,山东,风电,2023,41.99060261249542,False,20.0,True,True
W6131,山东,风电,2023,41.03902459144592,False,20.0,True,True
W6135,山东,风电,2023,42.270113825798035,False,20.0,True,True
W6136,陕西,风电,2023,36.56371146440506,False,20.0,True,True
W6141,山东,风电,2023,40.690423250198364,False,20.0,True,True
W6144,陕西,风电,2023,36.89502418041229,False,20.0,True,True
W6150,山东,风电,2023,41.05396628379822,False,20.0,True,True
W6160,山东,风电,2023,42.730394303798676,False,20.0,True,True
W6162,山东,风电,2023,42.02548295259476,False,20.0,True,True
W6163,山东,风电,2023,41.989020109176636,False,20.0,True,True
W6164,陕西,风电,2023,40.97530871629715,False,20.0,True,True
W6168,陕西,风电,2023,40.897749960422516,False,20.0,True,True
W617,甘肃,风电,2023,41.96154087781906,False,20.0,True,True
W6172,山东,风电,2023,42.486507296562195,False,20.0,True,True
W6173,陕西,风电,2023,42.13804095983505,False,20.0,True,True
W6193,山东,风电,2023,42.06711709499359,False,20.0,True,True
W6199,山东,风电,2023,41.25900149345398,False,20.0,True,True
W620,甘肃,风电,2023,42.38641440868378,False,20.0,True,True
W6206,山东,风电,2023,40.6495463848114,False,20.0,True,True
W6215,山东,风电,2023,41.04478061199188,False,20.0,True,True
W6219,山东,风电,2023,43.25005799531937,False,20.0,True,True
W6224,山东,风电,2023,41.97871148586273,False,20.0,True,True
W6226,山东,风电,2023,40.63423007726669,False,20.0,True,True
W6227,山东,风电,2023,41.60449504852295,False,20.0,True,True
W6236,山东,风电,2023,30.35526216030121,False,3.8,False,False
W6276,山西,风电,2023,36.749736070632935,False,20.0,True,True
W6290,山西,风电,2023,40.451218485832214,False,20.0,True,True
W6291,山西,风电,2023,41.6697683930397,False,20.0,True,True
W6307,山西,风电,2023,40.28376281261444,False,20.0,True,True
W6308,山西,风电,2023,42.37753540277481,False,20.0,True,True
W6313,山西,风电,2023,34.82237309217453,False,20.0,True,True
W6314,山西,风电,2023,34.82237309217453,False,20.0,True,True
W6338,山东,风电,2023,36.462842524051666,False,20.0,True,True
W6340,陕西,风电,2023,35.64253807067871,False,20.0,True,True
W6345,山东,风电,2023,36.462842524051666,False,20.0,True,True
W6346,陕西,风电,2023,39.73900884389877,False,20.0,True,True
W6350,山东,风电,2023,38.056402802467346,False,20.0,True,True
W6352,山东,风电,2023,32.04661577939987,False,20.0,True,True
W6357,陕西,风电,2023,38.73124301433563,False,20.0,True,True
W6360,山东,风电,2023,31.545391380786896,False,20.0,True,True
W6363,陕西,风电,2023,36.23577296733856,False,20.0,True,True
W6364,山东,风电,2023,39.529206454753876,False,20.0,True,True
W6368,山东,风电,2023,38.37420076131821,False,20.0,True,True
W6378,陕西,风电,2023,41.460162699222565,False,20.0,True,True
W6389,陕西,风电,2023,40.01396745443344,False,20.0,True,True
W6391,山东,风电,2023,37.927186489105225,False,20.0,True,True
W6393,陕西,风电,2023,36.012161672115326,False,20.0,True,True
W6394,山东,风电,2023,39.305324256420135,False,20.0,True,True
W6398,陕西,风电,2023,40.01396656036377,False,20.0,True,True
W640,甘肃,风电,2023,41.841000616550446,False,20.0,True,True
W6400,陕西,风电,2023,38.45717042684555,False,20.0,True,True
W6402,山东,风电,2023,38.056402802467346,False,20.0,True,True
W6403,山东,风电,2023,36.961717307567596,False,20.0,True,True
W6408,陕西,风电,2023,40.80963045358658,False,20.0,True,True
W6414,陕西,风电,2023,41.89713031053543,False,20.0,True,True
W6417,山东,风电,2023,38.50921422243118,False,20.0,True,True
W6420,陕西,风电,2023,36.38590335845947,False,20.0,True,True
W6422,陕西,风电,2023,36.23577296733856,False,20.0,True,True
W6424,山东,风电,2023,35.38759231567383,False,20.0,True,True
W6427,山东,风电,2023,41.522560715675354,False,20.0,True,True
W6431,陕西,风电,2023,36.90160542726517,False,20.0,True,True
W6435,山东,风电,2023,36.493525207042694,False,20.0,True,True
W6438,陕西,风电,2023,35.84724873304367,False,20.0,True,True
W6439,陕西,风电,2023,38.257418274879456,False,20.0,True,True
W6447,陕西,风电,2023,35.63956797122955,False,20.0,True,True
W6452,山西,风电,2023,41.8233123421669,False,20.0,True,True
W6454,山东,风电,2023,37.159743905067444,False,20.0,True,True
W6457,山东,风电,2023,40.28215795755386,False,20.0,True,True
W6465,陕西,风电,2023,33.90364050865173,False,20.0,True,True
W6469,山东,风电,2023,41.22246980667114,False,20.0,True,True
W6472,陕西,风电,2023,39.597750306129456,False,20.0,True,True
W6483,山东,风电,2023,40.730701982975006,False,20.0,True,True
W6486,山东,风电,2023,41.94105327129364,False,20.0,True,True
W6490,陕西,风电,2023,34.803878366947174,False,20.0,True,True
W6493,山东,风电,2023,42.98707455396652,False,20.0,True,True
W6497,陕西,风电,2023,36.965070962905884,False,20.0,True,True
W6502,山东,风电,2023,41.84952288866043,False,20.0,True,True
W6510,山东,风电,2023,41.93503350019455,False,20.0,True,True
W6511,山东,风电,2023,38.695538341999054,False,20.0,True,True
W6519,山东,风电,2023,35.45015126466751,False,20.0,True,True
W6521,山东,风电,2023,38.971403539180756,False,20.0,True,True
W6522,陕西,风电,2023,38.24245601892471,False,20.0,True,True
W6524,陕西,风电,2023,36.23577296733856,False,20.0,True,True
W6528,山东,风电,2023,35.35043656826019,False,20.0,True,True
W6533,山东,风电,2023,37.617678344249725,False,20.0,True,True
W6537,陕西,风电,2023,38.33865165710449,False,20.0,True,True
W6538,陕西,风电,2023,41.03836566209793,False,20.0,True,True
W6540,山东,风电,2023,38.95763576030731,False,20.0,True,True
W6541,陕西,风电,2023,39.36777859926224,False,20.0,True,True
W6543,陕西,风电,2023,39.44001495838165,False,20.0,True,True
W6546,山东,风电,2023,42.04091280698776,False,20.0,True,True
W6549,陕西,风电,2023,36.318813264369965,False,20.0,True,True
W6550,山西,风电,2023,39.13914531469345,False,20.0,True,True
W6551,陕西,风电,2023,37.743960320949554,False,20.0,True,True
W6556,陕西,风电,2023,35.85009813308716,False,20.0,True,True
W6568,陕西,风电,2023,38.37136924266815,False,20.0,True,True
W6569,陕西,风电,2023,40.86284637451172,False,20.0,True,True
W6571,山东,风电,2023,36.74301624298096,False,20.0,True,True
W6577,陕西,风电,2023,37.870649099349976,False,20.0,True,True
W6584,陕西,风电,2023,38.56837749481201,False,20.0,True,True
W6598,陕西,风电,2023,37.62508928775787,False,20.0,True,True
W6600,陕西,风电,2023,37.051366567611694,False,20.0,True,True
W6602,陕西,风电,2023,39.36777859926224,False,20.0,True,True
W6605,陕西,风电,2023,37.94823557138443,False,20.0,True,True
W6607,陕西,风电,2023,33.809874057769775,False,20.0,True,True
W6615,陕西,风电,2023,40.58697044849396,False,20.0,True,True
W6617,陕西,风电,2023,40.68804770708084,False,20.0,True,True
W6624,陕西,风电,2023,35.489322245121,False,20.0,True,True
W6627,陕西,风电,2023,41.4559543132782,False,20.0,True,True
W6632,陕西,风电,2023,34.79268819093704,False,20.0,True,True
W6637,山东,风电,2023,41.03352516889572,False,20.0,True,True
W6639,山东,风电,2023,41.244207322597504,False,20.0,True,True
W6643,陕西,风电,2023,41.60601407289505,False,20.0,True,True
W6648,陕西,风电,2023,38.33113253116608,False,20.0,True,True
W6650,山西,风电,2023,39.090010821819305,False,20.0,True,True
W6651,陕西,风电,2023,37.66463130712509,False,20.0,True,True
W6653,陕西,风电,2023,39.36777859926224,False,20.0,True,True
W6656,山西,风电,2023,33.25478911399841,False,20.0,True,True
W6658,陕西,风电,2023,40.4672634601593,False,20.0,True,True
W6659,山东,风电,2023,38.299773931503296,False,20.0,True,True
W6660,山东,风电,2023,41.03214383125305,False,20.0,True,True
W6661,陕西,风电,2023,39.36777859926224,False,20.0,True,True
W6664,山西,风电,2023,33.13361048698425,False,20.0,True,True
W6666,陕西,风电,2023,38.31085592508316,False,20.0,True,True
W6667,山东,风电,2023,40.97429931163788,False,20.0,True,True
W6668,山东,风电,2023,39.07176822423935,False,20.0,True,True
W6669,山东,风电,2023,41.91988706588745,False,20.0,True,True
W6673,山西,风电,2023,42.60317534208298,False,20.0,True,True
W6674,陕西,风电,2023,37.59871780872345,False,20.0,True,True
W6675,山东,风电,2023,39.08095568418503,False,20.0,True,True
W6676,山东,风电,2023,38.58594238758087,False,20.0,True,True
W6678,山东,风电,2023,41.82465612888336,False,20.0,True,True
W6681,陕西,风电,2023,38.63682836294174,False,20.0,True,True
W6682,山西,风电,2023,41.399386525154114,False,20.0,True,True
W6684,陕西,风电,2023,37.875342071056366,False,20.0,True,True
W6686,山东,风电,2023,38.365538120269775,False,20.0,True,True
W6688,山东,风电,2023,43.09409111738205,False,20.0,True,True
W669,甘肃,风电,2023,41.50761008262634,False,20.0,True,True
W6691,陕西,风电,2023,36.72267705202103,False,20.0,True,True
W6693,陕西,风电,2023,36.056248247623444,False,20.0,True,True
W6694,陕西,风电,2023,37.981493175029755,False,20.0,True,True
W6698,山东,风电,2023,38.817661106586456,False,20.0,True,True
W6700,山东,风电,2023,41.69641613960266,False,20.0,True,True
W6702,山西,风电,2023,32.34824180603027,False,20.0,True,True
W6706,陕西,风电,2023,35.30830800533295,False,20.0,True,True
W6707,陕西,风电,2023,37.556254863739014,False,20.0,True,True
W6710,山西,风电,2023,38.3671510219574,False,20.0,True,True
W6712,山西,风电,2023,38.94861817359924,False,20.0,True,True
W6714,陕西,风电,2023,36.3788777589798,False,20.0,True,True
W6716,陕西,风电,2023,35.85429668426514,False,20.0,True,True
W6720,山东,风电,2023,34.473822712898254,False,20.0,True,True
W6721,山西,风电,2023,40.79776883125305,False,20.0,True,True
W6725,陕西,风电,2023,35.368472635746,False,20.0,True,True
W6726,山东,风电,2023,42.718606889247894,False,20.0,True,True
W6728,山西,风电,2023,40.958765745162964,False,20.0,True,True
W6729,陕西,风电,2023,42.01046347618103,False,20.0,True,True
W6730,山东,风电,2023,41.54272109270096,False,20.0,True,True
W6733,陕西,风电,2023,35.67266196012497,False,20.0,True,True
W6738,山东,风电,2023,42.88884222507477,False,20.0,True,True
W6740,山东,风电,2023,41.884052753448486,False,20.0,True,True
W6745,山东,风电,2023,41.98458552360535,False,20.0,True,True
W6749,山东,风电,2023,38.150822818279266,False,20.0,True,True
W6750,陕西,风电,2023,41.76754295825958,False,20.0,True,True
W6752,陕西,风电,2023,41.76754295825958,False,20.0,True,True
W6754,陕西,风电,2023,36.85806155204773,False,20.0,True,True
W6755,山东,风电,2023,37.53300279378891,False,20.0,True,True
W6756,山东,风电,2023,38.243016600608826,False,20.0,True,True
W6759,陕西,风电,2023,40.46136170625687,False,20.0,True,True
W6771,山东,风电,2023,41.01307958364487,False,20.0,True,True
W6772,山东,风电,2023,41.07727915048599,False,20.0,True,True
W6774,山东,风电,2023,41.25064194202423,False,20.0,True,True
W6775,陕西,风电,2023,40.742504596710205,False,20.0,True,True
W6776,山西,风电,2023,41.19962811470032,False,20.0,True,True
W6781,山东,风电,2023,39.86617594957352,False,20.0,True,True
W6783,陕西,风电,2023,38.27176183462143,False,20.0,True,True
W6788,山东,风电,2023,39.51760679483414,False,20.0,True,True
W6792,陕西,风电,2023,37.914023995399475,False,20.0,True,True
W6793,山东,风电,2023,38.695993423461914,False,20.0,True,True
W6795,山东,风电,2023,42.29667127132416,False,20.0,True,True
W6797,山东,风电,2023,43.20971041917801,False,20.0,True,True
W6802,山东,风电,2023,39.46801453828812,False,20.0,True,True
W6803,山西,风电,2023,40.344382524490356,False,20.0,True,True
W6805,山东,风电,2023,43.2074698805809,False,20.0,True,True
W6806,陕西,风电,2023,42.274044156074524,False,20.0,True,True
W6809,陕西,风电,2023,37.765768468379974,False,20.0,True,True
W6812,陕西,风电,2023,43.24763149023056,False,20.0,True,True
W6813,山西,风电,2023,40.731063187122345,False,20.0,True,True
W6814,山东,风电,2023,38.37338715791702,False,20.0,True,True
W6817,陕西,风电,2023,43.101511895656586,False,20.0,True,True
W6819,陕西,风电,2023,36.35555148124695,False,20.0,True,True
W6824,山东,风电,2023,41.20918124914169,False,20.0,True,True
W6826,陕西,风电,2023,40.50753057003021,False,20.0,True,True
W6828,山东,风电,2023,36.530569195747375,False,20.0,True,True
W6830,山东,风电,2023,40.664788484573364,False,20.0,True,True
W6831,陕西,风电,2023,42.13797748088837,False,20.0,True,True
W6835,山东,风电,2023,42.43146300315857,False,20.0,True,True
W6837,山东,风电,2023,38.05030703544617,False,20.0,True,True
W6838,陕西,风电,2023,40.231410562992096,False,20.0,True,True
W6839,山东,风电,2023,38.0993789434433,False,20.0,True,True
W6842,陕西,风电,2023,40.67508190870285,False,20.0,True,True
W6844,山东,风电,2023,42.584298849105835,False,20.0,True,True
W6846,山东,风电,2023,38.0993789434433,False,20.0,True,True
W6849,陕西,风电,2023,40.67508190870285,False,20.0,True,True
W6852,山东,风电,2023,35.971022844314575,False,20.0,True,True
W6856,山东,风电,2023,36.78896874189377,False,20.0,True,True
W6858,陕西,风电,2023,43.110967576503754,False,20.0,True,True
W6859,山东,风电,2023,42.63019770383835,False,20.0,True,True
W6866,山西,风电,2023,30.906875431537628,False,4.5,False,False
W6867,山东,风电,2023,42.693038284778595,False,20.0,True,True
W6875,山东,风电,2023,39.65327203273773,False,20.0,True,True
W6894,山东,风电,2023,40.9588560461998,False,20.0,True,True
W6897,山西,风电,2023,40.656434297561646,False,20.0,True,True
W6903,山东,风电,2023,40.94719469547272,False,20.0,True,True
W6906,山西,风电,2023,31.40067458152771,False,20.0,True,True
W6914,山西,风电,2023,41.51394635438919,False,20.0,True,True
W6924,山东,风电,2023,38.316625356674194,False,20.0,True,True
W6930,山西,风电,2023,37.81598836183548,False,20.0,True,True
W6945,山东,风电,2023,35.31858533620834,False,20.0,True,True
W6958,山东,风电,2023,42.945436835289,False,20.0,True,True
W6968,山东,风电,2023,36.19817554950714,False,20.0,True,True
W6972,山东,风电,2023,41.487897634506226,False,20.0,True,True
W6976,山东,风电,2023,42.985014617443085,False,20.0,True,True
W6980,陕西,风电,2023,40.693669617176056,False,20.0,True,True
W6994,陕西,风电,2023,40.94500154256821,False,20.0,True,True
W6998,山东,风电,2023,40.32447248697281,False,20.0,True,True
W6999,山东,风电,2023,42.71502614021301,False,20.0,True,True
W7003,山西,风电,2023,37.02284216880798,False,20.0,True,True
W7007,山西,风电,2023,40.22978514432907,False,20.0,True,True
W7010,新疆,风电,2023,40.4762265086174,False,20.0,True,True
W7013,新疆,风电,2023,38.45936268568039,False,20.0,True,True
W7014,山西,风电,2023,41.41933411359787,False,20.0,True,True
W7015,山西,风电,2023,39.87093687057495,False,20.0,True,True
W7016,新疆,风电,2023,40.09388476610184,False,20.0,True,True
W7018,山西,风电,2023,40.52318572998047,False,20.0,True,True
W7019,山西,风电,2023,29.295112788677216,False,2.2,False,False
W7029,山西,风电,2023,31.511740386486053,False,20.0,True,True
W7034,山西,风电,2023,39.53635722398758,False,20.0,True,True
W7048,山西,风电,2023,41.66760474443436,False,20.0,True,True
W7055,山西,风电,2023,39.88576680421829,False,20.0,True,True
W7058,山西,风电,2023,40.88401883840561,False,20.0,True,True
W7062,山西,风电,2023,39.95579481124878,False,20.0,True,True
W7118,山西,风电,2023,40.002412497997284,False,20.0,True,True
W7122,山西,风电,2023,35.66096305847168,False,20.0,True,True
W7126,山西,风电,2023,27.21982777118683,False,0.3,False,False
W7183,山西,风电,2023,31.58756285905838,False,20.0,True,True
W7194,新疆,风电,2023,40.59110015630722,False,20.0,True,True
W7214,山西,风电,2023,41.98761999607086,False,20.0,True,True
W7224,新疆,风电,2023,34.544011652469635,False,20.0,True,True
W7233,新疆,风电,2023,30.69110333919525,False,4.3,False,False
W7239,山西,风电,2023,35.184704661369324,False,20.0,True,True
W7243,新疆,风电,2023,33.28993499279022,False,20.0,True,True
W7245,新疆,风电,2023,40.75463980436325,False,20.0,True,True
W7253,山西,风电,2023,32.62556970119476,False,20.0,True,True
W7273,新疆,风电,2023,40.26738256216049,False,20.0,True,True
W7287,新疆,风电,2023,40.26738256216049,False,20.0,True,True
W7355,西藏,风电,2023,40.256820023059845,False,20.0,True,True
W7370,山西,风电,2023,37.84675866365433,False,20.0,True,True
W7376,新疆,风电,2023,41.67074292898178,False,20.0,True,True
W7380,新疆,风电,2023,33.704813718795776,False,20.0,True,True
W7390,山西,风电,2023,41.36508911848068,False,20.0,True,True
W7395,新疆,风电,2023,35.918470323085785,False,20.0,True,True
W7399,新疆,风电,2023,34.331674575805664,False,20.0,True,True
W7402,新疆,风电,2023,35.70145636796951,False,20.0,True,True
W7409,新疆,风电,2023,39.71146881580353,False,20.0,True,True
W7410,新疆,风电,2023,34.77003425359726,False,20.0,True,True
W7424,新疆,风电,2023,34.1308468580246,False,20.0,True,True
W7431,新疆,风电,2023,34.211275577545166,False,20.0,True,True
W7439,新疆,风电,2023,35.21844506263733,False,20.0,True,True
W7446,新疆,风电,2023,35.385836362838745,False,20.0,True,True
W7447,新疆,风电,2023,34.70482975244522,False,20.0,True,True
W7451,山西,风电,2023,40.91486603021622,False,20.0,True,True
W7458,新疆,风电,2023,42.605268359184265,False,20.0,True,True
W7460,新疆,风电,2023,32.20528185367584,False,20.0,True,True
W7465,新疆,风电,2023,42.605268359184265,False,20.0,True,True
W7468,新疆,风电,2023,32.47285634279251,False,20.0,True,True
W7476,山西,风电,2023,37.13491648435593,False,20.0,True,True
W7477,新疆,风电,2023,31.933913826942444,False,20.0,True,True
W7480,新疆,风电,2023,31.581624448299408,False,20.0,True,True
W7487,新疆,风电,2023,33.87013077735901,False,20.0,True,True
W7489,山西,风电,2023,34.15137737989426,False,20.0,True,True
W7491,山西,风电,2023,39.82093781232834,False,20.0,True,True
W7493,新疆,风电,2023,36.83601647615433,False,20.0,True,True
W7495,新疆,风电,2023,33.87013077735901,False,20.0,True,True
W7500,山西,风电,2023,39.53009873628616,False,20.0,True,True
W7505,新疆,风电,2023,39.3439507484436,False,20.0,True,True
W7507,山西,风电,2023,39.530099630355835,False,20.0,True,True
W7508,新疆,风电,2023,31.078807711601257,False,20.0,True,True
W7516,新疆,风电,2023,33.34187686443329,False,20.0,True,True
W7522,新疆,风电,2023,33.64205718040466,False,20.0,True,True
W7543,山西,风电,2023,40.46356111764908,False,20.0,True,True
W7545,新疆,风电,2023,33.587987422943115,False,20.0,True,True
W7546,新疆,风电,2023,31.616773009300232,False,20.0,True,True
W7560,新疆,风电,2023,32.836531698703766,False,20.0,True,True
W7562,山西,风电,2023,41.913245022296906,False,20.0,True,True
W7567,新疆,风电,2023,40.16867637634277,False,20.0,True,True
W7568,新疆,风电,2023,34.45104002952576,False,20.0,True,True
W7571,山西,风电,2023,38.963487446308136,False,20.0,True,True
W7574,山西,风电,2023,42.94010013341904,False,20.0,True,True
W7578,新疆,风电,2023,33.65988314151764,False,20.0,True,True
W7592,新疆,风电,2023,34.82811391353607,False,20.0,True,True
W7603,山西,风电,2023,34.79201853275299,False,20.0,True,True
W7611,山西,风电,2023,34.70623880624771,False,20.0,True,True
W7615,新疆,风电,2023,39.7480782866478,False,20.0,True,True
W7626,山西,风电,2023,34.67840105295181,False,20.0,True,True
W7639,山西,风电,2023,34.02135103940964,False,20.0,True,True
W7650,新疆,风电,2023,32.63103246688843,False,20.0,True,True
W7651,新疆,风电,2023,42.29613393545151,False,20.0,True,True
W7661,山西,风电,2023,34.01930272579193,False,20.0,True,True
W7664,新疆,风电,2023,41.439380049705505,False,20.0,True,True
W7670,新疆,风电,2023,33.0465093255043,False,20.0,True,True
W7683,新疆,风电,2023,34.51925307512283,False,20.0,True,True
W7693,山西,风电,2023,33.75817805528641,False,20.0,True,True
W7696,新疆,风电,2023,32.94073015451431,False,20.0,True,True
W7700,山西,风电,2023,34.10796046257019,False,20.0,True,True
W7717,新疆,风电,2023,39.78751391172409,False,20.0,True,True
W7725,新疆,风电,2023,38.72614949941635,False,20.0,True,True
W7727,新疆,风电,2023,34.98656451702118,False,20.0,True,True
W7754,山西,风电,2023,34.32719528675079,False,20.0,True,True
W7757,新疆,风电,2023,30.590061843395233,False,4.2,False,False
W7760,新疆,风电,2023,38.81799906492233,False,20.0,True,True
W7764,山东,风电,2023,41.33586645126343,False,20.0,True,True
W7769,山西,风电,2023,36.73232138156891,False,20.0,True,True
W7776,新疆,风电,2023,31.935980021953583,False,20.0,True,True
W7777,山西,风电,2023,36.73232138156891,False,20.0,True,True
W7787,新疆,风电,2023,31.669580340385437,False,20.0,True,True
W7788,山西,风电,2023,34.50088173151016,False,20.0,True,True
W7794,山西,风电,2023,32.43046045303345,False,20.0,True,True
W7804,新疆,风电,2023,39.83383387327194,False,20.0,True,True
W7805,山西,风电,2023,31.911819577217102,False,20.0,True,True
W7819,山西,风电,2023,33.000871539115906,False,20.0,True,True
W7820,陕西,风电,2023,41.03131681680679,False,20.0,True,True
W7824,新疆,风电,2023,40.43214172124863,False,20.0,True,True
W7829,山西,风电,2023,31.614870429039,False,20.0,True,True
W7830,山西,风电,2023,32.27047383785248,False,20.0,True,True
W7844,新疆,风电,2023,33.77772241830826,False,20.0,True,True
W7846,山西,风电,2023,39.888306856155396,False,20.0,True,True
W7851,新疆,风电,2023,40.20486116409302,False,20.0,True,True
W7854,山西,风电,2023,40.52318572998047,False,20.0,True,True
W7862,山西,风电,2023,39.9988254904747,False,20.0,True,True
W7865,新疆,风电,2023,35.17458826303482,False,20.0,True,True
W7875,山西,风电,2023,40.43241173028946,False,20.0,True,True
W7887,新疆,风电,2023,33.49576860666275,False,20.0,True,True
W7890,新疆,风电,2023,33.23678880929947,False,20.0,True,True
W7898,山西,风电,2023,41.651365756988525,False,20.0,True,True
W7907,新疆,风电,2023,42.36299067735672,False,20.0,True,True
W7927,新疆,风电,2023,31.641827523708344,False,20.0,True,True
W7931,山西,风电,2023,37.02284216880798,False,20.0,True,True
W7946,山西,风电,2023,42.4066624045372,False,20.0,True,True
W7951,山西,风电,2023,42.82447010278702,False,20.0,True,True
W7970,山西,风电,2023,32.5864514708519,False,20.0,True,True
W7982,山西,风电,2023,27.776987850666046,False,0.9,False,False
W8000,新疆,风电,2023,38.88909637928009,False,20.0,True,True
W8045,云南,风电,2023,34.95668292045593,False,20.0,True,True
W8050,云南,风电,2023,34.95668292045593,False,20.0,True,True
W8098,云南,风电,2023,36.72025948762894,False,20.0,True,True
W8153,云南,风电,2023,38.781637251377106,False,20.0,True,True
W8162,云南,风电,2023,40.78350126743317,False,20.0,True,True
W8164,云南,风电,2023,41.59236788749695,False,20.0,True,True
W8214,云南,风电,2023,35.95300018787384,False,20.0,True,True
W901,甘肃,风电,2023,42.642821967601776,False,20.0,True,True
W909,甘肃,风电,2023,35.45093983411789,False,20.0,True,True
W912,甘肃,风电,2023,30.745570063591003,False,4.3,False,False
W922,甘肃,风电,2023,30.689422488212585,False,4.1,False,False
W929,甘肃,风电,2023,36.2586772441864,False,20.0,True,True
W934,甘肃,风电,2023,39.2806077003479,False,20.0,True,True
W936,甘肃,风电,2023,41.36865019798279,False,20.0,True,True
W939,甘肃,风电,2023,39.74773943424225,False,20.0,True,True
W954,甘肃,风电,2023,42.11519122123718,False,20.0,True,True
W955,甘肃,风电,2023,41.2112420797348,False,20.0,True,True
W957,甘肃,风电,2023,41.3674396276474,False,20.0,True,True
W982,甘肃,风电,2023,40.67663758993149,False,20.0,True,True
W983,甘肃,风电,2023,40.728899538517,False,20.0,True,True
W984,甘肃,风电,2023,40.68346470594406,False,20.0,True,True
W992,甘肃,风电,2023,42.1372327208519,False,20.0,True,True
102,甘肃,光伏,2024,39.19818341732025,False,20.0,True,True
103,甘肃,光伏,2024,41.538964211940765,False,20.0,True,True
104,甘肃,光伏,2024,41.24838173389435,False,20.0,True,True
105,甘肃,光伏,2024,42.269373536109924,False,20.0,True,True
106,甘肃,光伏,2024,39.291163980960846,False,20.0,True,True
107,甘肃,光伏,2024,39.715918600559235,False,20.0,True,True
108,甘肃,光伏,2024,39.707426726818085,False,20.0,True,True
109,甘肃,光伏,2024,42.241090536117554,False,20.0,True,True
110,甘肃,光伏,2024,41.50918185710907,False,20.0,True,True
111,甘肃,光伏,2024,41.51555746793747,False,20.0,True,True
112,甘肃,光伏,2024,41.52927964925766,False,20.0,True,True
114,甘肃,光伏,2024,41.579889357089996,False,20.0,True,True
115,甘肃,光伏,2024,41.51410549879074,False,20.0,True,True
116,甘肃,光伏,2024,40.67113280296326,False,20.0,True,True
117,甘肃,光伏,2024,40.84142804145813,False,20.0,True,True
118,甘肃,光伏,2024,40.880036652088165,False,20.0,True,True
119,甘肃,光伏,2024,38.73355954885483,False,20.0,True,True
121,甘肃,光伏,2024,41.18633598089218,False,20.0,True,True
122,甘肃,光伏,2024,41.26521974802017,False,20.0,True,True
12469,青海,光伏,2024,35.357361137866974,False,20.0,True,True
125,甘肃,光伏,2024,41.52404576539993,False,20.0,True,True
126,甘肃,光伏,2024,41.22071385383606,False,20.0,True,True
130,甘肃,光伏,2024,40.57296305894852,False,20.0,True,True
131,甘肃,光伏,2024,40.31429886817932,False,20.0,True,True
142,甘肃,光伏,2024,38.71493875980377,False,20.0,True,True
146,甘肃,光伏,2024,40.813301503658295,False,20.0,True,True
149,甘肃,光伏,2024,38.66423964500427,False,20.0,True,True
151,甘肃,光伏,2024,38.45019489526749,False,20.0,True,True
154,甘肃,光伏,2024,40.828739404678345,False,20.0,True,True
155,甘肃,光伏,2024,41.38946324586868,False,20.0,True,True
156,甘肃,光伏,2024,41.38964742422104,False,20.0,True,True
157,甘肃,光伏,2024,41.81222587823868,False,20.0,True,True
158,甘肃,光伏,2024,38.80415439605713,False,20.0,True,True
159,甘肃,光伏,2024,38.83258581161499,False,20.0,True,True
161,甘肃,光伏,2024,41.83293700218201,False,20.0,True,True
163,甘肃,光伏,2024,41.73072874546051,False,20.0,True,True
170,甘肃,光伏,2024,40.138540863990784,False,20.0,True,True
171,甘肃,光伏,2024,40.506456792354584,False,20.0,True,True
172,甘肃,光伏,2024,40.195967853069305,False,20.0,True,True
175,甘肃,光伏,2024,38.85901004076004,False,20.0,True,True
176,甘肃,光伏,2024,40.25778919458389,False,20.0,True,True
178,甘肃,光伏,2024,39.59019809961319,False,20.0,True,True
179,甘肃,光伏,2024,40.07142663002014,False,20.0,True,True
181,甘肃,光伏,2024,37.90203005075455,False,20.0,True,True
183,甘肃,光伏,2024,43.0137974023819,False,20.0,True,True
185,甘肃,光伏,2024,43.18078190088272,False,20.0,True,True
187,甘肃,光伏,2024,38.48701357841492,False,20.0,True,True
188,甘肃,光伏,2024,39.56651329994202,False,20.0,True,True
189,甘肃,光伏,2024,38.522366881370544,False,20.0,True,True
190,甘肃,光伏,2024,42.77558773756027,False,20.0,True,True
195,甘肃,光伏,2024,42.07239747047424,False,20.0,True,True
199,甘肃,光伏,2024,39.36556130647659,False,20.0,True,True
3155,内蒙古,光伏,2024,43.23332995176315,False,20.0,True,True
3452,内蒙古,光伏,2024,42.5080481171608,False,20.0,True,True
3808,内蒙古,光伏,2024,43.12640279531479,False,20.0,True,True
3885,内蒙古,光伏,2024,43.212625086307526,False,20.0,True,True
404,甘肃,光伏,2024,40.43711453676224,False,20.0,True,True
4040,青海,光伏,2024,28.63481730222702,False,1.6,False,False
405,甘肃,光伏,2024,40.22177428007126,False,20.0,True,True
4077,陕西,光伏,2024,43.0650731921196,False,20.0,True,True
4107,陕西,光伏,2024,42.972077429294586,False,20.0,True,True
4117,青海,光伏,2024,28.63481730222702,False,1.6,False,False
4127,青海,光伏,2024,28.58607977628708,False,1.6,False,False
4128,青海,光伏,2024,28.58607977628708,False,1.6,False,False
4129,青海,光伏,2024,28.58607977628708,False,1.6,False,False
413,甘肃,光伏,2024,39.391086995601654,False,20.0,True,True
4130,青海,光伏,2024,28.693159818649292,False,1.7,False,False
4132,青海,光伏,2024,28.693159818649292,False,1.7,False,False
4133,青海,光伏,2024,28.693159818649292,False,1.7,False,False
4134,青海,光伏,2024,28.645484447479248,False,1.6,False,False
4135,青海,光伏,2024,28.645484447479248,False,1.6,False,False
4139,青海,光伏,2024,28.575031757354736,False,1.6,False,False
4141,青海,光伏,2024,28.51227343082428,False,1.5,False,False
4144,青海,光伏,2024,28.719053864479065,False,1.7,False,False
4145,青海,光伏,2024,28.719053864479065,False,1.7,False,False
4147,青海,光伏,2024,28.469256162643433,False,1.5,False,False
4148,青海,光伏,2024,28.469256162643433,False,1.5,False,False
4151,青海,光伏,2024,28.56700301170349,False,1.6,False,False
4154,青海,光伏,2024,30.942524671554565,False,4.5,False,False
4161,青海,光伏,2024,30.92623472213745,False,4.5,False,False
4163,青海,光伏,2024,30.956784188747406,False,4.5,False,False
4167,青海,光伏,2024,30.93628764152527,False,4.5,False,False
4173,青海,光伏,2024,31.67250394821167,False,20.0,True,True
4176,青海,光伏,2024,30.987448990345,False,4.6,False,False
4179,青海,光伏,2024,30.942524671554565,False,4.5,False,False
418,甘肃,光伏,2024,41.930726766586304,False,20.0,True,True
4180,青海,光伏,2024,30.942524671554565,False,4.5,False,False
4191,青海,光伏,2024,34.213068187236786,False,20.0,True,True
4192,青海,光伏,2024,29.94742512702942,False,3.1,False,False
4193,青海,光伏,2024,32.70625501871109,False,20.0,True,True
4195,青海,光伏,2024,29.866002202033997,False,3.0,False,False
4197,青海,光伏,2024,32.333232164382935,False,20.0,True,True
4199,青海,光伏,2024,32.80005097389221,False,20.0,True,True
420,甘肃,光伏,2024,42.00548082590103,False,20.0,True,True
422,甘肃,光伏,2024,39.312160313129425,False,20.0,True,True
4242,青海,光伏,2024,28.585255444049835,False,1.6,False,False
4250,青海,光伏,2024,28.585255444049835,False,1.6,False,False
428,甘肃,光伏,2024,38.100522458553314,False,20.0,True,True
4298,青海,光伏,2024,28.541917204856873,False,1.5,False,False
430,甘肃,光伏,2024,38.09377133846283,False,20.0,True,True
4309,青海,光伏,2024,31.00380152463913,False,4.6,False,False
4326,青海,光伏,2024,30.94380408525467,False,4.5,False,False
433,甘肃,光伏,2024,38.37847799062729,False,20.0,True,True
4364,陕西,光伏,2024,42.200780510902405,False,20.0,True,True
4369,陕西,光伏,2024,42.97877490520477,False,20.0,True,True
437,甘肃,光伏,2024,38.44465345144272,False,20.0,True,True
438,甘肃,光伏,2024,39.907807409763336,False,20.0,True,True
440,甘肃,光伏,2024,38.21195304393768,False,20.0,True,True
4420,青海,光伏,2024,28.585255444049835,False,1.6,False,False
443,甘肃,光伏,2024,38.11626613140106,False,20.0,True,True
4456,青海,光伏,2024,29.699710607528687,False,2.9,False,False
447,甘肃,光伏,2024,40.98170846700668,False,20.0,True,True
4479,青海,光伏,2024,30.891872942447662,False,4.1,False,False
4535,青海,光伏,2024,30.94380408525467,False,4.5,False,False
4541,青海,光伏,2024,30.98095178604126,False,4.5,False,False
457,甘肃,光伏,2024,42.16547638177872,False,20.0,True,True
459,甘肃,光伏,2024,38.75832438468933,False,20.0,True,True
4603,青海,光伏,2024,30.959596931934357,False,4.5,False,False
4609,青海,光伏,2024,30.681499242782593,False,4.2,False,False
461,甘肃,光伏,2024,41.05708658695221,False,20.0,True,True
4615,青海,光伏,2024,30.94380408525467,False,4.5,False,False
463,甘肃,光伏,2024,38.75731945037842,False,20.0,True,True
464,甘肃,光伏,2024,38.75731945037842,False,20.0,True,True
4642,青海,光伏,2024,30.681499242782593,False,4.2,False,False
466,甘肃,光伏,2024,41.20139122009277,False,20.0,True,True
467,甘肃,光伏,2024,38.75732034444809,False,20.0,True,True
4670,青海,光伏,2024,30.681499242782593,False,4.2,False,False
4677,青海,光伏,2024,34.172828793525696,False,20.0,True,True
468,甘肃,光伏,2024,38.75736325979233,False,20.0,True,True
4687,青海,光伏,2024,34.17066425085068,False,20.0,True,True
4690,青海,光伏,2024,30.681499242782593,False,4.2,False,False
4693,青海,光伏,2024,34.013192653656006,False,20.0,True,True
470,甘肃,光伏,2024,38.73921990394592,False,20.0,True,True
4709,青海,光伏,2024,32.852565944194794,False,20.0,True,True
4710,青海,光伏,2024,32.92019069194794,False,20.0,True,True
4712,青海,光伏,2024,29.903412759304047,False,2.9,False,False
4716,青海,光伏,2024,32.93139338493347,False,20.0,True,True
4718,青海,光伏,2024,32.027408480644226,False,20.0,True,True
4724,青海,光伏,2024,32.027408480644226,False,20.0,True,True
4726,青海,光伏,2024,33.631356954574585,False,20.0,True,True
474,甘肃,光伏,2024,41.08952969312668,False,20.0,True,True
4746,青海,光伏,2024,29.876756072044373,False,2.9,False,False
4752,青海,光伏,2024,29.876756072044373,False,2.9,False,False
4756,青海,光伏,2024,31.79589718580246,False,20.0,True,True
4766,青海,光伏,2024,32.19419449567795,False,20.0,True,True
4773,青海,光伏,2024,37.270084619522095,False,20.0,True,True
4785,青海,光伏,2024,34.15630280971527,False,20.0,True,True
4795,青海,光伏,2024,30.694235265254974,False,3.9,False,False
4802,青海,光伏,2024,30.82226872444153,False,4.0,False,False
4804,青海,光伏,2024,32.08192974328995,False,20.0,True,True
4809,青海,光伏,2024,30.82226872444153,False,4.0,False,False
4824,青海,光伏,2024,30.857397615909576,False,4.0,False,False
483,甘肃,光伏,2024,38.541822731494904,False,20.0,True,True
4831,青海,光伏,2024,30.857396721839905,False,4.0,False,False
4838,青海,光伏,2024,30.75921267271042,False,3.9,False,False
4843,青海,光伏,2024,30.780447721481323,False,3.9,False,False
485,甘肃,光伏,2024,39.15682107210159,False,20.0,True,True
4850,青海,光伏,2024,28.55262726545334,False,1.5,False,False
4857,青海,光伏,2024,28.55262726545334,False,1.5,False,False
486,甘肃,光伏,2024,41.5370187163353,False,20.0,True,True
4863,青海,光伏,2024,28.55262726545334,False,1.5,False,False
4879,青海,光伏,2024,28.546442985534668,False,1.5,False,False
4882,青海,光伏,2024,30.935019850730896,False,4.5,False,False
4889,青海,光伏,2024,30.96794307231903,False,4.5,False,False
4903,青海,光伏,2024,31.01628988981247,False,20.0,True,True
491,甘肃,光伏,2024,39.14137780666351,False,20.0,True,True
4911,青海,光伏,2024,28.636766374111176,False,1.6,False,False
4928,青海,光伏,2024,28.529332280158997,False,1.5,False,False
4957,青海,光伏,2024,28.63481730222702,False,1.6,False,False
4960,青海,光伏,2024,33.5686057806015,False,20.0,True,True
4980,青海,光伏,2024,30.895093381404877,False,4.1,False,False
4981,青海,光伏,2024,31.164236068725586,False,4.4,False,False
4983,青海,光伏,2024,30.98458170890808,False,4.2,False,False
4986,青海,光伏,2024,31.164236068725586,False,4.4,False,False
4987,青海,光伏,2024,30.758690536022186,False,3.9,False,False
4997,青海,光伏,2024,31.639990210533142,False,20.0,True,True
4998,青海,光伏,2024,28.640544712543488,False,1.6,False,False
518,甘肃,光伏,2024,38.72306227684021,False,20.0,True,True
521,甘肃,光伏,2024,39.13344383239746,False,20.0,True,True
525,甘肃,光伏,2024,41.52249455451965,False,20.0,True,True
527,甘肃,光伏,2024,41.24056130647659,False,20.0,True,True
528,甘肃,光伏,2024,41.006560027599335,False,20.0,True,True
533,甘肃,光伏,2024,39.65975672006607,False,20.0,True,True
540,甘肃,光伏,2024,39.65975672006607,False,20.0,True,True
541,甘肃,光伏,2024,39.47453945875168,False,20.0,True,True
542,甘肃,光伏,2024,41.21909737586975,False,20.0,True,True
544,甘肃,光伏,2024,41.10906779766083,False,20.0,True,True
545,甘肃,光伏,2024,41.24842822551727,False,20.0,True,True
555,甘肃,光伏,2024,41.15304082632065,False,20.0,True,True
5966,陕西,光伏,2024,42.932884991168976,False,20.0,True,True
6001,新疆,光伏,2024,37.22022503614426,False,20.0,True,True
6004,新疆,光伏,2024,37.210082709789276,False,20.0,True,True
6005,新疆,光伏,2024,37.25512504577637,False,20.0,True,True
6006,新疆,光伏,2024,38.432760536670685,False,20.0,True,True
6007,新疆,光伏,2024,38.66712838411331,False,20.0,True,True
6014,新疆,光伏,2024,36.778880059719086,False,20.0,True,True
6016,新疆,光伏,2024,36.32550001144409,False,20.0,True,True
6017,新疆,光伏,2024,33.87330383062363,False,20.0,True,True
6020,新疆,光伏,2024,36.97737067937851,False,20.0,True,True
6021,新疆,光伏,2024,36.77952378988266,False,20.0,True,True
6022,新疆,光伏,2024,36.81590527296066,False,20.0,True,True
6024,新疆,光伏,2024,36.92908734083176,False,20.0,True,True
6025,新疆,光伏,2024,36.32550001144409,False,20.0,True,True
6027,新疆,光伏,2024,36.32550001144409,False,20.0,True,True
6030,新疆,光伏,2024,34.318156242370605,False,20.0,True,True
6031,新疆,光伏,2024,35.14359533786774,False,20.0,True,True
6032,新疆,光伏,2024,35.14359533786774,False,20.0,True,True
6035,新疆,光伏,2024,37.224467396736145,False,20.0,True,True
6036,新疆,光伏,2024,33.983512222766876,False,20.0,True,True
6037,新疆,光伏,2024,35.385140776634216,False,20.0,True,True
6047,新疆,光伏,2024,37.90358752012253,False,20.0,True,True
6056,新疆,光伏,2024,39.61711138486862,False,20.0,True,True
6057,新疆,光伏,2024,35.145409405231476,False,20.0,True,True
6059,新疆,光伏,2024,35.32423138618469,False,20.0,True,True
6060,新疆,光伏,2024,34.8166161775589,False,20.0,True,True
6061,新疆,光伏,2024,37.261345982551575,False,20.0,True,True
6063,新疆,光伏,2024,33.82702857255936,False,20.0,True,True
6066,新疆,光伏,2024,35.414891839027405,False,20.0,True,True
6067,新疆,光伏,2024,32.078342735767365,False,20.0,True,True
6068,新疆,光伏,2024,34.42444860935211,False,20.0,True,True
6069,新疆,光伏,2024,32.10973620414734,False,20.0,True,True
6070,新疆,光伏,2024,32.10957258939743,False,20.0,True,True
6076,新疆,光伏,2024,34.46596473455429,False,20.0,True,True
6078,新疆,光伏,2024,39.796397387981415,False,20.0,True,True
6081,新疆,光伏,2024,38.38497877120972,False,20.0,True,True
6082,新疆,光伏,2024,33.141917288303375,False,20.0,True,True
6083,新疆,光伏,2024,31.825445294380188,False,20.0,True,True
6085,新疆,光伏,2024,36.14433914422989,False,20.0,True,True
6086,新疆,光伏,2024,33.257065415382385,False,20.0,True,True
6089,新疆,光伏,2024,33.25706630945206,False,20.0,True,True
6091,新疆,光伏,2024,38.794327676296234,False,20.0,True,True
6092,新疆,光伏,2024,39.91313427686691,False,20.0,True,True
6096,新疆,光伏,2024,38.432760536670685,False,20.0,True,True
6097,新疆,光伏,2024,36.23994737863541,False,20.0,True,True
6098,新疆,光伏,2024,35.83672732114792,False,20.0,True,True
6099,新疆,光伏,2024,39.56414222717285,False,20.0,True,True
6100,新疆,光伏,2024,36.75486534833908,False,20.0,True,True
6101,新疆,光伏,2024,32.33534663915634,False,20.0,True,True
6102,新疆,光伏,2024,32.521222829818726,False,20.0,True,True
6103,新疆,光伏,2024,38.223790526390076,False,20.0,True,True
6104,新疆,光伏,2024,38.67153525352478,False,20.0,True,True
6106,新疆,光伏,2024,36.666050255298615,False,20.0,True,True
6108,新疆,光伏,2024,39.79460120201111,False,20.0,True,True
6110,新疆,光伏,2024,39.28233325481415,False,20.0,True,True
6111,新疆,光伏,2024,33.01552087068558,False,20.0,True,True
6112,新疆,光伏,2024,32.638223469257355,False,20.0,True,True
6114,新疆,光伏,2024,33.01818162202835,False,20.0,True,True
6117,甘肃,光伏,2024,41.717563569545746,False,20.0,True,True
6120,新疆,光伏,2024,34.27307993173599,False,20.0,True,True
6123,新疆,光伏,2024,36.480237543582916,False,20.0,True,True
6124,新疆,光伏,2024,33.01818162202835,False,20.0,True,True
6125,新疆,光伏,2024,38.02284926176071,False,20.0,True,True
6129,新疆,光伏,2024,32.96610474586487,False,20.0,True,True
6133,新疆,光伏,2024,32.094828486442566,False,20.0,True,True
6140,新疆,光伏,2024,34.04872387647629,False,20.0,True,True
6142,新疆,光伏,2024,37.69245386123657,False,20.0,True,True
6143,新疆,光伏,2024,32.694464921951294,False,20.0,True,True
6149,新疆,光伏,2024,33.3631905913353,False,20.0,True,True
6151,新疆,光伏,2024,38.15763384103775,False,20.0,True,True
6158,新疆,光伏,2024,38.51527780294418,False,20.0,True,True
6165,新疆,光伏,2024,33.33139032125473,False,20.0,True,True
6167,新疆,光伏,2024,38.51048022508621,False,20.0,True,True
6169,新疆,光伏,2024,36.63068890571594,False,20.0,True,True
6172,新疆,光伏,2024,38.270344734191895,False,20.0,True,True
6175,新疆,光伏,2024,35.31091779470444,False,20.0,True,True
6176,新疆,光伏,2024,38.28240841627121,False,20.0,True,True
6178,新疆,光伏,2024,33.612026274204254,False,20.0,True,True
6183,新疆,光伏,2024,33.96362096071243,False,20.0,True,True
6186,新疆,光伏,2024,35.31091779470444,False,20.0,True,True
6189,新疆,光伏,2024,33.730573654174805,False,20.0,True,True
6190,新疆,光伏,2024,35.05127191543579,False,20.0,True,True
6191,新疆,光伏,2024,34.24297213554382,False,20.0,True,True
6197,新疆,光伏,2024,33.612026274204254,False,20.0,True,True
6199,新疆,光伏,2024,33.730573654174805,False,20.0,True,True
6205,新疆,光伏,2024,38.084115386009216,False,20.0,True,True
6212,新疆,光伏,2024,38.53974401950836,False,20.0,True,True
6214,新疆,光伏,2024,33.34444999694824,False,20.0,True,True
6215,新疆,光伏,2024,33.46299558877945,False,20.0,True,True
6219,新疆,光伏,2024,33.76698911190033,False,20.0,True,True
6224,新疆,光伏,2024,33.48353236913681,False,20.0,True,True
6230,新疆,光伏,2024,32.55214512348175,False,20.0,True,True
6247,新疆,光伏,2024,32.05742061138153,False,20.0,True,True
6251,新疆,光伏,2024,38.34564685821533,False,20.0,True,True
6253,新疆,光伏,2024,33.34444999694824,False,20.0,True,True
6259,新疆,光伏,2024,32.81830072402954,False,20.0,True,True
6260,新疆,光伏,2024,38.56567203998566,False,20.0,True,True
6261,新疆,光伏,2024,35.7465523481369,False,20.0,True,True
6263,新疆,光伏,2024,36.748525500297546,False,20.0,True,True
6268,新疆,光伏,2024,34.812436401844025,False,20.0,True,True
6270,新疆,光伏,2024,32.990120351314545,False,20.0,True,True
6272,新疆,光伏,2024,37.13987588882446,False,20.0,True,True
6276,新疆,光伏,2024,33.4271702170372,False,20.0,True,True
6277,新疆,光伏,2024,38.44916135072708,False,20.0,True,True
6280,新疆,光伏,2024,37.173224687576294,False,20.0,True,True
6286,新疆,光伏,2024,37.77285307645798,False,20.0,True,True
6288,新疆,光伏,2024,33.537079095840454,False,20.0,True,True
6289,新疆,光伏,2024,36.56511694192886,False,20.0,True,True
6290,新疆,光伏,2024,37.86714434623718,False,20.0,True,True
6294,新疆,光伏,2024,33.328668773174286,False,20.0,True,True
6295,新疆,光伏,2024,32.45222121477127,False,20.0,True,True
6321,新疆,光伏,2024,34.30994242429733,False,20.0,True,True
6322,新疆,光伏,2024,33.783865571022034,False,20.0,True,True
6323,新疆,光伏,2024,35.34625053405762,False,20.0,True,True
6324,新疆,光伏,2024,38.27967703342438,False,20.0,True,True
6325,新疆,光伏,2024,38.27967703342438,False,20.0,True,True
6326,新疆,光伏,2024,38.29997777938843,False,20.0,True,True
6327,新疆,光伏,2024,38.29997777938843,False,20.0,True,True
6328,新疆,光伏,2024,35.34259647130966,False,20.0,True,True
6329,新疆,光伏,2024,38.947494328022,False,20.0,True,True
6331,新疆,光伏,2024,38.16243052482605,False,20.0,True,True
6332,新疆,光伏,2024,38.678747713565826,False,20.0,True,True
6334,新疆,光伏,2024,35.53413391113281,False,20.0,True,True
6335,新疆,光伏,2024,38.69586914777756,False,20.0,True,True
6336,新疆,光伏,2024,38.69945704936981,False,20.0,True,True
6337,新疆,光伏,2024,35.504614412784576,False,20.0,True,True
6339,新疆,光伏,2024,38.34564685821533,False,20.0,True,True
6341,新疆,光伏,2024,38.662223517894745,False,20.0,True,True
6342,新疆,光伏,2024,38.961935341358185,False,20.0,True,True
6344,新疆,光伏,2024,35.86638182401657,False,20.0,True,True
6345,新疆,光伏,2024,38.13446491956711,False,20.0,True,True
6347,新疆,光伏,2024,38.88421654701233,False,20.0,True,True
6349,新疆,光伏,2024,38.09385538101196,False,20.0,True,True
6350,新疆,光伏,2024,35.07021367549896,False,20.0,True,True
6351,新疆,光伏,2024,39.391509890556335,False,20.0,True,True
6352,新疆,光伏,2024,36.64995700120926,False,20.0,True,True
6353,新疆,光伏,2024,39.71593379974365,False,20.0,True,True
6356,新疆,光伏,2024,39.04784828424454,False,20.0,True,True
6358,新疆,光伏,2024,34.22099590301514,False,20.0,True,True
6360,新疆,光伏,2024,34.22099590301514,False,20.0,True,True
6361,新疆,光伏,2024,32.984506487846375,False,20.0,True,True
6362,新疆,光伏,2024,32.87856101989746,False,20.0,True,True
6363,新疆,光伏,2024,40.13136148452759,False,20.0,True,True
6364,新疆,光伏,2024,36.622373163700104,False,20.0,True,True
6365,新疆,光伏,2024,33.02331894636154,False,20.0,True,True
6367,新疆,光伏,2024,38.516534864902496,False,20.0,True,True
6368,新疆,光伏,2024,39.335162937641144,False,20.0,True,True
6369,新疆,光伏,2024,39.7168430685997,False,20.0,True,True
6371,新疆,光伏,2024,37.692581713199615,False,20.0,True,True
6372,新疆,光伏,2024,34.725071489810944,False,20.0,True,True
6374,新疆,光伏,2024,34.738744497299194,False,20.0,True,True
6375,新疆,光伏,2024,34.7094789147377,False,20.0,True,True
6380,新疆,光伏,2024,37.127755880355835,False,20.0,True,True
6381,新疆,光伏,2024,38.66712838411331,False,20.0,True,True
6385,新疆,光伏,2024,35.38963884115219,False,20.0,True,True
6386,新疆,光伏,2024,37.542895674705505,False,20.0,True,True
6387,新疆,光伏,2024,32.809651494026184,False,20.0,True,True
6388,新疆,光伏,2024,32.69774168729782,False,20.0,True,True
6389,新疆,光伏,2024,34.98182684183121,False,20.0,True,True
6394,新疆,光伏,2024,32.82885521650314,False,20.0,True,True
6395,新疆,光伏,2024,38.05544078350067,False,20.0,True,True
6402,新疆,光伏,2024,38.34564685821533,False,20.0,True,True
6403,新疆,光伏,2024,37.99590200185776,False,20.0,True,True
6405,新疆,光伏,2024,35.414891839027405,False,20.0,True,True
6406,新疆,光伏,2024,38.034550845623016,False,20.0,True,True
6407,新疆,光伏,2024,36.542541682720184,False,20.0,True,True
6411,新疆,光伏,2024,35.368600487709045,False,20.0,True,True
6412,新疆,光伏,2024,38.543166518211365,False,20.0,True,True
6414,新疆,光伏,2024,39.3486812710762,False,20.0,True,True
6415,新疆,光伏,2024,33.55563551187515,False,20.0,True,True
6417,新疆,光伏,2024,35.37229657173157,False,20.0,True,True
6418,新疆,光伏,2024,39.95658606290817,False,20.0,True,True
6419,新疆,光伏,2024,38.543166518211365,False,20.0,True,True
6420,新疆,光伏,2024,37.224165201187134,False,20.0,True,True
6423,新疆,光伏,2024,37.269393503665924,False,20.0,True,True
6424,新疆,光伏,2024,36.33671432733536,False,20.0,True,True
6427,新疆,光伏,2024,38.040876388549805,False,20.0,True,True
6428,新疆,光伏,2024,34.323073625564575,False,20.0,True,True
6429,新疆,光伏,2024,35.380453169345856,False,20.0,True,True
6430,新疆,光伏,2024,37.210082709789276,False,20.0,True,True
6434,新疆,光伏,2024,36.32171988487244,False,20.0,True,True
6435,新疆,光伏,2024,33.47209632396698,False,20.0,True,True
6436,新疆,光伏,2024,36.20625972747803,False,20.0,True,True
6437,新疆,光伏,2024,37.42158740758896,False,20.0,True,True
6440,新疆,光伏,2024,37.18851327896118,False,20.0,True,True
6443,新疆,光伏,2024,37.41872727870941,False,20.0,True,True
6444,新疆,光伏,2024,37.422039806842804,False,20.0,True,True
6447,新疆,光伏,2024,33.45226228237152,False,20.0,True,True
6448,新疆,光伏,2024,37.65023499727249,False,20.0,True,True
6451,新疆,光伏,2024,34.49644088745117,False,20.0,True,True
6453,新疆,光伏,2024,37.50039964914322,False,20.0,True,True
6456,新疆,光伏,2024,37.65023499727249,False,20.0,True,True
6460,新疆,光伏,2024,38.356651067733765,False,20.0,True,True
6465,新疆,光伏,2024,32.99213111400604,False,20.0,True,True
6467,新疆,光伏,2024,32.762274742126465,False,20.0,True,True
6468,新疆,光伏,2024,33.17089408636093,False,20.0,True,True
6475,新疆,光伏,2024,34.12122309207916,False,20.0,True,True
6476,新疆,光伏,2024,33.17089408636093,False,20.0,True,True
6477,新疆,光伏,2024,37.32973515987396,False,20.0,True,True
6480,新疆,光伏,2024,35.71588933467865,False,20.0,True,True
6485,新疆,光伏,2024,33.516439497470856,False,20.0,True,True
6487,新疆,光伏,2024,35.21626979112625,False,20.0,True,True
6488,新疆,光伏,2024,37.30208873748779,False,20.0,True,True
6489,新疆,光伏,2024,37.30705261230469,False,20.0,True,True
6493,新疆,光伏,2024,37.29531615972519,False,20.0,True,True
6494,新疆,光伏,2024,36.65913462638855,False,20.0,True,True
6496,新疆,光伏,2024,34.11643534898758,False,20.0,True,True
6498,新疆,光伏,2024,37.52809703350067,False,20.0,True,True
6502,新疆,光伏,2024,36.054807007312775,False,20.0,True,True
6505,新疆,光伏,2024,36.70391410589218,False,20.0,True,True
6507,新疆,光伏,2024,38.69305282831192,False,20.0,True,True
6508,新疆,光伏,2024,37.52175897359848,False,20.0,True,True
6514,新疆,光伏,2024,36.614879071712494,False,20.0,True,True
6516,新疆,光伏,2024,39.61714178323746,False,20.0,True,True
6518,新疆,光伏,2024,34.584059715270996,False,20.0,True,True
6522,新疆,光伏,2024,36.151254773139954,False,20.0,True,True
6528,新疆,光伏,2024,32.04482227563858,False,20.0,True,True
6529,新疆,光伏,2024,39.61714178323746,False,20.0,True,True
6531,新疆,光伏,2024,38.44106465578079,False,20.0,True,True
6532,新疆,光伏,2024,37.05494910478592,False,20.0,True,True
6536,新疆,光伏,2024,32.10957258939743,False,20.0,True,True
6537,新疆,光伏,2024,37.57136642932892,False,20.0,True,True
6538,新疆,光伏,2024,32.75798499584198,False,20.0,True,True
6539,新疆,光伏,2024,37.05494910478592,False,20.0,True,True
6546,新疆,光伏,2024,37.08482086658478,False,20.0,True,True
6548,新疆,光伏,2024,32.75798499584198,False,20.0,True,True
6552,新疆,光伏,2024,34.824859499931335,False,20.0,True,True
6553,新疆,光伏,2024,36.056664884090424,False,20.0,True,True
6557,新疆,光伏,2024,38.02390158176422,False,20.0,True,True
6559,新疆,光伏,2024,32.74843364953995,False,20.0,True,True
6560,新疆,光伏,2024,36.68396919965744,False,20.0,True,True
6564,新疆,光伏,2024,32.09923446178436,False,20.0,True,True
6565,新疆,光伏,2024,32.09923356771469,False,20.0,True,True
6566,新疆,光伏,2024,35.187309980392456,False,20.0,True,True
6568,新疆,光伏,2024,36.163052916526794,False,20.0,True,True
657,甘肃,光伏,2024,38.85025084018707,False,20.0,True,True
6574,新疆,光伏,2024,35.21801054477692,False,20.0,True,True
6576,新疆,光伏,2024,31.871500611305237,False,20.0,True,True
6578,新疆,光伏,2024,34.892470836639404,False,20.0,True,True
6579,新疆,光伏,2024,33.022147715091705,False,20.0,True,True
6582,新疆,光伏,2024,35.229709446430206,False,20.0,True,True
6585,新疆,光伏,2024,37.933655977249146,False,20.0,True,True
6590,新疆,光伏,2024,34.99107241630554,False,20.0,True,True
6597,新疆,光伏,2024,38.286665081977844,False,20.0,True,True
6598,新疆,光伏,2024,32.96169877052307,False,20.0,True,True
6602,新疆,光伏,2024,31.332769989967346,False,20.0,True,True
6605,新疆,光伏,2024,37.67022371292114,False,20.0,True,True
6606,新疆,光伏,2024,37.233727276325226,False,20.0,True,True
6607,新疆,光伏,2024,32.92748004198074,False,20.0,True,True
6609,新疆,光伏,2024,35.191772282123566,False,20.0,True,True
6616,新疆,光伏,2024,34.908359348773956,False,20.0,True,True
6619,新疆,光伏,2024,37.57136642932892,False,20.0,True,True
6625,新疆,光伏,2024,32.427625358104706,False,20.0,True,True
6626,新疆,光伏,2024,36.420891880989075,False,20.0,True,True
6628,新疆,光伏,2024,32.94837802648544,False,20.0,True,True
663,甘肃,光伏,2024,38.85025084018707,False,20.0,True,True
6633,新疆,光伏,2024,37.57136642932892,False,20.0,True,True
6634,新疆,光伏,2024,32.61250376701355,False,20.0,True,True
6635,新疆,光伏,2024,38.678429424762726,False,20.0,True,True
6638,新疆,光伏,2024,32.939371168613434,False,20.0,True,True
6641,新疆,光伏,2024,37.78814613819122,False,20.0,True,True
6643,新疆,光伏,2024,38.48878741264343,False,20.0,True,True
6644,新疆,光伏,2024,32.98350602388382,False,20.0,True,True
6650,新疆,光伏,2024,37.69730865955353,False,20.0,True,True
6654,新疆,光伏,2024,35.29004126787186,False,20.0,True,True
6657,新疆,光伏,2024,37.69730865955353,False,20.0,True,True
6659,新疆,光伏,2024,37.77657240629196,False,20.0,True,True
6661,新疆,光伏,2024,38.48154276609421,False,20.0,True,True
6666,新疆,光伏,2024,35.11660426855087,False,20.0,True,True
6669,新疆,光伏,2024,35.11942148208618,False,20.0,True,True
6672,新疆,光伏,2024,32.781313955783844,False,20.0,True,True
6675,新疆,光伏,2024,34.812436401844025,False,20.0,True,True
6684,新疆,光伏,2024,38.48703145980835,False,20.0,True,True
6685,新疆,光伏,2024,37.437565326690674,False,20.0,True,True
6693,新疆,光伏,2024,37.630178332328796,False,20.0,True,True
6694,新疆,光伏,2024,38.34564685821533,False,20.0,True,True
6699,新疆,光伏,2024,37.630178332328796,False,20.0,True,True
6701,新疆,光伏,2024,39.29875820875168,False,20.0,True,True
6704,新疆,光伏,2024,38.4976789355278,False,20.0,True,True
6707,新疆,光伏,2024,36.71748340129852,False,20.0,True,True
6720,新疆,光伏,2024,31.331014037132263,False,20.0,True,True
6723,新疆,光伏,2024,36.55845880508423,False,20.0,True,True
6728,新疆,光伏,2024,35.1484277844429,False,20.0,True,True
6731,新疆,光伏,2024,37.65579164028168,False,20.0,True,True
6733,新疆,光伏,2024,38.50597321987152,False,20.0,True,True
6736,新疆,光伏,2024,35.1484277844429,False,20.0,True,True
6738,新疆,光伏,2024,37.56634443998337,False,20.0,True,True
6739,新疆,光伏,2024,34.60891216993332,False,20.0,True,True
6740,新疆,光伏,2024,35.54528832435608,False,20.0,True,True
6741,新疆,光伏,2024,33.97247493267059,False,20.0,True,True
6745,新疆,光伏,2024,33.70951920747757,False,20.0,True,True
6747,新疆,光伏,2024,33.61078083515167,False,20.0,True,True
6750,新疆,光伏,2024,38.47743272781372,False,20.0,True,True
6753,新疆,光伏,2024,35.02284497022629,False,20.0,True,True
6755,新疆,光伏,2024,32.10514158010483,False,20.0,True,True
6757,新疆,光伏,2024,38.51229518651962,False,20.0,True,True
6760,新疆,光伏,2024,33.94001215696335,False,20.0,True,True
6764,新疆,光伏,2024,37.7574223279953,False,20.0,True,True
6766,新疆,光伏,2024,35.34915894269943,False,20.0,True,True
6768,新疆,光伏,2024,35.413899421691895,False,20.0,True,True
6769,新疆,光伏,2024,40.09675830602646,False,20.0,True,True
6774,新疆,光伏,2024,33.76656889915466,False,20.0,True,True
6777,新疆,光伏,2024,31.84403121471405,False,20.0,True,True
678,甘肃,光伏,2024,39.23091799020767,False,20.0,True,True
6782,新疆,光伏,2024,33.76656889915466,False,20.0,True,True
6784,新疆,光伏,2024,38.29051852226257,False,20.0,True,True
6785,新疆,光伏,2024,34.537279307842255,False,20.0,True,True
6790,新疆,光伏,2024,33.60771059989929,False,20.0,True,True
6792,新疆,光伏,2024,33.68737578392029,False,20.0,True,True
6793,新疆,光伏,2024,32.6965194940567,False,20.0,True,True
6794,新疆,光伏,2024,39.31634992361069,False,20.0,True,True
6799,新疆,光伏,2024,31.57959222793579,False,20.0,True,True
6801,新疆,光伏,2024,36.34652316570282,False,20.0,True,True
6802,新疆,光伏,2024,32.66001999378204,False,20.0,True,True
6804,新疆,光伏,2024,33.606818318367004,False,20.0,True,True
6805,新疆,光伏,2024,40.12312263250351,False,20.0,True,True
6806,新疆,光伏,2024,33.51114481687546,False,20.0,True,True
6809,新疆,光伏,2024,37.359324395656586,False,20.0,True,True
6811,新疆,光伏,2024,37.65552967786789,False,20.0,True,True
6813,新疆,光伏,2024,35.51148176193237,False,20.0,True,True
6814,新疆,光伏,2024,38.024670481681824,False,20.0,True,True
6815,新疆,光伏,2024,37.298850417137146,False,20.0,True,True
6816,新疆,光伏,2024,38.024670481681824,False,20.0,True,True
6819,新疆,光伏,2024,31.514422595500946,False,20.0,True,True
6820,新疆,光伏,2024,36.54990166425705,False,20.0,True,True
6823,新疆,光伏,2024,37.64932483434677,False,20.0,True,True
6824,新疆,光伏,2024,34.14776176214218,False,20.0,True,True
6825,新疆,光伏,2024,38.024670481681824,False,20.0,True,True
6830,新疆,光伏,2024,38.277708292007446,False,20.0,True,True
6831,新疆,光伏,2024,31.483541429042816,False,20.0,True,True
6832,新疆,光伏,2024,36.73897683620453,False,20.0,True,True
6834,新疆,光伏,2024,37.00077563524246,False,20.0,True,True
6838,新疆,光伏,2024,35.137761533260345,False,20.0,True,True
6839,新疆,光伏,2024,34.90242451429367,False,20.0,True,True
684,甘肃,光伏,2024,39.16592359542847,False,20.0,True,True
6842,新疆,光伏,2024,37.404015362262726,False,20.0,True,True
6845,新疆,光伏,2024,33.486632108688354,False,20.0,True,True
6846,新疆,光伏,2024,38.22735249996185,False,20.0,True,True
6848,新疆,光伏,2024,37.00077563524246,False,20.0,True,True
6849,新疆,光伏,2024,36.76978826522827,False,20.0,True,True
685,甘肃,光伏,2024,37.937153577804565,False,20.0,True,True
6852,新疆,光伏,2024,33.486632108688354,False,20.0,True,True
6853,新疆,光伏,2024,37.69830286502838,False,20.0,True,True
6854,新疆,光伏,2024,33.72165530920029,False,20.0,True,True
6859,新疆,光伏,2024,38.572490215301514,False,20.0,True,True
6860,新疆,光伏,2024,32.730159759521484,False,20.0,True,True
6866,新疆,光伏,2024,33.721353113651276,False,20.0,True,True
6867,新疆,光伏,2024,33.72165530920029,False,20.0,True,True
6871,新疆,光伏,2024,38.291539549827576,False,20.0,True,True
6874,新疆,光伏,2024,38.540984988212585,False,20.0,True,True
6881,新疆,光伏,2024,33.929928839206696,False,20.0,True,True
6883,新疆,光伏,2024,34.30431246757507,False,20.0,True,True
6885,新疆,光伏,2024,33.72165530920029,False,20.0,True,True
6886,新疆,光伏,2024,36.62326633930206,False,20.0,True,True
6888,新疆,光伏,2024,38.545962274074554,False,20.0,True,True
6895,新疆,光伏,2024,32.90773093700409,False,20.0,True,True
6898,新疆,光伏,2024,33.63901644945145,False,20.0,True,True
6900,新疆,光伏,2024,39.77722316980362,False,20.0,True,True
6903,新疆,光伏,2024,38.34564685821533,False,20.0,True,True
6907,新疆,光伏,2024,33.17965239286423,False,20.0,True,True
6911,新疆,光伏,2024,36.056664884090424,False,20.0,True,True
6912,新疆,光伏,2024,33.71774286031723,False,20.0,True,True
6913,新疆,光伏,2024,33.60032469034195,False,20.0,True,True
6916,新疆,光伏,2024,35.530346632003784,False,20.0,True,True
6918,新疆,光伏,2024,31.91029518842697,False,20.0,True,True
6927,新疆,光伏,2024,36.632020175457,False,20.0,True,True
6928,新疆,光伏,2024,34.79802042245865,False,20.0,True,True
6934,新疆,光伏,2024,34.269720017910004,False,20.0,True,True
6938,新疆,光伏,2024,35.21462559700012,False,20.0,True,True
6939,新疆,光伏,2024,37.46776878833771,False,20.0,True,True
6945,新疆,光伏,2024,37.46776878833771,False,20.0,True,True
6947,新疆,光伏,2024,36.18858754634857,False,20.0,True,True
6953,新疆,光伏,2024,36.19216650724411,False,20.0,True,True
6954,新疆,光伏,2024,36.62685513496399,False,20.0,True,True
6959,新疆,光伏,2024,32.882089018821716,False,20.0,True,True
6961,新疆,光伏,2024,36.66140466928482,False,20.0,True,True
6963,新疆,光伏,2024,33.34568202495575,False,20.0,True,True
6968,新疆,光伏,2024,36.66140466928482,False,20.0,True,True
6969,新疆,光伏,2024,38.28298509120941,False,20.0,True,True
697,甘肃,光伏,2024,41.37706607580185,False,20.0,True,True
6973,新疆,光伏,2024,36.66140466928482,False,20.0,True,True
6975,新疆,光伏,2024,37.16372340917587,False,20.0,True,True
6977,新疆,光伏,2024,38.58660489320755,False,20.0,True,True
6981,新疆,光伏,2024,33.81045073270798,False,20.0,True,True
699,甘肃,光伏,2024,40.13345539569855,False,20.0,True,True
6990,新疆,光伏,2024,37.29672163724899,False,20.0,True,True
6995,新疆,光伏,2024,37.20574736595154,False,20.0,True,True
6996,新疆,光伏,2024,37.208130061626434,False,20.0,True,True
6997,新疆,光伏,2024,37.31628745794296,False,20.0,True,True
6998,新疆,光伏,2024,34.365490078926086,False,20.0,True,True
6999,新疆,光伏,2024,34.397767782211304,False,20.0,True,True
7000,新疆,光伏,2024,37.22022503614426,False,20.0,True,True
7001,新疆,光伏,2024,37.05494910478592,False,20.0,True,True
710,甘肃,光伏,2024,42.588404417037964,False,20.0,True,True
7114,新疆,光伏,2024,38.063853085041046,False,20.0,True,True
7127,新疆,光伏,2024,38.084115386009216,False,20.0,True,True
7145,新疆,光伏,2024,38.084115386009216,False,20.0,True,True
717,甘肃,光伏,2024,41.14163249731064,False,20.0,True,True
720,甘肃,光伏,2024,41.620324552059174,False,20.0,True,True
723,甘肃,光伏,2024,40.412382781505585,False,20.0,True,True
724,甘肃,光伏,2024,41.01177603006363,False,20.0,True,True
7274,新疆,光伏,2024,36.24154329299927,False,20.0,True,True
7284,新疆,光伏,2024,36.24480128288269,False,20.0,True,True
7294,新疆,光伏,2024,36.093445122241974,False,20.0,True,True
731,甘肃,光伏,2024,39.52163100242615,False,20.0,True,True
7325,新疆,光伏,2024,33.906750082969666,False,20.0,True,True
7332,新疆,光伏,2024,33.49722594022751,False,20.0,True,True
734,甘肃,光伏,2024,41.77339553833008,False,20.0,True,True
7341,新疆,光伏,2024,36.22750908136368,False,20.0,True,True
7346,新疆,光伏,2024,36.22750908136368,False,20.0,True,True
736,甘肃,光伏,2024,41.77339553833008,False,20.0,True,True
7361,新疆,光伏,2024,37.00653165578842,False,20.0,True,True
739,甘肃,光伏,2024,40.31471014022827,False,20.0,True,True
742,甘肃,光伏,2024,41.628384590148926,False,20.0,True,True
747,甘肃,光伏,2024,41.76315397024155,False,20.0,True,True
750,甘肃,光伏,2024,39.976443350315094,False,20.0,True,True
754,甘肃,光伏,2024,40.018498599529266,False,20.0,True,True
761,甘肃,光伏,2024,41.397534906864166,False,20.0,True,True
764,甘肃,光伏,2024,39.64857906103134,False,20.0,True,True
766,甘肃,光伏,2024,40.84238827228546,False,20.0,True,True
769,甘肃,光伏,2024,39.58543360233307,False,20.0,True,True
770,甘肃,光伏,2024,39.43958669900894,False,20.0,True,True
772,甘肃,光伏,2024,39.73115265369415,False,20.0,True,True
778,甘肃,光伏,2024,41.60563677549362,False,20.0,True,True
781,甘肃,光伏,2024,39.67889070510864,False,20.0,True,True
782,甘肃,光伏,2024,39.29646134376526,False,20.0,True,True
784,甘肃,光伏,2024,39.724301397800446,False,20.0,True,True
789,甘肃,光伏,2024,39.72141891717911,False,20.0,True,True
797,甘肃,光伏,2024,39.38686966896057,False,20.0,True,True
798,甘肃,光伏,2024,39.70792919397354,False,20.0,True,True
7987,青海,光伏,2024,37.698030173778534,False,20.0,True,True
799,甘肃,光伏,2024,42.12569922208786,False,20.0,True,True
802,甘肃,光伏,2024,41.752555668354034,False,20.0,True,True
803,甘肃,光伏,2024,39.70792919397354,False,20.0,True,True
809,甘肃,光伏,2024,39.375249445438385,False,20.0,True,True
810,甘肃,光伏,2024,39.336582720279694,False,20.0,True,True
814,甘肃,光伏,2024,39.40921425819397,False,20.0,True,True
816,甘肃,光伏,2024,39.48262274265289,False,20.0,True,True
817,甘肃,光伏,2024,42.196872532367706,False,20.0,True,True
821,甘肃,光伏,2024,41.60418301820755,False,20.0,True,True
8216,青海,光伏,2024,33.875226974487305,False,20.0,True,True
8217,青海,光伏,2024,37.66226291656494,False,20.0,True,True
824,甘肃,光伏,2024,42.07464247941971,False,20.0,True,True
827,甘肃,光伏,2024,38.268239200115204,False,20.0,True,True
8273,青海,光伏,2024,37.580212354660034,False,20.0,True,True
8281,青海,光伏,2024,37.83770531415939,False,20.0,True,True
8290,青海,光伏,2024,37.82698720693588,False,20.0,True,True
8305,青海,光伏,2024,37.90965735912323,False,20.0,True,True
8309,青海,光伏,2024,37.835759818553925,False,20.0,True,True
8314,青海,光伏,2024,31.06470823287964,False,4.3,False,False
8317,青海,光伏,2024,37.97546714544296,False,20.0,True,True
832,甘肃,光伏,2024,39.87537682056427,False,20.0,True,True
8326,青海,光伏,2024,31.009830236434937,False,4.2,False,False
8380,青海,光伏,2024,33.426481783390045,False,20.0,True,True
843,甘肃,光伏,2024,38.06012749671936,False,20.0,True,True
847,甘肃,光伏,2024,41.10007703304291,False,20.0,True,True
848,甘肃,光伏,2024,39.89849478006363,False,20.0,True,True
850,甘肃,光伏,2024,38.83178561925888,False,20.0,True,True
851,甘肃,光伏,2024,38.15170347690582,False,20.0,True,True
854,甘肃,光伏,2024,39.79410856962204,False,20.0,True,True
856,甘肃,光伏,2024,39.73398953676224,False,20.0,True,True
859,甘肃,光伏,2024,38.516452610492706,False,20.0,True,True
8608,西藏,光伏,2024,32.83864438533783,False,4.2,False,False
867,甘肃,光伏,2024,41.18335783481598,False,20.0,True,True
870,甘肃,光伏,2024,41.65666490793228,False,20.0,True,True
875,甘肃,光伏,2024,39.23584520816803,False,20.0,True,True
876,甘肃,光伏,2024,40.28991758823395,False,20.0,True,True
880,甘肃,光伏,2024,39.91338461637497,False,20.0,True,True
882,甘肃,光伏,2024,41.17072910070419,False,20.0,True,True
883,甘肃,光伏,2024,39.968823194503784,False,20.0,True,True
886,甘肃,光伏,2024,38.78704100847244,False,20.0,True,True
888,甘肃,光伏,2024,38.06012749671936,False,20.0,True,True
894,甘肃,光伏,2024,39.89849478006363,False,20.0,True,True
895,甘肃,光伏,2024,39.99815225601196,False,20.0,True,True
897,甘肃,光伏,2024,39.89849478006363,False,20.0,True,True
906,甘肃,光伏,2024,37.9020693898201,False,20.0,True,True
908,甘肃,光伏,2024,38.12622785568237,False,20.0,True,True
912,甘肃,光伏,2024,38.03983211517334,False,20.0,True,True
918,甘肃,光伏,2024,38.03983211517334,False,20.0,True,True
922,甘肃,光伏,2024,40.32164812088013,False,20.0,True,True
927,甘肃,光伏,2024,41.25285655260086,False,20.0,True,True
931,甘肃,光伏,2024,39.39723998308182,False,20.0,True,True
933,甘肃,光伏,2024,39.41833734512329,False,20.0,True,True
935,甘肃,光伏,2024,39.42516893148422,False,20.0,True,True
943,甘肃,光伏,2024,39.423816204071045,False,20.0,True,True
948,甘肃,光伏,2024,41.53374195098877,False,20.0,True,True
9537,青海,光伏,2024,33.42648267745972,False,20.0,True,True
954,甘肃,光伏,2024,39.436195492744446,False,20.0,True,True
957,甘肃,光伏,2024,39.41875487565994,False,20.0,True,True
9579,青海,光伏,2024,37.698030173778534,False,20.0,True,True
959,甘肃,光伏,2024,38.507922291755676,False,20.0,True,True
961,甘肃,光伏,2024,41.23281687498093,False,20.0,True,True
963,甘肃,光伏,2024,38.75728905200958,False,20.0,True,True
969,甘肃,光伏,2024,41.88415825366974,False,20.0,True,True
970,甘肃,光伏,2024,41.84925019741058,False,20.0,True,True
971,甘肃,光伏,2024,41.53368204832077,False,20.0,True,True
992,甘肃,光伏,2024,39.59708422422409,False,20.0,True,True
W107,甘肃,风电,2024,41.3860085606575,False,20.0,True,True
W108,甘肃,风电,2024,41.09375774860382,False,20.0,True,True
W109,甘肃,风电,2024,41.73901408910751,False,20.0,True,True
W110,甘肃,风电,2024,41.618319153785706,False,20.0,True,True
W113,甘肃,风电,2024,36.14867180585861,False,20.0,True,True
W1130,河北,风电,2024,35.67141383886337,False,20.0,True,True
W1134,河北,风电,2024,34.78569835424423,False,20.0,True,True
W114,甘肃,风电,2024,40.69471925497055,False,20.0,True,True
W115,甘肃,风电,2024,33.42545360326767,False,20.0,True,True
W116,甘肃,风电,2024,34.84451025724411,False,20.0,True,True
W117,甘肃,风电,2024,35.34237027168274,False,20.0,True,True
W119,甘肃,风电,2024,39.23617959022522,False,20.0,True,True
W121,甘肃,风电,2024,41.83964252471924,False,20.0,True,True
W122,甘肃,风电,2024,41.557273864746094,False,20.0,True,True
W123,甘肃,风电,2024,33.965711295604706,False,20.0,True,True
W126,甘肃,风电,2024,42.35360562801361,False,20.0,True,True
W1261,河北,风电,2024,32.422893941402435,False,20.0,True,True
W127,甘肃,风电,2024,41.474400758743286,False,20.0,True,True
W128,甘肃,风电,2024,35.78274339437485,False,20.0,True,True
W1280,河北,风电,2024,29.20029044151306,False,2.2,False,False
W1284,河北,风电,2024,31.07198417186737,False,4.6,False,False
W1287,河北,风电,2024,35.88007628917694,False,20.0,True,True
W129,甘肃,风电,2024,41.51228606700897,False,20.0,True,True
W131,甘肃,风电,2024,41.62228435277939,False,20.0,True,True
W132,甘肃,风电,2024,41.58688187599182,False,20.0,True,True
W133,甘肃,风电,2024,38.870733082294464,False,20.0,True,True
W134,甘肃,风电,2024,36.02105140686035,False,20.0,True,True
W135,甘肃,风电,2024,41.826001703739166,False,20.0,True,True
W136,甘肃,风电,2024,30.572310984134674,False,4.1,False,False
W1360,河北,风电,2024,32.84447729587555,False,20.0,True,True
W1362,河北,风电,2024,32.84447729587555,False,20.0,True,True
W1374,河北,风电,2024,33.0015903711319,False,20.0,True,True
W1389,河北,风电,2024,30.89237004518509,False,20.0,True,True
W139,甘肃,风电,2024,31.57838076353073,False,20.0,True,True
W140,甘肃,风电,2024,31.69351100921631,False,20.0,True,True
W141,甘肃,风电,2024,38.93185794353485,False,20.0,True,True
W1482,海南,风电,2024,35.923969745635986,False,20.0,True,True
W1483,海南,风电,2024,31.29682034254074,False,20.0,True,True
W1502,河北,风电,2024,35.19238293170929,False,20.0,True,True
W1509,河北,风电,2024,34.10188436508179,False,20.0,True,True
W1520,河北,风电,2024,36.563138365745544,False,20.0,True,True
W1529,河北,风电,2024,29.056802988052368,False,2.0,False,False
W1533,河北,风电,2024,36.683735847473145,False,20.0,True,True
W1613,河北,风电,2024,32.422893047332764,False,20.0,True,True
W1634,河北,风电,2024,32.422893941402435,False,20.0,True,True
W1693,河北,风电,2024,32.54652947187424,False,20.0,True,True
W1817,河北,风电,2024,32.422893047332764,False,20.0,True,True
W1887,河北,风电,2024,33.3408585190773,False,20.0,True,True
W1892,河北,风电,2024,28.83447289466858,False,1.8,False,False
W1941,河北,风电,2024,35.48193544149399,False,20.0,True,True
W2003,河南,风电,2024,40.46026289463043,False,20.0,True,True
W2016,河南,风电,2024,41.69306606054306,False,20.0,True,True
W2017,河南,风电,2024,41.76976203918457,False,20.0,True,True
W2176,河北,风电,2024,32.422893047332764,False,20.0,True,True
W2206,黑龙江,风电,2024,29.49192702770233,False,2.5,False,False
W2214,黑龙江,风电,2024,29.238202571868896,False,2.2,False,False
W2237,黑龙江,风电,2024,40.201746225357056,False,20.0,True,True
W2263,河北,风电,2024,31.568980515003204,False,20.0,True,True
W2266,河北,风电,2024,31.736320853233337,False,20.0,True,True
W2269,黑龙江,风电,2024,32.94382184743881,False,20.0,True,True
W2282,黑龙江,风电,2024,32.22319453954697,False,20.0,True,True
W2379,黑龙江,风电,2024,30.094521939754486,False,3.4,False,False
W2383,黑龙江,风电,2024,35.67742466926575,False,20.0,True,True
W2404,黑龙江,风电,2024,35.700234174728394,False,20.0,True,True
W2429,黑龙江,风电,2024,42.91799604892731,False,20.0,True,True
W2432,河北,风电,2024,27.97648698091507,False,1.0,False,False
W2435,黑龙江,风电,2024,42.31258660554886,False,20.0,True,True
W2440,河北,风电,2024,31.316666901111603,False,20.0,True,True
W2441,河北,风电,2024,43.14540892839432,False,20.0,True,True
W2448,河南,风电,2024,40.72413057088852,False,20.0,True,True
W2485,河北,风电,2024,30.639223158359528,False,4.1,False,False
W2488,河北,风电,2024,43.17668974399567,False,20.0,True,True
W2504,黑龙江,风电,2024,35.135864317417145,False,20.0,True,True
W2515,河北,风电,2024,39.40906673669815,False,20.0,True,True
W2524,黑龙江,风电,2024,31.011220514774323,False,4.5,False,False
W2525,河北,风电,2024,43.23672205209732,False,20.0,True,True
W2534,黑龙江,风电,2024,43.18274259567261,False,20.0,True,True
W2553,黑龙江,风电,2024,31.94116562604904,False,20.0,True,True
W2557,河北,风电,2024,34.459542632102966,False,20.0,True,True
W2567,黑龙江,风电,2024,32.20924347639084,False,20.0,True,True
W2577,黑龙江,风电,2024,36.22748404741287,False,20.0,True,True
W2590,黑龙江,风电,2024,40.04377216100693,False,20.0,True,True
W2603,河北,风电,2024,32.422893047332764,False,20.0,True,True
W2604,黑龙江,风电,2024,29.662130177021027,False,2.7,False,False
W2610,黑龙江,风电,2024,31.69897735118866,False,20.0,True,True
W2611,河南,风电,2024,42.38609433174133,False,20.0,True,True
W2622,黑龙江,风电,2024,31.798108220100403,False,20.0,True,True
W2635,黑龙江,风电,2024,32.42447376251221,False,20.0,True,True
W2642,黑龙江,风电,2024,33.16014915704727,False,20.0,True,True
W2670,黑龙江,风电,2024,37.756153643131256,False,20.0,True,True
W2703,黑龙江,风电,2024,29.63172733783722,False,2.7,False,False
W2708,黑龙江,风电,2024,29.38939869403839,False,2.3,False,False
W2710,黑龙江,风电,2024,32.452838122844696,False,20.0,True,True
W2713,黑龙江,风电,2024,31.58216267824173,False,20.0,True,True
W2715,河南,风电,2024,41.387693881988525,False,20.0,True,True
W2720,黑龙江,风电,2024,32.267780005931854,False,20.0,True,True
W2724,黑龙江,风电,2024,32.21178263425827,False,20.0,True,True
W2736,黑龙江,风电,2024,30.875131487846375,False,4.2,False,False
W2751,黑龙江,风电,2024,31.06255352497101,False,4.4,False,False
W2766,黑龙江,风电,2024,30.614884793758392,False,3.9,False,False
W2767,黑龙江,风电,2024,30.004050135612488,False,3.1,False,False
W2778,黑龙江,风电,2024,31.536448895931244,False,20.0,True,True
W2800,黑龙江,风电,2024,31.673438251018524,False,20.0,True,True
W2803,黑龙江,风电,2024,31.37248456478119,False,20.0,True,True
W2812,黑龙江,风电,2024,30.30062198638916,False,3.6,False,False
W2820,黑龙江,风电,2024,28.60663264989853,False,1.6,False,False
W2822,黑龙江,风电,2024,35.68408280611038,False,20.0,True,True
W2843,黑龙江,风电,2024,31.419304311275482,False,20.0,True,True
W2853,黑龙江,风电,2024,30.00582665205002,False,3.1,False,False
W2857,黑龙江,风电,2024,32.44418263435364,False,20.0,True,True
W2866,黑龙江,风电,2024,30.33932089805603,False,3.7,False,False
W2869,黑龙江,风电,2024,30.448886454105377,False,3.9,False,False
W2887,黑龙江,风电,2024,31.137767136096954,False,20.0,True,True
W2892,黑龙江,风电,2024,31.31892889738083,False,20.0,True,True
W2898,河北,风电,2024,32.422893941402435,False,20.0,True,True
W2907,黑龙江,风电,2024,42.949506640434265,False,20.0,True,True
W2911,黑龙江,风电,2024,32.73352235555649,False,20.0,True,True
W2917,河北,风电,2024,32.422893047332764,False,20.0,True,True
W2919,黑龙江,风电,2024,35.65641492605209,False,20.0,True,True
W2924,黑龙江,风电,2024,35.748358368873596,False,20.0,True,True
W2934,黑龙江,风电,2024,32.37386494874954,False,20.0,True,True
W2966,黑龙江,风电,2024,41.737259924411774,False,20.0,True,True
W3020,湖南,风电,2024,43.29679638147354,False,20.0,True,True
W3240,内蒙古,风电,2024,39.6997395157814,False,20.0,True,True
W3667,内蒙古,风电,2024,29.54442858695984,False,1.9,False,False
W3802,内蒙古,风电,2024,37.252328395843506,False,20.0,True,True
W3975,湖南,风电,2024,42.291209399700165,False,20.0,True,True
W4036,河北,风电,2024,29.152963757514954,False,2.1,False,False
W4047,内蒙古,风电,2024,31.97389841079712,False,20.0,True,True
W4050,内蒙古,风电,2024,30.509067177772522,False,3.8,False,False
W4054,内蒙古,风电,2024,30.829366743564606,False,4.3,False,False
W4060,内蒙古,风电,2024,29.92315649986267,False,3.0,False,False
W4062,内蒙古,风电,2024,31.97389841079712,False,20.0,True,True
W4091,内蒙古,风电,2024,33.54889243841171,False,20.0,True,True
W4101,内蒙古,风电,2024,30.69538325071335,False,4.2,False,False
W4230,内蒙古,风电,2024,30.414699018001556,False,3.8,False,False
W4253,内蒙古,风电,2024,31.06804132461548,False,4.4,False,False
W4268,内蒙古,风电,2024,32.11297810077667,False,20.0,True,True
W4304,内蒙古,风电,2024,29.048534631729126,False,2.0,False,False
W4313,内蒙古,风电,2024,35.766877233982086,False,20.0,True,True
W4347,内蒙古,风电,2024,28.90455275774002,False,1.9,False,False
W4348,内蒙古,风电,2024,33.84261757135391,False,4.5,False,False
W4386,内蒙古,风电,2024,32.7776563167572,False,20.0,True,True
W4452,河北,风电,2024,31.50086134672165,False,20.0,True,True
W4455,内蒙古,风电,2024,26.722452342510223,False,0.3,False,False
W4461,内蒙古,风电,2024,38.896378576755524,False,20.0,True,True
W4475,内蒙古,风电,2024,34.08442497253418,False,20.0,True,True
W4484,内蒙古,风电,2024,32.30606496334076,False,20.0,True,True
W4505,内蒙古,风电,2024,34.73221242427826,False,20.0,True,True
W4510,内蒙古,风电,2024,34.24204230308533,False,20.0,True,True
W4517,内蒙古,风电,2024,34.77428823709488,False,20.0,True,True
W4522,内蒙古,风电,2024,34.68471497297287,False,20.0,True,True
W4534,内蒙古,风电,2024,30.51485002040863,False,2.9,False,False
W4551,内蒙古,风电,2024,28.365643322467804,False,1.4,False,False
W4596,内蒙古,风电,2024,33.402168452739716,False,20.0,True,True
W4603,内蒙古,风电,2024,34.260515570640564,False,20.0,True,True
W4611,内蒙古,风电,2024,32.13975012302399,False,20.0,True,True
W4736,内蒙古,风电,2024,33.326299488544464,False,20.0,True,True
W4753,内蒙古,风电,2024,33.13624709844589,False,20.0,True,True
W4783,内蒙古,风电,2024,36.702479124069214,False,20.0,True,True
W4791,内蒙古,风电,2024,33.23500245809555,False,20.0,True,True
W4807,内蒙古,风电,2024,33.28493893146515,False,20.0,True,True
W4808,内蒙古,风电,2024,32.13975012302399,False,20.0,True,True
W4814,内蒙古,风电,2024,33.46891522407532,False,20.0,True,True
W4815,内蒙古,风电,2024,32.14684098958969,False,20.0,True,True
W4827,内蒙古,风电,2024,31.01100593805313,False,20.0,True,True
W4832,内蒙古,风电,2024,33.19535046815872,False,20.0,True,True
W4837,内蒙古,风电,2024,41.47690415382385,False,20.0,True,True
W4852,内蒙古,风电,2024,33.3483150601387,False,20.0,True,True
W4875,内蒙古,风电,2024,30.84084838628769,False,4.4,False,False
W4888,内蒙古,风电,2024,31.18260383605957,False,20.0,True,True
W4968,内蒙古,风电,2024,34.44639891386032,False,20.0,True,True
W4984,内蒙古,风电,2024,31.49589478969574,False,20.0,True,True
W4988,内蒙古,风电,2024,33.471171855926514,False,20.0,True,True
W4991,内蒙古,风电,2024,36.07728749513626,False,20.0,True,True
W5007,青海,风电,2024,36.42891526222229,False,20.0,True,True
W5009,青海,风电,2024,36.42891526222229,False,20.0,True,True
W5010,青海,风电,2024,36.42891526222229,False,20.0,True,True
W5014,青海,风电,2024,36.56295418739319,False,20.0,True,True
W5019,青海,风电,2024,36.58466935157776,False,20.0,True,True
W5021,青海,风电,2024,38.89332264661789,False,20.0,True,True
W5022,青海,风电,2024,36.42891526222229,False,20.0,True,True
W5025,青海,风电,2024,33.35058957338333,False,20.0,True,True
W503,甘肃,风电,2024,41.378055810928345,False,20.0,True,True
W5035,青海,风电,2024,42.603821754455566,False,20.0,True,True
W507,甘肃,风电,2024,43.2031586766243,False,20.0,True,True
W5073,陕西,风电,2024,42.04212695360184,False,20.0,True,True
W515,甘肃,风电,2024,42.64802098274231,False,20.0,True,True
W518,甘肃,风电,2024,42.86058962345123,False,20.0,True,True
W5190,辽宁,风电,2024,37.994113862514496,False,20.0,True,True
W5243,辽宁,风电,2024,31.62538379430771,False,20.0,True,True
W5244,辽宁,风电,2024,35.08043825626373,False,20.0,True,True
W5305,辽宁,风电,2024,31.975435316562653,False,20.0,True,True
W5423,辽宁,风电,2024,30.336865782737732,False,2.8,False,False
W5456,吉林,风电,2024,27.02161431312561,False,0.2,False,False
W5754,青海,风电,2024,39.21752214431763,False,20.0,True,True
W5824,吉林,风电,2024,33.687506318092346,False,20.0,True,True
W583,甘肃,风电,2024,38.61498445272446,False,20.0,True,True
W584,甘肃,风电,2024,38.70598018169403,False,20.0,True,True
W585,甘肃,风电,2024,40.0440376996994,False,20.0,True,True
W586,甘肃,风电,2024,41.80064499378204,False,20.0,True,True
W5967,辽宁,风电,2024,33.57454687356949,False,20.0,True,True
W6008,山东,风电,2024,41.635768711566925,False,20.0,True,True
W6010,陕西,风电,2024,40.67094147205353,False,20.0,True,True
W6017,山东,风电,2024,41.635768711566925,False,20.0,True,True
W6039,山东,风电,2024,39.94719743728638,False,20.0,True,True
W6040,山东,风电,2024,43.06208252906799,False,20.0,True,True
W6049,山东,风电,2024,41.365621984004974,False,20.0,True,True
W6056,山东,风电,2024,41.37819707393646,False,20.0,True,True
W6068,山东,风电,2024,40.95557481050491,False,20.0,True,True
W6069,山东,风电,2024,41.522512435913086,False,20.0,True,True
W6070,山东,风电,2024,41.44483834505081,False,20.0,True,True
W6090,山东,风电,2024,43.07184934616089,False,20.0,True,True
W6091,山东,风电,2024,41.90997362136841,False,20.0,True,True
W6093,山东,风电,2024,41.02438509464264,False,20.0,True,True
W6094,山东,风电,2024,37.401794493198395,False,20.0,True,True
W6095,山东,风电,2024,41.27326458692551,False,20.0,True,True
W6096,山东,风电,2024,41.2093448638916,False,20.0,True,True
W6097,山东,风电,2024,41.072916984558105,False,20.0,True,True
W6098,山东,风电,2024,38.60890746116638,False,20.0,True,True
W6099,山东,风电,2024,38.38135689496994,False,20.0,True,True
W6100,山东,风电,2024,37.93902665376663,False,20.0,True,True
W6101,山东,风电,2024,38.30177217721939,False,20.0,True,True
W6102,山东,风电,2024,37.722405195236206,False,20.0,True,True
W6103,山东,风电,2024,38.60957533121109,False,20.0,True,True
W6104,山东,风电,2024,38.59752416610718,False,20.0,True,True
W6105,山东,风电,2024,42.283660769462585,False,20.0,True,True
W6106,山东,风电,2024,37.692663073539734,False,20.0,True,True
W6107,山东,风电,2024,37.634645998477936,False,20.0,True,True
W6108,山东,风电,2024,37.482037246227264,False,20.0,True,True
W6119,山东,风电,2024,42.10402697324753,False,20.0,True,True
W6126,山东,风电,2024,40.89398771524429,False,20.0,True,True
W6131,山东,风电,2024,40.64302325248718,False,20.0,True,True
W6136,陕西,风电,2024,39.52277362346649,False,20.0,True,True
W6141,山东,风电,2024,41.57093524932861,False,20.0,True,True
W6144,陕西,风电,2024,40.578526854515076,False,20.0,True,True
W6150,山东,风电,2024,41.60131573677063,False,20.0,True,True
W6164,陕西,风电,2024,40.19700586795807,False,20.0,True,True
W6193,山东,风电,2024,42.43708848953247,False,20.0,True,True
W6206,山东,风电,2024,39.65833157300949,False,20.0,True,True
W6215,山东,风电,2024,41.18007928133011,False,20.0,True,True
W6226,山东,风电,2024,42.94415205717087,False,20.0,True,True
W6236,山东,风电,2024,32.24537909030914,False,20.0,True,True
W6268,山西,风电,2024,34.93918061256409,False,20.0,True,True
W6270,山西,风电,2024,35.71582764387131,False,20.0,True,True
W6271,山西,风电,2024,35.294042229652405,False,20.0,True,True
W6338,山东,风电,2024,39.779089987277985,False,20.0,True,True
W6340,陕西,风电,2024,40.23586839437485,False,20.0,True,True
W6345,山东,风电,2024,39.779089987277985,False,20.0,True,True
W6346,陕西,风电,2024,43.03725689649582,False,20.0,True,True
W6352,山东,风电,2024,32.24000573158264,False,20.0,True,True
W6360,山东,风电,2024,32.18574017286301,False,20.0,True,True
W6363,陕西,风电,2024,41.13769054412842,False,20.0,True,True
W6386,山东,风电,2024,29.56050217151642,False,2.6,False,False
W6389,陕西,风电,2024,42.930478155612946,False,20.0,True,True
W6391,山东,风电,2024,42.40235209465027,False,20.0,True,True
W6398,陕西,风电,2024,42.930478155612946,False,20.0,True,True
W6403,山东,风电,2024,41.152551770210266,False,20.0,True,True
W6408,陕西,风电,2024,42.00042396783829,False,20.0,True,True
W6417,山东,风电,2024,41.805146634578705,False,20.0,True,True
W6420,陕西,风电,2024,41.34286254644394,False,20.0,True,True
W6422,陕西,风电,2024,41.13769054412842,False,20.0,True,True
W6424,山东,风电,2024,42.787223160266876,False,20.0,True,True
W6431,陕西,风电,2024,41.78356111049652,False,20.0,True,True
W6435,山东,风电,2024,36.14613980054855,False,20.0,True,True
W6450,山西,风电,2024,37.089226841926575,False,20.0,True,True
W6453,山东,风电,2024,41.97496086359024,False,20.0,True,True
W6465,陕西,风电,2024,38.79257798194885,False,20.0,True,True
W6469,山东,风电,2024,42.123723328113556,False,20.0,True,True
W6472,陕西,风电,2024,43.03764581680298,False,20.0,True,True
W6483,山东,风电,2024,41.968483328819275,False,20.0,True,True
W6490,陕西,风电,2024,42.220517098903656,False,20.0,True,True
W6510,山东,风电,2024,43.14478576183319,False,20.0,True,True
W6519,山东,风电,2024,42.79192507266998,False,20.0,True,True
W6522,陕西,风电,2024,40.74370890855789,False,20.0,True,True
W6524,陕西,风电,2024,41.13769054412842,False,20.0,True,True
W6528,山东,风电,2024,42.75635987520218,False,20.0,True,True
W6533,山东,风电,2024,41.09750300645828,False,20.0,True,True
W6537,陕西,风电,2024,41.941576302051544,False,20.0,True,True
W6541,陕西,风电,2024,42.04212695360184,False,20.0,True,True
W6543,陕西,风电,2024,41.825070977211,False,20.0,True,True
W6549,陕西,风电,2024,43.19242089986801,False,20.0,True,True
W6551,陕西,风电,2024,40.42111337184906,False,20.0,True,True
W6556,陕西,风电,2024,40.67996084690094,False,20.0,True,True
W6571,山东,风电,2024,35.80576390028,False,20.0,True,True
W6577,陕西,风电,2024,41.07823669910431,False,20.0,True,True
W6584,陕西,风电,2024,39.929422438144684,False,20.0,True,True
W6598,陕西,风电,2024,40.54894030094147,False,20.0,True,True
W6602,陕西,风电,2024,39.529501497745514,False,20.0,True,True
W6605,陕西,风电,2024,41.29604011774063,False,20.0,True,True
W6607,陕西,风电,2024,39.00075674057007,False,20.0,True,True
W6615,陕西,风电,2024,42.393254935741425,False,20.0,True,True
W6624,陕西,风电,2024,41.58494979143143,False,20.0,True,True
W6627,陕西,风电,2024,41.63880854845047,False,20.0,True,True
W6632,陕西,风电,2024,41.68868601322174,False,20.0,True,True
W6643,陕西,风电,2024,41.65395945310593,False,20.0,True,True
W6648,陕西,风电,2024,42.6412770152092,False,20.0,True,True
W6651,陕西,风电,2024,40.42505890130997,False,20.0,True,True
W6653,陕西,风电,2024,42.04212695360184,False,20.0,True,True
W6658,陕西,风电,2024,40.39327830076218,False,20.0,True,True
W6661,陕西,风电,2024,42.04212695360184,False,20.0,True,True
W6666,陕西,风电,2024,40.491666197776794,False,20.0,True,True
W6667,山东,风电,2024,42.77694672346115,False,20.0,True,True
W6674,陕西,风电,2024,40.256972908973694,False,20.0,True,True
W6676,山东,风电,2024,41.199287474155426,False,20.0,True,True
W6678,山东,风电,2024,42.71589607000351,False,20.0,True,True
W6684,陕西,风电,2024,40.14634698629379,False,20.0,True,True
W6686,山东,风电,2024,42.92788803577423,False,20.0,True,True
W6691,陕西,风电,2024,41.56515419483185,False,20.0,True,True
W6693,陕西,风电,2024,41.19453102350235,False,20.0,True,True
W6694,陕西,风电,2024,40.23151785135269,False,20.0,True,True
W6698,山东,风电,2024,42.333949506282806,False,20.0,True,True
W6706,陕西,风电,2024,41.44400417804718,False,20.0,True,True
W6707,陕西,风电,2024,40.64891695976257,False,20.0,True,True
W6714,陕西,风电,2024,40.12657642364502,False,20.0,True,True
W6716,陕西,风电,2024,43.11419874429703,False,20.0,True,True
W6720,山东,风电,2024,37.138424813747406,False,20.0,True,True
W6723,山西,风电,2024,37.482399344444275,False,20.0,True,True
W6726,山东,风电,2024,42.68184542655945,False,20.0,True,True
W6729,陕西,风电,2024,42.232034504413605,False,20.0,True,True
W6747,山东,风电,2024,41.81476145982742,False,20.0,True,True
W6749,山东,风电,2024,41.892905831336975,False,20.0,True,True
W6754,陕西,风电,2024,39.169929921627045,False,20.0,True,True
W6756,山东,风电,2024,41.90629720687866,False,20.0,True,True
W6757,山东,风电,2024,42.585137486457825,False,20.0,True,True
W6764,山东,风电,2024,42.69588053226471,False,20.0,True,True
W6766,山东,风电,2024,42.76808559894562,False,20.0,True,True
W6771,山东,风电,2024,42.49335765838623,False,20.0,True,True
W6772,山东,风电,2024,40.17553925514221,False,20.0,True,True
W6775,陕西,风电,2024,40.68053752183914,False,20.0,True,True
W6783,陕西,风电,2024,40.3734165430069,False,20.0,True,True
W6788,山东,风电,2024,42.25876986980438,False,20.0,True,True
W6792,陕西,风电,2024,40.90070754289627,False,20.0,True,True
W6793,山东,风电,2024,42.469063103199005,False,20.0,True,True
W6795,山东,风电,2024,39.806857109069824,False,20.0,True,True
W6797,山东,风电,2024,41.44212931394577,False,20.0,True,True
W6802,山东,风电,2024,42.81611680984497,False,20.0,True,True
W6809,陕西,风电,2024,40.93411982059479,False,20.0,True,True
W6814,山东,风电,2024,41.24519884586334,False,20.0,True,True
W6819,陕西,风电,2024,40.38505643606186,False,20.0,True,True
W6824,山东,风电,2024,42.041511833667755,False,20.0,True,True
W6826,陕西,风电,2024,42.3605078458786,False,20.0,True,True
W6828,山东,风电,2024,40.677223205566406,False,20.0,True,True
W6830,山东,风电,2024,41.9340044260025,False,20.0,True,True
W6835,山东,风电,2024,42.915138602256775,False,20.0,True,True
W6839,山东,风电,2024,37.53373324871063,False,20.0,True,True
W6846,山东,风电,2024,37.53373324871063,False,20.0,True,True
W6849,陕西,风电,2024,42.520632147789,False,20.0,True,True
W6852,山东,风电,2024,39.957514107227325,False,20.0,True,True
W6856,山东,风电,2024,40.91496080160141,False,20.0,True,True
W6859,山东,风电,2024,43.202953934669495,False,20.0,True,True
W6866,山西,风电,2024,41.18019908666611,False,20.0,True,True
W6877,山东,风电,2024,42.16484695672989,False,20.0,True,True
W6906,山西,风电,2024,40.38459599018097,False,20.0,True,True
W6915,山西,风电,2024,40.561340153217316,False,20.0,True,True
W6937,山东,风电,2024,30.115157067775726,False,3.3,False,False
W6945,山东,风电,2024,37.966543436050415,False,20.0,True,True
W6994,陕西,风电,2024,41.049402952194214,False,20.0,True,True
W7010,新疆,风电,2024,39.67615395784378,False,20.0,True,True
W7013,新疆,风电,2024,41.69151395559311,False,20.0,True,True
W7016,新疆,风电,2024,38.86737406253815,False,20.0,True,True
W7080,山西,风电,2024,40.267099142074585,False,20.0,True,True
W7124,山西,风电,2024,37.128732204437256,False,20.0,True,True
W7125,山西,风电,2024,37.785368263721466,False,20.0,True,True
W7127,山西,风电,2024,40.370372235774994,False,20.0,True,True
W7177,山西,风电,2024,41.36687636375427,False,20.0,True,True
W7183,山西,风电,2024,41.34636998176575,False,20.0,True,True
W7194,新疆,风电,2024,39.09088611602783,False,20.0,True,True
W7196,山西,风电,2024,36.421297788619995,False,20.0,True,True
W7224,新疆,风电,2024,43.31514269113541,False,20.0,True,True
W7233,新疆,风电,2024,30.63044250011444,False,4.2,False,False
W7239,山西,风电,2024,42.17121809720993,False,20.0,True,True
W7243,新疆,风电,2024,31.348271369934082,False,20.0,True,True
W7245,新疆,风电,2024,34.78449672460556,False,20.0,True,True
W7248,山西,风电,2024,33.67086946964264,False,20.0,True,True
W7253,山西,风电,2024,42.02986657619476,False,20.0,True,True
W7260,山西,风电,2024,33.98090422153473,False,20.0,True,True
W7273,新疆,风电,2024,40.29047191143036,False,20.0,True,True
W7277,山西,风电,2024,35.47987908124924,False,20.0,True,True
W7287,新疆,风电,2024,42.3576083779335,False,20.0,True,True
W7371,山西,风电,2024,35.83030343055725,False,20.0,True,True
W7380,新疆,风电,2024,36.280570328235626,False,20.0,True,True
W7382,山西,风电,2024,41.16769641637802,False,20.0,True,True
W7395,新疆,风电,2024,29.84336346387863,False,3.1,False,False
W7399,新疆,风电,2024,36.75484210252762,False,20.0,True,True
W7402,新疆,风电,2024,30.25922030210495,False,3.7,False,False
W7408,山西,风电,2024,33.84581208229065,False,20.0,True,True
W7409,新疆,风电,2024,33.62059682607651,False,20.0,True,True
W7410,新疆,风电,2024,40.42798697948456,False,20.0,True,True
W7424,新疆,风电,2024,34.93313044309616,False,20.0,True,True
W7431,新疆,风电,2024,34.65476989746094,False,20.0,True,True
W7439,新疆,风电,2024,35.69272667169571,False,20.0,True,True
W7446,新疆,风电,2024,31.32779449224472,False,20.0,True,True
W7447,新疆,风电,2024,37.582444846630096,False,20.0,True,True
W7453,新疆,风电,2024,38.17910313606262,False,20.0,True,True
W7458,新疆,风电,2024,38.149259984493256,False,20.0,True,True
W7460,新疆,风电,2024,32.39886224269867,False,20.0,True,True
W7465,新疆,风电,2024,38.149259984493256,False,20.0,True,True
W7468,新疆,风电,2024,33.47929537296295,False,20.0,True,True
W7477,新疆,风电,2024,31.665912866592407,False,20.0,True,True
W7479,山西,风电,2024,41.65196746587753,False,20.0,True,True
W7480,新疆,风电,2024,31.411204040050507,False,20.0,True,True
W7487,新疆,风电,2024,33.624460995197296,False,20.0,True,True
W7489,山西,风电,2024,39.90476757287979,False,20.0,True,True
W7492,山西,风电,2024,39.88012433052063,False,20.0,True,True
W7493,新疆,风电,2024,30.306330621242523,False,3.8,False,False
W7495,新疆,风电,2024,33.624460995197296,False,20.0,True,True
W7505,新疆,风电,2024,34.175503849983215,False,20.0,True,True
W7508,新疆,风电,2024,30.61565190553665,False,4.2,False,False
W7514,山西,风电,2024,40.177064538002014,False,20.0,True,True
W7515,山西,风电,2024,35.41898488998413,False,20.0,True,True
W7516,新疆,风电,2024,36.15682303905487,False,20.0,True,True
W7520,山西,风电,2024,39.8201510310173,False,20.0,True,True
W7521,山西,风电,2024,32.84757435321808,False,20.0,True,True
W7522,新疆,风电,2024,33.351270854473114,False,20.0,True,True
W7535,山西,风电,2024,40.17212122678757,False,20.0,True,True
W7545,新疆,风电,2024,33.48897725343704,False,20.0,True,True
W7560,新疆,风电,2024,32.84329801797867,False,20.0,True,True
W7567,新疆,风电,2024,35.40914386510849,False,20.0,True,True
W7568,新疆,风电,2024,35.918158292770386,False,20.0,True,True
W7578,新疆,风电,2024,39.71983015537262,False,20.0,True,True
W7592,新疆,风电,2024,36.400286257267,False,20.0,True,True
W7615,新疆,风电,2024,42.4044406414032,False,20.0,True,True
W7644,新疆,风电,2024,40.56393921375275,False,20.0,True,True
W7650,新疆,风电,2024,33.44542533159256,False,20.0,True,True
W7664,新疆,风电,2024,37.71964609622955,False,20.0,True,True
W7683,新疆,风电,2024,37.07057297229767,False,20.0,True,True
W7696,新疆,风电,2024,32.184527814388275,False,20.0,True,True
W7725,新疆,风电,2024,40.30289679765701,False,20.0,True,True
W7727,新疆,风电,2024,37.22080260515213,False,20.0,True,True
W7735,新疆,风电,2024,35.79609900712967,False,20.0,True,True
W7757,新疆,风电,2024,34.2992028594017,False,20.0,True,True
W7776,新疆,风电,2024,38.32157403230667,False,20.0,True,True
W7784,新疆,风电,2024,36.64113610982895,False,20.0,True,True
W7787,新疆,风电,2024,41.14246219396591,False,20.0,True,True
W7789,山西,风电,2024,36.43698334693909,False,20.0,True,True
W7794,山西,风电,2024,41.73701494932175,False,20.0,True,True
W7799,山西,风电,2024,36.386766135692596,False,20.0,True,True
W7806,新疆,风电,2024,34.87304627895355,False,20.0,True,True
W7812,山西,风电,2024,40.65698593854904,False,20.0,True,True
W7816,新疆,风电,2024,33.85199725627899,False,20.0,True,True
W7820,陕西,风电,2024,41.11524939537048,False,20.0,True,True
W7830,山西,风电,2024,40.806782841682434,False,20.0,True,True
W7838,山西,风电,2024,36.270851790905,False,20.0,True,True
W7844,新疆,风电,2024,32.34706699848175,False,20.0,True,True
W7850,山西,风电,2024,37.19903737306595,False,20.0,True,True
W7851,新疆,风电,2024,34.642894864082336,False,20.0,True,True
W7852,山西,风电,2024,37.019548416137695,False,20.0,True,True
W7865,新疆,风电,2024,34.715895652770996,False,20.0,True,True
W7877,山西,风电,2024,41.340300142765045,False,20.0,True,True
W7883,新疆,风电,2024,30.952174365520477,False,20.0,True,True
W7884,山西,风电,2024,41.416907608509064,False,20.0,True,True
W7887,新疆,风电,2024,32.48684138059616,False,20.0,True,True
W7890,新疆,风电,2024,33.52686792612076,False,20.0,True,True
W7909,山西,风电,2024,41.371724009513855,False,20.0,True,True
W7927,新疆,风电,2024,33.16243350505829,False,20.0,True,True
W7935,山西,风电,2024,37.06852287054062,False,20.0,True,True
W7941,山西,风电,2024,37.10187524557114,False,20.0,True,True
W7948,山西,风电,2024,35.477975606918335,False,20.0,True,True
W7953,山西,风电,2024,36.36940956115723,False,20.0,True,True
W7958,山西,风电,2024,32.36310303211212,False,20.0,True,True
W7978,山西,风电,2024,36.305721402168274,False,20.0,True,True
W8000,新疆,风电,2024,42.627970576286316,False,20.0,True,True
W8007,云南,风电,2024,42.55220979452133,False,20.0,True,True
W8045,云南,风电,2024,33.7918683886528,False,20.0,True,True
W8050,云南,风电,2024,33.79186928272247,False,20.0,True,True
W8094,云南,风电,2024,43.11787694692612,False,20.0,True,True
W8095,云南,风电,2024,42.57237106561661,False,20.0,True,True
W8096,云南,风电,2024,33.16005438566208,False,20.0,True,True
W8098,云南,风电,2024,39.25265908241272,False,20.0,True,True
W8111,云南,风电,2024,42.72119611501694,False,20.0,True,True
W8153,云南,风电,2024,39.335305988788605,False,20.0,True,True
W8161,云南,风电,2024,42.814907133579254,False,20.0,True,True
W8162,云南,风电,2024,38.931218683719635,False,20.0,True,True
W8164,云南,风电,2024,42.003108859062195,False,20.0,True,True
W8214,云南,风电,2024,35.31175643205643,False,20.0,True,True
W912,甘肃,风电,2024,34.88047868013382,False,20.0,True,True
W922,甘肃,风电,2024,33.900329768657684,False,20.0,True,True
W925,甘肃,风电,2024,34.87919211387634,False,20.0,True,True
W985,甘肃,风电,2024,33.3889102935791,False,20.0,True,True
W994,甘肃,风电,2024,31.175288558006287,False,20.0,True,True
102,甘肃,光伏,2025,38.571258187294006,False,20.0,True,True
103,甘肃,光伏,2025,40.35934031009674,False,20.0,True,True
104,甘肃,光伏,2025,41.40262395143509,False,20.0,True,True
105,甘肃,光伏,2025,42.137120962142944,False,20.0,True,True
106,甘肃,光伏,2025,39.87375944852829,False,20.0,True,True
107,甘肃,光伏,2025,39.78496491909027,False,20.0,True,True
108,甘肃,光伏,2025,39.75133717060089,False,20.0,True,True
109,甘肃,光伏,2025,42.122626304626465,False,20.0,True,True
110,甘肃,光伏,2025,40.34237802028656,False,20.0,True,True
111,甘肃,光伏,2025,40.4019758105278,False,20.0,True,True
112,甘肃,光伏,2025,40.35500764846802,False,20.0,True,True
113,甘肃,光伏,2025,42.9148605465889,False,20.0,True,True
114,甘肃,光伏,2025,40.46016186475754,False,20.0,True,True
115,甘肃,光伏,2025,40.412498116493225,False,20.0,True,True
116,甘肃,光伏,2025,40.112106800079346,False,20.0,True,True
117,甘肃,光伏,2025,40.3551122546196,False,20.0,True,True
118,甘肃,光伏,2025,40.40991961956024,False,20.0,True,True
119,甘肃,光伏,2025,38.38444232940674,False,20.0,True,True
121,甘肃,光伏,2025,40.951485335826874,False,20.0,True,True
122,甘肃,光伏,2025,40.965701043605804,False,20.0,True,True
12469,青海,光伏,2025,34.63317632675171,False,20.0,True,True
125,甘肃,光伏,2025,41.33546322584152,False,20.0,True,True
126,甘肃,光伏,2025,39.435608983039856,False,20.0,True,True
130,甘肃,光伏,2025,39.527715146541595,False,20.0,True,True
131,甘肃,光伏,2025,39.73179817199707,False,20.0,True,True
142,甘肃,光伏,2025,38.33926051855087,False,20.0,True,True
146,甘肃,光伏,2025,40.109353959560394,False,20.0,True,True
149,甘肃,光伏,2025,38.20412367582321,False,20.0,True,True
151,甘肃,光伏,2025,38.31795394420624,False,20.0,True,True
154,甘肃,光伏,2025,40.10386526584625,False,20.0,True,True
155,甘肃,光伏,2025,40.50159573554993,False,20.0,True,True
156,甘肃,光伏,2025,40.501661002635956,False,20.0,True,True
157,甘肃,光伏,2025,41.11732006072998,False,20.0,True,True
158,甘肃,光伏,2025,38.936612606048584,False,20.0,True,True
159,甘肃,光伏,2025,39.07549649477005,False,20.0,True,True
161,甘肃,光伏,2025,41.42411381006241,False,20.0,True,True
163,甘肃,光伏,2025,41.333612501621246,False,20.0,True,True
170,甘肃,光伏,2025,39.042743146419525,False,20.0,True,True
171,甘肃,光伏,2025,39.306799471378326,False,20.0,True,True
172,甘肃,光伏,2025,39.27789956331253,False,20.0,True,True
175,甘肃,光伏,2025,38.83372038602829,False,20.0,True,True
176,甘肃,光伏,2025,39.421589970588684,False,20.0,True,True
178,甘肃,光伏,2025,38.66883784532547,False,20.0,True,True
179,甘肃,光伏,2025,38.96716922521591,False,20.0,True,True
181,甘肃,光伏,2025,39.6868434548378,False,20.0,True,True
187,甘肃,光伏,2025,37.94335752725601,False,20.0,True,True
188,甘肃,光伏,2025,38.57459396123886,False,20.0,True,True
189,甘肃,光伏,2025,37.92127400636673,False,20.0,True,True
195,甘肃,光伏,2025,41.913650929927826,False,20.0,True,True
199,甘肃,光伏,2025,38.525086641311646,False,20.0,True,True
3107,内蒙古,光伏,2025,42.79384821653366,False,20.0,True,True
3340,内蒙古,光伏,2025,42.707845866680145,False,20.0,True,True
3452,内蒙古,光伏,2025,42.01793164014816,False,20.0,True,True
3523,陕西,光伏,2025,42.996778786182404,False,20.0,True,True
3785,内蒙古,光伏,2025,42.92332738637924,False,20.0,True,True
3808,内蒙古,光伏,2025,43.040155470371246,False,20.0,True,True
3885,内蒙古,光伏,2025,42.66152501106262,False,20.0,True,True
404,甘肃,光伏,2025,39.49129343032837,False,20.0,True,True
4040,青海,光伏,2025,30.701291263103485,False,3.9,False,False
405,甘肃,光伏,2025,39.11464869976044,False,20.0,True,True
4077,陕西,光伏,2025,42.538385689258575,False,20.0,True,True
4117,青海,光伏,2025,30.701291263103485,False,3.9,False,False
4127,青海,光伏,2025,30.678760707378387,False,3.9,False,False
4128,青海,光伏,2025,30.678760707378387,False,3.9,False,False
4129,青海,光伏,2025,30.678760707378387,False,3.9,False,False
413,甘肃,光伏,2025,40.313774049282074,False,20.0,True,True
4130,青海,光伏,2025,28.101270496845245,False,1.1,False,False
4132,青海,光伏,2025,28.101270496845245,False,1.1,False,False
4133,青海,光伏,2025,28.101270496845245,False,1.1,False,False
4134,青海,光伏,2025,28.23353111743927,False,1.3,False,False
4135,青海,光伏,2025,28.23353111743927,False,1.3,False,False
4139,青海,光伏,2025,27.929711937904358,False,1.0,False,False
4141,青海,光伏,2025,30.528794825077057,False,3.7,False,False
4144,青海,光伏,2025,28.408832252025604,False,1.4,False,False
4145,青海,光伏,2025,28.408832252025604,False,1.4,False,False
4147,青海,光伏,2025,28.0808624625206,False,1.1,False,False
4148,青海,光伏,2025,28.0808624625206,False,1.1,False,False
4151,青海,光伏,2025,27.91828751564026,False,1.0,False,False
4154,青海,光伏,2025,30.982353687286377,False,20.0,True,True
4161,青海,光伏,2025,30.895754992961884,False,4.5,False,False
4163,青海,光伏,2025,30.98020076751709,False,20.0,True,True
4167,青海,光伏,2025,30.97187340259552,False,20.0,True,True
4173,青海,光伏,2025,31.32303088903427,False,20.0,True,True
4176,青海,光伏,2025,30.93512535095215,False,4.6,False,False
4179,青海,光伏,2025,30.982353687286377,False,20.0,True,True
418,甘肃,光伏,2025,42.70244926214218,False,20.0,True,True
4180,青海,光伏,2025,30.982353687286377,False,20.0,True,True
4191,青海,光伏,2025,34.20826256275177,False,20.0,True,True
4192,青海,光伏,2025,29.831601977348328,False,3.0,False,False
4193,青海,光伏,2025,29.831601977348328,False,3.0,False,False
4195,青海,光伏,2025,29.80237752199173,False,3.0,False,False
4197,青海,光伏,2025,31.946889460086823,False,20.0,True,True
4199,青海,光伏,2025,29.82202559709549,False,3.0,False,False
420,甘肃,光伏,2025,42.71789163351059,False,20.0,True,True
422,甘肃,光伏,2025,40.12084364891052,False,20.0,True,True
4242,青海,光伏,2025,28.32161396741867,False,1.3,False,False
4250,青海,光伏,2025,28.32161396741867,False,1.3,False,False
428,甘肃,光伏,2025,39.509409964084625,False,20.0,True,True
4298,青海,光伏,2025,28.18571448326111,False,1.2,False,False
430,甘肃,光伏,2025,39.46351736783981,False,20.0,True,True
4309,青海,光伏,2025,30.899992883205414,False,4.5,False,False
4326,青海,光伏,2025,30.97875326871872,False,20.0,True,True
433,甘肃,光伏,2025,37.905679643154144,False,20.0,True,True
435,甘肃,光伏,2025,42.72697180509567,False,20.0,True,True
4364,陕西,光伏,2025,42.71613031625748,False,20.0,True,True
4369,陕西,光伏,2025,41.43559813499451,False,20.0,True,True
437,甘肃,光伏,2025,37.83840090036392,False,20.0,True,True
438,甘肃,光伏,2025,39.635160863399506,False,20.0,True,True
440,甘肃,光伏,2025,37.84489631652832,False,20.0,True,True
4420,青海,光伏,2025,28.32161396741867,False,1.3,False,False
443,甘肃,光伏,2025,39.45813328027725,False,20.0,True,True
4456,青海,光伏,2025,28.905388712882996,False,1.9,False,False
447,甘肃,光伏,2025,41.3102924823761,False,20.0,True,True
4479,青海,光伏,2025,28.59441250562668,False,1.6,False,False
4535,青海,光伏,2025,30.97875326871872,False,20.0,True,True
4541,青海,光伏,2025,30.92926025390625,False,4.6,False,False
457,甘肃,光伏,2025,42.43485510349274,False,20.0,True,True
459,甘肃,光伏,2025,38.45008760690689,False,20.0,True,True
4603,青海,光伏,2025,30.989555418491364,False,20.0,True,True
4609,青海,光伏,2025,30.789910554885864,False,4.3,False,False
461,甘肃,光伏,2025,40.70314317941666,False,20.0,True,True
4615,青海,光伏,2025,30.97875326871872,False,20.0,True,True
463,甘肃,光伏,2025,38.45070272684097,False,20.0,True,True
464,甘肃,光伏,2025,38.45070272684097,False,20.0,True,True
4642,青海,光伏,2025,30.789909660816193,False,4.3,False,False
465,甘肃,光伏,2025,43.15199822187424,False,20.0,True,True
466,甘肃,光伏,2025,40.78159421682358,False,20.0,True,True
467,甘肃,光伏,2025,38.45070272684097,False,20.0,True,True
4670,青海,光伏,2025,30.789910554885864,False,4.3,False,False
4677,青海,光伏,2025,33.95473927259445,False,20.0,True,True
468,甘肃,光伏,2025,38.452091217041016,False,20.0,True,True
4687,青海,光伏,2025,33.95439147949219,False,20.0,True,True
4690,青海,光伏,2025,30.789909660816193,False,4.3,False,False
4693,青海,光伏,2025,33.49635601043701,False,20.0,True,True
470,甘肃,光伏,2025,38.38964492082596,False,20.0,True,True
4709,青海,光伏,2025,32.04996407032013,False,20.0,True,True
4710,青海,光伏,2025,32.38895505666733,False,20.0,True,True
4716,青海,光伏,2025,33.23361128568649,False,20.0,True,True
4718,青海,光伏,2025,33.461320996284485,False,20.0,True,True
4724,青海,光伏,2025,33.461320996284485,False,20.0,True,True
4726,青海,光伏,2025,33.99203717708588,False,20.0,True,True
474,甘肃,光伏,2025,40.7736137509346,False,20.0,True,True
4756,青海,光伏,2025,33.49646955728531,False,20.0,True,True
4766,青海,光伏,2025,31.913843750953674,False,20.0,True,True
4773,青海,光伏,2025,34.38643008470535,False,20.0,True,True
4785,青海,光伏,2025,33.63880276679993,False,20.0,True,True
4795,青海,光伏,2025,30.897404551506042,False,4.1,False,False
4802,青海,光伏,2025,30.988108813762665,False,4.2,False,False
4804,青海,光伏,2025,32.0946478843689,False,20.0,True,True
4809,青海,光伏,2025,30.988108813762665,False,4.2,False,False
4824,青海,光伏,2025,28.536781668663025,False,1.5,False,False
483,甘肃,光伏,2025,38.758676648139954,False,20.0,True,True
4831,青海,光伏,2025,30.988958179950714,False,4.2,False,False
4838,青海,光伏,2025,30.920377671718597,False,4.1,False,False
4843,青海,光伏,2025,30.973327159881592,False,4.2,False,False
485,甘肃,光伏,2025,38.658254742622375,False,20.0,True,True
4850,青海,光伏,2025,30.6281715631485,False,3.8,False,False
4857,青海,光伏,2025,30.6281715631485,False,3.8,False,False
486,甘肃,光伏,2025,40.37214696407318,False,20.0,True,True
4863,青海,光伏,2025,30.6281715631485,False,3.8,False,False
4879,青海,光伏,2025,30.645088255405426,False,3.9,False,False
4882,青海,光伏,2025,30.990421772003174,False,20.0,True,True
4889,青海,光伏,2025,30.928676426410675,False,4.6,False,False
4903,青海,光伏,2025,30.899517238140106,False,4.5,False,False
491,甘肃,光伏,2025,38.63016039133072,False,20.0,True,True
4911,青海,光伏,2025,28.202993273735046,False,1.2,False,False
4928,青海,光伏,2025,28.1473571062088,False,1.2,False,False
495,甘肃,光伏,2025,42.938092052936554,False,20.0,True,True
4957,青海,光伏,2025,30.701291263103485,False,3.9,False,False
4960,青海,光伏,2025,33.752930760383606,False,20.0,True,True
4980,青海,光伏,2025,31.000739336013794,False,4.3,False,False
4981,青海,光伏,2025,31.090132892131805,False,4.4,False,False
4983,青海,光伏,2025,31.03013277053833,False,4.3,False,False
4986,青海,光伏,2025,31.090132892131805,False,4.4,False,False
4987,青海,光伏,2025,30.94838708639145,False,4.2,False,False
4997,青海,光伏,2025,31.313214898109436,False,20.0,True,True
4998,青海,光伏,2025,30.72443336248398,False,4.0,False,False
518,甘肃,光伏,2025,38.094607293605804,False,20.0,True,True
521,甘肃,光伏,2025,39.15792256593704,False,20.0,True,True
525,甘肃,光伏,2025,41.38164907693863,False,20.0,True,True
527,甘肃,光伏,2025,41.021482050418854,False,20.0,True,True
528,甘肃,光伏,2025,40.88192582130432,False,20.0,True,True
533,甘肃,光伏,2025,39.94797706604004,False,20.0,True,True
537,甘肃,光伏,2025,43.299551010131836,False,20.0,True,True
540,甘肃,光伏,2025,39.947975277900696,False,20.0,True,True
541,甘肃,光伏,2025,39.744552075862885,False,20.0,True,True
542,甘肃,光伏,2025,40.98822087049484,False,20.0,True,True
544,甘肃,光伏,2025,40.3315544128418,False,20.0,True,True
545,甘肃,光伏,2025,41.014185547828674,False,20.0,True,True
555,甘肃,光伏,2025,40.657081604003906,False,20.0,True,True
556,甘肃,光伏,2025,43.07250738143921,False,20.0,True,True
6001,新疆,光伏,2025,36.916329860687256,False,20.0,True,True
6004,新疆,光伏,2025,36.76622807979584,False,20.0,True,True
6005,新疆,光伏,2025,36.809601187705994,False,20.0,True,True
6006,新疆,光伏,2025,37.6089271903038,False,20.0,True,True
6007,新疆,光伏,2025,38.82567286491394,False,20.0,True,True
6014,新疆,光伏,2025,36.76523566246033,False,20.0,True,True
6016,新疆,光伏,2025,36.52005046606064,False,20.0,True,True
6017,新疆,光伏,2025,34.09346133470535,False,20.0,True,True
6020,新疆,光伏,2025,36.981096267700195,False,20.0,True,True
6021,新疆,光伏,2025,36.822873651981354,False,20.0,True,True
6022,新疆,光伏,2025,36.89074605703354,False,20.0,True,True
6024,新疆,光伏,2025,36.90484285354614,False,20.0,True,True
6025,新疆,光伏,2025,36.52005046606064,False,20.0,True,True
6026,新疆,光伏,2025,40.11730581521988,False,20.0,True,True
6027,新疆,光伏,2025,36.52005046606064,False,20.0,True,True
6030,新疆,光伏,2025,34.19445097446442,False,20.0,True,True
6031,新疆,光伏,2025,33.047064542770386,False,20.0,True,True
6032,新疆,光伏,2025,33.047064542770386,False,20.0,True,True
6035,新疆,光伏,2025,36.82896673679352,False,20.0,True,True
6036,新疆,光伏,2025,33.248239159584045,False,20.0,True,True
6037,新疆,光伏,2025,35.41785389184952,False,20.0,True,True
6047,新疆,光伏,2025,37.034267485141754,False,20.0,True,True
6056,新疆,光伏,2025,39.26699548959732,False,20.0,True,True
6057,新疆,光伏,2025,34.3046236038208,False,20.0,True,True
6059,新疆,光伏,2025,35.60095399618149,False,20.0,True,True
6060,新疆,光伏,2025,34.35494542121887,False,20.0,True,True
6061,新疆,光伏,2025,36.40284776687622,False,20.0,True,True
6063,新疆,光伏,2025,35.0729700922966,False,20.0,True,True
6066,新疆,光伏,2025,34.40428912639618,False,20.0,True,True
6067,新疆,光伏,2025,33.16111117601395,False,20.0,True,True
6068,新疆,光伏,2025,35.64820468425751,False,20.0,True,True
6069,新疆,光伏,2025,33.28821390867233,False,20.0,True,True
6070,新疆,光伏,2025,33.28831225633621,False,20.0,True,True
6076,新疆,光伏,2025,34.50216203927994,False,20.0,True,True
6078,新疆,光伏,2025,39.37062442302704,False,20.0,True,True
6079,新疆,光伏,2025,39.73657429218292,False,20.0,True,True
6081,新疆,光伏,2025,36.975871324539185,False,20.0,True,True
6082,新疆,光伏,2025,32.432581186294556,False,20.0,True,True
6083,新疆,光伏,2025,33.27677071094513,False,20.0,True,True
6085,新疆,光伏,2025,35.83891153335571,False,20.0,True,True
6089,新疆,光伏,2025,32.3193821310997,False,20.0,True,True
6091,新疆,光伏,2025,38.002972304821014,False,20.0,True,True
6092,新疆,光伏,2025,39.000930190086365,False,20.0,True,True
6096,新疆,光伏,2025,37.6089271903038,False,20.0,True,True
6097,新疆,光伏,2025,36.46296948194504,False,20.0,True,True
6098,新疆,光伏,2025,33.901152312755585,False,20.0,True,True
6099,新疆,光伏,2025,39.40085560083389,False,20.0,True,True
6100,新疆,光伏,2025,36.6972541809082,False,20.0,True,True
6101,新疆,光伏,2025,33.51267993450165,False,20.0,True,True
6102,新疆,光伏,2025,32.47518450021744,False,20.0,True,True
6103,新疆,光伏,2025,37.1924489736557,False,20.0,True,True
6104,新疆,光伏,2025,34.622522592544556,False,20.0,True,True
6105,新疆,光伏,2025,39.40949410200119,False,20.0,True,True
6106,新疆,光伏,2025,36.49351269006729,False,20.0,True,True
6108,新疆,光伏,2025,38.96176904439926,False,20.0,True,True
6110,新疆,光伏,2025,39.02160733938217,False,20.0,True,True
6111,新疆,光伏,2025,32.634019553661346,False,20.0,True,True
6114,新疆,光伏,2025,32.31744468212128,False,20.0,True,True
6117,甘肃,光伏,2025,40.05072355270386,False,20.0,True,True
6120,新疆,光伏,2025,34.88565534353256,False,20.0,True,True
6123,新疆,光伏,2025,37.49544471502304,False,20.0,True,True
6124,新疆,光伏,2025,32.31744468212128,False,20.0,True,True
6125,新疆,光伏,2025,38.25398415327072,False,20.0,True,True
6129,新疆,光伏,2025,33.62406849861145,False,20.0,True,True
6133,新疆,光伏,2025,32.18110799789429,False,20.0,True,True
6140,新疆,光伏,2025,34.808505177497864,False,20.0,True,True
6142,新疆,光伏,2025,36.4563113451004,False,20.0,True,True
6143,新疆,光伏,2025,32.36622512340546,False,20.0,True,True
6149,新疆,光伏,2025,33.66244286298752,False,20.0,True,True
6151,新疆,光伏,2025,37.634417116642,False,20.0,True,True
6158,新疆,光伏,2025,37.58967965841293,False,20.0,True,True
6165,新疆,光伏,2025,33.644344210624695,False,20.0,True,True
6167,新疆,光伏,2025,37.62587696313858,False,20.0,True,True
6169,新疆,光伏,2025,36.6773995757103,False,20.0,True,True
6172,新疆,光伏,2025,38.051714301109314,False,20.0,True,True
6175,新疆,光伏,2025,34.665293991565704,False,20.0,True,True
6176,新疆,光伏,2025,37.968511283397675,False,20.0,True,True
6178,新疆,光伏,2025,31.002936959266663,False,20.0,True,True
6183,新疆,光伏,2025,34.781369268894196,False,20.0,True,True
6186,新疆,光伏,2025,34.665293991565704,False,20.0,True,True
6189,新疆,光伏,2025,31.346995532512665,False,20.0,True,True
6190,新疆,光伏,2025,34.952254593372345,False,20.0,True,True
6191,新疆,光伏,2025,34.77434456348419,False,20.0,True,True
6205,新疆,光伏,2025,37.05705106258392,False,20.0,True,True
6212,新疆,光伏,2025,37.592114210128784,False,20.0,True,True
6214,新疆,光伏,2025,33.623994290828705,False,20.0,True,True
6215,新疆,光伏,2025,31.13189935684204,False,20.0,True,True
6219,新疆,光伏,2025,33.245585560798645,False,20.0,True,True
6230,新疆,光伏,2025,31.271570026874542,False,20.0,True,True
6251,新疆,光伏,2025,37.72371053695679,False,20.0,True,True
6253,新疆,光伏,2025,33.623994290828705,False,20.0,True,True
6259,新疆,光伏,2025,33.67188334465027,False,20.0,True,True
6260,新疆,光伏,2025,37.634859681129456,False,20.0,True,True
6261,新疆,光伏,2025,34.80776399374008,False,20.0,True,True
6263,新疆,光伏,2025,36.89046710729599,False,20.0,True,True
6268,新疆,光伏,2025,33.77718776464462,False,20.0,True,True
6270,新疆,光伏,2025,32.299143970012665,False,20.0,True,True
6272,新疆,光伏,2025,36.50124102830887,False,20.0,True,True
6276,新疆,光伏,2025,32.5839301943779,False,20.0,True,True
6277,新疆,光伏,2025,37.607228457927704,False,20.0,True,True
6280,新疆,光伏,2025,37.25915998220444,False,20.0,True,True
6286,新疆,光伏,2025,37.43378609418869,False,20.0,True,True
6288,新疆,光伏,2025,34.45530742406845,False,20.0,True,True
6289,新疆,光伏,2025,36.87476545572281,False,20.0,True,True
6290,新疆,光伏,2025,37.75829941034317,False,20.0,True,True
6294,新疆,光伏,2025,34.75240856409073,False,20.0,True,True
6295,新疆,光伏,2025,32.050965428352356,False,20.0,True,True
6321,新疆,光伏,2025,33.75724285840988,False,20.0,True,True
6322,新疆,光伏,2025,33.110591769218445,False,20.0,True,True
6323,新疆,光伏,2025,31.84710055589676,False,20.0,True,True
6324,新疆,光伏,2025,37.67373472452164,False,20.0,True,True
6325,新疆,光伏,2025,37.67373472452164,False,20.0,True,True
6326,新疆,光伏,2025,37.67393499612808,False,20.0,True,True
6327,新疆,光伏,2025,37.67393499612808,False,20.0,True,True
6328,新疆,光伏,2025,31.83333456516266,False,20.0,True,True
6329,新疆,光伏,2025,37.495408058166504,False,20.0,True,True
6331,新疆,光伏,2025,37.53582090139389,False,20.0,True,True
6332,新疆,光伏,2025,37.6604300737381,False,20.0,True,True
6334,新疆,光伏,2025,34.580703377723694,False,20.0,True,True
6335,新疆,光伏,2025,37.645703852176666,False,20.0,True,True
6336,新疆,光伏,2025,37.665246427059174,False,20.0,True,True
6337,新疆,光伏,2025,34.573901295661926,False,20.0,True,True
6339,新疆,光伏,2025,37.72371053695679,False,20.0,True,True
6341,新疆,光伏,2025,37.69046813249588,False,20.0,True,True
6342,新疆,光伏,2025,38.14328134059906,False,20.0,True,True
6344,新疆,光伏,2025,35.15004873275757,False,20.0,True,True
6345,新疆,光伏,2025,36.80525600910187,False,20.0,True,True
6347,新疆,光伏,2025,38.090512454509735,False,20.0,True,True
6349,新疆,光伏,2025,37.586132884025574,False,20.0,True,True
6350,新疆,光伏,2025,34.61198329925537,False,20.0,True,True
6351,新疆,光伏,2025,39.64107781648636,False,20.0,True,True
6352,新疆,光伏,2025,35.79110562801361,False,20.0,True,True
6353,新疆,光伏,2025,38.887135684490204,False,20.0,True,True
6356,新疆,光伏,2025,36.772350668907166,False,20.0,True,True
6358,新疆,光伏,2025,33.82007449865341,False,20.0,True,True
6360,新疆,光伏,2025,33.82007449865341,False,20.0,True,True
6361,新疆,光伏,2025,34.09617394208908,False,20.0,True,True
6362,新疆,光伏,2025,33.823267221450806,False,20.0,True,True
6363,新疆,光伏,2025,38.665030896663666,False,20.0,True,True
6364,新疆,光伏,2025,36.42957150936127,False,20.0,True,True
6365,新疆,光伏,2025,33.889009952545166,False,20.0,True,True
6366,甘肃,光伏,2025,42.739615738391876,False,20.0,True,True
6367,新疆,光伏,2025,37.687538266181946,False,20.0,True,True
6368,新疆,光伏,2025,38.1012824177742,False,20.0,True,True
6369,新疆,光伏,2025,38.906143605709076,False,20.0,True,True
6371,新疆,光伏,2025,37.07619488239288,False,20.0,True,True
6372,新疆,光伏,2025,34.229021072387695,False,20.0,True,True
6374,新疆,光伏,2025,34.20671582221985,False,20.0,True,True
6375,新疆,光伏,2025,34.241723120212555,False,20.0,True,True
6380,新疆,光伏,2025,36.063019931316376,False,20.0,True,True
6381,新疆,光伏,2025,38.82567286491394,False,20.0,True,True
6385,新疆,光伏,2025,34.83316361904144,False,20.0,True,True
6386,新疆,光伏,2025,36.173102259635925,False,20.0,True,True
6387,新疆,光伏,2025,31.958018839359283,False,20.0,True,True
6388,新疆,光伏,2025,31.192151606082916,False,20.0,True,True
6389,新疆,光伏,2025,33.70624601840973,False,20.0,True,True
6394,新疆,光伏,2025,32.27802872657776,False,20.0,True,True
6395,新疆,光伏,2025,37.351627349853516,False,20.0,True,True
6402,新疆,光伏,2025,37.72371053695679,False,20.0,True,True
6403,新疆,光伏,2025,37.39061504602432,False,20.0,True,True
6405,新疆,光伏,2025,34.40428912639618,False,20.0,True,True
6406,新疆,光伏,2025,37.0734903216362,False,20.0,True,True
6407,新疆,光伏,2025,36.281008422374725,False,20.0,True,True
6411,新疆,光伏,2025,34.85289394855499,False,20.0,True,True
6412,新疆,光伏,2025,37.606642842292786,False,20.0,True,True
6414,新疆,光伏,2025,38.77816557884216,False,20.0,True,True
6415,新疆,光伏,2025,31.09350621700287,False,20.0,True,True
6417,新疆,光伏,2025,34.837622344493866,False,20.0,True,True
6418,新疆,光伏,2025,38.49835753440857,False,20.0,True,True
6419,新疆,光伏,2025,37.606642842292786,False,20.0,True,True
6420,新疆,光伏,2025,36.15263968706131,False,20.0,True,True
6423,新疆,光伏,2025,36.08948618173599,False,20.0,True,True
6424,新疆,光伏,2025,36.07947438955307,False,20.0,True,True
6427,新疆,光伏,2025,37.39523112773895,False,20.0,True,True
6428,新疆,光伏,2025,34.14328873157501,False,20.0,True,True
6429,新疆,光伏,2025,34.85550910234451,False,20.0,True,True
6430,新疆,光伏,2025,36.76622807979584,False,20.0,True,True
6434,新疆,光伏,2025,36.078479290008545,False,20.0,True,True
6435,新疆,光伏,2025,32.92055547237396,False,20.0,True,True
6436,新疆,光伏,2025,35.47625809907913,False,20.0,True,True
6437,新疆,光伏,2025,36.943405866622925,False,20.0,True,True
6440,新疆,光伏,2025,36.80662304162979,False,20.0,True,True
6443,新疆,光伏,2025,37.23560303449631,False,20.0,True,True
6444,新疆,光伏,2025,36.9434916973114,False,20.0,True,True
6447,新疆,光伏,2025,34.32943403720856,False,20.0,True,True
6448,新疆,光伏,2025,36.305244863033295,False,20.0,True,True
6451,新疆,光伏,2025,34.30351406335831,False,20.0,True,True
6453,新疆,光伏,2025,37.00375020503998,False,20.0,True,True
6456,新疆,光伏,2025,36.305244863033295,False,20.0,True,True
6460,新疆,光伏,2025,37.32570916414261,False,20.0,True,True
6465,新疆,光伏,2025,32.47715502977371,False,20.0,True,True
6467,新疆,光伏,2025,33.480535447597504,False,20.0,True,True
6468,新疆,光伏,2025,32.44595646858215,False,20.0,True,True
6475,新疆,光伏,2025,34.271146059036255,False,20.0,True,True
6476,新疆,光伏,2025,32.44595646858215,False,20.0,True,True
6477,新疆,光伏,2025,36.42094373703003,False,20.0,True,True
6480,新疆,光伏,2025,35.54954677820206,False,20.0,True,True
6485,新疆,光伏,2025,33.342144191265106,False,20.0,True,True
6487,新疆,光伏,2025,34.740856289863586,False,20.0,True,True
6488,新疆,光伏,2025,36.39889866113663,False,20.0,True,True
6489,新疆,光伏,2025,36.145718693733215,False,20.0,True,True
6493,新疆,光伏,2025,36.147522032260895,False,20.0,True,True
6494,新疆,光伏,2025,36.41201466321945,False,20.0,True,True
6496,新疆,光伏,2025,34.22176480293274,False,20.0,True,True
6498,新疆,光伏,2025,37.79155343770981,False,20.0,True,True
6502,新疆,光伏,2025,34.93523418903351,False,20.0,True,True
6505,新疆,光伏,2025,36.427345275878906,False,20.0,True,True
6507,新疆,光伏,2025,38.656472861766815,False,20.0,True,True
6508,新疆,光伏,2025,36.16916388273239,False,20.0,True,True
6514,新疆,光伏,2025,36.40983134508133,False,20.0,True,True
6516,新疆,光伏,2025,39.32855039834976,False,20.0,True,True
6518,新疆,光伏,2025,33.507102727890015,False,20.0,True,True
6522,新疆,光伏,2025,36.35724663734436,False,20.0,True,True
6528,新疆,光伏,2025,33.349308371543884,False,20.0,True,True
6529,新疆,光伏,2025,39.32855039834976,False,20.0,True,True
6531,新疆,光伏,2025,38.56439083814621,False,20.0,True,True
6532,新疆,光伏,2025,36.28897279500961,False,20.0,True,True
6536,新疆,光伏,2025,33.28831225633621,False,20.0,True,True
6537,新疆,光伏,2025,37.80724078416824,False,20.0,True,True
6538,新疆,光伏,2025,34.18870210647583,False,20.0,True,True
6539,新疆,光伏,2025,36.28897279500961,False,20.0,True,True
6546,新疆,光伏,2025,36.274879574775696,False,20.0,True,True
6548,新疆,光伏,2025,34.18870210647583,False,20.0,True,True
6552,新疆,光伏,2025,34.25668090581894,False,20.0,True,True
6553,新疆,光伏,2025,35.79185664653778,False,20.0,True,True
6557,新疆,光伏,2025,37.4473911523819,False,20.0,True,True
6559,新疆,光伏,2025,33.46279710531235,False,20.0,True,True
6560,新疆,光伏,2025,36.67398422956467,False,20.0,True,True
6564,新疆,光伏,2025,32.1748360991478,False,20.0,True,True
6565,新疆,光伏,2025,32.174835205078125,False,20.0,True,True
6566,新疆,光伏,2025,34.315919280052185,False,20.0,True,True
6568,新疆,光伏,2025,35.634997487068176,False,20.0,True,True
657,甘肃,光伏,2025,38.29634070396423,False,20.0,True,True
6574,新疆,光伏,2025,34.163048565387726,False,20.0,True,True
6576,新疆,光伏,2025,31.71997994184494,False,20.0,True,True
6578,新疆,光伏,2025,33.865123987197876,False,20.0,True,True
6579,新疆,光伏,2025,33.48247557878494,False,20.0,True,True
6582,新疆,光伏,2025,33.82545679807663,False,20.0,True,True
6585,新疆,光伏,2025,36.271879971027374,False,20.0,True,True
6590,新疆,光伏,2025,35.01060426235199,False,20.0,True,True
6597,新疆,光伏,2025,37.664277255535126,False,20.0,True,True
6598,新疆,光伏,2025,33.82507413625717,False,20.0,True,True
6602,新疆,光伏,2025,32.73116648197174,False,20.0,True,True
6605,新疆,光伏,2025,37.42753118276596,False,20.0,True,True
6606,新疆,光伏,2025,36.15329682826996,False,20.0,True,True
6607,新疆,光伏,2025,31.872443854808807,False,20.0,True,True
6609,新疆,光伏,2025,34.2707222700119,False,20.0,True,True
6616,新疆,光伏,2025,34.74378168582916,False,20.0,True,True
6619,新疆,光伏,2025,37.80724078416824,False,20.0,True,True
6625,新疆,光伏,2025,32.379304468631744,False,20.0,True,True
6626,新疆,光伏,2025,36.400859355926514,False,20.0,True,True
6628,新疆,光伏,2025,31.83287501335144,False,20.0,True,True
663,甘肃,光伏,2025,38.29634070396423,False,20.0,True,True
6632,新疆,光伏,2025,39.833988547325134,False,20.0,True,True
6633,新疆,光伏,2025,37.80724078416824,False,20.0,True,True
6634,新疆,光伏,2025,31.929118931293488,False,20.0,True,True
6635,新疆,光伏,2025,37.646014988422394,False,20.0,True,True
6638,新疆,光伏,2025,32.96866983175278,False,20.0,True,True
6641,新疆,光伏,2025,36.78819715976715,False,20.0,True,True
6643,新疆,光伏,2025,37.60531783103943,False,20.0,True,True
6644,新疆,光伏,2025,33.917314410209656,False,20.0,True,True
6650,新疆,光伏,2025,36.446664333343506,False,20.0,True,True
6652,新疆,光伏,2025,39.78370875120163,False,20.0,True,True
6654,新疆,光伏,2025,34.695106744766235,False,20.0,True,True
6657,新疆,光伏,2025,36.446664333343506,False,20.0,True,True
6659,新疆,光伏,2025,36.768145859241486,False,20.0,True,True
6661,新疆,光伏,2025,37.65134006738663,False,20.0,True,True
6666,新疆,光伏,2025,33.80830317735672,False,20.0,True,True
6668,新疆,光伏,2025,39.7408390045166,False,20.0,True,True
6669,新疆,光伏,2025,34.032050371170044,False,20.0,True,True
6672,新疆,光伏,2025,31.953827440738678,False,20.0,True,True
6673,新疆,光伏,2025,39.74476486444473,False,20.0,True,True
6675,新疆,光伏,2025,33.77718776464462,False,20.0,True,True
668,甘肃,光伏,2025,42.70179659128189,False,20.0,True,True
6684,新疆,光伏,2025,37.636777460575104,False,20.0,True,True
6685,新疆,光伏,2025,36.56424254179001,False,20.0,True,True
6693,新疆,光伏,2025,36.37101083993912,False,20.0,True,True
6694,新疆,光伏,2025,37.72371053695679,False,20.0,True,True
6699,新疆,光伏,2025,36.37101083993912,False,20.0,True,True
6701,新疆,光伏,2025,38.236508667469025,False,20.0,True,True
6704,新疆,光伏,2025,37.620205879211426,False,20.0,True,True
6707,新疆,光伏,2025,35.71070194244385,False,20.0,True,True
6720,新疆,光伏,2025,32.642429172992706,False,20.0,True,True
6723,新疆,光伏,2025,36.83630168437958,False,20.0,True,True
6728,新疆,光伏,2025,34.496973752975464,False,20.0,True,True
6731,新疆,光伏,2025,37.108274102211,False,20.0,True,True
6733,新疆,光伏,2025,37.62705355882645,False,20.0,True,True
6736,新疆,光伏,2025,34.496973752975464,False,20.0,True,True
6738,新疆,光伏,2025,36.92750930786133,False,20.0,True,True
6739,新疆,光伏,2025,34.455221593379974,False,20.0,True,True
6740,新疆,光伏,2025,34.492446184158325,False,20.0,True,True
6741,新疆,光伏,2025,32.474306523799896,False,20.0,True,True
6745,新疆,光伏,2025,33.87665122747421,False,20.0,True,True
6747,新疆,光伏,2025,33.026550114154816,False,20.0,True,True
6750,新疆,光伏,2025,37.60813504457474,False,20.0,True,True
6753,新疆,光伏,2025,33.26971113681793,False,20.0,True,True
6755,新疆,光伏,2025,31.752435564994812,False,20.0,True,True
6757,新疆,光伏,2025,37.62601375579834,False,20.0,True,True
6760,新疆,光伏,2025,33.20516645908356,False,20.0,True,True
6764,新疆,光伏,2025,36.18267685174942,False,20.0,True,True
6766,新疆,光伏,2025,35.185013115406036,False,20.0,True,True
6768,新疆,光伏,2025,34.661845564842224,False,20.0,True,True
6769,新疆,光伏,2025,38.808006048202515,False,20.0,True,True
6774,新疆,光伏,2025,32.45466202497482,False,20.0,True,True
6777,新疆,光伏,2025,31.70660376548767,False,20.0,True,True
678,甘肃,光伏,2025,38.62787425518036,False,20.0,True,True
6782,新疆,光伏,2025,32.45466202497482,False,20.0,True,True
6784,新疆,光伏,2025,38.102024495601654,False,20.0,True,True
6785,新疆,光伏,2025,34.02195364236832,False,20.0,True,True
6790,新疆,光伏,2025,32.82294183969498,False,20.0,True,True
6792,新疆,光伏,2025,33.52777272462845,False,20.0,True,True
6793,新疆,光伏,2025,32.33732610940933,False,20.0,True,True
6794,新疆,光伏,2025,38.43731224536896,False,20.0,True,True
6799,新疆,光伏,2025,31.539063155651093,False,20.0,True,True
6801,新疆,光伏,2025,36.2768018245697,False,20.0,True,True
6802,新疆,光伏,2025,32.123329639434814,False,20.0,True,True
6803,新疆,光伏,2025,39.86258536577225,False,20.0,True,True
6804,新疆,光伏,2025,35.24220496416092,False,20.0,True,True
6805,新疆,光伏,2025,39.1521030664444,False,20.0,True,True
6806,新疆,光伏,2025,35.222713351249695,False,20.0,True,True
6809,新疆,光伏,2025,37.13285654783249,False,20.0,True,True
6811,新疆,光伏,2025,36.793056428432465,False,20.0,True,True
6813,新疆,光伏,2025,34.67212826013565,False,20.0,True,True
6814,新疆,光伏,2025,38.27761620283127,False,20.0,True,True
6815,新疆,光伏,2025,35.84668904542923,False,20.0,True,True
6816,新疆,光伏,2025,38.27761620283127,False,20.0,True,True
6819,新疆,光伏,2025,31.53288871049881,False,20.0,True,True
6820,新疆,光伏,2025,36.87110513448715,False,20.0,True,True
6823,新疆,光伏,2025,37.18068301677704,False,20.0,True,True
6825,新疆,光伏,2025,38.27761620283127,False,20.0,True,True
6830,新疆,光伏,2025,37.860769629478455,False,20.0,True,True
6831,新疆,光伏,2025,31.73791766166687,False,20.0,True,True
6832,新疆,光伏,2025,35.64030021429062,False,20.0,True,True
6834,新疆,光伏,2025,36.70999467372894,False,20.0,True,True
6838,新疆,光伏,2025,34.4794687628746,False,20.0,True,True
6839,新疆,光伏,2025,34.51258420944214,False,20.0,True,True
684,甘肃,光伏,2025,40.25597870349884,False,20.0,True,True
6842,新疆,光伏,2025,35.909303426742554,False,20.0,True,True
6845,新疆,光伏,2025,33.39566767215729,False,20.0,True,True
6846,新疆,光伏,2025,37.361966371536255,False,20.0,True,True
6848,新疆,光伏,2025,36.70999467372894,False,20.0,True,True
6849,新疆,光伏,2025,37.39080548286438,False,20.0,True,True
685,甘肃,光伏,2025,39.64124143123627,False,20.0,True,True
6852,新疆,光伏,2025,33.39566767215729,False,20.0,True,True
6853,新疆,光伏,2025,36.821546852588654,False,20.0,True,True
6854,新疆,光伏,2025,33.71205389499664,False,20.0,True,True
6859,新疆,光伏,2025,38.54027330875397,False,20.0,True,True
6860,新疆,光伏,2025,32.33232915401459,False,20.0,True,True
6866,新疆,光伏,2025,34.17615741491318,False,20.0,True,True
6867,新疆,光伏,2025,33.71205389499664,False,20.0,True,True
6871,新疆,光伏,2025,37.36855834722519,False,20.0,True,True
6874,新疆,光伏,2025,37.641734182834625,False,20.0,True,True
6881,新疆,光伏,2025,34.412816762924194,False,20.0,True,True
6883,新疆,光伏,2025,34.78869080543518,False,20.0,True,True
6885,新疆,光伏,2025,33.71205389499664,False,20.0,True,True
6886,新疆,光伏,2025,37.076454162597656,False,20.0,True,True
6888,新疆,光伏,2025,37.61481374502182,False,20.0,True,True
6895,新疆,光伏,2025,32.66376346349716,False,20.0,True,True
6898,新疆,光伏,2025,33.35554450750351,False,20.0,True,True
6900,新疆,光伏,2025,39.0782368183136,False,20.0,True,True
6903,新疆,光伏,2025,37.72371053695679,False,20.0,True,True
6907,新疆,光伏,2025,33.032316863536835,False,20.0,True,True
6908,新疆,光伏,2025,39.719998240470886,False,20.0,True,True
6911,新疆,光伏,2025,35.79185664653778,False,20.0,True,True
6912,新疆,光伏,2025,34.170218110084534,False,20.0,True,True
6913,新疆,光伏,2025,32.66125738620758,False,20.0,True,True
6916,新疆,光伏,2025,34.78788435459137,False,20.0,True,True
6918,新疆,光伏,2025,34.211324751377106,False,20.0,True,True
6927,新疆,光伏,2025,36.74436539411545,False,20.0,True,True
6928,新疆,光伏,2025,33.27880561351776,False,20.0,True,True
6934,新疆,光伏,2025,34.14937198162079,False,20.0,True,True
6938,新疆,光伏,2025,34.14483726024628,False,20.0,True,True
6939,新疆,光伏,2025,37.13983207941055,False,20.0,True,True
6945,新疆,光伏,2025,37.13983207941055,False,20.0,True,True
6947,新疆,光伏,2025,36.15408539772034,False,20.0,True,True
6953,新疆,光伏,2025,36.143076717853546,False,20.0,True,True
6954,新疆,光伏,2025,37.080356776714325,False,20.0,True,True
6959,新疆,光伏,2025,32.17063754796982,False,20.0,True,True
6961,新疆,光伏,2025,37.12935358285904,False,20.0,True,True
6963,新疆,光伏,2025,33.63843619823456,False,20.0,True,True
6968,新疆,光伏,2025,37.12935358285904,False,20.0,True,True
6969,新疆,光伏,2025,37.64537662267685,False,20.0,True,True
697,甘肃,光伏,2025,41.261877715587616,False,20.0,True,True
6973,新疆,光伏,2025,37.12935358285904,False,20.0,True,True
6975,新疆,光伏,2025,36.93611204624176,False,20.0,True,True
6977,新疆,光伏,2025,37.607624530792236,False,20.0,True,True
6981,新疆,光伏,2025,35.070050954818726,False,20.0,True,True
699,甘肃,光伏,2025,40.13711929321289,False,20.0,True,True
6990,新疆,光伏,2025,36.91479295492172,False,20.0,True,True
6995,新疆,光伏,2025,36.84905916452408,False,20.0,True,True
6996,新疆,光伏,2025,36.84783786535263,False,20.0,True,True
6997,新疆,光伏,2025,36.92551463842392,False,20.0,True,True
6998,新疆,光伏,2025,32.230041325092316,False,20.0,True,True
6999,新疆,光伏,2025,34.128515124320984,False,20.0,True,True
7000,新疆,光伏,2025,36.916329860687256,False,20.0,True,True
7001,新疆,光伏,2025,36.28897279500961,False,20.0,True,True
710,甘肃,光伏,2025,43.200025856494904,False,20.0,True,True
7114,新疆,光伏,2025,38.077652156353,False,20.0,True,True
7127,新疆,光伏,2025,37.05705106258392,False,20.0,True,True
7145,新疆,光伏,2025,37.05705106258392,False,20.0,True,True
717,甘肃,光伏,2025,40.5430206656456,False,20.0,True,True
720,甘肃,光伏,2025,40.95081388950348,False,20.0,True,True
723,甘肃,光伏,2025,40.081849694252014,False,20.0,True,True
724,甘肃,光伏,2025,41.16191804409027,False,20.0,True,True
7274,新疆,光伏,2025,35.663202702999115,False,20.0,True,True
7284,新疆,光伏,2025,35.664605498313904,False,20.0,True,True
7294,新疆,光伏,2025,35.63506096601486,False,20.0,True,True
731,甘肃,光伏,2025,39.36168372631073,False,20.0,True,True
7325,新疆,光伏,2025,32.16879576444626,False,20.0,True,True
7332,新疆,光伏,2025,32.53852754831314,False,20.0,True,True
734,甘肃,光伏,2025,41.823676228523254,False,20.0,True,True
7341,新疆,光伏,2025,36.46265387535095,False,20.0,True,True
7346,新疆,光伏,2025,36.46265387535095,False,20.0,True,True
736,甘肃,光伏,2025,41.823676228523254,False,20.0,True,True
7361,新疆,光伏,2025,36.17211878299713,False,20.0,True,True
739,甘肃,光伏,2025,41.20765149593353,False,20.0,True,True
742,甘肃,光伏,2025,41.597650945186615,False,20.0,True,True
747,甘肃,光伏,2025,41.268712878227234,False,20.0,True,True
750,甘肃,光伏,2025,39.30573731660843,False,20.0,True,True
754,甘肃,光伏,2025,39.307461977005005,False,20.0,True,True
761,甘肃,光伏,2025,42.350428998470306,False,20.0,True,True
764,甘肃,光伏,2025,39.770149290561676,False,20.0,True,True
766,甘肃,光伏,2025,41.6042098402977,False,20.0,True,True
769,甘肃,光伏,2025,39.79461461305618,False,20.0,True,True
770,甘肃,光伏,2025,38.88178199529648,False,20.0,True,True
772,甘肃,光伏,2025,39.71644163131714,False,20.0,True,True
778,甘肃,光伏,2025,41.241082549095154,False,20.0,True,True
781,甘肃,光伏,2025,39.78387504816055,False,20.0,True,True
782,甘肃,光伏,2025,40.950575172901154,False,20.0,True,True
784,甘肃,光伏,2025,37.98438459634781,False,20.0,True,True
789,甘肃,光伏,2025,39.69723254442215,False,20.0,True,True
797,甘肃,光伏,2025,40.32737284898758,False,20.0,True,True
798,甘肃,光伏,2025,39.14330631494522,False,20.0,True,True
7987,青海,光伏,2025,36.962735652923584,False,20.0,True,True
799,甘肃,光伏,2025,42.599978148937225,False,20.0,True,True
802,甘肃,光伏,2025,42.52275466918945,False,20.0,True,True
803,甘肃,光伏,2025,39.14330631494522,False,20.0,True,True
809,甘肃,光伏,2025,40.2518105506897,False,20.0,True,True
810,甘肃,光伏,2025,40.93698799610138,False,20.0,True,True
814,甘肃,光伏,2025,40.22978872060776,False,20.0,True,True
816,甘肃,光伏,2025,38.91057908535004,False,20.0,True,True
817,甘肃,光伏,2025,42.7201321721077,False,20.0,True,True
821,甘肃,光伏,2025,41.23846650123596,False,20.0,True,True
8216,青海,光伏,2025,33.79395604133606,False,20.0,True,True
8217,青海,光伏,2025,37.40096837282181,False,20.0,True,True
824,甘肃,光伏,2025,42.78201699256897,False,20.0,True,True
827,甘肃,光伏,2025,37.76582032442093,False,20.0,True,True
8273,青海,光伏,2025,36.97323650121689,False,20.0,True,True
8281,青海,光伏,2025,37.044739723205566,False,20.0,True,True
8290,青海,光伏,2025,37.16861307621002,False,20.0,True,True
8305,青海,光伏,2025,37.2068327665329,False,20.0,True,True
8309,青海,光伏,2025,37.14231938123703,False,20.0,True,True
8314,青海,光伏,2025,30.542525947093964,False,3.8,False,False
8317,青海,光伏,2025,37.23468482494354,False,20.0,True,True
832,甘肃,光伏,2025,39.46033716201782,False,20.0,True,True
8326,青海,光伏,2025,30.496927499771118,False,3.7,False,False
8372,青海,光伏,2025,40.1628041267395,False,20.0,True,True
8380,青海,光伏,2025,33.29944431781769,False,20.0,True,True
8398,青海,光伏,2025,39.30548071861267,False,20.0,True,True
8399,青海,光伏,2025,39.46035325527191,False,20.0,True,True
843,甘肃,光伏,2025,39.47270214557648,False,20.0,True,True
8466,青海,光伏,2025,40.1628041267395,False,20.0,True,True
847,甘肃,光伏,2025,40.47953277826309,False,20.0,True,True
848,甘肃,光伏,2025,39.47270214557648,False,20.0,True,True
850,甘肃,光伏,2025,38.25157642364502,False,20.0,True,True
851,甘肃,光伏,2025,37.857063710689545,False,20.0,True,True
854,甘肃,光伏,2025,40.51782488822937,False,20.0,True,True
856,甘肃,光伏,2025,39.4875767827034,False,20.0,True,True
859,甘肃,光伏,2025,39.6718892455101,False,20.0,True,True
8608,西藏,光伏,2025,33.452484011650085,False,4.6,False,False
867,甘肃,光伏,2025,40.64326286315918,False,20.0,True,True
870,甘肃,光伏,2025,41.64881408214569,False,20.0,True,True
8714,青海,光伏,2025,40.1628041267395,False,20.0,True,True
875,甘肃,光伏,2025,38.85389059782028,False,20.0,True,True
876,甘肃,光伏,2025,39.6718892455101,False,20.0,True,True
880,甘肃,光伏,2025,39.461511075496674,False,20.0,True,True
882,甘肃,光伏,2025,40.647224485874176,False,20.0,True,True
883,甘肃,光伏,2025,39.547709226608276,False,20.0,True,True
886,甘肃,光伏,2025,38.60883682966232,False,20.0,True,True
888,甘肃,光伏,2025,39.47270214557648,False,20.0,True,True
894,甘肃,光伏,2025,39.47270214557648,False,20.0,True,True
895,甘肃,光伏,2025,38.20208787918091,False,20.0,True,True
897,甘肃,光伏,2025,39.47270214557648,False,20.0,True,True
906,甘肃,光伏,2025,39.68676209449768,False,20.0,True,True
908,甘肃,光伏,2025,39.54876333475113,False,20.0,True,True
912,甘肃,光伏,2025,39.4354909658432,False,20.0,True,True
918,甘肃,光伏,2025,39.4354909658432,False,20.0,True,True
922,甘肃,光伏,2025,39.6763014793396,False,20.0,True,True
927,甘肃,光伏,2025,40.801975429058075,False,20.0,True,True
931,甘肃,光伏,2025,38.87119263410568,False,20.0,True,True
933,甘肃,光伏,2025,38.89964371919632,False,20.0,True,True
935,甘肃,光伏,2025,38.90988618135452,False,20.0,True,True
943,甘肃,光伏,2025,38.9148885011673,False,20.0,True,True
948,甘肃,光伏,2025,41.0419562458992,False,20.0,True,True
9537,青海,光伏,2025,33.29944431781769,False,20.0,True,True
954,甘肃,光伏,2025,38.92380952835083,False,20.0,True,True
957,甘肃,光伏,2025,38.87022167444229,False,20.0,True,True
9579,青海,光伏,2025,36.962735652923584,False,20.0,True,True
959,甘肃,光伏,2025,38.4145188331604,False,20.0,True,True
961,甘肃,光伏,2025,40.79016923904419,False,20.0,True,True
963,甘肃,光伏,2025,38.43865603208542,False,20.0,True,True
969,甘肃,光伏,2025,41.56086623668671,False,20.0,True,True
970,甘肃,光伏,2025,41.48076295852661,False,20.0,True,True
971,甘肃,光伏,2025,40.36262333393097,False,20.0,True,True
990,甘肃,光伏,2025,42.88672775030136,False,20.0,True,True
991,甘肃,光伏,2025,42.90069937705994,False,20.0,True,True
992,甘肃,光伏,2025,38.58824014663696,False,20.0,True,True
W113,甘肃,风电,2025,40.765870213508606,False,20.0,True,True
W1130,河北,风电,2025,34.93195652961731,False,20.0,True,True
W1134,河北,风电,2025,33.20279806852341,False,20.0,True,True
W114,甘肃,风电,2025,39.56423431634903,False,20.0,True,True
W115,甘肃,风电,2025,35.5809760093689,False,20.0,True,True
W116,甘肃,风电,2025,40.771012008190155,False,20.0,True,True
W117,甘肃,风电,2025,39.954344630241394,False,20.0,True,True
W119,甘肃,风电,2025,41.291546523571014,False,20.0,True,True
W1223,陕西,风电,2025,38.41424256563187,False,20.0,True,True
W123,甘肃,风电,2025,40.559202432632446,False,20.0,True,True
W127,甘肃,风电,2025,38.11939001083374,False,20.0,True,True
W128,甘肃,风电,2025,38.063688576221466,False,20.0,True,True
W1280,河北,风电,2025,30.387818813323975,False,3.8,False,False
W1284,河北,风电,2025,30.79011619091034,False,4.4,False,False
W1287,河北,风电,2025,35.85625916719437,False,20.0,True,True
W129,甘肃,风电,2025,38.380038142204285,False,20.0,True,True
W131,甘肃,风电,2025,40.60322463512421,False,20.0,True,True
W132,甘肃,风电,2025,38.08593392372131,False,20.0,True,True
W133,甘肃,风电,2025,38.148289918899536,False,20.0,True,True
W134,甘肃,风电,2025,38.288177847862244,False,20.0,True,True
W1340,河北,风电,2025,41.047621071338654,False,20.0,True,True
W1356,河北,风电,2025,41.02116823196411,False,20.0,True,True
W1358,河北,风电,2025,36.86880737543106,False,20.0,True,True
W136,甘肃,风电,2025,32.11187571287155,False,20.0,True,True
W1360,河北,风电,2025,32.46225267648697,False,20.0,True,True
W1362,河北,风电,2025,32.46225267648697,False,20.0,True,True
W1389,河北,风电,2025,33.23174089193344,False,20.0,True,True
W141,甘肃,风电,2025,33.48450869321823,False,20.0,True,True
W147,甘肃,风电,2025,42.50450670719147,False,20.0,True,True
W1482,海南,风电,2025,42.21061795949936,False,20.0,True,True
W1483,海南,风电,2025,31.366017758846283,False,20.0,True,True
W1509,河北,风电,2025,32.22692549228668,False,20.0,True,True
W1520,河北,风电,2025,35.53700566291809,False,20.0,True,True
W1529,河北,风电,2025,30.380286276340485,False,3.8,False,False
W1533,河北,风电,2025,35.598221719264984,False,20.0,True,True
W1612,河北,风电,2025,41.97087675333023,False,20.0,True,True
W178,北京,风电,2025,40.2392041683197,False,20.0,True,True
W180,北京,风电,2025,41.58442139625549,False,20.0,True,True
W181,北京,风电,2025,41.46637827157974,False,20.0,True,True
W183,北京,风电,2025,41.58499717712402,False,20.0,True,True
W1866,河北,风电,2025,32.35064148902893,False,20.0,True,True
W1870,山西,风电,2025,39.65140521526337,False,20.0,True,True
W1875,河北,风电,2025,34.98232036828995,False,20.0,True,True
W1941,河北,风电,2025,40.87549299001694,False,20.0,True,True
W2003,河南,风电,2025,42.80588150024414,False,20.0,True,True
W2016,河南,风电,2025,41.96298658847809,False,20.0,True,True
W2023,河南,风电,2025,42.99883782863617,False,20.0,True,True
W2040,河南,风电,2025,42.99883782863617,False,20.0,True,True
W2078,河南,风电,2025,39.98765408992767,False,20.0,True,True
W2206,黑龙江,风电,2025,34.31040734052658,False,20.0,True,True
W2208,黑龙江,风电,2025,35.048226714134216,False,20.0,True,True
W2214,黑龙江,风电,2025,33.86754333972931,False,20.0,True,True
W2237,黑龙江,风电,2025,40.05701690912247,False,20.0,True,True
W2263,河北,风电,2025,30.42086362838745,False,3.9,False,False
W2266,河北,风电,2025,31.208656132221222,False,20.0,True,True
W2269,黑龙江,风电,2025,35.57496875524521,False,20.0,True,True
W2282,黑龙江,风电,2025,31.21328204870224,False,20.0,True,True
W2336,河南,风电,2025,42.0201301574707,False,20.0,True,True
W2337,河南,风电,2025,40.32413363456726,False,20.0,True,True
W2377,河北,风电,2025,40.07690906524658,False,20.0,True,True
W2379,黑龙江,风电,2025,30.224668085575104,False,3.6,False,False
W2404,黑龙江,风电,2025,37.860758900642395,False,20.0,True,True
W2417,河南,风电,2025,42.542544901371,False,20.0,True,True
W2423,河北,风电,2025,39.66240048408508,False,20.0,True,True
W2431,河北,风电,2025,32.66428828239441,False,20.0,True,True
W2436,河北,风电,2025,32.77356058359146,False,20.0,True,True
W2447,河北,风电,2025,41.01032316684723,False,20.0,True,True
W2455,河北,风电,2025,34.94805961847305,False,20.0,True,True
W2461,河北,风电,2025,34.91229057312012,False,20.0,True,True
W2465,河北,风电,2025,40.8279874920845,False,20.0,True,True
W2466,黑龙江,风电,2025,31.227189302444458,False,4.5,False,False
W2468,河北,风电,2025,42.68301218748093,False,20.0,True,True
W2471,黑龙江,风电,2025,30.203154981136322,False,3.4,False,False
W2475,黑龙江,风电,2025,31.00877434015274,False,4.3,False,False
W2476,河北,风电,2025,42.55053520202637,False,20.0,True,True
W2477,河北,风电,2025,40.98281443119049,False,20.0,True,True
W2482,河北,风电,2025,32.24959284067154,False,20.0,True,True
W2495,黑龙江,风电,2025,31.427265107631683,False,20.0,True,True
W2497,黑龙江,风电,2025,30.69816291332245,False,3.9,False,False
W2504,黑龙江,风电,2025,39.390242993831635,False,20.0,True,True
W2519,河北,风电,2025,40.45813858509064,False,20.0,True,True
W2524,黑龙江,风电,2025,34.8112428188324,False,20.0,True,True
W2553,黑龙江,风电,2025,35.609258115291595,False,20.0,True,True
W2567,黑龙江,风电,2025,33.69012415409088,False,20.0,True,True
W2577,黑龙江,风电,2025,35.44822722673416,False,20.0,True,True
W2604,黑龙江,风电,2025,29.930301010608673,False,3.2,False,False
W2610,黑龙江,风电,2025,33.60923767089844,False,20.0,True,True
W2611,河南,风电,2025,40.00618726015091,False,20.0,True,True
W2622,黑龙江,风电,2025,33.51724416017532,False,20.0,True,True
W2626,黑龙江,风电,2025,32.4127721786499,False,20.0,True,True
W2635,黑龙江,风电,2025,35.88388592004776,False,20.0,True,True
W2638,黑龙江,风电,2025,33.55935484170914,False,20.0,True,True
W2642,黑龙江,风电,2025,33.8385745882988,False,20.0,True,True
W2648,黑龙江,风电,2025,35.42145252227783,False,20.0,True,True
W2653,黑龙江,风电,2025,32.15493947267532,False,20.0,True,True
W2655,黑龙江,风电,2025,34.6296027302742,False,20.0,True,True
W2663,黑龙江,风电,2025,32.13617563247681,False,20.0,True,True
W2665,黑龙江,风电,2025,35.1784747838974,False,20.0,True,True
W2670,黑龙江,风电,2025,39.92035746574402,False,20.0,True,True
W2671,黑龙江,风电,2025,34.05323714017868,False,20.0,True,True
W2679,黑龙江,风电,2025,32.84794360399246,False,20.0,True,True
W2687,黑龙江,风电,2025,33.24994683265686,False,20.0,True,True
W2693,黑龙江,风电,2025,35.420264303684235,False,20.0,True,True
W2700,黑龙江,风电,2025,31.298948228359222,False,20.0,True,True
W2703,黑龙江,风电,2025,34.39625769853592,False,20.0,True,True
W2708,黑龙江,风电,2025,34.39923495054245,False,20.0,True,True
W2710,黑龙江,风电,2025,34.16289746761322,False,20.0,True,True
W2713,黑龙江,风电,2025,33.2295960187912,False,20.0,True,True
W2720,黑龙江,风电,2025,34.18500065803528,False,20.0,True,True
W2724,黑龙江,风电,2025,33.930762112140656,False,20.0,True,True
W2734,黑龙江,风电,2025,32.609205543994904,False,20.0,True,True
W2736,黑龙江,风电,2025,28.88645589351654,False,1.9,False,False
W2751,黑龙江,风电,2025,29.496447443962097,False,2.5,False,False
W2766,黑龙江,风电,2025,28.13768595457077,False,1.2,False,False
W2767,黑龙江,风电,2025,32.86043643951416,False,20.0,True,True
W2778,黑龙江,风电,2025,34.91485208272934,False,20.0,True,True
W2780,河北,风电,2025,34.49660003185272,False,20.0,True,True
W2781,黑龙江,风电,2025,34.17057394981384,False,20.0,True,True
W2786,河北,风电,2025,36.95509493350983,False,20.0,True,True
W2790,黑龙江,风电,2025,34.10244673490524,False,20.0,True,True
W2792,河北,风电,2025,35.085609555244446,False,20.0,True,True
W2794,黑龙江,风电,2025,32.60786533355713,False,20.0,True,True
W2797,河北,风电,2025,34.492774307727814,False,20.0,True,True
W2800,黑龙江,风电,2025,33.40529054403305,False,20.0,True,True
W2803,黑龙江,风电,2025,33.114143908023834,False,20.0,True,True
W2812,黑龙江,风电,2025,33.458530604839325,False,20.0,True,True
W2820,黑龙江,风电,2025,30.216811895370483,False,3.6,False,False
W2822,黑龙江,风电,2025,40.07116824388504,False,20.0,True,True
W2824,黑龙江,风电,2025,32.74834871292114,False,20.0,True,True
W2827,黑龙江,风电,2025,31.979531943798065,False,20.0,True,True
W2833,黑龙江,风电,2025,31.188983023166656,False,20.0,True,True
W2837,黑龙江,风电,2025,32.29015499353409,False,20.0,True,True
W2843,黑龙江,风电,2025,35.04951685667038,False,20.0,True,True
W2845,黑龙江,风电,2025,34.13297384977341,False,20.0,True,True
W2853,黑龙江,风电,2025,32.860997915267944,False,20.0,True,True
W2857,黑龙江,风电,2025,36.084159314632416,False,20.0,True,True
W2866,黑龙江,风电,2025,33.21396678686142,False,20.0,True,True
W2869,黑龙江,风电,2025,31.475719213485718,False,20.0,True,True
W2880,黑龙江,风电,2025,35.18150120973587,False,20.0,True,True
W2884,黑龙江,风电,2025,33.11564326286316,False,20.0,True,True
W2886,黑龙江,风电,2025,32.82369554042816,False,20.0,True,True
W2887,黑龙江,风电,2025,35.42222499847412,False,20.0,True,True
W2892,黑龙江,风电,2025,34.863815009593964,False,20.0,True,True
W2904,河南,风电,2025,42.99883782863617,False,20.0,True,True
W2911,黑龙江,风电,2025,35.820371210575104,False,20.0,True,True
W2919,黑龙江,风电,2025,40.885184705257416,False,20.0,True,True
W2927,黑龙江,风电,2025,30.987488329410553,False,4.5,False,False
W2930,黑龙江,风电,2025,30.92854142189026,False,4.4,False,False
W2934,黑龙江,风电,2025,35.410418808460236,False,20.0,True,True
W2966,黑龙江,风电,2025,41.36679857969284,False,20.0,True,True
W2982,黑龙江,风电,2025,32.40372508764267,False,20.0,True,True
W3240,内蒙古,风电,2025,32.273914217948914,False,20.0,True,True
W3274,内蒙古,风电,2025,34.16222870349884,False,20.0,True,True
W3277,河南,风电,2025,41.61806792020798,False,20.0,True,True
W3282,内蒙古,风电,2025,34.16222870349884,False,20.0,True,True
W3829,内蒙古,风电,2025,29.94840145111084,False,3.2,False,False
W3848,内蒙古,风电,2025,33.847356140613556,False,20.0,True,True
W4061,内蒙古,风电,2025,38.51484954357147,False,20.0,True,True
W4248,内蒙古,风电,2025,38.76743137836456,False,20.0,True,True
W4274,内蒙古,风电,2025,33.7278351187706,False,20.0,True,True
W4313,内蒙古,风电,2025,33.10510128736496,False,20.0,True,True
W4381,内蒙古,风电,2025,37.25910723209381,False,20.0,True,True
W4442,内蒙古,风电,2025,40.24243175983429,False,20.0,True,True
W4445,内蒙古,风电,2025,38.244014382362366,False,20.0,True,True
W4461,内蒙古,风电,2025,31.777832508087158,False,20.0,True,True
W4484,内蒙古,风电,2025,32.96990543603897,False,20.0,True,True
W4534,内蒙古,风电,2025,28.126148879528046,False,1.1,False,False
W4648,内蒙古,风电,2025,35.18068850040436,False,20.0,True,True
W4721,内蒙古,风电,2025,33.15632522106171,False,20.0,True,True
W4727,内蒙古,风电,2025,38.244014382362366,False,20.0,True,True
W4730,内蒙古,风电,2025,35.21220177412033,False,20.0,True,True
W4827,内蒙古,风电,2025,33.85486453771591,False,20.0,True,True
W4837,内蒙古,风电,2025,31.49127960205078,False,20.0,True,True
W4919,山西,风电,2025,34.90500122308731,False,20.0,True,True
W4979,内蒙古,风电,2025,30.87804526090622,False,4.1,False,False
W4984,内蒙古,风电,2025,33.64894688129425,False,20.0,True,True
W5008,青海,风电,2025,40.04221647977829,False,20.0,True,True
W5013,青海,风电,2025,39.24276530742645,False,20.0,True,True
W5015,青海,风电,2025,38.59358757734299,False,20.0,True,True
W5020,青海,风电,2025,39.457044303417206,False,20.0,True,True
W503,甘肃,风电,2025,35.15463888645172,False,20.0,True,True
W5035,青海,风电,2025,42.40388095378876,False,20.0,True,True
W505,甘肃,风电,2025,40.98641216754913,False,20.0,True,True
W506,甘肃,风电,2025,42.09275096654892,False,20.0,True,True
W507,甘肃,风电,2025,37.14424788951874,False,20.0,True,True
W5073,陕西,风电,2025,35.16153663396835,False,20.0,True,True
W5076,陕西,风电,2025,38.486030995845795,False,20.0,True,True
W509,甘肃,风电,2025,43.095343708992004,False,20.0,True,True
W5106,宁夏,风电,2025,41.35387748479843,False,20.0,True,True
W5108,宁夏,风电,2025,42.27433919906616,False,20.0,True,True
W5112,辽宁,风电,2025,31.450207829475403,False,20.0,True,True
W5117,宁夏,风电,2025,40.392372608184814,False,20.0,True,True
W5123,宁夏,风电,2025,38.25506329536438,False,20.0,True,True
W5137,宁夏,风电,2025,41.432395577430725,False,20.0,True,True
W5146,宁夏,风电,2025,41.3236802816391,False,20.0,True,True
W515,甘肃,风电,2025,40.94399482011795,False,20.0,True,True
W5155,宁夏,风电,2025,41.589269042015076,False,20.0,True,True
W518,甘肃,风电,2025,40.73497831821442,False,20.0,True,True
W5191,辽宁,风电,2025,29.876267910003662,False,2.9,False,False
W5192,辽宁,风电,2025,30.82008719444275,False,4.3,False,False
W5251,辽宁,风电,2025,30.364194810390472,False,3.8,False,False
W5260,宁夏,风电,2025,41.11653059720993,False,20.0,True,True
W5275,宁夏,风电,2025,39.205701649188995,False,20.0,True,True
W5276,宁夏,风电,2025,41.07270956039429,False,20.0,True,True
W5283,宁夏,风电,2025,39.579752683639526,False,20.0,True,True
W5289,宁夏,风电,2025,41.3236802816391,False,20.0,True,True
W5305,辽宁,风电,2025,39.01973873376846,False,20.0,True,True
W5312,宁夏,风电,2025,38.63169550895691,False,20.0,True,True
W5319,宁夏,风电,2025,38.3561709523201,False,20.0,True,True
W5329,宁夏,风电,2025,39.671831130981445,False,20.0,True,True
W5342,辽宁,风电,2025,29.750161170959473,False,2.7,False,False
W5425,辽宁,风电,2025,29.098482728004456,False,2.0,False,False
W5428,辽宁,风电,2025,30.241269171237946,False,3.6,False,False
W5519,宁夏,风电,2025,41.3236802816391,False,20.0,True,True
W5552,吉林,风电,2025,27.369452118873596,False,0.5,False,False
W5622,宁夏,风电,2025,41.3236802816391,False,20.0,True,True
W5700,宁夏,风电,2025,41.3236802816391,False,20.0,True,True
W5709,宁夏,风电,2025,41.3236802816391,False,20.0,True,True
W5748,宁夏,风电,2025,34.39312398433685,False,20.0,True,True
W5824,吉林,风电,2025,36.5695783495903,False,20.0,True,True
W583,甘肃,风电,2025,40.8770227432251,False,20.0,True,True
W5837,宁夏,风电,2025,41.21150314807892,False,20.0,True,True
W584,甘肃,风电,2025,35.0769379734993,False,20.0,True,True
W5840,宁夏,风电,2025,41.293054819107056,False,20.0,True,True
W5849,宁夏,风电,2025,41.335585713386536,False,20.0,True,True
W585,甘肃,风电,2025,35.84636002779007,False,20.0,True,True
W586,甘肃,风电,2025,37.87444353103638,False,20.0,True,True
W5866,宁夏,风电,2025,41.3236802816391,False,20.0,True,True
W5888,青海,风电,2025,38.86595070362091,False,20.0,True,True
W5891,宁夏,风电,2025,39.14029777050018,False,20.0,True,True
W590,甘肃,风电,2025,39.6369606256485,False,20.0,True,True
W5966,宁夏,风电,2025,40.799020528793335,False,20.0,True,True
W5967,辽宁,风电,2025,32.47653275728226,False,20.0,True,True
W5974,宁夏,风电,2025,40.38786381483078,False,20.0,True,True
W6002,山东,风电,2025,42.03615188598633,False,20.0,True,True
W6008,山东,风电,2025,36.126975417137146,False,20.0,True,True
W6010,陕西,风电,2025,33.14468264579773,False,20.0,True,True
W6017,山东,风电,2025,36.126975417137146,False,20.0,True,True
W6020,山东,风电,2025,38.94401282072067,False,20.0,True,True
W6039,山东,风电,2025,39.70923274755478,False,20.0,True,True
W6040,山东,风电,2025,41.67068749666214,False,20.0,True,True
W6041,山东,风电,2025,42.534333765506744,False,20.0,True,True
W6048,山东,风电,2025,41.536727249622345,False,20.0,True,True
W6049,山东,风电,2025,41.726148426532745,False,20.0,True,True
W6050,山东,风电,2025,42.89990186691284,False,20.0,True,True
W6056,山东,风电,2025,41.66735798120499,False,20.0,True,True
W6069,山东,风电,2025,41.43033295869827,False,20.0,True,True
W6070,山东,风电,2025,41.16963475942612,False,20.0,True,True
W6072,山东,风电,2025,38.94401282072067,False,20.0,True,True
W6092,山东,风电,2025,42.1919184923172,False,20.0,True,True
W6093,山东,风电,2025,42.43455648422241,False,20.0,True,True
W6094,山东,风电,2025,38.00404340028763,False,20.0,True,True
W6095,山东,风电,2025,42.312310338020325,False,20.0,True,True
W6096,山东,风电,2025,42.48310983181,False,20.0,True,True
W6097,山东,风电,2025,42.23998725414276,False,20.0,True,True
W6098,山东,风电,2025,39.193992018699646,False,20.0,True,True
W6099,山东,风电,2025,40.614890456199646,False,20.0,True,True
W6100,山东,风电,2025,40.09601533412933,False,20.0,True,True
W6101,山东,风电,2025,38.809189796447754,False,20.0,True,True
W6102,山东,风电,2025,40.025065541267395,False,20.0,True,True
W6103,山东,风电,2025,40.5945360660553,False,20.0,True,True
W6104,山东,风电,2025,40.4666742682457,False,20.0,True,True
W6105,山东,风电,2025,40.640376806259155,False,20.0,True,True
W6106,山东,风电,2025,38.53338807821274,False,20.0,True,True
W6107,山东,风电,2025,40.38677930831909,False,20.0,True,True
W6108,山东,风电,2025,41.36764347553253,False,20.0,True,True
W6117,山西,风电,2025,42.78553068637848,False,20.0,True,True
W6131,山东,风电,2025,42.154998779296875,False,20.0,True,True
W6132,山东,风电,2025,43.104887902736664,False,20.0,True,True
W6133,山西,风电,2025,34.301951229572296,False,20.0,True,True
W6135,山东,风电,2025,42.37752556800842,False,20.0,True,True
W6136,陕西,风电,2025,33.1663253903389,False,20.0,True,True
W6141,山东,风电,2025,42.834605276584625,False,20.0,True,True
W6144,陕西,风电,2025,32.87148177623749,False,20.0,True,True
W6150,山东,风电,2025,43.30668568611145,False,20.0,True,True
W6159,山西,风电,2025,40.66501826047897,False,20.0,True,True
W6164,陕西,风电,2025,33.83828490972519,False,20.0,True,True
W6168,陕西,风电,2025,34.304663836956024,False,20.0,True,True
W617,甘肃,风电,2025,43.09887081384659,False,20.0,True,True
W6173,陕西,风电,2025,40.195369720458984,False,20.0,True,True
W6175,山西,风电,2025,41.50819569826126,False,20.0,True,True
W6181,山西,风电,2025,41.914773881435394,False,20.0,True,True
W6190,山西,风电,2025,34.33502823114395,False,20.0,True,True
W6215,山东,风电,2025,42.76502072811127,False,20.0,True,True
W6216,陕西,风电,2025,42.95562386512756,False,20.0,True,True
W6236,山东,风电,2025,32.0222344994545,False,20.0,True,True
W6242,山西,风电,2025,41.42241597175598,False,20.0,True,True
W6276,山西,风电,2025,27.765758335590363,False,0.8,False,False
W6278,山西,风电,2025,41.02732837200165,False,20.0,True,True
W6290,山西,风电,2025,40.89860647916794,False,20.0,True,True
W6291,山西,风电,2025,43.02763223648071,False,20.0,True,True
W6307,山西,风电,2025,33.11404198408127,False,20.0,True,True
W6308,山西,风电,2025,33.1140410900116,False,20.0,True,True
W6310,山西,风电,2025,42.03391492366791,False,20.0,True,True
W6338,山东,风电,2025,41.26760512590408,False,20.0,True,True
W6340,陕西,风电,2025,35.105256736278534,False,20.0,True,True
W6345,山东,风电,2025,41.26760423183441,False,20.0,True,True
W6346,陕西,风电,2025,37.11716294288635,False,20.0,True,True
W6352,山东,风电,2025,32.382385432720184,False,20.0,True,True
W6357,陕西,风电,2025,37.92480915784836,False,20.0,True,True
W6360,山东,风电,2025,33.7229123711586,False,20.0,True,True
W6363,陕西,风电,2025,33.84928375482559,False,20.0,True,True
W6375,山东,风电,2025,31.900034844875336,False,20.0,True,True
W6378,陕西,风电,2025,38.096323907375336,False,20.0,True,True
W6381,陕西,风电,2025,41.672263741493225,False,20.0,True,True
W6384,山东,风电,2025,32.11216628551483,False,20.0,True,True
W6386,山东,风电,2025,31.815882325172424,False,20.0,True,True
W6389,陕西,风电,2025,36.05502963066101,False,20.0,True,True
W6391,山东,风电,2025,36.74439579248428,False,20.0,True,True
W6393,陕西,风电,2025,36.18366748094559,False,20.0,True,True
W6394,山东,风电,2025,42.89425313472748,False,20.0,True,True
W6398,陕西,风电,2025,36.05502873659134,False,20.0,True,True
W640,甘肃,风电,2025,43.10988932847977,False,20.0,True,True
W6400,陕西,风电,2025,38.488317131996155,False,20.0,True,True
W6403,山东,风电,2025,35.29582500457764,False,20.0,True,True
W6408,陕西,风电,2025,34.48211073875427,False,20.0,True,True
W6413,山西,风电,2025,40.324952602386475,False,20.0,True,True
W6414,陕西,风电,2025,41.32619082927704,False,20.0,True,True
W6417,山东,风电,2025,36.19554787874222,False,20.0,True,True
W6420,陕西,风电,2025,34.328556060791016,False,20.0,True,True
W6422,陕西,风电,2025,33.84928375482559,False,20.0,True,True
W6423,陕西,风电,2025,41.81959390640259,False,20.0,True,True
W6424,山东,风电,2025,36.69102609157562,False,20.0,True,True
W6425,山西,风电,2025,39.32588875293732,False,20.0,True,True
W6431,陕西,风电,2025,35.13988137245178,False,20.0,True,True
W6435,山东,风电,2025,39.804275035858154,False,20.0,True,True
W6438,陕西,风电,2025,36.15506708621979,False,20.0,True,True
W6439,陕西,风电,2025,32.82997637987137,False,20.0,True,True
W6441,山西,风电,2025,42.46737331151962,False,20.0,True,True
W6447,陕西,风电,2025,36.1850979924202,False,20.0,True,True
W6452,山西,风电,2025,39.16506439447403,False,20.0,True,True
W6453,山东,风电,2025,42.99374520778656,False,20.0,True,True
W6454,山东,风电,2025,37.73703575134277,False,20.0,True,True
W6457,山东,风电,2025,41.58535659313202,False,20.0,True,True
W6464,山西,风电,2025,37.98000633716583,False,20.0,True,True
W6465,陕西,风电,2025,33.84928375482559,False,20.0,True,True
W6472,陕西,风电,2025,37.19617635011673,False,20.0,True,True
W6490,陕西,风电,2025,35.1681786775589,False,20.0,True,True
W6497,陕西,风电,2025,35.35825252532959,False,20.0,True,True
W6502,山东,风电,2025,42.65720844268799,False,20.0,True,True
W6510,山东,风电,2025,40.6756129860878,False,20.0,True,True
W6516,陕西,风电,2025,42.25142955780029,False,20.0,True,True
W6519,山东,风电,2025,36.69653445482254,False,20.0,True,True
W6522,陕西,风电,2025,34.05322104692459,False,20.0,True,True
W6524,陕西,风电,2025,33.84928375482559,False,20.0,True,True
W6528,山东,风电,2025,36.685024201869965,False,20.0,True,True
W6532,陕西,风电,2025,40.72345286607742,False,20.0,True,True
W6533,山东,风电,2025,42.16078341007233,False,20.0,True,True
W6537,陕西,风电,2025,33.55069488286972,False,20.0,True,True
W6538,陕西,风电,2025,35.73162317276001,False,20.0,True,True
W6541,陕西,风电,2025,35.16153663396835,False,20.0,True,True
W6542,山西,风电,2025,42.042580246925354,False,20.0,True,True
W6543,陕西,风电,2025,35.531969368457794,False,20.0,True,True
W6546,山东,风电,2025,40.27812749147415,False,20.0,True,True
W6549,陕西,风电,2025,35.59252738952637,False,20.0,True,True
W6551,陕西,风电,2025,34.41921204328537,False,20.0,True,True
W6556,陕西,风电,2025,35.285528004169464,False,20.0,True,True
W6568,陕西,风电,2025,35.7150337100029,False,20.0,True,True
W6569,陕西,风电,2025,36.6495743393898,False,20.0,True,True
W6575,陕西,风电,2025,42.90556043386459,False,20.0,True,True
W6577,陕西,风电,2025,34.69928741455078,False,20.0,True,True
W6584,陕西,风电,2025,33.56331825256348,False,20.0,True,True
W6588,陕西,风电,2025,40.94134032726288,False,20.0,True,True
W6595,陕西,风电,2025,40.95392346382141,False,20.0,True,True
W6598,陕西,风电,2025,33.62741678953171,False,20.0,True,True
W6600,陕西,风电,2025,36.26882493495941,False,20.0,True,True
W6602,陕西,风电,2025,35.16153663396835,False,20.0,True,True
W6605,陕西,风电,2025,33.24693560600281,False,20.0,True,True
W6607,陕西,风电,2025,34.28338587284088,False,20.0,True,True
W6611,山西,风电,2025,42.07656294107437,False,20.0,True,True
W6615,陕西,风电,2025,35.00422418117523,False,20.0,True,True
W6617,陕西,风电,2025,37.862694561481476,False,20.0,True,True
W6624,陕西,风电,2025,34.315870106220245,False,20.0,True,True
W6627,陕西,风电,2025,36.03285402059555,False,20.0,True,True
W6632,陕西,风电,2025,33.306705057621,False,20.0,True,True
W6637,山东,风电,2025,42.16949164867401,False,20.0,True,True
W6639,山东,风电,2025,40.65099745988846,False,20.0,True,True
W6643,陕西,风电,2025,35.598490834236145,False,20.0,True,True
W6648,陕西,风电,2025,35.33806264400482,False,20.0,True,True
W6650,山西,风电,2025,34.24403429031372,False,20.0,True,True
W6651,陕西,风电,2025,34.30093914270401,False,20.0,True,True
W6653,陕西,风电,2025,35.16153663396835,False,20.0,True,True
W6658,陕西,风电,2025,32.823165357112885,False,20.0,True,True
W6660,山东,风电,2025,41.742128133773804,False,20.0,True,True
W6661,陕西,风电,2025,35.16153663396835,False,20.0,True,True
W6666,陕西,风电,2025,32.96343147754669,False,20.0,True,True
W6669,山东,风电,2025,42.315369844436646,False,20.0,True,True
W6673,山西,风电,2025,41.092871725559235,False,20.0,True,True
W6674,陕西,风电,2025,34.44804847240448,False,20.0,True,True
W6676,山东,风电,2025,41.31254285573959,False,20.0,True,True
W6678,山东,风电,2025,42.2669792175293,False,20.0,True,True
W6681,陕西,风电,2025,35.530691742897034,False,20.0,True,True
W6682,山西,风电,2025,35.4072180390358,False,20.0,True,True
W6684,陕西,风电,2025,34.38828527927399,False,20.0,True,True
W6688,山东,风电,2025,41.497491896152496,False,20.0,True,True
W6691,陕西,风电,2025,34.558254182338715,False,20.0,True,True
W6693,陕西,风电,2025,33.399657011032104,False,20.0,True,True
W6694,陕西,风电,2025,33.93685698509216,False,20.0,True,True
W6698,山东,风电,2025,42.21381425857544,False,20.0,True,True
W6706,陕西,风电,2025,33.45686048269272,False,20.0,True,True
W6707,陕西,风电,2025,34.52821522951126,False,20.0,True,True
W6710,山西,风电,2025,34.040460884571075,False,20.0,True,True
W6712,山西,风电,2025,33.80137771368027,False,20.0,True,True
W6714,陕西,风电,2025,34.55778211355209,False,20.0,True,True
W6716,陕西,风电,2025,35.00688582658768,False,20.0,True,True
W6720,山东,风电,2025,39.54608470201492,False,20.0,True,True
W6721,山西,风电,2025,39.021997153759,False,20.0,True,True
W6725,陕西,风电,2025,35.75740456581116,False,20.0,True,True
W6726,山东,风电,2025,43.29885542392731,False,20.0,True,True
W6728,山西,风电,2025,41.223288774490356,False,20.0,True,True
W6729,陕西,风电,2025,34.63488042354584,False,20.0,True,True
W6730,山东,风电,2025,42.06707686185837,False,20.0,True,True
W6733,陕西,风电,2025,35.65147161483765,False,20.0,True,True
W6740,山东,风电,2025,42.38696336746216,False,20.0,True,True
W6745,山东,风电,2025,40.537021458148956,False,20.0,True,True
W6750,陕西,风电,2025,36.66942000389099,False,20.0,True,True
W6752,陕西,风电,2025,36.66942000389099,False,20.0,True,True
W6754,陕西,风电,2025,35.059853196144104,False,20.0,True,True
W6759,陕西,风电,2025,33.697719275951385,False,20.0,True,True
W6769,山西,风电,2025,42.994263768196106,False,20.0,True,True
W6775,陕西,风电,2025,33.32136958837509,False,20.0,True,True
W6776,山西,风电,2025,42.0999813079834,False,20.0,True,True
W6783,陕西,风电,2025,33.29383134841919,False,20.0,True,True
W6786,山西,风电,2025,41.118571758270264,False,20.0,True,True
W6788,山东,风电,2025,42.8990712761879,False,20.0,True,True
W6792,陕西,风电,2025,32.28513836860657,False,20.0,True,True
W6793,山东,风电,2025,42.48136907815933,False,20.0,True,True
W6802,山东,风电,2025,43.18185031414032,False,20.0,True,True
W6806,陕西,风电,2025,41.93532049655914,False,20.0,True,True
W6809,陕西,风电,2025,34.499725699424744,False,20.0,True,True
W6812,陕西,风电,2025,40.28848350048065,False,20.0,True,True
W6814,山东,风电,2025,41.81852996349335,False,20.0,True,True
W6817,陕西,风电,2025,40.616057217121124,False,20.0,True,True
W6819,陕西,风电,2025,34.352973997592926,False,20.0,True,True
W6823,陕西,风电,2025,37.839554250240326,False,20.0,True,True
W6826,陕西,风电,2025,33.702581226825714,False,20.0,True,True
W6828,山东,风电,2025,37.28281527757645,False,20.0,True,True
W6831,陕西,风电,2025,39.98281091451645,False,20.0,True,True
W6837,山东,风电,2025,43.05039435625076,False,20.0,True,True
W6838,陕西,风电,2025,33.65482807159424,False,20.0,True,True
W6839,山东,风电,2025,43.26477885246277,False,20.0,True,True
W6842,陕西,风电,2025,33.79562258720398,False,20.0,True,True
W6846,山东,风电,2025,43.26477885246277,False,20.0,True,True
W6848,陕西,风电,2025,41.72745108604431,False,20.0,True,True
W6849,陕西,风电,2025,33.79562258720398,False,20.0,True,True
W6852,山东,风电,2025,37.217296957969666,False,20.0,True,True
W6856,山东,风电,2025,37.865070104599,False,20.0,True,True
W6858,陕西,风电,2025,40.67303538322449,False,20.0,True,True
W6859,山东,风电,2025,39.8751237988472,False,20.0,True,True
W6890,山西,风电,2025,36.57662808895111,False,20.0,True,True
W6894,山东,风电,2025,41.43283814191818,False,20.0,True,True
W6903,山东,风电,2025,41.21654748916626,False,20.0,True,True
W6904,陕西,风电,2025,40.41232377290726,False,20.0,True,True
W6914,山西,风电,2025,41.045041680336,False,20.0,True,True
W6926,陕西,风电,2025,39.23252195119858,False,20.0,True,True
W6930,山西,风电,2025,37.807630598545074,False,20.0,True,True
W6933,山西,风电,2025,40.90126633644104,False,20.0,True,True
W6936,陕西,风电,2025,41.36963367462158,False,20.0,True,True
W6937,山东,风电,2025,30.889933705329895,False,4.3,False,False
W6945,山东,风电,2025,40.07576644420624,False,20.0,True,True
W6948,陕西,风电,2025,42.188933193683624,False,20.0,True,True
W6954,山东,风电,2025,31.367188096046448,False,20.0,True,True
W6956,山东,风电,2025,30.690536499023438,False,4.0,False,False
W6958,山东,风电,2025,43.236418068408966,False,20.0,True,True
W6959,山西,风电,2025,37.03383207321167,False,20.0,True,True
W6967,山西,风电,2025,39.73120093345642,False,20.0,True,True
W6968,山东,风电,2025,41.12395495176315,False,20.0,True,True
W6970,山西,风电,2025,40.75564831495285,False,20.0,True,True
W6973,山西,风电,2025,38.9895236492157,False,20.0,True,True
W6976,山东,风电,2025,42.77207314968109,False,20.0,True,True
W6980,陕西,风电,2025,40.44224202632904,False,20.0,True,True
W6994,陕西,风电,2025,33.46028029918671,False,20.0,True,True
W7003,山西,风电,2025,34.71944600343704,False,20.0,True,True
W7007,山西,风电,2025,34.10888493061066,False,20.0,True,True
W7010,新疆,风电,2025,40.33796578645706,False,20.0,True,True
W7013,新疆,风电,2025,42.07002371549606,False,20.0,True,True
W7014,山西,风电,2025,39.44251388311386,False,20.0,True,True
W7015,山西,风电,2025,34.062427282333374,False,20.0,True,True
W7016,新疆,风电,2025,39.84890341758728,False,20.0,True,True
W7018,山西,风电,2025,34.90499585866928,False,20.0,True,True
W7034,山西,风电,2025,39.93776321411133,False,20.0,True,True
W7048,山西,风电,2025,35.698908269405365,False,20.0,True,True
W7055,山西,风电,2025,35.032958686351776,False,20.0,True,True
W7058,山西,风电,2025,40.670369267463684,False,20.0,True,True
W7062,山西,风电,2025,33.80824953317642,False,20.0,True,True
W7079,新疆,风电,2025,42.93703615665436,False,20.0,True,True
W7118,山西,风电,2025,32.46967792510986,False,20.0,True,True
W7194,新疆,风电,2025,34.24164533615112,False,20.0,True,True
W7214,山西,风电,2025,37.14590907096863,False,20.0,True,True
W7224,新疆,风电,2025,39.834822714328766,False,20.0,True,True
W7239,山西,风电,2025,34.951690435409546,False,20.0,True,True
W7245,新疆,风电,2025,31.440116465091705,False,20.0,True,True
W7253,山西,风电,2025,32.40322083234787,False,20.0,True,True
W7273,新疆,风电,2025,41.15681827068329,False,20.0,True,True
W7287,新疆,风电,2025,41.15681737661362,False,20.0,True,True
W7370,山西,风电,2025,40.97813129425049,False,20.0,True,True
W7390,山西,风电,2025,37.15083718299866,False,20.0,True,True
W7395,新疆,风电,2025,30.73569416999817,False,4.4,False,False
W7402,新疆,风电,2025,30.451911091804504,False,4.0,False,False
W7409,新疆,风电,2025,33.99210065603256,False,20.0,True,True
W7410,新疆,风电,2025,39.40183907747269,False,20.0,True,True
W7424,新疆,风电,2025,30.18297404050827,False,3.5,False,False
W7431,新疆,风电,2025,30.154436230659485,False,3.5,False,False
W7438,新疆,风电,2025,43.054232597351074,False,20.0,True,True
W7446,新疆,风电,2025,30.805177688598633,False,4.4,False,False
W7451,山西,风电,2025,32.78898149728775,False,20.0,True,True
W7453,新疆,风电,2025,39.699724316596985,False,20.0,True,True
W7455,山西,风电,2025,33.71601551771164,False,20.0,True,True
W7458,新疆,风电,2025,39.55309510231018,False,20.0,True,True
W7465,新疆,风电,2025,39.55309510231018,False,20.0,True,True
W7476,山西,风电,2025,40.25553345680237,False,20.0,True,True
W7487,新疆,风电,2025,30.244784653186798,False,3.6,False,False
W7493,新疆,风电,2025,31.433000564575195,False,20.0,True,True
W7495,新疆,风电,2025,30.244784653186798,False,3.6,False,False
W7500,山西,风电,2025,34.13357466459274,False,20.0,True,True
W7505,新疆,风电,2025,35.085663199424744,False,20.0,True,True
W7507,山西,风电,2025,34.13357466459274,False,20.0,True,True
W7543,山西,风电,2025,34.975339472293854,False,20.0,True,True
W7546,新疆,风电,2025,29.47197139263153,False,2.5,False,False
W7552,新疆,风电,2025,43.054233491420746,False,20.0,True,True
W7559,新疆,风电,2025,43.05422991514206,False,20.0,True,True
W7562,山西,风电,2025,40.96780389547348,False,20.0,True,True
W7567,新疆,风电,2025,36.673479080200195,False,20.0,True,True
W7571,山西,风电,2025,33.582981526851654,False,20.0,True,True
W7574,山西,风电,2025,35.65321505069733,False,20.0,True,True
W7603,山西,风电,2025,33.60220491886139,False,20.0,True,True
W7611,山西,风电,2025,34.48886811733246,False,20.0,True,True
W7615,新疆,风电,2025,34.50590640306473,False,20.0,True,True
W7626,山西,风电,2025,33.57675611972809,False,20.0,True,True
W7639,山西,风电,2025,33.94309759140015,False,20.0,True,True
W7644,新疆,风电,2025,41.77278310060501,False,20.0,True,True
W7661,山西,风电,2025,32.2261181473732,False,20.0,True,True
W7664,新疆,风电,2025,32.96891927719116,False,20.0,True,True
W7693,山西,风电,2025,33.31779509782791,False,20.0,True,True
W7700,山西,风电,2025,33.66599589586258,False,20.0,True,True
W7725,新疆,风电,2025,34.617159962654114,False,20.0,True,True
W7727,新疆,风电,2025,41.11571788787842,False,20.0,True,True
W7735,新疆,风电,2025,32.721311151981354,False,20.0,True,True
W7754,山西,风电,2025,34.26356703042984,False,20.0,True,True
W7757,新疆,风电,2025,34.773781299591064,False,20.0,True,True
W7764,山东,风电,2025,39.96725142002106,False,20.0,True,True
W7769,山西,风电,2025,40.64607381820679,False,20.0,True,True
W7776,新疆,风电,2025,38.702363669872284,False,20.0,True,True
W7777,山西,风电,2025,40.64607381820679,False,20.0,True,True
W7784,新疆,风电,2025,32.34417200088501,False,20.0,True,True
W7787,新疆,风电,2025,33.70903193950653,False,20.0,True,True
W7788,山西,风电,2025,40.646072924137115,False,20.0,True,True
W7804,新疆,风电,2025,39.284677505493164,False,20.0,True,True
W7805,山西,风电,2025,29.15675640106201,False,2.1,False,False
W7806,新疆,风电,2025,32.834782004356384,False,20.0,True,True
W7816,新疆,风电,2025,35.530972480773926,False,20.0,True,True
W7820,陕西,风电,2025,33.381576240062714,False,20.0,True,True
W7844,新疆,风电,2025,34.68792915344238,False,20.0,True,True
W7846,山西,风电,2025,34.790293872356415,False,20.0,True,True
W7851,新疆,风电,2025,40.091795325279236,False,20.0,True,True
W7854,山西,风电,2025,34.90499585866928,False,20.0,True,True
W7862,山西,风电,2025,34.105820059776306,False,20.0,True,True
W7865,新疆,风电,2025,31.057518124580383,False,20.0,True,True
W7875,山西,风电,2025,34.139699935913086,False,20.0,True,True
W7890,新疆,风电,2025,33.62225353717804,False,20.0,True,True
W7898,山西,风电,2025,34.49578732252121,False,20.0,True,True
W7931,山西,风电,2025,34.71944600343704,False,20.0,True,True
W7946,山西,风电,2025,39.403823018074036,False,20.0,True,True
W7951,山西,风电,2025,39.57037031650543,False,20.0,True,True
W7987,山西,风电,2025,39.28685188293457,False,20.0,True,True
W8000,新疆,风电,2025,39.164573550224304,False,20.0,True,True
W901,甘肃,风电,2025,41.454511284828186,False,20.0,True,True
W909,甘肃,风电,2025,39.42973405122757,False,20.0,True,True
W912,甘肃,风电,2025,31.145454347133636,False,20.0,True,True
W929,甘肃,风电,2025,39.49990689754486,False,20.0,True,True
W934,甘肃,风电,2025,39.20432925224304,False,20.0,True,True
W936,甘肃,风电,2025,41.54869079589844,False,20.0,True,True
W939,甘肃,风电,2025,40.67836403846741,False,20.0,True,True
W954,甘肃,风电,2025,43.11077266931534,False,20.0,True,True
W955,甘肃,风电,2025,42.69153445959091,False,20.0,True,True
W957,甘肃,风电,2025,42.748195230960846,False,20.0,True,True
W982,甘肃,风电,2025,42.26277440786362,False,20.0,True,True
W983,甘肃,风电,2025,42.03668385744095,False,20.0,True,True
W984,甘肃,风电,2025,41.39581561088562,False,20.0,True,True
W992,甘肃,风电,2025,41.4932245016098,False,20.0,True,True
W994,甘肃,风电,2025,29.62586134672165,False,2.7,False,False
