ObjectId,merge_province_cn,power_type_cn,weather_year,required_15y_price_addition_cny_per_kg,public_cost_pv_100m_cny,annual_h2_t,right_censored
102,甘肃,光伏,2020,10.941950529813766,0.09613178374768251,80.9191090007814,False
103,甘肃,光伏,2020,10.855546295642853,0.04605564798053102,39.08136548951125,False
104,甘肃,光伏,2020,11.262304857373238,0.04878688684953147,39.89777705957794,False
105,甘肃,光伏,2020,13.015245348215103,0.054293687570298475,38.42849761559322,False
106,甘肃,光伏,2020,9.310864359140396,0.03562102500414237,35.42768539334859,False
107,甘肃,光伏,2020,10.192449688911438,0.042739289130281244,38.75048337952595,False
108,甘肃,光伏,2020,10.18223561346531,0.04269650087587272,38.75396609117411,False
109,甘肃,光伏,2020,12.99556016921997,0.05422917088408948,38.439917409286764,False
110,甘肃,光伏,2020,10.861319527029991,0.045885110732260176,38.915421689320524,False
111,甘肃,光伏,2020,10.796552002429962,0.04627065450721803,39.475102607567514,False
112,甘肃,光伏,2020,10.890910103917122,0.04646439765734606,39.30073059988175,False
113,甘肃,光伏,2020,12.032214626669884,0.040939647633923146,31.351799329852028,False
114,甘肃,光伏,2020,10.854707211256027,0.04644008363609813,39.40900675602653,False
115,甘肃,光伏,2020,10.831652730703354,0.046330845503896316,39.39998963791233,False
116,甘肃,光伏,2020,11.68784536421299,0.06635782521483671,52.29574575089792,False
117,甘肃,光伏,2020,11.740884929895401,0.06748419419669184,52.9482597113374,False
118,甘肃,光伏,2020,11.754504516720772,0.06757486608653046,52.95869712710562,False
119,甘肃,光伏,2020,11.650521755218506,0.132404453785961,104.67333394604837,False
121,甘肃,光伏,2020,11.598051935434341,0.05186837120621689,41.2096978674139,False
122,甘肃,光伏,2020,11.59899316728115,0.052760075813121324,41.91418356432041,False
12469,青海,光伏,2020,8.455554395914078,0.028473259436578722,31.493061197214985,False
125,甘肃,光伏,2020,12.007243484258652,0.05502810178351593,42.235426792744185,False
126,甘肃,光伏,2020,11.704392358660698,0.0554392149053574,43.64596421498792,False
12628,新疆,光伏,2020,11.498273089528084,0.03849321359072488,31.091702856881078,False
130,甘肃,光伏,2020,12.725431323051453,0.0784686632129932,56.8558136572494,False
131,甘肃,光伏,2020,11.093278750777245,0.05214595867269289,43.323179618990956,False
142,甘肃,光伏,2020,11.225801557302475,0.10213160446647532,83.80719594749472,False
146,甘肃,光伏,2020,11.23094156384468,0.05052573705603904,41.44430459166607,False
149,甘肃,光伏,2020,11.276263520121574,0.10178185625664624,83.15901723159052,False
151,甘肃,光伏,2020,11.15744948387146,0.09944105956733085,82.10266222693213,False
154,甘肃,光伏,2020,11.27592109143734,0.0503814233853197,41.164477068852456,False
155,甘肃,光伏,2020,11.926236972212791,0.05520826097431517,42.66680606702749,False
156,甘肃,光伏,2020,11.92623183131218,0.055208287668829834,42.66684508933634,False
157,甘肃,光伏,2020,11.872033551335335,0.037399616930316015,29.030851485231178,False
158,甘肃,光伏,2020,10.25073654949665,0.11869162328725112,106.88720248132508,False
159,甘肃,光伏,2020,11.25707097351551,0.09703757109906148,79.39394557709501,False
161,甘肃,光伏,2020,11.413510590791702,0.05163783193170838,41.67497343768745,False
163,甘肃,光伏,2020,11.395849138498306,0.05182264942434745,41.88895240916725,False
170,甘肃,光伏,2020,11.38045348227024,0.5057050776084239,409.3775543467734,False
171,甘肃,光伏,2020,10.471790805459023,0.09136301276150009,80.37109958583,False
172,甘肃,光伏,2020,11.317354515194893,0.29593123513121794,240.92393708557123,False
175,甘肃,光伏,2020,10.953364446759224,0.18778347785695676,157.92190972739746,False
176,甘肃,光伏,2020,10.389499962329865,0.04277454573381517,37.92427947466872,False
178,甘肃,光伏,2020,10.902334749698639,0.09640140228343717,81.43980231486037,False
179,甘肃,光伏,2020,11.213352978229523,0.21153564390128526,173.8009961119957,False
181,甘肃,光伏,2020,9.245825931429863,0.10193142760135028,102.09130632944598,False
183,甘肃,光伏,2020,12.709283083677292,0.053054260529782044,38.48596968603639,False
185,甘肃,光伏,2020,12.746904194355011,0.05279144392085572,38.183349000906986,False
187,甘肃,光伏,2020,9.70332495868206,0.17061916793314497,162.5366485886824,False
188,甘肃,光伏,2020,10.70697270333767,0.2758328039715034,237.29135949672548,False
189,甘肃,光伏,2020,11.717862635850906,0.41069035771014867,322.80848536964476,False
195,甘肃,光伏,2020,12.206696346402168,0.05023959340439695,37.934249257234534,False
199,甘肃,光伏,2020,11.42381563782692,0.37998604353869514,306.48023676336027,False
3107,内蒙古,光伏,2020,12.357328534126282,0.0562077899690198,41.93601070932369,False
3155,内蒙古,光伏,2020,13.078556656837463,0.0535874551897625,37.80335564854196,False
3164,内蒙古,光伏,2020,12.916449308395386,0.06428569006721743,45.91326407132737,False
3250,内蒙古,光伏,2020,13.053018450737,0.06945570492409571,49.09689613143162,False
3337,内蒙古,光伏,2020,13.01602117717266,0.04889637526668415,34.66214900113149,False
3340,内蒙古,光伏,2020,12.467427849769592,0.04118467444159265,30.47205694141377,False
3452,内蒙古,光伏,2020,12.48670108616352,0.2825896353600242,208.73319479317186,False
3463,内蒙古,光伏,2020,13.179463148117065,0.04711491999996984,32.98509989197392,False
3469,内蒙古,光伏,2020,13.053638711571693,0.05374435036193731,37.99219099031222,False
3523,陕西,光伏,2020,12.693140655755997,0.09039615718870264,65.70098620139805,False
3719,内蒙古,光伏,2020,12.965041548013687,0.06148091110375776,43.73945639934531,False
3785,内蒙古,光伏,2020,12.893882989883423,0.04428963760135716,31.68906420695068,False
3808,内蒙古,光伏,2020,12.586213052272797,0.06656656906894914,48.7829538565423,False
3835,内蒙古,光伏,2020,13.123754784464836,0.0396366343629979,27.871980540292107,False
3885,内蒙古,光伏,2020,12.576211988925934,0.3207982122087288,235.31471855592957,False
3910,内蒙古,光伏,2020,12.9075937718153,0.1674180011679794,119.6745813511286,False
404,甘肃,光伏,2020,10.511896312236786,0.09116496326213115,79.89200463435434,False
4040,青海,光伏,2020,6.344079449772835,0.024746426843039553,36.67790914209781,False
405,甘肃,光伏,2020,10.405682846903801,0.1831799723271529,162.15190134154437,False
4077,陕西,光伏,2020,12.244370207190514,0.045628220096844446,34.37099290861236,False
4107,陕西,光伏,2020,12.451053634285927,0.05314471782033473,39.37177534793139,False
4117,青海,光伏,2020,6.344079449772835,0.024746426843039553,36.67790914209781,False
4126,青海,光伏,2020,6.344079226255417,0.03711963861961438,55.01686321347056,False
4127,青海,光伏,2020,6.320653259754181,0.024641204750079023,36.65502291807915,False
4128,青海,光伏,2020,6.320653259754181,0.024641204750079023,36.65502291807915,False
4129,青海,光伏,2020,6.320653259754181,0.024641204750079023,36.65502291807915,False
413,甘肃,光伏,2020,11.445068344473839,0.11655525852528073,93.81061817850602,False
4130,青海,光伏,2020,6.319923922419548,0.025500367176060523,37.937447527726256,False
4132,青海,光伏,2020,6.319923922419548,0.025500367176060523,37.937447527726256,False
4133,青海,光伏,2020,6.319923922419548,0.025500367176060523,37.937447527726256,False
4134,青海,光伏,2020,6.381513029336929,0.024885033571314445,36.66240064092286,False
4135,青海,光伏,2020,6.381513029336929,0.024885033571314445,36.66240064092286,False
4136,青海,光伏,2020,6.381512805819511,0.03732754896690459,54.993600839631945,False
4139,青海,光伏,2020,6.191133633255959,0.025487128583977673,38.7210093761505,False
4141,青海,光伏,2020,6.1722079664468765,0.0241984749449042,36.87596412312591,False
4144,青海,光伏,2020,6.23722068965435,0.02435959865428325,36.750461756234614,False
4145,青海,光伏,2020,6.23722068965435,0.02435959865428325,36.750461756234614,False
4146,青海,光伏,2020,6.2757135182619095,0.03692747486854642,55.33173754353301,False
4147,青海,光伏,2020,6.2766024470329285,0.024461122390978193,36.647096012175325,False
4148,青海,光伏,2020,6.2766024470329285,0.024461122390978193,36.647096012175325,False
4151,青海,光伏,2020,6.181841343641281,0.024235506961886262,36.87484404140651,False
4154,青海,光伏,2020,7.0686522871255875,0.027248915674331225,36.12936819947412,False
4160,青海,光伏,2020,7.068652510643005,0.06812229138700525,90.3234205611173,False
4161,青海,光伏,2020,7.042278349399567,0.04068121803036521,54.146040162484,False
4163,青海,光伏,2020,7.071099802851677,0.04101184154440724,54.35633587076382,False
4165,青海,光伏,2020,6.9914717227220535,0.06683949614000965,89.6266806279921,False
4167,青海,光伏,2020,7.064318954944611,0.040790647232396574,54.117541385994556,False
4173,青海,光伏,2020,7.631286531686783,0.028389028741757374,34.7742279984587,False
4176,青海,光伏,2020,7.012681737542152,0.026912708066826895,35.97635202491561,False
4179,青海,光伏,2020,7.0686522871255875,0.027248915674331225,36.12936819947412,False
418,甘肃,光伏,2020,11.45472563803196,0.05201203472092682,41.82709170504102,False
4180,青海,光伏,2020,7.0686522871255875,0.04087337354418946,54.19405234255835,False
4182,青海,光伏,2020,7.068652510643005,0.06812229138700525,90.3234205611173,False
4189,青海,光伏,2020,7.068652510643005,0.06812229138700525,90.3234205611173,False
4191,青海,光伏,2020,8.907262533903122,0.03299962510554823,34.527571373898596,False
4192,青海,光伏,2020,6.2196481972932816,0.032862207322497027,49.68114480826977,False
4193,青海,光伏,2020,7.538861632347107,0.03313499349653855,41.25412490293009,False
4195,青海,光伏,2020,6.067459657788277,0.022073804038340115,34.23289655780964,False
4197,青海,光伏,2020,7.738006263971329,0.07579639512701736,91.6541747971911,False
4199,青海,光伏,2020,6.128917559981346,0.021986510981612886,33.75017507032996,False
420,甘肃,光伏,2020,11.459316462278366,0.05203061720590114,41.82584756050943,False
421,甘肃,光伏,2020,12.785949110984802,0.04564510791499163,32.900078881494366,False
422,甘肃,光伏,2020,11.556558609008789,0.07235987422319468,57.68243893423906,False
4242,青海,光伏,2020,6.244467347860336,0.024238717907874085,36.521157779792134,False
4250,青海,光伏,2020,6.244467347860336,0.024238717907874085,36.521157779792134,False
4256,青海,光伏,2020,6.3316648453474045,0.03687537673167828,54.7551377647788,False
428,甘肃,光伏,2020,9.273457825183868,0.07505291142009182,74.92096491914393,False
4298,青海,光伏,2020,6.362359598278999,0.024707619317752352,36.50831471012352,False
430,甘肃,光伏,2020,9.260100424289703,0.04995663435400227,49.94503099883429,False
4309,青海,光伏,2020,7.01925091445446,0.026927462202347475,35.957591805007205,False
4326,青海,光伏,2020,7.064860761165619,0.033900837143434205,44.97328145774349,False
433,甘肃,光伏,2020,9.531510472297668,0.158197243856251,153.4604217436146,False
435,甘肃,光伏,2020,12.087427452206612,0.04249361821013077,32.38918362340779,False
4364,陕西,光伏,2020,12.565011754631996,0.04866561276343123,35.72747256065652,False
4369,陕西,光伏,2020,11.83273270726204,0.045012316924987826,35.076917029665545,False
437,甘肃,光伏,2020,11.538354903459549,0.12874490654214965,102.76826755096572,False
438,甘肃,光伏,2020,10.39004310965538,0.042106788302700454,37.41743385990462,False
4394,陕西,光伏,2020,12.997668832540512,0.046478541049221146,32.99469251925641,False
440,甘肃,光伏,2020,9.477185904979706,0.10489052538289802,102.36010231610273,False
4420,青海,光伏,2020,6.244467347860336,0.024238717907874085,36.521157779792134,False
443,甘肃,光伏,2020,9.277409613132477,0.05004174637377353,49.93678029226757,False
4456,青海,光伏,2020,5.885919705033302,0.02213658123562796,35.399848790199144,False
447,甘肃,光伏,2020,11.075965985655785,0.03948724450170346,32.841251694848154,False
4479,青海,光伏,2020,6.538448631763458,0.040012821365073246,57.66977843788489,False
4535,青海,光伏,2020,7.064860761165619,0.027120669680531874,35.97862512080408,False
454,甘肃,光伏,2020,12.479940354824066,0.04356135936930654,32.16892486768796,False
4541,青海,光伏,2020,7.028832212090492,0.026966499568449903,35.96063399073645,False
457,甘肃,光伏,2020,12.377836480736732,0.05645869014886698,42.042981477806904,False
459,甘肃,光伏,2020,12.182725444436073,0.45907416508783,347.1703232872461,False
4603,青海,光伏,2020,7.069805860519409,0.02725563011936855,36.13237424300832,False
4609,青海,光伏,2020,6.798011362552643,0.03370522584695153,46.51306240591991,False
461,甘肃,光伏,2020,12.254171445965767,0.3085168087584819,231.9716533681538,False
4615,青海,光伏,2020,7.064860761165619,0.033900837143434205,44.97328145774349,False
463,甘肃,光伏,2020,12.185020744800568,0.1530697174848321,115.73884697996215,False
464,甘肃,光伏,2020,12.18502052128315,0.3061394293268805,231.47769393945035,False
4642,青海,光伏,2020,6.798011362552643,0.040446270961377394,55.81567481125321,False
465,甘肃,光伏,2020,12.231691181659698,0.04604802037116737,34.68586645941714,False
466,甘肃,光伏,2020,12.184408977627754,0.07500114630003275,56.712602461524384,False
467,甘肃,光伏,2020,12.185021415352821,0.12245578052900502,92.59107743447896,False
4670,青海,光伏,2020,6.798011586070061,0.02696418153047069,37.21044987827416,False
4677,青海,光伏,2020,7.8847092390060425,0.029128305549611044,34.54034592646401,False
468,甘肃,光伏,2020,12.184454798698425,0.15306404228833803,115.73993152166558,False
4687,青海,光伏,2020,7.884354069828987,0.029126975495718004,34.54032462815541,False
4690,青海,光伏,2020,6.798011362552643,0.040446270961377394,55.81567481125321,False
4693,青海,光伏,2020,7.785257175564766,0.029747255730946266,35.74252738487056,False
470,甘肃,光伏,2020,12.221448719501495,0.09237859124167003,69.63809309551921,False
4709,青海,光伏,2020,6.965294927358627,0.04121234449149063,55.40908886994274,False
4710,青海,光伏,2020,7.546539902687073,0.047712524035249206,59.15025872303557,False
4712,青海,光伏,2020,6.285189539194107,0.030300874975715084,45.43988560269823,False
4716,青海,光伏,2020,7.759826481342316,0.07336697043404566,88.44227206707518,False
4718,青海,光伏,2020,7.832134366035461,0.058129935012798103,69.37842412898095,False
4724,青海,光伏,2020,7.832134366035461,0.058129935012798103,69.37842412898095,False
4726,青海,光伏,2020,7.920241132378578,0.03254904970175026,38.42351160308753,False
474,甘肃,光伏,2020,12.211610823869705,0.061543287892961866,46.431416902865,False
4746,青海,光伏,2020,6.288438141345978,0.030038536765551103,45.0179149489978,False
475,甘肃,光伏,2020,12.695311903953552,0.03826724404411556,27.777654236990145,False
4752,青海,光伏,2020,6.288438141345978,0.030038536765551103,45.0179149489978,False
4756,青海,光伏,2020,7.78521291911602,0.059494122745153345,71.48499407795114,False
4766,青海,光伏,2020,6.918732672929764,0.026831401085870978,36.33436135995213,False
4773,青海,光伏,2020,9.55723263323307,0.04030697055787316,39.311086006656566,False
4785,青海,光伏,2020,7.925452440977097,0.031014903694412583,36.58322138149641,False
4795,青海,光伏,2020,6.495042443275452,0.039965539042752095,57.99681183369389,False
4802,青海,光伏,2020,6.528621464967728,0.026458565024227654,38.18941588164395,False
4804,青海,光伏,2020,8.080768436193466,0.0853188133850104,98.71639538009053,False
4809,青海,光伏,2020,6.528621464967728,0.026458565024227654,38.18941588164395,False
4824,青海,光伏,2020,6.53734490275383,0.0397326152634713,57.26883272183961,False
483,甘肃,光伏,2020,11.92938432097435,0.13898910991776106,107.32804015636235,False
4831,青海,光伏,2020,6.537344679236412,0.02648840917738609,38.179221681090176,False
4838,青海,光伏,2020,6.53536856174469,0.026473922442356017,38.167622779403565,False
4843,青海,光伏,2020,6.527238115668297,0.0267055136112118,38.554022497909905,False
485,甘肃,光伏,2020,10.94419352710247,0.19323138342874438,162.6284807156912,False
4850,青海,光伏,2020,6.287192478775978,0.024670679444561222,36.898793098988136,False
4857,青海,光伏,2020,6.287192478775978,0.024670679444561222,36.898793098988136,False
486,甘肃,光伏,2020,10.854981914162636,0.036844795275136975,31.26695292587796,False
4863,青海,光伏,2020,6.287192478775978,0.024670679444561222,36.898793098988136,False
4868,青海,光伏,2020,6.28719225525856,0.03700601779022477,55.34818955723593,False
4874,青海,光伏,2020,6.28719225525856,0.03700601779022477,55.34818955723593,False
4879,青海,光伏,2020,6.312391385436058,0.02459930143371196,36.6382890085627,False
4882,青海,光伏,2020,7.078527957201004,0.027163730456963162,35.9613121207242,False
4889,青海,光伏,2020,7.060497030615807,0.02710575950942727,35.97942147233869,False
4897,青海,光伏,2020,6.754053309559822,0.07080139421471428,98.3415172702587,False
4903,青海,光伏,2020,7.025201618671417,0.026945057937544637,35.948208652456486,False
491,甘肃,光伏,2020,10.927272140979767,0.14483069929561102,122.07527369092331,False
4911,青海,光伏,2020,6.3597457855939865,0.02479912225119162,36.66317549358946,False
4928,青海,光伏,2020,6.314314529299736,0.024613343337854456,36.65262491284904,False
4933,青海,光伏,2020,6.314314529299736,0.03692001489044532,54.97893719603286,False
495,甘肃,光伏,2020,12.05215148627758,0.04113456227038371,31.44938917772633,False
4957,青海,光伏,2020,6.344079449772835,0.024746426843039553,36.67790914209781,False
4960,青海,光伏,2020,7.735683470964432,0.047616626603033514,57.59203280742561,False
4980,青海,光伏,2020,6.538431867957115,0.02667605581662452,38.44783047903495,False
4981,青海,光伏,2020,6.664902493357658,0.027412352516309236,38.73403933281887,False
4983,青海,光伏,2020,6.56814381480217,0.02712330549883646,38.91331054114719,False
4986,青海,光伏,2020,6.664902493357658,0.027412352516309236,38.73403933281887,False
4987,青海,光伏,2020,6.538444384932518,0.026741148614799082,38.53474835987436,False
499,甘肃,光伏,2020,13.156325966119766,0.04136092083189078,28.990029196012784,False
4997,青海,光伏,2020,7.628611922264099,0.028380133500016932,34.7755201647089,False
4998,青海,光伏,2020,6.36798195540905,0.02482514618725386,36.64958711844069,False
501,甘肃,光伏,2020,13.156325966119766,0.03906309221801371,27.379472243606465,False
518,甘肃,光伏,2020,11.390585079789162,0.1997715195923275,161.5704292245372,False
521,甘肃,光伏,2020,11.607120037078857,0.16608051466707477,131.85058239460412,False
525,甘肃,光伏,2020,12.03253336250782,0.04410261212607411,33.779628622393275,False
527,甘肃,光伏,2020,11.657499745488167,0.05271950512923629,41.674623895936726,False
528,甘肃,光伏,2020,11.77943766117096,0.04250307418624767,33.24526890781552,False
533,甘肃,光伏,2020,11.274381503462791,0.30569563584921006,249.77384985935703,False
539,甘肃,光伏,2020,12.718896120786667,0.0382738984072326,27.741666724458977,False
540,甘肃,光伏,2020,11.274380832910538,0.20379708057318005,166.51590164497657,False
541,甘肃,光伏,2020,11.2396589666605,0.20288424145969397,166.27986652683063,False
542,甘肃,光伏,2020,11.644041314721107,0.05266769239197204,41.681213423115395,False
544,甘肃,光伏,2020,11.500007584691048,0.04868616838911078,39.01335044233594,False
545,甘肃,光伏,2020,11.669620648026466,0.05276549624672705,41.66822930823436,False
548,甘肃,光伏,2020,12.612169459462166,0.04608124418432369,33.668381944222794,False
5526,陕西,光伏,2020,13.138219937682152,0.07335242501627404,51.51301812277669,False
555,甘肃,光伏,2020,11.754728257656097,0.053684798930814334,42.08087402189275,False
556,甘肃,光伏,2020,12.894018217921257,0.047555819633882064,33.992800631126585,False
5966,陕西,光伏,2020,12.407419681549072,0.052729320489223575,39.20249424105035,False
6001,新疆,光伏,2020,9.775791093707085,0.03443956599419235,32.7822817171614,False
6004,新疆,光伏,2020,9.701658189296722,0.03390423279483186,32.524378428881235,False
6005,新疆,光伏,2020,9.779392406344414,0.03445966790083238,32.79444370967754,False
6006,新疆,光伏,2020,10.362540408968925,0.038512731770475865,34.5620155557176,False
6007,新疆,光伏,2020,10.086415261030197,0.0413312647593005,38.1426047443959,False
6014,新疆,光伏,2020,9.441085830330849,0.03332866881186452,32.877522372313614,False
6016,新疆,光伏,2020,9.329077899456024,0.03930254497979801,39.22999302544999,False
6017,新疆,光伏,2020,8.037038818001747,0.06792979612127502,78.87708192359557,False
6020,新疆,光伏,2020,9.474215358495712,0.03305479168624214,32.4958239732651,False
6021,新疆,光伏,2020,9.439785182476044,0.0333257911556682,32.87921326210064,False
6022,新疆,光伏,2020,9.448815286159515,0.03335364673211554,32.87272128055597,False
6024,新疆,光伏,2020,9.463390186429024,0.03334715093328242,32.820740074083076,False
6025,新疆,光伏,2020,9.329077899456024,0.03930254497979801,39.22999302544999,False
6026,新疆,光伏,2020,9.77663666009903,0.03194439541031205,30.39742604638476,False
6027,新疆,光伏,2020,9.329077899456024,0.03930254497979801,39.22999302544999,False
6030,新疆,光伏,2020,8.11766467988491,0.0605910985006824,69.6517727816231,False
6031,新疆,光伏,2020,8.533231392502785,0.11851756021164525,129.37156632785926,False
6032,新疆,光伏,2020,8.533231616020203,0.06584309087869897,71.87309256543045,False
6035,新疆,光伏,2020,9.774778559803963,0.03443983587179108,32.788489222027614,False
6036,新疆,光伏,2020,8.640608936548233,0.39054781176641146,420.7901926086945,False
6037,新疆,光伏,2020,9.05578762292862,0.11277628241729015,115.72583407700328,False
6047,新疆,光伏,2020,9.830430373549461,0.0358728780447919,33.99095336239077,False
6056,新疆,光伏,2020,10.328970104455948,0.041346187852051366,37.17976817522311,False
6057,新疆,光伏,2020,8.4634680300951,0.043490456395700955,47.90832069736374,False
6059,新疆,光伏,2020,8.541346192359924,0.04112576021883692,44.85289695479306,False
6060,新疆,光伏,2020,7.66216479241848,0.04083104477687033,49.73081706641477,False
6061,新疆,光伏,2020,9.02537114918232,0.03491733613510122,35.98083445450439,False
6063,新疆,光伏,2020,8.530776053667068,0.043483275246253346,47.479196804584106,False
6065,新疆,光伏,2020,11.489816531538963,0.0371039846530822,29.853135534206917,False
6066,新疆,光伏,2020,8.690158277750015,0.08990086186314193,96.2577489426499,False
6067,新疆,光伏,2020,7.528717294335365,0.029055139640519964,36.02569755915066,False
6068,新疆,光伏,2020,8.657814860343933,0.030216517417041146,32.53388800957375,False
6069,新疆,光伏,2020,7.510849311947823,0.029528519953456383,36.69706556950878,False
6070,新疆,光伏,2020,7.510844171047211,0.04921420364218155,61.161822434990604,False
6071,新疆,光伏,2020,11.376747339963913,0.036518435609811245,29.70190454794719,False
6076,新疆,光伏,2020,8.500146567821503,0.0757385624481465,83.05972651677675,False
6078,新疆,光伏,2020,10.085317343473434,0.03567530713389416,32.88790145573129,False
6079,新疆,光伏,2020,11.174755990505219,0.03830283673976583,31.724564077352206,False
6081,新疆,光伏,2020,9.831999465823174,0.03799654150550516,35.83267214200356,False
6082,新疆,光伏,2020,8.548576980829239,0.2927868131090874,318.9780110520934,False
6083,新疆,光伏,2020,7.537255212664604,0.08007373773552871,99.19326380431886,False
6085,新疆,光伏,2020,9.59723062813282,0.040025812964867756,38.80251066208906,False
6086,新疆,光伏,2020,8.07286262512207,0.37502702367957824,433.532431171775,False
6089,新疆,光伏,2020,8.07286262512207,0.08333933897345604,96.340540697357,False
6091,新疆,光伏,2020,10.860560908913612,0.03712063268261437,31.722844901468164,False
6096,新疆,光伏,2020,10.362540408968925,0.038512731770475865,34.5620155557176,False
6097,新疆,光伏,2020,9.07175324857235,0.03545401776246206,36.450416208176115,False
6098,新疆,光伏,2020,9.08517949283123,0.05918877717967961,60.451565618228244,False
6099,新疆,光伏,2020,10.105868205428123,0.039393461906313425,36.24169726068255,False
6100,新疆,光伏,2020,9.349390715360641,0.03678907267361818,36.65263377134643,False
6101,新疆,光伏,2020,8.410023897886276,0.06165711683952337,68.36229415794186,False
6102,新疆,光伏,2020,8.182443156838417,0.46350998410487987,528.0112032389728,False
6103,新疆,光伏,2020,10.236685797572136,0.036673824337544736,33.28899116938499,False
6104,新疆,光伏,2020,10.422005876898766,0.0458624629756655,40.80555804494522,False
6105,新疆,光伏,2020,11.109838262200356,0.040145351879432245,33.54620561178862,False
6106,新疆,光伏,2020,9.428035318851471,0.03798255921076409,37.49711213869846,False
6108,新疆,光伏,2020,10.98210945725441,0.03844276938364808,32.47303035617103,False
6110,新疆,光伏,2020,10.773198902606964,0.03620332781190729,31.19749233432543,False
6111,新疆,光伏,2020,7.504663467407227,0.029404809077117514,36.63658694169431,False
6112,新疆,光伏,2020,7.560357302427292,0.3176153510242917,392.73059568792587,False
6114,新疆,光伏,2020,7.2777606546878815,0.04476014083797302,57.57546004968882,False
6117,甘肃,光伏,2020,11.755003407597542,0.052599741939802006,41.22711753081856,False
6120,新疆,光伏,2020,8.414952456951141,0.040477474305702525,44.805506924779166,False
6123,新疆,光伏,2020,9.682068675756454,0.03933408127868167,37.72446825671875,False
6124,新疆,光伏,2020,7.2777606546878815,0.04476014083797302,57.57546004968882,False
6125,新疆,光伏,2020,10.03909818828106,0.04032634658021703,37.31881971232927,False
6129,新疆,光伏,2020,7.616699114441872,0.3267671591878096,400.5103042371897,False
6133,新疆,光伏,2020,7.6649440079927444,0.1312554954883902,159.96820276307398,False
6140,新疆,光伏,2020,8.421860039234161,0.04120480603962188,45.58711872292025,False
6142,新疆,光伏,2020,9.871715158224106,0.03430016783925866,32.299273513615496,False
6143,新疆,光伏,2020,7.213301807641983,0.0884368251004292,114.85255914142736,False
6149,新疆,光伏,2020,8.63619826734066,0.32821808829009597,353.84186358693177,False
6151,新疆,光伏,2020,10.100610181689262,0.03888946544129631,35.82760550381262,False
6154,新疆,光伏,2020,11.322190761566162,0.03684621406946369,30.118110425324165,False
6158,新疆,光伏,2020,10.425352603197098,0.03955966718411917,35.28487453926246,False
6165,新疆,光伏,2020,8.673447668552399,0.2793036880435215,299.76923176225966,False
6167,新疆,光伏,2020,10.3892632573843,0.039000905220672684,34.912836442622854,False
6169,新疆,光伏,2020,9.849628955125809,0.03409003055968929,32.23620444697318,False
6172,新疆,光伏,2020,10.180958434939384,0.03976133036535016,36.17509524386544,False
6175,新疆,光伏,2020,8.947592675685883,0.040481473240570824,42.20613429442011,False
6176,新疆,光伏,2020,10.140942335128784,0.04230452734819781,38.702447592568454,False
6178,新疆,光伏,2020,7.201467454433441,0.11158282802587671,144.93980643394883,False
6183,新疆,光伏,2020,8.414557501673698,0.041257405677507894,45.68840163767084,False
6186,新疆,光伏,2020,8.947592675685883,0.040481473240570824,42.20613429442011,False
6189,新疆,光伏,2020,7.246610373258591,0.07557547543373823,97.54304525146317,False
6190,新疆,光伏,2020,8.34031842648983,0.05560580599987862,62.12119447378989,False
6191,新疆,光伏,2020,8.746241480112076,0.04256410493846117,45.27804199879558,False
6197,新疆,光伏,2020,7.201467677950859,0.5951084339839198,773.0123001693227,False
6205,新疆,光伏,2020,9.885444715619087,0.03731192182048646,35.15235837694479,False
6212,新疆,光伏,2020,10.40751837193966,0.03949966083306138,35.29450975287086,False
6214,新疆,光伏,2020,8.675812929868698,0.13969620314455328,149.89134976888266,False
6215,新疆,光伏,2020,6.881694048643112,0.07017079626866943,95.4826430478631,False
6219,新疆,光伏,2020,9.134338796138763,0.05004500918793331,50.89171639767102,False
6224,新疆,光伏,2020,7.249962463974953,0.18321515324588278,236.37768622840719,False
6230,新疆,光伏,2020,8.385170325636864,0.06140059378558651,68.38988527610984,False
6233,新疆,光伏,2020,11.078318729996681,0.03709296170457474,31.02170694205047,False
6239,新疆,光伏,2020,11.538534387946129,0.039982451272900094,32.041751123702184,False
6247,新疆,光伏,2020,7.590940967202187,0.3514129455454975,432.67822450243193,False
6251,新疆,光伏,2020,9.864056333899498,0.03999137120626789,37.752614070034895,False
6253,新疆,光伏,2020,8.675812929868698,0.13969620314455328,149.89134976888266,False
6259,新疆,光伏,2020,7.5633227080106735,0.3283406441307827,405.4555108788049,False
6260,新疆,光伏,2020,10.405187532305717,0.039051622532857835,34.90198635942688,False
6261,新疆,光伏,2020,8.73914659023285,0.030480202578353956,32.527043753631894,False
6263,新疆,光伏,2020,9.324399679899216,0.03602337072301958,35.99421177566342,False
6268,新疆,光伏,2020,8.42654787003994,0.39763037892025205,439.16823324089256,False
6270,新疆,光伏,2020,7.275700941681862,0.04474668945372847,57.57445180089908,False
6272,新疆,光伏,2020,9.228030368685722,0.03820030875086245,38.62030005336449,False
6276,新疆,光伏,2020,8.618264570832253,0.2967058349882288,320.5598159361034,False
6277,新疆,光伏,2020,10.378727540373802,0.03896906648139337,34.92249508641594,False
6280,新疆,光伏,2020,9.435618817806244,0.03306454476370494,32.64087677432112,False
6286,新疆,光伏,2020,9.680338203907013,0.03751323415971303,36.09637862717298,False
6288,新疆,光伏,2020,9.063229188323021,0.61503189524281,630.8676643522045,False
6289,新疆,光伏,2020,9.276657700538635,0.03483725533581797,34.993528177442684,False
6290,新疆,光伏,2020,9.669524431228638,0.041447687096519206,39.82575113779925,False
6294,新疆,光伏,2020,8.974633812904358,0.05720709545086827,59.301376415104635,False
6295,新疆,光伏,2020,7.42636576294899,0.042362901410802595,53.36059663077011,False
6301,新疆,光伏,2020,10.99910482764244,0.03918768798140944,33.017976540159275,False
6321,新疆,光伏,2020,8.044816330075264,0.03647735700325471,42.363790649762485,False
6322,新疆,光伏,2020,9.126759096980095,0.09268863697651113,94.33510758880713,False
6323,新疆,光伏,2020,8.726736679673195,0.039487944094020726,42.233745705033336,False
6324,新疆,光伏,2020,10.220051407814026,0.03838221639976832,34.94976260578739,False
6325,新疆,光伏,2020,10.220051407814026,0.03838221639976832,34.94976260578739,False
6326,新疆,光伏,2020,10.223195627331734,0.038392961037092305,34.948794301820044,False
6327,新疆,光伏,2020,10.223195627331734,0.038392961037092305,34.948794301820044,False
6328,新疆,光伏,2020,8.733718022704124,0.03950495200433366,42.215413933491426,False
6329,新疆,光伏,2020,10.125123336911201,0.03298052704692092,30.31976047655139,False
6331,新疆,光伏,2020,10.372005477547646,0.036075591844769085,32.345338522599384,False
6332,新疆,光伏,2020,10.160088613629341,0.03493870642111338,32.01932268548033,False
6334,新疆,光伏,2020,8.768982589244843,0.03628723897228328,38.61527865620813,False
6335,新疆,光伏,2020,10.149991437792778,0.03491135882405904,32.02855562512152,False
6336,新疆,光伏,2020,10.155589431524277,0.03492997742241305,32.02797250420958,False
6337,新疆,光伏,2020,8.774809017777443,0.03630042678213947,38.600802670773625,False
6339,新疆,光伏,2020,9.864056333899498,0.03999137120626789,37.752614070034895,False
6341,新疆,光伏,2020,10.170248821377754,0.034973033911757,32.01629234647176,False
6342,新疆,光伏,2020,10.702554881572723,0.03940290987758334,34.184378586365234,False
6344,新疆,光伏,2020,9.184052422642708,0.04076447907595492,41.3570766181272,False
6345,新疆,光伏,2020,10.411470383405685,0.04033743985360998,35.99398954672208,False
6347,新疆,光伏,2020,10.662787109613419,0.03915842240311661,34.10730514345162,False
6349,新疆,光伏,2020,10.364757254719734,0.03604494089510802,32.33790518087601,False
6350,新疆,光伏,2020,8.89979638159275,0.03727552931377409,39.063577244251114,False
6351,新疆,光伏,2020,11.294082328677177,0.040002799738342365,32.87368978348925,False
6352,新疆,光伏,2020,10.04923827946186,0.04024276004322784,37.18274710824964,False
6353,新疆,光伏,2020,11.581892743706703,0.03852030926427175,30.791088245402676,False
6356,新疆,光伏,2020,10.065567344427109,0.03474179824975432,32.110395000545864,False
6358,新疆,光伏,2020,7.390371412038803,0.08189892307111299,103.57497158552195,False
6360,新疆,光伏,2020,7.390371412038803,0.04094946154925955,51.787485810090786,False
6361,新疆,光伏,2020,7.345254644751549,0.08432833617397026,107.31007696392534,False
6362,新疆,光伏,2020,8.302740007638931,0.5059995160768131,568.7839625815304,False
6363,新疆,光伏,2020,10.950161442160606,0.04290669919054444,36.33741925851829,False
6364,新疆,光伏,2020,9.748896136879921,0.035670060491895146,34.06046317097107,False
6365,新疆,光伏,2020,8.341116830706596,0.05086058617560479,56.89569860342975,False
6367,新疆,光伏,2020,10.490761622786522,0.03762823458158463,33.33702708341699,False
6368,新疆,光伏,2020,10.846277698874474,0.03737768673514164,31.98195389911736,False
6369,新疆,光伏,2020,11.539314463734627,0.038419626408149846,30.837104907160953,False
6371,新疆,光伏,2020,10.184021517634392,0.036978113140366406,33.78244164549569,False
6372,新疆,光伏,2020,8.69553878903389,0.03803582844462824,40.82093738693708,False
6374,新疆,光伏,2020,8.702084496617317,0.03837463391119575,41.15052739245419,False
6375,新疆,光伏,2020,8.708263635635376,0.03808199293596971,40.80471764761686,False
6376,新疆,光伏,2020,11.316354274749756,0.03868039609459638,31.649992620058725,False
6378,新疆,光伏,2020,11.333740130066872,0.03824199511917022,31.23791962146214,False
6379,新疆,光伏,2020,11.336431503295898,0.03825320342986036,31.239656770828752,False
6380,新疆,光伏,2020,9.105481579899788,0.04090757141193735,41.802312685226774,False
6381,新疆,光伏,2020,10.086415261030197,0.0413312647593005,38.1426047443959,False
6385,新疆,光伏,2020,8.58447052538395,0.03691624964284214,40.09910747710219,False
6386,新疆,光伏,2020,9.851504042744637,0.03698662468572716,34.89119567158662,False
6387,新疆,光伏,2020,7.19368502497673,0.04209636630238976,54.80449219769064,False
6388,新疆,光伏,2020,8.27420823276043,0.12219127822618117,138.00494910050082,False
6389,新疆,光伏,2020,8.492901250720024,0.0742056067661731,81.46029658924657,False
6390,新疆,光伏,2020,11.31657600402832,0.038681847674136426,31.650560214295613,False
6394,新疆,光伏,2020,7.215280830860138,0.08524892088701547,110.62143740333447,False
6395,新疆,光伏,2020,9.931542724370956,0.03553481328188716,33.307303134141605,False
6402,新疆,光伏,2020,9.864056333899498,0.03999137120626789,37.752614070034895,False
6403,新疆,光伏,2020,9.934985563158989,0.03590749519684922,33.639743023666725,False
6405,新疆,光伏,2020,8.690158054232597,0.5394051569565446,577.5464932828646,False
6406,新疆,光伏,2020,9.835609942674637,0.036697390818604375,34.76186675633394,False
6407,新疆,光伏,2020,9.838708341121674,0.033145361396528905,31.365627351750593,False
6411,新疆,光伏,2020,8.602928593754768,0.03736340065895693,40.4885942791516,False
6412,新疆,光伏,2020,10.380020812153816,0.038973706586811076,34.922301764666706,False
6414,新疆,光伏,2020,9.939246252179146,0.03329159947610732,31.143942585148125,False
6415,新疆,光伏,2020,7.194691523909569,0.029258746109742568,38.04924176092968,False
6417,新疆,光伏,2020,8.595399633049965,0.03733794587406445,40.49950257619215,False
6418,新疆,光伏,2020,10.995682552456856,0.040125029237016,33.85781998013166,False
6419,新疆,光伏,2020,10.380020812153816,0.038973706586811076,34.922301764666706,False
6420,新疆,光伏,2020,9.645432159304619,0.033222923060651555,32.08625523295368,False
6423,新疆,光伏,2020,9.654690697789192,0.03309797957661203,31.920224248053472,False
6424,新疆,光伏,2020,9.892890527844429,0.03930037622631988,36.95771546504724,False
6427,新疆,光伏,2020,9.932521060109138,0.035906292313748256,33.649573516135696,False
6428,新疆,光伏,2020,8.271078765392303,0.062223201308843505,70.15415933263178,False
6429,新疆,光伏,2020,8.598806038498878,0.03736446303977265,40.51525799717117,False
6430,新疆,光伏,2020,9.701658189296722,0.03390423279483186,32.524378428881235,False
6434,新疆,光伏,2020,9.884039014577866,0.03927224837183361,36.96723015095617,False
6435,新疆,光伏,2020,7.6026152819395065,0.1140839743275992,140.41860916752634,False
6436,新疆,光伏,2020,8.926390260457993,0.03337091008985417,34.89306584103288,False
6437,新疆,光伏,2020,9.63841862976551,0.03364624019880096,32.50375762613426,False
6440,新疆,光伏,2020,9.701150804758072,0.03640907376733919,34.929102661504835,False
6443,新疆,光伏,2020,9.86162893474102,0.040327186785734714,37.981970666614586,False
6444,新疆,光伏,2020,9.63869422674179,0.03364731158104082,32.503863226720036,False
6447,新疆,光伏,2020,7.649661228060722,0.17498589506471857,213.36420006952216,False
6448,新疆,光伏,2020,9.921616539359093,0.03521614352223604,32.99502651992553,False
6451,新疆,光伏,2020,8.463250994682312,0.04177390202003041,45.97666639656393,False
6453,新疆,光伏,2020,9.662333652377129,0.033679948305354986,32.4557912397534,False
6456,新疆,光伏,2020,9.921616539359093,0.03521614352223604,32.99502651992553,False
6460,新疆,光伏,2020,10.394344478845596,0.03438740390073899,30.748386253413777,False
6465,新疆,光伏,2020,7.322178035974503,0.053637833316012754,68.46582389458169,False
6467,新疆,光伏,2020,7.460645958781242,0.026970997779583363,33.771141345116405,False
6468,新疆,光伏,2020,8.04262027144432,0.057250904237463575,66.46455266310532,False
6475,新疆,光伏,2020,8.442191407084465,0.12861987881048167,142.07449846580462,False
6476,新疆,光伏,2020,8.04262027144432,0.057250904237463575,66.46455266310532,False
6477,新疆,光伏,2020,9.765092208981514,0.035372971024067223,33.70239671128203,False
6480,新疆,光伏,2020,8.62506777048111,0.029444904392877055,31.84496285043969,False
6485,新疆,光伏,2020,7.583845630288124,0.031111944953599306,38.31777075223423,False
6487,新疆,光伏,2020,8.286856859922409,0.038276156371568636,43.091962031350064,False
6488,新疆,光伏,2020,9.756992161273956,0.03535017752556619,33.71127477673132,False
6489,新疆,光伏,2020,9.747071787714958,0.03581363079143581,34.19333398247369,False
6493,新疆,光伏,2020,9.741008877754211,0.03579793288577918,34.202280463158516,False
6494,新疆,光伏,2020,9.353574514389038,0.03389297029330108,33.76247768763064,False
6496,新疆,光伏,2020,8.098385855555534,0.03566690210120432,41.127779066541656,False
6498,新疆,光伏,2020,10.40400579571724,0.04005177302084414,35.75313419429753,False
6502,新疆,光伏,2020,9.059238284826279,0.031327274953970544,32.26180942374974,False
6505,新疆,光伏,2020,9.369358867406845,0.03393747794437482,33.74471438907088,False
6507,新疆,光伏,2020,10.699163228273392,0.040771994032139235,35.39199931312799,False
6508,新疆,光伏,2020,9.834244027733803,0.036937788519930646,34.91278697107335,False
6514,新疆,光伏,2020,9.340417385101318,0.03384992164000612,33.76966218800969,False
6516,新疆,光伏,2020,10.33911980688572,0.041366842769065305,37.15578570190274,False
6518,新疆,光伏,2020,8.486927300691605,0.03610415680048605,39.658779495627975,False
6522,新疆,光伏,2020,9.113630577921867,0.03467704940359002,35.482478385792284,False
6528,新疆,光伏,2020,7.527690008282661,0.0504665329300342,62.573791065735215,False
6529,新疆,光伏,2020,10.33911980688572,0.041366842769065305,37.15578570190274,False
6531,新疆,光伏,2020,10.098123997449875,0.04020637346968563,37.07293915238262,False
6532,新疆,光伏,2020,9.680409505963326,0.03697108558527005,35.56078084752974,False
6536,新疆,光伏,2020,7.510844171047211,0.04921420364218155,61.161822434990604,False
6537,新疆,光伏,2020,10.418787002563477,0.04010559415320784,35.747480400348316,False
6538,新疆,光伏,2020,7.916695475578308,0.08280136463063069,97.49011792086776,False
6539,新疆,光伏,2020,9.680409505963326,0.03697108558527005,35.56078084752974,False
6546,新疆,光伏,2020,9.848613739013672,0.03560446683225639,33.64052790565024,False
6548,新疆,光伏,2020,7.916695475578308,0.08280136463063069,97.49011792086776,False
6552,新疆,光伏,2020,8.087932616472244,0.02791322424181732,32.223876173314295,False
6553,新疆,光伏,2020,9.781190603971481,0.037509110420559065,35.66764341841902,False
6557,新疆,光伏,2020,10.015085712075233,0.036953867283137314,34.348467984474134,False
6559,新疆,光伏,2020,7.459687069058418,0.08988946009935983,112.56757725502979,False
6560,新疆,光伏,2020,9.306072145700455,0.037924291514806675,37.96822215392923,False
6564,新疆,光伏,2020,7.661789283156395,0.04373012895602044,53.318228410774275,False
6565,新疆,光伏,2020,7.661789283156395,0.11369833503354246,138.6273935606256,False
6566,新疆,光伏,2020,8.842130228877068,0.046811203666881046,49.23660496524473,False
6568,新疆,光伏,2020,9.647576585412025,0.03695886598143951,35.67000888545582,False
657,甘肃,光伏,2020,11.199133470654488,0.10270898169275368,84.48051445847365,False
6574,新疆,光伏,2020,8.778251186013222,0.04422853498877909,46.86233498283866,False
6576,新疆,光伏,2020,7.474324330687523,0.11313200901111774,141.48756856899044,False
6578,新疆,光伏,2020,8.578880578279495,0.03894108680993964,42.30694136330509,False
6579,新疆,光伏,2020,7.373602911829948,0.6883574597715962,872.3990358794023,False
6582,新疆,光伏,2020,8.618486300110817,0.5185298204053135,559.8557750074056,False
6585,新疆,光伏,2020,9.939989447593689,0.03463703509654306,32.42561387486124,False
6590,新疆,光伏,2020,8.327654600143433,0.039305218665999224,43.98411329163769,False
6597,新疆,光伏,2020,10.23112267255783,0.03364582619558405,30.620390178671226,False
6598,新疆,光伏,2020,7.603726834058762,0.43110412012184307,529.4104452165622,False
6602,新疆,光伏,2020,7.681542858481407,0.031830082304809236,38.79386211452634,False
6605,新疆,光伏,2020,9.6674345433712,0.03745888581385388,36.09219302503281,False
6606,新疆,光伏,2020,9.648599624633789,0.033233978207995646,32.08639528901723,False
6607,新疆,光伏,2020,7.446559891104698,0.07722648887251102,96.96338023308559,False
6609,新疆,光伏,2020,8.8180623203516,0.56025851681305,590.9881937431752,False
6616,新疆,光伏,2020,8.386759981513023,0.03912586111417331,43.555540975311565,False
6619,新疆,光伏,2020,10.418787002563477,0.04010559415320784,35.747480400348316,False
6625,新疆,光伏,2020,7.2153449803590775,0.08432739325539758,109.31050695640535,False
6626,新疆,光伏,2020,9.27088625729084,0.03144263264102016,31.596117087285517,False
6628,新疆,光伏,2020,7.419914156198502,0.0761259384442832,95.93836761665581,False
663,甘肃,光伏,2020,11.199133470654488,0.10270898169275368,84.48051445847365,False
6632,新疆,光伏,2020,11.208992600440979,0.037740151818095806,31.187064688720177,False
6633,新疆,光伏,2020,10.418787002563477,0.04010559415320784,35.747480400348316,False
6634,新疆,光伏,2020,7.050493285059929,0.03894896225272723,51.740316694207394,False
6635,新疆,光伏,2020,10.155297741293907,0.03492425316436017,32.02117631926848,False
6638,新疆,光伏,2020,8.241932988166809,0.1443745111509225,163.3643227332199,False
6641,新疆,光伏,2020,9.882191196084023,0.04057328087362098,38.118716187788436,False
6643,新疆,光伏,2020,10.41199542582035,0.03907134182990624,34.89402425991033,False
6644,新疆,光伏,2020,8.35803396999836,0.07642221976840788,85.31110556202309,False
6650,新疆,光伏,2020,9.894953593611717,0.03436375370005565,32.27544701375561,False
6652,新疆,光伏,2020,11.226459816098213,0.03832925980617713,31.627288851362323,False
6654,新疆,光伏,2020,8.953547179698944,0.040503728018907253,42.20125283602603,False
6657,新疆,光伏,2020,9.894953593611717,0.03436375370005565,32.27544701375561,False
6659,新疆,光伏,2020,9.869104027748108,0.04056529966900754,38.164872826749246,False
6661,新疆,光伏,2020,10.365883111953735,0.038926989769557385,34.928013596976264,False
6666,新疆,光伏,2020,8.613680452108383,0.03590612103589949,38.852048023664004,False
6668,新疆,光伏,2020,11.19489960372448,0.03824012524377314,31.65341732562281,False
6669,新疆,光伏,2020,8.721630871295929,0.053789320348533474,57.36696266921567,False
6670,新疆,光伏,2020,11.26534178853035,0.03896731058081901,32.05365521237849,False
6672,新疆,光伏,2020,7.389682084321976,0.04369771324778267,55.30351500791928,False
6673,新疆,光伏,2020,11.195200681686401,0.03824074548937255,31.65307945189762,False
6675,新疆,光伏,2020,8.426547646522522,0.039763036807516854,43.91682329119999,False
668,甘肃,光伏,2020,12.689007818698883,0.046540564620753753,33.79992524262591,False
6684,新疆,光伏,2020,10.379751697182655,0.038963202315577095,34.90554151140023,False
6685,新疆,光伏,2020,9.820381477475166,0.03499233803124647,33.149441473309615,False
6691,新疆,光伏,2020,11.261170282959938,0.03895886576523225,32.06128562869409,False
6693,新疆,光伏,2020,9.738717377185822,0.03538742983101895,33.81803056090207,False
6694,新疆,光伏,2020,9.864056333899498,0.03999137120626789,37.752614070034895,False
6698,新疆,光伏,2020,11.38431541621685,0.03868984597695513,31.47679824375958,False
6699,新疆,光伏,2020,9.738717377185822,0.03538742983101895,33.81803056090207,False
6701,新疆,光伏,2020,10.261460915207863,0.04004224240100453,36.214499519477556,False
6704,新疆,光伏,2020,10.387370735406876,0.03898473702137533,34.89645865572656,False
6707,新疆,光伏,2020,9.517187252640724,0.04009742792100013,39.20192862155151,False
6720,新疆,光伏,2020,7.6073310524225235,0.03118837418106184,38.401023769216366,False
6723,新疆,光伏,2020,9.248876720666885,0.0358345126237937,36.11432918721754,False
6728,新疆,光伏,2020,8.46791423857212,0.03748904199519061,41.29107162103229,False
6731,新疆,光伏,2020,9.77962240576744,0.039965861628959196,37.969587896720796,False
6733,新疆,光伏,2020,10.370055735111237,0.03893731139660979,34.92046898005111,False
6736,新疆,光伏,2020,8.46791423857212,0.03748904199519061,41.29107162103229,False
6738,新疆,光伏,2020,9.997938796877861,0.041117997503942454,38.189481047711745,False
6739,新疆,光伏,2020,8.42294342815876,0.42670192281559466,471.9868695192776,False
6740,新疆,光伏,2020,8.713608384132385,0.04399473472899301,47.004389475639925,False
6741,新疆,光伏,2020,8.08595895767212,0.03765607615474946,43.48193182813173,False
6745,新疆,光伏,2020,7.95397013425827,0.09723378689563843,114.04888136794156,False
6747,新疆,光伏,2020,7.971892431378365,0.44407735968414663,520.2695339256262,False
6750,新疆,光伏,2020,10.380300879478455,0.03897434593964925,34.9219324132744,False
6753,新疆,光伏,2020,8.08247409760952,0.0424258805343363,49.000099792545306,False
6755,新疆,光伏,2020,7.3322077095508575,0.0403533358018809,51.50722117770849,False
6757,新疆,光伏,2020,10.382000282406807,0.038980137916002536,34.92140502976848,False
6760,新疆,光伏,2020,8.060010597109795,0.05730862227115172,66.33983836549265,False
6764,新疆,光伏,2020,9.581984281539917,0.04040683967159745,39.25255465344276,False
6766,新疆,光伏,2020,8.87234352529049,0.31628987218792437,331.75249506612585,False
6768,新疆,光伏,2020,8.939380869269371,0.04045568581589523,42.21799451721613,False
6769,新疆,光伏,2020,10.923870205879211,0.03747141894361442,31.831794918247304,False
6774,新疆,光伏,2020,7.81614750623703,0.05415382361704287,64.73737876115311,False
6776,新疆,光伏,2020,13.05206872522831,0.052458337141614964,37.01961573391624,False
6777,新疆,光伏,2020,8.252304419875145,0.06133080481178169,69.45689152664212,False
678,甘肃,光伏,2020,11.622145771980286,0.13014249426842422,103.14766138315012,False
6782,新疆,光伏,2020,7.81614750623703,0.05415382361704287,64.73737876115311,False
6784,新疆,光伏,2020,10.208537802100182,0.03985064096909805,36.149153906685264,False
6785,新疆,光伏,2020,8.220316618680954,0.03668378284768917,41.72073471191644,False
6790,新疆,光伏,2020,7.851385027170181,0.24663109986271664,293.3603054730888,False
6792,新疆,光伏,2020,8.226325660943985,0.06500349439299113,73.70957713124086,False
6793,新疆,光伏,2020,7.662825509905815,0.04300932391379443,52.454843896179554,False
6794,新疆,光伏,2020,10.016413182020187,0.03492952400130453,32.42189882927075,False
6799,新疆,光伏,2020,7.3007988184690475,0.15930714270050458,204.15844136223785,False
6801,新疆,光伏,2020,9.721222445368767,0.037329862841166635,35.73852027021088,False
6802,新疆,光伏,2020,7.101793214678764,0.04069372273724433,53.66759010282542,False
6803,新疆,光伏,2020,10.939087718725204,0.03931391689743203,33.32006538624946,False
6804,新疆,光伏,2020,8.946393728256226,0.09343154502294437,97.08109087004188,False
6805,新疆,光伏,2020,10.633934363722801,0.039052986176584883,34.07985927757955,False
6806,新疆,光伏,2020,9.066079929471016,0.05388454301217261,55.2414035326392,False
6809,新疆,光伏,2020,9.588281661272049,0.03338713229742433,32.41709435597471,False
6811,新疆,光伏,2020,9.596155732870102,0.03564781713487894,34.63386779381592,False
6813,新疆,光伏,2020,8.40497262775898,0.03800781215801967,42.264862881034965,False
6814,新疆,光伏,2020,10.045758336782455,0.0403473299105206,37.31046657430442,False
6815,新疆,光伏,2020,9.508411064743996,0.04007572924988454,39.2076729074779,False
6816,新疆,光伏,2020,10.045758336782455,0.0403473299105206,37.31046657430442,False
6819,新疆,光伏,2020,7.236079126596451,0.1568897551945429,202.91526346615223,False
6820,新疆,光伏,2020,9.2717794328928,0.035520356350470815,35.69846601060836,False
6823,新疆,光伏,2020,9.718692898750305,0.033863835150649925,32.43120467660128,False
6825,新疆,光伏,2020,10.045758336782455,0.0403473299105206,37.31046657430442,False
6830,新疆,光伏,2020,10.008384212851524,0.036725425511110805,34.166908319964506,False
6831,新疆,光伏,2020,6.984550729393959,0.050963227980319166,68.30180475199083,False
6832,新疆,光伏,2020,9.492885544896126,0.03460252739681213,33.94527008855534,False
6834,新疆,光伏,2020,9.96910773217678,0.03621250633084392,33.817231079735876,False
6838,新疆,光伏,2020,8.677448853850365,0.039093828666183376,42.05893137537503,False
6839,新疆,光伏,2020,8.367236629128456,0.10799016286254548,120.11664644131727,False
684,甘肃,光伏,2020,10.44198788702488,0.0363772714706134,32.15937864316911,False
6842,新疆,光伏,2020,9.821785166859627,0.03927580080076248,37.18444630522562,False
6845,新疆,光伏,2020,7.723342627286911,0.02776850097779748,33.54821454008116,False
6846,新疆,光伏,2020,10.082487389445305,0.037685079454798764,34.78315792884237,False
6848,新疆,光伏,2020,9.96910773217678,0.03621250633084392,33.817231079735876,False
6849,新疆,光伏,2020,9.712578803300858,0.034531530745937476,33.152166963289105,False
685,甘肃,光伏,2020,9.230322539806366,0.10160008455539227,101.94775387313759,False
6852,新疆,光伏,2020,7.723342627286911,0.02776850097779748,33.54821454008116,False
6853,新疆,光伏,2020,9.616268500685692,0.03571891818342935,34.62775498599098,False
6854,新疆,光伏,2020,7.788868099451065,0.1320755902495735,158.09333161028528,False
6859,新疆,光伏,2020,10.310311987996101,0.041222530724751044,37.14767465081028,False
6860,新疆,光伏,2020,7.6753974705934525,0.034808592901585035,42.38659105536705,False
6866,新疆,光伏,2020,8.152798265218735,0.034059062492608316,39.04252641790969,False
6867,新疆,光伏,2020,7.788868099451065,0.08805039342811938,105.39555432115675,False
6871,新疆,光伏,2020,10.405383333563805,0.03444896243211321,30.767467715208205,False
6874,新疆,光伏,2020,10.364001542329788,0.03892307701221586,34.93358833995133,False
6881,新疆,光伏,2020,8.301139399409294,0.0355736829108557,40.05004812264159,False
6883,新疆,光伏,2020,8.495121225714684,0.031250561407802385,34.26818692789264,False
6885,新疆,光伏,2020,7.788868099451065,0.08805039342811938,105.39555432115675,False
6886,新疆,光伏,2020,9.556128457188606,0.033189876090019124,32.400306935063924,False
6888,新疆,光伏,2020,10.37467136979103,0.03895543371563199,34.923926777249065,False
6895,新疆,光伏,2020,7.481181398034096,0.051519005374938566,64.42271563038354,False
6898,新疆,光伏,2020,7.858703210949898,0.22606521002932098,268.7442840181893,False
6900,新疆,光伏,2020,10.704307034611702,0.038621771207961494,33.46535534111593,False
6903,新疆,光伏,2020,9.864056333899498,0.03999137120626789,37.752614070034895,False
6907,新疆,光伏,2020,7.69460991024971,0.07854472390894605,95.31631600272867,False
6911,新疆,光伏,2020,9.781190603971481,0.037509110420559065,35.66764341841902,False
6912,新疆,光伏,2020,8.156058266758919,0.03406681336330776,39.033014344734546,False
6913,新疆,光伏,2020,7.6232340931892395,0.1074653426538981,131.73769829590455,False
6916,新疆,光伏,2020,8.97301733493805,0.5829076145827212,603.8315909948041,False
6918,新疆,光伏,2020,8.117979615926743,0.23677715061769422,272.31122943714547,False
6927,新疆,光伏,2020,9.872366040945053,0.03415324808738965,32.21417698770758,False
6928,新疆,光伏,2020,8.244221583008766,0.08767174370722437,99.23490185718217,False
6934,新疆,光伏,2020,8.159910812973976,0.027822258844881553,31.87669991932986,False
6938,新疆,光伏,2020,8.810054138302803,0.044792691624155265,47.299897108253276,False
6939,新疆,光伏,2020,9.57753337919712,0.03700751613477408,36.00298856251682,False
6945,新疆,光伏,2020,9.57753337919712,0.03700751613477408,36.00298856251682,False
6947,新疆,光伏,2020,9.846404492855072,0.038936835897139505,36.79159201401232,False
6953,新疆,光伏,2020,9.857485368847847,0.03909694195097728,36.89846174145769,False
6954,新疆,光伏,2020,9.558167830109596,0.03319701093878277,32.40035749088833,False
6959,新疆,光伏,2020,7.26987786591053,0.04373436511505341,56.3440948624603,False
6961,新疆,光伏,2020,9.560483694076538,0.03320479346185107,32.40010297750641,False
6963,新疆,光伏,2020,8.655708208680153,0.13940392593906836,149.94835418840646,False
6965,新疆,光伏,2020,11.52220107614994,0.039996524565641914,32.10974158763121,False
6968,新疆,光伏,2020,9.560483694076538,0.03320479346185107,32.40010297750641,False
6969,新疆,光伏,2020,10.237652063369751,0.033662141445528405,30.6133376271289,False
697,甘肃,光伏,2020,11.688227131962776,0.29195180794974973,230.0885851800093,False
6973,新疆,光伏,2020,9.560483694076538,0.03320479346185107,32.40010297750641,False
6975,新疆,光伏,2020,10.096004381775856,0.03897740692400072,35.91376975407734,False
6977,新疆,光伏,2020,10.384306758642197,0.03898878767762118,34.92139597686614,False
6981,新疆,光伏,2020,8.536520227789879,0.08701133356797158,94.93608813880738,False
699,甘肃,光伏,2020,11.225838884711266,0.06781172588912326,55.6623945912616,False
6990,新疆,光伏,2020,9.805963933467865,0.03427969084933373,32.5322323827862,False
6995,新疆,光伏,2020,9.77129727602005,0.03442875238709211,32.7896151857987,False
6996,新疆,光伏,2020,9.773575589060783,0.03443631843648315,32.7891757694121,False
6997,新疆,光伏,2020,9.814816787838936,0.03430502301989087,32.524373407715586,False
6998,新疆,光伏,2020,8.424361646175385,0.04719724329772765,52.22512452439792,False
6999,新疆,光伏,2020,8.296033591032028,0.04646439641342991,52.21345334972553,False
7000,新疆,光伏,2020,9.775791093707085,0.03443956599419235,32.7822817171614,False
7001,新疆,光伏,2020,9.680409505963326,0.03697108558527005,35.56078084752974,False
7114,新疆,光伏,2020,10.193271562457085,0.04053416461097609,37.00335078722318,False
7127,新疆,光伏,2020,9.885444715619087,0.03731192182048646,35.15235837694479,False
7145,新疆,光伏,2020,9.885444715619087,0.03731192182048646,35.15235837694479,False
717,甘肃,光伏,2020,11.507785320281982,0.05340172294265831,42.756638845865474,False
720,甘肃,光伏,2020,11.907611712813377,0.05487129782397138,42.44993146093998,False
723,甘肃,光伏,2020,11.16227701306343,0.04974046765413554,41.050031398292205,False
724,甘肃,光伏,2020,11.643839031457901,0.15133950537156177,119.7342817444651,False
7274,新疆,光伏,2020,9.797244742512703,0.037849437603094345,35.9435584252496,False
7284,新疆,光伏,2020,9.799218848347664,0.03785808994952432,35.94453240919559,False
7294,新疆,光伏,2020,9.494352266192436,0.035152992822496676,34.49316373902258,False
731,甘肃,光伏,2020,11.541398540139198,0.10053477368758267,80.24321526509888,False
7325,新疆,光伏,2020,7.895361632108688,0.037044525328671,43.83372701920021,False
7332,新疆,光伏,2020,7.600155472755432,0.10625448165206455,130.60203286708312,False
734,甘肃,光伏,2020,11.538984328508377,0.050247168271572135,40.112758089573525,False
7341,新疆,光伏,2020,9.082742258906364,0.03549258080839663,36.4431877479241,False
7346,新疆,光伏,2020,9.082742258906364,0.03549258080839663,36.4431877479241,False
736,甘肃,光伏,2020,11.538984328508377,0.050247168271572135,40.112758089573525,False
7361,新疆,光伏,2020,10.03321386873722,0.035471407564463604,32.89560551785695,False
739,甘肃,光伏,2020,11.654733493924141,0.06764358890463817,53.49212719315784,False
742,甘肃,光伏,2020,11.547371819615364,0.040371739541706975,32.20792004607371,False
745,甘肃,光伏,2020,12.427967861294746,0.04402744308121408,32.64683454326562,False
747,甘肃,光伏,2020,11.278852298855782,0.048811853445963276,39.873878419564775,False
750,甘肃,光伏,2020,11.255433931946754,0.09743928517491476,79.76052243594837,False
754,甘肃,光伏,2020,10.336765944957733,0.2091117336977926,186.34097405793503,False
761,甘肃,光伏,2020,12.957647815346718,0.07228629501632053,51.455380584046445,False
764,甘肃,光伏,2020,10.175282210111618,0.042921693525698225,38.99535524089113,False
766,甘肃,光伏,2020,11.69539600610733,0.13894454218322458,109.49596512111869,False
769,甘肃,光伏,2020,10.217345505952835,0.04451748213080568,40.26078674628511,False
770,甘肃,光伏,2020,11.758648306131363,0.07217760859692703,56.55061607128737,False
772,甘肃,光伏,2020,10.183686017990112,0.0341505219383104,30.989941126575573,False
774,甘肃,光伏,2020,12.884054481983185,0.0394342902171566,28.208569885719434,False
778,甘肃,光伏,2020,11.748790517449379,0.043358622638371175,34.001062446684095,False
781,甘肃,光伏,2020,10.201573893427849,0.042785320050592476,38.75752284639707,False
782,甘肃,光伏,2020,11.761138513684273,0.07212806088699027,56.50060743686786,False
784,甘肃,光伏,2020,9.271058812737465,0.052206167239158004,52.12787168025912,False
789,甘肃,光伏,2020,10.186350122094154,0.04270776846228295,38.74853546663965,False
795,甘肃,光伏,2020,12.730840891599655,0.046108915822877225,33.37824459206678,False
796,甘肃,光伏,2020,12.860725745558739,0.03946290146384171,28.28024250811937,False
797,甘肃,光伏,2020,11.43408514559269,0.07272300159399672,58.586418834518746,False
798,甘肃,光伏,2020,11.734514907002449,0.05776487514325019,45.35205002675655,False
7987,青海,光伏,2020,10.87953932583332,0.036401903798507725,31.229448575341088,False
799,甘肃,光伏,2020,11.320598423480988,0.05221423863945742,42.485445287400765,False
800,甘肃,光伏,2020,12.895566523075104,0.03912043721387187,27.959849480736132,False
802,甘肃,光伏,2020,11.388223394751549,0.05113084234292494,41.35572540670674,False
803,甘肃,光伏,2020,11.734514907002449,0.05776487514325019,45.35205002675655,False
807,甘肃,光伏,2020,12.894975319504738,0.039119175206639135,27.960229359332793,False
809,甘肃,光伏,2020,11.405266150832176,0.07252735649417953,58.57563882158599,False
810,甘肃,光伏,2020,11.750750988721848,0.144182725433211,113.03889841405979,False
813,甘肃,光伏,2020,12.890363931655884,0.039565023007055146,28.288234072139566,False
814,甘肃,光伏,2020,11.414903774857521,0.10449259369201573,84.32295189507376,False
816,甘肃,光伏,2020,11.775367856025696,0.0859579159089734,67.25360855932631,False
817,甘肃,光伏,2020,11.392890885472298,0.05179375030966453,41.8770391375398,False
821,甘肃,光伏,2020,11.734515130519867,0.04332365722704567,34.01403755491472,False
8216,青海,光伏,2020,8.091254979372025,0.02966337458744105,34.463271048025796,False
8217,青海,光伏,2020,10.090200081467628,0.03426516472583692,31.792652280898025,False
824,甘肃,光伏,2020,11.42878532409668,0.052910162918748505,42.645338966525046,False
827,甘肃,光伏,2020,9.49996367096901,0.051639900169549266,50.27328913907075,False
8273,青海,光伏,2020,10.842756181955338,0.035480361208043834,30.559632370277598,False
8281,青海,光伏,2020,10.978684276342392,0.03671960406418818,31.205974390478843,False
8290,青海,光伏,2020,10.930520072579384,0.0371218836664738,31.7167708301855,False
8305,青海,光伏,2020,11.093934327363968,0.03743039273727666,31.465494571086705,False
8309,青海,光伏,2020,10.998035296797752,0.03733395420181884,31.68832637788552,False
8314,青海,光伏,2020,7.60999895632267,0.02759100358724322,34.026142865008644,False
8317,青海,光伏,2020,11.103045791387558,0.03846885681566877,32.31434908037465,False
832,甘肃,光伏,2020,10.23674726486206,0.04134367546900086,37.32954225928499,False
8326,青海,光伏,2020,7.528645768761635,0.026942759963227418,33.598810815155545,False
8380,青海,光伏,2020,8.191519305109978,0.029990346212343047,34.25225351972914,False
8398,青海,光伏,2020,11.487198919057846,0.03780870300582247,30.610670017808523,False
8399,青海,光伏,2020,11.544463410973549,0.037933357347269075,30.552018640063995,False
843,甘肃,光伏,2020,9.260076731443405,0.04996192571883159,49.95044893761299,False
847,甘肃,光伏,2020,11.486097201704979,0.04264703676450317,34.20885125097706,False
848,甘肃,光伏,2020,10.245081558823586,0.04138109168728878,37.332930894288936,False
850,甘肃,光伏,2020,11.33347436785698,0.3136800504061659,254.9858526230428,False
851,甘肃,光伏,2020,9.442619159817696,0.10255481414339185,100.46472102008316,False
854,甘肃,光伏,2020,11.50625355541706,0.06399553411237871,51.258906906634984,False
856,甘肃,光伏,2020,10.278412476181984,0.04131230533592095,37.140105423582966,False
859,甘肃,光伏,2020,11.567496657371521,0.09032970871658472,71.92436424323252,False
8608,西藏,光伏,2020,8.584443479776382,0.03152799255314333,35.002518869555814,False
862,甘肃,光伏,2020,12.985672876238823,0.04374351011311835,31.030848904240802,False
863,甘肃,光伏,2020,12.930503636598587,0.044856661183921294,31.970334221582778,False
867,甘肃,光伏,2020,11.41674667596817,0.050055294106594574,40.385760215528094,False
870,甘肃,光伏,2020,11.552331671118736,0.04024590157071951,32.09374357813466,False
873,甘肃,光伏,2020,12.985672876238823,0.04374351011311835,31.030848904240802,False
875,甘肃,光伏,2020,10.468823835253716,0.12329523434001656,108.47588531754745,False
876,甘肃,光伏,2020,11.567496210336685,0.06452121777943602,51.374545697770735,False
880,甘肃,光伏,2020,10.271770432591438,0.04147076605447728,37.30667098007489,False
882,甘肃,光伏,2020,11.423980593681335,0.05007783759428664,40.378919072424075,False
883,甘肃,光伏,2020,10.289688929915428,0.04155012938379463,37.31297512486502,False
886,甘肃,光伏,2020,10.48598863184452,0.13901491793945256,122.10595082376503,False
888,甘肃,光伏,2020,9.260076731443405,0.04996192571883159,49.95044893761299,False
894,甘肃,光伏,2020,10.245081558823586,0.04138109168728878,37.332930894288936,False
895,甘肃,光伏,2020,10.305919870734215,0.12859045753397658,114.92137626458843,False
897,甘肃,光伏,2020,10.245081558823586,0.04138109168728878,37.332930894288936,False
906,甘肃,光伏,2020,9.24580916762352,0.040772507411685095,40.83653284472014,False
908,甘肃,光伏,2020,9.280548468232155,0.050093862898530364,49.97616539274306,False
912,甘肃,光伏,2020,9.278611242771149,0.05027823550719043,50.161968180752325,False
918,甘肃,光伏,2020,9.278611242771149,0.05027823550719043,50.161968180752325,False
922,甘肃,光伏,2020,11.593249887228012,0.06464573523426861,51.36075752748669,False
927,甘肃,光伏,2020,12.200653553009033,0.06127488689072487,46.27362132748767,False
931,甘肃,光伏,2020,11.758943125605583,0.07238857679221446,56.714486095514005,False
933,甘肃,光伏,2020,11.758721843361855,0.05791327738779462,45.374335574554514,False
935,甘肃,光伏,2020,11.787855327129364,0.07168046597923006,56.02503887789297,False
943,甘肃,光伏,2020,11.766858547925949,0.07159385021232637,56.05487792629314,False
946,甘肃,光伏,2020,12.89628267288208,0.039169446019369114,27.9933220693434,False
948,甘肃,光伏,2020,11.758058220148087,0.042985928282624555,33.680843261555026,False
9537,青海,光伏,2020,8.191519305109978,0.031362453573521853,35.8193501066982,False
954,甘肃,光伏,2020,11.76688939332962,0.08591483564045649,67.26741172896651,False
957,甘肃,光伏,2020,11.734965741634369,0.07207079547947867,56.577773971202426,False
9579,青海,光伏,2020,10.87953932583332,0.036401903798507725,31.229448575341088,False
959,甘肃,光伏,2020,10.363277792930603,0.0644981251955116,57.32219646078184,False
961,甘肃,光伏,2020,12.187976762652397,0.07654360617270135,57.862000586372645,False
963,甘肃,光伏,2020,12.201008722186089,0.1532076791374008,115.69136359044904,False
969,甘肃,光伏,2020,11.451084539294243,0.05181655308434458,41.68256593349064,False
970,甘肃,光伏,2020,11.433436051011086,0.05173801497973544,41.68305806707388,False
971,甘肃,光伏,2020,10.835149437189102,0.045985563692085576,39.09427712354396,False
990,甘肃,光伏,2020,12.043566405773163,0.04079422719546464,31.21141908669133,False
991,甘肃,光伏,2020,12.009151205420494,0.041092595835530044,31.52676102367205,False
992,甘肃,光伏,2020,10.891332104802132,0.0929322154738032,78.60022802260721,False
W1057,广西,风电,2020,11.505239680409431,0.03974259378145596,31.826481460795538,False
W107,甘肃,风电,2020,13.014089092612267,0.046049002820288176,32.61563745424604,False
W108,甘肃,风电,2020,13.012505695223808,0.04600134500921392,32.58405129806369,False
W109,甘肃,风电,2020,12.695640698075294,0.044970742370516265,32.646829280235735,False
W110,甘肃,风电,2020,12.574198991060257,0.04455100591057156,32.651331753556185,False
W113,甘肃,风电,2020,11.875941082835197,0.16877239211258563,130.91151755173124,False
W1130,河北,风电,2020,11.54182143509388,0.053749486711356195,42.915257942456165,False
W1134,河北,风电,2020,12.662219256162643,0.07990222011079759,58.16269217992445,False
W114,甘肃,风电,2020,8.561721816658974,0.04091412380910461,44.35645463674015,False
W115,甘肃,风电,2020,11.66317418217659,0.16559974332966984,130.79386799882002,False
W116,甘肃,风电,2020,9.562388062477112,0.045673779516356226,44.17478425863203,False
W117,甘肃,风电,2020,9.317047968506813,0.044553969199231554,44.26756037004526,False
W119,甘肃,风电,2020,11.071507036685944,0.052367830534812844,43.5666915142436,False
W121,甘肃,风电,2020,11.819251924753189,0.04181382332408769,32.58522030885334,False
W122,甘肃,风电,2020,11.85987375676632,0.04193497779535061,32.5685974990429,False
W123,甘肃,风电,2020,11.775147467851639,0.16668151612294146,130.3766823649354,False
W126,甘肃,风电,2020,13.018260151147842,0.04434957445871619,31.405362327775034,False
W127,甘肃,风电,2020,11.277518793940544,0.10671171285547564,87.16997033953255,False
W128,甘肃,风电,2020,11.546801403164864,0.10932366738912351,87.22455786236085,False
W1280,河北,风电,2020,9.412252306938171,0.047099997727853546,46.62260401587291,False
W1284,河北,风电,2020,10.635050609707832,0.05228327444201969,45.63557443817503,False
W129,甘肃,风电,2020,11.292220205068588,0.10757597879820893,87.75673430505357,False
W131,甘肃,风电,2020,11.499269530177116,0.10942064070244054,87.67725909493785,False
W132,甘肃,风电,2020,11.342173665761948,0.10800492189419396,87.73067122444547,False
W133,甘肃,风电,2020,11.415229886770248,0.10872512938684534,87.75650858096238,False
W134,甘肃,风电,2020,11.360199004411697,0.10821579283407316,87.7721417423832,False
W135,甘肃,风电,2020,13.09186153113842,0.044550744314923056,31.3730529085109,False
W136,甘肃,风电,2020,8.111569359898567,0.0618516860008086,71.22118802424416,False
W1360,河北,风电,2020,8.532639294862747,0.029025636263841227,31.698133767129523,False
W1362,河北,风电,2020,8.532639294862747,0.029025636263841227,31.698133767129523,False
W1374,河北,风电,2020,8.341187685728073,0.05505846463574877,61.54057417495573,False
W1376,河北,风电,2020,8.683587312698364,0.11825476195748152,126.80088302582254,False
W138,甘肃,风电,2020,7.844124063849449,0.13690366888027547,163.00533771217928,False
W1387,河北,风电,2020,8.47552053630352,0.08417833076807453,92.56252808311692,False
W1389,河北,风电,2020,9.172207787632942,0.06180892220947641,62.58499820300147,False
W139,甘肃,风电,2020,8.05643543601036,0.14148245219044164,163.99400829695688,False
W140,甘肃,风电,2020,6.823084428906441,0.03963281205545267,54.414642446147106,False
W141,甘肃,风电,2020,9.860549569129944,0.20402842050832498,191.33174029493748,False
W1482,海南,风电,2020,10.476429909467697,0.040835347835334046,36.09827028835325,False
W1483,海南,风电,2020,7.152140066027641,0.02677315963953551,35.062751959497476,False
W1502,河北,风电,2020,11.041540950536728,0.04910773777529829,41.28239877060707,False
W1509,河北,风电,2020,10.335387289524078,0.064872045180963,58.0792609125551,False
W1520,河北,风电,2020,12.950119972229004,0.039997119190908426,28.475418681162612,False
W1529,河北,风电,2020,9.300841838121414,0.04650890839778409,46.61371757680801,False
W1533,河北,风电,2020,12.95713685452938,0.04003277915003026,28.48419352077711,False
W1693,河北,风电,2020,11.595611572265625,0.036153518807397714,28.909054524079956,False
W1769,广西,风电,2020,12.522967457771301,0.0686872648178784,50.5459898879118,False
W1774,广西,风电,2020,12.088223174214363,0.06636295454274402,50.5758921957505,False
W1866,河北,风电,2020,11.083500310778618,0.05061585483475617,42.069375364223916,False
W1887,河北,风电,2020,11.455095112323761,0.049612499337860674,40.171145699022226,False
W1892,河北,风电,2020,9.849541336297989,0.04326763995151097,40.99527368558518,False
W2237,黑龙江,风电,2020,7.9274191707372665,0.03780633574889754,44.44613928045524,False
W2263,河北,风电,2020,9.71482202410698,0.038480383508914855,36.75110197598564,False
W2266,河北,风电,2020,9.59626168012619,0.03168180304779655,30.626807422048394,False
W2282,黑龙江,风电,2020,7.2329746931791306,0.043859185370302436,56.7383096100194,False
W2377,河北,风电,2020,12.598821446299553,0.05879964182189637,43.007535897697316,False
W2379,黑龙江,风电,2020,6.650795415043831,0.0627606341979196,88.62983267541554,False
W2383,黑龙江,风电,2020,8.915260434150696,0.03561190718235861,37.27482854842616,False
W2404,黑龙江,风电,2020,8.181065618991852,0.031151055872738153,35.64072810650645,False
W2420,黑龙江,风电,2020,11.556876227259636,0.04252222642935907,34.04302649325809,False
W2431,河北,风电,2020,11.39124758541584,0.0519046079899973,41.98253796236276,False
W2435,黑龙江,风电,2020,11.563661992549896,0.04087844706001577,32.70782228028997,False
W2436,河北,风电,2020,11.89294695854187,0.0542047883094217,42.004498408341064,False
W2441,河北,风电,2020,11.469881013035774,0.06950477581308256,55.832082279041856,False
W2456,黑龙江,风电,2020,11.507617235183716,0.04239807098644953,34.088926007075635,False
W2466,黑龙江,风电,2020,5.8624014258384705,0.02868410819994773,46.07932196329672,False
W2471,黑龙江,风电,2020,7.047104984521866,0.04589142635704622,61.18226750158238,False
W2475,黑龙江,风电,2020,7.484063431620598,0.048685173362871016,61.0584145158162,False
W2482,河北,风电,2020,11.435696929693222,0.05213658363573492,42.00625822308234,False
W2488,河北,风电,2020,11.511128470301628,0.06987015170295906,55.91601096469975,False
W2495,黑龙江,风电,2020,5.939126238226891,0.025570978188834203,40.53054671182152,False
W2497,黑龙江,风电,2020,7.228319942951202,0.04705238694087658,61.1182615313388,False
W2504,黑龙江,风电,2020,6.885631307959557,0.03931284292112245,53.711507819132144,False
W2507,河北,风电,2020,11.474183723330498,0.06950459925344685,55.804863909108455,False
W2515,河北,风电,2020,11.325274631381035,0.10639763080453674,86.56238816468415,False
W2525,河北,风电,2020,11.749148145318031,0.07126702900788305,55.88617567923161,False
W2557,河北,风电,2020,8.686811551451683,0.15986608680438527,171.16908064543065,False
W2567,黑龙江,风电,2020,8.748799413442612,0.03961698353725273,42.230742241982114,False
W2577,黑龙江,风电,2020,9.626295268535614,0.041219066438080085,39.86343537442873,False
W2604,黑龙江,风电,2020,7.068964093923569,0.046037992516770904,61.1683543977362,False
W2635,黑龙江,风电,2020,7.358138412237167,0.04675523318587717,59.63374652680592,False
W2670,黑龙江,风电,2020,9.407454505562782,0.06333540116401946,62.61373296690566,False
W2710,黑龙江,风电,2020,6.713493838906288,0.042329415357063895,59.29739577314136,False
W2713,黑龙江,风电,2020,6.644146665930748,0.04188067307219117,59.30317352012258,False
W2720,黑龙江,风电,2020,6.770515143871307,0.04271297473423355,59.315968965659636,False
W2724,黑龙江,风电,2020,6.828598827123642,0.04304873799959581,59.255136725573244,False
W2736,黑龙江,风电,2020,6.515562906861305,0.0407725136804135,58.92204007281295,False
W2751,黑龙江,风电,2020,6.389743834733963,0.04077327458947029,60.101358279006654,False
W2766,黑龙江,风电,2020,6.3192010670900345,0.037174106001578264,55.42093039476576,False
W2792,河北,风电,2020,12.8322172164917,0.07405681052523007,53.22214123141245,False
W2800,黑龙江,风电,2020,7.203961685299873,0.04571690789489804,59.588181040295815,False
W2803,黑龙江,风电,2020,6.990798264741898,0.042475716830479134,57.12421899483431,False
W2813,黑龙江,风电,2020,11.23849019408226,0.04020651407865309,33.16039947882438,False
W2822,黑龙江,风电,2020,9.372857362031937,0.03744784883682752,37.23823170559287,False
W2843,黑龙江,风电,2020,7.301522120833397,0.0585909305131504,75.08964119949562,False
W2857,黑龙江,风电,2020,7.435150220990181,0.04723078795145017,59.56942283276559,False
W2868,黑龙江,风电,2020,10.826753228902817,0.039024822335199265,33.443253382925874,False
W2877,黑龙江,风电,2020,11.112720519304276,0.038751727900039896,32.375916408199565,False
W2907,黑龙江,风电,2020,11.462100371718407,0.045360973855780584,36.62233003611544,False
W2911,黑龙江,风电,2020,6.844768300652504,0.05494626212083325,75.27787496390201,False
W2919,黑龙江,风电,2020,9.287704154849052,0.06521427066404195,65.04420758240656,False
W2924,黑龙江,风电,2020,8.860456421971321,0.03535942936018419,37.263701489064054,False
W2966,黑龙江,风电,2020,8.613276779651642,0.0366014541974638,39.49571508575875,False
W2975,黑龙江,风电,2020,13.081923723220825,0.04042098594589507,28.464506378701866,False
W3141,内蒙古,风电,2020,8.134542256593704,0.2733005014952167,313.60719379801395,False
W3191,内蒙古,风电,2020,8.341311514377594,0.1705889217969361,190.6841080714409,False
W3274,内蒙古,风电,2020,12.619192376732826,0.07489698508160539,54.751973447779214,False
W4016,内蒙古,风电,2020,7.860484644770622,0.059252277763440615,70.48785136463394,False
W4047,内蒙古,风电,2020,7.562146559357643,0.05414998846076821,67.1180327393541,False
W4050,内蒙古,风电,2020,7.878328487277031,0.040640971573092585,48.39695584677055,False
W4053,内蒙古,风电,2020,5.078672245144844,0.028141552367845258,52.3402927620765,False
W4054,内蒙古,风电,2020,9.095613062381744,0.04700208601015707,48.163644142427806,False
W4055,内蒙古,风电,2020,5.196687206625938,0.028776848489813052,52.312179544983216,False
W4056,内蒙古,风电,2020,5.100013017654419,0.02825658146404408,52.33721059007672,False
W4060,内蒙古,风电,2020,5.127019062638283,0.028402681329443385,52.33156775282546,False
W4062,内蒙古,风电,2020,7.562146559357643,0.05414998846076821,67.1180327393541,False
W4068,内蒙古,风电,2020,5.064868256449699,0.028056743888250343,52.35917551385811,False
W4101,内蒙古,风电,2020,7.284274846315384,0.05405663693302292,69.64087865942763,False
W4268,内蒙古,风电,2020,7.209667861461639,0.045500755507908185,59.1174074663583,False
W4304,内蒙古,风电,2020,7.473335489630699,0.04718718358046333,59.08848258111614,False
W4313,内蒙古,风电,2020,5.5968984961509705,0.030905396986052314,52.064254693192964,False
W4348,内蒙古,风电,2020,5.640876665711403,0.026680430916390618,45.49733841891997,False
W4386,内蒙古,风电,2020,9.225191473960876,0.03757345580366929,37.8762282923564,False
W4461,内蒙古,风电,2020,12.683215588331223,0.06475713685849321,47.025252517611655,False
W4475,内蒙古,风电,2020,9.887672513723373,0.04063330630210862,38.17567239865144,False
W4484,内蒙古,风电,2020,12.272948697209358,0.29083799266571037,218.38657332066276,False
W4505,内蒙古,风电,2020,9.941856265068054,0.03754076923264868,35.106998224594584,False
W4510,内蒙古,风电,2020,10.197423174977303,0.046168309304250164,42.079790854988886,False
W4517,内蒙古,风电,2020,10.30829519033432,0.04670108285039802,42.08269502258385,False
W4522,内蒙古,风电,2020,10.370402410626411,0.04790757835707254,42.90088499325233,False
W4533,内蒙古,风电,2020,6.933509856462479,0.03923076681570288,53.029974806680464,False
W4551,内蒙古,风电,2020,8.261331170797348,0.028559508523005775,32.23042544517021,False
W4603,内蒙古,风电,2020,8.56847271323204,0.1790886681461176,194.52066350208642,False
W4611,内蒙古,风电,2020,8.018637299537659,0.05256857295563524,61.180385340395596,False
W4690,内蒙古,风电,2020,8.551923707127571,0.25418252371946076,276.8967990443165,False
W4736,内蒙古,风电,2020,8.712312653660774,0.057166334681800546,61.119043832957466,False
W4753,内蒙古,风电,2020,8.668993189930916,0.05694834517402574,61.166729794194815,False
W4760,内蒙古,风电,2020,6.242334991693497,0.029588920014800176,44.59217960002466,False
W4783,内蒙古,风电,2020,9.682175070047379,0.04659228650656269,44.81714146473108,False
W4791,内蒙古,风电,2020,10.191404521465302,0.04992741449697378,45.48004739308412,False
W4807,内蒙古,风电,2020,12.19236172735691,0.06303968999161064,47.64464287686582,False
W4808,内蒙古,风电,2020,9.874415472149849,0.048389964604429084,45.558298900424965,False
W4814,内蒙古,风电,2020,10.987341776490211,0.14970001499445415,125.50693563787107,False
W4815,内蒙古,风电,2020,10.360537469387054,0.05079778123071537,45.51003208100699,False
W4827,内蒙古,风电,2020,5.328084379434586,0.028565102981150857,50.59330226515276,False
W4832,内蒙古,风电,2020,10.445153340697289,0.0512187905552943,45.508004430117026,False
W4837,内蒙古,风电,2020,10.469354465603828,0.04301055137904566,38.05331942127688,False
W4852,内蒙古,风电,2020,8.019849210977554,0.05264343366496815,61.266765774630635,False
W4875,内蒙古,风电,2020,6.885775029659271,0.037321665225373425,50.82383019217734,False
W4888,内蒙古,风电,2020,6.915893107652664,0.037501556737735926,50.83965945064513,False
W4968,内蒙古,风电,2020,9.309421554207802,0.03760705355236913,37.60236047487011,False
W4991,内蒙古,风电,2020,9.99726690351963,0.04038296212340566,37.62009993010821,False
W5007,青海,风电,2020,10.806822404265404,0.4948939623054786,421.86215481254476,False
W5009,青海,风电,2020,10.806822404265404,0.12372349057636965,105.46553870313619,False
W5010,青海,风电,2020,10.806822404265404,0.12372349057636965,105.46553870313619,False
W5014,青海,风电,2020,10.838006883859634,0.12401383766677007,105.41176652383447,False
W5019,青海,风电,2020,10.834058672189713,0.12395569207137365,105.40073953307524,False
W5021,青海,风电,2020,11.612828001379967,0.8970021145102728,711.9622047959857,False
W5022,青海,风电,2020,10.806822627782822,0.9897879433097865,843.724308113778,False
W5025,青海,风电,2020,10.984554961323738,0.12802326110864368,107.381270171941,False
W503,甘肃,风电,2020,12.411291003227234,0.05576590610623264,41.44372697682372,False
W5035,青海,风电,2020,11.67308785021305,0.1339575790995567,105.7837371334078,False
W5112,辽宁,风电,2020,5.400657579302788,0.023504168772548847,41.08419141804558,False
W5305,辽宁,风电,2020,8.461717888712883,0.03237611655166505,36.00615006402145,False
W5423,辽宁,风电,2020,11.475874409079552,0.040394122339112035,32.98314412321666,False
W5501,山东,风电,2020,6.66558712720871,0.038781154021299474,54.69330224288721,False
W5754,青海,风电,2020,11.63311243057251,0.5988361368895813,474.46868917539507,False
W5824,吉林,风电,2020,5.274680927395821,0.020283715880236027,36.52978786489098,False
W583,甘肃,风电,2020,12.204786166548729,0.12435699923430615,93.94490355266332,False
W584,甘肃,风电,2020,12.233602702617645,0.09332909127443491,70.34961691283733,False
W585,甘肃,风电,2020,12.150194272398949,0.04650777916529146,35.30168233593013,False
W5967,辽宁,风电,2020,7.716054394841194,0.03838813734402796,46.56776893689358,False
W6236,山东,风电,2020,10.70685088634491,0.037097228553010765,32.088037485424344,False
W6268,山西,风电,2020,9.164614230394363,0.0500439236242429,50.672774541105106,False
W6270,山西,风电,2020,9.532135874032974,0.041621452459370205,40.458688620055916,False
W6271,山西,风电,2020,9.307420626282692,0.050755795937979,50.54184093263265,False
W6339,山东,风电,2020,6.665041074156761,0.03880148650548739,54.7195746871631,False
W6352,山东,风电,2020,12.275960817933083,0.06325437658958002,47.457838969215366,False
W6360,山东,风电,2020,10.993807464838028,0.045380068000093074,38.21482079510078,False
W6375,山东,风电,2020,7.8368934988975525,0.034775881849174003,41.50056280865071,False
W6384,山东,风电,2020,7.912128567695618,0.0350937423497442,41.48165996904467,False
W6386,山东,风电,2020,7.914804294705391,0.03437262265438377,40.6297938879348,False
W6450,山西,风电,2020,10.552317425608635,0.08979928593076664,78.40022142368905,False
W6656,山西,风电,2020,12.144353091716766,0.039118827625062844,29.703697740235075,False
W6702,山西,风电,2020,12.739474028348923,0.04105678599255303,29.727504132720505,False
W6723,山西,风电,2020,8.06083470582962,0.14294850774097617,164.82369818430348,False
W6866,山西,风电,2020,11.831581592559814,0.05826726042660197,45.35870369503106,False
W6906,山西,风电,2020,11.379078179597855,0.08481139587368333,68.66562583960173,False
W6910,山东,风电,2020,6.439783796668053,0.03746666914508473,54.73653363276387,False
W6915,山西,风电,2020,10.183643102645874,0.05052591778291508,45.878426601191485,False
W6918,山东,风电,2020,6.523599475622177,0.03798198650013192,54.783205559381855,False
W6931,山东,风电,2020,6.717854216694832,0.03916305837272492,54.81934372971602,False
W6937,山东,风电,2020,7.321203276515007,0.032443349659276796,41.56124375691859,False
W6945,山东,风电,2020,13.096642345190048,0.05002149294626345,35.20449738037765,False
W6954,山东,风电,2020,7.218699976801872,0.03066482643867718,39.82486106526579,False
W6956,山东,风电,2020,6.817983537912369,0.028924914545761054,39.84067113728027,False
W7010,新疆,风电,2020,12.514820024371147,0.07245859731577126,53.38760220290499,False
W7013,新疆,风电,2020,11.447408348321915,0.06590478928338155,53.055148701219196,False
W7016,新疆,风电,2020,12.332966700196266,0.07096287251218997,53.052124956146585,False
W7019,山西,风电,2020,10.75797088444233,0.03988268183713135,34.312847650506185,False
W7029,山西,风电,2020,10.756187662482262,0.03976079174083087,34.18474490153863,False
W7080,山西,风电,2020,11.30546048283577,0.16812905195932637,137.00261150902247,False
W7124,山西,风电,2020,9.42773312330246,0.03722690699417425,36.62448155421869,False
W7125,山西,风电,2020,9.691696241497993,0.03824956754365798,36.55335168019533,False
W7126,山西,风电,2020,12.426804229617119,0.04099484120830507,30.388012684505505,False
W7127,山西,风电,2020,9.804776161909103,0.03873314338106867,36.57607596540657,False
W7177,山西,风电,2020,11.9144057482481,0.058908781494580155,45.54870357153067,False
W7183,山西,风电,2020,12.314328253269196,0.060792009919411895,45.49080504489784,False
W7192,新疆,风电,2020,7.760166451334953,0.06854472095185739,82.70590411064099,False
W7196,山西,风电,2020,10.010715052485466,0.03942692723698775,36.502498086376285,False
W7208,新疆,风电,2020,6.808396875858307,0.05657221078653652,77.83417337033453,False
W7224,新疆,风电,2020,10.560192614793777,0.28936089335989984,252.3926306733205,False
W7233,新疆,风电,2020,6.951633542776108,0.02449041526465078,33.00954177699006,False
W7243,新疆,风电,2020,7.182292342185974,0.025307768966337595,32.97494213812881,False
W7245,新疆,风电,2020,8.485280200839043,0.07608103346184589,83.3487977314787,False
W7248,山西,风电,2020,8.59477512538433,0.09074305495119549,98.20698528536056,False
W7253,山西,风电,2020,10.83519883453846,0.08122942628398172,69.05057061950073,False
W7260,山西,风电,2020,8.84118564426899,0.046655618504688294,49.014171472822134,False
W7265,新疆,风电,2020,8.419969752430916,0.11878885448052313,131.47206711438486,False
W7272,新疆,风电,2020,8.207851946353912,0.1157570857564352,131.44747661391858,False
W7277,山西,风电,2020,8.322916254401207,0.045393998118726436,50.791682881751136,False
W7355,西藏,风电,2020,11.730953380465508,0.05053155547730255,39.70259184575944,False
W7371,山西,风电,2020,8.426495119929314,0.044100665752402755,48.71544440533619,False
W7380,新疆,风电,2020,8.353256061673164,0.0294370965699808,32.840329539891094,False
W7382,山西,风电,2020,9.30343821644783,0.0461808669285139,46.059614719545884,False
W7395,新疆,风电,2020,10.695451721549034,0.05361224000734728,46.50447208308876,False
W7399,新疆,风电,2020,8.39553415775299,0.029605688606166584,32.86955882103302,False
W7402,新疆,风电,2020,8.443458303809166,0.02844923988201439,31.43694665380526,False
W7408,山西,风电,2020,8.68322141468525,0.09116008278360246,97.55793739379506,False
W7409,新疆,风电,2020,10.517612770199776,0.050649177840766495,44.67341399254871,False
W7410,新疆,风电,2020,11.608153358101845,0.12894621589799596,102.32130589266936,False
W7424,新疆,风电,2020,8.590212687849998,0.030252809153984,32.796800863993084,False
W7431,新疆,风电,2020,8.574088588356972,0.03018237438100015,32.787010279722395,False
W7439,新疆,风电,2020,8.637498915195465,0.1826225341878667,196.85011165396696,False
W7446,新疆,风电,2020,9.213501960039139,0.03104207816433824,31.322011682719765,False
W7447,新疆,风电,2020,8.667580336332321,0.030579293989829767,32.85987901225571,False
W7460,新疆,风电,2020,7.395892515778542,0.025993266593686212,32.8389302677622,False
W7468,新疆,风电,2020,7.502663880586624,0.026459855258546286,32.971473252075675,False
W7474,山西,风电,2020,5.9892388433218,0.06177499405965633,96.71643670505658,False
W7477,新疆,风电,2020,7.052161619067192,0.02482691454522768,32.97259951261178,False
W7479,山西,风电,2020,11.466994285583496,0.056659873646727,45.51604539084151,False
W7480,新疆,风电,2020,6.926668658852577,0.024364923221503607,32.96322558299891,False
W7487,新疆,风电,2020,8.092719689011574,0.028465550506000005,32.83728034375237,False
W7492,山西,风电,2020,11.153054237365723,0.22090298397458094,182.423439696382,False
W7493,新疆,风电,2020,10.47439992427826,0.05264897271053809,46.72876913025348,False
W7495,新疆,风电,2020,8.092719689011574,0.028465550506000005,32.83728034375237,False
W7505,新疆,风电,2020,10.189789161086082,0.06058680798643979,55.15778204953504,False
W7508,新疆,风电,2020,6.959143504500389,0.02451318627820678,33.00905125932952,False
W7514,山西,风电,2020,8.656860888004303,0.05867283043756184,63.092646958170285,False
W7515,山西,风电,2020,10.35489410161972,0.040469804368378486,36.15225969120462,False
W7516,新疆,风电,2020,8.213581144809723,0.028973303462769537,32.892441351392705,False
W7520,山西,风电,2020,8.634554743766785,0.07021760300091248,75.69628211893392,False
W7521,山西,风电,2020,9.125894531607628,0.0481685724496542,48.968660839807846,False
W7522,新疆,风电,2020,7.833848521113396,0.027613392732187988,32.93542951569739,False
W7535,山西,风电,2020,8.682671785354614,0.07324560809304477,78.56538887954761,False
W7545,新疆,风电,2020,7.796146050095558,0.027505821968100044,32.970502098141345,False
W7546,新疆,风电,2020,7.781446650624275,0.07833342342700603,94.33564681456812,False
W7560,新疆,风电,2020,7.543806284666061,0.026589366317201497,32.95682194002608,False
W7567,新疆,风电,2020,9.341473951935768,0.11185591075502964,110.77239109384206,False
W7568,新疆,风电,2020,8.219323083758354,0.028987408742952164,32.912428804159276,False
W7578,新疆,风电,2020,8.931451812386513,0.03159196756492721,32.92479746070518,False
W7592,新疆,风电,2020,8.716015666723251,0.030698118253208638,32.79416426267465,False
W7603,山西,风电,2020,12.786348760128021,0.044037101799223634,31.754943094057634,False
W7611,山西,风电,2020,12.698257863521576,0.04374758648504776,31.7628282025452,False
W7615,新疆,风电,2020,12.70076997578144,0.04122645190205208,29.941317451686405,False
W7626,山西,风电,2020,12.031445279717445,0.03801896794448998,29.13223256826682,False
W7639,山西,风电,2020,12.37269513309002,0.039917607476936234,29.745917396991707,False
W7650,新疆,风电,2020,7.216396182775497,0.060007354529371226,77.86058284616843,False
W7664,新疆,风电,2020,10.174767896533012,0.03665955540030274,33.298885278405194,False
W7683,新疆,风电,2020,8.472200855612755,0.02988836661352627,32.875643832932305,False
W7693,山西,风电,2020,11.947133168578148,0.054566820133499366,42.10776343930008,False
W7700,山西,风电,2020,12.154741063714027,0.05545152615315089,42.061908953909494,False
W7725,新疆,风电,2020,12.75158867239952,0.053526455242561735,38.71570704066687,False
W7727,新疆,风电,2020,8.514833897352219,0.04891635755390207,53.415870469941794,False
W7735,新疆,风电,2020,9.135901182889938,0.12440250076852094,126.69028522343469,False
W7757,新疆,风电,2020,7.220186814665794,0.03994532732472655,51.880660726658384,False
W7776,新疆,风电,2020,12.19873957335949,0.13913032469851916,105.08215149707178,False
W7784,新疆,风电,2020,9.277971312403679,0.37928797198718733,379.856753420007,False
W7787,新疆,风电,2020,9.740577265620232,0.19932050869943588,189.70183608980327,False
W7789,山西,风电,2020,10.271796807646751,0.040564337669341935,36.533053147508724,False
W7794,山西,风电,2020,11.053283885121346,0.08252207807812005,68.77952002310604,False
W7799,山西,风电,2020,10.356501191854477,0.04091660166249023,36.53609997643917,False
W7806,新疆,风电,2020,7.4859669059515,0.05128234031703039,63.930267809632205,False
W7812,山西,风电,2020,9.770044460892677,0.03857403878192016,36.59568462364822,False
W7816,新疆,风电,2020,8.869661763310432,0.1211252118717815,127.10489899321203,False
W7819,山西,风电,2020,11.861230954527855,0.05878312953635786,45.656566738888166,False
W7829,山西,风电,2020,11.1133524030447,0.04145177715478697,34.361050716958516,False
W7830,山西,风电,2020,10.401668921113014,0.038639539354965786,34.38796162026924,False
W7838,山西,风电,2020,8.606192395091057,0.03387487890268117,36.64396426283602,False
W7844,新疆,风电,2020,12.575289979577065,0.14456229392274256,105.94456322962256,False
W7850,山西,风电,2020,9.295142367482185,0.036387492976421264,36.36298521757742,False
W7851,新疆,风电,2020,10.624720305204391,0.06105304352581257,52.92885733593305,False
W7852,山西,风电,2020,8.684114590287209,0.03422641682017751,36.70051567843426,False
W7865,新疆,风电,2020,10.50944522023201,0.03413817619712852,29.91887983150107,False
W7877,山西,风电,2020,9.561105743050575,0.037735654152582176,36.5949143799943,False
W7883,新疆,风电,2020,8.519600629806519,0.02901160480815963,31.731298754106042,False
W7884,山西,风电,2020,9.47948545217514,0.037475507491742235,36.67690290255278,False
W7887,新疆,风电,2020,7.263030186295509,0.0605351216922442,78.0517721832698,False
W7890,新疆,风电,2020,9.630214646458626,0.03429703392429318,33.02155873786701,False
W7904,新疆,风电,2020,7.596633285284042,0.06036657838037163,74.46710443553454,False
W7909,山西,风电,2020,12.408586665987968,0.05404809253302182,40.12660260798451,False
W7927,新疆,风电,2020,9.523323252797127,0.03246269729100017,31.608896700530874,False
W7935,山西,风电,2020,9.576441496610641,0.03782651340108235,36.627342872505345,False
W7941,山西,风电,2020,9.574841782450676,0.03782151563938419,36.63777859343239,False
W7948,山西,风电,2020,8.260460793972015,0.043635430450919,49.15124496477058,False
W7953,山西,风电,2020,10.15577182173729,0.0400756024180953,36.523290480130086,False
W7958,山西,风电,2020,8.202825710177422,0.043248195991155224,49.091615912104004,False
W7970,山西,风电,2020,13.050585016608238,0.04035420450599095,28.528165012405317,False
W7978,山西,风电,2020,9.929416179656982,0.03921689337354914,36.57115773040495,False
W8000,新疆,风电,2020,11.75828106701374,0.06763368474913127,53.01256339737412,False
W8045,云南,风电,2020,9.040023609995842,0.05372395747160346,55.24431036413673,False
W8050,云南,风电,2020,9.04002383351326,0.041326122652186256,42.4956238695144,False
W8096,云南,风电,2020,8.836751729249954,0.17967387160505882,188.6036807792785,False
W8098,云南,风电,2020,12.21733309328556,0.07117259173928336,53.72363723262804,False
W8162,云南,风电,2020,10.926876068115234,0.08869016764587005,74.77968925485314,False
W8214,云南,风电,2020,13.041223883628845,0.047526974026078826,33.58732573968041,False
W912,甘肃,风电,2020,8.827539011836052,0.03682456715782265,38.838934898620465,False
W922,甘肃,风电,2020,9.053432866930962,0.037690635259047554,38.6864559424842,False
W925,甘肃,风电,2020,8.893361538648605,0.15550016725209181,162.6531557884747,False
W985,甘肃,风电,2020,8.320909291505814,0.15841791638970637,177.40621951749668,False
W994,甘肃,风电,2020,8.411902338266373,0.035036721519935886,38.88120004098178,False
102,甘肃,光伏,2021,11.265009194612503,0.09716938322494366,79.47526062139377,False
103,甘肃,光伏,2021,11.479796469211578,0.04816569084979831,38.657847698346536,False
104,甘肃,光伏,2021,11.616749614477158,0.050234462189374864,39.836896301287645,False
105,甘肃,光伏,2021,11.842747181653976,0.039079656194595074,30.402440472759636,False
106,甘肃,光伏,2021,11.743290200829506,0.08781033175306112,68.88303124294609,False
107,甘肃,光伏,2021,10.637068301439285,0.04396721565121538,38.07026097034959,False
108,甘肃,光伏,2021,10.632497370243073,0.04395712241489966,38.07736108700324,False
109,甘肃,光伏,2021,11.847362592816353,0.03909285354235624,30.40085952590214,False
110,甘肃,光伏,2021,11.499974504113197,0.04796880079946734,38.434386108156176,False
111,甘肃,光伏,2021,11.48272767663002,0.04874500055177294,39.11442982047781,False
112,甘肃,光伏,2021,11.510113030672073,0.048532868175694,38.851016281300076,False
113,甘肃,光伏,2021,12.793609276413918,0.043065936501110486,31.025468597274354,False
114,甘肃,光伏,2021,11.483653485774994,0.04864073761941478,39.02547195772836,False
115,甘肃,光伏,2021,11.490095034241676,0.04863112200133496,38.99749250078758,False
116,甘肃,光伏,2021,11.146820560097694,0.04701928010367802,38.860756110450644,False
117,甘肃,光伏,2021,11.248742491006851,0.04799492586809285,39.30986214948292,False
118,甘肃,光伏,2021,11.268601790070534,0.04808856214641619,39.317141029341336,False
119,甘肃,光伏,2021,11.127330958843231,0.09390977353599762,77.74887715395495,False
121,甘肃,光伏,2021,11.709432899951935,0.05204636233678706,40.9577780242593,False
122,甘肃,光伏,2021,11.73956774175167,0.05300046194261398,41.60383137379956,False
12469,青海,光伏,2021,8.552440032362938,0.029473449093220024,32.2140736270189,False
125,甘肃,光伏,2021,11.864123940467834,0.05451039478639598,42.33578265088589,False
126,甘肃,光伏,2021,10.7184599339962,0.03431029468810271,29.49105332307089,False
12628,新疆,光伏,2021,11.529641970992088,0.038134088766674096,30.69775145657171,False
130,甘肃,光伏,2021,11.572858169674873,0.036402302712683014,28.99796335554925,False
131,甘肃,光伏,2021,11.552463322877884,0.05510878387635227,43.974565201352206,False
142,甘肃,光伏,2021,11.051192656159401,0.10039466588734168,83.68698356622419,False
146,甘肃,光伏,2021,11.053286120295525,0.04970977688229678,41.4303658690201,False
149,甘肃,光伏,2021,11.020533442497253,0.09976456133917594,83.39080500143803,False
151,甘肃,光伏,2021,10.852878615260124,0.09688573038333458,82.2242037633772,False
154,甘肃,光伏,2021,11.020287349820137,0.04938083417970549,41.27717713680475,False
155,甘肃,光伏,2021,12.168542370200157,0.05593602759933702,42.370199762267426,False
156,甘肃,光伏,2021,12.168506607413292,0.05593597831327822,42.370286953585975,False
157,甘肃,光伏,2021,11.969869807362556,0.03737909002631226,28.777763102280456,False
158,甘肃,光伏,2021,11.58424861729145,0.2003051031040346,159.28489725090327,False
159,甘肃,光伏,2021,11.627200841903687,0.10000311699535319,79.23529362136209,False
161,甘肃,光伏,2021,12.108781635761261,0.054495573027598776,41.47424717426229,False
163,甘肃,光伏,2021,12.022675126791,0.05451980952701688,41.785837473733416,False
170,甘肃,光伏,2021,10.68252794444561,0.3127807592292642,269.7257551037958,False
171,甘肃,光伏,2021,10.898875147104263,0.09330243357123745,78.8771723985215,False
172,甘肃,光伏,2021,10.726942867040634,0.18375481082582926,157.8131031695156,False
175,甘肃,光伏,2021,11.246951222419739,0.18908568093514755,154.89165775854426,False
176,甘肃,光伏,2021,10.76084978878498,0.043616765567964955,37.342648180564254,False
178,甘肃,光伏,2021,10.29864214360714,0.05979512814044199,53.47891305166508,False
179,甘肃,光伏,2021,10.79585149884224,0.13577012484682907,115.8520547875292,False
181,甘肃,光伏,2021,10.652233958244324,0.1732312652530179,149.78571113154433,False
183,甘肃,光伏,2021,12.656331807374954,0.05376326039897318,39.166152607626266,False
185,甘肃,光伏,2021,12.725493684411049,0.053610793715506075,38.843356704317685,False
187,甘肃,光伏,2021,11.144549176096916,0.2907005597489617,240.28235474343617,False
188,甘肃,光伏,2021,10.505751371383667,0.17875227664956644,156.73606852032574,False
189,甘肃,光伏,2021,11.132941246032715,0.29035708564586454,240.24868975149786,False
195,甘肃,光伏,2021,12.423439398407936,0.051946169436538424,38.54650134825218,False
199,甘肃,光伏,2021,10.83120010793209,0.23903932165985484,203.2887651195523,False
3107,内蒙古,光伏,2021,12.822159826755524,0.05792446708318692,41.65929534768865,False
3164,内蒙古,光伏,2021,13.040917217731476,0.06430269796797908,45.49525570046806,False
3337,内蒙古,光伏,2021,13.137603923678398,0.048415848454257435,34.00764124680531,False
3340,内蒙古,光伏,2021,12.368346601724625,0.0400575448372809,29.874708557330496,False
3452,内蒙古,光伏,2021,12.207522243261337,0.13597875241599486,102.73691835849957,False
3785,内蒙古,光伏,2021,12.754370123147964,0.04305182284241174,31.140353709696505,False
3808,内蒙古,光伏,2021,12.493998929858208,0.06454327107100145,47.64337627137788,False
3885,内蒙古,光伏,2021,12.97025017440319,0.1297917644089226,92.34298549749778,False
3910,内蒙古,光伏,2021,13.10321420431137,0.06596582100936646,46.45776128433638,False
404,甘肃,光伏,2021,10.857542306184769,0.09246963437294524,78.46856333050135,False
4040,青海,光伏,2021,5.89112676680088,0.023154753646637025,37.00203961719484,False
405,甘肃,光伏,2021,11.060665547847748,0.19103515698682808,159.16361563433603,False
4077,陕西,光伏,2021,12.242724224925041,0.09041840510286309,68.10763943322965,False
4107,陕西,光伏,2021,12.823089882731438,0.05315976015987277,38.249289155434425,False
4117,青海,光伏,2021,5.89112676680088,0.023154753646637025,37.00203961719484,False
4127,青海,光伏,2021,5.80071285367012,0.022805516546929507,37.03194883656328,False
4128,青海,光伏,2021,5.80071285367012,0.022805516546929507,37.03194883656328,False
4129,青海,光伏,2021,5.80071285367012,0.022805516546929507,37.03194883656328,False
413,甘肃,光伏,2021,10.638139173388481,0.07173515460981618,62.111079401964304,False
4130,青海,光伏,2021,5.81834614276886,0.023727789653630173,38.408200344965294,False
4132,青海,光伏,2021,5.81834614276886,0.023727789653630173,38.408200344965294,False
4133,青海,光伏,2021,5.81834614276886,0.023727789653630173,38.408200344965294,False
4134,青海,光伏,2021,5.9199245274066925,0.023260432272230257,36.98563356234947,False
4135,青海,光伏,2021,5.9199245274066925,0.023260432272230257,36.98563356234947,False
4139,青海,光伏,2021,5.699913203716278,0.023674886899489933,39.1304753828833,False
4141,青海,光伏,2021,5.685530751943588,0.022466824343129015,37.22548408589456,False
4144,青海,光伏,2021,5.991733521223068,0.02350272306068528,36.90957593589241,False
4145,青海,光伏,2021,5.991733521223068,0.02350272306068528,36.90957593589241,False
4147,青海,光伏,2021,5.772778540849686,0.022669324044669852,36.98451284229958,False
4148,青海,光伏,2021,5.772778540849686,0.022669324044669852,36.98451284229958,False
4151,青海,光伏,2021,5.69638654589653,0.022524610359471814,37.25010594399882,False
4154,青海,光伏,2021,6.893226206302643,0.026961220630625084,36.675515574069344,False
4160,青海,光伏,2021,6.893226206302643,0.06740305164352829,91.68878902626705,False
4161,青海,光伏,2021,6.882849186658859,0.040336903833482714,54.956903510991815,False
4163,青海,光伏,2021,6.892930269241333,0.040564483182281404,55.18248702971199,False
4167,青海,光伏,2021,6.897830665111542,0.040422183274611584,54.94620042526245,False
4173,青海,光伏,2021,7.903890609741211,0.029424591580479845,34.77219287206741,False
4176,青海,光伏,2021,6.841212585568428,0.02659449500020395,36.468528574749804,False
4179,青海,光伏,2021,6.893226206302643,0.026961220630625084,36.675515574069344,False
418,甘肃,光伏,2021,11.910380870103836,0.05360346138545013,41.47143417078193,False
4180,青海,光伏,2021,6.893226206302643,0.04044183086716285,55.01327325394621,False
4182,青海,光伏,2021,6.893226206302643,0.06740305164352829,91.68878902626705,False
4189,青海,光伏,2021,6.893226206302643,0.06740305164352829,91.68878902626705,False
4191,青海,光伏,2021,8.79260279238224,0.033606387476762555,35.65577237804551,False
4192,青海,光伏,2021,6.079655662178993,0.03235392866476033,50.07008546263023,False
4193,青海,光伏,2021,7.468217834830284,0.03302982260109313,41.53095087661574,False
4195,青海,光伏,2021,6.062856987118721,0.022191748289374955,34.440642800539194,False
4197,青海,光伏,2021,7.478201910853386,0.07491278669820906,93.8554499949033,False
4199,青海,光伏,2021,6.063348278403282,0.021896626913498304,33.97777964308817,False
420,甘肃,光伏,2021,11.897586286067963,0.053555164099241576,41.47805507745332,False
4218,陕西,光伏,2021,13.099377304315567,0.0662049640750503,46.62629588446603,False
422,甘肃,光伏,2021,10.798508673906326,0.04485285998715348,38.26227993571885,False
4242,青海,光伏,2021,5.926201790571213,0.023109169712449185,36.70841080419815,False
4250,青海,光伏,2021,5.926201790571213,0.023109169712449185,36.70841080419815,False
428,甘肃,光伏,2021,10.958320274949074,0.1309667288439533,110.09042240600496,False
4298,青海,光伏,2021,5.877794846892357,0.022992873915633188,36.828909274461104,False
430,甘肃,光伏,2021,10.92534676194191,0.08703746548845859,73.38335851798682,False
4309,青海,光伏,2021,6.837668716907501,0.02657695313091446,36.463362404998605,False
4326,青海,光伏,2021,6.89355231821537,0.03355142338091016,45.63805013992767,False
433,甘肃,光伏,2021,11.016753539443016,0.26928022276733937,225.19616724823902,False
435,甘肃,光伏,2021,12.76330478489399,0.044509161669898545,32.13955703722862,False
4364,陕西,光伏,2021,11.841235309839249,0.04546681238779121,35.40614061140621,False
4369,陕西,光伏,2021,11.79690420627594,0.08880377273801877,69.39826637566615,False
437,甘肃,光伏,2021,11.016617640852928,0.0907327982749464,75.87980379064048,False
438,甘肃,光伏,2021,11.017912030220032,0.044055598526200175,36.83378010066998,False
440,甘肃,光伏,2021,11.025348454713821,0.17954141506383675,150.0294500321851,False
4420,青海,光伏,2021,5.926201790571213,0.023109169712449185,36.70841080419815,False
443,甘肃,光伏,2021,10.933283865451813,0.08713818854091208,73.41393669860841,False
4456,青海,光伏,2021,6.322702690958977,0.023624329066556097,35.10662470295991,False
447,甘肃,光伏,2021,11.438571810722351,0.04015007814901097,32.341978298885266,False
4479,青海,光伏,2021,5.676169395446777,0.027776755561477736,46.13206759362078,False
4535,青海,光伏,2021,6.89355231821537,0.026841138583214137,36.510439946653726,False
454,甘肃,光伏,2021,13.02070900797844,0.04493375119163004,31.81349088488113,False
4541,青海,光伏,2021,6.849178969860077,0.02662302054173248,36.46278892157082,False
457,甘肃,光伏,2021,11.985876560211182,0.05498179260161378,42.27744057994996,False
459,甘肃,光伏,2021,11.512744501233101,0.3232138706977363,258.6125757635973,False
4603,青海,光伏,2021,6.895746365189552,0.026968539443285554,36.67206411821103,False
4609,青海,光伏,2021,6.905810013413429,0.034486491868978855,46.82670503100495,False
461,甘肃,光伏,2021,11.588538587093353,0.21757874020249915,172.9665505690368,False
4615,青海,光伏,2021,6.89355231821537,0.03355142338091016,45.63805013992767,False
463,甘肃,光伏,2021,11.555718630552292,0.10802940974000493,86.12067806400584,False
464,甘肃,光伏,2021,11.555718630552292,0.21605881946877614,172.2413561190561,False
4642,青海,光伏,2021,6.905810013413429,0.04138379003763009,56.19204575865506,False
465,甘肃,光伏,2021,12.834998443722725,0.04788729013072451,34.38666165683123,False
466,甘肃,光伏,2021,11.548945158720016,0.05291128258715663,42.204853363346885,False
467,甘肃,光伏,2021,11.55571885406971,0.08642352992121939,68.89654281597105,False
4670,青海,光伏,2021,6.905810013413429,0.027589193452569976,37.46136396694273,False
4677,青海,光伏,2021,8.438144847750664,0.03162477998543292,34.96538562152728,False
468,甘肃,光伏,2021,11.555803567171097,0.10802755361107975,86.11856537733105,False
4687,青海,光伏,2021,8.437814265489578,0.0316241110740097,34.966015919295344,False
4690,青海,光伏,2021,6.905810013413429,0.04138379003763009,56.19204575865506,False
4693,青海,光伏,2021,8.18465307354927,0.03171656840691262,36.192377221671585,False
470,甘肃,光伏,2021,11.538973823189735,0.06503402784278499,51.91871320378694,False
4709,青海,光伏,2021,8.033078089356422,0.0643106120953302,74.82445307871438,False
4710,青海,光伏,2021,7.780604436993599,0.04964814706776429,59.67734422548309,False
4712,青海,光伏,2021,5.01474604010582,0.019241818752148337,36.22824610090249,False
4716,青海,光伏,2021,8.315472230315208,0.07817797602891527,87.71776529835442,False
4718,青海,光伏,2021,7.1772779524326324,0.04050242190236179,52.83538474142485,False
4724,青海,光伏,2021,7.1772779524326324,0.04050242190236179,52.83538474142485,False
4726,青海,光伏,2021,8.056723549962044,0.03362345970099285,38.988841199026666,False
474,甘肃,光伏,2021,11.560445576906204,0.043417625157554506,34.598230478583424,False
4746,青海,光伏,2021,5.002594515681267,0.019029012452510888,35.91257662232417,False
4752,青海,光伏,2021,5.002594515681267,0.019029012452510888,35.91257662232417,False
4756,青海,光伏,2021,8.184708952903748,0.06343380291674384,72.38502034934605,False
4766,青海,光伏,2021,7.356956675648689,0.028924642680713552,36.78512857771413,False
4773,青海,光伏,2021,8.647150173783302,0.02961600445834806,31.933864746646176,False
4785,青海,光伏,2021,8.389291316270828,0.0332394009737194,36.988779757324416,False
4795,青海,光伏,2021,5.4937393963336945,0.027072519924671114,46.50119860109092,False
4802,青海,光伏,2021,7.054988220334053,0.02849644417132469,38.00736319467199,False
4804,青海,光伏,2021,7.307661473751068,0.058765850790161445,75.28186139383831,False
4809,青海,光伏,2021,7.054988220334053,0.02849644417132469,38.00736319467199,False
4824,青海,光伏,2021,5.618096217513084,0.027333577109999542,45.886620475227915,False
483,甘肃,光伏,2021,10.876983404159546,0.09351391457490502,79.19546597531502,False
4831,青海,光伏,2021,7.0499396324157715,0.0284759925020963,38.0105318217892,False
4838,青海,光伏,2021,7.041972577571869,0.02842780824336209,37.98681049095132,False
4843,青海,光伏,2021,7.049073725938797,0.028742929340481452,38.368280534201695,False
485,甘肃,光伏,2021,11.201314777135849,0.19445672073604026,159.9447905516362,False
4850,青海,光伏,2021,5.768520757555962,0.02282833271218401,37.28030107181191,False
4857,青海,光伏,2021,5.768520757555962,0.02282833271218401,37.28030107181191,False
486,甘肃,光伏,2021,11.472224369645119,0.03852850019442903,30.94301033555934,False
4863,青海,光伏,2021,5.768520757555962,0.02282833271218401,37.28030107181191,False
4879,青海,光伏,2021,5.776795595884323,0.02270645966242707,37.02595688635751,False
4882,青海,光伏,2021,6.892644166946411,0.026843018598188106,36.51780804958111,False
4889,青海,光伏,2021,6.89802311360836,0.026854287449688066,36.50223156494404,False
4903,青海,光伏,2021,6.836836114525795,0.02657303289943588,36.46242379928719,False
491,甘肃,光伏,2021,11.205199733376503,0.145919673744596,119.98042375014312,False
4911,青海,光伏,2021,5.904934778809547,0.023188843306889067,36.965401866273524,False
4928,青海,光伏,2021,5.8080583065748215,0.02281841411535483,37.00161833951543,False
495,甘肃,光伏,2021,12.805239781737328,0.04325453795363914,31.132609010433885,False
4957,青海,光伏,2021,5.89112676680088,0.023154753646637025,37.00203961719484,False
4960,青海,光伏,2021,8.091754987835884,0.05056395183377385,58.395473524332786,False
4980,青海,光伏,2021,7.073615938425064,0.02875407458113856,38.24146985799712,False
4981,青海,光伏,2021,7.158480584621429,0.029387726961823287,38.601646447892186,False
4983,青海,光伏,2021,7.087854892015457,0.02918487642670113,38.736439434172205,False
4986,青海,光伏,2021,7.158480584621429,0.029387726961823287,38.601646447892186,False
4987,青海,光伏,2021,7.035629823803902,0.028681910582721657,38.3632657872028,False
4997,青海,光伏,2021,7.901362851262093,0.029415445338768973,34.77250506165961,False
4998,青海,光伏,2021,5.897565186023712,0.02316737105023162,36.97955503901967,False
518,甘肃,光伏,2021,11.291470527648926,0.19804114757594057,161.5458107709325,False
521,甘肃,光伏,2021,10.693201124668121,0.10154468879418103,87.47461195691413,False
525,甘肃,光伏,2021,11.910253465175629,0.04376181797961774,33.85760397531072,False
527,甘肃,光伏,2021,11.716192737221718,0.052680346850707375,41.43391223061639,False
528,甘肃,光伏,2021,11.52664728462696,0.04157065510078177,33.225394436251385,False
533,甘肃,光伏,2021,11.79770216345787,0.3175493899383033,247.98420800964732,False
540,甘肃,光伏,2021,11.797701939940453,0.21169958830910984,165.3228045804929,False
541,甘肃,光伏,2021,11.679329127073288,0.20933934782342115,165.12971163028155,False
542,甘肃,光伏,2021,11.712528839707375,0.05267200005880246,41.43973625508719,False
544,甘肃,光伏,2021,11.815411671996117,0.04981156792029771,38.84911728083575,False
545,甘肃,光伏,2021,11.72058641910553,0.05269098589902704,41.42731478243701,False
555,甘肃,光伏,2021,11.950114443898201,0.054795682444519864,42.255771232429254,False
556,甘肃,光伏,2021,12.97845907509327,0.04817732322419403,34.215822465273085,False
5966,陕西,光伏,2021,12.753419280052185,0.052711405822352786,38.13177173687349,False
6001,新疆,光伏,2021,9.774452894926071,0.03403795479879396,32.396837098891375,False
6004,新疆,光伏,2021,9.71462219953537,0.033509651585542324,32.08792086919155,False
6005,新疆,光伏,2021,9.802959188818932,0.03412842425708176,32.38848658588427,False
6006,新疆,光伏,2021,10.618730932474136,0.03906296246883868,34.17363425053916,False
6007,新疆,光伏,2021,10.589855387806892,0.043417533922050354,38.061946532281446,False
6014,新疆,光伏,2021,9.870265647768974,0.03418953128203762,32.22522203957304,False
6016,新疆,光伏,2021,9.64983232319355,0.03973504300919254,38.31064968767492,False
6017,新疆,光伏,2021,8.331217914819717,0.06875669089810903,76.9202444018786,False
6020,新疆,光伏,2021,10.006958618760109,0.03420464493799646,31.77653760137446,False
6021,新疆,光伏,2021,9.893728271126747,0.03426918973019664,32.22117983678485,False
6022,新疆,光伏,2021,9.900087118148804,0.03430154825836237,32.23341500211292,False
6024,新疆,光伏,2021,9.925825372338295,0.0342958929334752,32.13696488465951,False
6025,新疆,光伏,2021,9.64983232319355,0.03973504300919254,38.31064968767492,False
6026,新疆,光伏,2021,11.624079644680023,0.04460862118656698,35.61797597048575,False
6027,新疆,光伏,2021,9.64983232319355,0.03973504300919254,38.31064968767492,False
6030,新疆,光伏,2021,7.45466485619545,0.04119742969368151,51.61467424431125,False
6031,新疆,光伏,2021,8.62827479839325,0.117154690049807,126.41686535619534,False
6032,新疆,光伏,2021,8.62827479839325,0.06508593901452744,70.23159197026628,False
6035,新疆,光伏,2021,9.791182950139046,0.03408430807426251,32.38298642734074,False
6036,新疆,光伏,2021,8.893708884716034,0.41054669549023187,429.38132588207424,False
6037,新疆,光伏,2021,9.038456752896309,0.11314731472261157,116.36023128605099,False
6047,新疆,光伏,2021,10.254826471209526,0.036981285067795834,33.559922057473926,False
6056,新疆,光伏,2021,11.19237519800663,0.04437998305504617,36.70329418134035,False
6057,新疆,光伏,2021,8.161334618926048,0.042824020220443265,48.97485966157639,False
6059,新疆,光伏,2021,8.714351132512093,0.04191676829817989,44.770045483821,False
6060,新疆,光伏,2021,8.49192090332508,0.044868100767459174,49.18894370155395,False
6061,新疆,光伏,2021,9.70144271850586,0.03717006211096415,35.54862326243456,False
6063,新疆,光伏,2021,8.693084567785263,0.044160250419670415,47.28162800403472,False
6065,新疆,光伏,2021,11.46541379392147,0.037136336597245585,29.945405853123404,False
6066,新疆,光伏,2021,9.026698395609856,0.09352499355506759,96.25703466935632,False
6067,新疆,光伏,2021,7.931725904345512,0.030506927006243207,35.8642217266748,False
6068,新疆,光伏,2021,9.100996255874634,0.03168693561295658,32.395958810137756,False
6069,新疆,光伏,2021,7.961845099925995,0.031233402795236002,36.560056363678726,False
6070,新疆,光伏,2021,7.961823642253876,0.052055613737561006,60.93352408340623,False
6071,新疆,光伏,2021,11.40283428132534,0.036642641099310556,29.71470554648614,False
6072,新疆,光伏,2021,11.256828010082245,0.0353900832493118,29.093325304737114,False
6074,新疆,光伏,2021,11.256828010082245,0.0353900832493118,29.093325304737114,False
6076,新疆,光伏,2021,8.699240237474442,0.07690604628514548,82.28372790226332,False
6078,新疆,光伏,2021,11.001488864421844,0.03851672521295695,32.43188940944053,False
6079,新疆,光伏,2021,11.423078253865242,0.03926162792896426,31.77368941896958,False
6081,新疆,光伏,2021,10.16989253461361,0.039259570909330126,35.79066925781788,False
6082,新疆,光伏,2021,8.473471328616142,0.21507946065132708,236.13979798182257,False
6083,新疆,光伏,2021,8.113628402352333,0.11559903227938564,132.9318775722141,False
6085,新疆,光伏,2021,9.155117645859718,0.038759376619459676,39.42901375716968,False
6086,新疆,光伏,2021,8.097712844610214,0.3838159828096602,442.5215256512718,False
6089,新疆,光伏,2021,8.097712844610214,0.0852924408455732,98.33811706643172,False
6091,新疆,光伏,2021,11.014870628714561,0.038331467487748155,32.27466367926577,False
6092,新疆,光伏,2021,11.576946526765823,0.03901696958742094,31.187985040712242,False
6096,新疆,光伏,2021,10.618730932474136,0.03906296246883868,34.17363425053916,False
6097,新疆,光伏,2021,9.242251440882683,0.03573278071307538,36.04034070926895,False
6098,新疆,光伏,2021,9.081960842013359,0.05949856306006156,60.789496950148795,False
6099,新疆,光伏,2021,11.038454845547676,0.04263696076911845,35.79008658469138,False
6100,新疆,光伏,2021,9.56833966076374,0.037250355447559544,36.23784258861057,False
6101,新疆,光伏,2021,8.242652267217636,0.060458789229211295,68.45594130283145,False
6102,新疆,光伏,2021,7.374278828501701,0.42480245374233006,538.1754135163147,False
6103,新疆,光伏,2021,9.963588416576385,0.03585855521012748,33.50783085225458,False
6104,新疆,光伏,2021,9.019968286156654,0.030482615930711814,31.43480171108963,False
6105,新疆,光伏,2021,11.262113973498344,0.04102046491382017,33.75505456736219,False
6106,新疆,光伏,2021,9.224804118275642,0.03790364514537934,38.28768926024787,False
6108,新疆,光伏,2021,10.866596102714539,0.0384405506040366,32.859391381040176,False
6110,新疆,光伏,2021,10.798242688179016,0.03682609977956678,31.676038787312073,False
6111,新疆,光伏,2021,8.212666064500809,0.03177814081199915,36.1153035988089,False
6114,新疆,光伏,2021,7.508175373077393,0.04529871185989064,56.42495531469065,False
6117,甘肃,光伏,2021,11.623882725834846,0.05300093568216826,42.00497048198158,False
6120,新疆,光伏,2021,8.42913307249546,0.04050179248861408,44.79442374255359,False
6123,新疆,光伏,2021,9.935444444417953,0.04027389784870564,37.63156128589591,False
6124,新疆,光伏,2021,7.508175373077393,0.04529871185989064,56.42495531469065,False
6125,新疆,光伏,2021,10.757409185171127,0.0424478964150004,36.583825678332815,False
6129,新疆,光伏,2021,8.680511489510536,0.49728101845130496,533.4899690165958,False
6131,新疆,光伏,2021,7.768970355391502,0.5677340042243151,682.8593803173941,False
6133,新疆,光伏,2021,7.571472376585007,0.1280672504800942,158.13358714324877,False
6140,新疆,光伏,2021,8.513332083821297,0.041555685474308844,45.48479148678544,False
6142,新疆,光伏,2021,9.89492766559124,0.03454617043879283,32.45975948838709,False
6143,新疆,光伏,2021,7.768969908356667,0.09462232864789767,113.80989678593727,False
6149,新疆,光伏,2021,8.218865543603897,0.2306473540015696,261.32013753819035,False
6151,新疆,光伏,2021,10.291363522410393,0.03987966829030708,36.039089972126135,False
6154,新疆,光伏,2021,11.436455994844437,0.03730685789007117,30.177635512051147,False
6158,新疆,光伏,2021,10.605903267860413,0.03985496883617196,34.90867935295757,False
6159,新疆,光伏,2021,7.768969908356667,0.37848931455892026,455.23958710445385,False
6165,新疆,光伏,2021,8.272055760025978,0.19662669872475927,221.24009346244992,False
6167,新疆,光伏,2021,10.60500293970108,0.03942569127979235,34.54119143123998,False
6169,新疆,光伏,2021,9.816961884498596,0.03415757138422187,32.39508964506468,False
6172,新疆,光伏,2021,10.033479854464531,0.03918944589114371,36.2455805584524,False
6175,新疆,光伏,2021,9.056366533041,0.04062815682690397,41.837805641421525,False
6176,新疆,光伏,2021,10.281856432557106,0.04320605758463401,38.956268262768944,False
6178,新疆,光伏,2021,7.101980745792389,0.11053331924797431,145.6791481440722,False
6183,新疆,光伏,2021,8.502601012587547,0.041589541928202974,45.57930187783057,False
6186,新疆,光伏,2021,9.056366533041,0.04062815682690397,41.837805641421525,False
6189,新疆,光伏,2021,7.334368452429771,0.07691544274993684,98.0222465837796,False
6190,新疆,光伏,2021,8.427507653832436,0.05640932644510841,62.34784033384611,False
6191,新疆,光伏,2021,8.8185515999794,0.04292343365707075,45.2858779967916,False
6205,新疆,光伏,2021,10.224050357937813,0.03815005445026121,34.68380939700289,False
6212,新疆,光伏,2021,10.604224652051926,0.03986819005905879,34.93143203810918,False
6214,新疆,光伏,2021,8.27667698264122,0.0983707913182274,110.62287918459505,False
6215,新疆,光伏,2021,8.292844668030739,0.11253215932410775,126.7280950135054,False
6219,新疆,光伏,2021,9.039717391133308,0.04950045978929876,50.86485611790919,False
6224,新疆,光伏,2021,7.231785133481026,0.18362997318207908,237.5416669534179,False
6230,新疆,光伏,2021,7.563992142677307,0.04083755924105236,50.449695050688995,False
6233,新疆,光伏,2021,11.52595303952694,0.03848999639561235,30.90554046349135,False
6251,新疆,光伏,2021,10.438888147473335,0.04204956867374219,37.411081166430925,False
6253,新疆,光伏,2021,8.27667698264122,0.0983707913182274,110.62287918459505,False
6259,新疆,光伏,2021,8.59399750828743,0.5005628909275633,542.7073662109336,False
6260,新疆,光伏,2021,10.61401292681694,0.03944313957529182,34.5215646352639,False
6261,新疆,光伏,2021,9.214137196540833,0.031560910693836354,31.878355202883267,False
6263,新疆,光伏,2021,9.786353185772896,0.0375082465748639,35.686889183863215,False
6268,新疆,光伏,2021,8.363841399550438,0.4021478586101916,447.73005520560025,False
6270,新疆,光伏,2021,7.509313747286797,0.04530397849607046,56.42296080497422,False
6272,新疆,光伏,2021,9.607742205262184,0.03913096771050798,37.89942901889122,False
6276,新疆,光伏,2021,8.509572967886925,0.2172457872950358,237.50634148733172,False
6277,新疆,光伏,2021,10.601077303290367,0.03942042791329151,34.55215503789842,False
6280,新疆,光伏,2021,10.011642649769783,0.034985838824066105,32.51520404851785,False
6286,新疆,光伏,2021,10.395175963640213,0.03991205624496533,35.682698286780195,False
6288,新疆,光伏,2021,9.45216290652752,0.6522718111903185,640.323011588597,False
6289,新疆,光伏,2021,9.722898155450821,0.036286945610842225,34.76622698229248,False
6290,新疆,光伏,2021,9.82637420296669,0.042592721259200536,40.2759595782313,False
6294,新疆,光伏,2021,8.743716850876808,0.05605483952337679,59.67405151613668,False
6295,新疆,光伏,2021,7.687828615307808,0.04340178352290605,52.75001832124288,False
6301,新疆,光伏,2021,11.29769280552864,0.04069059192304089,33.37816061431793,False
6321,新疆,光伏,2021,8.41519609093666,0.037462885680823184,41.52695630762367,False
6322,新疆,光伏,2021,8.810971900820732,0.08997693928350022,95.0404432701803,False
6323,新疆,光伏,2021,8.710157051682472,0.03960431282864196,42.43293642797669,False
6324,新疆,光伏,2021,10.232377052307129,0.03863990883065808,35.13654788242424,False
6325,新疆,光伏,2021,10.232377052307129,0.03863990883065808,35.13654788242424,False
6326,新疆,光伏,2021,10.214720964431763,0.03858387712440053,35.151723153218796,False
6327,新疆,光伏,2021,10.214720964431763,0.03858387712440053,35.151723153218796,False
6328,新疆,光伏,2021,8.719321489334106,0.03963183665226068,42.411514950868856,False
6329,新疆,光伏,2021,10.718777552247047,0.034978314045678215,30.314626490267674,False
6331,新疆,光伏,2021,10.527012795209885,0.03708582846945978,32.737205801506505,False
6332,新疆,光伏,2021,10.379349365830421,0.03588949637431874,32.15571769100232,False
6334,新疆,光伏,2021,8.843073472380638,0.03687547722003362,38.9067066049227,False
6335,新疆,光伏,2021,10.380822345614433,0.035892431957527754,32.153784782513654,False
6336,新疆,光伏,2021,10.374372527003288,0.03588315794811412,32.167996719407206,False
6337,新疆,光伏,2021,8.827822878956795,0.03681517964792249,38.91307853420356,False
6339,新疆,光伏,2021,10.438888147473335,0.04204956867374219,37.411081166430925,False
6341,新疆,光伏,2021,10.40403351187706,0.03597235107102474,32.14840719600975,False
6342,新疆,光伏,2021,10.553647801280022,0.03944495109936876,34.71499042087983,False
6344,新疆,光伏,2021,9.090264067053795,0.04092991569005911,41.9565415818803,False
6345,新疆,光伏,2021,10.207861214876175,0.03997719355339482,36.43704447157586,False
6347,新疆,光伏,2021,10.548500418663025,0.039306897568111954,34.61037198379508,False
6349,新疆,光伏,2021,10.519347935914993,0.03708914207850803,32.77272670140422,False
6350,新疆,光伏,2021,9.064677357673645,0.03844853977307214,39.53017876840123,False
6352,新疆,光伏,2021,10.186000540852547,0.04164591537893287,37.92508903878741,False
6353,新疆,光伏,2021,11.535848379135132,0.03922797318985419,31.473794373871833,False
6356,新疆,光伏,2021,10.65598838031292,0.036956440304728166,32.20465635619116,False
6358,新疆,光伏,2021,8.425616919994354,0.12598325326433635,139.38337067263157,False
6360,新疆,光伏,2021,8.425616919994354,0.06299162662830991,69.69168533204717,False
6361,新疆,光伏,2021,8.677985966205597,0.1342768644571965,144.0738172625173,False
6362,新疆,光伏,2021,8.59220176935196,0.5306951866669163,575.5406643729768,False
6363,新疆,光伏,2021,10.87215319275856,0.04335655030115232,36.97876629079655,False
6364,新疆,光伏,2021,9.81965146958828,0.03643697696198453,34.50155299638687,False
6365,新疆,光伏,2021,7.641114816069603,0.035496153118060765,43.36456406693141,False
6366,甘肃,光伏,2021,12.974442914128304,0.04710435122185438,33.46553000259325,False
6367,新疆,光伏,2021,10.511130765080452,0.038237190654006034,33.80819366926127,False
6368,新疆,光伏,2021,10.876479372382164,0.0378500516937436,32.30415904929372,False
6369,新疆,光伏,2021,11.445271968841553,0.03895270834382447,31.524556302430707,False
6371,新疆,光伏,2021,10.058978945016861,0.03666660237496786,33.92220158790108,False
6372,新疆,光伏,2021,8.52055773139,0.03743297485262704,41.028543888175705,False
6374,新疆,光伏,2021,8.51160541176796,0.0377055785460204,41.37379132830371,False
6375,新疆,光伏,2021,8.53546030819416,0.03749199270503531,41.01851280244831,False
6376,新疆,光伏,2021,11.212934106588364,0.03810582620080275,31.475495942839476,False
6378,新疆,光伏,2021,11.17525465786457,0.0375084918509123,31.110248302181976,False
6379,新疆,光伏,2021,11.17976501584053,0.03752559915095386,31.111880593301123,False
6380,新疆,光伏,2021,9.2871605604887,0.0417977705079255,41.843516310936614,False
6381,新疆,光伏,2021,10.589855387806892,0.043417533922050354,38.061946532281446,False
6385,新疆,光伏,2021,8.859976083040237,0.03782102697570057,39.74999192969006,False
6386,新疆,光伏,2021,9.576762244105339,0.03607461410955027,35.07944232208312,False
6387,新疆,光伏,2021,7.544439062476158,0.043298309276374305,53.68905086277219,False
6388,新疆,光伏,2021,7.489973455667496,0.0815031625951392,101.73269789275177,False
6389,新疆,光伏,2021,8.527725264430046,0.07514172569784336,82.14489605732427,False
6390,新疆,光伏,2021,11.21269315481186,0.038105927260394364,31.476255803222767,False
6394,新疆,光伏,2021,7.8239042311906815,0.09106609309298819,108.74006050466956,False
6395,新疆,光伏,2021,10.224986895918846,0.03624344358345211,32.91730988276142,False
6402,新疆,光伏,2021,10.438888147473335,0.04204956867374219,37.411081166430925,False
6403,新疆,光伏,2021,10.225219577550888,0.0366122332808081,33.248790606012705,False
6405,新疆,光伏,2021,9.026698395609856,0.5611499629166231,577.5422096486922,False
6406,新疆,光伏,2021,10.222829952836037,0.03764318957504371,34.2270829026977,False
6407,新疆,光伏,2021,9.819910302758217,0.03327669711059107,31.55990977500828,False
6411,新疆,光伏,2021,8.852405771613121,0.038177645903097426,40.1591128180403,False
6412,新疆,光伏,2021,10.596015751361847,0.03938591483934773,34.53561007847577,False
6414,新疆,光伏,2021,10.922489985823631,0.03616287245195986,30.672733978166644,False
6415,新疆,光伏,2021,7.300539538264275,0.0297834800061064,38.12697969100241,False
6417,新疆,光伏,2021,8.856262564659119,0.0381948852824718,40.15975024727933,False
6418,新疆,光伏,2021,11.035779565572739,0.040667390464935796,34.16805538274555,False
6419,新疆,光伏,2021,10.596015751361847,0.03938591483934773,34.53561007847577,False
6420,新疆,光伏,2021,9.926451221108437,0.03395698645381748,31.829855060513133,False
6423,新疆,光伏,2021,9.896111637353897,0.03372932295928821,31.71338283991337,False
6424,新疆,光伏,2021,9.193665459752083,0.03679206576775125,37.3188890307366,False
6427,新疆,光伏,2021,10.222686231136322,0.03661130944235098,33.2588993433801,False
6428,新疆,光伏,2021,8.326888158917427,0.06194095166850295,69.35223841285868,False
6429,新疆,光伏,2021,8.859949931502342,0.0382217216426126,40.174332502101045,False
6430,新疆,光伏,2021,9.71462219953537,0.033509651585542324,32.08792086919155,False
6434,新疆,光伏,2021,9.18955810368061,0.03678226354412962,37.32841869464901,False
6435,新疆,光伏,2021,8.100025579333305,0.12027419986062018,138.600498825871,False
6436,新疆,光伏,2021,9.38476100564003,0.03475868423234765,34.49925899274318,False
6437,新疆,光伏,2021,10.064982175827026,0.035103965951509976,32.43171204584649,False
6440,新疆,光伏,2021,9.726345241069794,0.03606392843599164,34.48678625857528,False
6443,新疆,光伏,2021,10.075899884104729,0.04172329810757914,38.407549487069645,False
6444,新疆,光伏,2021,10.065124332904816,0.03510454382186405,32.43178786218625,False
6447,新疆,光伏,2021,8.265519440174103,0.18616721296316704,209.58802536217715,False
6448,新疆,光伏,2021,9.911341667175293,0.035445804403671365,33.24990425611795,False
6451,新疆,光伏,2021,8.86089876294136,0.04397103373631396,46.140392092764365,False
6453,新疆,光伏,2021,10.078597068786621,0.03509511718378032,32.37973683870808,False
6456,新疆,光伏,2021,9.911341667175293,0.035445804403671365,33.24990425611795,False
6460,新疆,光伏,2021,10.534802600741386,0.03506884492805716,30.926358273753905,False
6465,新疆,光伏,2021,7.591860517859459,0.05506785521579083,67.73088962914225,False
6467,新疆,光伏,2021,8.162115812301636,0.0394806159121125,45.14398013751782,False
6468,新疆,光伏,2021,7.68496111035347,0.04033202740987342,48.96642903825086,False
6475,新疆,光伏,2021,8.79662275314331,0.13467310574711708,142.56114842563488,False
6476,新疆,光伏,2021,7.68496111035347,0.04033202740987342,48.96642903825086,False
6477,新疆,光伏,2021,9.69928689301014,0.03554846831821117,34.08870172461717,False
6480,新疆,光伏,2021,9.181713536381721,0.031178956783088182,31.606225908624666,False
6485,新疆,光伏,2021,8.06999534368515,0.03298260815377911,38.12455869964721,False
6487,新疆,光伏,2021,9.02133084833622,0.040926008465069864,42.214553467419385,False
6488,新疆,光伏,2021,9.694811850786209,0.03552806859285425,34.08486571951139,False
6489,新疆,光伏,2021,9.744748771190643,0.03618228422033814,34.54275295784132,False
6493,新疆,光伏,2021,9.74731296300888,0.036191508693320516,34.542470082488094,False
6494,新疆,光伏,2021,9.664296805858612,0.03482494989410568,33.5341653740091,False
6496,新疆,光伏,2021,8.427023515105247,0.03684550534820395,40.76082180867641,False
6498,新疆,光伏,2021,10.46846017241478,0.039917519388874625,35.446214755629185,False
6502,新疆,光伏,2021,9.344438910484314,0.03233022337755411,32.229855639657366,False
6505,新疆,光伏,2021,9.658208638429642,0.03480171007092696,33.53552081008375,False
6507,新疆,光伏,2021,10.897281691432,0.04097446150694262,34.89828548269855,False
6508,新疆,光伏,2021,9.577795788645744,0.03607220657473244,35.070617551643146,False
6514,新疆,光伏,2021,9.655692726373672,0.03480246102592327,33.54498273295965,False
6516,新疆,光伏,2021,11.133503392338753,0.04421119211420093,36.78221006298515,False
6518,新疆,光伏,2021,8.355300799012184,0.03554453809829317,39.70649112565874,False
6522,新疆,光伏,2021,9.245099052786827,0.03475941690773109,35.03984630046912,False
6528,新疆,光伏,2021,7.937990203499794,0.053152670805889334,62.40448618784906,False
6529,新疆,光伏,2021,11.133503392338753,0.04421119211420093,36.78221006298515,False
6531,新疆,光伏,2021,9.200900718569756,0.030428584729286796,30.781246839313336,False
6532,新疆,光伏,2021,9.795172959566116,0.03784402760705396,35.934748976245054,False
6536,新疆,光伏,2021,7.961823642253876,0.052055613737561006,60.93352408340623,False
6537,新疆,光伏,2021,10.475434586405754,0.039947623439123545,35.44932929663424,False
6538,新疆,光伏,2021,7.627719864249229,0.08039798661729475,98.38505789002215,False
6539,新疆,光伏,2021,9.795172959566116,0.03784402760705396,35.934748976245054,False
6546,新疆,光伏,2021,9.770308881998062,0.03561734951705081,33.92505536255405,False
6548,新疆,光伏,2021,7.627719864249229,0.08039798661729475,98.38505789002215,False
6552,新疆,光伏,2021,8.347809836268425,0.02839562236619767,31.71588691866751,False
6553,新疆,光伏,2021,9.302923455834389,0.0359367905465233,35.9905962518714,False
6557,新疆,光伏,2021,10.34885287284851,0.03775607687663078,33.95173010149545,False
6559,新疆,光伏,2021,8.171877041459084,0.13173882681071492,150.44527702993202,False
6560,新疆,光伏,2021,9.475027620792389,0.03822534346551215,37.57859753268392,False
6564,新疆,光伏,2021,7.567054331302643,0.0426619004636558,52.70838690561223,False
6565,新疆,光伏,2021,7.567054107785225,0.11092093761836186,137.04180557068204,False
6566,新疆,光伏,2021,8.267439678311348,0.043943157754986445,49.543566641765395,False
6568,新疆,光伏,2021,9.31405819952488,0.035874564251648436,35.86332092039185,False
657,甘肃,光伏,2021,11.152467727661133,0.1025380203475623,84.69978737283013,False
6574,新疆,光伏,2021,8.244394585490227,0.04153301991145773,46.97131913461298,False
6576,新疆,光伏,2021,7.382826805114746,0.11060396967973307,140.16852667082802,False
6578,新疆,光伏,2021,8.368466645479202,0.03806353697736658,42.43784343222948,False
6579,新疆,光伏,2021,8.187208995223045,1.0231463107695355,1166.3275801343846,False
6582,新疆,光伏,2021,8.291830569505692,0.49910259649351196,560.9287993032652,False
6585,新疆,光伏,2021,10.185949355363846,0.03532408143824819,32.23215988728086,False
6590,新疆,光伏,2021,8.433474227786064,0.039919044219795786,44.08694381396187,False
6597,新疆,光伏,2021,10.541572943329811,0.03482842863994268,30.719973887813172,False
6598,新疆,光伏,2021,7.49247819185257,0.42783882346991847,533.5861407051342,False
6602,新疆,光伏,2021,7.50503808259964,0.03130094312130915,39.08351288467275,False
6605,新疆,光伏,2021,10.357494503259659,0.03975769353016905,35.67969053068349,False
6606,新疆,光伏,2021,9.922015070915222,0.03394796727359855,31.83811249784168,False
6607,新疆,光伏,2021,7.540948837995529,0.07877853922410182,97.6532389007719,False
6609,新疆,光伏,2021,8.333910182118416,0.5318123698888815,594.4461290456486,False
6616,新疆,光伏,2021,7.639943361282349,0.026579560653284724,32.509290852102566,False
6619,新疆,光伏,2021,10.475434586405754,0.039947623439123545,35.44932929663424,False
6625,新疆,光伏,2021,7.634555473923683,0.08850319003133929,108.32407935984543,False
6626,新疆,光伏,2021,9.676872342824936,0.032131917872588414,30.905547043072858,False
6628,新疆,光伏,2021,7.5037939846515656,0.0775254570689442,96.58947658774318,False
663,甘肃,光伏,2021,11.152467727661133,0.1025380203475623,84.69978737283013,False
6632,新疆,光伏,2021,11.013577580451965,0.03697238627582425,31.11051645226283,False
6633,新疆,光伏,2021,10.475434586405754,0.039947623439123545,35.44932929663424,False
6634,新疆,光伏,2021,7.427779510617256,0.04038165673900172,50.85888942167743,False
6635,新疆,光伏,2021,10.373435094952583,0.03587061616019746,32.15965940341373,False
6638,新疆,光伏,2021,7.733416110277176,0.09993893170197744,120.51999166614502,False
6641,新疆,光伏,2021,9.494065716862679,0.03895900459008455,38.15469604943642,False
6643,新疆,光伏,2021,10.604193136096,0.03943533953899448,34.555068825536196,False
6644,新疆,光伏,2021,7.650694325566292,0.053302791537237375,65.0321048705505,False
6650,新疆,光伏,2021,9.90212693810463,0.0345673358413838,32.45346043207603,False
6652,新疆,光伏,2021,10.961956456303596,0.03735284897053301,31.589292732345367,False
6654,新疆,光伏,2021,9.04954969882965,0.04061728548961305,41.864377422958995,False
6657,新疆,光伏,2021,9.90212693810463,0.0345673358413838,32.45346043207603,False
6659,新疆,光伏,2021,9.474160373210907,0.03891972402207211,38.19328645016675,False
6661,新疆,光伏,2021,10.614654421806335,0.039468435929138075,34.547199411526734,False
6666,新疆,光伏,2021,8.732234314084053,0.0364159159525609,38.83609451123519,False
6668,新疆,光伏,2021,10.954921022057533,0.03732178905214444,31.583295673973872,False
6669,新疆,光伏,2021,8.31034854054451,0.051302362886387516,57.55505462783165,False
6672,新疆,光伏,2021,7.629275098443031,0.04426585858214991,54.2286151465227,False
6673,新疆,光伏,2021,10.949163436889648,0.03729986927928187,31.583990900166246,False
6675,新疆,光伏,2021,8.363841399550438,0.04021478605752058,44.773005739334266,False
668,甘肃,光伏,2021,12.49026283621788,0.0459769775295781,33.92193341778913,False
6684,新疆,光伏,2021,10.607355237007141,0.03942487537399249,34.53002868136555,False
6685,新疆,光伏,2021,9.856624379754066,0.03524937573752801,33.2492025382173,False
6689,新疆,光伏,2021,11.396255940198898,0.03683357912035444,29.96304663896878,False
6693,新疆,光伏,2021,9.777812361717224,0.03593389095420362,34.176180147901334,False
6694,新疆,光伏,2021,10.438888147473335,0.04204956867374219,37.411081166430925,False
6696,新疆,光伏,2021,11.396255940198898,0.03683357912035444,29.96304663896878,False
6699,新疆,光伏,2021,9.777812361717224,0.03593389095420362,34.176180147901334,False
6701,新疆,光伏,2021,9.81481097638607,0.0381585645182479,36.13229262802119,False
6704,新疆,光伏,2021,10.603465810418129,0.039407175922682,34.527186902063036,False
6707,新疆,光伏,2021,9.247448667883873,0.03939691972035765,39.69259921991683,False
6720,新疆,光伏,2021,7.640103399753571,0.0315099919437222,38.64375076823597,False
6723,新疆,光伏,2021,9.67803955078125,0.03722132952580477,35.829484103990566,False
6728,新疆,光伏,2021,8.765494599938393,0.03842579708878637,40.84281426233973,False
6731,新疆,光伏,2021,9.575024396181107,0.039936539172936984,38.82087649759283,False
6733,新疆,光伏,2021,10.610216930508614,0.039424634046107895,34.517713077583586,False
6736,新疆,光伏,2021,8.765494599938393,0.03842579708878637,40.84281426233973,False
6738,新疆,光伏,2021,9.579662829637527,0.040561245121963865,39.38751991527368,False
6739,新疆,光伏,2021,8.881827592849731,0.45306190459426804,474.2188349961388,False
6740,新疆,光伏,2021,8.21132630109787,0.04096499796548084,46.525965704592636,False
6741,新疆,光伏,2021,8.371536880731583,0.03869207494775464,43.13237930004497,False
6745,新疆,光伏,2021,8.295295760035515,0.0994050003164624,111.75632837863695,False
6747,新疆,光伏,2021,7.957926616072655,0.44706193976279146,524.6853775495076,False
6750,新疆,光伏,2021,10.604216158390045,0.03942216868314808,34.54066781322931,False
6753,新疆,光伏,2021,8.015171885490417,0.04246642486694388,49.469572807275675,False
6755,新疆,光伏,2021,7.823061794042587,0.04241037203417191,50.664905979394554,False
6757,新疆,光伏,2021,10.604198947548866,0.03942211880566176,34.54068017205705,False
6760,新疆,光伏,2021,7.921398282051086,0.05722449505621177,67.45053817520093,False
6764,新疆,光伏,2021,9.70666229724884,0.04127564911525275,39.525611726927394,False
6766,新疆,光伏,2021,8.90432819724083,0.3187173862187986,332.91546500823557,False
6768,新疆,光伏,2021,9.022825732827187,0.040487553131506586,41.85738336181478,False
6769,新疆,光伏,2021,10.752992704510689,0.03729450713151951,32.2321453458552,False
6774,新疆,光伏,2021,8.18435937166214,0.056737658666467836,64.6953861857948,False
6776,新疆,光伏,2021,13.092542588710785,0.052765005876002705,37.120410213427974,False
6777,新疆,光伏,2021,7.482413202524185,0.041338736135639945,51.65868812784755,False
678,甘肃,光伏,2021,11.757945343852043,0.1293302679914583,101.32560277051371,False
6782,新疆,光伏,2021,8.18435937166214,0.056737658666467836,64.6953861857948,False
6784,新疆,光伏,2021,10.03772534430027,0.039209939483031135,36.249196488260814,False
6785,新疆,光伏,2021,8.692859932780266,0.03828982531273629,41.08175286624002,False
6790,新疆,光伏,2021,8.112267628312111,0.2568531793170605,295.6081431122545,False
6792,新疆,光伏,2021,7.357170358300209,0.04391069481277383,55.7711158360115,False
6793,新疆,光伏,2021,7.7688514441251755,0.04321577166180961,51.9798823508466,False
6794,新疆,光伏,2021,10.89785099029541,0.03760208834962817,31.968270083553982,False
6799,新疆,光伏,2021,7.43684247136116,0.16052549121952617,201.95652978098875,False
6801,新疆,光伏,2021,9.808768406510353,0.03792811692732256,35.97596045676472,False
6802,新疆,光伏,2021,7.507716715335846,0.04222701010737908,52.62413003153102,False
6804,新疆,光伏,2021,8.778290525078773,0.09232170849303996,97.87260407086409,False
6805,新疆,光伏,2021,11.135732531547546,0.040523614762981545,33.74165346694795,False
6806,新疆,光伏,2021,8.754753917455673,0.05195902214788202,55.24833228526713,False
6809,新疆,光伏,2021,9.965003058314323,0.03472791176023192,32.439169699772776,False
6811,新疆,光伏,2021,10.101779401302338,0.0370665397642594,34.125526704006056,False
6813,新疆,光伏,2021,8.835239633917809,0.039230280995425304,41.45197017564294,False
6814,新疆,光伏,2021,10.767272114753723,0.04247829576399724,36.57342550805319,False
6815,新疆,光伏,2021,9.316288903355598,0.039649084071068506,39.64845577406272,False
6816,新疆,光伏,2021,10.767272114753723,0.04247829576399724,36.57342550805319,False
6819,新疆,光伏,2021,7.364734634757042,0.15790472983953366,200.6324031275035,False
6820,新疆,光伏,2021,9.707259088754654,0.036956591515434824,35.46756343779211,False
6823,新疆,光伏,2021,10.03218837082386,0.03422816509917675,31.69725570727215,False
6824,新疆,光伏,2021,8.111876025795937,0.7159002431895588,823.9577115311369,False
6825,新疆,光伏,2021,10.767272114753723,0.04247829576399724,36.57342550805319,False
6830,新疆,光伏,2021,10.299463346600533,0.03721515525929009,33.62054670410477,False
6831,新疆,光伏,2021,7.1396733820438385,0.05215978085819218,68.36765325297023,False
6832,新疆,光伏,2021,9.39563736319542,0.034429602207341675,34.12784131923385,False
6834,新疆,光伏,2021,10.021067932248116,0.03604594209691519,33.48714516552977,False
6838,新疆,光伏,2021,8.88955146074295,0.03957644094628965,41.51644113289516,False
6839,新疆,光伏,2021,8.900673240423203,0.113488714197577,118.54625206443923,False
684,甘肃,光伏,2021,11.632121801376343,0.052952556763335365,41.93344475925419,False
6842,新疆,光伏,2021,9.441647082567215,0.03797696616129214,37.46928352893587,False
6845,新疆,光伏,2021,8.403646275401115,0.029671843369086896,32.85309551601417,False
6846,新疆,光伏,2021,10.29710479080677,0.03803798029089701,34.33657122498442,False
6848,新疆,光伏,2021,10.021067932248116,0.03604594209691519,33.48714516552977,False
6849,新疆,光伏,2021,9.80065606534481,0.03489202224747471,33.16706620468679,False
685,甘肃,光伏,2021,10.627395138144493,0.17259188271230352,149.5775481132522,False
6852,新疆,光伏,2021,8.403646275401115,0.029671843369086896,32.85309551601417,False
6853,新疆,光伏,2021,10.099155530333519,0.037068694074963424,34.139063187625354,False
6854,新疆,光伏,2021,7.798325791954994,0.1314299590575083,157.17691732971238,False
6859,新疆,光伏,2021,10.784756764769554,0.04243871420829092,36.48316415192358,False
6860,新疆,光伏,2021,7.762793004512787,0.03490338989742307,42.01752842539496,False
6866,新疆,光伏,2021,8.37348997592926,0.034970055170916586,38.9937598391211,False
6867,新疆,光伏,2021,7.798326015472412,0.0876199750707093,104.78461137892292,False
6871,新疆,光伏,2021,10.513705462217331,0.03504688150581769,30.97400619285901,False
6874,新疆,光伏,2021,10.601145252585411,0.039395246818935026,34.52429064559919,False
6881,新疆,光伏,2021,8.434249386191368,0.036153869899514295,40.01754518313297,False
6883,新疆,光伏,2021,8.206625282764435,0.031047918735766677,35.27225536299187,False
6885,新疆,光伏,2021,7.798326015472412,0.0876199750707093,104.78461137892292,False
6886,新疆,光伏,2021,9.679641500115395,0.033631926224836343,32.388610901455515,False
6888,新疆,光伏,2021,10.600423961877823,0.03939272863389984,34.52443282301891,False
6895,新疆,光伏,2021,7.539521008729935,0.051018725237849456,63.27678328315093,False
6898,新疆,光伏,2021,8.230914920568466,0.23258146494423992,263.4662591873338,False
6900,新疆,光伏,2021,11.164559349417686,0.03986786946106757,33.09605244278417,False
6903,新疆,光伏,2021,10.438888147473335,0.04204956867374219,37.411081166430925,False
6907,新疆,光伏,2021,7.61091023683548,0.07828039384529396,96.11635699615582,False
6911,新疆,光伏,2021,9.302923455834389,0.0359367905465233,35.9905962518714,False
6912,新疆,光伏,2021,8.370699137449265,0.034958592261130975,38.99397446924473,False
6913,新疆,光伏,2021,8.170586004853249,0.11302209815850739,128.95636401378496,False
6916,新疆,光伏,2021,8.310656994581223,0.5415839542065921,607.477621841583,False
6918,新疆,光伏,2021,8.418661952018738,0.24410688898109942,270.33501791313694,False
6927,新疆,光伏,2021,9.835556298494339,0.03423153078133307,32.40385634744987,False
6928,新疆,光伏,2021,8.289662450551987,0.08895808374044502,100.07182096596517,False
6934,新疆,光伏,2021,8.391315713524818,0.02861104204555635,31.8283434399273,False
6938,新疆,光伏,2021,8.22864755988121,0.041875055404277405,47.44876895518089,False
6939,新疆,光伏,2021,10.170696079730988,0.0388992210441106,35.584086751225875,False
6944,新疆,光伏,2021,11.440238133072853,0.036955731835846196,29.93676696994746,False
6945,新疆,光伏,2021,10.170696079730988,0.0388992210441106,35.584086751225875,False
6947,新疆,光伏,2021,9.071801528334618,0.03613340478333081,37.14034998340325,False
6953,新疆,光伏,2021,9.071753472089767,0.03624736135604702,37.2576795990475,False
6954,新疆,光伏,2021,9.688765034079552,0.0336588816150702,32.38159962589598,False
6959,新疆,光伏,2021,7.815303280949593,0.04617209799096756,55.21355266713956,False
6961,新疆,光伏,2021,9.690244048833847,0.03366521678849794,32.38275108340291,False
6963,新疆,光伏,2021,8.264741152524948,0.09822261066422705,110.61576206947488,False
6965,新疆,光伏,2021,13.093269020318985,0.05472269647339005,38.49604704598625,False
6968,新疆,光伏,2021,9.690244048833847,0.03366521678849794,32.38275108340291,False
6969,新疆,光伏,2021,10.542198792099953,0.03482928693816702,30.718907170227855,False
697,甘肃,光伏,2021,12.321630343794823,0.3015374504399361,225.48574806419848,False
6973,新疆,光伏,2021,9.690244048833847,0.03366521678849794,32.38275108340291,False
6975,新疆,光伏,2021,10.20353615283966,0.03895516102522059,35.5371661617409,False
6977,新疆,光伏,2021,10.59444174170494,0.03935665970028503,34.509507514685055,False
6981,新疆,光伏,2021,8.698573485016823,0.08835837603037128,94.53676613800899,False
699,甘肃,光伏,2021,11.076322495937347,0.06725812759194197,55.94859956927252,False
6990,新疆,光伏,2021,9.849279150366783,0.03404683692461609,32.15153394602443,False
6995,新疆,光伏,2021,9.778570979833603,0.034049330615295706,32.39401648110024,False
6996,新疆,光伏,2021,9.789138212800026,0.03408021403168834,32.38586002599354,False
6997,新疆,光伏,2021,9.85396720468998,0.03405853264631292,32.14727715308897,False
6998,新疆,光伏,2021,8.54891985654831,0.04727659685497788,51.495732268666735,False
6999,新疆,光伏,2021,8.285019770264626,0.04589433806377899,51.664689530492254,False
7000,新疆,光伏,2021,9.774452894926071,0.03403795479879396,32.396837098891375,False
7001,新疆,光伏,2021,9.795172959566116,0.03784402760705396,35.934748976245054,False
7092,甘肃,光伏,2021,13.069752752780914,0.039091321184446304,27.581890861141925,False
7114,新疆,光伏,2021,10.789134576916695,0.0421286415145214,36.24395051444244,False
7127,新疆,光伏,2021,10.224050357937813,0.03815005445026121,34.68380939700289,False
7145,新疆,光伏,2021,10.224050357937813,0.03815005445026121,34.68380939700289,False
717,甘肃,光伏,2021,11.678474619984627,0.054525345627569353,43.02413096880508,False
720,甘肃,光伏,2021,11.094278320670128,0.03771588663551869,31.311086433077637,False
723,甘肃,光伏,2021,10.85264191031456,0.04848035363195803,41.14424940165656,False
724,甘肃,光伏,2021,9.478324949741364,0.061361242184032126,59.93970478924719,False
7274,新疆,光伏,2021,9.350866824388504,0.03635786290940435,36.195003507960706,False
7284,新疆,光伏,2021,9.35152418911457,0.036360955336720284,36.195537541629704,False
7294,新疆,光伏,2021,9.268571063876152,0.03447218263846953,34.64910839500336,False
731,甘肃,光伏,2021,10.761453956365585,0.06256709396830246,53.5603490795412,False
7325,新疆,光伏,2021,7.9601360857486725,0.03697332332597907,43.40591302600533,False
7332,新疆,光伏,2021,8.055989518761635,0.11058005182099304,127.97443989907315,False
734,甘肃,光伏,2021,11.958432868123055,0.05203409675219986,40.09715425381528,False
7341,新疆,光伏,2021,9.24413412809372,0.03573736158982232,36.03761999316954,False
7346,新疆,光伏,2021,9.24413412809372,0.03573736158982232,36.03761999316954,False
736,甘肃,光伏,2021,11.958432868123055,0.05203409675219986,40.09715425381528,False
7361,新疆,光伏,2021,10.416117310523987,0.03636552638133086,32.45694259834262,False
739,甘肃,光伏,2021,11.19158037006855,0.0657947029579378,54.17281231553429,False
742,甘肃,光伏,2021,11.94509893655777,0.04172170149123936,32.18593158039188,False
745,甘肃,光伏,2021,13.003781139850616,0.04551028157033419,32.26362451862282,False
747,甘肃,光伏,2021,11.683653518557549,0.04960111866033919,39.12123919013621,False
750,甘肃,光伏,2021,10.741857513785362,0.06087016250761212,52.20634619166128,False
754,甘肃,光伏,2021,10.716902911663055,0.2127509069856866,182.88431575031504,False
761,甘肃,光伏,2021,13.024498522281647,0.07571514223670607,53.623200166729134,False
764,甘肃,光伏,2021,10.631382465362549,0.04415964460973494,38.25785633787469,False
766,甘肃,光伏,2021,12.095970064401627,0.14639894673936515,111.59285907278789,False
769,甘肃,光伏,2021,10.60937225818634,0.04557417030952002,39.56416050097372,False
770,甘肃,光伏,2021,11.90990835428238,0.07158413946952934,55.374091502200216,False
772,甘肃,光伏,2021,10.650577694177628,0.035208811412461384,30.448296785494804,False
778,甘肃,光伏,2021,11.98661059141159,0.0433180422691526,33.297564107339575,False
781,甘肃,光伏,2021,10.626419931650162,0.0439285797395867,38.074399296344154,False
782,甘肃,光伏,2021,11.855067908763885,0.07126827906832395,55.383258833313555,False
784,甘肃,光伏,2021,10.636750236153603,0.08838615677020542,76.53394973890356,False
789,甘肃,光伏,2021,10.667269751429558,0.04406017628728714,38.044308201034646,False
797,甘肃,光伏,2021,10.671340003609657,0.04491854145105947,38.77174626287135,False
798,甘肃,光伏,2021,10.806460306048393,0.03914360676322747,33.36185952791083,False
7987,青海,光伏,2021,10.663460791110992,0.03584625019016834,31.42765192821329,False
799,甘肃,光伏,2021,11.713064834475517,0.05363487858607753,42.18838478394207,False
802,甘肃,光伏,2021,11.895568817853928,0.0529374126923495,41.00430800250207,False
803,甘肃,光伏,2021,10.806460306048393,0.03914360676322747,33.36185952791083,False
807,甘肃,光伏,2021,13.150083124637604,0.03908289234344109,27.39237910795069,False
809,甘肃,光伏,2021,10.614616423845291,0.044695904869392865,38.78307743664084,False
810,甘肃,光伏,2021,11.871432512998581,0.1427424410265332,110.77512382639077,False
814,甘肃,光伏,2021,11.8792225420475,0.10772098146512246,83.55917677583975,False
816,甘肃,光伏,2021,11.914754435420036,0.08516441218105933,65.85416202292036,False
817,甘肃,光伏,2021,11.820902153849602,0.0532785584956035,41.52808293265528,False
821,甘肃,光伏,2021,11.991073116660118,0.043335831415085624,33.29884129805766,False
8216,青海,光伏,2021,8.671314418315887,0.03165963949321457,34.253825421209015,False
8217,青海,光伏,2021,10.533500611782074,0.035707250490773175,31.698756913194913,False
824,甘肃,光伏,2021,11.85808964073658,0.05441266250726874,42.28254705961446,False
827,甘肃,光伏,2021,11.010203808546066,0.08799868860530756,73.6341142488387,False
8273,青海,光伏,2021,10.580720007419586,0.03484376406360674,30.8136127179064,False
8281,青海,光伏,2021,10.754795372486115,0.0361420909145593,31.397762873312505,False
8290,青海,光伏,2021,10.653378143906593,0.03644893956179221,32.00882149067276,False
8305,青海,光伏,2021,10.786343514919281,0.03664426587619673,31.743185694090027,False
8309,青海,光伏,2021,10.685245022177696,0.036563780491371364,32.004934372683365,False
8314,青海,光伏,2021,7.15429924428463,0.02614978681365307,34.37716120615725,False
8317,青海,光伏,2021,10.804648026823997,0.03768645165887271,32.58833766851745,False
832,甘肃,光伏,2021,10.920775160193443,0.04349811649857649,36.68964962745968,False
8326,青海,光伏,2021,7.067492455244064,0.02552124598484409,33.98101276365126,False
8372,青海,光伏,2021,11.387434154748917,0.03837423112686345,31.362802398889382,False
8380,青海,光伏,2021,8.004919812083244,0.029666715590542625,34.68212839207301,False
8398,青海,光伏,2021,11.556010320782661,0.038091933441396934,30.67793686729095,False
8399,青海,光伏,2021,11.613020449876785,0.03823617630088072,30.6405477984625,False
843,甘肃,光伏,2021,10.943506211042404,0.08716059100106191,73.36724205935076,False
8466,青海,光伏,2021,11.387434154748917,0.03837423112686345,31.362802398889382,False
847,甘肃,光伏,2021,11.655775532126427,0.04350981626667772,34.3985311077429,False
848,甘肃,光伏,2021,10.943506211042404,0.043580295506720726,36.683621034885604,False
850,甘肃,光伏,2021,11.092402786016464,0.30757178865594587,255.4472173714774,False
851,甘肃,光伏,2021,11.032389476895332,0.1763250635198484,147.24572295672758,False
854,甘肃,光伏,2021,11.40812560915947,0.06456932143761332,52.157612909808,False
856,甘肃,光伏,2021,10.874373614788055,0.04312534282357226,36.52893274560176,False
859,甘肃,光伏,2021,11.021996811032295,0.06352731162692203,53.10266778284438,False
8608,西藏,光伏,2021,9.215090498328209,0.03356269256288344,34.67259406079781,False
867,甘肃,光伏,2021,11.535640060901642,0.05060275826032319,40.412228755254226,False
870,甘肃,光伏,2021,11.925895437598228,0.04153356410718516,32.09150411365306,False
8714,青海,光伏,2021,11.387434154748917,0.03837423112686345,31.362802398889382,False
875,甘肃,光伏,2021,10.613109692931175,0.12499251666143468,108.49201745218443,False
876,甘肃,光伏,2021,11.02199636399746,0.045376649222677944,37.93047690498849,False
880,甘肃,光伏,2021,10.966319739818573,0.04367012963065342,36.68327170655938,False
882,甘肃,光伏,2021,11.537221893668175,0.05060943292736678,40.41201773219565,False
883,甘肃,光伏,2021,10.965122357010841,0.04371200261722483,36.720436159873344,False
886,甘肃,光伏,2021,10.650204420089722,0.13902732508201252,120.24879677173708,False
888,甘肃,光伏,2021,10.943506211042404,0.08716059100106191,73.36724205935076,False
894,甘肃,光伏,2021,10.943506211042404,0.043580295506720726,36.683621034885604,False
895,甘肃,光伏,2021,11.002611592411995,0.13538351244055127,113.36842487320128,False
897,甘肃,光伏,2021,10.943506211042404,0.043580295506720726,36.683621034885604,False
906,甘肃,光伏,2021,10.65221093595028,0.06929237848572768,59.91430359958891,False
908,甘肃,光伏,2021,10.966891944408417,0.08744015527968076,73.44258682198739,False
912,甘肃,光伏,2021,10.901799649000168,0.08731482800397995,73.77418964528847,False
918,甘肃,光伏,2021,10.901799649000168,0.08731482800397995,73.77418964528847,False
922,甘肃,光伏,2021,10.983175188302994,0.045249980964134046,37.95567950020034,False
927,甘肃,光伏,2021,11.514635235071182,0.043094231328487005,34.474779798984976,False
931,甘肃,光伏,2021,11.898266226053238,0.07173467788088443,55.544073018094075,False
933,甘肃,光伏,2021,11.900953575968742,0.05740288849085285,44.43694953036059,False
935,甘肃,光伏,2021,11.90397284924984,0.07091369625044364,54.88357502007862,False
943,甘肃,光伏,2021,11.910625621676445,0.07095763022928443,54.886903033876976,False
948,甘肃,光伏,2021,11.90827913582325,0.04262778823123817,32.97934443877524,False
9537,青海,光伏,2021,8.004920035600662,0.031024017204625394,36.26889247651269,False
954,甘肃,光伏,2021,11.92631408572197,0.08523295060298404,65.8441846834183,False
957,甘肃,光伏,2021,11.916730776429176,0.07164753400289385,55.39063860602914,False
9579,青海,光伏,2021,10.663460791110992,0.03584625019016834,31.42765192821329,False
959,甘肃,光伏,2021,10.557996556162834,0.06522140079994541,56.90065681320883,False
961,甘肃,光伏,2021,11.535771936178207,0.053941685267586074,43.07529941251726,False
963,甘肃,光伏,2021,11.539097875356674,0.1079343660878875,86.16766288225824,False
969,甘肃,光伏,2021,12.126547023653984,0.05455812113502988,41.46216196274993,False
970,甘肃,光伏,2021,12.105046883225441,0.05448725995694936,41.48014347426194,False
971,甘肃,光伏,2021,11.46680161356926,0.048148050935464114,38.68695100854338,False
990,甘肃,光伏,2021,12.78278075158596,0.04284457138441406,30.891289438961323,False
991,甘肃,光伏,2021,12.83048003911972,0.043457071022679546,31.218141689164963,False
992,甘肃,光伏,2021,10.512303784489632,0.059223527390513175,51.89469289553174,False
W113,甘肃,风电,2021,12.687743604183197,0.05962054564803212,43.34176120277907,False
W1130,河北,风电,2021,11.768198981881142,0.1874035289550177,146.68791643817076,False
W1134,河北,风电,2021,9.254376590251923,0.06737241038592198,67.52938719748661,False
W114,甘肃,风电,2021,11.560961455106735,0.11143779998880719,88.80487381196615,False
W115,甘肃,风电,2021,11.316141039133072,0.10982768812862824,89.40175353825093,False
W116,甘肃,风电,2021,12.1306262165308,0.05644901059637333,42.90306420479463,False
W117,甘肃,风电,2021,12.267170995473862,0.05726523236687778,43.042525429446215,False
W1223,陕西,风电,2021,11.313693299889565,0.04311260488724213,35.11894936563299,False
W123,甘肃,风电,2021,11.031146720051765,0.05217640118487101,43.58242832493157,False
W127,甘肃,风电,2021,13.07526782155037,0.06035903022950592,42.58519719859111,False
W1284,河北,风电,2021,6.679603457450867,0.03799819924257977,53.41546444064767,False
W1287,河北,风电,2021,12.093236222863197,0.1257454916282156,95.79221071874794,False
W129,甘肃,风电,2021,13.180253058671951,0.06103031383992552,42.71287960428001,False
W130,甘肃,风电,2021,8.50963220000267,0.20463413270985786,223.94273483134214,False
W131,甘肃,风电,2021,13.006884902715683,0.06062241796570193,42.99410923798145,False
W1340,河北,风电,2021,11.988711431622505,0.07265771061150209,55.84356598097661,False
W1356,河北,风电,2021,11.680125296115875,0.07208108041484546,56.85074785508794,False
W1358,河北,风电,2021,11.097450479865074,0.05114687691061233,42.45612861933403,False
W136,甘肃,风电,2021,7.196891829371452,0.044764777889667984,58.292125820487456,False
W1360,河北,风电,2021,6.891043558716774,0.03918294971671892,53.35625734246019,False
W1362,河北,风电,2021,6.891043558716774,0.03918294971671892,53.35625734246019,False
W1389,河北,风电,2021,7.219503968954086,0.08023429421803092,104.08200358386398,False
W141,甘肃,风电,2021,8.008424565196037,0.18573000497358602,215.95897537602173,False
W1483,海南,风电,2021,12.701794356107712,0.04309805303548814,31.266582913077798,False
W1502,河北,风电,2021,9.092633351683617,0.04511733312141703,46.30974837204307,False
W1509,河北,风电,2021,7.139098942279816,0.05123523537919348,67.17520597473478,False
W1520,河北,风电,2021,8.490734472870827,0.03051604763899367,33.44386372336068,False
W1533,河北,风电,2021,8.61606515944004,0.03092960470158489,33.383077319492266,False
W1612,河北,风电,2021,11.542138159275055,0.07134737580881907,56.93698176284325,False
W1693,河北,风电,2021,8.41322734951973,0.030304076059636982,33.73349887498542,False
W178,北京,风电,2021,12.00936533510685,0.05154685079956273,39.564118817243894,False
W180,北京,风电,2021,11.531893238425255,0.05018329668519996,40.096326827990744,False
W181,北京,风电,2021,11.461842656135559,0.049922084101890495,40.13139714501599,False
W183,北京,风电,2021,11.367805749177933,0.03579476095086075,29.009952668564143,False
W1866,河北,风电,2021,8.147848471999168,0.09706204930306157,111.03009094282066,False
W1870,山西,风电,2021,12.06186980009079,0.03842634017740421,29.36930419004967,False
W1875,河北,风电,2021,11.496607661247253,0.05271855057687101,42.25068849704977,False
W1887,河北,风电,2021,9.330881908535957,0.04611860373370937,46.09796139883351,False
W1892,河北,风电,2021,8.19309912621975,0.04057277357843799,46.39671349139293,False
W1941,河北,风电,2021,12.230752855539322,0.06359459184071206,47.90459405638471,False
W2003,河南,风电,2021,11.33364200592041,0.05063599173927223,41.177633626380256,False
W2016,河南,风电,2021,11.143945902585983,0.12127267390503008,100.28493909549728,False
W2017,河南,风电,2021,11.591314002871513,0.0376206021224713,29.91702964839101,False
W2023,河南,风电,2021,13.006628081202507,0.05638343411434752,39.97641588365926,False
W2040,河南,风电,2021,13.006628081202507,0.05638343411434752,39.97641588365926,False
W2078,河南,风电,2021,11.574013531208038,0.036466444303237394,29.04455711193962,False
W2214,黑龙江,风电,2021,6.91246971487999,0.056083450559327334,76.17775757495353,False
W2237,黑龙江,风电,2021,9.11416232585907,0.04140754574355337,42.12497973110568,False
W2263,河北,风电,2021,6.791826635599136,0.0465123623981228,64.29548762811483,False
W2266,河北,风电,2021,6.841767579317093,0.038903576711537526,53.353889742375756,False
W2269,黑龙江,风电,2021,6.739636212587357,0.03942346633720752,54.82457540326354,False
W2282,黑龙江,风电,2021,7.859523072838783,0.0681842075833872,81.21408311492287,False
W2336,河南,风电,2021,12.330354005098343,0.04529414228846111,33.8496623461213,False
W2337,河南,风电,2021,12.429404854774475,0.057032143915910646,42.27518406064771,False
W2377,河北,风电,2021,12.448361590504646,0.05594291232013969,41.413757251752834,False
W2379,黑龙江,风电,2021,6.586233079433441,0.05956363561797362,84.98289971008936,False
W2383,黑龙江,风电,2021,10.038365051150322,0.03743616815221144,34.64672011426687,False
W2404,黑龙江,风电,2021,8.82936716079712,0.033273939542341355,35.1765589504293,False
W2407,河南,风电,2021,12.97461099922657,0.03926473140332296,27.906242509280066,False
W2417,河南,风电,2021,12.360592111945152,0.04584886825013703,34.18463890813039,False
W2420,黑龙江,风电,2021,12.555951252579689,0.043417370817675216,31.85271434782114,False
W2422,河南,风电,2021,12.71396778523922,0.04227901177949032,30.653572077667768,False
W2423,河北,风电,2021,11.543787494301796,0.0523559299229189,41.782831120122324,False
W2431,河北,风电,2021,8.161621615290642,0.08516235676449271,97.39169845689344,False
W2436,河北,风电,2021,8.33669476211071,0.08563880969699289,95.76555759483794,False
W2441,河北,风电,2021,7.964629232883453,0.096702596546475,113.2992481963288,False
W2447,河北,风电,2021,11.833419352769852,0.054313150025799416,42.28564517812775,False
W2448,河南,风电,2021,10.789950639009476,0.046961189589278224,40.0981032132248,False
W2455,河北,风电,2021,11.135121434926987,0.05133515857400916,42.46650582901422,False
W2456,黑龙江,风电,2021,12.565461248159409,0.04335682642517983,31.785096653249294,False
W2461,河北,风电,2021,11.171417310833931,0.05147236592690953,42.44341710158454,False
W2465,河北,风电,2021,11.282760947942734,0.051103224514509535,41.726621908596684,False
W2466,黑龙江,风电,2021,7.392394915223122,0.033320056546751825,42.19823480663886,False
W2468,河北,风电,2021,11.693766340613365,0.0523706299126993,41.26192921157723,False
W2471,黑龙江,风电,2021,6.696973443031311,0.030430058054746845,42.654686558394395,False
W2475,黑龙江,风电,2021,7.360919862985611,0.0331623307261481,42.16932297521585,False
W2476,河北,风电,2021,12.500610575079918,0.05571238506891109,41.07241300083507,False
W2477,河北,风电,2021,11.90262883901596,0.05421448911601128,41.97379694885714,False
W2478,黑龙江,风电,2021,7.817075774073601,0.06935073621258826,83.00595075316375,False
W2482,河北,风电,2021,8.402573391795158,0.10026053911168653,111.270733563033,False
W2488,河北,风电,2021,8.043834418058395,0.09782949407551732,113.53169106581454,False
W2495,黑龙江,风电,2021,7.647740542888641,0.03020281269977166,36.950193588771974,False
W2497,黑龙江,风电,2021,6.854827925562859,0.03108974028642334,42.553669525841805,False
W2504,黑龙江,风电,2021,7.445375248789787,0.03052039468153288,38.395995949509164,False
W2507,河北,风电,2021,7.837013974785805,0.09524802655052979,113.50242750382901,False
W2519,河北,风电,2021,12.021311223506927,0.05489711773204545,42.07574046279764,False
W2524,黑龙江,风电,2021,7.5711894035339355,0.04740388144398662,58.682244595974474,False
W2525,河北,风电,2021,8.252342641353607,0.09988576195820568,112.8728692991905,False
W2553,黑龙江,风电,2021,8.064275309443474,0.07013630493799593,81.33298652138302,False
W2567,黑龙江,风电,2021,7.280720472335815,0.03172103004866781,40.848351303732315,False
W2577,黑龙江,风电,2021,10.215439349412918,0.0419523320113939,38.122323358265646,False
W2604,黑龙江,风电,2021,7.395492643117905,0.03394909219005271,42.95602587800415,False
W2610,黑龙江,风电,2021,6.209000274538994,0.028187280756538147,42.702606339743866,False
W2611,河南,风电,2021,11.585070937871933,0.03775662038785103,30.043859831473412,False
W2622,黑龙江,风电,2021,7.2355058044195175,0.0443254523300625,57.54111338246125,False
W2635,黑龙江,风电,2021,8.014814481139183,0.04917536107962532,57.38579686197999,False
W2653,黑龙江,风电,2021,6.969049572944641,0.05818843401271089,78.39020563539619,False
W2663,黑龙江,风电,2021,6.984451711177826,0.05830647887779189,78.36588579126789,False
W2670,黑龙江,风电,2021,10.39685770869255,0.03501585820924397,31.08172954695254,False
W2708,黑龙江,风电,2021,6.452527865767479,0.042179926597301326,61.48156169095292,False
W2710,黑龙江,风电,2021,6.437773704528809,0.029458792404542956,42.953015490980626,False
W2713,黑龙江,风电,2021,7.315623387694359,0.03307489231021802,42.353444525328705,False
W2715,河南,风电,2021,12.0577322691679,0.05192712540479055,39.711448739072424,False
W2720,黑龙江,风电,2021,6.9532231986522675,0.0315448071679752,42.51962909583331,False
W2724,黑龙江,风电,2021,7.115154415369034,0.0322613710853755,42.49582373100682,False
W2736,黑龙江,风电,2021,7.963642403483391,0.0343488892126933,40.335749455628914,False
W2751,黑龙江,风电,2021,8.323870450258255,0.03648177184607986,40.939684281578685,False
W2766,黑龙江,风电,2021,7.613941580057144,0.031196943199371323,38.37560161360283,False
W2780,河北,风电,2021,8.05037073791027,0.08362642642951985,96.87761234939022,False
W2781,黑龙江,风电,2021,6.304870247840881,0.041166957906013026,61.42178156413737,False
W2786,河北,风电,2021,11.768160983920097,0.11875630807847429,92.94391438306194,False
W2790,黑龙江,风电,2021,6.207178607583046,0.0405449120363036,61.460936755802386,False
W2792,河北,风电,2021,8.94291914999485,0.059606516632022204,61.84664358804282,False
W2797,河北,风电,2021,8.043011650443077,0.08356279105432188,96.89971553881963,False
W2800,黑龙江,风电,2021,8.004437014460564,0.04878589993523846,57.009124856495596,False
W2803,黑龙江,风电,2021,9.672633558511734,0.04096830189336528,39.3661798152818,False
W2813,黑龙江,风电,2021,13.124148845672607,0.04453512616400544,31.268097405350247,False
W2820,黑龙江,风电,2021,8.389224261045456,0.03660303186708744,40.75577297404662,False
W2822,黑龙江,风电,2021,10.102617368102074,0.03782915068680984,34.81098226394819,False
W2843,黑龙江,风电,2021,7.9774124175310135,0.060217528629920865,70.46978950245634,False
W2857,黑龙江,风电,2021,6.914614364504814,0.03180404297938192,43.09967847896724,False
W2869,黑龙江,风电,2021,7.622094824910164,0.09378299389737185,115.30252400936473,False
W2904,河南,风电,2021,13.006628081202507,0.05638343411434752,39.97641588365926,False
W2907,黑龙江,风电,2021,13.059787899255753,0.04836362758255601,34.12436777306045,False
W2911,黑龙江,风电,2021,7.970274388790131,0.06004970239869378,70.32606112437917,False
W2916,河南,风电,2021,12.894332706928253,0.0434278288919354,31.049064293967653,False
W2919,黑龙江,风电,2021,11.671154871582985,0.03678699366421387,29.055997582078984,False
W2924,黑龙江,风电,2021,10.100541338324547,0.03777520791221357,34.73402968089903,False
W2927,黑龙江,风电,2021,5.844641402363777,0.027348838783798204,44.06779314799773,False
W2934,黑龙江,风电,2021,7.799637168645859,0.06807240484131855,81.66377856489919,False
W2966,黑龙江,风电,2021,12.176227122545242,0.047099805817094734,35.6598621512933,False
W3240,内蒙古,风电,2021,7.93455608189106,0.04255599352263674,50.0775876589092,False
W3274,内蒙古,风电,2021,8.285455852746964,0.5078981967766464,571.2531287287192,False
W3277,河南,风电,2021,10.966679602861404,0.046488871375492194,39.04385448633728,False
W3282,内蒙古,风电,2021,8.285455852746964,0.253949098238939,285.6265641963412,False
W3567,河南,风电,2021,12.808535546064377,0.03846835095740877,27.695496611844458,False
W3829,内蒙古,风电,2021,7.579425796866417,0.028572443583240643,35.331236701273056,False
W3848,内蒙古,风电,2021,8.802515342831612,0.029798350921227807,31.65958510834318,False
W4061,内蒙古,风电,2021,10.692891106009483,0.04104173223989095,36.263060430498086,False
W4248,内蒙古,风电,2021,10.763683095574379,0.04158057117954951,36.46956790993152,False
W4274,内蒙古,风电,2021,7.431890666484833,0.02984707294619181,37.7922051526969,False
W4313,内蒙古,风电,2021,6.1744800209999084,0.03303728904140411,50.36880993241858,False
W4381,内蒙古,风电,2021,11.15466870367527,0.04119143637051257,34.07946455045755,False
W4442,内蒙古,风电,2021,10.818716213107109,0.042234575751189773,36.670272496047666,False
W4445,内蒙古,风电,2021,11.188399493694305,0.03926623537525178,32.58387198555353,False
W4484,内蒙古,风电,2021,9.486526474356651,0.26493390635801906,259.0742443742924,False
W4534,内蒙古,风电,2021,4.940359443426132,0.0197409936789499,38.131563855728785,False
W4648,内蒙古,风电,2021,9.674165323376656,0.03785978167116783,36.453082327178144,False
W4721,内蒙古,风电,2021,8.070898577570915,0.08800949786602763,101.74894871933088,False
W4727,内蒙古,风电,2021,11.188399493694305,0.03926623537525178,32.58387198555353,False
W4730,内蒙古,风电,2021,9.613756611943245,0.03768048897138099,36.53066596517334,False
W4827,内蒙古,风电,2021,5.408244878053665,0.02788542148071433,48.654653599303195,False
W4919,山西,风电,2021,7.8494808822870255,0.05329794927789503,63.448213771607726,False
W4924,内蒙古,风电,2021,10.514267161488533,0.03685659229037869,32.99847327741975,False
W4979,内蒙古,风电,2021,6.428114399313927,0.04755978977630073,69.6124021923096,False
W4984,内蒙古,风电,2021,8.665816560387611,0.0909011734099362,97.6628298446211,False
W5015,青海,风电,2021,13.164750337600708,0.05641772119243241,39.53337697191705,False
W503,甘肃,风电,2021,9.551568925380707,0.21130886244754507,204.95297265384576,False
W5035,青海,风电,2021,11.443233042955399,0.13707010634607186,110.40214872296107,False
W505,甘肃,风电,2021,11.34762056171894,0.049041266188389186,39.80591767114015,False
W506,甘肃,风电,2021,12.301071211695671,0.05249252731195331,39.322074306305396,False
W507,甘肃,风电,2021,12.135615572333336,0.07047467739321099,53.48796691063087,False
W5073,陕西,风电,2021,9.349056780338287,0.035125534058902425,34.86811191813651,False
W5076,陕西,风电,2021,11.793298423290253,0.05548414634744657,43.34249716911454,False
W509,甘肃,风电,2021,12.746009677648544,0.07266856236330707,52.533491379362225,False
W5106,宁夏,风电,2021,12.105277553200722,0.05598906431843346,42.61676184781626,False
W5112,辽宁,风电,2021,5.731692686676979,0.02374359763172342,39.08565850039824,False
W5117,宁夏,风电,2021,11.845002919435501,0.06946890228264586,54.01967943929531,False
W5123,宁夏,风电,2021,11.854927316308022,0.06940652575883328,53.92525177312354,False
W5137,宁夏,风电,2021,10.906348899006844,0.03853040042464508,32.53935501281916,False
W5146,宁夏,风电,2021,10.702752023935318,0.03706752799857771,31.89943314626258,False
W515,甘肃,风电,2021,11.414013504981995,0.04738113807794746,38.24207455931747,False
W5155,宁夏,风电,2021,12.208676487207413,0.05637314236418522,42.54921034443887,False
W518,甘肃,风电,2021,11.765097007155418,0.04868977003214027,38.134504136956515,False
W5192,辽宁,风电,2021,6.973841339349747,0.04764891753874039,64.20086707665638,False
W5243,辽宁,风电,2021,10.211569592356682,0.04217593099937585,38.40294729982655,False
W5260,宁夏,风电,2021,11.090256348252296,0.03930192212185989,32.64410401033238,False
W5275,宁夏,风电,2021,10.987724661827087,0.038891333072099125,32.60271255527652,False
W5276,宁夏,风电,2021,9.232421815395355,0.03370635073801568,33.901457659391546,False
W5283,宁夏,风电,2021,9.655821695923805,0.03513272126426033,33.71946744564024,False
W5289,宁夏,风电,2021,10.7027518004179,0.037824006890601766,32.55044157179412,False
W5305,辽宁,风电,2021,6.018330305814743,0.024430779722357805,38.375641383071454,False
W5312,宁夏,风电,2021,11.066817417740822,0.05111101522996446,42.55198788607025,False
W5319,宁夏,风电,2021,10.768145620822906,0.04996853159315752,42.74645979884753,False
W5329,宁夏,风电,2021,11.124861761927605,0.0385219238736009,31.895833466611656,False
W5423,辽宁,风电,2021,7.487814947962761,0.02748367357309259,34.721132828728564,False
W5519,宁夏,风电,2021,10.7027518004179,0.037824006890601766,32.55044157179412,False
W5622,宁夏,风电,2021,10.7027518004179,0.037824006890601766,32.55044157179412,False
W5662,宁夏,风电,2021,12.73265853524208,0.047770711907191864,34.603946178236775,False
W5700,宁夏,风电,2021,10.702751576900482,0.07564801250634394,65.10088340604817,False
W5709,宁夏,风电,2021,10.702751576900482,0.07564801250634394,65.10088340604817,False
W5748,宁夏,风电,2021,11.084058657288551,0.047589827621252676,39.546864392478795,False
W5824,吉林,风电,2021,6.167029067873955,0.023736925805176032,36.46542626372149,False
W583,甘肃,风电,2021,8.939774706959724,0.20872396974765736,216.7157303776139,False
W5837,宁夏,风电,2021,12.778892442584038,0.0436649307011498,31.50494430401213,False
W584,甘肃,风电,2021,8.405207768082619,0.1485773734687181,164.41203213662575,False
W5840,宁夏,风电,2021,12.389101758599281,0.04240990124075683,31.55649443922625,False
W5849,宁夏,风电,2021,12.494301795959473,0.04270138226013517,31.510197732923377,False
W585,甘肃,风电,2021,8.838895484805107,0.15548777860578894,163.2837419011256,False
W5856,青海,风电,2021,12.975700423121452,0.07737413279545702,54.992823215648386,False
W586,甘肃,风电,2021,12.454051673412323,0.07125104624647094,52.704651909593146,False
W5866,宁夏,风电,2021,10.7027518004179,0.037824006890601766,32.55044157179412,False
W5891,宁夏,风电,2021,9.68559555709362,0.035085608592002965,33.54796095719472,False
W590,甘肃,风电,2021,11.194408982992172,0.047071191819488906,38.734549623449006,False
W5940,青海,风电,2021,12.928813844919205,0.06246245164180379,44.57335983012513,False
W5966,宁夏,风电,2021,11.794068664312363,0.040298541816059325,31.483113078312144,False
W5967,辽宁,风电,2021,7.214528471231461,0.03636554893579173,47.265189534727305,False
W5974,宁夏,风电,2021,11.711052730679512,0.05416385881011786,42.60651935810963,False
W5975,青海,风电,2021,13.09408038854599,0.05615132959315871,39.547594995454304,False
W6008,山东,风电,2021,11.180574372410774,0.045183900625123494,37.2351982282239,False
W6010,陕西,风电,2021,8.932525590062141,0.03372983820211134,35.092449267477,False
W6017,山东,风电,2021,11.180574372410774,0.045183900625123494,37.2351982282239,False
W6020,山东,风电,2021,12.324983552098274,0.052687376547647595,39.40285362014667,False
W6032,山东,风电,2021,12.324984222650528,0.037633842510690484,28.144895496814904,False
W6036,山西,风电,2021,11.834052577614784,0.041010683576120616,31.935614025856747,False
W6039,山东,风电,2021,11.242840513586998,0.0702379271800975,57.54614637661865,False
W6040,山东,风电,2021,11.605684161186218,0.05417454439735196,42.992964519933,False
W6041,山东,风电,2021,11.089693754911423,0.034947376224796864,29.024710346371837,False
W6048,山东,风电,2021,11.798071637749672,0.04991059011293813,38.96694129107846,False
W6049,山东,风电,2021,11.775777786970139,0.04981193048136747,38.963540484976036,False
W6050,山东,风电,2021,12.835827693343163,0.05160710123430518,37.05383977424654,False
W6056,山东,风电,2021,11.63953185081482,0.04920918122040583,38.94209386763904,False
W6065,山东,风电,2021,12.719015926122665,0.04191107314519108,30.381445699668138,False
W6067,山东,风电,2021,12.324984222650528,0.037633842510690484,28.144895496814904,False
W6069,山东,风电,2021,12.423089817166328,0.0515535699441792,38.2325545559354,False
W6070,山东,风电,2021,12.5001060962677,0.05194275858923097,38.28436798190772,False
W6072,山东,风电,2021,12.324984222650528,0.04064454991697066,30.39648714061722,False
W6090,山东,风电,2021,12.941840216517448,0.03939767146214897,28.063112143187542,False
W6091,山东,风电,2021,12.987928614020348,0.03944768088131114,28.001726164156924,False
W6092,山东,风电,2021,10.577790588140488,0.033800854953330094,29.545539487471988,False
W6093,山东,风电,2021,11.686810702085495,0.04952362137645979,39.031309619765864,False
W6094,山东,风电,2021,9.04223844408989,0.030264670926674897,31.095226479867026,False
W6095,山东,风电,2021,12.937716990709305,0.06829564109329272,48.637963102845525,False
W6096,山东,风电,2021,13.015334755182266,0.0686843111904355,48.62238633771501,False
W6097,山东,风电,2021,12.841970399022102,0.06789859890061613,48.712376603743174,False
W6098,山东,风电,2021,9.025742635130882,0.030130449598795194,31.0296784512443,False
W6099,山东,风电,2021,9.108286947011948,0.030429075250139218,31.047436098760187,False
W6100,山东,风电,2021,8.988378569483757,0.030129396157086482,31.16992612805821,False
W6101,山东,风电,2021,9.134713187813759,0.030517915884593842,31.04800127751452,False
W6102,山东,风电,2021,8.919799849390984,0.029928134019169203,31.20467964697383,False
W6103,山东,风电,2021,9.168605357408524,0.03061409820259199,31.008148320482267,False
W6104,山东,风电,2021,12.185235768556595,0.0640625319856248,48.425361189471936,False
W6105,山东,风电,2021,10.547863841056824,0.03491936602891063,30.59629559011653,False
W6106,山东,风电,2021,8.954793065786362,0.03006837181140036,31.218524118703847,False
W6107,山东,风电,2021,9.071316048502922,0.030420380683665815,31.152503491384564,False
W6108,山东,风电,2021,8.94882157444954,0.03008774972551145,31.241197024092696,False
W6112,山东,风电,2021,12.324984222650528,0.037633842510690484,28.144895496814904,False
W6115,山西,风电,2021,11.330713480710983,0.03983522964758539,32.39113836342089,False
W6117,山西,风电,2021,11.483228579163551,0.040398529309520655,32.41689854478463,False
W6126,山东,风电,2021,12.195153683423996,0.03842657895361261,29.03889702724226,False
W6129,山西,风电,2021,12.175505384802818,0.04262772725685401,32.26523811579956,False
W6133,山西,风电,2021,10.74416421353817,0.12893855811998509,110.53073143968464,False
W6136,陕西,风电,2021,8.936611711978912,0.04637855339249429,48.25437438157383,False
W6144,陕西,风电,2021,8.653629273176193,0.033643782659195445,36.14349324840408,False
W6150,山东,风电,2021,11.68180413544178,0.03659524962620369,28.86349110535165,False
W6159,山西,风电,2021,11.473253890872002,0.057224044178429405,45.94417520160168,False
W6164,陕西,风电,2021,9.177312701940536,0.03221999616141712,32.579729562170165,False
W6168,陕西,风电,2021,9.536286368966103,0.0453063971299813,43.98403368921147,False
W6173,陕西,风电,2021,11.5089350938797,0.05413140562494044,43.34429057062377,False
W6175,山西,风电,2021,10.944787636399269,0.03886033900888043,32.704530514254,False
W6181,山西,风电,2021,10.888350382447243,0.038627861394796535,32.67648360922305,False
W6190,山西,风电,2021,8.915883377194405,0.05369567455725281,55.93751227495459,False
W6206,山东,风电,2021,12.047755345702171,0.03773822206556332,28.866426990648133,False
W6215,山东,风电,2021,11.277694702148438,0.0361939180415411,29.562140353227935,False
W6236,山东,风电,2021,7.786568328738213,0.02913179302123168,35.006919361934074,False
W6242,山西,风电,2021,11.217917203903198,0.03820682878619091,31.3759676629377,False
W6251,山西,风电,2021,11.480695009231567,0.059546371127731194,47.7974640738348,False
W6258,山西,风电,2021,13.127231821417809,0.053335779511527494,37.47800707383413,False
W6260,陕西,风电,2021,13.044132068753242,0.039283452079044615,27.756966072903893,False
W6276,山西,风电,2021,5.3215038031339645,0.021574779787331293,38.18143756784343,False
W6278,山西,风电,2021,11.174237430095673,0.05297567288155864,43.67860477446835,False
W6290,山西,风电,2021,8.091136515140533,0.051923125355362386,59.852122965773376,False
W6291,山西,风电,2021,11.184749454259872,0.0722132082598857,59.4709698979364,False
W6307,山西,风电,2021,7.376459687948227,0.0478790403031749,60.78836045200061,False
W6308,山西,风电,2021,7.376459240913391,0.03830323002309412,48.63068849090032,False
W6327,山西,风电,2021,11.917492747306824,0.04169621143828271,32.2452176441647,False
W6338,山东,风电,2021,11.515391394495964,0.06218413465123808,49.75753488913368,False
W6340,陕西,风电,2021,8.498137146234512,0.04299445558948801,47.01781148402322,False
W6345,山东,风电,2021,11.515390947461128,0.048858960714991254,39.09520572144035,False
W6346,陕西,风电,2021,9.88194465637207,0.036963975187100345,34.668177216341654,False
W6350,山东,风电,2021,12.324984222650528,0.037633842510690484,28.144895496814904,False
W6352,山东,风电,2021,9.062741473317146,0.04038058875238504,41.49694407110788,False
W6357,陕西,风电,2021,9.565524235367775,0.03925261634727964,38.0800362952916,False
W6360,山东,风电,2021,8.505578264594078,0.03780908343203555,41.489600539056276,False
W6363,陕西,风电,2021,8.032298684120178,0.031281631025722886,36.31450974568394,False
W6368,山东,风电,2021,12.117324247956276,0.04919373245900714,37.392274543886714,False
W6375,山东,风电,2021,6.640058755874634,0.04022093996675086,56.89138258139712,False
W6378,陕西,风电,2021,9.995825663208961,0.03870312169485468,35.91577268081696,False
W6384,山东,风电,2021,7.225930541753769,0.04340561561660703,56.303848087538746,False
W6386,山东,风电,2021,7.168851345777512,0.041713749860166766,54.626112649476106,False
W6389,陕西,风电,2021,11.206882819533348,0.08121499957452531,66.75227272523303,False
W6391,山东,风电,2021,11.46377831697464,0.03579607497561247,28.76102557174538,False
W6393,陕西,风电,2021,8.886228650808334,0.03406693883313387,35.64294963189691,False
W6394,山东,风电,2021,13.03917646408081,0.05174217797257209,36.55786488913596,False
W6398,陕西,风电,2021,11.206882819533348,0.07383181883916759,60.68388515387021,False
W6400,陕西,风电,2021,8.88622909784317,0.0306602467626239,32.07865495161083,False
W6402,山东,风电,2021,12.324984222650528,0.037633842510690484,28.144895496814904,False
W6403,山东,风电,2021,11.082718893885612,0.03506548129215252,29.141128002574145,False
W6408,陕西,风电,2021,8.087281510233879,0.03127521601185594,36.03571050295409,False
W6413,山西,风电,2021,10.888602286577225,0.036612057878902045,30.976071843329418,False
W6414,陕西,风电,2021,11.104625836014748,0.04793824009469752,39.77518621750785,False
W6417,山东,风电,2021,11.556489318609238,0.036201236570974675,28.855198183139997,False
W6420,陕西,风电,2021,7.85900853574276,0.030589778698721124,36.31335373932903,False
W6422,陕西,风电,2021,8.032298684120178,0.031281631025722886,36.31450974568394,False
W6424,山东,风电,2021,12.293248996138573,0.051662145485465334,38.71294543412204,False
W6425,山西,风电,2021,13.043223023414612,0.042053794717522824,29.73577687111037,False
W6427,山东,风电,2021,11.297087967395782,0.04499896447408341,36.839171944280324,False
W6431,陕西,风电,2021,8.979191780090332,0.046044832607357575,47.706248265300594,False
W6432,陕西,风电,2021,12.94892504811287,0.044939449033739635,32.00582770773504,False
W6435,山东,风电,2021,8.47404420375824,0.03649337491991564,40.16234595900507,False
W6438,陕西,风电,2021,8.959417194128036,0.03398752033691543,35.23448637345472,False
W6439,陕西,风电,2021,8.932420089840889,0.03497118340416614,36.372647404088234,False
W6442,山东,风电,2021,13.120060935616493,0.05080654923745117,35.688761664167096,False
W6447,陕西,风电,2021,9.314815029501915,0.03482929071447943,34.718204169300115,False
W6452,山西,风电,2021,10.893225967884064,0.14297113385996893,120.92939730194497,False
W6453,山东,风电,2021,11.847735419869423,0.036397317148141345,28.301428943639554,False
W6454,山东,风电,2021,12.110132351517677,0.037471817045232975,28.50873720587534,False
W6457,山东,风电,2021,11.774611473083496,0.04090538930370638,32.01266212259278,False
W6460,山东,风电,2021,13.120060488581657,0.05292348616459465,37.1757928233444,False
W6464,山西,风电,2021,11.922877505421638,0.059185916496328136,45.77079243368985,False
W6465,陕西,风电,2021,8.03229846060276,0.06381452543987,74.08159979201939,False
W6469,山东,风电,2021,12.57025346159935,0.05151398319066066,37.75490223516948,False
W6472,陕西,风电,2021,9.854620099067688,0.03684447004165864,34.64606599397253,False
W6473,山西,风电,2021,12.19218984246254,0.05229002935245377,39.55179616425406,False
W6483,山东,风电,2021,11.787494346499443,0.036311349039588485,28.375367586667664,False
W6490,陕西,风电,2021,8.09316337108612,0.06299927117107779,72.53030562827153,False
W6497,陕西,风电,2021,8.130555599927902,0.03163118702734836,36.24083122578671,False
W6511,山东,风电,2021,12.95421950519085,0.05109472619173919,36.35267550320165,False
W6519,山东,风电,2021,12.24555216729641,0.051236945159527994,38.544399258993465,False
W6522,陕西,风电,2021,8.165876045823097,0.03011703576624854,34.36201651931477,False
W6524,陕西,风电,2021,8.032298684120178,0.031281631025722886,36.31450974568394,False
W6528,山东,风电,2021,12.239067256450653,0.05142491828305548,38.707369273314264,False
W6533,山东,风电,2021,12.480436563491821,0.03816177947691263,28.183072728268275,False
W6536,山西,风电,2021,11.62392072379589,0.04375321293476685,34.68718588832568,False
W6537,陕西,风电,2021,9.493993520736694,0.035930187847681996,35.11368263994682,False
W6538,陕西,风电,2021,10.31880609691143,0.037327518440297455,33.432332674888386,False
W6541,陕西,风电,2021,9.349056780338287,0.035125534058902425,34.86811191813651,False
W6542,山西,风电,2021,12.79142640531063,0.06705197246473853,48.35234912871729,False
W6543,陕西,风电,2021,9.208361506462097,0.03459333789800243,34.88449040017677,False
W6546,山东,风电,2021,13.100242763757706,0.053477254684508584,37.6491153540178,False
W6547,山西,风电,2021,11.62392072379589,0.04375321293476685,34.68718588832568,False
W6549,陕西,风电,2021,10.139277800917625,0.03699612641326638,33.75995519587821,False
W6551,陕西,风电,2021,8.65108072757721,0.0334240497769954,35.93785949074303,False
W6556,陕西,风电,2021,8.591251149773598,0.06626505293997523,71.76747499582429,False
W6568,陕西,风电,2021,9.50229674577713,0.03568296997382239,34.83005957350601,False
W6569,陕西,风电,2021,11.705819070339203,0.053119254302076716,41.79717224203879,False
W6571,山东,风电,2021,8.061700612306595,0.02876971817023342,33.42195948840969,False
W6577,陕西,风电,2021,8.183429315686226,0.0315524274462223,35.938875331234854,False
W6584,陕西,风电,2021,9.108513593673706,0.034630427879489646,35.337058105469055,False
W6598,陕西,风电,2021,8.625521510839462,0.03297813520899837,35.546655206636096,False
W6600,陕西,风电,2021,10.307554006576538,0.03764264853711154,33.77820048197387,False
W6602,陕西,风电,2021,8.243909776210785,0.04142031615310852,46.74979510668988,False
W6605,陕西,风电,2021,8.417403772473335,0.033041042418627556,36.552059946821124,False
W6607,陕西,风电,2021,8.516629189252853,0.06521611110037455,71.28354776257133,False
W6611,山西,风电,2021,12.335826829075813,0.04190811607412761,31.320817928140276,False
W6615,陕西,风电,2021,8.808720633387566,0.03414777049690316,36.03617122891887,False
W6617,陕西,风电,2021,10.429296344518661,0.03794775995806778,33.63374240121326,False
W6624,陕西,风电,2021,8.463261723518372,0.06544084663012358,71.96907761983051,False
W6627,陕西,风电,2021,9.420383647084236,0.03532012475965239,34.83271789210682,False
W6628,山西,风电,2021,12.037163525819778,0.04183853175868534,32.03493375906203,False
W6632,陕西,风电,2021,7.69960418343544,0.030008298978697435,36.384387607790494,False
W6643,陕西,风电,2021,9.383111223578453,0.03516685800614196,34.799544654034186,False
W6648,陕西,风电,2021,9.43619817495346,0.0355097062887055,34.90662967635961,False
W6650,山西,风电,2021,7.937304899096489,0.07172674772291471,84.3074321147882,False
W6651,陕西,风电,2021,8.638914451003075,0.03404107692567791,36.66432130117526,False
W6653,陕西,风电,2021,9.349056780338287,0.035125534058902425,34.86811191813651,False
W6658,陕西,风电,2021,8.61425556242466,0.03283878848487518,35.47339827083038,False
W6661,陕西,风电,2021,9.349056780338287,0.035125534058902425,34.86811191813651,False
W6666,陕西,风电,2021,8.664579167962074,0.03299325412294174,35.43602004994685,False
W6673,山西,风电,2021,8.430455401539803,0.03260586229264543,35.97278222828378,False
W6674,陕西,风电,2021,9.444925859570503,0.03566885693975785,35.03358321244072,False
W6676,山东,风电,2021,11.734481826424599,0.03627074112285951,28.473638600565497,False
W6681,陕西,风电,2021,9.498390778899193,0.03588031883074892,35.051608926905075,False
W6682,山西,风电,2021,8.500780463218689,0.07460663068789306,81.69342860658678,False
W6684,陕西,风电,2021,9.501327574253082,0.035883647464035905,35.02659895248814,False
W6686,山东,风电,2021,12.801867350935936,0.05038413483442996,36.26971949599573,False
W6688,山东,风电,2021,13.105027601122856,0.041085302303600725,28.909569581859284,False
W669,甘肃,风电,2021,11.829653531312943,0.0515390407291531,40.149122965185896,False
W6691,陕西,风电,2021,8.818860054016113,0.03369646901093519,35.547049291268394,False
W6693,陕西,风电,2021,8.8169514387846,0.04577757865960515,48.3209453612176,False
W6694,陕西,风电,2021,9.1278076171875,0.034668128400623256,35.268435361523494,False
W6698,山东,风电,2021,12.768873274326324,0.05226497977534057,37.721408707437675,False
W6706,陕西,风电,2021,7.653254047036171,0.029931004367409433,36.523715012312906,False
W6707,陕西,风电,2021,8.846851587295532,0.03371286310259625,35.38292672660586,False
W6710,山西,风电,2021,8.611494675278664,0.1148526567634157,124.09721660804661,False
W6712,山西,风电,2021,7.753385156393051,0.04996207479484033,60.19691892260883,False
W6714,陕西,风电,2021,8.283328637480736,0.03270555496035496,36.76371966562882,False
W6716,陕西,风电,2021,8.28126110136509,0.03157445143047424,35.520199949354236,False
W6720,山东,风电,2021,11.657738462090492,0.0707970415100157,55.937558588663464,False
W6721,山西,风电,2021,8.274744898080826,0.04529557330558251,51.08433418108491,False
W6725,陕西,风电,2021,8.336479738354683,0.031987907717963567,35.757855403818354,False
W6726,山东,风电,2021,13.005278035998344,0.05273527269643446,37.363837212709136,False
W6728,山西,风电,2021,7.397659197449684,0.03040849049578534,38.43785003324175,False
W6729,陕西,风电,2021,9.439790099859238,0.035434801174618176,34.81684982571149,False
W6730,山东,风电,2021,12.304459288716316,0.04903552929790687,36.718285897982916,False
W6733,陕西,风电,2021,8.709395974874496,0.03283614209179467,35.07758507535976,False
W6740,山东,风电,2021,12.539503946900368,0.051444761029949944,37.80026660436,False
W6745,山东,风电,2021,12.809625640511513,0.05185125907633687,37.32896218768265,False
W6747,山东,风电,2021,12.994642853736877,0.05206620106115726,36.9270960414747,False
W6749,山东,风电,2021,13.137820959091187,0.05131636676289855,36.00211748460416,False
W6750,陕西,风电,2021,10.572113022208214,0.038001945676991084,33.209037229739714,False
W6752,陕西,风电,2021,10.572113022208214,0.038001945676991084,33.209037229739714,False
W6754,陕西,风电,2021,8.533873111009598,0.032916884853869725,35.85883194007075,False
W6759,陕西,风电,2021,8.995130807161331,0.03555409338443008,36.73687152175926,False
W6769,山西,风电,2021,11.858888044953346,0.04482610453328025,34.826924270179745,False
W6771,山东,风电,2021,13.127233609557152,0.05269280702113404,36.9940375765961,False
W6775,陕西,风电,2021,9.286914467811584,0.03506342708586057,35.03069379434039,False
W6776,山西,风电,2021,8.167588636279106,0.03305688988061427,37.76508027959525,False
W6783,陕西,风电,2021,8.987981379032135,0.03408043238232468,35.23560284315263,False
W6786,山西,风电,2021,10.91808669269085,0.05696493693969123,48.0643948368588,False
W6788,山东,风电,2021,12.866226062178612,0.05191656606651597,37.184893180736914,False
W6792,陕西,风电,2021,8.198508694767952,0.030920966592654156,35.15218965560902,False
W6793,山东,风电,2021,12.588089257478714,0.051584563609006796,37.75825686952238,False
W6795,山东,风电,2021,12.926451489329338,0.05230015473478931,37.283055667357125,False
W6797,山东,风电,2021,11.763939186930656,0.03638829693888212,28.497919602089468,False
W6802,山东,风电,2021,12.786718010902405,0.05168999081360782,37.24922863963529,False
W6806,陕西,风电,2021,11.550810635089874,0.03959466734795444,31.577277966235354,False
W6809,陕西,风电,2021,8.036503493785858,0.03091998762647045,35.86509842119245,False
W6812,陕西,风电,2021,11.697186380624771,0.044560746121244825,35.10611741642896,False
W6817,陕西,风电,2021,12.293128296732903,0.043528085426773055,32.63642909724485,False
W6818,山西,风电,2021,12.274519130587578,0.05557316031646852,41.73936766503431,False
W6819,陕西,风电,2021,8.094170540571213,0.031345365538060055,36.08305313209602,False
W6823,陕西,风电,2021,12.585489749908447,0.04448070045045508,32.57998176681673,False
W6826,陕西,风电,2021,9.08756822347641,0.07089502880373988,72.47726933511595,False
W6828,山东,风电,2021,12.318166717886925,0.05199150393871662,38.88628664370703,False
W6830,山东,风电,2021,11.86665527522564,0.03651865445661774,28.350113887463475,False
W6831,陕西,风电,2021,11.73725500702858,0.055663444074679824,43.70340659273552,False
W6835,山东,风电,2021,11.948485001921654,0.036619223354854624,28.230003228631908,False
W6838,陕西,风电,2021,9.041006416082382,0.03609168974222577,37.084211126922796,False
W6842,陕西,风电,2021,9.085366353392601,0.03538705189041089,36.1914301812923,False
W6844,山东,风电,2021,12.168200388550758,0.03720659548479048,28.169546819178475,False
W6848,陕西,风电,2021,11.781571358442307,0.04231068035898891,33.09425200776293,False
W6849,陕西,风电,2021,9.085366353392601,0.07077410373098318,72.38286031161316,False
W6852,山东,风电,2021,12.029365450143814,0.0510313731754784,39.07484298265412,False
W6856,山东,风电,2021,12.390329986810684,0.052238573039102315,38.843522145385876,False
W6858,陕西,风电,2021,12.05778144299984,0.04535231565146367,34.65692478525358,False
W6859,山东,风电,2021,12.119353339076042,0.037128600326928406,28.223407038805117,False
W6875,山东,风电,2021,13.108022063970566,0.05160827570834311,36.28272696955731,False
W6877,山东,风电,2021,13.073936328291893,0.05293125896829771,37.311912521400465,False
W6883,山西,风电,2021,8.82263034582138,0.03239044968188707,34.23849473896052,False
W6890,山西,风电,2021,10.907128527760506,0.040274037055231894,34.7218248223182,False
W6897,山西,风电,2021,7.717803195118904,0.03144545055629226,38.08359632665141,False
W6904,陕西,风电,2021,12.137368395924568,0.04432822671413898,33.66149198025286,False
W6914,山西,风电,2021,9.638527035713196,0.04246498816310924,40.85049386309915,False
W6924,山东,风电,2021,13.055974915623665,0.051598002581512405,36.41410140545607,False
W6926,陕西,风电,2021,11.911219730973244,0.0584836306840244,45.235801252135275,False
W6930,山西,风电,2021,8.036100268363953,0.04583099559973703,53.25768421285022,False
W6933,山西,风电,2021,10.794562250375748,0.037422979531081466,31.932728801198262,False
W6936,陕西,风电,2021,10.905418172478676,0.05309091912441985,44.84339969888093,False
W6937,山东,风电,2021,7.024367228150368,0.04140388254452745,55.346292496518096,False
W6945,山东,风电,2021,13.055975139141083,0.07120524431605219,50.25145961103892,False
W6948,陕西,风电,2021,12.035762965679169,0.04285364440223516,32.81555166380021,False
W6954,山东,风电,2021,6.4658984541893005,0.03700020627099959,53.79316437628475,False
W6956,山东,风电,2021,6.664721220731735,0.037835854451223914,53.37042412110237,False
W6959,山西,风电,2021,10.765917375683784,0.03741871907856137,32.01448703352121,False
W6967,山西,风电,2021,12.10294783115387,0.07040375293469554,53.595307398233516,False
W6968,山东,风电,2021,10.08549191057682,0.035454063262323914,32.62437665881521,False
W6970,山西,风电,2021,11.39833152294159,0.03790003729960932,30.6381327442386,False
W6973,山西,风电,2021,11.642774641513824,0.03875713681230955,30.67953743399694,False
W6980,陕西,风电,2021,11.16298533976078,0.07791134762295078,64.28610308479688,False
W6994,陕西,风电,2021,8.345183059573174,0.04198044709910317,46.78497369190643,False
W7003,山西,风电,2021,7.7283500880002975,0.06392874361420542,77.42711088913265,False
W7007,山西,风电,2021,8.392665535211563,0.07187395750073865,79.5811877457806,False
W7010,新疆,风电,2021,11.339456588029861,0.03542931864815969,28.80102386795006,False
W7013,新疆,风电,2021,10.562494844198227,0.06684709865173086,58.2989238608958,False
W7014,山西,风电,2021,7.472736909985542,0.03067477615549136,38.374018638339244,False
W7015,山西,风电,2021,8.333883583545685,0.07209837124444839,80.386261437341,False
W7016,新疆,风电,2021,12.577025145292282,0.0773820014920936,56.73866096376809,False
W7018,山西,风电,2021,7.849478870630264,0.05329793399389667,63.44821183730798,False
W7034,山西,风电,2021,7.4505315721035,0.03943975269368368,49.49653413849327,False
W7048,山西,风电,2021,7.356952875852585,0.04067493314454918,51.72506000246378,False
W7055,山西,风电,2021,8.032376244664192,0.06290989915978908,73.13803356575242,False
W7062,山西,风电,2021,8.130267709493637,0.0633017141691536,72.68632570594603,False
W7079,新疆,风电,2021,13.021133914589882,0.07468942620257805,52.90897097980292,False
W7118,山西,风电,2021,7.366843298077583,0.178922174985529,226.96748041997532,False
W7194,新疆,风电,2021,10.851237326860428,0.05850895198010499,49.66105359036847,False
W7214,山西,风电,2021,7.593167871236801,0.06078043448427607,74.84601199764724,False
W7223,山西,风电,2021,11.88011348247528,0.044198789507380334,34.28526586223234,False
W7224,新疆,风电,2021,10.801156908273697,0.19786606070725102,168.7785207370887,False
W7239,山西,风电,2021,8.80951277911663,0.0402401162064881,42.446912930257376,False
W7243,新疆,风电,2021,6.931348443031311,0.04032712553824038,54.60919786610138,False
W7245,新疆,风电,2021,12.114356830716133,0.21687594286729905,164.96313871016872,False
W7273,新疆,风电,2021,11.006169319152832,0.036474259503592225,30.539088655783594,False
W7279,山西,风电,2021,11.47924616932869,0.051837966778445266,41.61007802698222,False
W7287,新疆,风电,2021,12.095873057842255,0.03981498273593818,30.344682313331802,False
W7355,西藏,风电,2021,13.148709386587143,0.05332327110360503,37.41163263316032,False
W7370,山西,风电,2021,7.289177477359772,0.05990352533255443,76.88039394375409,False
W7380,新疆,风电,2021,6.71146921813488,0.025964701189238833,36.28365595108251,False
W7390,山西,风电,2021,7.680614814162254,0.06232399926789831,75.8783492635894,False
W7395,新疆,风电,2021,8.462308198213577,0.030142704658482396,33.19416193607309,False
W7399,新疆,风电,2021,6.708053424954414,0.026012557495581633,36.37622361961975,False
W7402,新疆,风电,2021,8.328738436102867,0.02977542845952999,33.3381906936256,False
W7409,新疆,风电,2021,8.364140018820763,0.028465278925387846,31.731614199721626,False
W7410,新疆,风电,2021,11.395532861351967,0.03909619539082756,31.616341623740954,False
W7424,新疆,风电,2021,7.76426374912262,0.045569858154908736,54.94410939564732,False
W7431,新疆,风电,2021,7.751675695180893,0.04549775399651811,54.95761796390501,False
W7446,新疆,风电,2021,8.862413316965103,0.031596595085420745,33.21930743026325,False
W7447,新疆,风电,2021,6.825970038771629,0.026518009701687502,36.432854406227655,False
W7451,山西,风电,2021,7.235200256109238,0.03750005350293417,48.5305115192042,False
W7455,山西,风电,2021,7.71195262670517,0.03235239195591529,39.192090889536594,False
W7460,新疆,风电,2021,7.827567458152771,0.04523458007995564,54.1506166637825,False
W7468,新疆,风电,2021,6.102605313062668,0.02360266651234903,36.35093515406382,False
W7476,山西,风电,2021,8.07565413415432,0.06904343321811474,79.91319588930874,False
W7477,新疆,风电,2021,7.470733970403671,0.043245666007265995,54.29059885091596,False
W7480,新疆,风电,2021,7.425284162163734,0.042980473956416895,54.29510101885569,False
W7487,新疆,风电,2021,7.848092392086983,0.04590715053634597,54.79340128793129,False
W7491,山西,风电,2021,8.392319306731224,0.2912988078880119,323.34011777584567,False
W7493,新疆,风电,2021,8.336121886968613,0.029923263526745094,33.503920222843966,False
W7495,新疆,风电,2021,7.848092392086983,0.04590715053634597,54.79340128793129,False
W7500,山西,风电,2021,7.870889827609062,0.07261891640394624,86.3233736928738,False
W7505,新疆,风电,2021,11.661943942308426,0.06979883047426311,55.138066666480846,False
W7507,山西,风电,2021,7.87089005112648,0.0756447067512533,89.92018094868278,False
W7516,新疆,风电,2021,6.631656736135483,0.02565108402212882,36.28634819951005,False
W7522,新疆,风电,2021,7.727747708559036,0.04479303103450799,54.330469283386144,False
W7534,山西,风电,2021,10.661870241165161,0.04146938197120843,35.92441908087397,False
W7543,山西,风电,2021,8.044827729463577,0.059578113909527775,69.10738471729078,False
W7545,新疆,风电,2021,7.763854935765266,0.04498052132822002,54.299375335629826,False
W7546,新疆,风电,2021,7.762218341231346,0.08507587290670389,102.66039760477976,False
W7560,新疆,风电,2021,7.658461779356003,0.04432372283255772,54.26925865857437,False
W7562,山西,风电,2021,8.395484983921051,0.042281824604859346,46.896907823265025,False
W7564,山西,风电,2021,12.432162836194038,0.12669317450445444,93.89717857091476,False
W7567,新疆,风电,2021,12.03742615878582,0.14415255757483855,110.41647084306597,False
W7568,新疆,风电,2021,6.29767544567585,0.024414959244604576,36.41411080869396,False
W7571,山西,风电,2021,7.181541994214058,0.13130183368171955,170.89404049696014,False
W7574,山西,风电,2021,10.815223753452301,0.05022831878837527,42.78401126105701,False
W7578,新疆,风电,2021,7.25168913602829,0.028149596017178556,36.32924949657013,False
W7592,新疆,风电,2021,6.381392776966095,0.024815182546122534,36.50906291075896,False
W7603,山西,风电,2021,7.688795775175095,0.06408291526842361,77.85904839071691,False
W7611,山西,风电,2021,7.717515528202057,0.07496903624507216,90.81776193942945,False
W7615,新疆,风电,2021,10.93112401664257,0.07702932153102289,64.91449855659062,False
W7650,新疆,风电,2021,8.25523428618908,0.08566797723843131,96.89344766519193,False
W7664,新疆,风电,2021,11.557954251766205,0.06475163274443083,51.601994853904664,False
W7683,新疆,风电,2021,6.763615384697914,0.026250686316093463,36.393260563633916,False
W7696,新疆,风电,2021,8.234963938593864,0.067249354985248,76.23747655371162,False
W7717,新疆,风电,2021,12.092238888144493,0.06827876965052693,52.050190436738035,False
W7725,新疆,风电,2021,12.03189991414547,0.17141799192129165,131.30154153239343,False
W7727,新疆,风电,2021,9.360153302550316,0.12014702423613134,119.33110129012684,False
W7735,新疆,风电,2021,8.362672626972198,0.18180022313831098,203.0687963711494,False
W7757,新疆,风电,2021,8.737234622240067,0.030734294206355497,32.70965376223724,False
W7760,新疆,风电,2021,11.728371977806091,0.06662615034506754,52.358178067350195,False
W7764,山东,风电,2021,12.836491093039513,0.0533658789295573,38.34108247103331,False
W7769,山西,风电,2021,7.321016639471054,0.05215264060785268,66.71567360954391,False
W7776,新疆,风电,2021,8.316866531968117,0.05222605910595192,58.44701323632675,False
W7777,山西,风电,2021,7.321016639471054,0.05215264060785268,66.71567360954391,False
W7787,新疆,风电,2021,7.766275182366371,0.17192475797546186,206.65031331300577,False
W7806,新疆,风电,2021,7.99039363861084,0.11793530159867988,137.7100706270494,False
W7816,新疆,风电,2021,8.041868135333061,0.11874930209962001,137.7422689473583,False
W7820,陕西,风电,2021,9.372780695557594,0.07062114432430135,69.93764091660631,False
W7824,新疆,风电,2021,11.898392513394356,0.06819850537991788,52.8345423546061,False
W7844,新疆,风电,2021,7.320062890648842,0.04777080827660707,60.9639269057836,False
W7846,山西,风电,2021,7.900678217411041,0.12415979643645088,146.8684587747509,False
W7851,新疆,风电,2021,9.304524511098862,0.0596168998035031,59.34889597631324,False
W7854,山西,风电,2021,7.849478870630264,0.05329793399389667,63.44821183730798,False
W7862,山西,风电,2021,8.70339810848236,0.08062611852720405,86.02192919605919,False
W7865,新疆,风电,2021,7.597260922193527,0.05510856115264668,67.75727138147325,False
W7869,山西,风电,2021,12.7647265791893,0.041512853494793264,29.998260153150593,False
W7875,山西,风电,2021,7.68111526966095,0.0495693147492783,60.29861876156751,False
W7887,新疆,风电,2021,7.471472918987274,0.06221437108384838,77.86513388092672,False
W7890,新疆,风电,2021,8.568172082304955,0.03294310215721793,35.78860821520068,False
W7898,山西,风电,2021,7.401304543018341,0.05018871760596044,63.463097101165914,False
W7927,新疆,风电,2021,6.847495436668396,0.03873375158714317,53.08001516300853,False
W7931,山西,风电,2021,7.7283500880002975,0.06392874361420542,77.42711088913265,False
W7946,山西,风电,2021,9.518886879086494,0.07413773687280915,72.20940948332255,False
W7951,山西,风电,2021,11.646545827388763,0.14963509689419668,118.34040947959282,False
W8000,新疆,风电,2021,11.73388883471489,0.0708774044504049,55.6751401771277,False
W8096,云南,风电,2021,12.194741740822792,0.09329809382453512,70.55230747842465,False
W901,甘肃,风电,2021,12.231101766228676,0.04878776314629354,36.75793503932238,False
W909,甘肃,风电,2021,11.720941364765167,0.12277646657331792,96.52249288553976,False
W912,甘肃,风电,2021,7.080186679959297,0.057040794067064624,75.62323982804571,False
W922,甘肃,风电,2021,6.470578461885452,0.04151586029644087,60.264965890180655,False
W929,甘肃,风电,2021,11.925371289253235,0.12413916364941337,95.93004343622171,False
W934,甘肃,风电,2021,11.025027260184288,0.05850112089729654,48.89319928273936,False
W939,甘肃,风电,2021,12.860168516635895,0.04953408483928118,35.51228938601337,False
W992,甘肃,风电,2021,11.387161910533905,0.046639069996083284,37.724644631236565,False
W994,甘肃,风电,2021,6.899916976690292,0.044572353042380206,60.63284666125265,False
102,甘肃,光伏,2022,11.195930689573288,0.09653286640189562,79.42650567685422,False
103,甘肃,光伏,2022,11.473713219165802,0.04790917454048269,38.476589224833056,False
104,甘肃,光伏,2022,11.629223674535751,0.04959089871130589,39.28489466142107,False
105,甘肃,光伏,2022,12.363382056355476,0.040371644420806145,30.087020988903127,False
106,甘肃,光伏,2022,11.955450922250748,0.08883312750220902,68.45249789414068,False
107,甘肃,光伏,2022,12.371368780732155,0.06731854445999091,50.13753504449128,False
108,甘肃,光伏,2022,12.397334799170494,0.06743016826287948,50.11686292166492,False
109,甘肃,光伏,2022,12.392734810709953,0.04044765835814979,30.073101287712635,False
110,甘肃,光伏,2022,11.514518111944199,0.0477595387048016,38.22469681325655,False
111,甘肃,光伏,2022,11.574824899435043,0.04880901298950094,38.86004785051346,False
112,甘肃,光伏,2022,11.506807878613472,0.048280206010279145,38.66571179322523,False
113,甘肃,光伏,2022,12.800760045647621,0.042921804061044184,30.903508295022736,False
114,甘肃,光伏,2022,11.54008224606514,0.04861146081849227,38.817145155895545,False
115,甘肃,光伏,2022,11.527894511818886,0.048540027079981875,38.801082677802306,False
116,甘肃,光伏,2022,11.242143362760544,0.047014458395251306,38.52677240757012,False
117,甘肃,光伏,2022,11.180281564593315,0.047333025198737395,39.0013722929878,False
118,甘肃,光伏,2022,11.153188571333885,0.04723325050044138,39.01262871142238,False
119,甘肃,光伏,2022,11.263230443000793,0.09415874504578842,77.01865265033304,False
121,甘肃,光伏,2022,12.130920588970184,0.053360875518999255,40.54102838466229,False
122,甘肃,光伏,2022,12.164213955402374,0.05431532744454249,41.15663108479003,False
12469,青海,光伏,2022,8.97475317120552,0.03058043662526927,31.777295883392856,False
125,甘肃,光伏,2022,11.93870522081852,0.05433810256216914,41.93833461526392,False
126,甘肃,光伏,2022,11.268544122576714,0.03519647803518367,28.787037413094932,False
12628,新疆,光伏,2022,11.540244966745377,0.037606391378165425,30.240164844892426,False
130,甘肃,光伏,2022,11.402048841118813,0.036636988322490134,29.62007874087655,False
131,甘肃,光伏,2022,11.619287207722664,0.05662563827015347,44.928805111476954,False
142,甘肃,光伏,2022,10.383592173457146,0.0622527464819643,55.22218668572809,False
146,甘肃,光伏,2022,11.549996584653854,0.05131768133765637,40.93561444751962,False
149,甘肃,光伏,2022,10.484609752893448,0.062404123725044204,54.829898841866154,False
151,甘肃,光伏,2022,10.423946678638458,0.061216076135180576,54.098318052135205,False
154,甘肃,光伏,2022,11.55349887907505,0.05102884675008381,40.69399411494141,False
155,甘肃,光伏,2022,12.006041407585144,0.05489278463399885,42.134625656083486,False
156,甘肃,光伏,2022,12.006207928061485,0.05489354638966464,42.13462596918521,False
157,甘肃,光伏,2022,12.449609711766243,0.03818783103129956,28.274481918170995,False
158,甘肃,光伏,2022,11.558785066008568,0.19740762657380298,157.33093909756727,False
159,甘肃,光伏,2022,11.616318672895432,0.09859164496733314,78.18797436862918,False
161,甘肃,光伏,2022,12.582030147314072,0.055726604561523126,40.83110481490656,False
163,甘肃,光伏,2022,12.583913952112198,0.05610350447979249,41.09714186609872,False
170,甘肃,光伏,2022,10.673931911587715,0.3115857220737026,268.9005166770499,False
171,甘肃,光伏,2022,10.59713490307331,0.09128657292351813,79.35292245866742,False
172,甘肃,光伏,2022,10.574503093957901,0.18205585182965894,158.6014196910714,False
175,甘肃,光伏,2022,11.140934452414513,0.18748703370550251,155.02440547373314,False
176,甘肃,光伏,2022,10.498841106891632,0.042568144777758755,37.34822256237895,False
178,甘肃,光伏,2022,10.271075069904327,0.059436116687062744,53.299765045543865,False
179,甘肃,光伏,2022,11.065154448151588,0.13711224269554576,114.18435434442137,False
181,甘肃,光伏,2022,12.386560812592506,0.2652541157897635,197.31106093290788,False
183,甘肃,光伏,2022,12.190637066960335,0.05224045401957026,39.49753947287112,False
185,甘肃,光伏,2022,12.32427902519703,0.0524106163720914,39.20027644136944,False
187,甘肃,光伏,2022,10.501216650009155,0.1810579986827357,158.82417692440802,False
188,甘肃,光伏,2022,10.372001677751541,0.17536101567209977,155.73246119159344,False
189,甘肃,光伏,2022,10.47393523156643,0.1806090577817513,158.84302867555039,False
190,甘肃,光伏,2022,13.13011609017849,0.05908781424265583,41.497548191316724,False
195,甘肃,光伏,2022,12.734057530760765,0.053375874869276925,38.64820564604247,False
199,甘肃,光伏,2022,10.807733237743378,0.23559225548993443,200.8060756787001,False
3164,内蒙古,光伏,2022,12.670827358961105,0.0627492341435679,45.681510199774074,False
3337,内蒙古,光伏,2022,13.126211240887642,0.049430650133463025,34.750580316517755,False
3340,内蒙古,光伏,2022,12.336789518594742,0.0403724055167063,30.186549155947223,False
3428,内蒙古,光伏,2022,13.047285005450249,0.06691484402574403,47.31767017856745,False
3452,内蒙古,光伏,2022,12.249792292714119,0.1376615837352922,103.64802858505439,False
3523,陕西,光伏,2022,12.708816826343536,0.053383288183558024,38.75495505754641,False
3624,内蒙古,光伏,2022,13.050756677985191,0.04241806818968701,29.98349093808849,False
3723,内蒙古,光伏,2022,13.136789202690125,0.06099104495362427,42.837873329066255,False
3754,内蒙古,光伏,2022,13.175784051418304,0.05590191679416569,39.14833568699786,False
3785,内蒙古,光伏,2022,12.795410603284836,0.043467076275705986,31.338139165778053,False
3802,内蒙古,光伏,2022,13.084922209382057,0.04252135684681592,29.979679227143286,False
3808,内蒙古,光伏,2022,12.173125594854355,0.06362060446964612,48.194198288772455,False
3835,内蒙古,光伏,2022,13.12099926173687,0.039318303423361595,27.652792578417934,False
3885,内蒙古,光伏,2022,12.450211197137833,0.31509178875268323,233.46155101662328,False
3892,内蒙古,光伏,2022,13.175784051418304,0.05590191679416569,39.14833568699786,False
3902,内蒙古,光伏,2022,13.175784051418304,0.05590191679416569,39.14833568699786,False
3910,内蒙古,光伏,2022,12.98037126660347,0.06692289118763255,47.57520750330595,False
404,甘肃,光伏,2022,10.601424649357796,0.09081705263359308,78.91066792335303,False
4040,青海,光伏,2022,5.374994874000549,0.02125188624542333,37.29695825192272,False
405,甘肃,光伏,2022,10.589622929692268,0.18405215147487658,160.11380157029907,False
4077,陕西,光伏,2022,12.370695769786835,0.046619317622848135,34.761842114421704,False
4093,陕西,光伏,2022,13.159686103463173,0.041841970860626604,29.33956731422643,False
4107,陕西,光伏,2022,12.859567478299141,0.05395737234728045,38.71252217258043,False
4117,青海,光伏,2022,5.374994874000549,0.02125188624542333,37.29695825192272,False
4127,青海,光伏,2022,5.355549976229668,0.021159912747988282,37.268228118469416,False
4128,青海,光伏,2022,5.355549976229668,0.021159912747988282,37.268228118469416,False
4129,青海,光伏,2022,5.355549976229668,0.021159912747988282,37.268228118469416,False
413,甘肃,光伏,2022,11.490566432476044,0.0764256316004522,61.297004389514505,False
4130,青海,光伏,2022,6.749391183257103,0.03445745869957241,48.067860085628084,False
4132,青海,光伏,2022,6.749391183257103,0.03445745869957241,48.067860085628084,False
4133,青海,光伏,2022,6.749391183257103,0.03445745869957241,48.067860085628084,False
4134,青海,光伏,2022,5.398436039686203,0.021334792724516317,37.275574550840815,False
4135,青海,光伏,2022,5.398436039686203,0.021334792724516317,37.275574550840815,False
4139,青海,光伏,2022,5.318640097975731,0.02220334116487385,39.38868979596029,False
4141,青海,光伏,2022,5.303538590669632,0.021077663101659063,37.49605916945282,False
4144,青海,光伏,2022,5.294289216399193,0.020925798056451065,37.28020108278395,False
4145,青海,光伏,2022,5.294289216399193,0.020925798056451065,37.28020108278395,False
4147,青海,光伏,2022,6.679661795496941,0.032903511591189954,46.384839477132815,False
4148,青海,光伏,2022,6.679661795496941,0.032903511591189954,46.384839477132815,False
4151,青海,光伏,2022,5.312217548489571,0.021118391162539003,37.50928483853507,False
4154,青海,光伏,2022,6.805983781814575,0.026774571416167202,36.915167614937,False
4161,青海,光伏,2022,6.798039525747299,0.040051283221576084,55.28843446192511,False
4163,青海,光伏,2022,6.807817295193672,0.040290399386850584,55.535016776310286,False
4167,青海,光伏,2022,6.821820214390755,0.040185558726337806,55.26958722230594,False
4173,青海,光伏,2022,7.059380114078522,0.026141693590209573,34.71681724210125,False
4176,青海,光伏,2022,6.763095930218697,0.02645431204220593,36.70490895127447,False
4179,青海,光伏,2022,6.805983781814575,0.026774571416167202,36.915167614937,False
418,甘肃,光伏,2022,12.63884112238884,0.05617974997783883,40.978664938733985,False
4180,青海,光伏,2022,6.805983558297157,0.04016185573926231,55.37275133138036,False
4191,青海,光伏,2022,8.531510531902313,0.03322887252885625,36.35032968728195,False
4192,青海,光伏,2022,6.326656714081764,0.03387850502269034,50.366979338084676,False
4193,青海,光伏,2022,6.326656714081764,0.022585670093390704,33.577986341744136,False
4195,青海,光伏,2022,6.289084777235985,0.02317276744268332,34.656634983185725,False
4197,青海,光伏,2022,7.75506466627121,0.07769537227158889,93.71757521147998,False
4199,青海,光伏,2022,6.309092491865158,0.022929339072321073,34.18805779972899,False
420,甘肃,光伏,2022,12.652632817626,0.05624871945351861,40.984250056982624,False
422,甘肃,光伏,2022,11.297712698578835,0.04634472097997054,37.798943552549424,False
4242,青海,光伏,2022,5.301093310117722,0.020831980414251428,37.08034694541213,False
4250,青海,光伏,2022,5.301093310117722,0.020831980414251428,37.08034694541213,False
428,甘肃,光伏,2022,11.222584247589111,0.1327979908556144,109.02215791758385,False
4298,青海,光伏,2022,6.71609602868557,0.03298201606970594,46.243274984343486,False
430,甘肃,光伏,2022,11.220539510250092,0.08845809570994537,72.63500382722364,False
4309,青海,光伏,2022,6.7510854452848434,0.026406960424139776,36.70678539695537,False
4326,青海,光伏,2022,6.796931549906731,0.033282117606706844,45.95148992811281,False
433,甘肃,光伏,2022,11.021230146288872,0.2675795439848105,223.63689168949156,False
435,甘肃,光伏,2022,13.077122569084167,0.04511157718575214,31.802047900401515,False
4364,陕西,光伏,2022,12.551977783441544,0.049203279004831624,36.16070453685498,False
4369,陕西,光伏,2022,12.31849417090416,0.09449505009268482,70.74837234310513,False
437,甘肃,光伏,2022,11.02703109383583,0.09028302161020249,75.41887216585982,False
438,甘肃,光伏,2022,11.238342672586441,0.044506112919741686,36.48711391230039,False
440,甘肃,光伏,2022,11.036666482686996,0.17852039446865545,148.99869547789962,False
4420,青海,光伏,2022,5.301093310117722,0.020831980414251428,37.08034694541213,False
443,甘肃,光伏,2022,11.190431714057922,0.08829670992219123,72.69255483645519,False
4456,青海,光伏,2022,5.8722274750471115,0.02205935158022727,35.365006235857095,False
447,甘肃,光伏,2022,11.377605646848679,0.04031175419910971,32.63992763407894,False
4479,青海,光伏,2022,6.699893921613693,0.04114606847497043,57.81201337232111,False
4535,青海,光伏,2022,6.796931549906731,0.026625694106258327,36.76119197133629,False
454,甘肃,光伏,2022,12.928950414061546,0.04508396963164455,32.14062829040688,False
4541,青海,光伏,2022,6.76496185362339,0.026464909573684917,36.70948477960894,False
457,甘肃,光伏,2022,12.552139833569527,0.05795663841378149,42.56970267523507,False
459,甘肃,光伏,2022,11.86505377292633,0.33103689398010167,257.0460209149421,False
4603,青海,光伏,2022,6.817553266882896,0.026814260718763555,36.90232824999153,False
4609,青海,光伏,2022,6.892518773674965,0.03457706438066869,47.04333580632283,False
461,甘肃,光伏,2022,11.90607950091362,0.22197577440253866,171.7887685175815,False
4615,青海,光伏,2022,6.796931549906731,0.033282117606706844,45.95148992811281,False
463,甘肃,光伏,2022,11.896691098809242,0.11056869498496734,85.63278405022953,False
464,甘肃,光伏,2022,11.89669132232666,0.22113739408339947,171.2655680684664,False
4642,青海,光伏,2022,6.892518550157547,0.041492475846210124,56.452002879107404,False
466,甘肃,光伏,2022,11.896655783057213,0.05417933920374969,41.960714353134854,False
467,甘肃,光伏,2022,11.89669132232666,0.08845495751170193,68.50622713316551,False
4670,青海,光伏,2022,6.892518773674965,0.027661651592885465,37.63466876526232,False
4677,青海,光伏,2022,8.196999505162239,0.030988306278751387,35.28268363244139,False
468,甘肃,光伏,2022,11.89665600657463,0.11056994147538733,85.63400202563913,False
4687,青海,光伏,2022,8.19680079817772,0.030988215925516985,35.283436078927195,False
4690,青海,光伏,2022,6.892518550157547,0.041492475846210124,56.452002879107404,False
4693,青海,光伏,2022,8.03662285208702,0.0313978120742427,36.49384947142315,False
470,甘肃,光伏,2022,11.912083849310875,0.06658144105286792,51.50262789612875,False
4709,青海,光伏,2022,7.985020279884338,0.06465879435202726,75.70384854198721,False
4710,青海,光伏,2022,7.385268285870552,0.047269597560024176,59.926549820643025,False
4712,青海,光伏,2022,6.193685531616211,0.030122957609048203,45.859201530179824,False
4716,青海,光伏,2022,7.835630849003792,0.07219392713937661,86.09472365814757,False
4718,青海,光伏,2022,8.031209036707878,0.0603475260506069,70.19964763204169,False
4724,青海,光伏,2022,8.031209036707878,0.0603475260506069,70.19964763204169,False
4726,青海,光伏,2022,7.8798808157444,0.03304225732397228,39.197176394050295,False
474,甘肃,光伏,2022,11.900019943714142,0.044371787445739025,34.3562100307451,False
4746,青海,光伏,2022,6.171359941363335,0.02975692470717564,45.4684798665212,False
4752,青海,光伏,2022,6.171359941363335,0.02975692470717564,45.4684798665212,False
4756,青海,光伏,2022,8.036665543913841,0.06279613744062562,72.98790782167312,False
4766,青海,光伏,2022,7.374212890863419,0.02905574775128689,36.84988736685666,False
4773,青海,光伏,2022,8.526797443628311,0.02931410364765444,32.06887959184888,False
4785,青海,光伏,2022,8.203666806221008,0.03264711777157689,37.1411641823819,False
4795,青海,光伏,2022,6.631878241896629,0.040957476057025564,58.13020206101859,False
4802,青海,光伏,2022,6.68527789413929,0.027191165613154735,38.29291107625164,False
4804,青海,光伏,2022,7.2470469027757645,0.0584501527715585,75.45650890468384,False
4809,青海,光伏,2022,6.68527789413929,0.027191165613154735,38.29291107625164,False
4824,青海,光伏,2022,6.6990262269973755,0.040861367363106464,57.419432260838434,False
483,甘肃,光伏,2022,10.833398401737213,0.09290039287643885,78.99024220148331,False
4831,青海,光伏,2022,6.6990262269973755,0.027240911458613078,38.27962134310762,False
4838,青海,光伏,2022,6.669006273150444,0.02712869431974778,38.29584293727304,False
4843,青海,光伏,2022,6.6697559505701065,0.027394024012876855,38.67069993963834,False
485,甘肃,光伏,2022,11.14898644387722,0.19326381082441493,159.6833507505014,False
4850,青海,光伏,2022,5.355736613273621,0.02128981400055327,37.49354760065707,False
4857,青海,光伏,2022,5.355736613273621,0.02128981400055327,37.49354760065707,False
486,甘肃,光伏,2022,11.489326357841492,0.03838536182368914,30.786400798223855,False
4863,青海,光伏,2022,5.355736613273621,0.02128981400055327,37.49354760065707,False
4879,青海,光伏,2022,5.337773859500885,0.02108841731059477,37.26814725621393,False
4882,青海,光伏,2022,6.804950013756752,0.026654576209319266,36.755308248315025,False
4889,青海,光伏,2022,6.79705873131752,0.026619178094359968,36.7515078556873,False
4903,青海,光伏,2022,6.743138954043388,0.026379802551796498,36.71463813767096,False
491,甘肃,光伏,2022,11.184524595737457,0.14533907139032706,119.71076853339264,False
4911,青海,光伏,2022,5.384794324636459,0.021276114455980617,37.26722682760227,False
4928,青海,光伏,2022,5.341410711407661,0.021102519164475125,37.26767646802577,False
495,甘肃,光伏,2022,12.842533886432648,0.04318511723514812,30.99366135693416,False
4957,青海,光伏,2022,5.374994874000549,0.02125188624542333,37.29695825192272,False
4960,青海,光伏,2022,7.902596667408943,0.049792372192580175,58.893427664421075,False
4980,青海,光伏,2022,6.70432448387146,0.027446781663904976,38.53843535809582,False
4981,青海,光伏,2022,6.834849938750267,0.028193185381862648,38.81637380608487,False
4983,青海,光伏,2022,6.76269605755806,0.027998716141922828,38.96701546824471,False
4986,青海,光伏,2022,6.834849938750267,0.028193185381862648,38.81637380608487,False
4987,青海,光伏,2022,6.663553789258003,0.027367468744248773,38.66684575172547,False
499,甘肃,光伏,2022,12.245980203151703,0.04001772103333649,30.119122730284523,False
4997,青海,光伏,2022,7.059168890118599,0.026140807901431685,34.71667978443768,False
4998,青海,光伏,2022,5.390257313847542,0.021296850168303336,37.26358659343301,False
501,甘肃,光伏,2022,12.245979979634285,0.03779451392337488,28.445838362923787,False
518,甘肃,光伏,2022,11.660618036985397,0.2027160825537036,160.1617805279855,False
521,甘肃,光伏,2022,10.941577926278114,0.10302882111387156,86.7419594352664,False
525,甘肃,光伏,2022,11.9611307233572,0.04353667179103747,33.53967745586292,False
527,甘肃,光伏,2022,12.13759571313858,0.05402617909053218,41.02448535770881,False
528,甘肃,光伏,2022,11.808478608727455,0.042262186850075274,32.97419199722192,False
533,甘肃,光伏,2022,11.484220325946808,0.20310475774496592,162.97626468754055,False
537,甘肃,光伏,2022,13.165664970874786,0.047217782792662026,33.07484573234337,False
540,甘肃,光伏,2022,11.484220325946808,0.1354031717570673,108.65084306652221,False
541,甘肃,光伏,2022,11.36547714471817,0.1339525680997988,108.60385483106732,False
542,甘肃,光伏,2022,12.129735499620438,0.053999883658056184,41.030524392880665,False
544,甘肃,光伏,2022,11.834559291601181,0.04933110735210096,38.4121464050558,False
545,甘肃,光伏,2022,12.138146683573723,0.05402938156389492,41.025054859221164,False
555,甘肃,光伏,2022,12.239031046628952,0.055096544946082494,41.49452158764283,False
5846,陕西,光伏,2022,13.10333602130413,0.04131530569013875,29.093245025081906,False
5966,陕西,光伏,2022,12.866446450352669,0.05379039619157393,38.57208925876604,False
6001,新疆,光伏,2022,9.752277284860611,0.03346370571374161,31.922699093307934,False
6004,新疆,光伏,2022,9.715011566877365,0.0330297336080793,31.632050522059515,False
6005,新疆,光伏,2022,9.778871163725853,0.033541927166155575,31.907800535183032,False
6006,新疆,光伏,2022,10.535810887813568,0.038437461388019185,33.91105793822212,False
6007,新疆,光伏,2022,10.85951529443264,0.04432053764445373,37.81632949804295,False
6014,新疆,光伏,2022,9.989323765039444,0.03401246399148184,31.66379602510205,False
6016,新疆,光伏,2022,9.626621156930923,0.039468359177763514,38.160142655804364,False
6017,新疆,光伏,2022,8.325697481632233,0.06833119630142423,76.48331901457121,False
6020,新疆,光伏,2022,10.08082039654255,0.033928564522996925,31.296538738543433,False
6021,新疆,光伏,2022,9.994289875030518,0.034033048198717324,31.667215732531243,False
6022,新疆,光伏,2022,9.988374933600426,0.03402777821459972,31.686052045443287,False
6024,新疆,光伏,2022,10.077273845672607,0.03422410733353321,31.572768148677923,False
6025,新疆,光伏,2022,9.626621156930923,0.039468359177763514,38.160142655804364,False
6027,新疆,光伏,2022,9.626621156930923,0.039468359177763514,38.160142655804364,False
6030,新疆,光伏,2022,7.481975108385086,0.04071895437658475,50.80316618157019,False
6031,新疆,光伏,2022,7.946835234761238,0.08071218024064511,94.64838295631257,False
6032,新疆,光伏,2022,7.946835234761238,0.044840100314385796,52.5824351876229,False
6035,新疆,光伏,2022,9.751178249716759,0.0334601049387551,31.92535976118702,False
6036,新疆,光伏,2022,8.415812104940414,0.3778208785252489,418.5260964283657,False
6037,新疆,光伏,2022,9.009597972035408,0.10977347235335609,113.2431740828291,False
6047,新疆,光伏,2022,9.800093919038773,0.03518354336723239,33.43328340624241,False
6056,新疆,光伏,2022,11.401988044381142,0.04434900692067695,36.00958613749992,False
6057,新疆,光伏,2022,8.932381868362427,0.04497159568817781,46.83111713580062,False
6059,新疆,光伏,2022,8.566136956214905,0.04052179718413572,44.0797392631122,False
6060,新疆,光伏,2022,8.509862422943115,0.044141081726828825,48.267394201866296,False
6061,新疆,光伏,2022,9.585138782858849,0.03617524385212562,35.05998039809145,False
6063,新疆,光伏,2022,8.72175246477127,0.04307961814635231,45.97657176955979,False
6066,新疆,光伏,2022,8.816148117184639,0.08929486499948022,94.22783654936535,False
6067,新疆,光伏,2022,7.899725362658501,0.030329737030541107,35.80572079019333,False
6068,新疆,光伏,2022,9.065712913870811,0.03152665741935369,32.3651049132552,False
6069,新疆,光伏,2022,7.939407080411911,0.0311037623314108,36.5167312667435,False
6070,新疆,光伏,2022,7.939416021108627,0.05183973543379101,60.8613046823347,False
6076,新疆,光伏,2022,7.782103791832924,0.05118824314456163,61.380109874822026,False
6078,新疆,光伏,2022,11.205099374055862,0.03854603818072713,31.866795508005183,False
6079,新疆,光伏,2022,11.56267024576664,0.03879682503344233,31.050303923550736,False
6081,新疆,光伏,2022,10.096868723630905,0.038198332374659,35.09260315756383,False
6082,新疆,光伏,2022,7.852852866053581,0.19841333295738675,235.52838025043684,False
6083,新疆,光伏,2022,7.497747391462326,0.07863803100216586,97.92093322787447,False
6085,新疆,光伏,2022,9.662045314908028,0.040085232710405906,38.55573894286022,False
6086,新疆,光伏,2022,7.5826529413461685,0.351509553768888,433.42414227525126,False
6089,新疆,光伏,2022,7.5826529413461685,0.07811323389156517,96.31647571678131,False
6091,新疆,光伏,2022,10.686977729201317,0.03642939447519989,31.70240763895154,False
6096,新疆,光伏,2022,10.535810887813568,0.038437461388019185,33.91105793822212,False
6097,新疆,光伏,2022,9.504027888178825,0.03656434198555826,35.83601554661232,False
6098,新疆,光伏,2022,9.434854835271835,0.05984150716675234,58.76453936104411,False
6099,新疆,光伏,2022,11.28621518611908,0.042769366701259894,35.104181544603044,False
6100,新疆,光伏,2022,10.166550725698471,0.038925709178135724,35.58630901227603,False
6101,新疆,光伏,2022,7.929794266819954,0.0431461174413527,50.73151330762942,False
6102,新疆,光伏,2022,8.580726832151413,0.4731355802654405,513.2910353206378,False
6103,新疆,光伏,2022,10.940507054328918,0.038418221968392355,32.540281957223925,False
6104,新疆,光伏,2022,11.181110590696335,0.0483629245492368,40.01083517967372,False
6106,新疆,光伏,2022,9.929254800081253,0.03948656290304893,36.95187530498665,False
6107,新疆,光伏,2022,12.645683661103249,0.043213083042677965,31.474420546305623,False
6108,新疆,光伏,2022,11.449761092662811,0.03941409199354306,31.882735074007087,False
6110,新疆,光伏,2022,11.267844513058662,0.037354435168113924,30.709708008614616,False
6111,新疆,光伏,2022,7.6388780772686005,0.029518978286402674,36.114670992290414,False
6114,新疆,光伏,2022,7.705283537507057,0.04636712257208799,56.258467853165435,False
6117,甘肃,光伏,2022,13.129928559064865,0.057493740750281366,40.37637387479151,False
6120,新疆,光伏,2022,8.590032532811165,0.04023443809245565,43.652026519482455,False
6123,新疆,光伏,2022,10.10593056678772,0.03982988548203368,36.59481916481973,False
6124,新疆,光伏,2022,7.705283537507057,0.04636712257208799,56.258467853165435,False
6125,新疆,光伏,2022,10.730174258351326,0.042181721305781364,36.45886989766571,False
6129,新疆,光伏,2022,8.760288208723068,0.48896988734443275,519.7165359748672,False
6133,新疆,光伏,2022,7.571894600987434,0.12775371189648674,157.70403256852302,False
6140,新疆,光伏,2022,8.622177466750145,0.04093323755038087,44.21424347364161,False
6142,新疆,光伏,2022,10.040270537137985,0.03412399880319553,31.58299249107544,False
6143,新疆,光伏,2022,7.595515474677086,0.09234585592374306,113.73703468694345,False
6149,新疆,光伏,2022,8.382097408175468,0.23385568593309614,259.5737832246923,False
6151,新疆,光伏,2022,10.697572231292725,0.040847711348914024,35.49818043692782,False
6158,新疆,光伏,2022,10.628833025693893,0.03957917706216022,34.6127243853225,False
6165,新疆,光伏,2022,8.314903154969215,0.19681979654082482,220.33326997241733,False
6167,新疆,光伏,2022,10.57253010571003,0.03896743769177305,34.26466662952067,False
6169,新疆,光伏,2022,9.58973117172718,0.03302395454069057,32.10613192093804,False
6172,新疆,光伏,2022,10.52729845046997,0.03981590371936721,35.06845364639634,False
6175,新疆,光伏,2022,9.11453291773796,0.040450547337624924,41.37041124485142,False
6176,新疆,光伏,2022,10.383177325129509,0.04245758826118587,37.92054290565047,False
6178,新疆,光伏,2022,8.344904780387878,0.17069049909348744,191.01008428463143,False
6183,新疆,光伏,2022,8.59891064465046,0.04088467901471377,44.294848656395736,False
6186,新疆,光伏,2022,9.11453291773796,0.040450547337624924,41.37041124485142,False
6189,新疆,光伏,2022,8.246343433856964,0.11383808219628236,128.94031006733698,False
6190,新疆,光伏,2022,8.203642666339874,0.05416450846638218,61.57491772852058,False
6191,新疆,光伏,2022,8.98879274725914,0.042206331512710714,43.682536817203165,False
6205,新疆,光伏,2022,10.003075003623962,0.03715410002759819,34.58139647342591,False
6212,新疆,光伏,2022,10.60943327844143,0.03952644417536615,34.6298148398258,False
6214,新疆,光伏,2022,8.322833999991417,0.09848518328443162,110.13730965041034,False
6215,新疆,光伏,2022,6.877251416444778,0.0694296294010426,94.56105927606572,False
6219,新疆,光伏,2022,8.175222426652908,0.02910881913819752,33.15848672695277,False
6224,新疆,光伏,2022,8.218592405319214,0.2740534492168496,311.50353998999316,False
6230,新疆,光伏,2022,7.562490105628967,0.040763091333313704,50.38566740870521,False
6233,新疆,光伏,2022,11.62010706961155,0.038078455225243626,30.36621709491832,False
6251,新疆,光伏,2022,10.360526964068413,0.041640426752235345,37.35837137578409,False
6253,新疆,光伏,2022,8.322833999991417,0.09848518328443162,110.13730965041034,False
6259,新疆,光伏,2022,8.676617816090584,0.49463317763102466,530.8874600894044,False
6260,新疆,光伏,2022,10.598978251218796,0.03904295702867666,34.23996487187466,False
6261,新疆,光伏,2022,9.204188659787178,0.03158583118825641,31.96512846370871,False
6263,新疆,光伏,2022,10.166794136166573,0.03849524683398984,35.182515348509405,False
6268,新疆,光伏,2022,8.237816244363785,0.2535737667190562,286.3226621320866,False
6270,新疆,光伏,2022,7.69525408744812,0.04631391081728168,56.27112976159037,False
6272,新疆,光伏,2022,10.399721637368202,0.04186270700805242,37.360665778030764,False
6276,新疆,光伏,2022,7.86816269159317,0.20012653608251404,237.08189398610372,False
6277,新疆,光伏,2022,10.577859431505203,0.038985283431962676,34.260368443410464,False
6280,新疆,光伏,2022,10.026824846863747,0.03465966588497197,32.16580048259375,False
6286,新疆,光伏,2022,10.149131119251251,0.03866043449199601,35.40163315130953,False
6288,新疆,光伏,2022,8.48051704466343,0.3751077655486277,411.3988728966656,False
6289,新疆,光伏,2022,10.142821222543716,0.037344475741955006,34.214198481260446,False
6290,新疆,光伏,2022,9.714158177375793,0.041944223522508636,40.18224978593216,False
6294,新疆,光伏,2022,8.44019427895546,0.03509671876487194,38.685274700774194,False
6295,新疆,光伏,2022,7.592540681362152,0.04248499850752496,52.2950279354031,False
6301,新疆,光伏,2022,11.314397379755974,0.04053754430566301,33.234098308018396,False
6321,新疆,光伏,2022,8.81763719022274,0.03896757744747208,41.1643097913362,False
6322,新疆,光伏,2022,9.039440006017685,0.08968435295774009,92.22098597650246,False
6323,新疆,光伏,2022,9.063925668597221,0.04078430537910381,42.00672522544989,False
6324,新疆,光伏,2022,10.748200044035912,0.04006423287069563,34.65879587998128,False
6325,新疆,光伏,2022,10.748200044035912,0.04006423287069563,34.65879587998128,False
6326,新疆,光伏,2022,10.741484016180038,0.0400458098346742,34.667258193007214,False
6327,新疆,光伏,2022,10.741484016180038,0.0400458098346742,34.667258193007214,False
6328,新疆,光伏,2022,9.059118926525116,0.0407685270635998,42.015813573928845,False
6329,新疆,光伏,2022,11.137879863381386,0.03587585749831081,29.85596168363343,False
6331,新疆,光伏,2022,10.779686719179153,0.037223610291741385,32.07827160893675,False
6332,新疆,光伏,2022,10.352704301476479,0.03526701497468845,31.69672741202154,False
6334,新疆,光伏,2022,8.879940211772919,0.03637501977629253,38.20511040438207,False
6335,新疆,光伏,2022,10.382004752755165,0.03534835253126244,31.672732693289426,False
6336,新疆,光伏,2022,10.369446873664856,0.03531254281751039,31.681447341966948,False
6337,新疆,光伏,2022,8.86607363820076,0.03632490439847211,38.214999384396805,False
6339,新疆,光伏,2022,10.360526964068413,0.041640426752235345,37.35837137578409,False
6341,新疆,光伏,2022,10.425203517079353,0.03547193211032039,31.64180692669219,False
6342,新疆,光伏,2022,10.79311117529869,0.03955566388293951,34.071057933968774,False
6344,新疆,光伏,2022,9.133174270391464,0.0403330655680049,41.19079735012737,False
6345,新疆,光伏,2022,10.619613826274872,0.04105914635045562,35.931461588481135,False
6347,新疆,光伏,2022,10.75704775750637,0.039341913184500386,34.0113094250086,False
6349,新疆,光伏,2022,10.76877772808075,0.03719041468292303,32.08213151966891,False
6350,新疆,光伏,2022,9.183745309710503,0.038200492191079786,38.76300666793329,False
6352,新疆,光伏,2022,9.927627369761467,0.03950067364603994,36.998637851640154,False
6356,新疆,光伏,2022,10.686704143881798,0.036578627527802436,31.791560384528694,False
6358,新疆,光伏,2022,8.045298457145691,0.0880788461446062,101.99186248258374,False
6360,新疆,光伏,2022,8.045298457145691,0.044039423077882,50.995931247752,False
6361,新疆,光伏,2022,7.996015772223473,0.09094293969757147,106.07758137774076,False
6362,新疆,光伏,2022,7.769932150840759,0.3531626130477622,424.0797634682037,False
6364,新疆,光伏,2022,10.42727217078209,0.03769445494568458,33.54350615891717,False
6365,新疆,光伏,2022,7.792968302965164,0.03546165322867129,42.45983930897389,False
6367,新疆,光伏,2022,10.779751986265182,0.03843280006164621,33.13436772199889,False
6368,新疆,光伏,2022,11.046944037079811,0.03769811547805413,31.64395422555686,False
6369,新疆,光伏,2022,11.614960581064224,0.03835182572881915,30.613214716722315,False
6371,新疆,光伏,2022,10.662765204906464,0.03837113619778517,33.429772422258175,False
6372,新疆,光伏,2022,9.030004441738129,0.03917389873906675,40.451951539796696,False
6374,新疆,光伏,2022,8.98517221212387,0.03934010565154604,40.841551408296795,False
6375,新疆,光伏,2022,9.033015668392181,0.039192725599630766,40.45790117247234,False
6380,新疆,光伏,2022,9.233518168330193,0.0413291975693637,41.64102182978799,False
6381,新疆,光伏,2022,10.85951529443264,0.04432053764445373,37.81632949804295,False
6385,新疆,光伏,2022,9.250538349151611,0.03861597543691083,38.82660124382872,False
6386,新疆,光伏,2022,10.227193683385849,0.038070148946545576,34.58013642024394,False
6387,新疆,光伏,2022,7.553676143288612,0.04327842110413158,53.58748571634856,False
6388,新疆,光伏,2022,7.5481367111206055,0.08189577625873627,101.4422539268254,False
6389,新疆,光伏,2022,9.239838793873787,0.07897574776932424,79.44185861374217,False
6390,新疆,光伏,2022,11.59097358584404,0.03911317205865955,31.221642846241547,False
6394,新疆,光伏,2022,7.605703175067902,0.08896244871234525,109.39239625763294,False
6395,新疆,光伏,2022,10.496084913611412,0.03644325054715965,32.23336480798709,False
6402,新疆,光伏,2022,10.360526964068413,0.041640426752235345,37.35837137578409,False
6403,新疆,光伏,2022,10.480560064315796,0.0367695820836371,32.57017369419089,False
6405,新疆,光伏,2022,8.816147893667221,0.5357691774268001,565.3670203655479,False
6406,新疆,光伏,2022,9.96923714876175,0.036622313682738494,34.2179121640372,False
6407,新疆,光伏,2022,9.607804790139198,0.0321667899884451,31.20689746876077,False
6411,新疆,光伏,2022,9.244302436709404,0.03898911448538718,39.22513293090669,False
6412,新疆,光伏,2022,10.58459423482418,0.038983347215741815,34.2314232392535,False
6414,新疆,光伏,2022,10.906449258327484,0.03578970850171193,30.44924126049323,False
6415,新疆,光伏,2022,8.212832808494568,0.04412394616021527,50.18876633515833,False
6417,新疆,光伏,2022,9.246771857142448,0.03899928627964427,39.224888197930326,False
6418,新疆,光伏,2022,10.853287652134895,0.039981378158792324,34.19611351117164,False
6419,新疆,光伏,2022,10.58459423482418,0.038983347215741815,34.2314232392535,False
6420,新疆,光伏,2022,10.01088447868824,0.03396699125921835,31.582981526110906,False
6423,新疆,光伏,2022,10.010138377547264,0.033814404781273136,31.43611920256447,False
6424,新疆,光伏,2022,9.822422862052917,0.03886511311621951,36.81635945910976,False
6427,新疆,光伏,2022,10.485281646251678,0.03678804233493402,32.571851725322986,False
6428,新疆,光伏,2022,8.346747010946274,0.06119623423645547,68.38615070509515,False
6429,新疆,光伏,2022,9.258461594581604,0.039054581417310615,39.230907625678604,False
6430,新疆,光伏,2022,9.715011566877365,0.0330297336080793,31.632050522059515,False
6434,新疆,光伏,2022,9.821250289678574,0.038860520143493664,36.816403638051916,False
6435,新疆,光伏,2022,7.120674178004265,0.0780839068308711,102.66304342816618,False
6436,新疆,光伏,2022,9.732696041464806,0.03529738547449157,33.75809057983764,False
6437,新疆,光伏,2022,10.512275621294975,0.0360289553598743,31.825644397676058,False
6440,新疆,光伏,2022,9.762353897094727,0.035653509049584434,33.971227068829016,False
6443,新疆,光伏,2022,9.973631277680397,0.040860091518424235,38.05171638087954,False
6444,新疆,光伏,2022,10.512617602944374,0.036030160440686305,31.825673546366335,False
6447,新疆,光伏,2022,8.154937997460365,0.18236326672317343,208.3463519873556,False
6448,新疆,光伏,2022,9.980567917227745,0.034857563626985215,32.45840721688018,False
6451,新疆,光伏,2022,8.617012202739716,0.04234271204137621,45.77812796258662,False
6453,新疆,光伏,2022,10.556956753134727,0.03610819701847976,31.752866180938234,False
6456,新疆,光伏,2022,9.980567917227745,0.034857563626985215,32.45840721688018,False
6460,新疆,光伏,2022,10.415062978863716,0.03418561078103751,30.49405411456367,False
6465,新疆,光伏,2022,8.037764579057693,0.05706674341956526,66.14804432112113,False
6467,新疆,光伏,2022,8.748599365353584,0.0417810049642849,44.46411568196527,False
6468,新疆,光伏,2022,7.8773099184036255,0.04082887068799116,48.32309877838752,False
6475,新疆,光伏,2022,8.455853462219238,0.12797510826027583,141.08079907435928,False
6476,新疆,光伏,2022,7.8773099184036255,0.04082887068799116,48.32309877838752,False
6477,新疆,光伏,2022,9.976537004113197,0.035758883616324406,33.304885191761805,False
6480,新疆,光伏,2022,9.242620691657066,0.030764702106910666,30.973551419653113,False
6485,新疆,光伏,2022,8.152404874563217,0.03260857777635269,37.27472480994413,False
6487,新疆,光伏,2022,9.332408979535103,0.04152663735158556,41.3606743596798,False
6488,新疆,光伏,2022,9.981676787137985,0.03576673537995401,33.292360491942546,False
6489,新疆,光伏,2022,9.868445545434952,0.03591333460928328,33.83222610271493,False
6493,新疆,光伏,2022,9.869309440255165,0.03591573803823062,33.831528607529926,False
6494,新疆,光伏,2022,10.018318444490433,0.0354055401521536,32.87045881179077,False
6496,新疆,光伏,2022,8.667460530996323,0.037208123191870494,40.011061595830135,False
6498,新疆,光伏,2022,10.353333950042725,0.03938522400858045,35.37922336610714,False
6502,新疆,光伏,2022,9.669881388545036,0.03264563715828909,31.41012023952896,False
6505,新疆,光伏,2022,10.003689900040627,0.0353556968045619,32.87476687184344,False
6507,新疆,光伏,2022,10.52590236067772,0.039480682687158444,34.86144306691607,False
6508,新疆,光伏,2022,10.216245129704475,0.03802531360709558,34.5736268476133,False
6514,新疆,光伏,2022,10.017058476805687,0.035403859496448774,32.87303281562366,False
6516,新疆,光伏,2022,11.432861164212227,0.044441060452283555,35.9745029411583,False
6518,新疆,光伏,2022,9.028356447815895,0.037886145818110166,39.069786288017006,False
6522,新疆,光伏,2022,9.645548164844513,0.03604167219187295,34.773249701699925,False
6528,新疆,光伏,2022,7.942289561033249,0.05310392861386739,62.327655089455725,False
6529,新疆,光伏,2022,11.432861164212227,0.044441060452283555,35.9745029411583,False
6531,新疆,光伏,2022,10.687275007367134,0.04156403882343409,36.1439977885219,False
6532,新疆,光伏,2022,10.257273986935616,0.03883385494445273,35.16183291466963,False
6536,新疆,光伏,2022,7.939416021108627,0.05183973543379101,60.8613046823347,False
6537,新疆,光伏,2022,10.358947589993477,0.039407812257382956,35.38033066172416,False
6538,新疆,光伏,2022,8.795594349503517,0.1208544680028886,127.92835799827822,False
6539,新疆,光伏,2022,10.257273986935616,0.03883385494445273,35.16183291466963,False
6546,新疆,光伏,2022,10.306060463190079,0.0367980206580424,33.15808301121059,False
6548,新疆,光伏,2022,8.795594349503517,0.1208544680028886,127.92835799827822,False
6552,新疆,光伏,2022,9.114447087049484,0.030708477326987085,31.32463105584515,False
6553,新疆,光伏,2022,9.84941840171814,0.037494520060282956,35.39282447399946,False
6557,新疆,光伏,2022,9.900850877165794,0.035975646144454546,33.83548145227775,False
6559,新疆,光伏,2022,7.742619886994362,0.09257133784836805,111.51078269744899,False
6560,新疆,光伏,2022,10.208900570869446,0.040543714315133,36.92931566268153,False
6564,新疆,光伏,2022,7.5558773428201675,0.04250454572603175,52.5879270865072,False
6565,新疆,光伏,2022,7.55587711930275,0.11051181554191843,136.72861033013262,False
6566,新疆,光伏,2022,7.6893796026706696,0.026454599169575526,32.099623479198826,False
6568,新疆,光伏,2022,9.70169685781002,0.03682138889343478,35.31441350639711,False
657,甘肃,光伏,2022,10.590221285820007,0.06393880125384428,55.61883026719765,False
6574,新疆,光伏,2022,9.110918864607811,0.04444535018042735,45.37258542488433,False
6576,新疆,光伏,2022,7.330292165279388,0.10972459149291212,140.13815714695724,False
6578,新疆,光伏,2022,9.120149686932564,0.040890622548583604,41.698166012546935,False
6579,新疆,光伏,2022,8.719247281551361,1.0737187076365518,1146.7829235811143,False
6582,新疆,光伏,2022,8.9744583517313,0.5241084375114008,543.5180339005555,False
6585,新疆,光伏,2022,10.472745671868324,0.03588402609497164,31.819858827925653,False
6590,新疆,光伏,2022,8.226088061928749,0.03839976849071368,43.53098374494005,False
6597,新疆,光伏,2022,10.346410721540451,0.03364591540420079,30.246282757476504,False
6598,新疆,光伏,2022,7.942104488611221,0.4451202505569291,522.5643429540772,False
6602,新疆,光伏,2022,8.18105086684227,0.03345768659902242,38.22615768897957,False
6605,新疆,光伏,2022,10.137180536985397,0.03860029354073531,35.39105182789239,False
6606,新疆,光伏,2022,10.007124915719032,0.03396002556825294,31.590815320067748,False
6607,新疆,光伏,2022,7.436288148164749,0.07645119902404844,96.18342122411475,False
6609,新疆,光伏,2022,9.043942093849182,0.558564985289263,574.3956370182183,False
6616,新疆,光伏,2022,7.730662375688553,0.026641940093039124,32.17531877259572,False
6619,新疆,光伏,2022,10.358947589993477,0.039407812257382956,35.38033066172416,False
6625,新疆,光伏,2022,7.723546922206879,0.08870534713749187,107.22763514471268,False
6626,新疆,光伏,2022,9.812722206115723,0.0320521846444565,30.383068530341816,False
6628,新疆,光伏,2022,7.455727010965347,0.07578694327053888,95.06577050107465,False
663,甘肃,光伏,2022,10.590221285820007,0.06393880125384428,55.61883026719765,False
6633,新疆,光伏,2022,10.358947589993477,0.039407812257382956,35.38033066172416,False
6634,新疆,光伏,2022,7.559391483664513,0.04099345578571488,50.69118190942494,False
6635,新疆,光伏,2022,10.385006815195084,0.03535816643073613,31.672367728460525,False
6638,新疆,光伏,2022,7.802114188671112,0.09910290286730133,118.48604081142682,False
6641,新疆,光伏,2022,10.459350943565369,0.04152727583299322,36.816454986866795,False
6643,新疆,光伏,2022,10.59403046965599,0.03905088813114278,34.26835753478031,False
6644,新疆,光伏,2022,7.837752252817154,0.05346516942504181,63.63629527021829,False
6650,新疆,光伏,2022,10.025504529476166,0.034086238658759475,31.597049805935328,False
6654,新疆,光伏,2022,9.110201820731163,0.04044962756677961,41.395379650123054,False
6657,新疆,光伏,2022,10.025504529476166,0.034086238658759475,31.597049805935328,False
6659,新疆,光伏,2022,10.406896993517876,0.04140187361106601,36.90869045879952,False
6661,新疆,光伏,2022,10.565383583307266,0.038944423936592025,34.262150924992355,False
6666,新疆,光伏,2022,8.81711259484291,0.03574754191212485,37.738818014452114,False
6669,新疆,光伏,2022,9.021717086434364,0.05394843171468861,55.640260265371,False
6670,新疆,光伏,2022,11.443824246525764,0.039477127905246684,31.92839899865004,False
6672,新疆,光伏,2022,7.574024945497513,0.04387888595309871,54.1659052067111,False
6675,新疆,光伏,2022,9.402514770627022,0.04330755992041209,42.745754112271,False
6684,新疆,光伏,2022,10.550080239772797,0.03887063564581311,34.24411318343136,False
6685,新疆,光伏,2022,9.964227229356766,0.03486927909936171,32.52256392115259,False
6691,新疆,光伏,2022,11.446115523576736,0.03948564767835408,31.928896851075294,False
6693,新疆,光伏,2022,10.00078797340393,0.03596039038671896,33.40865316737204,False
6694,新疆,光伏,2022,10.360526964068413,0.041640426752235345,37.35837137578409,False
6698,新疆,光伏,2022,11.613079905509949,0.03952353364388613,31.518954035123013,False
6699,新疆,光伏,2022,10.00078797340393,0.03596039038671896,33.40865316737204,False
6701,新疆,光伏,2022,11.080277189612389,0.04186690619450061,34.98422801368167,False
6704,新疆,光伏,2022,10.539761558175087,0.038835119300406125,34.24904502126511,False
6707,新疆,光伏,2022,9.926318898797035,0.04116962078625775,38.54139389403075,False
6720,新疆,光伏,2022,8.239170759916306,0.033255206986543794,37.71333013195269,False
6723,新疆,光伏,2022,10.116820335388184,0.03839569685712041,35.26487295589481,False
6728,新疆,光伏,2022,9.186964631080627,0.039470706296503295,39.96376118242375,False
6731,新疆,光伏,2022,10.49072541296482,0.04193498193386718,37.05431080052113,False
6733,新疆,光伏,2022,10.552409067749977,0.038872131411794505,34.23787323924633,False
6736,新疆,光伏,2022,9.186964631080627,0.039470706296503295,39.96376118242375,False
6738,新疆,光伏,2022,10.489944890141487,0.042498200277944,37.54529202098281,False
6739,新疆,光伏,2022,8.52896735072136,0.43103779243587464,470.85598895891843,False
6740,新疆,光伏,2022,9.336795285344124,0.045411725287438066,45.20898679425124,False
6741,新疆,光伏,2022,8.867621719837189,0.040471853827910166,42.49606861490758,False
6745,新疆,光伏,2022,8.374575152993202,0.09877047684391412,109.97526371271653,False
6747,新疆,光伏,2022,7.942872941493988,0.4376589591709968,514.6232470178627,False
6750,新疆,光伏,2022,10.568897724151611,0.03895381911397253,34.26446377337679,False
6753,新疆,光伏,2022,8.770505413413048,0.045151395842823606,47.9420115274002,False
6755,新疆,光伏,2022,7.956491410732269,0.04317249074158936,50.68499235476542,False
6757,新疆,光伏,2022,10.579696968197823,0.03898639620350272,34.255395661435536,False
6760,新疆,光伏,2022,8.68144042789936,0.06074938983859587,65.19575689076333,False
6764,新疆,光伏,2022,10.328607559204102,0.04260159696651919,38.26291236240697,False
6766,新疆,光伏,2022,8.995277658104897,0.3147530236681818,325.72979400024576,False
6768,新疆,光伏,2022,9.109819382429123,0.04041385622716413,41.351147584724046,False
6774,新疆,光伏,2022,8.555637001991272,0.0577822646109493,62.90404743385384,False
6777,新疆,光伏,2022,7.491525113582611,0.04109854150325308,51.27787288832909,False
678,甘肃,光伏,2022,12.100147157907486,0.13260250578052837,100.96092750925082,False
6782,新疆,光伏,2022,8.555637001991272,0.0577822646109493,62.90404743385384,False
6784,新疆,光伏,2022,10.529454946517944,0.03982908109459122,35.072875208632404,False
6785,新疆,光伏,2022,8.683586418628693,0.03799951212376918,40.81381134060153,False
6790,新疆,光伏,2022,8.320547193288803,0.25879431272670583,290.1105689863632,False
6792,新疆,光伏,2022,7.644655779004097,0.044229337047644264,54.02432300887421,False
6793,新疆,光伏,2022,7.741195186972618,0.0426517366240997,51.48474165224571,False
6794,新疆,光伏,2022,10.94290405511856,0.03739606792905028,31.699414462076042,False
6799,新疆,光伏,2022,7.547046393156052,0.1627751347110994,201.81052919179203,False
6801,新疆,光伏,2022,10.102049633860588,0.03778577115024042,34.7610177785476,False
6802,新疆,光伏,2022,7.629683464765549,0.04287626385418949,52.52719932039419,False
6804,新疆,光伏,2022,8.959752693772316,0.09152123637525009,94.96191141541722,False
6805,新疆,光伏,2022,11.52978591620922,0.04163031110318583,33.4615895123637,False
6806,新疆,光伏,2022,7.826286256313324,0.030100314418376677,35.86025054440808,False
6809,新疆,光伏,2022,10.247074216604233,0.03515261554628066,31.881826412432392,False
6811,新疆,光伏,2022,9.972146451473236,0.03638425797579837,33.95937378404707,False
6813,新疆,光伏,2022,8.902276530861855,0.03947081616635048,41.37418787721355,False
6814,新疆,光伏,2022,10.73165237903595,0.042187873601504874,36.459165119950654,False
6815,新疆,光伏,2022,10.10164126753807,0.041822501575073806,38.4606545911681,False
6816,新疆,光伏,2022,10.73165237903595,0.042187873601504874,36.459165119950654,False
6819,新疆,光伏,2022,7.5295814126729965,0.16120515150499767,200.28564614766154,False
6820,新疆,光伏,2022,10.139658227562904,0.03807105140840724,34.89075187394763,False
6823,新疆,光伏,2022,10.297285169363022,0.034836881487471105,31.412564166562866,False
6824,新疆,光伏,2022,7.466412708163261,0.4866571822453231,608.798680650807,False
6825,新疆,光伏,2022,10.73165237903595,0.042187873601504874,36.459165119950654,False
6830,新疆,光伏,2022,10.44376015663147,0.03766936854876279,33.52633338252352,False
6831,新疆,光伏,2022,7.3614272475242615,0.05319221475861351,67.57331623182054,False
6832,新疆,光伏,2022,9.817171096801758,0.035375433540064505,33.51542915205309,False
6834,新疆,光伏,2022,10.31319446861744,0.03702119140316702,33.39556510933217,False
6838,新疆,光伏,2022,8.785477504134178,0.03889650624257496,41.31117049534791,False
6839,新疆,光伏,2022,8.941042721271515,0.11347807372898029,117.95306085560047,False
684,甘肃,光伏,2022,10.981687232851982,0.03738126096206089,31.354473889162385,False
6842,新疆,光伏,2022,10.011938139796257,0.03978745640156662,36.9387867360948,False
6845,新疆,光伏,2022,8.372553214430809,0.029422505829298423,32.70819210927052,False
6846,新疆,光伏,2022,10.17480880022049,0.03742155353880252,34.23450500274356,False
6848,新疆,光伏,2022,10.31319446861744,0.03702119140316702,33.39556510933217,False
6849,新疆,光伏,2022,9.990378096699715,0.035224864228170505,32.827416792691174,False
685,甘肃,光伏,2022,10.151597633957863,0.10910119883516879,99.22802770517393,False
6852,新疆,光伏,2022,8.372553214430809,0.029422505829298423,32.70819210927052,False
6853,新疆,光伏,2022,9.967502430081367,0.036371040537235895,33.96548906782259,False
6854,新疆,光伏,2022,8.297431915998459,0.13781302511050367,154.72106729360408,False
6859,新疆,光伏,2022,10.878895595669746,0.04252255182373151,36.23283445544081,False
6860,新疆,光伏,2022,7.7522968500852585,0.03449770687961614,41.5794331967427,False
6866,新疆,光伏,2022,8.409672752022743,0.03478610667276805,38.61894856614286,False
6867,新疆,光伏,2022,8.297431915998459,0.09187534980071496,103.14737788929364,False
6871,新疆,光伏,2022,10.416387543082237,0.034229267980057064,30.526645899168674,False
6874,新疆,光伏,2022,10.573188588023186,0.038928523882036985,34.21650519172715,False
6881,新疆,光伏,2022,8.656077235937119,0.036730021360323876,39.59335787663327,False
6883,新疆,光伏,2022,8.324197009205818,0.0310829809211603,34.815956241717906,False
6885,新疆,光伏,2022,8.297431915998459,0.09187534980071496,103.14737788929364,False
6886,新疆,光伏,2022,9.77509394288063,0.033593184954264776,32.006140053674955,False
6888,新疆,光伏,2022,10.579717978835106,0.038950736440395525,34.214899932419044,False
6895,新疆,光伏,2022,7.897749021649361,0.05311286423809773,62.81889207693099,False
6898,新疆,光伏,2022,8.131186589598656,0.23019994675132283,264.08540859912387,False
6900,新疆,光伏,2022,11.473534405231476,0.0406963454627794,32.8767964297823,False
6903,新疆,光伏,2022,10.360526964068413,0.041640426752235345,37.35837137578409,False
6907,新疆,光伏,2022,7.799560725688934,0.07925721988851861,94.88674071544702,False
6908,新疆,光伏,2022,11.607181504368782,0.04197649432632759,33.47203851167349,False
6911,新疆,光伏,2022,9.84941840171814,0.037494520060282956,35.39282447399946,False
6912,新疆,光伏,2022,8.396783173084259,0.034736149648287765,38.62549323241415,False
6913,新疆,光伏,2022,7.958316430449486,0.11023003671369713,129.2220226518765,False
6916,新疆,光伏,2022,9.100571796298027,0.5749329603958299,587.3629343436352,False
6918,新疆,光伏,2022,7.559799626469612,0.16164883099906613,199.66370334940638,False
6927,新疆,光伏,2022,9.60654504597187,0.03308743651882835,32.109128448600295,False
6928,新疆,光伏,2022,8.896366283297539,0.09258212481339445,96.82334559352385,False
6934,新疆,光伏,2022,9.732004255056381,0.04092690418874748,39.195913214387105,False
6938,新疆,光伏,2022,9.106264784932137,0.04483451599726105,45.79326247803725,False
6939,新疆,光伏,2022,10.056103840470314,0.03814121414621631,35.25769277120829,False
6945,新疆,光伏,2022,10.056103840470314,0.03814121414621631,35.25769277120829,False
6947,新疆,光伏,2022,9.790146723389626,0.03861426106500403,36.70218740062022,False
6953,新疆,光伏,2022,9.784056544303894,0.0387186714674712,36.82720455690318,False
6954,新疆,光伏,2022,9.771514758467674,0.03358860137305467,32.015951203362334,False
6959,新疆,光伏,2022,7.664817050099373,0.04557684609958973,55.607280922278306,False
6961,新疆,光伏,2022,9.774222671985626,0.03360061777699988,32.01853190959746,False
6963,新疆,光伏,2022,8.323113843798637,0.09849875300254261,110.14878124855723,False
6968,新疆,光伏,2022,9.774222671985626,0.03360061777699988,32.01853190959746,False
6969,新疆,光伏,2022,10.345505475997925,0.03364221913021281,30.24560625981135,False
697,甘肃,光伏,2022,11.9193946570158,0.2919572702924395,225.65523018879924,False
6973,新疆,光伏,2022,9.774222671985626,0.03360061777699988,32.01853190959746,False
6975,新疆,光伏,2022,10.116960927844048,0.038548526355519266,35.4643909996061,False
6977,新疆,光伏,2022,10.589701160788536,0.038969379109905035,34.199005228830444,False
6981,新疆,光伏,2022,8.714424446225166,0.08609546680419322,91.96947836327536,False
699,甘肃,光伏,2022,11.097348108887672,0.0681720705820419,56.599082714442716,False
6990,新疆,光伏,2022,9.799731820821762,0.0333810283806889,31.684657917681488,False
6995,新疆,光伏,2022,9.747762680053711,0.03345088993593256,31.92775084467922,False
6996,新疆,光伏,2022,9.750049039721489,0.03345831057023244,31.927344960270236,False
6997,新疆,光伏,2022,9.79549951851368,0.033370060194228224,31.690419174610685,False
6998,新疆,光伏,2022,8.466081619262695,0.04618899702422481,50.83060531998764,False
6999,新疆,光伏,2022,8.33749607205391,0.045490952262788306,50.884458207819236,False
7000,新疆,光伏,2022,9.752277284860611,0.03346370571374161,31.922699093307934,False
7001,新疆,光伏,2022,10.257273986935616,0.03883385494445273,35.16183291466963,False
710,甘肃,光伏,2022,13.026487603783607,0.07566794036611468,53.578627177907734,False
7114,新疆,光伏,2022,10.506000369787216,0.04133687998237348,36.57833001130209,False
7127,新疆,光伏,2022,10.003075003623962,0.03715410002759819,34.58139647342591,False
7145,新疆,光伏,2022,10.003075003623962,0.03715410002759819,34.58139647342591,False
717,甘肃,光伏,2022,12.377963438630104,0.05654567970330726,42.11138962970993,False
720,甘肃,光伏,2022,11.793522387742996,0.05362942849268672,41.887670755169495,False
723,甘肃,光伏,2022,11.535938456654549,0.050771013296846135,40.55001244607318,False
724,甘肃,光伏,2022,11.04243591427803,0.10655341004320654,88.88023031476536,False
7274,新疆,光伏,2022,9.808884635567665,0.037549376562832394,35.59951469234934,False
7284,新疆,光伏,2022,9.811130538582802,0.03755689325361259,35.59849020590879,False
7294,新疆,光伏,2022,9.636751413345337,0.03535323292427977,34.137514599427575,False
731,甘肃,光伏,2022,10.716637820005417,0.0613846144523196,52.76059107712171,False
7325,新疆,光伏,2022,8.290776461362839,0.038272912243707394,43.08071415880278,False
7332,新疆,光伏,2022,7.928859293460846,0.10915057054337511,128.49730125744898,False
734,甘肃,光伏,2022,12.079197987914085,0.05170035117395298,39.440575151341456,False
7341,新疆,光伏,2022,9.51935090124607,0.03661041112166258,35.81791734715223,False
7346,新疆,光伏,2022,9.51935090124607,0.03661041112166258,35.81791734715223,False
736,甘肃,光伏,2022,12.079197987914085,0.05170035117395298,39.440575151341456,False
7361,新疆,光伏,2022,10.222170352935791,0.035607244774317155,32.41623086313083,False
739,甘肃,光伏,2022,11.524461284279823,0.06823167061741671,54.56635760238164,False
742,甘肃,光伏,2022,12.054900750517845,0.04144534795752923,31.681081392634912,False
745,甘肃,光伏,2022,12.995886728167534,0.04588920242729368,32.54932311598947,False
747,甘肃,光伏,2022,11.530118063092232,0.04920133027148917,39.32103675654668,False
750,甘肃,光伏,2022,10.555535182356834,0.06011923023507574,52.46956835805778,False
754,甘肃,光伏,2022,10.582964345812798,0.2109046390309512,183.59931323367744,False
761,甘肃,光伏,2022,12.522234544157982,0.0741104654747611,54.57538133625673,False
764,甘肃,光伏,2022,12.321514785289764,0.06741421445814377,50.41055060212253,False
766,甘肃,光伏,2022,10.929735079407692,0.13405094630991565,113.00102061291555,False
769,甘肃,光伏,2022,12.31029711663723,0.06964004135292837,52.12241748959469,False
770,甘肃,光伏,2022,11.191431730985641,0.050422921370407194,41.50769673170887,False
772,甘肃,光伏,2022,12.375955358147621,0.05388280155332093,40.114880166224914,False
778,甘肃,光伏,2022,12.315895110368729,0.04436522328991689,33.197576729923874,False
781,甘肃,光伏,2022,12.33304649591446,0.06714973874077683,50.16514242250402,False
782,甘肃,光伏,2022,11.121001616120338,0.050117012179826836,41.514297534381576,False
784,甘肃,光伏,2022,12.350322604179382,0.13512862496658706,100.81127214324955,False
789,甘肃,光伏,2022,12.357942536473274,0.06725580694482748,50.1431609109187,False
797,甘肃,光伏,2022,11.439846977591515,0.04753705669634723,38.29444567629676,False
798,甘肃,光伏,2022,11.26977525651455,0.040643881305879766,33.22646331935493,False
7987,青海,光伏,2022,9.998114705085754,0.033820395438376415,31.677708920905946,False
799,甘肃,光伏,2022,12.657131776213646,0.057095250225840805,41.58684024829897,False
802,甘肃,光伏,2022,12.539712488651276,0.05509006799859262,40.499255574106755,False
803,甘肃,光伏,2022,11.26977525651455,0.040643881305879766,33.22646331935493,False
809,甘肃,光伏,2022,11.424886733293533,0.04746752427013807,38.28797638182946,False
810,甘肃,光伏,2022,11.143739148974419,0.10042505440758867,83.01938366672375,False
814,甘肃,光伏,2022,11.429402232170105,0.06838078869427676,55.135119979638056,False
816,甘肃,光伏,2022,11.1947350949049,0.05997126940739606,49.35460102996278,False
817,甘肃,光伏,2022,12.728426903486252,0.05656594441704424,40.97165720763331,False
821,甘肃,光伏,2022,12.317242920398712,0.04437124633495376,33.19845052316909,False
8216,青海,光伏,2022,8.138912245631218,0.029992807836096518,34.62666586699914,False
8217,青海,光伏,2022,10.053314790129662,0.03436232883028404,32.00419041216326,False
824,甘肃,光伏,2022,12.705166786909103,0.05752792126486616,41.74529361487972,False
827,甘肃,光伏,2022,11.041440144181252,0.08767667780562814,73.14806610094158,False
8273,青海,光伏,2022,9.880759790539742,0.032724681389223416,31.030288680903983,False
8281,青海,光伏,2022,10.064786151051521,0.034031383517411216,31.644518489246057,False
8290,青海,光伏,2022,9.936530515551567,0.034161745543376955,32.20455579047643,False
8305,青海,光伏,2022,10.110217854380608,0.03453550551874102,31.973411388609545,False
8309,青海,光伏,2022,9.992436915636063,0.03434185315679285,32.18219779225603,False
8314,青海,光伏,2022,6.6880930960178375,0.024568300925953603,34.58460630068505,False
8317,青海,光伏,2022,10.105661451816559,0.03545935727223595,32.85033696671853,False
832,甘肃,光伏,2022,11.197125166654587,0.04415415062382973,36.330318020773355,False
8326,青海,光伏,2022,6.692135855555534,0.024248817383630394,34.1142507193176,False
8372,青海,光伏,2022,11.181527003645897,0.03793449949241191,31.608394874034524,False
8380,青海,光伏,2022,7.905580177903175,0.029494940703733,34.93632087591729,False
8398,青海,光伏,2022,11.451764926314354,0.03763393619806981,30.58498510652736,False
8399,青海,光伏,2022,11.511134281754494,0.03775251124229987,30.513591091454824,False
843,甘肃,光伏,2022,11.215965449810028,0.08845454595782161,72.66071021821675,False
8466,青海,光伏,2022,11.181527003645897,0.03793449949241191,31.608394874034524,False
847,甘肃,光伏,2022,12.35667608678341,0.04517070137743756,33.69756548701973,False
848,甘肃,光伏,2022,11.215965449810028,0.04422727294717139,36.33035508303612,False
850,甘肃,光伏,2022,10.486678630113602,0.19144357727615108,168.1672251075215,False
851,甘肃,光伏,2022,11.075542643666267,0.1756829917017355,146.1238581534706,False
854,甘肃,光伏,2022,10.972447246313095,0.06259744119691452,52.564570356588916,False
856,甘肃,光伏,2022,11.167035922408104,0.04381472391592758,36.1461857031474,False
859,甘肃,光伏,2022,11.012235805392265,0.06311850347132193,52.796820448567615,False
8608,西藏,光伏,2022,7.9374877363443375,0.029702411360653845,35.67400824766314,False
867,甘肃,光伏,2022,11.68542668223381,0.05069539267290386,39.96834535072022,False
870,甘肃,光伏,2022,12.066301256418228,0.04132854826083531,31.56238474650131,False
8714,青海,光伏,2022,11.181527003645897,0.03793449949241191,31.608394874034524,False
875,甘肃,光伏,2022,10.5326496809721,0.12263455092100549,107.24079134474754,False
876,甘肃,光伏,2022,11.012235805392265,0.04508464530816312,37.71201458228415,False
880,甘肃,光伏,2022,11.21385432779789,0.04423733377387075,36.344960747260544,False
882,甘肃,光伏,2022,11.685166284441948,0.05069347165211633,39.96772145405475,False
883,甘肃,光伏,2022,11.231557354331017,0.04431040831758639,36.34811694065881,False
886,甘肃,光伏,2022,11.033736392855644,0.14342177760652816,119.75254441540974,False
888,甘肃,光伏,2022,11.215965449810028,0.08845454595782161,72.66071021821675,False
894,甘肃,光伏,2022,11.215965449810028,0.04422727294717139,36.33035508303612,False
895,甘肃,光伏,2022,10.854374393820763,0.13278723053921526,112.69740393694966,False
897,甘肃,光伏,2022,11.215965449810028,0.04422727294717139,36.33035508303612,False
906,甘肃,光伏,2022,12.386600598692894,0.1061020701980683,78.92448617233995,False
908,甘肃,光伏,2022,11.232537925243378,0.08862988304108115,72.69732427463107,False
912,甘肃,光伏,2022,11.169697567820549,0.08855064683374919,73.0359368609856,False
918,甘肃,光伏,2022,11.169697567820549,0.08855064683374919,73.0359368609856,False
922,甘肃,光伏,2022,11.002466306090355,0.045046848255417195,37.713337954851944,False
927,甘肃,光伏,2022,11.89503125846386,0.044223074325619685,34.254482310981295,False
931,甘肃,光伏,2022,11.186730489134789,0.05055067747182614,41.63035228338735,False
933,甘肃,光伏,2022,11.19558334350586,0.0404641377747297,33.29782114359791,False
935,甘肃,光伏,2022,11.17993175983429,0.04992374449263814,41.13961773222923,False
943,甘肃,光伏,2022,11.189237236976624,0.0499673878124166,41.1413384901315,False
948,甘肃,光伏,2022,12.238810881972313,0.04373285405204127,32.928230848528806,False
9537,青海,光伏,2022,7.905580177903175,0.030844382505300343,36.53471472442452,False
954,甘肃,光伏,2022,11.19127370417118,0.059970608706224206,49.368643286626586,False
957,甘肃,光伏,2022,11.201790198683739,0.05046788602577102,41.506294199307206,False
9579,青海,光伏,2022,9.998114705085754,0.033820395438376415,31.677708920905946,False
959,甘肃,光伏,2022,11.407434716820717,0.06954400162588753,56.17944746694019,False
961,甘肃,光伏,2022,11.8985565751791,0.05529090840059158,42.81475966502824,False
963,甘肃,光伏,2022,11.876798495650291,0.11042500556232278,85.66120618769813,False
969,甘肃,光伏,2022,12.58862592279911,0.05576566149802756,40.83718777106388,False
970,甘肃,光伏,2022,12.587865069508553,0.0557520306768293,40.830799328993194,False
971,甘肃,光伏,2022,11.499749198555946,0.04801877634807033,38.47835910919033,False
990,甘肃,光伏,2022,12.823800668120384,0.042788871151778034,30.753715269750714,False
991,甘肃,光伏,2022,12.874976992607117,0.04337128536905118,31.049692094642587,False
992,甘肃,光伏,2022,10.61158150434494,0.05950641868178593,51.6618531197667,False
W107,甘肃,风电,2022,13.09420645236969,0.04747415622899514,33.416088122364314,False
W109,甘肃,风电,2022,13.096389099955559,0.04772256057449388,33.59181572782934,False
W110,甘肃,风电,2022,13.108807280659676,0.04766615123403158,33.52171106453523,False
W113,甘肃,风电,2022,9.650603234767914,0.04735085651585364,45.34211611089922,False
W1130,河北,风电,2022,9.932872653007507,0.10345876030592836,96.41232934614898,False
W1134,河北,风电,2022,8.751183450222015,0.06273500544023183,66.67645872037849,False
W114,甘肃,风电,2022,12.530888020992279,0.11908708846826889,87.60807534446042,False
W115,甘肃,风电,2022,10.575399622321129,0.05048014232140934,43.969381984381165,False
W116,甘肃,风电,2022,11.672418192029,0.11270231084278298,88.96108543128138,False
W117,甘肃,风电,2022,11.305194944143295,0.110040257573706,89.65412597945377,False
W119,甘肃,风电,2022,11.73302248120308,0.05740454447754991,45.07736168758233,False
W123,甘肃,风电,2022,11.944877430796623,0.11384775566600533,87.82993813603876,False
W127,甘肃,风电,2022,11.335677579045296,0.1099058302426905,89.31608373783978,False
W128,甘肃,风电,2022,11.512771770358086,0.11200360737942679,89.62813673978991,False
W1280,河北,风电,2022,7.515111565589905,0.04086578693524144,50.926918750131925,False
W1284,河北,风电,2022,8.103237971663475,0.04335132446958079,50.01259044281949,False
W1287,河北,风电,2022,11.003434360027313,0.07494863743854362,62.73650045835323,False
W129,甘肃,风电,2022,10.435401946306229,0.0511034919487552,45.107636143572336,False
W131,甘肃,风电,2022,11.168569922447205,0.10939787062319652,90.22356318241988,False
W132,甘肃,风电,2022,11.20022937655449,0.11042559987008976,90.80874107072057,False
W133,甘肃,风电,2022,11.268688961863518,0.11124291430841676,90.94259302768965,False
W134,甘肃,风电,2022,11.755257099866867,0.11597408677190327,90.92356627992737,False
W136,甘肃,风电,2022,7.7077677100896835,0.04775307540282229,57.90494124206716,False
W1360,河北,风电,2022,7.833020836114883,0.04219945850971317,50.38454907307509,False
W1362,河北,风电,2022,7.833020836114883,0.04219945850971317,50.38454907307509,False
W1374,河北,风电,2022,6.853938326239586,0.048936899801709566,66.92851315005744,False
W1376,河北,风电,2022,7.974637895822525,0.17324630040961445,203.1044207765982,False
W138,甘肃,风电,2022,9.075329750776291,0.10405289382871288,106.36179770182005,False
W1389,河北,风电,2022,7.105701416730881,0.05034180342683716,66.28174669838332,False
W139,甘肃,风电,2022,9.228631183505058,0.10579533141956939,106.38165289657228,False
W140,甘肃,风电,2022,9.216374829411507,0.05184201000200238,52.202943892722196,False
W141,甘肃,风电,2022,10.743452310562134,0.11230437114201343,96.31608345096976,False
W1483,海南,风电,2022,12.499616369605064,0.04107373100846407,30.280794887645968,False
W1502,河北,风电,2022,11.000813394784927,0.05233673600680029,44.0788110806489,False
W1509,河北,风电,2022,8.69442343711853,0.05914170746206893,63.272729961478205,False
W1520,河北,风电,2022,9.478817358613014,0.03280837721388951,32.11149250908766,False
W1529,河北,风电,2022,7.57757306098938,0.04119485186943676,50.90684723009879,False
W1533,河北,风电,2022,9.41802129149437,0.03258497084517615,32.11195027012679,False
W1693,河北,风电,2022,11.094745695590973,0.03751453339603375,31.364624217113068,False
W1887,河北,风电,2022,10.89147001504898,0.05098135957924775,43.43726110655101,False
W1892,河北,风电,2022,9.464289844036102,0.044818340389456174,44.2217649714825,False
W1941,河北,风电,2022,11.105107963085175,0.03633647072969246,30.13691521020484,False
W2003,河南,风电,2022,12.91713796555996,0.05563916996530161,39.73519466993884,False
W2208,黑龙江,风电,2022,6.521284952759743,0.044467665047055537,64.1248027726394,False
W2214,黑龙江,风电,2022,6.069370284676552,0.04142235586237261,64.23475272427939,False
W2237,黑龙江,风电,2022,7.598127946257591,0.03840839974176795,47.16039089713113,False
W2263,河北,风电,2022,8.510663956403732,0.05485044046519241,60.10525523828122,False
W2266,河北,风电,2022,8.489507585763931,0.04555571081798757,50.05568868786869,False
W2269,黑龙江,风电,2022,6.415257006883621,0.05792781612775824,84.92098857923727,False
W2377,河北,风电,2022,11.1491060256958,0.03580994004700138,29.589110873450235,False
W2383,黑龙江,风电,2022,6.831780597567558,0.028583562371140323,39.313558899376964,False
W2404,黑龙江,风电,2022,10.208704769611359,0.03814439402746189,34.73355213860558,False
W2420,黑龙江,风电,2022,6.809717193245888,0.028088688361636163,38.78493496326346,False
W2429,黑龙江,风电,2022,8.957679122686386,0.03500089033559888,36.48815667415098,False
W2431,河北,风电,2022,11.827571913599968,0.036358829601640504,28.33451372046167,False
W2435,黑龙江,风电,2022,8.64231325685978,0.033883366868720365,36.672236704166096,False
W2451,黑龙江,风电,2022,9.42961111664772,0.03257053387813416,32.236640383770784,False
W2456,黑龙江,风电,2022,6.85475081205368,0.02821238848212727,38.677920488848414,False
W2515,河北,风电,2022,12.56405957043171,0.07566428472018442,55.54180164959967,False
W2524,黑龙江,风电,2022,6.8667080998420715,0.044540220362470045,60.9755325664541,False
W2525,河北,风电,2022,13.155431225895882,0.059097626374993634,41.428002247214124,False
W2534,黑龙江,风电,2022,9.40153107047081,0.03661786282000538,36.301836001421556,False
W2553,黑龙江,风电,2022,8.2719037681818,0.07238167986866277,81.74258005454267,False
W2557,河北,风电,2022,11.429378092288971,0.2715140038212355,218.83967439704904,False
W2577,黑龙江,风电,2022,5.937051773071289,0.026238745941550505,41.63834257736747,False
W2590,黑龙江,风电,2022,6.872776821255684,0.027687636445080512,37.882745781380166,False
W2599,黑龙江,风电,2022,9.42961111664772,0.03257053387813416,32.236640383770784,False
W2605,黑龙江,风电,2022,8.666350543498993,0.030000496805587494,32.39330305234645,False
W2610,黑龙江,风电,2022,6.620239242911339,0.030798039288708036,43.715638670577874,False
W2622,黑龙江,风电,2022,7.045963481068611,0.03289491503155579,43.79736270649634,False
W2635,黑龙江,风电,2022,6.478524059057236,0.03184022259709224,46.13329182331893,False
W2670,黑龙江,风电,2022,9.279097393155098,0.03235516432204907,32.33608018537771,False
W2708,黑龙江,风电,2022,6.442928239703178,0.043502283087881226,63.52318257406758,False
W2761,黑龙江,风电,2022,11.534680724143982,0.04250352545818057,34.10238038913989,False
W2781,黑龙江,风电,2022,6.360456570982933,0.04303173190455502,63.6842421551989,False
W2790,黑龙江,风电,2022,6.299711689352989,0.042655620196934814,63.75169420019137,False
W2800,黑龙江,风电,2022,6.300071552395821,0.03093898789123483,46.164958290782664,False
W2812,黑龙江,风电,2022,6.273463144898415,0.0418799226041234,62.77494293851906,False
W2813,黑龙江,风电,2022,7.093633934855461,0.028745322619642306,38.09822501752128,False
W2822,黑龙江,风电,2022,6.735019236803055,0.028440275562290628,39.67342669662166,False
W2857,黑龙江,风电,2022,7.655788958072662,0.049981511548966226,61.21387336625414,False
W2866,黑龙江,风电,2022,6.291848570108414,0.0421669158721626,63.028289448516446,False
W2868,黑龙江,风电,2022,10.417325645685196,0.042039874618517485,37.49807544716221,False
W2869,黑龙江,风电,2022,6.421366184949875,0.060456117635553,88.40878622492235,False
W2877,黑龙江,风电,2022,10.517014861106873,0.04099947861945916,36.23024546309794,False
W2907,黑龙江,风电,2022,10.023989751935005,0.041549468207894145,38.514890059285406,False
W2914,黑龙江,风电,2022,8.06714840233326,0.028705705929767872,33.511083234887124,False
W2919,黑龙江,风电,2022,8.900254592299461,0.06732523855752187,70.20188340551498,False
W2924,黑龙江,风电,2022,6.781979128718376,0.028404555967599186,39.383958290935354,False
W2966,黑龙江,风电,2022,9.075820595026016,0.08766208467473992,89.94884350113905,False
W2967,黑龙江,风电,2022,11.18870124220848,0.040092203769322494,33.2216260930584,False
W2975,黑龙江,风电,2022,11.614887937903404,0.040769486768108744,32.501952846456625,False
W3141,内蒙古,风电,2022,7.868662923574448,0.17302371570342354,205.0845553537059,False
W3191,内蒙古,风电,2022,8.47525767982006,0.26896823549167526,296.206805128177,False
W3240,内蒙古,风电,2022,11.650032475590706,0.036632873480416876,28.97236111592365,False
W3274,内蒙古,风电,2022,12.683216482400894,0.04643149814349869,33.77523029582999,False
W3282,内蒙古,风电,2022,12.922765016555786,0.039400486035974326,28.131389578027374,False
W3802,内蒙古,风电,2022,8.335914686322212,0.028379856873589984,31.785617810285803,False
W4050,内蒙古,风电,2022,6.002924367785454,0.03318873872490872,52.1078087962145,False
W4054,内蒙古,风电,2022,6.961337774991989,0.03856117720655205,52.01304158000558,False
W4101,内蒙古,风电,2022,7.59228877723217,0.05636050517396263,69.56977417370177,False
W4230,内蒙古,风电,2022,7.641801238059998,0.05882787506831119,72.12538663670499,False
W4268,内蒙古,风电,2022,6.651589125394821,0.07018823149603355,99.2076616945292,False
W4274,内蒙古,风电,2022,10.966721847653389,0.04012165760469009,34.08041880554593,False
W4313,内蒙古,风电,2022,7.428596243262291,0.0389949310517291,49.18488032913801,False
W4347,内蒙古,风电,2022,6.780729666352272,0.03925080455407268,54.36388733024255,False
W4386,内蒙古,风电,2022,7.3395296931266785,0.03227140529169663,41.14458487642319,False
W4452,河北,风电,2022,7.1020254492759705,0.05325148336531742,70.45460798991265,False
W4461,内蒙古,风电,2022,9.455996006727219,0.040689795550980366,40.05718024751359,False
W4475,内蒙古,风电,2022,7.759028971195221,0.033744516046766586,40.63342338197724,False
W4484,内蒙古,风电,2022,9.47584792971611,0.1208974167040435,118.11736513845555,False
W4505,内蒙古,风电,2022,6.926950514316559,0.029209601657602665,39.61509171052048,False
W4510,内蒙古,风电,2022,6.621943563222885,0.0334615470036077,47.516927140288075,False
W4517,内蒙古,风电,2022,6.886467710137367,0.03477845196210978,47.423799096209564,False
W4522,内蒙古,风电,2022,6.948963180184364,0.03577490596231718,48.34072554165508,False
W4534,内蒙古,风电,2022,6.861576810479164,0.0264235549635326,36.56775688779336,False
W4551,内蒙古,风电,2022,7.818197160959244,0.04348803585142452,52.10804889686739,False
W4603,内蒙古,风电,2022,8.244021534919739,0.1806655786604584,204.31565285153704,False
W4611,内蒙古,风电,2022,7.223156690597534,0.05055930393453472,65.53114623517301,False
W4721,内蒙古,风电,2022,11.092373728752136,0.05130325796817022,42.61070080674976,False
W4736,内蒙古,风电,2022,8.819418400526047,0.060424899638876414,63.7592576934547,False
W4753,内蒙古,风电,2022,8.597983941435814,0.0591240274935567,64.07220500375536,False
W4783,内蒙古,风电,2022,10.055326223373413,0.05054481662234824,46.71476325027405,False
W4791,内蒙古,风电,2022,8.5476753115654,0.029339775938665304,32.00659112450366,False
W4807,内蒙古,风电,2022,8.538619503378868,0.03209286910526649,34.966526831448974,False
W4808,内蒙古,风电,2022,7.223156467080116,0.025279650980534595,32.76557285257439,False
W4814,内蒙古,风电,2022,8.841644302010536,0.19761918654739988,207.8860951835062,False
W4815,内蒙古,风电,2022,7.447172328829765,0.025936262627333343,32.56905633749601,False
W4827,内蒙古,风电,2022,6.460446193814278,0.0347698170348915,50.64844202620906,False
W4832,内蒙古,风电,2022,7.540400326251984,0.026177792038936106,32.45674691314869,False
W4837,内蒙古,风电,2022,9.082827419042587,0.038485181193606395,39.40648254341197,False
W4852,内蒙古,风电,2022,7.354425340890884,0.05133236340519057,65.31843579146833,False
W4968,内蒙古,风电,2022,7.450790628790855,0.031526356149254725,39.61367479926076,False
W4991,内蒙古,风电,2022,8.817179426550865,0.03661908523211733,38.803008181673164,False
W5008,青海,风电,2022,12.509624809026718,0.051781128816253824,38.170363972551414,False
W5013,青海,风电,2022,12.792981639504433,0.05289031808021436,38.129702905682215,False
W5015,青海,风电,2022,12.954505831003189,0.053518748451368094,38.10588893157701,False
W5020,青海,风电,2022,12.280108630657196,0.051015661438746744,38.30631919094341,False
W503,甘肃,风电,2022,12.259474843740463,0.12131876050815397,91.25216643692043,False
W5035,青海,风电,2022,11.78422674536705,0.145513554919031,113.82711136328308,False
W5056,青海,风电,2022,12.645737528800964,0.03874500162833729,28.260413971109926,False
W5057,青海,风电,2022,12.631844133138657,0.03858524183738278,28.17406231222061,False
W5112,辽宁,风电,2022,5.156197249889374,0.02247423050615398,41.19154308955254,False
W5192,辽宁,风电,2022,6.444010958075523,0.04622176949659138,67.47873850948355,False
W5243,辽宁,风电,2022,10.843084529042244,0.046338496975962415,39.59805861663446,False
W5305,辽宁,风电,2022,5.241507589817047,0.021894000177609552,39.60542290268053,False
W5423,辽宁,风电,2022,9.89699900150299,0.03699206234052463,35.189657574041426,False
W5428,辽宁,风电,2022,6.3495804369449615,0.0439208247037102,65.10350228193185,False
W5449,吉林,风电,2022,5.707762688398361,0.025723456675713928,42.956966084457335,False
W5824,吉林,风电,2022,5.945631265640259,0.022569030058781747,35.956776447365286,False
W583,甘肃,风电,2022,12.451832592487335,0.061055627666323706,45.23092032318124,False
W5839,青海,风电,2022,11.155409663915634,0.08497738836732514,70.18140424631352,False
W584,甘肃,风电,2022,12.94923685491085,0.04780715919295087,34.06338557746515,False
W5851,青海,风电,2022,10.911179780960083,0.06640582190495266,56.07104399896652,False
W5856,青海,风电,2022,11.784226968884468,0.03637838951124659,28.45677791238158,False
W5888,青海,风电,2022,8.455660790205002,0.09895375103187028,108.91451524378584,False
W5940,青海,风电,2022,11.162526458501816,0.1117681497872251,92.27398453464498,False
W5967,辽宁,风电,2022,7.29451909661293,0.03664811446708747,47.08400579939952,False
W6002,山东,风电,2022,13.030631393194199,0.047830713608373224,33.85792963218159,False
W6010,陕西,风电,2022,12.285413593053818,0.04224794738147957,31.691262884179643,False
W6039,山东,风电,2022,11.68212041258812,0.04549890947308928,35.896891805908545,False
W6040,山东,风电,2022,12.506507188081741,0.04032848357905217,29.71867671349041,False
W6069,山东,风电,2022,12.320344895124435,0.037678072317333645,28.18314946714221,False
W6070,山东,风电,2022,12.48703770339489,0.03813688408782566,28.14941038505651,False
W6094,山东,风电,2022,12.273406907916069,0.05023045632470618,37.70822205652052,False
W6098,山东,风电,2022,12.851675301790237,0.052410025673938626,37.58600639270796,False
W6099,山东,风电,2022,12.779225036501884,0.05216488385052047,37.617632745595856,False
W6100,山东,风电,2022,12.419149428606033,0.050750251647473425,37.65496430085849,False
W6101,山东,风电,2022,12.804939597845078,0.0522763142731713,37.6222843390542,False
W6102,山东,风电,2022,12.296658083796501,0.0503045286097714,37.69034882560705,False
W6103,山东,风电,2022,12.435923740267754,0.050849533476584524,37.674627087283056,False
W6105,山东,风电,2022,12.65457384288311,0.03848515888076111,28.029626763715026,False
W6106,山东,风电,2022,12.923898473381996,0.05297656772246427,37.781550853636226,False
W6107,山东,风电,2022,12.949290052056313,0.05307094632387274,37.7746434614367,False
W6108,山东,风电,2022,11.733635142445564,0.036243586559497054,28.457113153865564,False
W6136,陕西,风电,2022,12.701446115970612,0.04403404818714297,31.963228621388964,False
W6162,山东,风电,2022,13.095288053154945,0.03959332627664293,27.882773736647437,False
W6164,陕西,风电,2022,12.568046227097511,0.03987049819111309,29.24295542616707,False
W6236,山东,风电,2022,7.793167233467102,0.030106921165882428,36.130346712567125,False
W6268,山西,风电,2022,7.496290504932404,0.06362266949140288,79.30201275780092,False
W6270,山西,风电,2022,7.874916270375252,0.053360568858923714,63.22615669647166,False
W6271,山西,风电,2022,7.6974056661129,0.06527446306693158,79.20090164572959,False
W6338,山东,风电,2022,12.96069122850895,0.06738576025923204,47.94452719452515,False
W6340,陕西,风电,2022,11.682101637125015,0.053500075996930754,42.20201811089246,False
W6345,山东,风电,2022,12.960691452026367,0.05294595554463219,37.67070003968753,False
W6352,山东,风电,2022,7.566525042057037,0.03497730097322927,43.25061573267976,False
W6360,山东,风电,2022,8.330989256501198,0.038218389625265275,42.82390140396337,False
W6363,陕西,风电,2022,12.186456620693207,0.04234584442193871,32.02307584258732,False
W6384,山东,风电,2022,6.039641350507736,0.0367679067514559,57.33897147088021,False
W6386,山东,风电,2022,6.222900375723839,0.03707631377962301,56.073319331762235,False
W6394,山东,风电,2022,12.6732786744833,0.051250796596389384,37.25307192126796,False
W6408,陕西,风电,2022,13.104343637824059,0.04525409765926425,31.842397173670175,False
W6420,陕西,风电,2022,12.731693610548973,0.04419535368540075,32.000130258322265,False
W6422,陕西,风电,2022,12.186456620693207,0.04234584442193871,32.02307584258732,False
W6427,山东,风电,2022,12.420347929000854,0.04795199783830139,35.56602588849682,False
W6431,陕西,风电,2022,12.337436601519585,0.04262427501467049,31.842679688810005,False
W6435,山东,风电,2022,9.952155724167824,0.041066965693318525,38.29873823557129,False
W6450,山西,风电,2022,8.468972146511078,0.07479974391732842,81.9811659217575,False
W6453,山东,风电,2022,12.04613372683525,0.048945003536815544,37.42410780674363,False
W6465,陕西,风电,2022,10.932937636971474,0.05180886075399678,43.65275494390995,False
W6469,山东,风电,2022,12.27817878127098,0.04963019294713492,37.233393518061405,False
W6490,陕西,风电,2022,13.017729744315147,0.059000986892716635,41.79430462483686,False
W6522,陕西,风电,2022,12.894028946757317,0.04270461244707391,30.532714346423294,False
W6524,陕西,风电,2022,12.186456620693207,0.04234584442193871,32.02307584258732,False
W6551,陕西,风电,2022,12.15050719678402,0.042546687298582485,32.273709187253885,False
W6556,陕西,风电,2022,12.53364086151123,0.0567309554109529,41.7343820893812,False
W6571,山东,风电,2022,10.78468233346939,0.03727163586890154,32.060110683482506,False
W6577,陕西,风电,2022,12.699624449014664,0.043963917927086024,31.914260139980207,False
W6602,陕西,风电,2022,12.04879604279995,0.055083827952525144,42.13471430248535,False
W6605,陕西,风电,2022,12.459490299224854,0.044181541467041514,32.687668289033475,False
W6607,陕西,风电,2022,11.584965214133263,0.053484388466303094,42.545147712436126,False
W6624,陕西,风电,2022,12.546050101518631,0.056742665790083406,41.69825833987475,False
W6632,陕西,风电,2022,12.042255029082298,0.04191170552898342,32.072093894579275,False
W6639,山东,风电,2022,12.873110845685005,0.05199821389058918,37.252201592787756,False
W6651,陕西,风电,2022,12.214171439409256,0.04361397170665961,32.91040155732608,False
W6691,陕西,风电,2022,12.474433556199074,0.04293766617683977,31.724525710440073,False
W6693,陕西,风电,2022,12.16188870370388,0.042301095710360774,32.055180332631245,False
W6706,陕西,风电,2022,11.928119659423828,0.041617256034395554,32.14884654059627,False
W6714,陕西,风电,2022,11.664370447397232,0.041618993572112364,32.8739876213325,False
W6720,山东,风电,2022,11.022070348262787,0.04353937544028807,36.388445414847375,False
W6723,山西,风电,2022,7.232702001929283,0.1326724569160243,170.9678233724387,False
W6740,山东,风电,2022,12.706444635987282,0.038452461346114714,27.893022629835812,False
W6754,陕西,风电,2022,12.021845877170563,0.04181864611318825,32.05520904248448,False
W6755,山东,风电,2022,12.857592925429344,0.0507401282602921,36.37118601759154,False
W6783,陕西,风电,2022,13.007548525929451,0.04439144492183567,31.461332337529416,False
W6792,陕西,风电,2022,12.861919105052948,0.0435661875755024,31.227342627019603,False
W6793,山东,风电,2022,12.580024302005768,0.03796587986790148,27.817202710705743,False
W6809,陕西,风电,2022,12.984156310558319,0.0445603130964532,31.641399599531173,False
W6819,陕西,风电,2022,11.800463497638702,0.04131203339589113,32.257410076837814,False
W6839,山东,风电,2022,12.74949699640274,0.03835494103812741,27.729860507288947,False
W6846,山东,风电,2022,12.74949699640274,0.03835494103812741,27.729860507288947,False
W6866,山西,风电,2022,10.223800241947174,0.039695033709590107,35.948094133948025,False
W6906,山西,风电,2022,9.55740787088871,0.04861042561790213,47.05891745366879,False
W6914,山西,风电,2022,11.770731210708618,0.0469907271269445,36.78769237653103,False
W6915,山西,风电,2022,8.236830979585648,0.043367106251369913,49.04220019312362,False
W693,甘肃,风电,2022,7.705742195248604,0.21721023673444678,263.15274533875817,False
W6930,山西,风电,2022,13.099988624453545,0.04204873380424225,29.596416569943493,False
W6936,陕西,风电,2022,12.962690591812134,0.04266466139773469,30.350945176868187,False
W6937,山东,风电,2022,6.4404116570949554,0.039117354551567736,57.13190819683249,False
W6945,山东,风电,2022,10.89099682867527,0.04594666383316883,38.99347266103921,False
W6956,山东,风电,2022,6.74832746386528,0.047700852235088825,66.48946987815762,False
W6994,陕西,风电,2022,12.772049680352211,0.05767970654533023,41.64257194216982,False
W7010,新疆,风电,2022,12.67471008002758,0.07455922085523797,54.252074553023604,False
W7013,新疆,风电,2022,11.876591518521309,0.07060832987323772,54.80113076967931,False
W7016,新疆,风电,2022,12.099701017141342,0.07180928109615255,54.71836550224812,False
W7019,山西,风电,2022,10.81187479197979,0.041637672711974744,35.595164326378416,False
W7029,山西,风电,2022,10.424130409955978,0.04033929321045465,35.83867077001823,False
W7058,山西,风电,2022,11.283522471785545,0.04106302035316692,33.53882507978039,False
W7080,山西,风电,2022,11.394362300634384,0.21564280807012134,174.32496852892308,False
W7124,山西,风电,2022,8.877366855740547,0.036326732091783144,38.03616934524215,False
W7125,山西,风电,2022,8.818156197667122,0.036093008720739665,38.05727415753323,False
W7126,山西,风电,2022,13.052128404378891,0.05188783620090339,36.619364304796456,False
W7127,山西,风电,2022,9.399721026420593,0.038254371873044056,37.72857081249922,False
W7177,山西,风电,2022,9.327569380402565,0.0364015380627403,36.218006193455736,False
W7183,山西,风电,2022,11.657669395208359,0.07527370431062849,59.470888374343566,False
W7192,新疆,风电,2022,7.806588783860207,0.06941450566363128,83.20548779612747,False
W7194,新疆,风电,2022,11.714746579527855,0.08184000841959461,64.35690694918063,False
W7196,山西,风电,2022,8.221535459160805,0.03426217554043822,38.841517083419475,False
W7214,山西,风电,2022,12.608614191412926,0.05614665833346664,41.0493133760338,False
W7224,新疆,风电,2022,11.144059225916862,0.20992330805864745,173.57499702225527,False
W7233,新疆,风电,2022,8.935297206044197,0.032823747034712525,34.196471890546455,False
W7239,山西,风电,2022,11.987075507640839,0.04838611807757319,37.19592695373127,False
W7243,新疆,风电,2022,8.994097262620926,0.03294131830739432,34.102499482945426,False
W7245,新疆,风电,2022,9.186765477061272,0.0857683827846257,86.56484692802044,False
W7248,山西,风电,2022,8.213873729109764,0.13684229429790787,155.27677680429787,False
W7253,山西,风电,2022,9.109574630856514,0.0466586467873655,47.44696085778031,False
W7260,山西,风电,2022,8.333069086074829,0.06967385142495394,77.91124920808996,False
W7265,新疆,风电,2022,7.629622220993042,0.10816652588306669,132.4956945945965,False
W7268,新疆,风电,2022,6.721611991524696,0.046470694454980095,65.1175221338392,False
W7272,新疆,风电,2022,7.424406856298447,0.10524479816728004,132.54603554814423,False
W7273,新疆,风电,2022,12.446813955903053,0.042553356690257595,31.53208110610122,False
W7277,山西,风电,2022,7.799640521407127,0.05442636339178873,65.14910405617164,False
W7370,山西,风电,2022,12.50177152454853,0.056387320909049576,41.57815636921035,False
W7371,山西,风电,2022,8.318618014454842,0.06667747050221964,74.74655200677533,False
W7380,新疆,风电,2022,12.16918632388115,0.0673350835265306,50.96273588313215,False
W7382,山西,风电,2022,8.850621208548546,0.046057290336890044,48.362646665398564,False
W7383,新疆,风电,2022,6.783509775996208,0.04688491657130846,65.08291167386534,False
W7390,山西,风电,2022,12.903071343898773,0.05807787816298805,41.49510934048894,False
W7395,新疆,风电,2022,9.56326961517334,0.03336020068827584,32.40565930089098,False
W7399,新疆,风电,2022,12.272336706519127,0.06818435770818017,51.17668290486129,False
W7402,新疆,风电,2022,9.715266600251198,0.033891338963045956,32.388094259435654,False
W7408,山西,风电,2022,8.387023285031319,0.13954689163134945,155.07668229033655,False
W7409,新疆,风电,2022,9.574461802840233,0.032280283263209544,31.31491164253259,False
W7410,新疆,风电,2022,8.879256024956703,0.0846559556977856,88.63485323564115,False
W7424,新疆,风电,2022,10.723734050989151,0.0397557500740085,34.277814225413785,False
W7431,新疆,风电,2022,10.644742548465729,0.03944235209390157,34.28100789711301,False
W7439,新疆,风电,2022,8.732579201459885,0.0976806113168308,103.87797557498922,False
W7446,新疆,风电,2022,10.178494602441788,0.03592497566656789,32.73123772379673,False
W7447,新疆,风电,2022,12.363877594470978,0.06902605594492905,51.424846455319255,False
W7453,新疆,风电,2022,13.012345880270004,0.06017308441962209,42.60639270721191,False
W7458,新疆,风电,2022,12.782885581254959,0.05919799302190168,42.664274255130515,False
W7460,新疆,风电,2022,9.04481090605259,0.03305479701568457,34.00965791663594,False
W7465,新疆,风电,2022,12.782885581254959,0.05919799302190168,42.664274255130515,False
W7468,新疆,风电,2022,9.281047582626343,0.03410072801641735,34.17401654886246,False
W7474,山西,风电,2022,7.426500767469406,0.07508437824237976,94.42024944969383,False
W7477,新疆,风电,2022,8.730257079005241,0.03181492078176529,33.93961205079201,False
W7479,山西,风电,2022,8.488485664129257,0.033513937296818695,36.76474095681181,False
W748,甘肃,风电,2022,8.179661482572556,0.07644038297177466,87.04100663458323,False
W7480,新疆,风电,2022,8.561529591679573,0.03117492326241382,33.94328607555331,False
W7487,新疆,风电,2022,10.11523850262165,0.037209644230886914,34.10800863319095,False
W7492,山西,风电,2022,8.33514578640461,0.13154356519766042,146.96912210037735,False
W7493,新疆,风电,2022,9.840075820684433,0.033969097104166665,32.0375171234261,False
W7495,新疆,风电,2022,10.11523850262165,0.037209644230886914,34.10800863319095,False
W7505,新疆,风电,2022,10.876530110836029,0.06748812460954974,57.37149901264304,False
W7508,新疆,风电,2022,8.962507545948029,0.032884627398746175,34.158527533886264,False
W7514,山西,风电,2022,8.667616322636604,0.07169169080675138,77.00251226559276,False
W7515,山西,风电,2022,8.529992401599884,0.03489021630315671,38.085339623298395,False
W7516,新疆,风电,2022,10.281272828578949,0.03805212080286531,34.267627195407215,False
W7520,山西,风电,2022,8.334648460149765,0.06880228480634551,76.90447992455924,False
W7521,山西,风电,2022,8.529992401599884,0.07048528558870029,76.94008018654655,False
W7522,新疆,风电,2022,9.196813479065895,0.03367148881294839,34.05826514400592,False
W7535,山西,风电,2022,8.584900796413422,0.08841384371631206,95.90058747408817,False
W7545,新疆,风电,2022,9.218360111117363,0.033775062394711945,34.080502684820694,False
W7546,新疆,风电,2022,8.670505285263062,0.05875088389709501,63.1496977354999,False
W7560,新疆,风电,2022,9.194148927927017,0.03361019017056512,34.00611481650573,False
W7567,新疆,风电,2022,11.035684570670128,0.13623971169213345,113.75914166301011,False
W7568,新疆,风电,2022,10.127512067556381,0.037465762977833265,34.28676944571742,False
W7578,新疆,风电,2022,10.224242806434631,0.03842552418262599,34.78794854535394,False
W7592,新疆,风电,2022,10.542271211743355,0.039255447112148206,34.44718541798309,False
W7615,新疆,风电,2022,12.286065369844437,0.04199704663882973,31.523104080105682,False
W7664,新疆,风电,2022,9.171326905488968,0.03627630373818575,36.70526604021841,False
W7683,新疆,风电,2022,12.35663428902626,0.0687516404479683,51.25183861359088,False
W7693,山西,风电,2022,13.045818507671356,0.06001652502521879,42.43620226017014,False
W7717,新疆,风电,2022,12.530402094125748,0.07303953245086811,53.74574824104372,False
W7725,新疆,风电,2022,11.512391343712807,0.052136161646329275,41.747917955919085,False
W7727,新疆,风电,2022,8.919046372175217,0.05602089667434113,58.31536847896526,False
W7735,新疆,风电,2022,7.863433063030243,0.11604592767778246,137.78166477018416,False
W7776,新疆,风电,2022,9.10252220928669,0.057682717010280306,58.83494496929961,False
W7787,新疆,风电,2022,9.530519172549248,0.20457781454635238,199.12963405165766,False
W7788,山西,风电,2022,12.11465209722519,0.04180576827586749,31.821331002545264,False
W7789,山西,风电,2022,8.21680337190628,0.034109147498996975,38.70199134679305,False
W7794,山西,风电,2022,11.34628839790821,0.14438749232493592,117.2249999767001,False
W7799,山西,风电,2022,8.343500420451164,0.03454169731238633,38.55064591384622,False
W7805,山西,风电,2022,12.462638542056084,0.04550345618961599,33.641891023483936,False
W7806,新疆,风电,2022,9.477220997214317,0.13462338296345833,131.9158965526674,False
W7812,山西,风电,2022,9.4496288895607,0.03828423024836224,37.57116509212132,False
W7816,新疆,风电,2022,9.390867054462433,0.13299558470754683,131.61494986441457,False
W7819,山西,风电,2022,11.693212687969208,0.05897275688157613,46.45688953037533,False
W7820,陕西,风电,2022,12.750011757016182,0.057585514557013336,41.64700359512123,False
W7828,新疆,风电,2022,6.737768724560738,0.04657963416339309,65.10977623872135,False
W7829,山西,风电,2022,11.453743949532509,0.07280362653779908,58.55150870537718,False
W7830,山西,风电,2022,12.211591824889183,0.06212584251857642,46.86777645703881,False
W7838,山西,风电,2022,9.422953650355339,0.03843097103539574,37.85637168404979,False
W7844,新疆,风电,2022,9.536236301064491,0.05888612431135638,57.162799099528016,False
W7850,山西,风电,2022,9.051535874605179,0.036558944110206826,37.51757917551841,False
W7851,新疆,风电,2022,10.64331404864788,0.06418750278673294,55.552825144383355,False
W7852,山西,风电,2022,9.45948176085949,0.038389584219918435,37.68805334579111,False
W7865,新疆,风电,2022,9.43103089928627,0.06489568525308262,63.84962518125247,False
W7877,山西,风电,2022,8.62223245203495,0.03541220091604723,38.22085987183757,False
W7883,新疆,风电,2022,7.277023941278458,0.025559558105553496,32.8671900822641,False
W7884,山西,风电,2022,8.653899282217026,0.03550233741002148,38.168993450843345,False
W7890,新疆,风电,2022,8.63683171570301,0.033077500224838685,35.6239214890068,False
W7909,山西,风电,2022,10.66999264061451,0.04039109359683182,35.024675569383255,False
W7927,新疆,风电,2022,7.776253893971443,0.02739581666857373,32.880052257628506,False
W7935,山西,风电,2022,8.642796277999878,0.03544145475494869,38.14351971283861,False
W7941,山西,风电,2022,8.64137850701809,0.03544067686218577,38.16386929120473,False
W7948,山西,风电,2022,9.366499409079552,0.07620803337837573,75.44608445167223,False
W7953,山西,风电,2022,8.362897038459778,0.034564328714118873,38.495304409223806,False
W7958,山西,风电,2022,8.548334240913391,0.0705449499850893,76.80429175716586,False
W7978,山西,风电,2022,8.175521939992905,0.03379344513274642,38.49639312533762,False
W7982,山西,风电,2022,12.266794592142105,0.03955142301503867,29.697629981297784,False
W8000,新疆,风电,2022,10.426661297678947,0.06377172260116434,56.335171486083965,False
W912,甘肃,风电,2022,11.930473074316978,0.06553809658505004,50.606293036841386,False
W922,甘肃,风电,2022,12.23729632794857,0.06707961192160612,50.491666622130076,False
W925,甘肃,风电,2022,11.966866627335548,0.27661139033216575,212.9345010756281,False
W985,甘肃,风电,2022,8.818269073963165,0.10495349588743454,110.47353386641458,False
W993,甘肃,风电,2022,7.788825631141663,0.19961201862845848,239.18469411616314,False
W994,甘肃,风电,2022,12.127553969621658,0.0650086362241626,49.37357538264857,False
W998,甘肃,风电,2022,8.179906904697418,0.26612388575105683,303.59173994789586,False
102,甘肃,光伏,2023,10.895315185189247,0.09518984326951088,80.47140515823989,False
103,甘肃,光伏,2023,11.06900006532669,0.046833245180864985,38.97537907115505,False
104,甘肃,光伏,2023,11.365629807114601,0.04930613979174913,39.960241650205,False
105,甘肃,光伏,2023,11.84865027666092,0.03913590867913987,30.42726847696565,False
106,甘肃,光伏,2023,11.756365299224854,0.08844405653968403,69.29347155407515,False
107,甘肃,光伏,2023,11.849102899432182,0.06522831996727946,50.71158066365582,False
108,甘肃,光伏,2023,11.858346909284592,0.06525202468793831,50.69116082610319,False
109,甘肃,光伏,2023,11.843638122081757,0.039113223363346446,30.422082128276582,False
110,甘肃,光伏,2023,11.01183570921421,0.04638163783965299,38.79832130848387,False
111,甘肃,光伏,2023,11.238705217838287,0.04800693891148697,39.35535899375727,False
112,甘肃,光伏,2023,11.02915808558464,0.04695791307556874,39.21814387798693,False
113,甘肃,光伏,2023,12.456699460744858,0.042254661094953634,31.25916803918393,False
114,甘肃,光伏,2023,11.162319928407669,0.047620472011810897,39.302442329917675,False
115,甘肃,光伏,2023,11.159713938832283,0.04758758535717101,39.28447157268384,False
116,甘肃,光伏,2023,11.08291245996952,0.04684275678549031,38.93596468923271,False
117,甘肃,光伏,2023,10.992146730422974,0.04711011199256896,39.47936292676435,False
118,甘肃,光伏,2023,10.96589483320713,0.047018741237231085,39.49657790391433,False
119,甘肃,光伏,2023,11.068963631987572,0.09361295958354522,77.9075363042601,False
121,甘肃,光伏,2023,11.642474457621574,0.051865338614803816,41.04892992294431,False
122,甘肃,光伏,2023,11.643382832407951,0.05270945488817734,41.7137528893026,False
12469,青海,光伏,2023,8.579478710889816,0.02964145249398355,32.2654974491804,False
125,甘肃,光伏,2023,12.159516513347626,0.05581305579589434,42.303771472680154,False
126,甘肃,光伏,2023,10.88748425245285,0.034675720500632126,29.345665862750987,False
130,甘肃,光伏,2023,11.357762664556503,0.035739143123084044,29.005658614666828,False
131,甘肃,光伏,2023,11.07633501291275,0.052803185069122745,43.936920172191634,False
142,甘肃,光伏,2023,10.436654314398766,0.06295908644533454,55.56709954600151,False
146,甘肃,光伏,2023,11.45728088915348,0.05127818047764651,41.236814705277936,False
149,甘肃,光伏,2023,10.28627447783947,0.061825739889107646,55.3599919434462,False
151,甘肃,光伏,2023,10.275784358382225,0.06086663494477189,54.55832753178092,False
154,甘肃,光伏,2023,11.38661652803421,0.05074233341786999,41.05631221662182,False
155,甘肃,光伏,2023,11.81551806628704,0.05431617471919311,42.36255901736046,False
156,甘肃,光伏,2023,11.815728396177292,0.054317201454280976,42.36260569064673,False
157,甘肃,光伏,2023,11.80368036031723,0.03699804731345821,28.884254570034898,False
158,甘肃,光伏,2023,11.368669867515564,0.1970973010429204,159.69730978122345,False
159,甘肃,光伏,2023,11.364582851529121,0.09810795633794982,79.51907867513823,False
161,甘肃,光伏,2023,11.86559982597828,0.05376403720835183,41.75552346090902,False
163,甘肃,光伏,2023,11.867348849773407,0.054128358944656424,42.03227611655707,False
170,甘肃,光伏,2023,11.105718165636063,0.4933803244272456,409.2696273542703,False
171,甘肃,光伏,2023,11.265251487493515,0.14738823750152502,120.54522867344525,False
172,甘肃,光伏,2023,11.255989596247673,0.2940618431466263,240.7104981449084,False
175,甘肃,光伏,2023,10.661597102880478,0.18209570326564314,157.3099778191241,False
176,甘肃,光伏,2023,11.063786521553993,0.06832914398788537,56.89375375309925,False
178,甘肃,光伏,2023,10.831007212400436,0.09522713001887474,80.98090426684978,False
179,甘肃,光伏,2023,10.662060007452965,0.13393792810981353,115.73074129149796,False
181,甘肃,光伏,2023,11.83699943125248,0.2563592605857969,199.50686260813816,False
183,甘肃,光伏,2023,12.288069874048233,0.052659038146809146,39.50268533427709,False
185,甘肃,光伏,2023,12.403463423252106,0.052715192013771395,39.1801510725556,False
187,甘肃,光伏,2023,10.911816358566284,0.2848745473188787,240.46911521129857,False
188,甘肃,光伏,2023,11.036905646324158,0.2833858760977692,236.52082638105787,False
189,甘肃,光伏,2023,10.919981896877289,0.285141080665033,240.51081568426272,False
195,甘肃,光伏,2023,11.818931624293327,0.049722986033322446,38.767947164750396,False
199,甘肃,光伏,2023,10.493695065379143,0.23207797446852707,203.6968549698004,False
3107,内蒙古,光伏,2023,12.811387404799461,0.05772829343227011,41.55254420732695,False
3155,内蒙古,光伏,2023,12.547270953655243,0.052653995333449624,38.70375183771054,False
3164,内蒙古,光伏,2023,12.562537863850594,0.06264144705317469,45.992328602580706,False
3340,内蒙古,光伏,2023,12.17139020562172,0.03910322645764368,29.630802896620313,False
3452,内蒙古,光伏,2023,12.323528230190277,0.13810184536116604,103.36735772017435,False
3523,陕西,光伏,2023,13.035158067941666,0.05414239890253908,38.32836657772427,False
3624,内蒙古,光伏,2023,12.898576855659485,0.04189954328320054,29.96722303780928,False
3785,内蒙古,光伏,2023,12.604562491178513,0.042044328231208704,30.7679555562944,False
3802,内蒙古,光伏,2023,12.907288447022438,0.04191208391235555,29.956374333017187,False
3808,内蒙古,光伏,2023,12.746388092637062,0.06545020984154418,47.363403542890644,False
3885,内蒙古,光伏,2023,12.597289681434631,0.317102833628049,232.21165158986625,False
404,甘肃,光伏,2023,11.253281235694885,0.14645254764612692,119.90901169971087,False
4040,青海,光伏,2023,5.9332213550806046,0.023216211290738094,36.839253346559765,False
405,甘肃,光伏,2023,11.33273184299469,0.29890450577525707,242.99763505493829,False
4077,陕西,光伏,2023,12.628495842218399,0.046335035385774624,33.85017301531579,False
4107,陕西,光伏,2023,12.730205431580544,0.052895314806624086,38.33405957686858,False
4117,青海,光伏,2023,5.9332213550806046,0.023216211290738094,36.839253346559765,False
4127,青海,光伏,2023,5.834549814462662,0.022849343199544066,36.89451640888061,False
4128,青海,光伏,2023,5.834549814462662,0.022849343199544066,36.89451640888061,False
4129,青海,光伏,2023,5.834549814462662,0.022849343199544066,36.89451640888061,False
413,甘肃,光伏,2023,10.95119297504425,0.07445285865457156,62.63085093261454,False
4130,青海,光伏,2023,5.910273268818855,0.023958562553902482,38.17169792723006,False
4132,青海,光伏,2023,5.910273268818855,0.023958562553902482,38.17169792723006,False
4133,青海,光伏,2023,5.910273268818855,0.023958562553902482,38.17169792723006,False
4134,青海,光伏,2023,5.950928181409836,0.023281195959906718,36.832449346911794,False
4135,青海,光伏,2023,5.950928181409836,0.023281195959906718,36.832449346911794,False
4139,青海,光伏,2023,5.756423771381378,0.023820884756462202,38.99679844898686,False
4141,青海,光伏,2023,5.707822144031525,0.022504097357026808,37.16353998627009,False
4144,青海,光伏,2023,6.0592686384916306,0.023691822515220843,36.81411859250088,False
4145,青海,光伏,2023,6.0592686384916306,0.023691822515220843,36.81411859250088,False
4147,青海,光伏,2023,5.797005593776703,0.022687029802382973,36.87186608308244,False
4148,青海,光伏,2023,5.797005593776703,0.022687029802382973,36.87186608308244,False
4151,青海,光伏,2023,5.741851106286049,0.02263086709001761,37.144854672342014,False
4154,青海,光伏,2023,7.125177830457687,0.02791634812296225,36.7157129887901,False
4160,青海,光伏,2023,7.1251776069402695,0.06979086818574953,91.78928256100052,False
4161,青海,光伏,2023,7.118362560868263,0.04176565340553981,54.975525897885305,False
4163,青海,光伏,2023,7.120428085327148,0.04197899050226554,55.251531541800155,False
4165,青海,光伏,2023,7.064100801944733,0.06859269897217467,91.00573570334397,False
4167,青海,光伏,2023,7.134669050574303,0.04187005304118563,54.986983419387705,False
4173,青海,光伏,2023,7.610214427113533,0.028556447756232187,35.11563680517743,False
4176,青海,光伏,2023,7.04081766307354,0.027457981550100753,36.55858385639693,False
4179,青海,光伏,2023,7.125177830457687,0.02791634812296225,36.7157129887901,False
418,甘肃,光伏,2023,12.080420851707458,0.05476817992201968,41.781872219153286,False
4180,青海,光伏,2023,7.1251776069402695,0.041874520951788,55.073569589653424,False
4182,青海,光伏,2023,7.1251776069402695,0.06979086818574953,91.78928256100052,False
4189,青海,光伏,2023,7.1251776069402695,0.06979086818574953,91.78928256100052,False
4191,青海,光伏,2023,8.555122688412666,0.033095413819190886,36.09639671626694,False
4192,青海,光伏,2023,6.206012517213821,0.033198250578981556,50.330685215491634,False
4193,青海,光伏,2023,7.654015123844147,0.03394085935959656,41.589033910159564,False
4195,青海,光伏,2023,6.177162453532219,0.02275142511107749,34.65926756191392,False
4197,青海,光伏,2023,7.535000368952751,0.07577559739023233,94.07794757148984,False
4199,青海,光伏,2023,6.164609268307686,0.02236906857063461,34.14282096468898,False
420,甘肃,光伏,2023,12.107985243201256,0.05488605681207624,41.77705098238969,False
422,甘肃,光伏,2023,10.835152342915535,0.04526476119347477,38.48624327637833,False
4242,青海,光伏,2023,5.913285613059998,0.02300281623360364,36.6434216990949,False
4250,青海,光伏,2023,5.913285613059998,0.02300281623360364,36.6434216990949,False
428,甘肃,光伏,2023,12.099998071789742,0.19262414026423041,146.6600041982759,False
4298,青海,光伏,2023,5.898058712482452,0.022985904391523013,36.702258166749274,False
430,甘肃,光伏,2023,12.085809409618378,0.1282165504646411,97.73601512090015,False
4309,青海,光伏,2023,7.0255932211875916,0.027400876183195304,36.56404207490574,False
4326,青海,光伏,2023,7.110697254538536,0.034677264671843275,45.703670450882335,False
433,甘肃,光伏,2023,10.868696719408035,0.2668678896763455,226.15989267994817,False
435,甘肃,光伏,2023,12.373060137033463,0.04318986462064479,32.16788106781871,False
4364,陕西,光伏,2023,12.097466066479683,0.0462210927467536,35.23601838062879,False
4369,陕西,光伏,2023,12.444423660635948,0.09323763272038445,69.10626976524459,False
437,甘肃,光伏,2023,10.831597968935966,0.08970780143665899,76.2810248385055,False
438,甘肃,光伏,2023,10.884866639971733,0.04361550562621555,36.907999391551535,False
4394,陕西,光伏,2023,13.183956071734428,0.04582082611300191,32.07083579530621,False
440,甘肃,光伏,2023,10.857564434409142,0.17758750519204813,150.6505640876627,False
4420,青海,光伏,2023,5.913285613059998,0.02300281623360364,36.6434216990949,False
443,甘肃,光伏,2023,12.060937285423279,0.12799657065341555,97.76550356628942,False
4456,青海,光伏,2023,5.787755101919174,0.021872640321897813,35.56454559397142,False
447,甘肃,光伏,2023,11.446226611733437,0.04057349077716932,32.656699295307284,False
4479,青海,光伏,2023,5.488761216402054,0.027196490276076027,46.73501674772985,False
4535,青海,光伏,2023,7.110697254538536,0.027741811631712545,36.56293622131439,False
454,甘肃,光伏,2023,12.605586424469948,0.043920215119339134,32.10755115180733,False
4541,青海,光伏,2023,7.045152336359024,0.02747620209646296,36.56033503492224,False
457,甘肃,光伏,2023,12.084242105484009,0.05560037548586041,42.401578152312354,False
459,甘肃,光伏,2023,12.383888438344002,0.46551438148299085,346.34596848189926,False
4603,青海,光伏,2023,7.1206046640872955,0.02790202962587105,36.722932632196276,False
4609,青海,光伏,2023,7.133652046322823,0.03577621144986349,47.001346114279805,False
461,甘肃,光伏,2023,11.164446026086807,0.21085387310580458,173.9638641029864,False
4615,青海,光伏,2023,7.110697254538536,0.034677264671843275,45.703670450882335,False
463,甘肃,光伏,2023,11.106127202510834,0.10461012982715193,86.75289370422995,False
464,甘肃,光伏,2023,11.106127202510834,0.20922025974869757,173.50578748674033,False
4642,青海,光伏,2023,7.133651822805405,0.0429314522760444,56.40161518128658,False
465,甘肃,光伏,2023,12.400792390108109,0.04659830099185027,34.62363294015265,False
466,甘肃,光伏,2023,12.338308319449425,0.07576468021698538,56.57691556207121,False
467,甘肃,光伏,2023,11.106126978993416,0.08368810275263927,69.40231544038795,False
4670,青海,光伏,2023,7.133652046322823,0.028620969031657433,37.60107672295601,False
4677,青海,光伏,2023,7.940322831273079,0.030248908118216098,35.62799005128094,False
468,甘肃,光伏,2023,12.338220030069351,0.15462093875746452,115.46327879426325,False
4687,青海,光伏,2023,7.941007688641548,0.030250937931136576,35.62730794476088,False
4690,青海,光伏,2023,7.133651822805405,0.0429314522760444,56.40161518128658,False
4693,青海,光伏,2023,7.983452752232552,0.03137112867837178,36.71359963267622,False
470,甘肃,光伏,2023,11.165543273091316,0.06329220420304511,52.21161175550669,False
4709,青海,光伏,2023,7.679473087191582,0.06210027523281496,75.71217956185644,False
4710,青海,光伏,2023,7.526123374700546,0.04874848667925387,60.59426864842399,False
4716,青海,光伏,2023,8.179926797747612,0.0772069760414539,88.16597288725492,False
4718,青海,光伏,2023,7.888438180088997,0.0602829778211244,71.46491058127495,False
4724,青海,光伏,2023,7.888438180088997,0.0602829778211244,71.46491058127495,False
4726,青海,光伏,2023,7.974553629755974,0.033703241845436785,39.486885145010156,False
474,甘肃,光伏,2023,11.148770079016685,0.042130591126356115,34.80705920557725,False
475,甘肃,光伏,2023,13.149600774049759,0.039729247787564655,27.852557019175375,False
4756,青海,光伏,2023,7.983487620949745,0.06274259029222225,73.42726819672629,False
4766,青海,光伏,2023,8.020016849040985,0.042493600813510876,49.54229479247667,False
4773,青海,光伏,2023,8.081274703145027,0.028114697815114144,32.522889424208095,False
4785,青海,光伏,2023,7.835909798741341,0.03154957895716071,37.64181180128208,False
4795,青海,光伏,2023,5.480876863002777,0.02726987561514251,46.91766368742725,False
4802,青海,光伏,2023,6.916317567229271,0.028261812529666197,38.454864416770164,False
4804,青海,光伏,2023,8.031410425901413,0.08716061624474342,101.45280160344119,False
4809,青海,光伏,2023,6.916317567229271,0.028261812529666197,38.454864416770164,False
4824,青海,光伏,2023,5.494706332683563,0.027040967620374345,46.4174865679394,False
483,甘肃,光伏,2023,11.77484281361103,0.13612313168190443,106.48281395848336,False
4831,青海,光伏,2023,6.929323822259903,0.02830247260269817,38.436514286629006,False
4838,青海,光伏,2023,6.913403570652008,0.028243743204524576,38.44413936963008,False
4843,青海,光伏,2023,6.891643926501274,0.0284426006431864,38.84647924591588,False
485,甘肃,光伏,2023,12.08599604666233,0.2828792045062906,215.6219215620323,False
4850,青海,光伏,2023,5.811184421181679,0.022907917939055607,37.14002195624021,False
4857,青海,光伏,2023,5.811184421181679,0.022907917939055607,37.14002195624021,False
486,甘肃,光伏,2023,11.11383207142353,0.03759759721999309,31.16524881166111,False
4863,青海,光伏,2023,5.811184421181679,0.022907917939055607,37.14002195624021,False
4879,青海,光伏,2023,5.806020721793175,0.02273803058992706,36.89955839291289,False
4882,青海,光伏,2023,7.1199969202280045,0.02777676687559878,36.55871790883371,False
4889,青海,光伏,2023,7.120564207434654,0.02776621685915752,36.536969358034675,False
4903,青海,光伏,2023,7.03044019639492,0.027415599331151258,36.55603455255473,False
491,甘肃,光伏,2023,12.079857364296913,0.212176491107,161.80720374408222,False
4911,青海,光伏,2023,5.93104250729084,0.02319721699665388,36.82485050265075,False
4928,青海,光伏,2023,5.833548456430435,0.022833051784990795,36.87453950303137,False
495,甘肃,光伏,2023,12.474145218729973,0.042453435799265506,31.36272609853537,False
4957,青海,光伏,2023,5.9332213550806046,0.023216211290738094,36.839253346559765,False
4960,青海,光伏,2023,7.898932099342346,0.050017967013404156,59.221231581078484,False
4980,青海,光伏,2023,6.95323146879673,0.028582050106888995,38.67797639863108,False
4981,青海,光伏,2023,6.992188543081284,0.02903657419987759,39.07797439457471,False
4983,青海,光伏,2023,6.964027360081673,0.028984543948613113,39.16665451022435,False
4986,青海,光伏,2023,6.992188543081284,0.02903657419987759,39.07797439457471,False
4987,青海,光伏,2023,6.884370669722557,0.02841099456391471,38.844307378452704,False
4997,青海,光伏,2023,7.61633388698101,0.028572917899179928,35.10521667403098,False
4998,青海,光伏,2023,5.9340935200452805,0.02321091381302007,36.82543413803196,False
5040,甘肃,光伏,2023,13.119734153151512,0.0717840817606783,50.46591092703921,False
518,甘肃,光伏,2023,10.49528181552887,0.12255026215163849,107.55455639803851,False
521,甘肃,光伏,2023,10.57927630841732,0.10079878052926805,87.75988718322718,False
525,甘肃,光伏,2023,12.132523655891418,0.044597463655864804,33.87619983442835,False
527,甘肃,光伏,2023,11.620375514030457,0.052422995208646,41.56747629393705,False
528,甘肃,光伏,2023,12.014932483434677,0.04322361463791084,33.154417357857994,False
533,甘肃,光伏,2023,11.06653779745102,0.20007565939709188,166.56612517740288,False
540,甘肃,光伏,2023,11.06653779745102,0.1333837726154783,111.04408318859672,False
541,甘肃,光伏,2023,10.890598520636559,0.1311688231739203,110.95204201821713,False
542,甘肃,光伏,2023,11.620475873351097,0.052420801382838486,41.56537777654873,False
544,甘肃,光伏,2023,11.811769679188728,0.04971086231562788,38.784130744838784,False
545,甘肃,光伏,2023,11.627705544233322,0.05244915496845776,41.56257391049719,False
555,甘肃,光伏,2023,12.283034697175026,0.0561414337102481,42.12591779797692,False
5966,陕西,光伏,2023,12.615384310483932,0.0522868840000944,38.23484010835079,False
6001,新疆,光伏,2023,10.082493647933006,0.03498324102956369,32.24006376664793,False
6004,新疆,光伏,2023,9.992027655243874,0.03437441182651516,31.968364807090456,False
6005,新疆,光伏,2023,10.121488720178604,0.035095724930994304,32.21391775169558,False
6006,新疆,光伏,2023,10.416133850812912,0.03792233425789322,33.867730175114474,False
6007,新疆,光伏,2023,11.594119369983673,0.04580572446826904,36.5979152956991,False
6014,新疆,光伏,2023,9.782726839184761,0.03383181255103374,32.17591718822822,False
6016,新疆,光伏,2023,9.68864344060421,0.04018461466050092,38.58285990483966,False
6017,新疆,光伏,2023,8.477314487099648,0.07040496505134836,77.35375026176266,False
6020,新疆,光伏,2023,9.892260879278183,0.03375448673988774,31.726950223998053,False
6021,新疆,光伏,2023,9.808360934257507,0.033908481619409646,32.1595146221838,False
6022,新疆,光伏,2023,9.811526834964752,0.033924545798098435,32.16688887163204,False
6024,新疆,光伏,2023,9.842874929308891,0.03393771946686471,32.066819450471996,False
6025,新疆,光伏,2023,9.68864344060421,0.04018461466050092,38.58285990483966,False
6027,新疆,光伏,2023,9.68864344060421,0.04018461466050092,38.58285990483966,False
6030,新疆,光伏,2023,8.444456085562706,0.06203613365335783,68.43463032474925,False
6031,新疆,光伏,2023,8.188434094190598,0.08393103124439953,95.43870032131015,False
6032,新疆,光伏,2023,8.188434094190598,0.04662835050458194,53.02149996614931,False
6035,新疆,光伏,2023,10.104236081242561,0.03503899475332804,32.216761102322366,False
6036,新疆,光伏,2023,7.708010226488113,0.35988658502595156,436.1627101309561,False
6037,新疆,光伏,2023,8.38557779788971,0.06857550626267389,76.06159071586785,False
6047,新疆,光伏,2023,10.390229523181915,0.037238733937990855,33.327018814375975,False
6057,新疆,光伏,2023,8.459122404456139,0.04371199151611861,48.11844244378598,False
6059,新疆,光伏,2023,9.215542003512383,0.044363531324366406,44.75013504103179,False
6060,新疆,光伏,2023,9.029198661446571,0.04643363566773792,47.78452659761727,False
6061,新疆,光伏,2023,10.066488683223724,0.03776664467946842,34.78331960083271,False
6063,新疆,光伏,2023,9.00900587439537,0.04560668470746368,47.092225432037466,False
6066,新疆,光伏,2023,8.199550956487656,0.05540251890238917,62.918117260875206,False
6067,新疆,光伏,2023,8.02380345761776,0.030100367370846644,34.95906771345621,False
6068,新疆,光伏,2023,9.5246122777462,0.03227986009426997,31.507063605626275,False
6069,新疆,光伏,2023,8.253727331757545,0.03154463516878448,35.60775492614567,False
6070,新疆,光伏,2023,8.253683969378471,0.05257411453200873,59.34625684738813,False
6072,新疆,光伏,2023,13.089905306696892,0.04815451526423341,33.88373542848936,False
6074,新疆,光伏,2023,13.089905306696892,0.04815451526423341,33.88373542848936,False
6076,新疆,光伏,2023,7.758334279060364,0.05147835728886852,61.8616547395862,False
6081,新疆,光伏,2023,10.547779351472855,0.03987756024546499,35.00415467278473,False
6082,新疆,光伏,2023,8.17968674004078,0.2064630003244615,235.02192422738537,False
6083,新疆,光伏,2023,8.319848254323006,0.1189066046941126,133.395536370983,False
6085,新疆,光伏,2023,9.409350380301476,0.03933386115635735,38.887007231830765,False
6089,新疆,光伏,2023,7.111446037888527,0.07570889147369204,99.74467021468207,False
6091,新疆,光伏,2023,9.970447942614555,0.0351442784665077,32.84795140102393,False
6092,新疆,光伏,2023,10.61638779938221,0.03623279984678915,31.75591663267993,False
6096,新疆,光伏,2023,10.416133850812912,0.03792233425789322,33.867730175114474,False
6097,新疆,光伏,2023,9.457079842686653,0.03680459195915373,36.22261087178615,False
6098,新疆,光伏,2023,9.322142601013184,0.06170293325547046,61.35096124944025,False
6100,新疆,光伏,2023,9.854597747325897,0.038199336604777916,36.04488298265155,False
6101,新疆,光伏,2023,7.172856777906418,0.039664824291016164,51.72425220586813,False
6102,新疆,光伏,2023,7.918368726968765,0.4530708481279474,533.7721010050368,False
6103,新疆,光伏,2023,10.309262797236443,0.0369903746133631,33.33994859848415,False
6104,新疆,光伏,2023,9.05295230448246,0.030713208631930902,31.53977198042629,False
6106,新疆,光伏,2023,9.524546340107918,0.03933571995525603,38.44842504015362,False
6108,新疆,光伏,2023,11.066961139440536,0.039260635279311555,32.96965235530346,False
6110,新疆,光伏,2023,11.037596985697746,0.03778069617130374,31.800148421151324,False
6111,新疆,光伏,2023,8.019766062498093,0.030520376036983807,35.54086266955962,False
6114,新疆,光伏,2023,7.457849979400635,0.04490971601823577,56.32977039076599,False
6117,甘肃,光伏,2023,12.100939974188805,0.05477166494909667,41.71195548250013,False
6120,新疆,光伏,2023,8.936780914664268,0.042674349267410046,44.4378518646622,False
6123,新疆,光伏,2023,10.373841896653175,0.041898231874138166,37.47639160174738,False
6124,新疆,光伏,2023,7.457849979400635,0.04490971601823577,56.32977039076599,False
6125,新疆,光伏,2023,10.821616798639297,0.04246246629433844,36.39442610941649,False
6129,新疆,光伏,2023,7.599724307656288,0.32749880553722227,402.3036509261812,False
6131,新疆,光伏,2023,8.15194733440876,0.5812593163702786,665.6086891638232,False
6133,新疆,光伏,2023,7.6195646077394485,0.129552525191005,158.92402577589843,False
6140,新疆,光伏,2023,8.904105573892593,0.04324803573463141,45.193462795944136,False
6142,新疆,光伏,2023,9.929067939519882,0.034675906838871645,32.477330035249416,False
6143,新疆,光伏,2023,8.151946887373924,0.09687654741802237,110.93478152975378,False
6149,新疆,光伏,2023,8.15638281404972,0.22769165753378084,260.1266511112738,False
6151,新疆,光伏,2023,9.950025826692581,0.039201723816246314,36.70150223594669,False
6158,新疆,光伏,2023,10.470711439847946,0.03894883011073263,34.60316372608749,False
6159,新疆,光伏,2023,8.151946887373924,0.3875061896178361,443.7391260568886,False
6165,新疆,光伏,2023,8.11826840043068,0.1924041417736168,220.89464811387745,False
6167,新疆,光伏,2023,10.433407723903656,0.03839428366053729,34.237810700409604,False
6169,新疆,光伏,2023,9.484792426228523,0.03322017371208389,32.68349747547255,False
6172,新疆,光伏,2023,10.663288682699203,0.04113680760728085,35.76380035635055,False
6175,新疆,光伏,2023,8.91792207956314,0.0395500789332651,41.39335522568703,False
6176,新疆,光伏,2023,10.782478675246239,0.044168525955265284,37.94623190270069,False
6178,新疆,光伏,2023,6.805945113301277,0.10641454789109113,146.53150044817767,False
6183,新疆,光伏,2023,8.91889974474907,0.043389780425508645,45.25574842428712,False
6186,新疆,光伏,2023,8.91792207956314,0.0395500789332651,41.39335522568703,False
6189,新疆,光伏,2023,6.818476170301437,0.07197942725340828,98.89234991225459,False
6190,新疆,光伏,2023,8.987259417772293,0.060139129113659776,62.26290638207137,False
6191,新疆,光伏,2023,9.390393644571304,0.04511034233815471,44.63711645802649,False
6205,新疆,光伏,2023,10.058992356061935,0.03718164635658416,34.40666938995605,False
6212,新疆,光伏,2023,10.43590284883976,0.038848784290549915,34.63753182210204,False
6214,新疆,光伏,2023,8.129731938242912,0.09632298411674323,110.42184045192037,False
6215,新疆,光伏,2023,7.805818989872932,0.10699947834926357,128.32371541385797,False
6219,新疆,光伏,2023,8.235061392188072,0.0295692200829789,33.44332197341383,False
6230,新疆,光伏,2023,7.574104070663452,0.04082038684211108,50.39340616555193,False
6247,新疆,光伏,2023,7.677431255578995,0.3522105559070937,428.8054165380732,False
6251,新疆,光伏,2023,11.026720181107521,0.043342833456621384,36.46404681241669,False
6253,新疆,光伏,2023,8.129731938242912,0.09632298411674323,110.42184045192037,False
6259,新疆,光伏,2023,7.606121823191643,0.33387474378045473,409.73116451660144,False
6260,新疆,光伏,2023,10.441162884235382,0.03841904677866286,34.23444653125351,False
6261,新疆,光伏,2023,9.132722988724709,0.031678092068716364,32.301926436690025,False
6263,新疆,光伏,2023,9.700678065419197,0.037214496083625544,35.68400177248432,False
6268,新疆,光伏,2023,8.575003892183304,0.40868316114923203,443.69871238760675,False
6270,新疆,光伏,2023,7.448991537094116,0.04486231494133604,56.34118047304554,False
6272,新疆,光伏,2023,10.001607835292816,0.040706725128969605,37.81203630942365,False
6276,新疆,光伏,2023,8.225532844662666,0.20871140983342215,236.2389246851688,False
6277,新疆,光伏,2023,10.438223406672478,0.03841048040492262,34.23377280994156,False
6280,新疆,光伏,2023,9.843452498316765,0.03451479081029473,32.61785343596132,False
6286,新疆,光伏,2023,10.19539050757885,0.038761443832352076,35.349922055836544,False
6288,新疆,光伏,2023,8.365518897771835,0.3792218840590644,421.76069433574537,False
6289,新疆,光伏,2023,9.618523567914963,0.03593621170837964,34.77702089612481,False
6290,新疆,光伏,2023,9.76903460919857,0.04238642132333053,40.34293422950122,False
6294,新疆,光伏,2023,7.847091034054756,0.03389257551003604,40.26507397988203,False
6295,新疆,光伏,2023,7.390571683645248,0.04128422971673973,52.26106813385179,False
6301,新疆,光伏,2023,11.40130989253521,0.040999997570612706,33.303703068365856,False
6321,新疆,光伏,2023,8.635359406471252,0.03848576974217912,41.57004268291933,False
6322,新疆,光伏,2023,7.9949744045734406,0.05373381236226067,62.60852335114125,False
6323,新疆,光伏,2023,8.289673179388046,0.0383003463011543,43.21918838641608,False
6324,新疆,光伏,2023,9.851203188300133,0.037733908086342464,35.7033980192667,False
6325,新疆,光伏,2023,9.851203188300133,0.037733908086342464,35.7033980192667,False
6326,新疆,光伏,2023,9.860751628875732,0.03776504154443115,35.6955542378658,False
6327,新疆,光伏,2023,9.860751628875732,0.03776504154443115,35.6955542378658,False
6328,新疆,光伏,2023,8.272866681218147,0.03824153889539877,43.24957152685482,False
6329,新疆,光伏,2023,10.46347014605999,0.0348301354329839,30.94097766546262,False
6331,新疆,光伏,2023,9.991002827882767,0.0356713129064709,33.27195658107742,False
6332,新疆,光伏,2023,9.799624532461166,0.03431056467810652,32.640067588091256,False
6334,新疆,光伏,2023,8.314354196190834,0.03511443979170086,39.50372665901374,False
6335,新疆,光伏,2023,9.78395663201809,0.03426686809701322,32.65561821667773,False
6336,新疆,光伏,2023,9.809671193361282,0.034342347190301416,32.634380823154636,False
6337,新疆,光伏,2023,8.316705599427223,0.03511787008161614,39.493640891344704,False
6339,新疆,光伏,2023,11.026720181107521,0.043342833456621384,36.46404681241669,False
6341,新疆,光伏,2023,9.804631769657135,0.03433403688134122,32.64571626213524,False
6342,新疆,光伏,2023,10.147171765565872,0.03837591657611899,35.21952070364344,False
6344,新疆,光伏,2023,8.573635965585709,0.039131148053439056,42.67012641115302,False
6345,新疆,光伏,2023,10.557432621717453,0.041728260540147645,36.693389846447786,False
6347,新疆,光伏,2023,10.173238813877106,0.03833103681949769,35.07737433096384,False
6349,新疆,光伏,2023,9.95153658092022,0.0355518563679188,33.29961251179042,False
6350,新疆,光伏,2023,8.465460240840912,0.03641051613991392,40.202225217014494,False
6351,新疆,光伏,2023,11.148474588990211,0.040429901136490094,33.71136638389392,False
6352,新疆,光伏,2023,9.089828431606293,0.037660048540935576,38.635667467735544,False
6353,新疆,光伏,2023,10.535799041390419,0.03628713761219471,32.04680706865812,False
6356,新疆,光伏,2023,10.571976453065872,0.03729643043175034,32.753858716075605,False
6358,新疆,光伏,2023,8.580575734376907,0.12792181256850615,138.88784560813036,False
6360,新疆,光伏,2023,8.580575734376907,0.06396090629506235,69.44392281580105,False
6361,新疆,光伏,2023,7.734431549906731,0.08975594988142604,108.24193767690012,False
6362,新疆,光伏,2023,7.586498335003853,0.3523814153261872,433.53319196822355,False
6363,新疆,光伏,2023,11.22384488582611,0.044326929923560215,36.59097928238554,False
6364,新疆,光伏,2023,9.958673268556595,0.036786957733111164,34.31555255758191,False
6365,新疆,光伏,2023,7.607070431113243,0.035352173148940756,43.36637635781676,False
6367,新疆,光伏,2023,10.089004933834076,0.03710952244971058,34.25627144373799,False
6368,新疆,光伏,2023,10.491994097828865,0.03678243779627755,32.551374328818696,False
6369,新疆,光伏,2023,10.569338500499725,0.03634874613369189,31.986815177297597,False
6371,新疆,光伏,2023,10.324573293328285,0.038201723416756435,34.38622781570213,False
6372,新疆,光伏,2023,8.900197371840477,0.039648606218373406,41.53303118244782,False
6374,新疆,光伏,2023,8.883375450968742,0.03990560201430723,41.884551111810254,False
6375,新疆,光伏,2023,8.89002688229084,0.0396104073783488,41.54361175197638,False
6380,新疆,光伏,2023,9.88721877336502,0.04276196684206503,40.16438951309976,False
6381,新疆,光伏,2023,11.594119369983673,0.04580572446826904,36.5979152956991,False
6385,新疆,光伏,2023,9.080477580428123,0.03854741471513669,39.508234182960656,False
6386,新疆,光伏,2023,9.868979528546333,0.0372291172749255,35.11116903799272,False
6387,新疆,光伏,2023,7.373536080121994,0.0422593493645446,53.634008428531494,False
6388,新疆,光伏,2023,7.579084932804108,0.08228776115730921,101.51876798659147,False
6389,新疆,光伏,2023,8.892702162265778,0.07890249660748407,82.53812131652293,False
6394,新疆,光伏,2023,7.873864397406578,0.09105028084848825,108.02356730283975,False
6395,新疆,光伏,2023,10.397816151380539,0.03671173923080341,32.79640692807828,False
6402,新疆,光伏,2023,11.026720181107521,0.043342833456621384,36.46404681241669,False
6403,新疆,光伏,2023,10.386139377951622,0.03704605388488852,33.13227432034825,False
6405,新疆,光伏,2023,8.199550732970238,0.33241510472142505,377.5087039838889,False
6406,新疆,光伏,2023,10.00806413590908,0.03658496069909181,34.047787396851156,False
6407,新疆,光伏,2023,9.520956426858902,0.03240683212959983,31.75748164754186,False
6411,新疆,光伏,2023,9.046882912516594,0.03881870317332819,39.94332373203265,False
6412,新疆,光伏,2023,10.44023908674717,0.038398223136215756,34.21624103131658,False
6414,新疆,光伏,2023,11.450954005122185,0.03711832591271157,29.99936268840007,False
6415,新疆,光伏,2023,6.749136820435524,0.027726403567622494,38.50026712257507,False
6417,新疆,光伏,2023,9.057916849851608,0.038860641610187145,39.934673106946256,False
6418,新疆,光伏,2023,11.228452697396278,0.04008104543135438,33.08368537931383,False
6419,新疆,光伏,2023,10.44023908674717,0.038398223136215756,34.21624103131658,False
6420,新疆,光伏,2023,9.712247774004936,0.03336128515375702,31.97855011149581,False
6423,新疆,光伏,2023,9.659442454576492,0.033065009058306054,31.877648566365114,False
6424,新疆,光伏,2023,9.298084527254105,0.03728693812431562,37.38768482242424,False
6427,新疆,光伏,2023,10.392098352313042,0.03706967206875704,33.134386708668565,False
6428,新疆,光伏,2023,8.587386310100555,0.0636618429091185,69.02732146444073,False
6429,新疆,光伏,2023,9.070776924490929,0.03892129624585572,39.940298449842395,False
6430,新疆,光伏,2023,9.992027655243874,0.03437441182651516,31.968364807090456,False
6434,新疆,光伏,2023,9.297108873724937,0.03728141178747375,37.386066495958175,False
6435,新疆,光伏,2023,7.158608436584473,0.07963760727462935,104.12216047180455,False
6436,新疆,光伏,2023,9.671275690197945,0.0356482408081114,34.32870332953249,False
6437,新疆,光伏,2023,9.863090068101883,0.03460129170682978,32.65232508087884,False
6440,新疆,光伏,2023,9.986744150519371,0.036929327734725806,34.36261861984179,False
6443,新疆,光伏,2023,10.205634534358978,0.04205902340194832,38.262255054173416,False
6444,新疆,光伏,2023,9.863291010260582,0.03460214429029389,32.65246440800106,False
6447,新疆,光伏,2023,8.214341551065445,0.18253594349715493,206.98806006960555,False
6448,新疆,光伏,2023,10.004069432616234,0.03583036683912744,33.29382419109844,False
6451,新疆,光伏,2023,8.725617527961731,0.04316047877566857,46.056708384746635,False
6453,新疆,光伏,2023,9.891869947314262,0.03464702082529529,32.59528330363564,False
6456,新疆,光伏,2023,10.004069432616234,0.03583036683912744,33.29382419109844,False
6460,新疆,光伏,2023,10.260774716734886,0.0343068586221302,31.078167929640713,False
6465,新疆,光伏,2023,8.070707246661186,0.05830500971407429,67.34834032592357,False
6467,新疆,光伏,2023,8.207788914442062,0.03977292280780373,45.247872804949374,False
6468,新疆,光伏,2023,8.310053274035454,0.04372250004756831,48.99715582374413,False
6475,新疆,光伏,2023,7.351206913590431,0.08457352361003168,107.58068969295725,False
6476,新疆,光伏,2023,8.310053274035454,0.04372250004756831,48.99715582374413,False
6477,新疆,光伏,2023,9.900893792510033,0.03625223294027297,34.04764365169952,False
6480,新疆,光伏,2023,8.661797046661377,0.0295070167880017,31.767316524339527,False
6485,新疆,光伏,2023,7.652427479624748,0.031314621049010206,38.202345607346714,False
6487,新疆,光伏,2023,8.677393198013306,0.029494547997246278,31.61913968919523,False
6488,新疆,光伏,2023,9.912183657288551,0.03627270411881762,34.022686472727266,False
6489,新疆,光伏,2023,9.93303157389164,0.03696976158603723,34.60646297473361,False
6493,新疆,光伏,2023,9.94089961051941,0.03699290986827441,34.5979858148991,False
6494,新疆,光伏,2023,9.64315116405487,0.03467516995392379,33.47095626112868,False
6496,新疆,光伏,2023,8.366147875785828,0.03655722505429724,40.76972101523451,False
6498,新疆,光伏,2023,10.711964964866638,0.04094712333162431,35.513050293192684,False
6502,新疆,光伏,2023,9.21337254345417,0.03180481976333775,32.15958029371775,False
6505,新疆,光伏,2023,9.63851049542427,0.03465028842582991,33.46304257869747,False
6507,新疆,光伏,2023,10.958676561713219,0.04133294211778158,34.99773254674927,False
6508,新疆,光伏,2023,9.858706444501877,0.03719576786385928,35.11899588437483,False
6514,新疆,光伏,2023,9.624581336975098,0.03462397073815682,33.49120513058011,False
6518,新疆,光伏,2023,8.451896533370018,0.03598240587578345,39.72448755869577,False
6522,新疆,光伏,2023,9.564874917268753,0.03615358064293629,35.150620406636385,False
6528,新疆,光伏,2023,8.224246948957443,0.05365300075767958,60.79938031355124,False
6531,新疆,光伏,2023,10.132871344685555,0.04027917241351184,37.00125945928738,False
6532,新疆,光伏,2023,9.995790123939514,0.03859659094623336,35.90813024629843,False
6536,新疆,光伏,2023,8.253683969378471,0.05257411453200873,59.34625684738813,False
6537,新疆,光伏,2023,10.726335570216179,0.040998479780060805,35.50708181361106,False
6538,新疆,光伏,2023,7.560894414782524,0.07981575117028267,98.60024392197995,False
6539,新疆,光伏,2023,9.995790123939514,0.03859659094623336,35.90813024629843,False
6546,新疆,光伏,2023,9.913610368967056,0.03606396676573419,33.835377165982784,False
6548,新疆,光伏,2023,7.560894414782524,0.07981575117028267,98.60024392197995,False
6552,新疆,光伏,2023,8.736625090241432,0.029772317861424615,31.730123519163097,False
6553,新疆,光伏,2023,9.363260641694069,0.03625528224568885,36.09202242855958,False
6557,新疆,光伏,2023,10.668269544839859,0.038613576603045284,33.62091207761368,False
6559,新疆,光伏,2023,8.21756087243557,0.13272049247832704,150.79965727843467,False
6560,新疆,光伏,2023,9.913954809308052,0.03973528412062506,37.25495099494089,False
6564,新疆,光伏,2023,7.621502056717873,0.04318515532263521,52.95863851118108,False
6565,新疆,光伏,2023,7.621501609683037,0.11228139694528776,137.69245975165683,False
6566,新疆,光伏,2023,8.4748325496912,0.04515036844069579,49.62111904299047,False
6568,新疆,光伏,2023,9.363524615764618,0.036172154284772634,36.00007009748982,False
657,甘肃,光伏,2023,11.379847079515457,0.10401979624668743,84.20926598497131,False
6574,新疆,光伏,2023,8.520159423351288,0.04300138057754862,47.00431608419313,False
6576,新疆,光伏,2023,7.617634758353233,0.11461870356760388,140.7494353374183,False
6578,新疆,光伏,2023,8.519816547632217,0.03885078753593186,42.52387309428603,False
6582,新疆,光伏,2023,8.412916213274002,0.5078130447953529,562.2897585457973,False
6585,新疆,光伏,2023,10.100450366735458,0.035086897372428996,32.304661983596425,False
6590,新疆,光伏,2023,8.969972357153893,0.04247133821816122,44.062801037257884,False
6597,新疆,光伏,2023,9.774314537644386,0.03265561214234451,31.153164227070697,False
6598,新疆,光伏,2023,7.406356930732727,0.4236589795954077,534.5171140233642,False
6602,新疆,光伏,2023,8.532080948352814,0.03515665347659811,38.48986959892992,False
6605,新疆,光伏,2023,10.201294049620628,0.03877658585172079,35.343266200743045,False
6606,新疆,光伏,2023,9.71692331135273,0.033377551452519826,31.97874744541089,False
6607,新疆,光伏,2023,6.930346861481667,0.07338086991690658,99.25280763500255,False
6609,新疆,光伏,2023,8.436210080981255,0.5404682818495731,596.8413326738241,False
6616,新疆,光伏,2023,8.901390507817268,0.04068134781609057,42.58010027024379,False
6619,新疆,光伏,2023,10.726335570216179,0.040998479780060805,35.50708181361106,False
6625,新疆,光伏,2023,7.6458363980054855,0.08765224702518194,107.11660128243186,False
6626,新疆,光伏,2023,9.774098619818687,0.032392143407230706,30.819383236317936,False
6628,新疆,光伏,2023,6.940631344914436,0.07264551039766921,98.0929220908145,False
663,甘肃,光伏,2023,11.379847079515457,0.10401979624668743,84.20926598497131,False
6632,新疆,光伏,2023,11.518808975815773,0.03882139064894384,31.233572854352364,False
6633,新疆,光伏,2023,10.726335570216179,0.040998479780060805,35.50708181361106,False
6634,新疆,光伏,2023,7.243216261267662,0.039210597573396185,50.69152968539851,False
6635,新疆,光伏,2023,9.775435030460358,0.03424206415378329,32.6628810121781,False
6638,新疆,光伏,2023,7.821866422891617,0.10055868384153611,119.91400174836204,False
6641,新疆,光伏,2023,9.79837417602539,0.040333171063922216,38.2585399489306,False
6643,新疆,光伏,2023,10.44797033071518,0.03845721366124801,34.24344876597533,False
6644,新疆,光伏,2023,7.593061253428459,0.05293205651204788,65.06097147865341,False
6650,新疆,光伏,2023,9.929748550057411,0.034684332787696844,32.482995127955526,False
6652,新疆,光伏,2023,11.383034437894821,0.03895701573726847,31.735174605114995,False
6654,新疆,光伏,2023,8.915792182087898,0.039564263199730304,41.42112141954346,False
6657,新疆,光伏,2023,9.929748550057411,0.034684332787696844,32.482995127955526,False
6659,新疆,光伏,2023,9.793439134955406,0.04037479570712951,38.32645939587819,False
6661,新疆,光伏,2023,10.461259111762047,0.03846920363053243,34.197173377586196,False
6666,新疆,光伏,2023,8.572260439395905,0.03579145697427666,38.92685894690486,False
6668,新疆,光伏,2023,11.384077817201614,0.03895754607860538,31.735345708257405,False
6669,新疆,光伏,2023,8.424289003014565,0.052102731457719265,57.605455585488066,False
6670,新疆,光伏,2023,11.480271443724632,0.039990362820040384,32.25465664813402,False
6672,新疆,光伏,2023,7.636630609631538,0.044265032839607456,54.1907780085202,False
6673,新疆,光伏,2023,11.400300934910774,0.03900033086518794,31.72234155886315,False
6675,新疆,光伏,2023,8.575004115700722,0.04086831723294186,44.369871296017884,False
668,甘肃,光伏,2023,12.805398255586624,0.046834284396361094,33.708262953890795,False
6684,新疆,光伏,2023,10.44637955725193,0.03839647964982911,34.18383666339508,False
6685,新疆,光伏,2023,9.883026704192162,0.035329487548887525,33.233108150234635,False
6691,新疆,光伏,2023,11.47850252687931,0.03998762637533192,32.260177935974816,False
6693,新疆,光伏,2023,9.978997930884361,0.036675148117865465,34.158987375715,False
6694,新疆,光伏,2023,11.026720181107521,0.043342833456621384,36.46404681241669,False
6699,新疆,光伏,2023,9.978997930884361,0.036675148117865465,34.158987375715,False
6701,新疆,光伏,2023,10.761587172746658,0.041668705892424315,35.87111765405495,False
6704,新疆,光伏,2023,10.453529432415962,0.038409591442856446,34.169428479440526,False
6707,新疆,光伏,2023,9.302857518196106,0.03974794925271323,39.8288906893044,False
6720,新疆,光伏,2023,8.583258166909218,0.03498887943012542,38.066784354022715,False
6723,新疆,光伏,2023,9.603322595357895,0.03698321465049154,35.84412135706064,False
6728,新疆,光伏,2023,9.191382229328156,0.040116365792391674,40.585178146866625,False
6731,新疆,光伏,2023,9.835195317864418,0.04052185253237713,38.270994112676675,False
6733,新疆,光伏,2023,10.458871498703957,0.03842700840575904,34.167462130323315,False
6736,新疆,光伏,2023,9.191382229328156,0.040116365792391674,40.585178146866625,False
6738,新疆,光伏,2023,9.65298056602478,0.04029910314732883,38.79889699553235,False
6739,新疆,光伏,2023,8.652074486017227,0.4401799640577259,473.78326117367,False
6740,新疆,光伏,2023,8.702240735292435,0.0436241863882803,46.71588442835425,False
6741,新疆,光伏,2023,8.439745679497719,0.03909234226399824,43.200681223106756,False
6745,新疆,光伏,2023,8.454949110746384,0.10106272871998806,111.35663217938013,False
6747,新疆,光伏,2023,7.770210653543472,0.43819588349729477,527.0446632441777,False
6750,新疆,光伏,2023,10.43212965130806,0.03838751936180228,34.23597252991143,False
6753,新疆,光伏,2023,7.952407747507095,0.042466624458155286,49.87830186549864,False
6755,新疆,光伏,2023,7.886457145214081,0.04280605295796027,50.69375126485105,False
6757,新疆,光伏,2023,10.433720648288727,0.038394127354210356,34.236644471545596,False
6760,新疆,光伏,2023,7.929937541484833,0.05768597754378209,67.92620138188586,False
6764,新疆,光伏,2023,9.889842867851257,0.04234852300523819,39.81449908980906,False
6766,新疆,光伏,2023,8.656049072742462,0.3097060055460895,333.2980718087108,False
6768,新疆,光伏,2023,8.908571675419807,0.03947486014580036,41.35835399618112,False
6769,新疆,光伏,2023,11.18132695555687,0.03896444850733393,32.36181183537914,False
6774,新疆,光伏,2023,8.044021725654602,0.05563692563340866,64.547061999029,False
6777,新疆,光伏,2023,7.4525197595357895,0.04077733686309964,51.175966814654316,False
678,甘肃,光伏,2023,11.878138706088066,0.13169009153349598,102.12762287047939,False
6782,新疆,光伏,2023,8.044021725654602,0.05563692563340866,64.547061999029,False
6784,新疆,光伏,2023,10.67395493388176,0.04117821163282525,35.764022513914036,False
6785,新疆,光伏,2023,8.713434264063835,0.03797508719696986,40.63872430173134,False
6790,新疆,光伏,2023,8.029561266303062,0.25683880612816273,298.65798192294625,False
6792,新疆,光伏,2023,8.116703778505325,0.06426676233261243,73.84736225396377,False
6793,新疆,光伏,2023,7.520370036363602,0.041347765310824666,51.438105133602654,False
6794,新疆,光伏,2023,11.456385925412178,0.03873297808955701,31.297581174148014,False
6799,新疆,光伏,2023,7.75742769241333,0.16741127450076768,201.6586258554996,False
6801,新疆,光伏,2023,9.352569356560707,0.03599447551297148,35.837787437476756,False
6802,新疆,光伏,2023,7.297001034021378,0.04095976512338058,52.537163998122814,False
6804,新疆,光伏,2023,9.023299813270569,0.09349506748571917,96.35722521930273,False
6806,新疆,光伏,2023,7.991139739751816,0.03128831390884531,36.478975751147246,False
6809,新疆,光伏,2023,9.755493476986885,0.03414717834352316,32.58424983718999,False
6811,新疆,光伏,2023,10.034101903438568,0.03648198356375636,33.83507916165068,False
6813,新疆,光伏,2023,8.636421114206314,0.038210137921478246,41.30951485973848,False
6814,新疆,光伏,2023,10.816787481307983,0.042447040214021715,36.40047133901605,False
6815,新疆,光伏,2023,9.436073452234268,0.040370598147008704,39.85444406207126,False
6816,新疆,光伏,2023,10.816787481307983,0.042447040214021715,36.40047133901605,False
6819,新疆,光伏,2023,7.744676694273949,0.16600303623528076,200.2771811684623,False
6820,新疆,光伏,2023,9.632037654519081,0.03668388809903517,35.44250825158206,False
6823,新疆,光伏,2023,10.251397266983986,0.035010510910630475,31.71560689668863,False
6825,新疆,光伏,2023,10.816787481307983,0.042447040214021715,36.40047133901605,False
6830,新疆,光伏,2023,10.163672044873238,0.03654145694838446,33.45819261025541,False
6831,新疆,光伏,2023,6.8147943913936615,0.05033717959244429,69.21897910922962,False
6832,新疆,光伏,2023,9.391038715839386,0.03447390255924154,34.227472869681165,False
6834,新疆,光伏,2023,10.405364781618118,0.03747422696338751,33.499542384793706,False
6838,新疆,光伏,2023,8.573903739452362,0.03790590348092684,41.30625596565709,False
6839,新疆,光伏,2023,8.00525151193142,0.06689198979302916,77.79800131272299,False
684,甘肃,光伏,2023,11.855493485927582,0.05433868845120138,42.22211372092418,False
6842,新疆,光伏,2023,9.59794320166111,0.03863914286472551,37.49893766122773,False
6845,新疆,光伏,2023,8.488615304231644,0.02973142846666792,32.57422720540889,False
6846,新疆,光伏,2023,10.146214663982391,0.03716098550615743,34.0919366761866,False
6848,新疆,光伏,2023,10.405364781618118,0.03747422696338751,33.499542384793706,False
6849,新疆,光伏,2023,9.525242820382118,0.03430880107594707,33.61119413689456,False
685,甘肃,光伏,2023,11.82709515094757,0.25574778886344907,199.1921930213007,False
6852,新疆,光伏,2023,8.488615304231644,0.02973142846666792,32.57422720540889,False
6853,新疆,光伏,2023,10.032870769500732,0.03648138230144139,33.841306471665234,False
6854,新疆,光伏,2023,8.217141777276993,0.13539846488066143,153.4130366460927,False
6859,新疆,光伏,2023,11.079673692584038,0.043193185140805744,36.119048105914096,False
6860,新疆,光伏,2023,7.4954853951931,0.03333982494416659,41.63102737425189,False
6866,新疆,光伏,2023,8.007903769612312,0.03384671841223832,39.5512999130218,False
6867,新疆,光伏,2023,8.21714200079441,0.0902656456650038,102.27535771407331,False
6871,新疆,光伏,2023,10.252290889620781,0.03432967532254817,31.127045509072666,False
6874,新疆,光伏,2023,10.453391745686531,0.038418758224578964,34.183416858131935,False
6881,新疆,光伏,2023,8.127290681004524,0.035268107527494104,40.58982775239666,False
6883,新疆,光伏,2023,8.546132370829582,0.03192834737504974,34.802441225706154,False
6885,新疆,光伏,2023,8.21714200079441,0.0902656456650038,102.27535771407331,False
6886,新疆,光伏,2023,9.399789422750473,0.033017787973884605,32.79707777191677,False
6888,新疆,光伏,2023,10.43537512421608,0.03837277590919561,34.209503015542886,False
6895,新疆,光伏,2023,7.563113048672676,0.05118534470825475,63.342998228390364,False
6898,新疆,光伏,2023,8.035894855856895,0.22997914818605808,267.09938931127925,False
6903,新疆,光伏,2023,11.026720181107521,0.043342833456621384,36.46404681241669,False
6907,新疆,光伏,2023,7.946309745311737,0.08189505542870074,96.18577998686791,False
6911,新疆,光伏,2023,9.363260641694069,0.03625528224568885,36.09202242855958,False
6912,新疆,光伏,2023,8.002304211258888,0.033821895650510324,39.54994894034545,False
6913,新疆,光伏,2023,8.032053485512733,0.11243739005499097,130.57044229650444,False
6916,新疆,光伏,2023,8.681703954935074,0.5673786928213946,608.748222521265,False
6918,新疆,光伏,2023,7.264619171619415,0.15825079517617832,203.6714673496217,False
6927,新疆,光伏,2023,9.523631036281586,0.033337558040616715,32.6579566918561,False
6928,新疆,光伏,2023,8.360883817076683,0.09042915409994394,100.78400485032238,False
6934,新疆,光伏,2023,7.96378456056118,0.027510913887322977,32.33919878394271,False
6938,新疆,光伏,2023,8.458625301718712,0.043151173875638105,47.525740601438216,False
6939,新疆,光伏,2023,10.216478481888771,0.03863856755015145,35.16512556368122,False
6945,新疆,光伏,2023,10.216478481888771,0.03863856755015145,35.16512556368122,False
6947,新疆,光伏,2023,9.235571175813675,0.03695245103691691,37.31429662750566,False
6953,新疆,光伏,2023,9.238283336162567,0.03708134718273279,37.43346206666008,False
6954,新疆,光伏,2023,9.404118731617928,0.033033638891293286,32.79771692107372,False
6959,新疆,光伏,2023,7.871533781290054,0.046275506453711666,54.93405448103489,False
6961,新疆,光伏,2023,9.422383680939674,0.033087473824489434,32.78271493215206,False
6963,新疆,光伏,2023,8.115743547677994,0.09615888771402319,110.43209182698087,False
6968,新疆,光伏,2023,9.422383680939674,0.033087473824489434,32.78271493215206,False
6969,新疆,光伏,2023,9.771941900253296,0.032645926301077294,31.15148579674219,False
697,甘肃,光伏,2023,12.089974209666252,0.3001589485057221,228.73997254589247,False
6973,新疆,光伏,2023,9.422383680939674,0.033087473824489434,32.78271493215206,False
6975,新疆,光伏,2023,10.553838014602661,0.040380415533646276,35.5615271902337,False
6977,新疆,光伏,2023,10.446302890777588,0.038398821689603076,34.19691245832221,False
6981,新疆,光伏,2023,9.014028534293175,0.09125123113105121,94.16365459474001,False
699,甘肃,光伏,2023,11.01820170879364,0.06705821417921608,56.068069467617086,False
6990,新疆,光伏,2023,10.170324817299843,0.03500074573657266,31.962109295520225,False
6995,新疆,光伏,2023,10.092630609869957,0.03500855758222704,32.228391377267236,False
6996,新疆,光伏,2023,10.095136910676956,0.03501621218551121,32.227435066549454,False
6997,新疆,光伏,2023,10.173547714948654,0.03500892126038496,31.959447347467066,False
6998,新疆,光伏,2023,7.7803885191679,0.03225612492008364,38.65528896334284,False
6999,新疆,光伏,2023,8.625426292419434,0.04755223191967661,51.312731806046855,False
7000,新疆,光伏,2023,10.082493647933006,0.03498324102956369,32.24006376664793,False
7001,新疆,光伏,2023,9.995790123939514,0.03859659094623336,35.90813024629843,False
7092,甘肃,光伏,2023,12.58064053952694,0.038032187050362515,27.86979693628575,False
710,甘肃,光伏,2023,12.529713660478592,0.07225221885189684,53.16712888398866,False
7114,新疆,光伏,2023,10.86237944662571,0.0421822432795429,36.039436768801025,False
7127,新疆,光伏,2023,10.058992356061935,0.03718164635658416,34.40666938995605,False
7145,新疆,光伏,2023,10.058992356061935,0.03718164635658416,34.40666938995605,False
717,甘肃,光伏,2023,12.09956668317318,0.056150023963742676,42.771813599705695,False
720,甘肃,光伏,2023,12.327286675572395,0.05653311222599118,42.25590313296056,False
723,甘肃,光伏,2023,11.266759559512138,0.050026960337100905,40.907535369001934,False
724,甘肃,光伏,2023,11.667932868003845,0.15227562943098608,120.20465498205165,False
7274,新疆,光伏,2023,9.426860511302948,0.03676327486734695,36.32593207514437,False
7284,新疆,光伏,2023,9.434988275170326,0.036790103033776146,36.318342568687946,False
7294,新疆,光伏,2023,9.17127214372158,0.03420544270105153,34.795527162848025,False
731,甘肃,光伏,2023,10.48675887286663,0.061208367797098755,53.761604565979276,False
7325,新疆,光伏,2023,8.397808000445366,0.03928461908014593,43.63322527517259,False
7332,新疆,光伏,2023,7.970234602689743,0.11084805172858825,129.77147375849907,False
734,甘肃,光伏,2023,11.70551486313343,0.051214859560112326,40.3080460679952,False
7341,新疆,光伏,2023,9.466248750686646,0.036841710751241104,36.224022493895184,False
7346,新疆,光伏,2023,9.466248750686646,0.036841710751241104,36.224022493895184,False
736,甘肃,光伏,2023,11.70551486313343,0.051214859560112326,40.3080460679952,False
7361,新疆,光伏,2023,10.118924751877785,0.03527614385892593,32.455065424637674,False
739,甘肃,光伏,2023,10.917193070054054,0.06454891392312921,54.46636650037541,False
742,甘肃,光伏,2023,11.678770333528519,0.04099382689850727,32.33892227923258,False
745,甘肃,光伏,2023,12.575565800070763,0.044454601366620425,32.57534224490913,False
747,甘肃,光伏,2023,11.195200234651566,0.04842181617092435,39.85027531918365,False
750,甘肃,光伏,2023,11.1699078977108,0.0966112873418835,79.68827406792575,False
754,甘肃,光伏,2023,11.195200458168983,0.3389527206875356,278.95192782989005,False
761,甘肃,光伏,2023,11.943629756569862,0.07089863909816521,54.72286971596105,False
764,甘肃,光伏,2023,11.814139410853386,0.06542225260109828,51.01007349156457,False
766,甘肃,光伏,2023,11.455617249011993,0.1401791047151221,112.77489191220678,False
769,甘肃,光伏,2023,11.836179569363594,0.06772242044740717,52.70737432813059,False
770,甘肃,光伏,2023,11.004345417022705,0.05034688043187695,42.13870882633688,False
772,甘肃,光伏,2023,11.854828521609306,0.052175967753450805,40.54503062357029,False
778,甘肃,光伏,2023,12.263632714748383,0.04484451225036568,33.69782933523616,False
781,甘肃,光伏,2023,11.838683634996414,0.06519686527064983,50.731038812790494,False
782,甘肃,光伏,2023,12.054049596190453,0.07333565426041884,56.05447481319421,False
784,甘肃,光伏,2023,11.829949915409088,0.1309889755189651,101.99909660106495,False
789,甘肃,光伏,2023,11.835725829005241,0.06513982341893425,50.69932020339721,False
797,甘肃,光伏,2023,10.905594527721405,0.04627439104384771,39.08839078063535,False
798,甘肃,光伏,2023,11.15993969142437,0.04092708993179812,33.77984803635274,False
7987,青海,光伏,2023,10.89676782488823,0.036461395461214956,31.25796819798027,False
799,甘肃,光伏,2023,12.08015151321888,0.055752388432407894,42.533073690552186,False
802,甘肃,光伏,2023,11.924282535910606,0.05346475276155809,41.317601828175796,False
803,甘肃,光伏,2023,11.15993969142437,0.04092708993179812,33.77984803635274,False
809,甘肃,光伏,2023,10.90706393122673,0.046258792183519706,39.07048717163743,False
810,甘肃,光伏,2023,12.04929605126381,0.14665493107526037,112.14065439430777,False
814,甘肃,光伏,2023,10.900814160704613,0.0666050076382686,56.28574285080616,False
816,甘肃,光伏,2023,11.02008305490017,0.05993666935106694,50.09616451508222,False
817,甘肃,光伏,2023,12.13546670973301,0.055130075478954155,41.86718448787323,False
821,甘肃,光伏,2023,12.273532077670097,0.04487385772232008,33.6931472542819,False
8216,青海,光伏,2023,8.475022539496422,0.03134029864500824,34.71625798347776,False
8217,青海,光伏,2023,10.36943569779396,0.035563158295814225,32.077132154607774,False
824,甘肃,光伏,2023,12.122067287564278,0.05608589437606724,42.639551896682846,False
827,甘肃,光伏,2023,12.218042984604836,0.13060223111460315,98.48115765942484,False
8273,青海,光伏,2023,10.64320407807827,0.03489670897878755,30.649035001903133,False
8281,青海,光伏,2023,10.86564414203167,0.03637447716888017,31.27052414420867,False
8290,青海,光伏,2023,10.724631696939468,0.03649017742867776,31.793872287282873,False
8305,青海,光伏,2023,10.949426516890526,0.03699108872972484,31.54129046676381,False
8309,青海,光伏,2023,10.728522017598152,0.036536905550078304,31.8298624906223,False
8314,青海,光伏,2023,7.1886033564805984,0.02615759980259967,34.20837666919847,False
8317,青海,光伏,2023,10.957672521471977,0.0380151389297364,32.39243267242392,False
832,甘肃,光伏,2023,12.091626897454262,0.06412541789385354,48.85822927286085,False
8326,青海,光伏,2023,7.139996364712715,0.02563006494835683,33.74666124195487,False
836,甘肃,光伏,2023,13.078638240695,0.046523854488770104,32.80154161707184,False
8380,青海,光伏,2023,8.317282050848007,0.030919473269463274,34.769703796339044,False
8398,青海,光伏,2023,11.706492081284523,0.03883733583609507,30.866561441259645,False
843,甘肃,光伏,2023,12.091685011982918,0.12829623341568483,97.74923379683837,False
847,甘肃,光伏,2023,12.083136141300201,0.044850803904051585,34.20929905329514,False
848,甘肃,光伏,2023,12.091685011982918,0.06414811675745212,48.87461693621692,False
850,甘肃,光伏,2023,10.437187626957893,0.19212481543954135,169.56122705029253,False
851,甘肃,光伏,2023,10.852423757314682,0.17418253480689214,147.82799996678892,False
854,甘肃,光伏,2023,10.781645402312279,0.06143562689081822,52.49254703543889,False
856,甘肃,光伏,2023,12.096510753035545,0.06386148046734859,48.63882380404763,False
859,甘肃,光伏,2023,10.84667019546032,0.0628581046036138,53.37644567162583,False
8608,西藏,光伏,2023,8.6393091827631,0.03195857577976829,35.21887645938377,False
867,甘肃,光伏,2023,11.375266760587692,0.04992842090979656,40.434179694960186,False
870,甘肃,光伏,2023,11.685267761349678,0.0408805795700248,32.23165259681147,False
875,甘肃,光伏,2023,10.43988011777401,0.12333691454937865,108.81937856682849,False
876,甘肃,光伏,2023,10.846669971942902,0.044898645314038886,38.126032702263984,False
880,甘肃,光伏,2023,12.09576040506363,0.06417606263720926,48.8794346032743,False
882,甘肃,光伏,2023,11.375233232975006,0.049929254415669165,40.4349738823955,False
883,甘肃,光伏,2023,12.100274115800858,0.06422029192773747,48.89420350744606,False
886,甘肃,光伏,2023,10.516710206866264,0.13833186405280032,121.1477058575398,False
888,甘肃,光伏,2023,12.091685011982918,0.12829623341568483,97.74923379683837,False
894,甘肃,光伏,2023,12.091685011982918,0.06414811675745212,48.87461693621692,False
895,甘肃,光伏,2023,10.858768299221992,0.13356101846137308,113.30981291599802,False
897,甘肃,光伏,2023,12.091685011982918,0.06414811675745212,48.87461693621692,False
906,甘肃,光伏,2023,11.837026923894882,0.1025439136175814,79.80272264192541,False
908,甘肃,光伏,2023,12.108255252242088,0.12850408796780874,97.77361142008655,False
912,甘肃,光伏,2023,12.04465426504612,0.12847337411809737,98.2623527983614,False
918,甘肃,光伏,2023,12.04465426504612,0.12847337411809737,98.2623527983614,False
922,甘肃,光伏,2023,12.242722660303116,0.067440532249961,50.751998487317465,False
927,甘肃,光伏,2023,12.381274849176407,0.062000870128204974,46.14072448912041,False
931,甘肃,光伏,2023,11.000799089670181,0.05047281850546797,42.25773315076555,False
933,甘肃,光伏,2023,12.098724469542503,0.05909728479221206,45.00636684339025,False
935,甘肃,光伏,2023,12.07963451743126,0.07292527099791848,55.622736125299475,False
943,甘肃,光伏,2023,11.00477434694767,0.04990632972992995,41.76892789138404,False
948,甘肃,光伏,2023,12.102401554584503,0.0438818473779816,33.40868320631697,False
9537,青海,光伏,2023,8.317282050848007,0.03233408969493909,36.36047455981795,False
954,甘肃,光伏,2023,11.006200164556503,0.05989993183265847,50.12654360000876,False
957,甘肃,光伏,2023,10.995630919933319,0.05032340930972009,42.1524453759006,False
9579,青海,光伏,2023,10.89676782488823,0.036461395461214956,31.25796819798027,False
959,甘肃,光伏,2023,10.531982481479645,0.06531106929132545,57.11726947135114,False
961,甘肃,光伏,2023,12.351755127310753,0.07739379278326976,57.73053048061496,False
963,甘肃,光伏,2023,12.361878454685211,0.15494075908004123,115.48067167511714,False
969,甘肃,光伏,2023,11.898552775382996,0.053896328993905826,41.74349023999778,False
970,甘肃,光伏,2023,11.889656335115433,0.05384698489174252,41.73647850300847,False
971,甘肃,光伏,2023,11.114769950509071,0.047014421542111766,38.96718070765185,False
990,甘肃,光伏,2023,12.440067082643509,0.042021976605501485,31.127739106140364,False
991,甘肃,光伏,2023,12.56062500178814,0.04280838952814234,31.410239833090912,False
992,甘肃,光伏,2023,11.115860715508461,0.0945476253218785,78.3577337682625,False
W113,甘肃,风电,2023,11.467233449220657,0.057459018905914885,46.1830989296795,False
W1130,河北,风电,2023,8.91846477985382,0.09466750477266805,98.62332008201534,False
W1134,河北,风电,2023,7.897216379642487,0.05792806263347735,68.37258619547956,False
W114,甘肃,风电,2023,11.657697558403015,0.11855012665540449,93.69133103793646,False
W115,甘肃,风电,2023,11.177204623818398,0.11445517509685672,94.31895291049277,False
W116,甘肃,风电,2023,10.836512669920921,0.05393170660673325,45.856471536889124,False
W117,甘肃,风电,2023,11.593904346227646,0.0578934302241194,46.025767130640546,False
W1223,陕西,风电,2023,12.506264671683311,0.04332078877765357,31.94903495680469,False
W123,甘肃,风电,2023,11.727511435747147,0.1172842704238087,92.15560439688782,False
W127,甘肃,风电,2023,11.266566216945648,0.055691938344771506,45.55629456846077,False
W128,甘肃,风电,2023,11.419666707515717,0.056371924647731976,45.49681440230395,False
W1287,河北,风电,2023,9.692871272563934,0.0676205824359934,64.65784372995418,False
W129,甘肃,风电,2023,11.303968504071236,0.05590719451458345,45.58042947569255,False
W131,甘肃,风电,2023,11.568219289183617,0.0576143771913226,45.90498421352188,False
W132,甘肃,风电,2023,12.125393003225327,0.06045775943823475,45.976015044536325,False
W133,甘肃,风电,2023,12.402319461107254,0.061845765616952854,45.9864731589756,False
W134,甘肃,风电,2023,12.373023480176926,0.06155579220150027,45.881131477004644,False
W1340,河北,风电,2023,12.454798221588135,0.05192193984195928,38.417223182682065,False
W1356,河北,风电,2023,12.50776469707489,0.05302899495971742,39.075563453835734,False
W1358,河北,风电,2023,12.543873265385628,0.05303735041894638,38.96975714397456,False
W136,甘肃,风电,2023,7.416133135557175,0.061473115420962975,77.61421034600141,False
W1360,河北,风电,2023,6.704409867525101,0.03782552095323434,52.98958961705102,False
W1362,河北,风电,2023,6.704409867525101,0.03782552095323434,52.98958961705102,False
W1374,河北,风电,2023,6.690620854496956,0.07578644526324207,106.36720018035415,False
W1389,河北,风电,2023,7.676321044564247,0.08496369805552875,103.63675700463344,False
W141,甘肃,风电,2023,8.047400638461113,0.19338705639591827,223.72140085457028,False
W1483,海南,风电,2023,9.84007515013218,0.03420519832096354,32.26284868927752,False
W1502,河北,风电,2023,10.74100524187088,0.05207202952892149,44.92806666960635,False
W1509,河北,风电,2023,7.993245050311089,0.05700965879799889,66.54004649254749,False
W1520,河北,风电,2023,8.23199026286602,0.02924321373102975,33.10963804901386,False
W1533,河北,风电,2023,8.206898868083954,0.0291501061088862,33.115125027293324,False
W1612,河北,风电,2023,12.407044842839241,0.05284647261411306,39.252865543701255,False
W1693,河北,风电,2023,9.570593163371086,0.03405004143864257,33.17239329056028,False
W1866,河北,风电,2023,8.93403522670269,0.07398161279138049,76.93250212674627,False
W1875,河北,风电,2023,12.433596029877663,0.05405504393166973,40.07144052439652,False
W1887,河北,风电,2023,10.09410873055458,0.04961051251258134,45.74467368735373,False
W1892,河北,风电,2023,9.638032615184784,0.04709049043252295,45.53162499300864,False
W1941,河北,风电,2023,9.239166229963303,0.031450134592493864,31.606513027588804,False
W2003,河南,风电,2023,11.729040741920471,0.0513736396143689,40.37803100962696,False
W2010,河南,风电,2023,11.696354672312737,0.05013199980021342,39.49810474251382,False
W2016,河南,风电,2023,11.844148859381676,0.1272535887681577,99.05476939537756,False
W2017,河南,风电,2023,11.896805986762047,0.03823866003640429,29.634218112332334,False
W2237,黑龙江,风电,2023,9.18134406208992,0.09254108905350512,93.68778090131416,False
W2263,河北,风电,2023,7.939733862876892,0.05417531026793893,63.82286667608579,False
W2266,河北,风电,2023,8.149288594722748,0.046087412866520176,52.8498222837041,False
W2269,黑龙江,风电,2023,6.818622127175331,0.062112682802826495,85.50075038613346,False
W2326,河南,风电,2023,12.982652708888054,0.041823765357005646,29.70126096388417,False
W2336,河南,风电,2023,13.129973709583282,0.04650242114152767,32.6456365446165,False
W2337,河南,风电,2023,11.975365430116653,0.039948030885847446,30.73721868057483,False
W2377,河北,风电,2023,10.97910962998867,0.03603183988815726,30.230954830027798,False
W2383,黑龙江,风电,2023,7.961071729660034,0.03429556881941161,40.344974011219,False
W2404,黑龙江,风电,2023,9.914973601698875,0.037945353526163766,35.6178823240546,False
W2407,河南,风电,2023,12.989899590611458,0.0580542282050924,41.20209572762158,False
W2420,黑龙江,风电,2023,8.592648133635521,0.03640248760435634,39.595600286677595,False
W2431,河北,风电,2023,8.787342980504036,0.0594876602419998,63.00432506028547,False
W2435,黑龙江,风电,2023,11.43908254802227,0.04476996233162536,36.2520838351194,False
W2436,河北,风电,2023,8.996390998363495,0.060342807919133185,62.31979024062466,False
W2441,河北,风电,2023,8.573286831378937,0.07186382674925916,78.01247193815786,False
W2448,河南,风电,2023,10.78578606247902,0.04615760979037205,39.4298908478785,False
W2456,黑龙江,风电,2023,8.47714751958847,0.035788587240276074,39.452607670766135,False
W2461,河北,风电,2023,13.113173693418503,0.05703049023525301,40.10332527482293,False
W2482,河北,风电,2023,9.159492552280426,0.07648383865126278,77.46903746237747,False
W2488,河北,风电,2023,8.695706650614738,0.07302944747340762,78.15565287031552,False
W2504,黑龙江,风电,2023,7.572773918509483,0.03243102628946411,40.094002687299046,False
W2507,河北,风电,2023,8.882347270846367,0.07388797478407143,77.34609532649529,False
W2524,黑龙江,风电,2023,6.404535099864006,0.03056236156579171,44.813597445022715,False
W2525,河北,风电,2023,8.929572254419327,0.07530650370598108,78.46345465654097,False
W2553,黑龙江,风电,2023,6.94314032793045,0.06192888501166363,83.70803335626225,False
W2567,黑龙江,风电,2023,6.6684215515851974,0.04269258381489142,60.24391341747173,False
W2577,黑龙江,风电,2023,6.811624243855476,0.030712741016867245,42.29040393366391,False
W2590,黑龙江,风电,2023,9.457390531897545,0.03913403099210018,38.54660608171494,False
W2610,黑龙江,风电,2023,5.893439948558807,0.02782368701079251,44.427951696106284,False
W2611,河南,风电,2023,11.832878440618515,0.03747454772731253,29.198946613113684,False
W2622,黑龙江,风电,2023,7.176569402217865,0.0456611842060455,59.76188156130797,False
W2626,黑龙江,风电,2023,6.529991403222084,0.04306160125718224,61.98720965262521,False
W2635,黑龙江,风电,2023,7.112650349736214,0.03493416814027415,46.03272742159327,False
W2638,黑龙江,风电,2023,6.359518691897392,0.0413260467142364,61.091207606612556,False
W2642,黑龙江,风电,2023,7.312410548329353,0.14334441882137647,183.4098670347201,False
W2648,黑龙江,风电,2023,7.03761912882328,0.04682737111575155,62.454002979077416,False
W2655,黑龙江,风电,2023,7.441269010305405,0.0640910050454453,80.71765044646689,False
W2670,黑龙江,风电,2023,8.704349175095558,0.031906226962130094,34.04333542575443,False
W2679,黑龙江,风电,2023,6.1787015944719315,0.04030154918552605,61.37737379449487,False
W2693,黑龙江,风电,2023,7.0142801105976105,0.0467390685160557,62.539586875895004,False
W2703,黑龙江,风电,2023,6.939748227596283,0.04571381060492816,61.84867640660234,False
W2708,黑龙江,风电,2023,6.778820157051086,0.044511746082558784,61.695412550294016,False
W2710,黑龙江,风电,2023,6.995701119303703,0.03292271966509458,44.13479444096892,False
W2713,黑龙江,风电,2023,6.692913919687271,0.03163783999502575,44.365935781198516,False
W2715,河南,风电,2023,12.398730888962746,0.05201661897299646,38.692777126016324,False
W2720,黑龙江,风电,2023,6.945624500513077,0.03284883988874102,44.3649306037885,False
W2724,黑龙江,风电,2023,6.951645165681839,0.03288938379684554,44.38121742310763,False
W2736,黑龙江,风电,2023,6.866435185074806,0.043843820290862506,60.016994513245365,False
W2751,黑龙江,风电,2023,6.815605983138084,0.04441148102149087,61.27050566121514,False
W2766,黑龙江,风电,2023,6.8358014523983,0.041257192189233516,56.69694650791246,False
W2767,黑龙江,风电,2023,6.5854766964912415,0.04294342212885669,61.32313188320513,False
W2778,黑龙江,风电,2023,6.129956245422363,0.04162227866285484,63.88891794122054,False
W2780,河北,风电,2023,11.45689643919468,0.11052898795016343,88.88436001651631,False
W2781,黑龙江,风电,2023,6.89604677259922,0.04527705039941505,61.68936249703065,False
W2786,河北,风电,2023,11.626165062189102,0.05463078272051562,43.298300957064995,False
W2790,黑龙江,风电,2023,6.770017147064209,0.04448273739417963,61.75880951848247,False
W2792,河北,风电,2023,11.183589175343513,0.1029760835203406,84.81677270233905,False
W2797,河北,风电,2023,11.465761810541153,0.11060153849507524,88.87515474535557,False
W2800,黑龙江,风电,2023,7.113567218184471,0.035273272893398364,46.49004080913246,False
W2803,黑龙江,风电,2023,7.696259245276451,0.03598970669710609,43.73083832542063,False
W2812,黑龙江,风电,2023,7.069766968488693,0.046039978056416325,61.12066479724615,False
W2813,黑龙江,风电,2023,9.625418409705162,0.039620615371081,38.32991679761115,False
W2820,黑龙江,风电,2023,6.954469978809357,0.04515249341841751,61.01057872804747,False
W2822,黑龙江,风电,2023,7.5958002358675,0.03301576507844725,40.73574851871237,False
W2824,黑龙江,风电,2023,6.412970423698425,0.04171860555093438,61.12663149651832,False
W2827,黑龙江,风电,2023,7.271267473697662,0.05912865385352654,76.35097216854383,False
W2837,黑龙江,风电,2023,6.02607898414135,0.03929125791348408,61.36027714549718,False
W2845,黑龙江,风电,2023,6.884701028466225,0.04533990456790556,61.85709170051324,False
W2853,黑龙江,风电,2023,6.591872870922089,0.042978589189581175,61.30997504659802,False
W2857,黑龙江,风电,2023,7.508271485567093,0.03682648089681674,45.86796119476718,False
W2866,黑龙江,风电,2023,6.82632140815258,0.04463469782472608,61.41183310405879,False
W2869,黑龙江,风电,2023,6.741285100579262,0.06354329198072871,88.4964203451609,False
W2880,黑龙江,风电,2023,5.923571214079857,0.04043061890324861,64.25941957257162,False
W2887,黑龙江,风电,2023,6.0997820645570755,0.04154303295458375,64.09681448622098,False
W2892,黑龙江,风电,2023,6.147092878818512,0.041729237283714936,63.880818222747116,False
W2907,黑龙江,风电,2023,12.175366804003716,0.04900442287014691,37.07182755276899,False
W2914,黑龙江,风电,2023,8.924889788031578,0.032418321211128434,34.113480388796596,False
W2916,河南,风电,2023,12.447209805250168,0.04128010305110314,30.56948901266995,False
W2919,黑龙江,风电,2023,9.63811106979847,0.03384755087907201,32.4594297366648,False
W2924,黑龙江,风电,2023,7.760470658540726,0.033568274785221876,40.5156996758599,False
W2934,黑龙江,风电,2023,6.380091458559036,0.05910392531257205,87.04610398386603,False
W2966,黑龙江,风电,2023,12.02141247689724,0.10994904468837652,84.24741246095094,False
W3042,内蒙古,风电,2023,12.249394655227661,0.05450597283664513,41.02745844525377,False
W3240,内蒙古,风电,2023,8.52220818400383,0.029172732880886208,31.868434264319934,False
W3282,内蒙古,风电,2023,7.906585559248924,0.23761868329067226,280.6670274291431,False
W3802,内蒙古,风电,2023,6.938432604074478,0.03322053051554945,44.93691456370127,False
W3829,内蒙古,风电,2023,11.056270077824593,0.03902892058986182,32.70311526109898,False
W4061,内蒙古,风电,2023,11.569727808237076,0.04536246815093951,37.02516678006741,False
W4274,内蒙古,风电,2023,9.2909574508667,0.03688331201913385,37.14515875933652,False
W4313,内蒙古,风电,2023,7.173934355378151,0.03715113090468031,48.52597865616066,False
W4381,内蒙古,风电,2023,10.757432654500008,0.03942612307754382,33.88711849783167,False
W4461,内蒙古,风电,2023,6.79226741194725,0.04025176201233048,55.712059901822755,False
W4484,内蒙古,风电,2023,7.546370700001717,0.2149830387696162,266.29976620933445,False
W4505,内蒙古,风电,2023,5.104786455631256,0.023468760318551794,43.44992173118294,False
W4510,内蒙古,风电,2023,5.263637602329254,0.028932879380459263,51.938238874402806,False
W4517,内蒙古,风电,2023,5.176263302564621,0.028523577436857357,52.076332095543044,False
W4522,内蒙古,风电,2023,5.202559009194374,0.02928671935635846,53.19936693077951,False
W4534,内蒙古,风电,2023,7.561967521905899,0.028705794151212913,36.03636988850811,False
W4721,内蒙古,风电,2023,8.861555680632591,0.0765473532599749,80.33696227626247,False
W4807,内蒙古,风电,2023,6.703784689307213,0.04060435956241651,56.83259415260818,False
W4827,内蒙古,风电,2023,7.1945929527282715,0.0380560527929224,49.6059948352037,False
W4837,内蒙古,风电,2023,6.603622734546661,0.0464372972718543,66.12603585833396,False
W4919,山西,风电,2023,11.695965304970741,0.05779631574267734,45.52379106975656,False
W4984,内蒙古,风电,2023,8.209339454770088,0.09259387875186618,105.28167123501335,False
W4991,内蒙古,风电,2023,9.462456107139587,0.039671818140137226,39.12304801075872,False
W503,甘肃,风电,2023,9.931736513972282,0.21647834931631862,201.77474064883856,False
W5035,青海,风电,2023,11.656677648425102,0.14264881102511012,112.8087297624108,False
W505,甘肃,风电,2023,11.349902898073196,0.04845993205980333,39.326149536047055,False
W5055,青海,风电,2023,12.93432667851448,0.039379510849286536,28.077312344338264,False
W5056,青海,风电,2023,12.894885689020157,0.07829367254299174,55.984305609360625,False
W5058,青海,风电,2023,13.047145083546638,0.039702364925555775,28.063505350022638,False
W506,甘肃,风电,2023,12.201899662613869,0.051755212150460535,39.0864695275975,False
W507,甘肃,风电,2023,12.064644321799278,0.06884878914647256,52.56713776784718,False
W5073,陕西,风电,2023,11.092340871691704,0.039852494189078526,33.091094985523014,False
W5076,陕西,风电,2023,12.656601816415787,0.042363037069848376,30.857108550398177,False
W509,甘肃,风电,2023,12.032951563596725,0.0510392636255561,39.08643444109513,False
W5106,宁夏,风电,2023,12.552684098482132,0.04050625169148907,29.74642626489572,False
W5117,宁夏,风电,2023,10.644134357571602,0.03518374335863308,30.516287491048757,False
W5123,宁夏,风电,2023,12.137503623962402,0.06663906434168607,50.577335206115634,False
W5137,宁夏,风电,2023,13.049885407090187,0.04307475392259449,30.43457514019167,False
W5146,宁夏,风电,2023,12.359688431024551,0.039934609114009985,29.781281458323996,False
W515,甘肃,风电,2023,8.79612721502781,0.03983309459428365,42.04742490522148,False
W5155,宁夏,风电,2023,12.746652066707611,0.04110646660592296,29.730708673402752,False
W518,甘肃,风电,2023,8.829338103532791,0.03983974468055926,41.8825468370833,False
W5243,辽宁,风电,2023,8.120339512825012,0.03676970874906327,42.372007592391604,False
W5244,辽宁,风电,2023,10.148518234491348,0.03891635417492766,35.724452078460246,False
W5260,宁夏,风电,2023,12.769973650574684,0.04213189986990462,30.41587486648811,False
W5275,宁夏,风电,2023,12.327055782079697,0.040851287485808165,30.545122462895186,False
W5276,宁夏,风电,2023,10.418098121881485,0.03489886700410291,30.972915536033675,False
W5283,宁夏,风电,2023,11.836488470435143,0.05248475958989072,40.84481289886727,False
W5289,宁夏,风电,2023,12.359687760472298,0.040749598993947596,30.38906276328485,False
W5305,辽宁,风电,2023,6.274661421775818,0.026129708748450484,39.35688344858364,False
W5312,宁夏,风电,2023,12.184593603014946,0.05339739187682955,40.401756008759925,False
W5319,宁夏,风电,2023,11.933022737503052,0.052278397148856924,40.38899443387458,False
W5329,宁夏,风电,2023,12.990892678499222,0.04198395556702156,29.798574939068928,False
W5423,辽宁,风电,2023,5.8274611830711365,0.02343225290596812,38.2792836224727,False
W5519,宁夏,风电,2023,12.359687760472298,0.040749598993947596,30.38906276328485,False
W5622,宁夏,风电,2023,12.359687760472298,0.040749598993947596,30.38906276328485,False
W5700,宁夏,风电,2023,11.130600348114967,0.049086161515295254,40.62756481915949,False
W5709,宁夏,风电,2023,11.130600348114967,0.049086161515295254,40.62756481915949,False
W5748,宁夏,风电,2023,12.959081009030342,0.03942670082599443,28.059585305138498,False
W5824,吉林,风电,2023,8.274482041597366,0.03074544826857316,34.98032811957463,False
W583,甘肃,风电,2023,8.929572030901909,0.3348229411755025,348.2956118869799,False
W5839,青海,风电,2023,11.982987150549889,0.05176860460146851,39.83002459500192,False
W584,甘肃,风电,2023,8.706413805484772,0.2451931244782564,261.9172974208452,False
W585,甘肃,风电,2023,8.879933282732964,0.24903586664770327,260.67945564666474,False
W5851,青海,风电,2023,11.994082555174828,0.05167223044922317,39.71690813352132,False
W586,甘肃,风电,2023,9.27756518125534,0.043404503951477234,43.41842602073916,False
W5866,宁夏,风电,2023,12.359687760472298,0.040749598993947596,30.38906276328485,False
W5888,青海,风电,2023,11.473797932267189,0.06943111254735347,55.76768283655181,False
W5891,宁夏,风电,2023,10.527809634804726,0.03513510028461551,30.813597576055702,False
W590,甘肃,风电,2023,12.005169689655304,0.09025644311937772,69.26504316196196,False
W5967,辽宁,风电,2023,7.225170135498047,0.050579705353526176,65.73291485451902,False
W5974,宁夏,风电,2023,11.687300652265549,0.051042752249150995,40.23022064389347,False
W6002,山东,风电,2023,10.640586465597153,0.06351342790483051,54.97747532703935,False
W6008,山东,风电,2023,7.8712087869644165,0.03327878139643295,39.40878300659931,False
W6010,陕西,风电,2023,12.2307787835598,0.07231043136392531,54.462465348308314,False
W6015,山东,风电,2023,10.792779251933098,0.044189604252018115,37.88585251269249,False
W6017,山东,风电,2023,7.8712087869644165,0.03327878139643295,39.40878300659931,False
W6020,山东,风电,2023,9.173220545053482,0.041043958605841244,41.61238459101972,False
W6023,山东,风电,2023,10.487028658390045,0.0436369777610599,38.58150665000986,False
W6032,山东,风电,2023,10.487028881907463,0.04452752936066976,39.3688844110229,False
W6039,山东,风电,2023,11.511998400092125,0.09587060393983746,76.70848686655651,False
W6040,山东,风电,2023,9.765549749135971,0.03380610966849146,32.08705086615333,False
W6041,山东,风电,2023,12.848001569509506,0.06724160419115163,48.2217008553451,False
W6045,山东,风电,2023,10.487028434872627,0.04274642644822472,37.794129108983924,False
W6048,山东,风电,2023,10.711453333497047,0.04490311527600926,38.784126174554494,False
W6049,山东,风电,2023,10.721244290471077,0.04500066244487248,38.83288474720144,False
W6050,山东,风电,2023,12.612352967262268,0.05037382160990806,36.808696304775154,False
W6056,山东,风电,2023,10.882837325334549,0.045612791872647517,38.735710876868325,False
W6065,山东,风电,2023,12.298469468951225,0.03971496322977732,29.773526249206014,False
W6067,山东,风电,2023,10.487028881907463,0.04452752936066976,39.3688844110229,False
W6068,山东,风电,2023,9.877461567521095,0.041385972246958405,38.82659578642193,False
W6069,山东,风电,2023,9.75805476307869,0.042534896426979385,40.47663526810883,False
W6070,山东,风电,2023,9.77883093059063,0.04259055800994751,40.42031420909726,False
W6072,山东,风电,2023,9.173220545053482,0.031662482358712836,32.10098240449999,False
W6089,山东,风电,2023,12.932138666510582,0.03897746450079485,27.7846252157642,False
W6090,山东,风电,2023,12.730437889695168,0.038713298177540434,28.03278007310852,False
W6091,山东,风电,2023,12.526045963168144,0.03814609170363666,28.06968336780472,False
W6092,山东,风电,2023,12.458402439951897,0.064681869948161,47.82344094045458,False
W6093,山东,风电,2023,12.315280884504318,0.06391939673392717,47.80695157218202,False
W6094,山东,风电,2023,9.870528280735016,0.04305325166774216,40.47317342410042,False
W6095,山东,风电,2023,12.405628859996796,0.06431434350247635,47.7559592459603,False
W6096,山东,风电,2023,12.49517910182476,0.06471436992477209,47.71320068614839,False
W6097,山东,风电,2023,12.404871582984924,0.06425073334379408,47.71491813358868,False
W6098,山东,风电,2023,10.174703299999237,0.04407096576728371,40.134292219807115,False
W6099,山东,风电,2023,10.146074071526527,0.04389827809830648,40.07964033318864,False
W6100,山东,风电,2023,9.999922960996628,0.043448440501940834,40.26574074533641,False
W6101,山东,风电,2023,10.17802745103836,0.044029958434229695,40.07366066126793,False
W6102,山东,风电,2023,9.949135109782219,0.04329063624388996,40.3479896855438,False
W6103,山东,风电,2023,9.96572658419609,0.04330204538835449,40.250733750812444,False
W6104,山东,风电,2023,10.807477980852127,0.044631025123604416,38.25162975586924,False
W6105,山东,风电,2023,12.089246213436127,0.06496966429296669,49.50237563850252,False
W6106,山东,风电,2023,9.785915091633797,0.042369453270923604,40.210953818631594,False
W6107,山东,风电,2023,9.852964505553246,0.042667143002079015,40.22118573428894,False
W6108,山东,风电,2023,9.847577065229416,0.04256548173561142,40.12767863975102,False
W6112,山东,风电,2023,10.487028881907463,0.04452752936066976,39.3688844110229,False
W6116,山东,风电,2023,12.225863635540009,0.0627913028900755,47.31255184591556,False
W6119,山东,风电,2023,12.84002423286438,0.06453967553258501,46.309608007839905,False
W6126,山东,风电,2023,12.460717856884003,0.06604100896730909,48.83000636906893,False
W6131,山东,风电,2023,11.96228988468647,0.06149255927446372,47.35031660315572,False
W6135,山东,风电,2023,12.618812397122383,0.05220764076375007,38.15124045378168,False
W6136,陕西,风电,2023,9.70380038022995,0.03569051623188973,34.08545769546732,False
W6141,山东,风电,2023,11.780088543891907,0.06041007811425355,47.232363781269626,False
W6144,陕西,风电,2023,9.864578694105148,0.03608690586307597,33.86480852254435,False
W6150,山东,风电,2023,11.969096884131432,0.06373358640199224,49.044665847267936,False
W6160,山东,风电,2023,12.856294512748718,0.03853052091973785,27.631868586265377,False
W6162,山东,风电,2023,12.488334998488426,0.03916987093177953,28.91683928760552,False
W6163,山东,风电,2023,12.458127066493034,0.04909319025282415,36.30202863137204,False
W6164,陕西,风电,2023,11.930425688624382,0.0656124848627647,50.662541355263784,False
W6168,陕西,风电,2023,11.893356889486313,0.08060186288588952,62.44513273097222,False
W617,甘肃,风电,2023,12.446313500404358,0.04628266155949554,34.26427369038056,False
W6172,山东,风电,2023,12.720538079738617,0.05012084413811112,36.305868882154186,False
W6173,陕西,风电,2023,12.549840956926346,0.05542994528699967,40.72858356704329,False
W6193,山东,风电,2023,12.501149699091911,0.0510631502226143,37.63498207175734,False
W6199,山东,风电,2023,12.07617849111557,0.04757715014466481,36.28871640007124,False
W620,甘肃,风电,2023,12.664772048592567,0.042157109019659564,30.66576143144877,False
W6206,山东,风电,2023,11.761478260159492,0.04974695892864867,38.96431296975783,False
W6215,山东,风电,2023,11.965660974383354,0.06437468425883998,49.55699868823413,False
W6219,山东,风电,2023,13.119622394442558,0.05028126408905318,35.31755505294229,False
W6224,山东,风电,2023,12.45963379740715,0.03795761198683001,28.077934674626587,False
W6226,山东,风电,2023,11.751463562250137,0.04306430651954868,33.75376621773478,False
W6227,山东,风电,2023,12.255821004509926,0.048208165299187616,36.230550454995196,False
W6236,山东,风电,2023,6.561509370803833,0.032138587249454134,45.99742692703276,False
W6276,山西,风电,2023,9.810413494706154,0.03621632541750687,34.2432489188766,False
W6290,山西,风电,2023,11.66098527610302,0.041881433031044,33.09316279231357,False
W6291,山西,风电,2023,12.30051800608635,0.04530793584173983,33.95378897779302,False
W6307,山西,风电,2023,11.573967933654785,0.03984355661517576,31.719608121634675,False
W6308,山西,风电,2023,12.668682485818863,0.04643405390200695,33.785050000967935,False
W6313,山西,风电,2023,8.821757733821869,0.06882397393541795,72.49172352523425,False
W6314,山西,风电,2023,8.821757957339287,0.06813573577936184,71.7668061392967,False
W6338,山东,风电,2023,9.644211307168007,0.05352396282811996,51.397854194202985,False
W6340,陕西,风电,2023,9.229838848114014,0.04410294395664479,44.308466870685585,False
W6345,山东,风电,2023,9.644211530685425,0.04205454347696891,40.38402856451949,False
W6346,陕西,风电,2023,11.28598541021347,0.040002406913434534,32.646110283744946,False
W6350,山东,风电,2023,10.487028881907463,0.04452752936066976,39.3688844110229,False
W6352,山东,风电,2023,7.4420638382434845,0.05277024495213972,66.46326303081821,False
W6357,陕西,风电,2023,10.800948813557625,0.041074490686126126,35.14611224319198,False
W6360,山东,风电,2023,7.185911312699318,0.04171961417326425,54.475760632258314,False
W6363,陕西,风电,2023,9.542449191212654,0.03471364172549195,33.744128193401195,False
W6364,山东,风电,2023,11.228153854608536,0.038108392420605,31.400619217802674,False
W6368,山东,风电,2023,10.650737062096596,0.04438105807986223,38.62977973537973,False
W6378,陕西,风电,2023,12.182482033967972,0.052835241803392066,39.95253543912424,False
W6389,陕西,风电,2023,11.434640809893608,0.050832249410045174,40.963088540929625,False
W6391,山东,风电,2023,10.422500520944595,0.04495031197473779,39.998754163863936,False
W6393,陕西,风电,2023,9.440013617277145,0.033664813037010195,33.12584968651758,False
W6394,山东,风电,2023,11.116707623004913,0.0462663539882421,38.52049553989297,False
W6398,陕西,风电,2023,11.434640139341354,0.046211133588514926,37.23917178049874,False
W640,甘肃,风电,2023,12.384905889630318,0.04713881644242441,35.07452046269539,False
W6400,陕西,风电,2023,10.677362009882927,0.04551292830371312,39.45920497642461,False
W6402,山东,风电,2023,10.487028881907463,0.04452752936066976,39.3688844110229,False
W6403,山东,风电,2023,9.938473105430603,0.04285525200954106,40.06389569232314,False
W6408,陕西,风电,2023,11.843601241707802,0.0711209890865425,55.31546377967489,False
W6414,陕西,风电,2023,12.42210477590561,0.049659914305649214,36.85852519315683,False
W6417,山东,风电,2023,10.717191249132156,0.04606992353286043,39.83773743399378,False
W6420,陕西,风电,2023,9.613804444670677,0.034989604867288575,33.73739560706828,False
W6422,陕西,风电,2023,9.542449191212654,0.03471364172549195,33.744128193401195,False
W6424,山东,风电,2023,9.13622036576271,0.03971900922348676,40.47320443481882,False
W6427,山东,风电,2023,12.216053232550621,0.04872831507554453,36.748258183671744,False
W6431,陕西,风电,2023,9.87889252603054,0.03571571834476853,33.502146201449754,False
W6435,山东,风电,2023,9.696439057588577,0.04140519634839994,39.68407557667789,False
W6438,陕西,风电,2023,9.352264031767845,0.03326541801770306,33.0346100077279,False
W6439,陕西,风电,2023,10.5598184466362,0.03813286056124396,33.38890202678089,False
W6447,陕西,风电,2023,9.241406321525574,0.03270982313137178,32.8644968775333,False
W6452,山西,风电,2023,12.389905080199242,0.03765364594955578,28.032643400457935,False
W6454,山东,风电,2023,10.036647990345955,0.042750758217384284,39.55603665351251,False
W6457,山东,风电,2023,11.5720883756876,0.04047791768297839,32.226756063512866,False
W6465,陕西,风电,2023,8.36142785847187,0.041574629976987194,46.300344516173205,False
W6469,山东,风电,2023,12.057962715625763,0.05050545636798323,38.58255120824368,False
W6472,陕西,风电,2023,11.212006956338882,0.03972036381431769,32.62892241828592,False
W6483,山东,风电,2023,11.80213563144207,0.049736749340543215,38.817846433192145,False
W6486,山东,风电,2023,12.432568073272705,0.04850780610276497,35.94142341583092,False
W6490,陕西,风电,2023,8.80751721560955,0.04253821264110446,44.855809148298235,False
W6493,山东,风电,2023,12.990064322948456,0.04072548734506216,28.90521309176501,False
W6497,陕西,风电,2023,9.906504079699516,0.03575168037264515,33.42539173254169,False
W6502,山东,风电,2023,12.39409513771534,0.03896612886208658,28.979963714409514,False
W6510,山东,风电,2023,12.43256762623787,0.06564350459249951,48.64866966343682,False
W6511,山东,风电,2023,10.799446105957031,0.04422752317689219,37.90477385200151,False
W6519,山东,风电,2023,9.167427867650986,0.039707183622070166,40.31717366637565,False
W6521,山东,风电,2023,10.93601904809475,0.0444485754970845,37.596601905535834,False
W6522,陕西,风电,2023,10.54905317723751,0.036897284238284346,32.33143472263486,False
W6524,陕西,风电,2023,9.542449191212654,0.03471364172549195,33.744128193401195,False
W6528,山东,风电,2023,9.117534309625626,0.0396889601711709,40.52860175820216,False
W6533,山东,风电,2023,10.246207639575005,0.04403072689173047,39.80092559895124,False
W6537,陕西,风电,2023,10.58790810406208,0.038134675761502805,33.26039611548537,False
W6538,陕西,风电,2023,11.960514038801193,0.06910956633435932,53.2183241830395,False
W6540,山东,风电,2023,10.932808667421341,0.04451602916902334,37.676878711701676,False
W6541,陕西,风电,2023,11.092340871691704,0.039852494189078526,33.091094985523014,False
W6543,陕西,风电,2023,11.130345091223717,0.03990021039858269,33.01849906660636,False
W6546,山东,风电,2023,12.498350590467453,0.05127083498395958,37.82516280015477,False
W6549,陕西,风电,2023,9.58488754928112,0.03346178832622013,32.38052881987869,False
W6550,山西,风电,2023,10.975532904267311,0.20086119528639126,168.58807522339947,False
W6551,陕西,风电,2023,10.30246764421463,0.037811316009943786,33.96317972333819,False
W6556,陕西,风电,2023,9.348827227950096,0.06689606024575757,66.42379902649601,False
W6568,陕西,风电,2023,10.60997374355793,0.03778717089474386,32.90351675527139,False
W6569,陕西,风电,2023,11.874651163816452,0.038602611843300584,29.952692581440825,False
W6571,山东,风电,2023,9.845814406871796,0.035131455108824795,33.21851725802537,False
W6577,陕西,风电,2023,10.361737981438637,0.03793712473162632,33.86145822807682,False
W6584,陕西,风电,2023,10.711242780089378,0.03864025629715726,33.32526050384554,False
W6598,陕西,风电,2023,10.240632891654968,0.03714088076535431,33.562415541978055,False
W6600,陕西,风电,2023,9.959605112671852,0.03476755223661224,32.35663127826869,False
W6602,陕西,风电,2023,11.092340871691704,0.0797049883814943,66.18218997381707,False
W6605,陕西,风电,2023,10.406824126839638,0.03885512809203215,34.544806070916835,False
W6607,陕西,风电,2023,8.308851420879364,0.040043694277638354,44.86024495367998,False
W6615,陕西,风电,2023,11.727377325296402,0.05698126388587513,44.75543891802676,False
W6617,陕西,风电,2023,11.78344577550888,0.04101041575530875,32.066381529093334,False
W6624,陕西,风电,2023,9.164588749408722,0.06572429109048127,66.59943898605111,False
W6627,陕西,风电,2023,12.182397544384003,0.05805148553809526,43.90385824794579,False
W6632,陕西,风电,2023,8.815056011080742,0.03216492430540466,33.93537520724932,False
W6637,山东,风电,2023,11.963439211249352,0.06110693278612894,47.06244409521209,False
W6639,山东,风电,2023,12.07967072725296,0.05043229789519441,38.486019905108066,False
W6643,陕西,风电,2023,12.260533198714256,0.058526796073988856,43.981244074088146,False
W6648,陕西,风电,2023,10.605084747076035,0.037837812752360346,33.00941433235954,False
W6650,山西,风电,2023,10.950871333479881,0.038706701008234784,32.56295149650023,False
W6651,陕西,风电,2023,10.263072699308395,0.03840319146050771,34.63320510112152,False
W6653,陕西,风电,2023,11.092340871691704,0.039852494189078526,33.091094985523014,False
W6656,山西,风电,2023,8.027611523866653,0.08102730349612762,94.05467143489936,False
W6658,陕西,风电,2023,11.664455384016037,0.056079887446374904,44.28263327602945,False
W6659,山东,风电,2023,10.620561987161636,0.034228776139815995,29.900177757541346,False
W6660,山东,风电,2023,11.961767300963402,0.061012902171788036,46.993360690903735,False
W6661,陕西,风电,2023,11.092340871691704,0.039852494189078526,33.091094985523014,False
W6664,山西,风电,2023,7.96016737818718,0.07109175505835376,83.18277751833136,False
W6666,陕西,风电,2023,10.583587288856506,0.038327851437758964,33.472422230343994,False
W6667,山东,风电,2023,11.929619908332825,0.0484715623804333,37.4287133025566,False
W6668,山东,风电,2023,10.990258231759071,0.043740991973731845,36.82194030891229,False
W6669,山东,风电,2023,12.43173636496067,0.03910927455510053,29.000353633885737,False
W6673,山西,风电,2023,12.79150553047657,0.04618726179570512,33.29474206092064,False
W6674,陕西,风电,2023,10.226915180683136,0.036651715209038246,33.16480581315678,False
W6675,山东,风电,2023,10.995941162109375,0.04376907222613063,36.828799520118665,False
W6676,山东,风电,2023,10.732580423355103,0.04575576461281764,39.42551327030234,False
W6678,山东,风电,2023,12.37022191286087,0.06442937782178197,47.973037582827,False
W6681,陕西,风电,2023,10.743689239025116,0.038324105624387886,32.94391221817857,False
W6682,山西,风电,2023,12.162642627954483,0.04119806919681945,31.23029544517442,False
W6684,陕西,风电,2023,10.361256077885628,0.037130325924706435,33.13412893833011,False
W6686,山东,风电,2023,10.627752989530563,0.0437836582758017,38.13057603676195,False
W6688,山东,风电,2023,13.047079145908356,0.04113642054753081,29.071693391072458,False
W669,甘肃,风电,2023,12.20800369977951,0.08720523385952175,65.81154652275751,False
W6691,陕西,风电,2023,9.791032299399376,0.035222518374200235,33.35281969316497,False
W6693,陕西,风电,2023,9.450533911585808,0.03442679847890856,33.796380398342514,False
W6694,陕西,风电,2023,10.417402759194374,0.037518485104043285,33.3029966790906,False
W6698,山东,风电,2023,10.857097059488297,0.04606234659021726,39.24825365776763,False
W6700,山东,风电,2023,12.304827198386192,0.046150514567663704,34.54884838317853,False
W6702,山西,风电,2023,7.558051496744156,0.06901270454919842,85.143176084662,False
W6706,陕西,风电,2023,9.077640920877457,0.033174516793713485,33.963859552559455,False
W6707,陕西,风电,2023,10.204826518893242,0.036814472559402345,33.384184050396236,False
W6710,山西,风电,2023,10.571520030498505,0.06670653927490203,58.11708795866194,False
W6712,山西,风电,2023,10.874103382229805,0.039163431887401234,33.171577299734274,False
W6714,陕西,风电,2023,9.610143899917603,0.035919708286005596,34.64740476965099,False
W6716,陕西,风电,2023,9.347711876034737,0.03330328619932349,33.06125173339768,False
W6720,山东,风电,2023,8.641184940934181,0.036097452335487015,38.821914013123084,False
W6721,山西,风电,2023,11.838049963116646,0.04503416272116594,35.04437748672983,False
W6725,陕西,风电,2023,9.103087931871414,0.03256604782283664,33.228026099701694,False
W6726,山东,风电,2023,12.837549895048141,0.0670639851809369,48.12355122813685,False
W6728,山西,风电,2023,11.9233987480402,0.045278776374265126,34.98684526919564,False
W6729,陕西,风电,2023,12.47250571846962,0.059290624114904496,43.80223296227384,False
W6730,山东,风电,2023,12.228857427835464,0.04884992151476741,36.8074688619097,False
W6733,陕西,风电,2023,9.255421981215477,0.0328196518443962,32.91413373381646,False
W6738,山东,风电,2023,12.926990613341331,0.06677923574942275,47.59028973964652,False
W6740,山东,风电,2023,12.400552108883858,0.06546626220416511,48.62385594244159,False
W6745,山东,风电,2023,12.468597739934921,0.05094153742830953,37.67086307372959,False
W6749,山东,风电,2023,10.518908947706223,0.04329778460885632,38.107441507533956,False
W6750,陕西,风电,2023,12.34347514808178,0.07085473939256315,52.883201477925546,False
W6752,陕西,风电,2023,12.34347514808178,0.07085473939256315,52.883201477925546,False
W6754,陕西,风电,2023,9.853515923023224,0.035899216489947455,33.75242422922425,False
W6755,山东,风电,2023,10.221570879220963,0.041853627278013276,37.99104860152074,False
W6756,山东,风电,2023,10.563042908906937,0.036269960613544136,31.77776566308785,False
W6759,陕西,风电,2023,11.663801148533821,0.056793779838364394,44.85687693308799,False
W6771,山东,风电,2023,11.947479844093323,0.04942823853669294,38.10409922949336,False
W6772,山东,风电,2023,11.982542797923088,0.04878789582040854,37.50504381073281,False
W6774,山东,风电,2023,12.072019055485725,0.04960332851385255,37.84770768984456,False
W6775,陕西,风电,2023,11.807415559887886,0.05658303190426164,44.13896421614517,False
W6776,山西,风电,2023,12.046815901994705,0.04560697068686199,34.875093331151525,False
W6781,山东,风电,2023,11.407005563378334,0.04025408679873567,32.65341228655143,False
W6783,陕西,风电,2023,10.562276020646095,0.0381876552480485,33.414309673169356,False
W6788,山东,风电,2023,11.209426894783974,0.04684448125788626,38.62264725899671,False
W6792,陕西,风电,2023,10.386230573058128,0.037179037908223446,33.11236436287628,False
W6793,山东,风电,2023,10.800667852163315,0.04593124419820789,39.36386849231975,False
W6795,山东,风电,2023,12.616700381040573,0.06586734406741407,48.0882534222179,False
W6797,山东,风电,2023,13.096739575266838,0.06895076401232335,48.50962087329265,False
W6802,山东,风电,2023,11.178330034017563,0.04679596574379739,38.67273652470652,False
W6803,山西,风电,2023,11.601962819695473,0.16066114872272602,127.56099985742904,False
W6805,山东,风电,2023,13.09744119644165,0.05284383402742168,37.180364354595575,False
W6806,陕西,风电,2023,12.617141604423523,0.04073023524603124,29.760566844856594,False
W6809,陕西,风电,2023,10.310108810663223,0.03757856430183486,33.71824284452978,False
W6812,陕西,风电,2023,13.13094288110733,0.04574805125285565,32.13273549725412,False
W6813,山西,风电,2023,11.802456825971603,0.13658588176528624,106.6006783803142,False
W6814,山东,风电,2023,10.634738579392433,0.04527066791899816,39.409860295051686,False
W6817,陕西,风电,2023,13.051855936646461,0.043670212470826385,30.85319326500365,False
W6819,陕西,风电,2023,9.59538035094738,0.0351875256553792,33.984797674659134,False
W6824,山东,风电,2023,12.05125205218792,0.046795919566568964,35.76912884460332,False
W6826,陕西,风电,2023,11.687043160200119,0.11246382454684659,88.64468197869539,False
W6828,山东,风电,2023,9.718806892633438,0.04200166196064623,40.173775366165415,False
W6830,山东,风电,2023,11.767897680401802,0.04959993649644599,38.823696043374554,False
W6831,陕西,风电,2023,12.548418715596199,0.05533894401093159,40.66239943997414,False
W6835,山东,风电,2023,12.685863599181175,0.0656157236970877,47.640102842327266,False
W6837,山东,风电,2023,10.483851805329323,0.04286823318830054,37.91330851922848,False
W6838,陕西,风电,2023,11.542503610253334,0.05675380960727104,45.29014105032157,False
W6839,山东,风电,2023,10.493086650967598,0.04499189052884102,39.699316870347275,False
W6842,陕西,风电,2023,11.774270609021187,0.056627649906928965,44.30420836885524,False
W6844,山东,风电,2023,12.76521161198616,0.0660168353624287,47.63273529114699,False
W6846,山东,风电,2023,10.493086650967598,0.04499189052884102,39.699316870347275,False
W6849,陕西,风电,2023,11.774270609021187,0.11325529974835008,88.6084166864586,False
W6852,山东,风电,2023,9.437672942876816,0.04088682894715419,40.31677334854703,False
W6856,山东,风电,2023,9.850802198052406,0.04249931710277237,40.09443010787079,False
W6858,陕西,风电,2023,13.053883239626884,0.046651768869038594,32.94819384178799,False
W6859,山东,风电,2023,12.790111005306244,0.06632110493241268,47.76239684667823,False
W6866,山西,风电,2023,6.846574768424034,0.04999253885258645,68.50013326805997,False
W6867,山东,风电,2023,12.823833748698235,0.047899884908446065,34.407657543321356,False
W6875,山东,风电,2023,11.28098376095295,0.04499844125644958,36.86855009884544,False
W6894,山东,风电,2023,11.92463904619217,0.04871031103104205,37.6370607754878,False
W6897,山西,风电,2023,11.763128712773323,0.045613610272264744,35.71743572257185,False
W6903,山东,风电,2023,11.91819928586483,0.048707247002792116,37.653992469028104,False
W6906,山西,风电,2023,7.09566168487072,0.10408623404693712,137.39874880705668,False
W6914,山西,风电,2023,12.211449667811394,0.06719157337974165,50.69204828163084,False
W6924,山东,风电,2023,10.625534355640411,0.044389305969293406,38.744784963004456,False
W6930,山西,风电,2023,10.335243344306946,0.03761611636080539,33.66690964052396,False
W6945,山东,风电,2023,9.095486775040627,0.0394663008088834,40.37698583429891,False
W6958,山东,风电,2023,12.973716706037521,0.053085105172102895,37.73855620934639,False
W6968,山东,风电,2023,9.54920120537281,0.034144170494668745,33.251442900766854,False
W6972,山东,风电,2023,12.197047546505928,0.04636907366265728,35.02112788066981,False
W6976,山东,风电,2023,12.990639880299568,0.04027180334995588,28.585095257132224,False
W6980,陕西,风电,2023,11.791440770030022,0.051953688571688875,40.61056333017171,False
W6994,陕西,风电,2023,11.916010826826096,0.11348071558157093,87.73833763442285,False
W6998,山东,风电,2023,11.590388640761375,0.0359898753749881,28.60046640506314,False
W6999,山东,风电,2023,12.837917804718018,0.06289225938694999,45.135551140639095,False
W7003,山西,风电,2023,9.931982830166817,0.037478486575761374,34.935012022986754,False
W7007,山西,风电,2023,11.550696194171906,0.07821389151389464,62.414167586588206,False
W7010,新疆,风电,2023,11.677750200033188,0.07334554006498073,57.8876721014931,False
W7013,新疆,风电,2023,10.621428564190865,0.06721731037052603,58.29572587595891,False
W7014,山西,风电,2023,12.163336649537086,0.046147158398047415,34.95588707434886,False
W7015,山西,风电,2023,11.36251263320446,0.07768776155550791,63.013244501510954,False
W7016,新疆,风电,2023,11.476808488368988,0.07138541870672578,57.31762377193418,False
W7018,山西,风电,2023,11.695962622761726,0.05779630087302632,45.52378979740815,False
W7019,山西,风电,2023,6.014965251088142,0.0354389103743226,55.45984975881918,False
W7029,山西,风电,2023,7.165035903453827,0.05254745968375478,68.78714633699897,False
W7034,山西,风电,2023,11.181844398379326,0.04131247814714877,34.0334768553909,False
W7048,山西,风电,2023,12.292999997735023,0.061978204626764705,46.453789711400944,False
W7055,山西,风电,2023,11.364084631204605,0.054284575611912834,44.00402908994944,False
W7058,山西,风电,2023,11.88569851219654,0.144144954385181,111.74310875731614,False
W7062,山西,风电,2023,11.401730552315712,0.0545189311866315,44.0523227563047,False
W7118,山西,风电,2023,11.431580409407616,0.19064021880657642,153.7042192427564,False
W7122,山西,风电,2023,9.240262806415558,0.04936129348837921,49.53950977833141,False
W7126,山西,风电,2023,4.9309927225112915,0.01942876994897625,37.225870267414855,False
W7183,山西,风电,2023,7.195777595043182,0.06278817272385925,81.74690453061811,False
W7194,新疆,风电,2023,11.731296256184578,0.06122484492426358,48.079066765661224,False
W7214,山西,风电,2023,12.45944358408451,0.09344710277078194,69.10369316161174,False
W7224,新疆,风电,2023,8.676348701119423,0.25704825100429557,275.28431186605616,False
W7233,新疆,风电,2023,6.730518490076065,0.025887982305029606,36.07643539430386,False
W7239,山西,风电,2023,9.011813700199127,0.039646257106649964,40.88168260318989,False
W7243,新疆,风电,2023,8.063695505261421,0.031096075999168506,36.00615684300779,False
W7245,新疆,风电,2023,11.816071271896362,0.2116278462290573,164.993971736174,False
W7253,山西,风电,2023,7.724989280104637,0.13085966144137762,158.35926571914322,False
W7273,新疆,风电,2023,11.569371744990349,0.0778544747908514,62.02279597408122,False
W7287,新疆,风电,2023,11.569371521472931,0.038733568827333066,30.857112447197416,False
W7355,西藏,风电,2023,11.562221646308899,0.047528896294121596,37.884197421403755,False
W7370,山西,风电,2023,10.34345805644989,0.05273578977713797,47.128514786638064,False
W7376,新疆,风电,2023,12.30924367904663,0.1639990927874602,122.88505855928055,False
W7380,新疆,风电,2023,8.282929211854935,0.03268243845503228,36.84672013458435,False
W7390,山西,风电,2023,12.13127888739109,0.09283782657102099,70.48992542631797,False
W7395,新疆,风电,2023,9.39271666109562,0.0321629754434223,31.81256747790898,False
W7399,新疆,风电,2023,8.59690636396408,0.033927871071101005,36.794232935658016,False
W7402,新疆,风电,2023,9.280981868505478,0.031826766608514565,31.864154709384337,False
W7409,新疆,风电,2023,11.320821046829224,0.055511602244529085,45.35820317512431,False
W7410,新疆,风电,2023,8.8084477186203,0.08516976513274087,89.97450978320722,False
W7424,新疆,风电,2023,8.486028537154198,0.03329995133513899,36.56296447682907,False
W7431,新疆,风电,2023,8.528877943754196,0.033434789311618356,36.52935665736885,False
W7439,新疆,风电,2023,9.036913141608238,0.21254267746175076,218.71925233451384,False
W7446,新疆,风电,2023,9.132209569215775,0.03145662933991494,32.058069738011284,False
W7447,新疆,风电,2023,8.776552900671959,0.03467691923245846,36.7748856408678,False
W7451,山西,风电,2023,11.903056874871254,0.04090573204830388,31.667480128181353,False
W7458,新疆,风电,2023,12.77769573032856,0.0570738485395559,41.14500914509154,False
W7460,新疆,风电,2023,7.512519434094429,0.029211748373495824,36.388587835892835,False
W7465,新疆,风电,2023,12.77769573032856,0.0570738485395559,41.14500914509154,False
W7468,新疆,风电,2023,7.647607773542404,0.02984662795205733,36.49714138066598,False
W7476,山西,风电,2023,9.99673716723919,0.039776841309858105,36.85924011081515,False
W7477,新疆,风电,2023,7.37458236515522,0.028651554255455815,36.38095905099118,False
W7480,新疆,风电,2023,7.193179652094841,0.027941272191085293,36.393682280665075,False
W7487,新疆,风电,2023,8.357596099376678,0.03243241792580464,36.19042787519858,False
W7489,山西,风电,2023,8.49256306886673,0.07771592278308094,85.22642813585969,False
W7491,山西,风电,2023,11.337603405117989,0.1020114265177639,82.93103024154054,False
W7493,新疆,风电,2023,9.85628329217434,0.03379936980732904,31.8118807229361,False
W7495,新疆,风电,2023,8.357596099376678,0.03243241792580464,36.19042787519858,False
W7500,山西,风电,2023,11.177499666810036,0.05319126995084461,43.83271779942887,False
W7505,新疆,风电,2023,11.104412376880646,0.06631278213456203,55.1167538130399,False
W7507,山西,风电,2023,11.177499890327454,0.05540757416071277,45.65908119538466,False
W7508,新疆,风电,2023,6.933682411909103,0.026713267883453126,36.1238060300361,False
W7516,新疆,风电,2023,8.092900514602661,0.03192368897138288,36.8390696767772,False
W7522,新疆,风电,2023,8.247340098023415,0.03204907979138625,36.27803467748986,False
W7543,山西,风电,2023,11.666470617055893,0.03998531816311008,31.577895393517082,False
W7545,新疆,风电,2023,8.220251351594925,0.03196730546114802,36.30999871545354,False
W7546,新疆,风电,2023,7.2052963078022,0.050130014146452864,65.13129646980002,False
W7560,新疆,风电,2023,7.837167978286743,0.030442540662330795,36.31774569695484,False
W7562,山西,风电,2023,12.428552359342575,0.04233875904096227,31.40442615728575,False
W7567,新疆,风电,2023,11.51989370584488,0.1387143371232144,110.99674632401685,False
W7568,新疆,风电,2023,8.651669919490814,0.03388698954518363,36.48681301573907,False
W7571,山西,风电,2023,10.884333997964859,0.13365758636820502,113.12384294537769,False
W7574,山西,风电,2023,12.972682490944862,0.0419017440099047,29.79471993782078,False
W7578,新疆,风电,2023,8.243960067629814,0.03288025380951328,37.181927677054404,False
W7592,新疆,风电,2023,8.841822445392609,0.0347917815303947,36.62717088949763,False
W7603,山西,风电,2023,8.809395432472229,0.04661558462008741,49.185788619859174,False
W7611,山西,风电,2023,8.76305177807808,0.045989561191528465,48.77410603178328,False
W7615,新疆,风电,2023,11.296011283993721,0.08129819097024268,66.31621101828618,False
W7626,山西,风电,2023,8.756031766533852,0.09583990371154076,101.80483726325336,False
W7639,山西,风电,2023,8.424461781978607,0.0792531022848301,87.61473806609149,False
W7650,新疆,风电,2023,7.716376036405563,0.06550404635100847,79.24955567509124,False
W7651,新疆,风电,2023,12.628532722592354,0.04139365403083194,30.218028696339232,False
W7661,山西,风电,2023,8.427573814988136,0.08033177035816186,88.81515183345621,False
W7664,新疆,风电,2023,12.1763277053833,0.0680660640410335,51.513385017732595,False
W7670,新疆,风电,2023,7.942701503634453,0.1708162756533749,200.96056544922365,False
W7683,新疆,风电,2023,8.68812583386898,0.03430087179855807,36.780287668839065,False
W7693,山西,风电,2023,8.290738686919212,0.1332538778960586,149.75761643032925,False
W7696,新疆,风电,2023,7.882762402296066,0.06659485538041149,78.90298555366334,False
W7700,山西,风电,2023,8.466289713978767,0.13482157326839192,148.25249641917276,False
W7717,新疆,风电,2023,11.317402347922325,0.06716189882416748,54.68522882743439,False
W7725,新疆,风电,2023,10.759499073028564,0.10211211538228476,87.41779788422399,False
W7727,新疆,风电,2023,8.92476037144661,0.1152262758998522,120.17758104314257,False
W7754,山西,风电,2023,8.578901812434196,0.08178925244158025,88.73589629054524,False
W7757,新疆,风电,2023,6.679386645555496,0.03932606965513769,55.240861114039156,False
W7760,新疆,风电,2023,10.80869011580944,0.0640798956784508,54.61489792402047,False
W7764,山东,风电,2023,12.129269242286682,0.050677848331554344,38.52057313135061,False
W7769,山西,风电,2023,9.78982888162136,0.03900399828199139,36.91635574868044,False
W7776,新疆,风电,2023,7.351352423429489,0.04700535189861496,59.69282825465253,False
W7777,山西,风电,2023,9.78982888162136,0.03900399828199139,36.91635574868044,False
W7787,新疆,风电,2023,7.226018607616425,0.1662274029728963,215.15620605872004,False
W7788,山西,风电,2023,8.654561787843704,0.06915897436426131,74.25782681761987,False
W7794,山西,风电,2023,7.6258789747953415,0.15573278253303915,190.98968585777874,False
W7804,新疆,风电,2023,11.338775306940079,0.16524551262610734,134.2665170203218,False
W7805,山西,风电,2023,7.357968986034393,0.031053707385214558,39.49560426976212,False
W7819,山西,风电,2023,7.918086424469948,0.06908929792280422,81.52846641717633,False
W7820,陕西,风电,2023,11.961620450019836,0.11389969139531808,87.73131657111352,False
W7824,新疆,风电,2023,11.655204892158508,0.06967167020353121,55.095969299666315,False
W7829,山西,风电,2023,7.198863923549652,0.06309814411698615,81.99632053141603,False
W7830,山西,风电,2023,7.560153007507324,0.05538988781330636,68.67297162305913,False
W7844,新疆,风电,2023,8.273905590176582,0.053766115799716914,60.366599037329735,False
W7846,山西,风电,2023,11.365945637226105,0.1083627099817931,87.82995289360565,False
W7851,新疆,风电,2023,11.528619825839996,0.14742242249938398,117.78633236193113,False
W7854,山西,风电,2023,11.695962622761726,0.05779630087302632,45.52378979740815,False
W7862,山西,风电,2023,11.430260986089706,0.07362146045083713,59.36681708673028,False
W7865,新疆,风电,2023,9.007766917347908,0.06366883157874245,65.68938109446337,False
W7875,山西,风电,2023,11.650285497307777,0.05576994660730481,44.10479195584833,False
W7887,新疆,风电,2023,8.153233677148819,0.06894010646906681,78.78514700368353,False
W7890,新疆,风电,2023,8.024721890687943,0.030856134477437076,35.857066658115436,False
W7898,山西,风电,2023,12.28570394217968,0.07615690316098865,57.119595433655626,False
W7907,新疆,风电,2023,12.673601880669594,0.05688460671219686,41.408138943802676,False
W7927,新疆,风电,2023,7.228484004735947,0.041836895206434396,54.2498027128944,False
W7931,山西,风电,2023,9.931982830166817,0.037478486575761374,34.935012022986754,False
W7946,山西,风电,2023,12.689678370952606,0.061449973141800576,44.65439005028218,False
W7951,山西,风电,2023,12.908285558223724,0.06233560349086087,44.53327728710624,False
W7970,山西,风电,2023,7.682363614439964,0.0666404798792377,80.88002428017727,False
W7982,山西,风电,2023,5.228122025728226,0.01949774757489279,35.22962858398241,False
W8000,新疆,风电,2023,10.845675766468048,0.06736015719767344,57.2148641504516,False
W8045,云南,风电,2023,8.889615386724472,0.06976872461248046,72.90820728482937,False
W8050,云南,风电,2023,8.889615163207054,0.053668248803116846,56.08323684384779,False
W8098,云南,风电,2023,9.766542166471481,0.14678729606477536,139.0386813540969,False
W8153,云南,风电,2023,10.789644196629524,0.0668915947113025,57.111142986888495,False
W8162,云南,风电,2023,11.829238459467888,0.3255446540952271,253.49094754794882,False
W8164,云南,风电,2023,12.257625237107277,0.03858627931765244,29.012167567994478,False
W8214,云南,风电,2023,9.408296719193459,0.0349296844118935,34.483542973562415,False
W901,甘肃,风电,2023,12.800896391272545,0.06503029752575437,46.80942682862211,False
W909,甘肃,风电,2023,9.121694415807724,0.04671403021208963,47.448212266456,False
W912,甘肃,风电,2023,6.7649175971746445,0.05249179949252131,72.83082210041343,False
W922,甘肃,风电,2023,6.739545240998268,0.05246216988167949,73.10616919680268,False
W929,甘肃,风电,2023,9.526540338993073,0.04871304211469685,47.304018997978076,False
W934,甘肃,风电,2023,11.048242896795273,0.1136963889164838,94.79642818127773,False
W936,甘肃,风电,2023,12.137696519494057,0.04511870652842719,34.25187154545685,False
W939,甘肃,风电,2023,11.291942596435547,0.043015733722489784,35.09208146814387,False
W954,甘肃,风电,2023,12.529688403010368,0.04763988556707835,35.04257511812969,False
W955,甘肃,风电,2023,12.05532006919384,0.04581358716965283,35.01559956030035,False
W957,甘肃,风电,2023,12.134741172194481,0.04606708760863347,34.97457872686357,False
W982,甘肃,风电,2023,11.777145266532898,0.04369924685805899,34.1875505146888,False
W983,甘肃,风电,2023,11.805241629481316,0.04383999034941655,34.21838510623177,False
W984,甘肃,风电,2023,11.780317425727844,0.04490768372994749,35.12252900274236,False
W992,甘肃,风电,2023,12.534644231200218,0.06527599604516968,47.97443429066905,False
102,甘肃,光伏,2024,11.008077263832092,0.06150930091320685,51.48223740833609,False
103,甘肃,光伏,2024,12.232855036854744,0.049606522932696615,37.3833532987435,False
104,甘肃,光伏,2024,12.076933532953262,0.050952198211113874,38.87979663564385,False
105,甘肃,光伏,2024,12.61000469326973,0.0401795971695219,29.366751228344725,False
106,甘肃,光伏,2024,11.054278314113617,0.06002988334117691,50.025741011582085,False
107,甘肃,光伏,2024,11.277178153395653,0.04502986696193384,36.78835706713466,False
108,甘肃,光伏,2024,11.272751167416573,0.04501625061189092,36.79167582038393,False
109,甘肃,光伏,2024,12.595072388648987,0.04014111612838744,29.373004326501377,False
110,甘肃,光伏,2024,12.217369303107262,0.049326557195067434,37.21948845459038,False
111,甘肃,光伏,2024,12.22029335796833,0.050066463440143316,37.76770617041454,False
112,甘肃,光伏,2024,12.227232232689857,0.04989225742195095,37.61441685094875,False
114,甘肃,光伏,2024,12.25374273955822,0.050103880358953,37.69275907153304,False
115,甘肃,光伏,2024,12.21895158290863,0.049976371441310216,37.702326167878695,False
116,甘肃,光伏,2024,11.778037548065186,0.04791240266937549,37.491138431778936,False
117,甘肃,光伏,2024,11.867882162332535,0.04890356651711082,37.980684819475925,False
118,甘肃,光伏,2024,11.888333112001419,0.049003525288147685,37.99389409409231,False
119,甘肃,光伏,2024,10.766328424215317,0.05849088434919395,50.05513707911186,False
121,甘肃,光伏,2024,12.045839801430702,0.052182219352655095,39.92446227325876,False
122,甘肃,光伏,2024,12.087616324424744,0.05317992919043867,40.549417992326646,False
12469,青海,光伏,2024,9.145826026797295,0.031033013659626196,31.6702682058623,False
125,甘肃,光伏,2024,12.222750261425972,0.05479494779913579,41.320642207669465,False
126,甘肃,光伏,2024,12.06563763320446,0.05569503434218078,42.548047043132186,False
130,甘肃,光伏,2024,11.732620149850845,0.03647933333802803,28.667184954415944,False
131,甘肃,光伏,2024,11.59680224955082,0.05464864713999538,43.444260460658874,False
142,甘肃,光伏,2024,10.755053758621216,0.06344066105511491,54.34122845870311,False
146,甘肃,光伏,2024,11.851558685302734,0.051763552186000074,40.25225843436484,False
149,甘肃,光伏,2024,10.728502795100212,0.06295612258371767,54.05890200397458,False
151,甘肃,光伏,2024,10.617326125502586,0.061423347825091984,53.295760525325335,False
154,甘肃,光伏,2024,11.85958318412304,0.05151511869568774,40.03196713775464,False
155,甘肃,光伏,2024,12.15220257639885,0.05454538320012536,41.369524916097724,False
156,甘肃,光伏,2024,12.152298465371132,0.054545922872708,41.36960779284329,False
157,甘肃,光伏,2024,12.37440437078476,0.03748838495852207,27.92645319232629,False
158,甘肃,光伏,2024,10.800227522850037,0.12179052306337187,103.87550258998307,False
159,甘肃,光伏,2024,10.815371051430702,0.060710848570227315,51.70938411997035,False
161,甘肃,光伏,2024,12.383243143558502,0.054475480592531655,40.54620285203097,False
163,甘肃,光伏,2024,12.329027205705643,0.054750085094456,40.92697066530408,False
170,甘肃,光伏,2024,11.501928493380547,0.32637965815154957,261.53508440672533,False
171,甘肃,光伏,2024,11.69448897242546,0.09728293137766297,76.67871322838087,False
172,甘肃,光伏,2024,11.532148271799088,0.1919812266494448,153.4398077204365,False
175,甘肃,光伏,2024,10.831246376037598,0.1180693143325448,100.43261024604082,False
176,甘肃,光伏,2024,11.564654186367989,0.045480189934345605,36.248587258494034,False
178,甘肃,光伏,2024,11.214897483587265,0.06303110642150453,51.79375021712448,False
179,甘肃,光伏,2024,11.46558165550232,0.13823499802555347,111.10960720098424,False
181,甘肃,光伏,2024,10.32928816974163,0.108398474065127,96.65529420281015,False
183,甘肃,光伏,2024,13.00335243344307,0.053213782787733366,37.7307966704049,False
185,甘肃,光伏,2024,13.091001883149147,0.05308816126309171,37.39124657402013,False
187,甘肃,光伏,2024,10.636654570698738,0.17843185890310823,154.54240040954693,False
188,甘肃,光伏,2024,11.203088834881783,0.18417313614585473,151.50402690345027,False
189,甘肃,光伏,2024,10.655570402741432,0.17863922200426333,154.45370868557944,False
190,甘肃,光伏,2024,12.880227193236351,0.057373086591583515,41.07161862801441,False
195,甘肃,光伏,2024,12.50937044620514,0.05022497034846652,37.00919474981889,False
199,甘肃,光伏,2024,11.094254851341248,0.2386400945453155,198.17255078885518,False
3155,内蒙古,光伏,2024,13.129785507917404,0.053736644246300605,37.76278100021822,False
3452,内蒙古,光伏,2024,12.751032561063766,0.08239470683712476,59.620141923475416,False
3808,内蒙古,光伏,2024,13.073798194527626,0.0657105314572782,46.374394903479484,False
3885,内蒙古,光伏,2024,13.122118413448334,0.06367257129669603,44.78057067262594,False
404,甘肃,光伏,2024,11.657880619168282,0.0965222481880634,76.31489155816371,False
4040,青海,光伏,2024,5.672531872987747,0.021919081367063397,36.4226309805288,False
405,甘肃,光伏,2024,11.54556356370449,0.19376634750021202,154.6866083389598,False
4077,陕西,光伏,2024,13.042808398604393,0.047410274430574176,33.54103358393754,False
4107,陕西,光伏,2024,12.993466258049011,0.0528849973975889,37.55420076084601,False
4117,青海,光伏,2024,5.672531872987747,0.021919081367063397,36.4226309805288,False
4127,青海,光伏,2024,5.646923705935478,0.0218140104019336,36.41454959723024,False
4128,青海,光伏,2024,5.646923705935478,0.0218140104019336,36.41454959723024,False
4129,青海,光伏,2024,5.646923705935478,0.0218140104019336,36.41454959723024,False
413,甘肃,光伏,2024,11.10644057393074,0.07327709664049892,60.77930817710247,False
4130,青海,光伏,2024,5.702083110809326,0.022785769555770597,37.65771649389809,False
4132,青海,光伏,2024,5.702083110809326,0.022785769555770597,37.65771649389809,False
4133,青海,光伏,2024,5.702083110809326,0.022785769555770597,37.65771649389809,False
4134,青海,光伏,2024,5.678217262029648,0.02194541453443049,36.42987598977216,False
4135,青海,光伏,2024,5.678217262029648,0.02194541453443049,36.42987598977216,False
4139,青海,光伏,2024,5.639865472912788,0.022973343734369194,38.39108622364631,False
4141,青海,光伏,2024,5.607925280928612,0.021765968370042472,36.5891672799055,False
4144,青海,光伏,2024,5.7115354388952255,0.022055529463224872,36.36678368223604,False
4145,青海,光伏,2024,5.7115354388952255,0.022055529463224872,36.36678368223604,False
4147,青海,光伏,2024,5.587256848812103,0.02159990066206598,36.457055227546434,False
4148,青海,光伏,2024,5.587256848812103,0.02159990066206598,36.457055227546434,False
4151,青海,光伏,2024,5.635582208633423,0.021861006462651038,36.56000930042676,False
4154,青海,光伏,2024,6.871076077222824,0.026400458882083512,36.07093142951034,False
4161,青海,光伏,2024,6.8619149923324585,0.0394858741217422,54.01805887818837,False
4163,青海,光伏,2024,6.878145709633827,0.03975279449993846,54.2548844102239,False
4167,青海,光伏,2024,6.867762207984924,0.03953234185010154,54.039078046581345,False
4173,青海,光伏,2024,7.240545898675919,0.026380750859828512,34.13398910189352,False
4176,青海,光伏,2024,6.891374811530113,0.026308714354589494,35.82341475703417,False
4179,青海,光伏,2024,6.871076077222824,0.026400458882083512,36.07093142951034,False
418,甘肃,光伏,2024,12.433205768465996,0.05467551251574043,40.52876350947989,False
4180,青海,光伏,2024,6.871076077222824,0.0396006881143685,54.1063968590413,False
4191,青海,光伏,2024,8.538847491145134,0.03282761189976689,35.859212226782965,False
4192,青海,光伏,2024,6.355895698070526,0.033021520951899586,48.864028718387125,False
4193,青海,光伏,2024,7.799090892076492,0.03366553338717937,40.502925245145654,False
4195,青海,光伏,2024,6.314849182963371,0.022587118254467273,33.651260412523,False
4197,青海,光伏,2024,7.582732290029526,0.07548591737566335,93.19314221277521,False
4199,青海,光伏,2024,7.8452470153570175,0.03442321188853912,41.15463042663304,False
420,甘肃,光伏,2024,12.472735047340393,0.05481944709123279,40.508345866693084,False
422,甘肃,光伏,2024,11.065745428204536,0.04489155093977602,37.373026850442024,False
4242,青海,光伏,2024,5.6437598168849945,0.021690618149113584,36.213957164953705,False
4250,青海,光伏,2024,5.6437598168849945,0.021690618149113584,36.213957164953705,False
428,甘肃,光伏,2024,10.43456420302391,0.08031186264504753,70.90059317296563,False
4298,青海,光伏,2024,5.624898299574852,0.021676594801701688,36.335333007064875,False
430,甘肃,光伏,2024,10.43122261762619,0.05350141978897077,47.24768658696108,False
4309,青海,光伏,2024,6.899030730128288,0.026327542624056084,35.804591640078186,False
4326,青海,光伏,2024,6.8712495267391205,0.03285429448604799,44.884767126619444,False
433,甘肃,光伏,2024,10.580536723136902,0.16674698881207325,145.19195529357677,False
4364,陕西,光伏,2024,12.588720470666885,0.047628952466189776,34.9034572327998,False
4369,陕西,光伏,2024,12.997787296772003,0.04820560289212252,34.221826086269594,False
437,甘肃,光伏,2024,10.614269971847534,0.05647137756246627,49.012473356330744,False
438,甘肃,光伏,2024,11.378731280565262,0.043870470246954264,35.52616796674314,False
440,甘肃,光伏,2024,10.49287162721157,0.11027269389630001,96.81219130173908,False
4420,青海,光伏,2024,5.6437598168849945,0.021690618149113584,36.213957164953705,False
443,甘肃,光伏,2024,10.442241579294205,0.05361124991412557,47.29211908687245,False
4456,青海,光伏,2024,6.2179503589868546,0.022917288043717645,34.63406088870659,False
447,甘肃,光伏,2024,11.94061852991581,0.040548823979303955,31.299755134751308,False
4479,青海,光伏,2024,6.8647027015686035,0.04144721922787706,56.83359339979218,False
4535,青海,光伏,2024,6.8712495267391205,0.02628343561941306,35.90781374306595,False
4541,青海,光伏,2024,6.888436451554298,0.026303324045074853,35.83368914878722,False
457,甘肃,光伏,2024,12.559253945946693,0.055536763928156624,40.76467888560602,False
459,甘肃,光伏,2024,10.774800404906273,0.19819573029884816,169.4196961887105,False
4603,青海,光伏,2024,6.879640370607376,0.026429502242822367,36.06332771609672,False
4609,青海,光伏,2024,6.732386872172356,0.032884195703352256,45.85522175474466,False
461,甘肃,光伏,2024,11.976361870765686,0.22003762717708464,169.29881270481246,False
4615,青海,光伏,2024,6.8712495267391205,0.03285429448604799,44.884767126619444,False
463,甘肃,光伏,2024,10.77410101890564,0.06604880313781544,56.46206805297418,False
464,甘肃,光伏,2024,10.77410101890564,0.1320976062646597,112.9241360965696,False
4642,青海,光伏,2024,6.73238642513752,0.03946103214151742,55.02626599097661,False
466,甘肃,光伏,2024,12.05251045525074,0.05406999259464113,41.342480345405235,False
467,甘肃,光伏,2024,10.774101465940475,0.05283904497128563,45.16965467204106,False
4670,青海,光伏,2024,6.732386648654938,0.026307355636176585,36.684177329761134,False
4677,青海,光伏,2024,8.52402113378048,0.031221124358513923,34.18621114304076,False
468,甘肃,光伏,2024,10.774123817682266,0.06604969226512915,56.46270864763285,False
4687,青海,光伏,2024,8.522757589817047,0.03121123624370843,34.18074776518217,False
4690,青海,光伏,2024,6.73238642513752,0.03946103214151742,55.02626599097661,False
4693,青海,光伏,2024,8.439404144883156,0.03201491890629638,35.40456811211608,False
470,甘肃,光伏,2024,10.765393227338791,0.03968489593152644,33.95408927782195,False
4709,青海,光伏,2024,7.852185219526291,0.06362074855634527,75.81253467384134,False
4710,青海,光伏,2024,7.878718748688698,0.04913500114688677,58.292033286654124,False
4712,青海,光伏,2024,6.347400471568108,0.03019624679798926,44.83389418192625,False
4716,青海,光伏,2024,7.887049913406372,0.07181076810247167,85.12794049624362,False
4718,青海,光伏,2024,7.413184717297554,0.04069108255525197,51.33145873706537,False
4724,青海,光伏,2024,7.413184717297554,0.04069108255525197,51.33145873706537,False
4726,青海,光伏,2024,8.244968578219414,0.03376883146140201,38.249592492432285,False
474,甘肃,光伏,2024,11.993222013115883,0.04408818283909711,33.87413353364149,False
4746,青海,光伏,2024,6.334055587649345,0.029887770214768673,44.474603407481396,False
4752,青海,光伏,2024,6.334055587649345,0.029887770214768673,44.474603407481396,False
4756,青海,光伏,2024,7.291918247938156,0.04158179396188071,53.3311821905337,False
4766,青海,光伏,2024,7.497488334774971,0.028624839776385896,35.688803558943555,False
4773,青海,光伏,2024,10.108770802617073,0.04205541565011793,38.6856840548616,False
4785,青海,光伏,2024,8.507688269019127,0.03285597523612488,36.01625587196974,False
4795,青海,光伏,2024,6.761694476008415,0.04107266725485043,57.19176601481649,False
4802,青海,光伏,2024,6.829151585698128,0.02732057738163168,37.664581257644365,False
4804,青海,光伏,2024,7.438442409038544,0.05821136374281506,73.15272219964037,False
4809,青海,光伏,2024,6.829151585698128,0.02732057738163168,37.664581257644365,False
4824,青海,光伏,2024,6.8468765169382095,0.04107551510145438,56.47395448640323,False
483,甘肃,光伏,2024,10.664819106459618,0.059249097131531855,51.17956733039311,False
4831,青海,光伏,2024,6.846876293420792,0.027383675706438498,37.64930280681171,False
4838,青海,光伏,2024,6.797052472829819,0.027205668081775387,37.690079573322464,False
4843,青海,光伏,2024,6.807868927717209,0.027504651005780385,38.04146059889087,False
485,甘肃,光伏,2024,10.98709724843502,0.12347108433298355,103.54480343970266,False
4850,青海,光伏,2024,5.6298451870679855,0.02188664864746581,36.65092450651919,False
4857,青海,光伏,2024,5.6298451870679855,0.02188664864746581,36.65092450651919,False
486,甘肃,光伏,2024,12.231647819280624,0.03968982040438966,29.912690447193313,False
4863,青海,光伏,2024,5.6298451870679855,0.02188664864746581,36.65092450651919,False
4879,青海,光伏,2024,5.62654472887516,0.02173835358691284,36.42394598565798,False
4882,青海,光伏,2024,6.8670885264873505,0.02627300604203915,35.917637080740015,False
4889,青海,光伏,2024,6.8825483322143555,0.026312318825456267,35.8812788392672,False
4903,青海,光伏,2024,6.905146390199661,0.026346715665344977,35.796588800757775,False
491,甘肃,光伏,2024,10.978881418704987,0.09254707871507901,77.66845388557745,False
4911,青海,光伏,2024,5.6731874495744705,0.02191906184065343,36.416253815679454,False
4928,青海,光伏,2024,5.6181807070970535,0.0217164081035706,36.44559547204719,False
4957,青海,光伏,2024,5.672531872987747,0.021919081367063397,36.4226309805288,False
4960,青海,光伏,2024,8.210699558258057,0.05037960282449911,57.29429988628966,False
4980,青海,光伏,2024,6.866409927606583,0.027639183916605067,37.89020364684994,False
4981,青海,光伏,2024,7.005331143736839,0.028396561056283003,38.13883041438779,False
4983,青海,光伏,2024,6.9129399955272675,0.028145808942873295,38.32038320287494,False
4986,青海,光伏,2024,7.005331143736839,0.028396561056283003,38.13883041438779,False
4987,青海,光伏,2024,6.796329170465469,0.02745844024506499,38.04203045439133,False
4997,青海,光伏,2024,7.22446471452713,0.026330851285459166,34.14990049569779,False
4998,青海,光伏,2024,5.675200894474983,0.021926036870509046,36.41491825486536,False
518,甘肃,光伏,2024,10.760690420866013,0.12286654077660676,105.19996886536772,False
521,甘肃,光伏,2024,10.972232222557068,0.10166018925672476,85.35173404077547,False
525,甘肃,光伏,2024,12.221552431583405,0.04385953075656117,33.07662004220323,False
527,甘肃,光伏,2024,12.074605152010918,0.05289927215009459,40.378326368031765,False
528,甘肃,光伏,2024,11.950294598937035,0.04211839722420915,32.4773862791062,False
533,甘肃,光伏,2024,11.248262375593185,0.19721832308038242,161.54143664930257,False
540,甘肃,光伏,2024,11.248262152075768,0.1314788796770689,107.694291292953,False
541,甘肃,光伏,2024,11.150977537035942,0.1301522809953711,107.53183770637855,False
542,甘肃,光伏,2024,12.063254937529564,0.05286127741148377,40.38673287602238,False
544,甘肃,光伏,2024,12.006634622812271,0.04920360665224293,37.77105905140274,False
545,甘肃,光伏,2024,12.078694626688957,0.05291488468243952,40.37656861125794,False
555,甘肃,光伏,2024,12.026804611086845,0.05357789112333949,41.05207946625118,False
5966,陕西,光伏,2024,12.9728152602911,0.052614718148528423,37.4212308344513,False
6001,新疆,光伏,2024,10.081853717565536,0.03485733336228878,32.14742174402047,False
6004,新疆,光伏,2024,10.07393628358841,0.034524133032432645,31.85757442112682,False
6005,新疆,光伏,2024,10.099226161837578,0.03491007882948659,32.13814024336796,False
6006,新疆,光伏,2024,10.712956264615059,0.038711284264452576,33.590569896335744,False
6007,新疆,光伏,2024,10.816002041101456,0.04360410100397554,37.41397649164621,False
6014,新疆,光伏,2024,9.857047721743584,0.034042174853235144,32.12935830799171,False
6016,新疆,光伏,2024,9.620701521635056,0.03953222421479814,38.2305112184704,False
6017,新疆,光伏,2024,8.352444916963577,0.06875297791021484,76.70898243431971,False
6020,新疆,光伏,2024,9.960027784109116,0.03397723661939987,31.734019626702207,False
6021,新疆,光伏,2024,9.858225658535957,0.03405116842337212,32.13652105066617,False
6022,新疆,光伏,2024,9.876415729522705,0.0341090824046871,32.129375683103085,False
6024,新疆,光伏,2024,9.934772998094559,0.03422975094049642,32.05113195560463,False
6025,新疆,光伏,2024,9.620701521635056,0.03953222421479814,38.2305112184704,False
6027,新疆,光伏,2024,9.620701521635056,0.03953222421479814,38.2305112184704,False
6030,新疆,光伏,2024,8.579202443361282,0.06280811248551728,68.17709907988711,False
6031,新疆,光伏,2024,8.996231630444527,0.1214903104271186,125.56638536099307,False
6032,新疆,光伏,2024,8.996231630444527,0.0674946168830269,69.75910295669946,False
6035,新疆,光伏,2024,10.084071457386017,0.034861600785081596,32.14428651624478,False
6036,新疆,光伏,2024,8.410206288099289,0.3797783728796437,420.81567586959227,False
6037,新疆,光伏,2024,9.115743041038513,0.11166234599415835,113.81997353953176,False
6047,新疆,光伏,2024,10.440905168652534,0.03722398686921854,33.154746267057575,False
6056,新疆,光伏,2024,11.280987784266472,0.04393566613133123,36.05351446793443,False
6057,新疆,光伏,2024,8.997952714562416,0.04520624666748657,46.71769905304606,False
6059,新疆,光伏,2024,9.094560295343399,0.042588977576644066,43.55911115654233,False
6060,新疆,光伏,2024,8.817991241812706,0.04579208278632191,48.24913414172199,False
6061,新疆,光伏,2024,10.076259076595306,0.03811002055689699,35.08016837896449,False
6063,新疆,光伏,2024,8.331600800156593,0.04139371413425146,46.316801751915214,False
6066,新疆,光伏,2024,9.13648635149002,0.09299481068330262,94.62439079988988,False
6067,新疆,光伏,2024,7.431960627436638,0.028194227153383447,35.44158903672729,False
6068,新疆,光伏,2024,8.649069964885712,0.029670405622326094,31.995016313582777,False
6069,新疆,光伏,2024,7.4478790909051895,0.028791859241108036,36.11289035117136,False
6070,新疆,光伏,2024,7.447793036699295,0.04798597226043145,60.18826928647044,False
6076,新疆,光伏,2024,8.661637902259827,0.07601416577170578,81.7705274324603,False
6078,新疆,光伏,2024,11.37327790260315,0.039246813765710174,31.941766191127083,False
6081,新疆,光伏,2024,10.639785155653954,0.040514118205659005,35.249345028592025,False
6082,新疆,光伏,2024,7.9736678302288055,0.200743313272242,234.73668349953692,False
6083,新疆,光伏,2024,7.298465520143509,0.07652242228188237,97.94500771909455,False
6085,新疆,光伏,2024,9.529969096183777,0.03885868811287845,37.951718063080484,False
6086,新疆,光伏,2024,8.04451234638691,0.37352102443901286,433.43676944586434,False
6089,新疆,光伏,2024,8.04451234638691,0.0830046716742246,96.31928160784105,False
6091,新疆,光伏,2024,10.887195691466331,0.03718897444063589,31.71389346794744,False
6092,新疆,光伏,2024,11.446495726704597,0.037680497962016196,30.502039392886974,False
6096,新疆,光伏,2024,10.712956264615059,0.038711284264452576,33.590569896335744,False
6097,新疆,光伏,2024,9.58485022187233,0.036565236492369736,35.52379318172233,False
6098,新疆,光伏,2024,9.331880807876587,0.060562062921075716,60.18398954626894,False
6099,新疆,光伏,2024,11.257513538002968,0.04269797652422875,35.122965994573896,False
6100,新疆,光伏,2024,9.841958284378052,0.03769563422737589,35.623690467467526,False
6101,新疆,光伏,2024,7.560489624738693,0.04122793408587585,50.90401902627459,False
6102,新疆,光伏,2024,7.663541883230209,0.4317571731586074,526.2642938921936,False
6103,新疆,光伏,2024,10.586577951908112,0.03746281364591153,32.84652848943278,False
6104,新疆,光伏,2024,10.800745189189911,0.047280110570666695,40.564512774360416,False
6106,新疆,光伏,2024,9.787904843688011,0.03921427667241361,37.23698535391993,False
6108,新疆,光伏,2024,11.381650418043137,0.039048166399224433,31.78116124322256,False
6110,新疆,光伏,2024,11.115827411413193,0.03684096502567491,30.704386642376885,False
6111,新疆,光伏,2024,7.925171256065369,0.030085471729864147,35.46792264170764,False
6112,新疆,光伏,2024,7.72804968059063,0.32326982166649026,390.8814811590354,False
6114,新疆,光伏,2024,7.925327941775322,0.046989900178286595,55.387585954250724,False
6117,甘肃,光伏,2024,12.321975007653236,0.05459300972416461,40.83234728178486,False
6120,新疆,光伏,2024,8.559855446219444,0.0400575423244956,43.60005834386383,False
6123,新疆,光伏,2024,9.70741331577301,0.03854776320906815,36.96560414909042,False
6124,新疆,光伏,2024,7.925327941775322,0.046989900178286595,55.387585954250724,False
6125,新疆,光伏,2024,10.486352741718292,0.04113633434127926,36.42699964119785,False
6129,新疆,光伏,2024,7.884017452597618,0.33051097740263624,390.9908319835554,False
6133,新疆,光伏,2024,7.446398288011551,0.12576673392134846,157.90137079500943,False
6140,新疆,光伏,2024,8.445078358054161,0.04020540871990554,44.369248857502726,False
6142,新疆,光伏,2024,10.326938107609749,0.035127012524046194,31.62228387470578,False
6143,新疆,光伏,2024,7.762429118156433,0.09226028973919782,111.12564903656802,False
6149,新疆,光伏,2024,8.078410550951958,0.22461060460557944,258.90510474340493,False
6151,新疆,光伏,2024,10.561351999640465,0.040372916186547765,35.5115157408236,False
6158,新疆,光伏,2024,10.757017359137535,0.03968069257898916,34.293433218473375,False
6165,新疆,光伏,2024,8.063098043203354,0.19023515659166623,219.73128712503114,False
6167,新疆,光伏,2024,10.751745477318764,0.03921802460117043,33.90211428669472,False
6169,新疆,光伏,2024,9.791924580931664,0.03344802202938518,31.815500687579185,False
6172,新疆,光伏,2024,10.587898716330528,0.040351324221770415,35.30387462950759,False
6175,新疆,光伏,2024,9.117801636457443,0.040137672278996686,41.07259066566325,False
6176,新疆,光伏,2024,10.60288891196251,0.04354380598509932,38.07206367490984,False
6178,新疆,光伏,2024,8.225520998239517,0.16693144463438142,189.33570541695596,False
6183,新疆,光伏,2024,8.4004707634449,0.040053329897963764,44.43613541896243,False
6186,新疆,光伏,2024,9.117801636457443,0.040137672278996686,41.07259066566325,False
6189,新疆,光伏,2024,8.295804932713509,0.11374644160027424,128.03129144084454,False
6190,新疆,光伏,2024,8.951798379421234,0.0581692634631021,60.44310613299328,False
6191,新疆,光伏,2024,8.541958183050156,0.04074527011278968,44.43134051419566,False
6197,新疆,光伏,2024,8.2255207747221,0.8903010120658151,1009.7904268584999,False
6199,新疆,光伏,2024,8.295804932713509,1.8199430655798516,2048.5006630258945,False
6205,新疆,光伏,2024,10.529825091362,0.038573689334966334,34.050589093604245,False
6212,新疆,光伏,2024,10.766122341156006,0.039703775949129515,34.27345850429369,False
6214,新疆,光伏,2024,8.069268018007278,0.09517237005984815,109.83643690684356,False
6215,新疆,光伏,2024,8.163574486970901,0.10909114599681251,124.89700982314814,False
6219,新疆,光伏,2024,8.278690874576569,0.029676559489595522,33.338578753737586,False
6224,新疆,光伏,2024,8.16861480474472,0.2703615623996228,309.142765553706,False
6230,新疆,光伏,2024,7.68814891576767,0.04106674874879508,49.945504051265054,False
6247,新疆,光伏,2024,7.427862212061882,0.33898390661625183,426.7201072991714,False
6251,新疆,光伏,2024,10.657685548067093,0.04186874789168297,36.488439926240105,False
6253,新疆,光伏,2024,8.069268018007278,0.09517237005984815,109.83643690684356,False
6259,新疆,光伏,2024,7.809614762663841,0.3336033757608899,398.5574020564149,False
6260,新疆,光伏,2024,10.7782331854105,0.03928598752853939,33.87106664039236,False
6261,新疆,光伏,2024,9.319406524300575,0.03174025788894687,31.69243548548666,False
6263,新疆,光伏,2024,9.846190810203552,0.03710136762202561,35.07167192057832,False
6268,新疆,光伏,2024,8.82462166249752,0.41172755137532646,433.88517158151217,False
6270,新疆,光伏,2024,7.911819666624069,0.04692280160608511,55.41089149003855,False
6272,新疆,光伏,2024,10.034132525324821,0.040241137741265615,37.27040484618381,False
6276,新疆,光伏,2024,8.114607632160187,0.20520955561088097,235.55900483248476,False
6277,新疆,光伏,2024,10.722459331154823,0.03913703157268666,33.93259444773725,False
6280,新疆,光伏,2024,10.057282894849777,0.03459359051965719,31.98212775837042,False
6286,新疆,光伏,2024,10.379659831523895,0.039278244553286934,35.212946712593435,False
6288,新疆,光伏,2024,8.166740834712982,0.3651709092647521,416.2454949749047,False
6289,新疆,光伏,2024,9.755946099758148,0.03580369706284977,34.17654634208797,False
6290,新疆,光伏,2024,10.39118304848671,0.04386574711963283,39.15130252556703,False
6294,新疆,光伏,2024,8.062341213226318,0.03380556917636109,39.05381453980719,False
6295,新疆,光伏,2024,7.636749297380447,0.04236516910077868,51.87876088522859,False
6321,新疆,光伏,2024,8.593155294656754,0.03789353874936997,41.14667833310796,False
6322,新疆,光伏,2024,8.290335014462471,0.05512474733520819,61.85946276678161,False
6323,新疆,光伏,2024,9.122927114367485,0.04089808002576486,41.77062800778661,False
6324,新疆,光伏,2024,10.625096037983894,0.03956054698927195,34.58820549875693,False
6325,新疆,光伏,2024,10.625096037983894,0.03956054698927195,34.58820549875693,False
6326,新疆,光伏,2024,10.633836463093758,0.03958219951906044,34.57308795264385,False
6327,新疆,光伏,2024,10.633836463093758,0.03958219951906044,34.57308795264385,False
6328,新疆,光伏,2024,9.121012017130852,0.04089235852082546,41.77355359733979,False
6329,新疆,光伏,2024,10.967144966125488,0.03526200740548305,29.851409243954905,False
6331,新疆,光伏,2024,10.570751801133156,0.03660964137291283,32.19172191430205,False
6332,新疆,光伏,2024,10.827822536230087,0.03676603902988661,31.52772054682643,False
6334,新疆,光伏,2024,9.219088330864906,0.037739809511757746,38.13419753087762,False
6335,新疆,光伏,2024,10.835803002119064,0.03678880055904257,31.521430470227408,False
6336,新疆,光伏,2024,10.837675631046295,0.03679468965863335,31.52102895469734,False
6337,新疆,光伏,2024,9.20515090227127,0.03769098614195608,38.1483526654058,False
6339,新疆,光伏,2024,10.657685548067093,0.04186874789168297,36.488439926240105,False
6341,新疆,光伏,2024,10.821103602647781,0.03676380002834197,31.55051711303205,False
6342,新疆,光伏,2024,10.97565270960331,0.04022066292459838,34.025594775258796,False
6344,新疆,光伏,2024,9.392366632819176,0.041469040922116944,41.12620257687894,False
6345,新疆,光伏,2024,10.554339811205864,0.040674441036497186,35.81590675742148,False
6347,新疆,光伏,2024,10.937972590327263,0.03998015921120274,33.94694108408035,False
6349,新疆,光伏,2024,10.536745637655258,0.036508083709252945,32.21114280275459,False
6350,新疆,光伏,2024,8.98638054728508,0.03750929271220979,38.923985257387756,False
6351,新疆,光伏,2024,11.2009097635746,0.039536950989837706,32.77722261177954,False
6352,新疆,光伏,2024,9.778645187616348,0.03912165774586299,37.18125041791226,False
6353,新疆,光伏,2024,11.345809400081635,0.037702540055072266,30.79592695046576,False
6356,新疆,光伏,2024,11.022445186972618,0.0376397910991055,31.712238440806946,False
6358,新疆,光伏,2024,8.536076322197914,0.12492931528827537,136.40812926457994,False
6360,新疆,光伏,2024,8.536076322197914,0.06246465764689983,68.2040646353059,False
6361,新疆,光伏,2024,7.892395779490471,0.08958485327670403,105.84953663524962,False
6362,新疆,光伏,2024,7.8418683260679245,0.3555813020243794,423.0986577120437,False
6363,新疆,光伏,2024,11.546483784914017,0.044639824600357564,35.77672139058299,False
6364,新疆,光伏,2024,9.780991896986961,0.03560052086326712,33.87988672311654,False
6365,新疆,光伏,2024,7.910829484462738,0.03585321826273076,42.254353596226046,False
6367,新疆,光伏,2024,10.74974812567234,0.03837046050798182,33.16136862777365,False
6368,新疆,光伏,2024,11.153509765863419,0.038080672893740716,31.657020380220057,False
6369,新疆,光伏,2024,11.352488100528717,0.037727261187354325,30.81351178151442,False
6371,新疆,光伏,2024,10.332353264093399,0.03728428303133709,33.56262523764107,False
6372,新疆,光伏,2024,8.813164159655571,0.038327635375001945,40.58811164258306,False
6374,新疆,光伏,2024,8.819636106491089,0.038673823228636814,40.92164007811579,False
6375,新疆,光伏,2024,8.805681690573692,0.038305477171610224,40.60211144245246,False
6380,新疆,光伏,2024,10.011085197329521,0.043798131196103075,40.59533410643284,False
6381,新疆,光伏,2024,10.816002041101456,0.04360410100397554,37.41397649164621,False
6385,新疆,光伏,2024,9.134199544787407,0.03851673184956911,39.244607395274,False
6386,新疆,光伏,2024,10.246987491846085,0.03815048511851923,34.60656288219112,False
6387,新疆,光伏,2024,7.8169552981853485,0.044167661886872614,52.79032842829149,False
6388,新疆,光伏,2024,7.757522910833359,0.08338170285084819,100.41626981599138,False
6389,新疆,光伏,2024,8.912427350878716,0.0766063343929535,79.9273437120859,False
6394,新疆,光伏,2024,7.82643735408783,0.08993935209823266,107.35988374927142,False
6395,新疆,光伏,2024,10.502442419528961,0.03679225288117584,32.52766811659791,False
6402,新疆,光伏,2024,10.657685548067093,0.04186874789168297,36.488439926240105,False
6403,新疆,光伏,2024,10.47320544719696,0.03707552545601882,32.87496760203574,False
6405,新疆,光伏,2024,9.13648635149002,0.5579688593791396,567.7463399959413,False
6406,新疆,光伏,2024,10.507567673921585,0.038047661205321937,33.66806443859643,False
6407,新疆,光伏,2024,9.741669371724129,0.032331221032679554,30.899967824098397,False
6411,新疆,光伏,2024,9.12318930029869,0.03886187138939086,39.64405568523272,False
6412,新疆,光伏,2024,10.767910927534103,0.03926054533543346,33.88521951447284,False
6414,新疆,光伏,2024,11.142295002937317,0.03641150557870748,30.253720908166095,False
6415,新疆,光伏,2024,8.206503242254257,0.04378306569218751,49.8322595151115,False
6417,新疆,光伏,2024,9.125123843550682,0.03887329470384933,39.64730183593849,False
6418,新疆,光伏,2024,11.456332728266716,0.041406028348193694,33.451895336062556,False
6419,新疆,光伏,2024,10.767910927534103,0.03926054533543346,33.88521951447284,False
6420,新疆,光伏,2024,10.08825235068798,0.034423130272461494,31.739342420067736,False
6423,新疆,光伏,2024,10.105810314416885,0.0343057077270879,31.558680207660363,False
6424,新疆,光伏,2024,9.64035116136074,0.037912475579220645,36.63745983987185,False
6427,新疆,光伏,2024,10.49483947455883,0.03714326971547544,32.8617879981851,False
6428,新疆,光伏,2024,8.587467893958092,0.063447227148008,68.84665628193365,False
6429,新疆,光伏,2024,9.13016326725483,0.03890513725827874,39.660958611085704,False
6430,新疆,光伏,2024,10.07393628358841,0.034524133032432645,31.85757442112682,False
6434,新疆,光伏,2024,9.633295387029648,0.037891612605027686,36.64691425479835,False
6435,新疆,光伏,2024,8.16517174243927,0.11911124363842747,136.29346036920137,False
6436,新疆,光伏,2024,9.574383571743965,0.03479128239970919,33.86062318626135,False
6437,新疆,光伏,2024,10.183592811226845,0.03511831935544029,32.05437450865262,False
6440,新疆,光伏,2024,10.065275207161903,0.03708741472030308,34.26046762576291,False
6443,新疆,光伏,2024,10.171852558851242,0.04091410681463109,37.35344483675866,False
6444,新疆,光伏,2024,10.183829069137573,0.03511935428378589,32.05457548167674,False
6447,新疆,光伏,2024,8.126404657959938,0.1814652277736995,207.9687271900946,False
6448,新疆,光伏,2024,10.300815850496292,0.0359224071375776,32.409139437704525,False
6451,新疆,光伏,2024,8.672571033239365,0.04195171537231485,45.04758877710971,False
6453,新疆,光伏,2024,10.223002284765244,0.0351967902255883,31.9970567814903,False
6456,新疆,光伏,2024,10.300815850496292,0.0359224071375776,32.409139437704525,False
6460,新疆,光伏,2024,10.639644116163254,0.03484734946623967,30.358055646816307,False
6465,新疆,光伏,2024,7.893833220005035,0.0562774950333146,66.46292215274623,False
6467,新疆,光伏,2024,7.777087613940239,0.027731255014777318,33.25682580301559,False
6468,新疆,光伏,2024,7.986914813518524,0.041559528251578326,48.505547406748235,False
6475,新疆,光伏,2024,8.47747765481472,0.1273854194431397,139.95533210614738,False
6476,新疆,光伏,2024,7.986914813518524,0.041559528251578326,48.505547406748235,False
6477,新疆,光伏,2024,10.140852704644203,0.03623658203583355,33.2302589501306,False
6480,新疆,光伏,2024,9.304938688874245,0.031148344016330525,31.15462300538662,False
6485,新疆,光伏,2024,8.17206434905529,0.03291119940970878,37.55845347433106,False
6487,新疆,光伏,2024,9.041938930749893,0.04063546920805401,41.819335704382894,False
6488,新疆,光伏,2024,10.127268210053444,0.036189537534951556,33.234252807122154,False
6489,新疆,光伏,2024,10.126370340585709,0.036737508177729056,33.72981035807044,False
6493,新疆,光伏,2024,10.12110985815525,0.036723652679031736,33.73728361850512,False
6494,新疆,光伏,2024,9.795243814587593,0.034911106824972477,33.1599574045991,False
6496,新疆,光伏,2024,8.487485200166702,0.0367644212527743,40.399590805982506,False
6498,新疆,光伏,2024,10.250718891620636,0.03908288621858304,35.475770510847035,False
6502,新疆,光伏,2024,9.482307136058807,0.031881067799383996,31.291032545708024,False
6505,新疆,光伏,2024,9.816153645515442,0.03495483816904349,33.122983626945164,False
6507,新疆,光伏,2024,10.829527974128723,0.04056945848511986,34.766660444883115,False
6508,新疆,光伏,2024,10.236830413341522,0.038116266142497995,34.6125795257151,False
6514,新疆,光伏,2024,9.773754850029945,0.03484928991252511,33.179200143050416,False
6516,新疆,光伏,2024,11.282033175230026,0.043954604118066704,36.06880985334698,False
6518,新疆,光伏,2024,8.72280165553093,0.036696080022827524,39.195199352879,False
6522,新疆,光伏,2024,9.5400021225214,0.03537693465801923,34.536218890350064,False
6528,新疆,光伏,2024,7.416075244545937,0.048960365744096235,61.69079441166046,False
6529,新疆,光伏,2024,11.282033175230026,0.043954604118066704,36.06880985334698,False
6531,新疆,光伏,2024,10.717296525835991,0.041917600690303806,36.35802583247801,False
6532,新疆,光伏,2024,9.998033568263054,0.03780821835045375,35.16955066387474,False
6536,新疆,光伏,2024,7.447793036699295,0.04798597226043145,60.18826928647044,False
6537,新疆,光伏,2024,10.27160257101059,0.03915109527566046,35.45988491842562,False
6538,新疆,光伏,2024,7.785513773560524,0.08032411433656701,96.3445165431735,False
6539,新疆,光伏,2024,9.998033568263054,0.03780821835045375,35.16955066387474,False
6546,新疆,光伏,2024,10.014514401555061,0.035767648872720346,33.21925373167091,False
6548,新疆,光伏,2024,7.785513773560524,0.08032411433656701,96.3445165431735,False
6552,新疆,光伏,2024,8.846774473786354,0.029644791787437626,31.21282693317489,False
6553,新疆,光伏,2024,9.497554823756218,0.03604128459046626,35.366308520957,False
6557,新疆,光伏,2024,10.50922617316246,0.03794320642940572,33.591460484886554,False
6559,新疆,光伏,2024,7.771077007055283,0.09239315894261643,110.90515104490618,False
6560,新疆,光伏,2024,9.807399362325668,0.03887619416986686,36.8775019912535,False
6564,新疆,光伏,2024,7.448141723871231,0.04192608893854601,52.622562408622244,False
6565,新疆,光伏,2024,7.448141500353813,0.10900782780430539,136.81866205581326,False
6566,新疆,光伏,2024,9.015195071697235,0.04652278086746552,47.963468515498704,False
6568,新疆,光伏,2024,9.542178735136986,0.036078816946274114,35.199823951542875,False
657,甘肃,光伏,2024,10.826511830091476,0.06445865987089494,54.853316139605354,False
6574,新疆,光伏,2024,9.032799750566483,0.044028477721068625,45.3106625047448,False
6576,新疆,光伏,2024,7.3367393016815186,0.10993357682260733,140.22341198653342,False
6578,新疆,光伏,2024,8.881453424692154,0.03992404939161633,41.868453826406856,False
6579,新疆,光伏,2024,7.9102154821157455,0.7258843550376293,855.548162241658,False
6582,新疆,光伏,2024,9.038133099675179,0.5274260038634143,542.4221479825126,False
6585,新疆,光伏,2024,10.442538857460022,0.03602155441036472,32.03941473039594,False
6590,新疆,光伏,2024,8.92183318734169,0.04101482138125721,42.76794063082925,False
6597,新疆,光伏,2024,10.636600703001022,0.034478498314470106,30.132461517311945,False
6598,新疆,光伏,2024,7.881069928407669,0.43870584294116793,519.1394189155785,False
6602,新疆,光伏,2024,7.072570770978928,0.029360262145836362,38.94670092270358,False
6605,新疆,光伏,2024,10.327716395258904,0.039089747506937764,35.22569864035567,False
6606,新疆,光伏,2024,10.09325310587883,0.034439789094395774,31.73896940863502,False
6607,新疆,光伏,2024,7.875179350376129,0.080878193801436,95.91152040293845,False
6609,新疆,光伏,2024,9.016287177801132,0.5592940795395568,576.4825660999486,False
6616,新疆,光伏,2024,8.905811458826065,0.040590413602768716,42.52142061983869,False
6619,新疆,光伏,2024,10.27160257101059,0.03915109527566046,35.45988491842562,False
6625,新疆,光伏,2024,7.617329880595207,0.08689965459381682,106.60194370783525,False
6626,新疆,光伏,2024,9.667300879955292,0.03200526043964846,30.792539260634854,False
6628,新疆,光伏,2024,7.886158972978592,0.08010821490485623,94.86615782989654,False
663,甘肃,光伏,2024,10.826511830091476,0.06445865987089494,54.853316139605354,False
6633,新疆,光伏,2024,10.27160257101059,0.03915109527566046,35.45988491842562,False
6634,新疆,光伏,2024,7.723454385995865,0.04130708533370843,50.02928324408327,False
6635,新疆,光伏,2024,10.827656239271164,0.03676806174308801,31.529939316026407,False
6638,新疆,光伏,2024,7.864245995879173,0.10124357335600744,119.98986311564283,False
6641,新疆,光伏,2024,10.34719817340374,0.04116777312869923,36.89024864352736,False
6643,新疆,光伏,2024,10.741321295499802,0.039193969854513,33.91690035584115,False
6644,新疆,光伏,2024,7.891232371330261,0.05366581095046892,63.413760804431526,False
6650,新疆,光伏,2024,10.328579843044281,0.035132980123951246,31.62011925093477,False
6654,新疆,光伏,2024,9.10684548318386,0.040100672436738156,41.08409655818274,False
6657,新疆,光伏,2024,10.328579843044281,0.035132980123951246,31.62011925093477,False
6659,新疆,光伏,2024,10.342099741101265,0.0411846879808484,36.92668479392767,False
6661,新疆,光伏,2024,10.735708996653557,0.03917420264061071,33.912114090519395,False
6666,新疆,光伏,2024,8.997353240847588,0.03656737945379357,37.84850754642799,False
6669,新疆,光伏,2024,8.982047885656357,0.05374540680041477,55.62750481493798,False
6672,新疆,光伏,2024,7.804493084549904,0.04471270987228206,53.54244646223739,False
6675,新疆,光伏,2024,8.824621886014938,0.041172756415857645,43.3885174062901,False
6684,新疆,光伏,2024,10.739490687847137,0.039181198046523084,33.90892872347057,False
6685,新疆,光伏,2024,10.188803225755692,0.03550386582729589,32.381073535053766,False
6693,新疆,光伏,2024,10.289442390203476,0.03683179712518459,33.26364552926032,False
6694,新疆,光伏,2024,10.657685548067093,0.04186874789168297,36.488439926240105,False
6699,新疆,光伏,2024,10.289442390203476,0.03683179712518459,33.26364552926032,False
6701,新疆,光伏,2024,11.111237481236458,0.04163448221327302,34.675165890797295,False
6704,新疆,光伏,2024,10.745055377483368,0.03919590438918969,33.90408868820913,False
6707,新疆,光伏,2024,9.813927188515663,0.040557280334460426,38.4070917766897,False
6720,新疆,光伏,2024,7.072653025388718,0.02893803757273288,38.391191935795575,False
6723,新疆,光伏,2024,9.751641377806664,0.03687096402461782,35.20813723368248,False
6728,新疆,光伏,2024,9.010242819786072,0.03888561066268084,40.17487882760051,False
6731,新疆,光伏,2024,10.283762589097023,0.04110829042974122,37.08269544296384,False
6733,新疆,光伏,2024,10.749390050768852,0.03920700477347991,33.90001477815446,False
6736,新疆,光伏,2024,9.010242819786072,0.03888561066268084,40.17487882760051,False
6738,新疆,光伏,2024,10.23803249001503,0.04155417884057632,37.65547222529135,False
6739,新疆,光伏,2024,8.730014339089394,0.4335077226810615,462.36472869780755,False
6740,新疆,光伏,2024,9.203052073717117,0.04461632749630809,45.062631417746374,False
6741,新疆,光伏,2024,8.41602936387062,0.038271033789829094,42.431191671125774,False
6745,新疆,光伏,2024,8.268635496497154,0.09881809529667934,111.39601940998969,False
6747,新疆,光伏,2024,8.22816051542759,0.453344796848557,514.2147853954938,False
6750,新疆,光伏,2024,10.736303552985191,0.03917455550224325,33.91863917721589,False
6753,新疆,光伏,2024,8.93387295305729,0.046032213006508844,47.91249454853972,False
6755,新疆,光伏,2024,7.45638906955719,0.04025630452000009,50.50293971303547,False
6757,新疆,光伏,2024,10.752693861722946,0.03922050549121556,33.90126855240978,False
6760,新疆,光伏,2024,8.386717960238457,0.05941747778212353,66.01726167512331,False
6764,新疆,光伏,2024,10.330250859260559,0.04271938207186045,38.3402313021682,False
6766,新疆,光伏,2024,9.10291314125061,0.31757132626356815,324.35372805609364,False
6768,新疆,光伏,2024,9.168139323592186,0.0403106286041428,41.00781492465349,False
6769,新疆,光伏,2024,11.522300988435745,0.03885265407429407,31.193885576725485,False
6774,新疆,光伏,2024,8.302599415183067,0.05594793091247138,62.83956579478493,False
6777,新疆,光伏,2024,7.326121106743813,0.03985083087463891,50.92920927778919,False
678,甘肃,光伏,2024,11.023480966687202,0.08815972581883806,73.67596147108674,False
6782,新疆,光伏,2024,8.302599415183067,0.05594793091247138,62.83956579478493,False
6784,新疆,光伏,2024,10.59742771089077,0.0403804176805525,35.294561025022745,False
6785,新疆,光伏,2024,8.722337633371353,0.03783797792978638,40.518894070627795,False
6790,新疆,光伏,2024,8.23191650211811,0.2569111014001022,291.4407311910434,False
6792,新疆,光伏,2024,8.265063241124153,0.06402263449025088,72.26785188185735,False
6793,新疆,光伏,2024,7.7623119950294495,0.042366985746396815,51.023711285374894,False
6794,新疆,光伏,2024,11.131518334150314,0.03786006319258558,31.503903554171462,False
6799,新疆,光伏,2024,7.184091880917549,0.15467278465634973,201.50953554576725,False
6801,新疆,光伏,2024,9.632520228624344,0.03633119594285248,35.09451919497015,False
6802,新疆,光伏,2024,7.746688798069954,0.042938660333742815,51.838468265019245,False
6804,新疆,光伏,2024,8.198414593935013,0.05603799497556317,63.59431705300333,False
6805,新疆,光伏,2024,11.544353440403938,0.041247492055761704,33.07258230904711,False
6806,新疆,光伏,2024,8.151112049818039,0.03151028611251081,35.977960192927455,False
6809,新疆,光伏,2024,10.147922560572624,0.03478844058716986,31.85639233431155,False
6811,新疆,光伏,2024,10.318271219730377,0.03720393171825264,33.551761024401536,False
6813,新疆,光伏,2024,9.210273250937462,0.04017357202685344,40.64463854361345,False
6814,新疆,光伏,2024,10.487303361296654,0.0411351132454637,36.42261651753058,False
6815,新疆,光伏,2024,10.103915110230446,0.041752477589151016,38.35634769624249,False
6816,新疆,光伏,2024,10.487303361296654,0.0411351132454637,36.42261651753058,False
6819,新疆,光伏,2024,7.151908725500107,0.15303095777551554,200.32310696176728,False
6820,新疆,光伏,2024,9.74797748029232,0.03649213192325451,34.8621695728112,False
6823,新疆,光伏,2024,10.29134675860405,0.03488795964917698,31.479341179436716,False
6824,新疆,光伏,2024,8.499772846698761,0.7357440553343689,806.9601010779552,False
6825,新疆,光伏,2024,10.487303361296654,0.0411351132454637,36.42261651753058,False
6830,新疆,光伏,2024,10.624067634344101,0.037692472171972274,32.9581179060518,False
6831,新疆,光伏,2024,7.132427841424942,0.05144290337166571,67.4965141549297,False
6832,新疆,光伏,2024,9.83364924788475,0.03537645576756359,33.46023452801765,False
6834,新疆,光伏,2024,9.983264431357384,0.03579684469092455,33.389387311306535,False
6838,新疆,光伏,2024,9.024739041924477,0.0395003808159005,40.82815398771893,False
6839,新疆,光伏,2024,8.862811848521233,0.11153656893806711,116.92692837087515,False
684,甘肃,光伏,2024,10.988767370581627,0.03636055047760126,30.480771533136224,False
6842,新疆,光伏,2024,10.165063440799713,0.040110076977481174,36.64682549420977,False
6845,新疆,光伏,2024,8.148445934057236,0.028552824156832333,32.64950279757544,False
6846,新疆,光伏,2024,10.602383762598038,0.03846120826810786,33.71266581885839,False
6848,新疆,光伏,2024,9.983264431357384,0.03579684469092455,33.389387311306535,False
6849,新疆,光伏,2024,9.867252632975578,0.03466665110686073,32.7304297555397,False
685,甘肃,光伏,2024,10.347724109888077,0.10842382602360098,96.50698003961517,False
6852,新疆,光伏,2024,8.148445934057236,0.028552824156832333,32.64950279757544,False
6853,新疆,光伏,2024,10.338888019323349,0.0372712929629207,33.540244489865444,False
6854,新疆,光伏,2024,8.26197512447834,0.13718584931239527,154.54687650122455,False
6859,新疆,光伏,2024,10.761816501617432,0.04189797968063091,36.11614760360338,False
6860,新疆,光伏,2024,7.779404819011688,0.034296484788224765,41.210507316144266,False
6866,新疆,光伏,2024,8.294890969991684,0.03417863345722854,38.49188407397546,False
6867,新疆,光伏,2024,8.261975347995758,0.09145723511691123,103.03125073914087,False
6871,新疆,光伏,2024,10.608608722686768,0.03480706332786081,30.419325941126367,False
6874,新疆,光伏,2024,10.766269862651825,0.039248060417368044,33.87869162578892,False
6881,新疆,光伏,2024,8.39919202029705,0.035555481891279155,39.522351512181984,False
6883,新疆,光伏,2024,8.571237400174141,0.03164831211740636,34.38296348007619,False
6885,新疆,光伏,2024,8.261975347995758,0.09145723511691123,103.03125073914087,False
6886,新疆,光伏,2024,9.792923256754875,0.03350671442191625,31.882680357111752,False
6888,新疆,光伏,2024,10.769372060894966,0.03926411894710557,33.88370605612331,False
6895,新疆,光伏,2024,7.86169096827507,0.05216800995420286,61.94844266661264,False
6898,新疆,光伏,2024,8.239022344350815,0.23143724866469345,262.049327508803,False
6900,新疆,光伏,2024,11.36744499206543,0.04002143305416639,32.60010581640388,False
6903,新疆,光伏,2024,10.657685548067093,0.04186874789168297,36.488439926240105,False
6907,新疆,光伏,2024,7.997334077954292,0.0804753792045661,93.86656115248448,False
6911,新疆,光伏,2024,9.497554823756218,0.03604128459046626,35.366308520957,False
6912,新疆,光伏,2024,8.292993977665901,0.034168211800757985,38.4889494270538,False
6913,新疆,光伏,2024,8.211390897631645,0.11290679602414841,128.16528205158818,False
6916,新疆,光伏,2024,9.190800189971924,0.5795393740091672,585.8661589062848,False
6918,新疆,光伏,2024,7.346489354968071,0.15871207643694876,201.90265946065736,False
6927,新疆,光伏,2024,9.793439358472824,0.03346836315299496,31.83236385622479,False
6928,新疆,光伏,2024,8.820095658302307,0.09200589075977177,97.03757175365209,False
6934,新疆,光伏,2024,8.574915155768394,0.02884535316053153,31.39734883306776,False
6938,新疆,光伏,2024,9.030249863862991,0.04446205386812328,45.76614813044022,False
6939,新疆,光伏,2024,10.226088389754295,0.03853231973522957,35.08204645805674,False
6945,新疆,光伏,2024,10.226088389754295,0.03853231973522957,35.08204645805674,False
6947,新疆,光伏,2024,9.568279534578323,0.03754222662414352,36.57237913860193,False
6953,新疆,光伏,2024,9.570155963301659,0.03766817430926493,36.68787831834313,False
6954,新疆,光伏,2024,9.79480393230915,0.03351523175883157,31.884661598932052,False
6959,新疆,光伏,2024,7.846975922584534,0.04573736013893813,54.406085753199584,False
6961,新疆,光伏,2024,9.811282530426979,0.03356187461155475,31.870555210525332,False
6963,新疆,光伏,2024,8.06991308927536,0.09517610881082714,109.83197156283437,False
6968,新疆,光伏,2024,9.811282530426979,0.03356187461155475,31.870555210525332,False
6969,新疆,光伏,2024,10.634677559137344,0.03447179557987802,30.132051673256253,False
697,甘肃,光伏,2024,12.141100242733955,0.2944112191221821,223.4242845813295,False
6973,新疆,光伏,2024,9.811282530426979,0.03356187461155475,31.870555210525332,False
6975,新疆,光伏,2024,10.067747309803963,0.03843112797343522,35.54296385558701,False
6977,新疆,光伏,2024,10.790107995271683,0.03931632805618668,33.862642885576136,False
6981,新疆,光伏,2024,8.323586359620094,0.08272011527307815,92.65438590332698,False
699,甘肃,光伏,2024,11.498553156852722,0.06764352140811931,54.217142378455534,False
6990,新疆,光伏,2024,10.120094195008278,0.03473466115301135,31.908185147902447,False
6995,新疆,光伏,2024,10.07515400648117,0.0348382167029382,32.15369765313382,False
6996,新疆,光伏,2024,10.076400116086006,0.03484239482446433,32.15357702141474,False
6997,新疆,光伏,2024,10.129442811012268,0.034758917302361796,31.898466711281277,False
6998,新疆,光伏,2024,8.609696701169014,0.04741393153629409,51.31607695722944,False
6999,新疆,光伏,2024,8.62304650247097,0.047388746459138806,51.18988438740177,False
7000,新疆,光伏,2024,10.081853717565536,0.03485733336228878,32.14742174402047,False
7001,新疆,光伏,2024,9.998033568263054,0.03780821835045375,35.16955066387474,False
710,甘肃,光伏,2024,12.784285247325897,0.07261564199646595,52.379191954047066,False
7114,新疆,光伏,2024,10.514204800128937,0.04068612773390754,35.95329648198383,False
7127,新疆,光伏,2024,10.529825091362,0.038573689334966334,34.050589093604245,False
7145,新疆,光伏,2024,10.529825091362,0.038573689334966334,34.050589093604245,False
717,甘肃,光伏,2024,12.022795155644417,0.05441759384552827,41.715118388259285,False
720,甘肃,光伏,2024,12.267655581235886,0.05511054202177478,41.39111952308892,False
723,甘肃,光伏,2024,11.640759855508804,0.05046624385758628,39.9469469099102,False
724,甘肃,光伏,2024,11.95071704685688,0.1523193105774175,117.42948202573594,False
7274,新疆,光伏,2024,9.582462832331657,0.036584953958537676,35.54082595961732,False
7284,新疆,光伏,2024,9.584168046712875,0.03659237630005164,35.54171176515083,False
7294,新疆,光伏,2024,9.508133009076118,0.034701580685750424,33.985235705053256,False
731,甘肃,光伏,2024,11.177513301372528,0.06361549160786413,52.442288187790396,False
7325,新疆,光伏,2024,8.37883673608303,0.038362750337513865,42.70897233567012,False
7332,新疆,光伏,2024,8.158672749996185,0.11140062369350119,127.29188818305407,False
734,甘肃,光伏,2024,12.353003919124603,0.052652712237864205,39.28761067893761,False
7341,新疆,光伏,2024,9.579139351844788,0.03655187303854615,35.53471506226377,False
7346,新疆,光伏,2024,9.579139351844788,0.03655187303854615,35.53471506226377,False
736,甘肃,光伏,2024,12.353003919124603,0.052652712237864205,39.28761067893761,False
7361,新疆,光伏,2024,9.993779808282852,0.03454328409766105,32.20840214385335,False
739,甘肃,光伏,2024,11.592953726649284,0.06552541509220307,52.09250854678239,False
742,甘肃,光伏,2024,12.276489436626434,0.041978352865381034,31.515829066733026,False
747,甘肃,光伏,2024,12.350004762411118,0.05100533135623314,38.0739310257829,False
750,甘肃,光伏,2024,11.417119950056076,0.06296965691478298,50.831667474651404,False
754,甘肃,光伏,2024,11.438980847597122,0.22085197543855525,177.93998457659924,False
761,甘肃,光伏,2024,12.16126263141632,0.07052185694348358,53.46532955462933,False
764,甘肃,光伏,2024,11.24170795083046,0.04510077949554296,36.96153292011578,False
766,甘肃,光伏,2024,11.868381947278976,0.1392920989908834,108.17588376377644,False
769,甘肃,光伏,2024,11.208064556121826,0.04654450778265636,38.25710967940425,False
770,甘肃,光伏,2024,11.131497994065285,0.049806969278338206,41.21857081507143,False
772,甘肃,光伏,2024,11.285667568445206,0.03603258065604086,29.416852643696995,False
778,甘肃,光伏,2024,12.263480499386787,0.04385615425529203,32.95781815717508,False
781,甘肃,光伏,2024,11.257328242063522,0.044958601879920054,36.793382931930665,False
782,甘肃,光伏,2024,11.056307852268219,0.049460695179316866,41.20810471751461,False
784,甘肃,光伏,2024,11.281730979681015,0.09050334258284075,73.91030997633804,False
789,甘肃,光伏,2024,11.280228048563004,0.04500398353272751,36.757775515224495,False
797,甘肃,光伏,2024,11.104975864291191,0.04568140076624383,37.897282962403885,False
798,甘肃,光伏,2024,11.272648572921753,0.04038065928529161,33.002410531979045,False
7987,青海,光伏,2024,10.387345477938652,0.03431777871138507,30.86976508614026,False
799,甘肃,光伏,2024,12.535755783319473,0.05605713105139304,41.21581227063112,False
802,甘肃,光伏,2024,12.340202182531357,0.05366576123940167,40.07953287177523,False
803,甘肃,光伏,2024,11.272648572921753,0.04038065928529161,33.002410531979045,False
809,甘肃,光伏,2024,11.09856627881527,0.04566043234458079,37.90072148008772,False
810,甘肃,光伏,2024,11.077359393239021,0.09906120047872968,82.37697818127187,False
814,甘肃,光伏,2024,11.11641839146614,0.06584967349108482,54.57189703271435,False
816,甘肃,光伏,2024,11.15447111427784,0.05934665035095003,49.014160228620774,False
817,甘肃,光伏,2024,12.573428973555565,0.055327065195999385,40.55882521708282,False
821,甘肃,光伏,2024,12.262723445892334,0.04385358175905886,32.95791950093857,False
8216,青海,光伏,2024,8.421415239572525,0.03045622692682891,33.95171027103893,False
8217,青海,光伏,2024,10.380717739462852,0.03482284792486074,31.377457428121176,False
824,甘肃,光伏,2024,12.508368417620659,0.056103168128864456,41.33770058884983,False
827,甘肃,光伏,2024,10.52232339978218,0.05427567838801487,47.5177656027588,False
8273,青海,光伏,2024,10.33753126859665,0.033423077424651296,30.24199546516457,False
8281,青海,光伏,2024,10.459115356206894,0.03452564223838535,30.839207152494694,False
8290,青海,光伏,2024,10.460899472236633,0.03505165079761136,31.323841675708117,False
8305,青海,光伏,2024,10.498597249388695,0.03499503586132542,31.145398988450005,False
8309,青海,光伏,2024,10.466332957148552,0.0350904511601789,31.34445946475346,False
8314,青海,光伏,2024,6.95398673415184,0.02496945752274287,33.78980796683827,False
8317,青海,光伏,2024,10.530688315629959,0.0360204768405813,31.953457340369606,False
832,甘肃,光伏,2024,11.361336931586266,0.04366320793375006,35.41099990144743,False
8326,青海,光伏,2024,6.925864890217781,0.024540331992277262,33.34716999687959,False
8380,青海,光伏,2024,8.158700913190842,0.029688714449625245,34.065449275931186,False
843,甘肃,光伏,2024,10.413210913538933,0.053439630710419884,47.272800423707686,False
847,甘肃,光伏,2024,12.000619322061539,0.04345525323695045,33.37184962401637,False
848,甘肃,光伏,2024,11.373530253767967,0.04370697709124988,35.408982565225735,False
850,甘肃,光伏,2024,10.816372856497765,0.19457014300043407,165.72453200191123,False
851,甘肃,光伏,2024,10.461358577013016,0.10787652430570409,94.99249891242252,False
854,甘肃,光伏,2024,11.319105997681618,0.06161200818753373,50.15395974176611,False
856,甘肃,光伏,2024,11.287865415215492,0.043179900903510565,35.2469715555309,False
859,甘肃,光伏,2024,10.652144104242325,0.03965949175881787,34.30017945175392,False
8608,西藏,光伏,2024,8.01481582224369,0.029758945928388045,35.41768668363639,False
867,甘肃,光伏,2024,12.042753025889397,0.05149817650142878,39.406861753532326,False
870,甘肃,光伏,2024,12.291221246123314,0.04189174730633023,31.413112953050256,False
875,甘肃,光伏,2024,11.028759777545929,0.1269636025758345,106.07584503420189,False
876,甘肃,光伏,2024,11.578408107161522,0.046112182719015314,36.700552783648334,False
880,甘肃,光伏,2024,11.38108715415001,0.04375157400509967,35.421090057171455,False
882,甘肃,光伏,2024,12.035997211933136,0.05147778854826315,39.41282855357079,False
883,甘肃,光伏,2024,11.409895420074463,0.04387195241704456,35.42886893336199,False
886,甘肃,光伏,2024,10.79344779253006,0.13882875254063184,118.50138431799589,False
888,甘肃,光伏,2024,10.413210913538933,0.053439630710419884,47.272800423707686,False
894,甘肃,光伏,2024,11.373530253767967,0.04370697709124988,35.408982565225735,False
895,甘肃,光伏,2024,11.42350360751152,0.20656374322804968,166.59156072622042,False
897,甘肃,光伏,2024,11.373530253767967,0.04370697709124988,35.408982565225735,False
906,甘肃,光伏,2024,10.329308956861496,0.04335957776182822,38.66220762995534,False
908,甘肃,光伏,2024,10.44759415090084,0.05364295755468254,47.29649609487494,False
912,甘肃,光伏,2024,10.402654185891151,0.05365596356479372,47.51233604359442,False
918,甘肃,光伏,2024,10.402654185891151,0.05365596356479372,47.51233604359442,False
922,甘肃,光伏,2024,11.594899445772171,0.04618175446118411,36.70364705554506,False
927,甘肃,光伏,2024,12.079645246267319,0.04422500355682063,33.73986880910804,False
931,甘肃,光伏,2024,11.10909417271614,0.049867539335936566,41.35078668907067,False
933,甘肃,光伏,2024,11.12006887793541,0.03993616787842615,33.082886712278146,False
935,甘肃,光伏,2024,11.124170646071434,0.04933737437163248,40.8574057229269,False
943,甘肃,光伏,2024,11.123101562261581,0.04935254941130913,40.872776913290416,False
948,甘肃,光伏,2024,12.226032167673111,0.04331533909609873,32.65110148822231,False
9537,青海,光伏,2024,8.15870113670826,0.031047022548147916,35.623999301219634,False
954,甘肃,光伏,2024,11.129550710320473,0.05925904511432867,49.04869670155708,False
957,甘肃,光伏,2024,11.120651364326477,0.049753999410828705,41.214894892951506,False
9579,青海,光伏,2024,10.387345477938652,0.03431777871138507,30.86976508614026,False
959,甘肃,光伏,2024,10.645267143845558,0.06441969380623118,55.739721878530446,False
961,甘肃,光伏,2024,12.069036439061165,0.05524764722662442,42.18566538745238,False
963,甘肃,光伏,2024,10.774261727929115,0.06605752864918253,56.46946053106229,False
969,甘肃,光伏,2024,12.409926652908325,0.05458082412543624,40.537260236097794,False
970,甘肃,光伏,2024,12.391545921564102,0.054497806654898596,40.53508332207242,False
971,甘肃,光伏,2024,12.229912877082825,0.049604209356519345,37.39008733898636,False
992,甘肃,光伏,2024,11.21848851442337,0.061138190786062314,50.22222745332177,False
W107,甘肃,风电,2024,12.144194841384888,0.046553751140926955,35.31605911478544,False
W108,甘肃,风电,2024,11.990827471017838,0.04580759993956058,35.19061848970602,False
W109,甘肃,风电,2024,12.330235317349434,0.04746294022292393,35.468370635391175,False
W110,甘肃,风电,2024,12.265067920088768,0.047256896299242464,35.49617185054243,False
W113,甘肃,风电,2024,9.46758784353733,0.04924277475504377,48.10775921672569,False
W1130,河北,风电,2024,9.260471239686012,0.09380540138010901,94.07792217563728,False
W1134,河北,风电,2024,8.80839005112648,0.06185695687767001,65.29050426603631,False
W114,甘肃,风电,2024,11.781475692987442,0.1807578744711736,141.30918980589652,False
W115,甘肃,风电,2024,8.101443573832512,0.04174474506245662,47.92950052622026,False
W116,甘肃,风电,2024,8.815459236502647,0.045288580677092544,47.64632936999007,False
W117,甘肃,风电,2024,9.065162390470505,0.04692260352511972,47.957280577251744,False
W119,甘肃,风电,2024,11.024409011006355,0.05710481368414871,47.71248570436375,False
W121,甘肃,风电,2024,12.382638081908226,0.04783145913599855,35.59249352942187,False
W122,甘肃,风电,2024,12.233862206339836,0.04732000167847369,35.635705765809675,False
W123,甘肃,风电,2024,8.37682530283928,0.04293221307755529,47.63474685894252,False
W126,甘肃,风电,2024,12.654482424259186,0.045995428340543786,33.50069365395728,False
W1261,河北,风电,2024,7.624247968196869,0.1629076316489831,199.88774124784698,False
W127,甘肃,风电,2024,12.189754843711853,0.1865996062476841,141.02304554848678,False
W128,甘肃,风电,2024,9.288505241274834,0.04762764927670248,47.47910808935704,False
W1280,河北,风电,2024,5.961678922176361,0.033366491662947285,52.66220231824535,False
W1284,河北,风电,2024,6.940262541174889,0.03767102645021011,50.96009657614594,False
W1287,河北,风电,2024,9.365306720137596,0.06327410353633171,62.72199558274946,False
W129,甘肃,风电,2024,12.211974263191223,0.18715862039354078,141.21341125698555,False
W131,甘肃,风电,2024,12.269834205508232,0.18940584837976307,142.240937759014,False
W132,甘肃,风电,2024,12.252554297447205,0.18944702230900906,142.48427159556607,False
W133,甘肃,风电,2024,10.834326893091202,0.11175423449143002,95.01161371315592,False
W134,甘肃,风电,2024,9.4072837382555,0.04872899148116251,47.93894784781728,False
W135,甘肃,风电,2024,12.378069385886192,0.0452655067624089,33.701571046539236,False
W136,甘肃,风电,2024,6.6753387451171875,0.05249088317843802,73.83074839456039,False
W1360,河北,风电,2024,7.839550226926804,0.04217610376935142,50.289814450610734,False
W1362,河北,风电,2024,7.839550226926804,0.04217610376935142,50.289814450610734,False
W1374,河北,风电,2024,7.931900918483734,0.0850402664643643,100.3322591174553,False
W1389,河北,风电,2024,6.827234476804733,0.04801773417223335,65.88231855728014,False
W139,甘肃,风电,2024,7.182880192995071,0.13263991359922303,172.82200758230596,False
W140,甘肃,风电,2024,7.247854247689247,0.06582852642318843,85.04877648732426,False
W141,甘肃,风电,2024,10.865763947367668,0.22717709863164087,192.57814028478586,False
W1482,海南,风电,2024,9.390660300850868,0.03370771121544287,33.331542239579825,False
W1483,海南,风电,2024,7.053065299987793,0.03290729646490918,43.769731044012836,False
W1502,河北,风电,2024,9.054880365729332,0.045029859756833275,46.39547904443466,False
W1509,河北,风电,2024,8.466662093997002,0.05675509536689652,62.43033861797355,False
W1520,河北,风电,2024,9.707031548023224,0.03284648011562262,31.369430817313418,False
W1529,河北,风电,2024,5.887339487671852,0.03301102086904687,52.773849074503616,False
W1533,河北,风电,2024,9.76632535457611,0.03300914315998735,31.3228461439995,False
W1613,河北,风电,2024,7.624247968196869,0.16455316453780996,201.906810882383,False
W1634,河北,风电,2024,7.624248191714287,0.08063105292432983,98.93433725503057,False
W1693,河北,风电,2024,7.715315669775009,0.02780894075492146,33.82236514712573,False
W1817,河北,风电,2024,7.624247968196869,0.0789855189091723,96.9152691389097,False
W1887,河北,风电,2024,8.119101449847221,0.04036312416823973,46.56813402244947,False
W1892,河北,风电,2024,5.7847704738378525,0.029919485388731515,48.79462105781859,False
W1941,河北,风电,2024,9.163141921162605,0.030846773619725782,31.270064273088373,False
W2003,河南,风电,2024,11.671990603208542,0.05174049422318115,40.863445566666485,False
W2016,河南,风电,2024,12.318509370088577,0.1301576326140421,97.43669431720281,False
W2017,河南,风电,2024,12.358490377664566,0.03906595376566037,29.150369684092183,False
W2176,河北,风电,2024,7.624247968196869,0.08227658233988847,100.95340552828827,False
W2206,黑龙江,风电,2024,6.118417605757713,0.04173783030032274,64.20122544925626,False
W2214,黑龙江,风电,2024,5.985519289970398,0.04251864404474914,66.87463712550537,False
W2237,黑龙江,风电,2024,11.527443006634712,0.10735905730680848,85.78795500440008,False
W2263,河北,风电,2024,7.175273671746254,0.03083148964756493,40.200195761931,False
W2266,河北,风电,2024,7.2617170214653015,0.025891729217300652,33.35051774626294,False
W2269,黑龙江,风电,2024,7.892397791147232,0.0721479394880841,85.45756980108087,False
W2282,黑龙江,风电,2024,7.525353580713272,0.06836025511947412,85.04533161025078,False
W2379,黑龙江,风电,2024,6.429496854543686,0.06058508229585729,88.56984676044989,False
W2383,黑龙江,风电,2024,9.296474531292915,0.037988511442200376,38.07468176026644,False
W2404,黑龙江,风电,2024,9.307656437158585,0.03544630131526011,35.48132106851659,False
W2429,黑龙江,风电,2024,12.94201947748661,0.04641242854662905,33.03745483162124,False
W2432,河北,风电,2024,5.331351086497307,0.02908448119905347,51.505031388008405,False
W2435,黑龙江,风电,2024,12.62423850595951,0.045504795286861036,33.200812529132,False
W2440,河北,风电,2024,7.079913541674614,0.0521452421650918,69.24139840885879,False
W2441,河北,风电,2024,13.078296259045601,0.05611181607435511,39.57183236387923,False
W2448,河南,风电,2024,11.809941083192825,0.04981824924359388,38.887857248496694,False
W2485,河北,风电,2024,6.715383008122444,0.049220205635400964,68.85726248104893,False
W2488,河北,风电,2024,13.094397783279419,0.05614306341127291,39.54463628881942,False
W2504,黑龙江,风电,2024,9.014173373579979,0.036980183097347664,38.230632105621396,False
W2515,河北,风电,2024,11.115847080945969,0.17741829075771726,147.02606825682608,False
W2524,黑龙江,风电,2024,6.908612698316574,0.04605437642601718,62.59026059858123,False
W2525,河北,风电,2024,13.125072196125984,0.056175037363557306,39.47305030845484,False
W2534,黑龙江,风电,2024,13.079853057861328,0.046960824257692005,33.0755583183446,False
W2553,黑龙江,风电,2024,7.380056083202362,0.06682501236428608,84.8070742198259,False
W2557,河北,风电,2024,8.643068969249725,0.15612635201028846,168.03734652323726,False
W2567,黑龙江,风电,2024,7.518565580248833,0.03378683169609119,42.07422475818408,False
W2577,黑龙江,风电,2024,9.569429084658623,0.03967626082911253,38.57538816360272,False
W2590,黑龙江,风电,2024,11.495826914906502,0.04345323264779563,34.97098083117168,False
W2603,河北,风电,2024,7.624247968196869,0.08227658233988847,100.95340552828827,False
W2604,黑龙江,风电,2024,6.212003901600838,0.0422090591609348,63.97497074361402,False
W2610,黑龙江,风电,2024,7.2737230360507965,0.04735406027498909,61.137963989874265,False
W2611,河南,风电,2024,12.68279179930687,0.038860594793657464,28.261524239220307,False
W2622,黑龙江,风电,2024,7.319399043917656,0.0483033205571898,61.922208068000856,False
W2635,黑龙江,风电,2024,7.625645622611046,0.038541682481381505,47.285303385518276,False
W2642,黑龙江,风电,2024,7.994259595870972,0.16096000073685848,187.96708644613676,False
W2670,黑龙江,风电,2024,10.282628908753395,0.03508827462902862,31.503430803238825,False
W2703,黑龙江,风电,2024,6.1945270746946335,0.04329256843366136,65.7904524702893,False
W2708,黑龙江,风电,2024,6.062592342495918,0.04223985402786092,65.55976746659074,False
W2710,黑龙江,风电,2024,7.646921798586845,0.03579156999852266,43.82256023026008,False
W2713,黑龙江,风电,2024,7.1970100700855255,0.03368475691572817,43.86996091931799,False
W2715,河南,风电,2024,12.158680334687233,0.05142734519576113,39.002707067780634,False
W2720,黑龙江,风电,2024,7.551100552082062,0.035393832676815645,43.89454358609196,False
W2724,黑龙江,风电,2024,7.5232648104429245,0.035251796632318325,43.88916214427938,False
W2736,黑龙江,风电,2024,6.846606954932213,0.043338107500719744,59.5114968531573,False
W2751,黑龙江,风电,2024,6.944890022277832,0.04471397536823985,60.524294730912075,False
W2766,黑龙江,风电,2024,6.713897287845612,0.040232842092952185,56.38145917004079,False
W2767,黑龙江,风电,2024,6.391327455639839,0.04298630804916761,63.30207891083994,False
W2778,黑龙江,风电,2024,7.182202264666557,0.06391161437144645,83.50715712830183,False
W2800,黑龙江,风电,2024,7.239464297890663,0.03694480790464481,47.8001616127659,False
W2803,黑龙江,风电,2024,7.091517671942711,0.03241656908240811,42.87476934501484,False
W2812,黑龙江,风电,2024,6.541872248053551,0.04432270922667782,63.7066728057273,False
W2820,黑龙江,风电,2024,5.652816295623779,0.027325159864882202,45.53190921546779,False
W2822,黑龙江,风电,2024,9.299193173646927,0.03835066619093353,38.42349306312123,False
W2843,黑龙江,风电,2024,7.099138051271439,0.05872544468094722,77.41838912714545,False
W2853,黑龙江,风电,2024,6.392272487282753,0.04299276455831171,63.30222686658021,False
W2857,黑龙江,风电,2024,7.6394907385110855,0.038415135812098225,47.064293085342705,False
W2866,黑龙江,风电,2024,6.56107060611248,0.04489245375321534,64.32469393124347,False
W2869,黑龙江,风电,2024,6.611260771751404,0.06490024976283391,92.18761723980096,False
W2887,黑龙江,风电,2024,6.976489350199699,0.06253260480743356,84.16900527747264,False
W2892,黑龙江,风电,2024,7.071777060627937,0.06290433242464451,83.52311266102782,False
W2898,河北,风电,2024,7.624248191714287,0.08392211585433844,102.97247291165614,False
W2907,黑龙江,风电,2024,12.95883446931839,0.04872932082654027,34.64261735162268,False
W2911,黑龙江,风电,2024,7.773280665278435,0.06417226320984991,77.09794320823829,False
W2917,河北,风电,2024,7.624247968196869,0.08227658233988847,100.95340552828827,False
W2919,黑龙江,风电,2024,9.232071563601494,0.06206741039952639,62.31021055870595,False
W2924,黑龙江,风电,2024,9.32742990553379,0.038328327003786314,38.26433288724614,False
W2934,黑龙江,风电,2024,7.596104666590691,0.06937869155419042,85.41909078209234,False
W2966,黑龙江,风电,2024,12.328849956393242,0.11320178758821185,84.59658562805068,False
W3020,湖南,风电,2024,13.146108537912369,0.04850795437001517,34.00942313602225,False
W3240,内蒙古,风电,2024,11.26736931502819,0.03605490505630651,29.477205722995045,False
W3667,内蒙古,风电,2024,6.294212713837624,0.029546459055434744,45.112767053041246,False
W3802,内蒙古,风电,2024,10.098644122481346,0.04377718803372746,40.306693567919325,False
W3975,湖南,风电,2024,12.621257230639458,0.04696210983331225,34.29245634576705,False
W4036,河北,风电,2024,5.939747393131256,0.031438580772238496,49.82561105128036,False
W4047,内蒙古,风电,2024,7.4069275707006454,0.05462299986186087,69.15071223022589,False
W4050,内蒙古,风电,2024,6.6518884152174,0.035854747495732045,50.676666729987126,False
W4054,内蒙古,风电,2024,6.813998222351074,0.03668132281652716,50.55700563138083,False
W4060,内蒙古,风电,2024,6.356202811002731,0.047833981355434804,70.90644102922334,False
W4062,内蒙古,风电,2024,7.4069275707006454,0.05462299986186087,69.15071223022589,False
W4091,内蒙古,风电,2024,8.19305531680584,0.09051495487293469,103.07764935448395,False
W4101,内蒙古,风电,2024,6.737823262810707,0.03583302952105222,49.91395379806532,False
W4230,内蒙古,风电,2024,6.5954940766096115,0.03605529484184929,51.353631284575656,False
W4253,内蒙古,风电,2024,6.946369931101799,0.05201050898902804,70.37250269352393,False
W4268,内蒙古,风电,2024,7.484120652079582,0.07311722379492995,91.65127097224018,False
W4304,内蒙古,风电,2024,5.882110968232155,0.0383655234854002,61.38102186010356,False
W4313,内蒙古,风电,2024,9.327669739723206,0.047701510978923736,47.57629166421376,False
W4347,内蒙古,风电,2024,5.811561942100525,0.03249196918934395,52.66246500425876,False
W4348,内蒙古,风电,2024,8.58697459101677,0.037746072929256,42.06671356171034,False
W4386,内蒙古,风电,2024,7.798311933875084,0.03356738055454628,40.20783857974204,False
W4452,河北,风电,2024,7.167976498603821,0.052731277493032545,69.07587488717563,False
W4455,内蒙古,风电,2024,4.770577177405357,0.022507443172319674,45.43497684092474,False
W4461,内蒙古,风电,2024,10.921849608421326,0.044615949464173896,37.867073880058506,False
W4475,内蒙古,风电,2024,8.470014408230782,0.034553233528691676,38.04523887752075,False
W4484,内蒙古,风电,2024,7.554603293538094,0.19145953159865567,236.85210455115913,False
W4505,内蒙古,风电,2024,8.825476616621017,0.03429937824846465,36.30295334547264,False
W4510,内蒙古,风电,2024,8.569904565811157,0.03974666904744092,43.332359326591074,False
W4517,内蒙古,风电,2024,8.84337767958641,0.041042552309870736,43.33327242155802,False
W4522,内蒙古,风电,2024,8.79842609167099,0.041662222648695325,44.22188289652598,False
W4534,内蒙古,风电,2024,6.736185997724533,0.02530127717914185,35.69668392734933,False
W4551,内蒙古,风电,2024,5.531205832958221,0.03066260139860787,52.27177007034381,False
W4596,内蒙古,风电,2024,8.134119361639023,0.06095078260940457,70.05435271000005,False
W4603,内蒙古,风电,2024,8.541851788759232,0.12099473604978703,131.80984985758553,False
W4611,内蒙古,风电,2024,7.472332343459129,0.053184593752572916,66.56084865049371,False
W4736,内蒙古,风电,2024,8.072984889149666,0.056071914590260154,64.77978592777387,False
W4753,内蒙古,风电,2024,7.979038506746292,0.055648279805114956,65.09083798025108,False
W4783,内蒙古,风电,2024,9.804759845137596,0.049829034728820484,47.22633981297877,False
W4791,内蒙古,风电,2024,8.02702970802784,0.027938689356474318,32.4695770118264,False
W4807,内蒙古,风电,2024,8.048680052161217,0.03007561710591492,34.84078242366837,False
W4808,内蒙古,风电,2024,7.472332343459129,0.026592296833559095,33.28042427177329,False
W4814,内蒙古,风电,2024,8.139839172363281,0.12160901942208505,139.21476369239357,False
W4815,内蒙古,风电,2024,7.476635724306107,0.026455892445223988,33.09298743515244,False
W4827,内蒙古,风电,2024,6.892732456326485,0.024375899379396375,33.13819809007675,False
W4832,内蒙古,风电,2024,8.010067865252495,0.028121336940639598,32.76562436108148,False
W4837,内蒙古,风电,2024,12.191615626215935,0.048832475988049184,36.89910650927102,False
W4852,内蒙古,风电,2024,8.089082390069962,0.05736094697230621,66.17158079038302,False
W4875,内蒙古,风电,2024,6.813065260648727,0.03766329406082871,51.870522718476906,False
W4888,内蒙古,风电,2024,6.989753544330597,0.03865638653608813,51.86177074644804,False
W4968,内蒙古,风电,2024,8.656366914510727,0.035053329103921865,37.75080646400581,False
W4984,内蒙古,风电,2024,7.145871743559837,0.08099701392591001,106.16862042066545,False
W4988,内蒙古,风电,2024,8.147667199373245,0.1627440013434392,186.26657901774564,False
W4991,内蒙古,风电,2024,9.514613896608353,0.04068268275823019,39.87325084724482,False
W5007,青海,风电,2024,9.611464440822601,0.3974640077666766,382.42293845946233,False
W5009,青海,风电,2024,9.611464440822601,0.09936600194166915,95.60573461486558,False
W5010,青海,风电,2024,9.611464440822601,0.09936600194166915,95.60573461486558,False
W5014,青海,风电,2024,9.67839740216732,0.09999245833028855,95.51787947411867,False
W5019,青海,风电,2024,9.688767045736313,0.10008232838669569,95.49296575104607,False
W5021,青海,风电,2024,10.846894606947899,1.0117152244628982,859.1942881884647,False
W5022,青海,风电,2024,9.61146466434002,0.794928033567828,764.8458764842132,False
W5025,青海,风电,2024,8.061611875891685,0.10023662684898285,115.64688301056194,False
W503,甘肃,风电,2024,12.137931436300278,0.38445702275502996,291.7586414641395,False
W5035,青海,风电,2024,12.801017314195633,0.043371018405461,31.261671900133145,False
W507,甘肃,风电,2024,13.099545612931252,0.05341470656335027,37.588928037579244,False
W5073,陕西,风电,2024,12.492738738656044,0.042422232559686426,31.29777036295604,False
W515,甘肃,风电,2024,12.813129276037216,0.05155338443702478,37.09719982942356,False
W518,甘肃,风电,2024,12.925350666046143,0.05178013979657107,36.9404326833066,False
W5190,辽宁,风电,2024,10.751123651862144,0.04297054207945855,38.01342569319004,False
W5243,辽宁,风电,2024,7.225038930773735,0.03337607463443282,43.32803610775501,False
W5244,辽宁,风电,2024,9.01201419532299,0.035375384920979094,36.67998454237609,False
W5305,辽宁,风电,2024,7.452851235866547,0.031194328403564807,39.464440259733514,False
W5423,辽宁,风电,2024,6.646328642964363,0.026815447925256905,38.37278118789643,False
W5456,吉林,风电,2024,4.834747016429901,0.02452722867724689,48.012684186244684,False
W5754,青海,风电,2024,11.018247082829475,0.48072280915332555,401.9854304333111,False
W5824,吉林,风电,2024,8.345881551504135,0.03051968631597871,34.418088276975716,False
W583,甘肃,风电,2024,10.70095181465149,0.23694183791485765,203.94922067095462,False
W584,甘肃,风电,2024,10.749160945415497,0.17704007540128835,151.71536539050362,False
W585,甘肃,风电,2024,11.450071781873703,0.18753164759969967,150.9225749061494,False
W586,甘肃,风电,2024,12.363108694553375,0.051497737348373596,38.383301705510604,False
W5967,辽宁,风电,2024,8.207821995019913,0.04131425440964873,46.9706366174724,False
W6008,山东,风电,2024,12.283695414662361,0.048469581844899357,36.374376607475284,False
W6010,陕西,风电,2024,11.77399456501007,0.04115170443624984,32.201356519823754,False
W6017,山东,风电,2024,12.283695414662361,0.048469581844899357,36.374376607475284,False
W6039,山东,风电,2024,11.399497389793396,0.04581369767914663,37.03118476401177,False
W6040,山东,风电,2024,13.021513223648071,0.058514901196455096,41.40996092703765,False
W6049,山东,风电,2024,12.136441692709923,0.03714227667123625,28.198703195562416,False
W6056,山东,风电,2024,12.142608538269997,0.037228633909485546,28.249134456086757,False
W6068,山东,风电,2024,11.920842826366425,0.04990837211386092,38.5692132817394,False
W6069,山东,风电,2024,12.21391573548317,0.06721772204316269,50.693173593406925,False
W6070,山东,风电,2024,12.174057215452194,0.06691016557217516,50.628525857288096,False
W6090,山东,风电,2024,13.033417761325836,0.039676700729671194,28.06560888003275,False
W6091,山东,风电,2024,12.424218356609344,0.03814657066254452,28.298925423433378,False
W6093,山东,风电,2024,11.958308145403862,0.03669206759575609,28.27030771716959,False
W6094,山东,风电,2024,10.133826211094856,0.03284202731186596,30.01628741713103,False
W6095,山东,风电,2024,12.088014408946037,0.03707408481048895,28.258916731361122,False
W6096,山东,风电,2024,12.053260579705238,0.03699842228705943,28.27944696400562,False
W6097,山东,风电,2024,11.982378512620926,0.03680165669697857,28.29544888580711,False
W6098,山东,风电,2024,10.734346210956573,0.03460981420433894,29.79028749863019,False
W6099,山东,风电,2024,10.62022179365158,0.034416782364005236,29.953132084127613,False
W6100,山东,风电,2024,10.404897406697273,0.03374670566745921,30.0164204065784,False
W6101,山东,风电,2024,10.579880475997925,0.034271139725740744,29.942760947938634,False
W6102,山东,风电,2024,10.295965075492859,0.03339817763083025,30.031050297476185,False
W6103,山东,风电,2024,10.736738964915276,0.03464785550433273,29.821698239673097,False
W6104,山东,风电,2024,10.745503082871437,0.0458871156011499,39.51429636184814,False
W6105,山东,风电,2024,12.619286924600601,0.03997264337939115,29.19601226269836,False
W6106,山东,风电,2024,10.270184576511383,0.03366985205050541,30.32319190269961,False
W6107,山东,风电,2024,10.250302255153656,0.033673991738384326,30.41394393921763,False
W6108,山东,风电,2024,10.173721611499786,0.03363505499727715,30.615309873654056,False
W6119,山东,风电,2024,12.519776746630669,0.04926884440761469,36.257005735102936,False
W6126,山东,风电,2024,11.890931949019432,0.03810853377388326,29.528839927559318,False
W6131,山东,风电,2024,11.760523840785027,0.036507931996250076,28.602276842918542,False
W6136,陕西,风电,2024,11.176723167300224,0.03919327167042548,32.30689712672434,False
W6141,山东,风电,2024,12.241431400179863,0.05094046595348318,38.33742706655505,False
W6144,陕西,风电,2024,11.728031784296036,0.04091930945836513,32.1498576643701,False
W6150,山东,风电,2024,12.259756475687027,0.05302498187495717,39.85369580686381,False
W6164,陕西,风电,2024,11.527013406157494,0.037093711895266585,29.64625071703914,False
W6193,山东,风电,2024,12.694200798869133,0.05156710282337766,37.42944460382998,False
W6206,山东,风电,2024,11.244591549038887,0.03634039466160502,29.76793170091471,False
W6215,山东,风电,2024,12.036326676607132,0.05261202371039271,40.265171854998705,False
W6226,山东,风电,2024,12.960914298892021,0.048216755753397726,34.28357170074848,False
W6236,山东,风电,2024,7.538741379976273,0.029727468541593072,36.92516726470312,False
W6268,山西,风电,2024,8.884763717651367,0.04910938126076526,51.369342836847096,False
W6270,山西,风电,2024,9.270520359277725,0.04098835530482678,41.00890676077437,False
W6271,山西,风电,2024,9.064215123653412,0.050063962567509224,51.300694119992045,False
W6338,山东,风电,2024,11.308909580111504,0.062343441121548285,50.78325031233657,False
W6340,陕西,风电,2024,11.550325825810432,0.05190960194005605,41.41344025822492,False
W6345,山东,风电,2024,11.308909580111504,0.048984132447919555,39.901125357925515,False
W6346,陕西,风电,2024,13.01650308072567,0.043310727345797655,30.678513857959995,False
W6352,山东,风电,2024,7.529109567403793,0.035902042154555745,44.61470334278459,False
W6360,山东,风电,2024,7.51176618039608,0.03514879797203376,43.83985880457155,False
W6363,陕西,风电,2024,12.019002735614777,0.04072807603158924,31.225780820379992,False
W6386,山东,风电,2024,6.15662656724453,0.037840122824859476,57.85853086669604,False
W6389,陕西,风电,2024,12.964555397629738,0.05753249914229541,40.92574967798008,False
W6391,山东,风电,2024,12.67951749265194,0.03908615879631236,28.40978173928257,False
W6398,陕西,风电,2024,12.964555397629738,0.05230227266000553,37.205227486793405,False
W6403,山东,风电,2024,12.024136930704117,0.03753315841823436,28.758444775547076,False
W6408,陕西,风电,2024,12.471998110413551,0.041973813828393755,31.020575082368467,False
W6417,山东,风电,2024,12.365321516990662,0.03821860531336689,28.478781980772066,False
W6420,陕西,风电,2024,12.127374708652496,0.04100463792877474,31.160745349145166,False
W6422,陕西,风电,2024,12.019002735614777,0.04072807603158924,31.225780820379992,False
W6424,山东,风电,2024,12.873881086707115,0.05364383825787805,38.38651785499428,False
W6431,陕西,风电,2024,12.359211891889572,0.041681331677441515,31.085956894435974,False
W6435,山东,风电,2024,9.51623909175396,0.041076839683706776,40.119149892522145,False
W6450,山西,风电,2024,9.930903017520905,0.07729648320653801,71.81818088989347,False
W6453,山东,风电,2024,12.454536706209183,0.051307294565024704,37.960107242196806,False
W6465,陕西,风电,2024,10.795187652111053,0.0498423184839401,42.53226346258783,False
W6469,山东,风电,2024,12.531614005565643,0.051571793119522,37.92007283712348,False
W6472,陕西,风电,2024,13.016499280929565,0.043294861180455085,30.666861299631538,False
W6483,山东,风电,2024,12.451162934303284,0.05138059523100731,38.02463969907123,False
W6490,陕西,风电,2024,12.592832744121552,0.05491084604699355,40.209417246339804,False
W6510,山东,风电,2024,13.075578063726425,0.03922661196994845,27.665400033795304,False
W6519,山东,风电,2024,12.876532897353172,0.05339167885490699,38.1987343197607,False
W6522,陕西,风电,2024,11.813685670495033,0.03868986519533005,30.17739320615476,False
W6524,陕西,风电,2024,12.019002735614777,0.04072807603158924,31.225780820379992,False
W6528,山东,风电,2024,12.858829870820045,0.053481291625438875,38.31763198724668,False
W6533,山东,风电,2024,11.996492519974709,0.05119505505111446,39.31948238440733,False
W6537,陕西,风电,2024,12.436043992638588,0.05627212228675981,41.69241571291258,False
W6541,陕西,风电,2024,12.492738738656044,0.042422232559686426,31.29777036295604,False
W6543,陕西,风电,2024,12.377520427107811,0.04205667857799787,31.312163537436298,False
W6549,陕西,风电,2024,13.097994402050972,0.043105046619534244,30.34411356883378,False
W6551,陕西,风电,2024,11.643817573785782,0.03995716079715811,31.61531067035012,False
W6556,陕西,风电,2024,11.783750206232071,0.05196681511668681,40.64565520924768,False
W6571,山东,风电,2024,9.363734722137451,0.034528064334704754,34.35780577642927,False
W6577,陕西,风电,2024,11.98887012898922,0.04093993453539038,31.468833540197156,False
W6584,陕西,风电,2024,11.38654612004757,0.03880718728240159,31.394868853537247,False
W6598,陕西,风电,2024,11.712282970547676,0.03983977766947833,31.342908160279944,False
W6602,陕西,风电,2024,11.179689019918442,0.050781883762900576,41.84652439877964,False
W6605,陕西,风电,2024,12.101683393120766,0.04214445563901782,32.09182852305292,False
W6607,陕西,风电,2024,10.904553607106209,0.04937855540512251,41.717355401037985,False
W6615,陕西,风电,2024,12.677457332611084,0.043372015616596975,31.53616162166906,False
W6624,陕西,风电,2024,12.25902110338211,0.054088274744038156,40.67827558541801,False
W6627,陕西,风电,2024,12.28244237601757,0.041783622554730816,31.35399681000887,False
W6632,陕西,风电,2024,12.308424934744835,0.04174562371682688,31.25935612145927,False
W6643,陕西,风电,2024,12.28936716914177,0.04178214731930678,31.333065638509247,False
W6648,陕西,风电,2024,12.807086929678917,0.042819624616686654,30.820228389387744,False
W6651,陕西,风电,2024,11.645682603120804,0.040767817282123406,32.251117179042005,False
W6653,陕西,风电,2024,12.492738738656044,0.042422232559686426,31.29777036295604,False
W6658,陕西,风电,2024,11.630465760827065,0.03952894334097392,31.3149817805339,False
W6661,陕西,风电,2024,12.492738738656044,0.042422232559686426,31.29777036295604,False
W6666,陕西,风电,2024,11.681218072772026,0.03972716894449303,31.33441585183031,False
W6667,山东,风电,2024,12.873009815812111,0.053080398436434,37.99739947482394,False
W6674,陕西,风电,2024,11.559087708592415,0.03930682708632966,31.330012842322176,False
W6676,山东,风电,2024,12.052268385887146,0.03781128647481478,28.91188274076289,False
W6678,山东,风电,2024,12.844668924808502,0.03950754811438412,28.350363340281906,False
W6684,陕西,风电,2024,11.501424908638,0.03908918126983331,31.31230916532219,False
W6686,山东,风电,2024,12.949777096509933,0.0661086658724944,47.03727069992838,False
W6691,陕西,风电,2024,12.243110463023186,0.04135944305640889,31.13325769055206,False
W6693,陕西,风电,2024,12.049119919538498,0.040831165973463694,31.227860732753168,False
W6694,陕西,风电,2024,11.546595767140388,0.03930531069644541,31.36442364335635,False
W6698,山东,风电,2024,12.640891894698143,0.05306568852055881,38.68067561522839,False
W6706,陕西,风电,2024,12.179047465324402,0.041248695773332816,31.21106982077223,False
W6707,陕西,风电,2024,11.764799728989601,0.04003170098372744,31.35460794561495,False
W6714,陕西,风电,2024,11.48786723613739,0.05493824058586466,44.04920196872659,False
W6716,陕西,风电,2024,13.057639449834824,0.043263842118102955,30.550866393392422,False
W6720,山东,风电,2024,9.986618533730507,0.041428182374588854,38.385540902508765,False
W6723,山西,风电,2024,10.111878588795662,0.17386501190693363,158.36934462799832,False
W6726,山东,风电,2024,12.822059914469719,0.05328541028084009,38.29203762295194,False
W6729,陕西,风电,2024,12.594254985451698,0.042627252786783566,31.201120284489523,False
W6747,山东,风电,2024,12.365460768342018,0.050936198557187694,37.941887468214865,False
W6749,山东,风电,2024,12.40613579750061,0.06429605445612885,47.736491702435764,False
W6754,陕西,风电,2024,10.99004052579403,0.03852947531634956,32.29211621616901,False
W6756,山东,风电,2024,12.41369292140007,0.053489196192386027,39.690418958084415,False
W6757,山东,风电,2024,12.768672108650208,0.05221819888231868,37.67424173647935,False
W6764,山东,风电,2024,12.830992341041565,0.05198301961779227,37.334216060898164,False
W6766,山东,风电,2024,12.867173105478287,0.052459107857726804,37.56658327888259,False
W6771,山东,风电,2024,12.722497209906578,0.052403398440376996,37.94925303740213,False
W6772,山东,风电,2024,11.513032615184784,0.035762885932447704,28.611036663891923,False
W6775,陕西,风电,2024,11.778229773044586,0.03996689286273222,31.261271968620186,False
W6783,陕西,风电,2024,11.618666499853134,0.0395367710682774,31.349541456241532,False
W6788,山东,风电,2024,12.600548788905144,0.05223187037688819,38.19163356826598,False
W6792,陕西,风电,2024,11.896221935749054,0.039785678581791765,30.818926916288923,False
W6793,山东,风电,2024,12.71085150539875,0.05348882544427005,38.773448669261185,False
W6795,山东,风电,2024,11.321718469262123,0.035335568233993926,28.747260648374056,False
W6797,山东,风电,2024,12.173411473631859,0.05048644849011393,38.20541444536849,False
W6802,山东,风电,2024,12.892798036336899,0.05335605451986313,38.134529933921364,False
W6809,陕西,风电,2024,11.916059330105782,0.04056298585888135,31.374354267710515,False
W6814,山东,风电,2024,12.074587494134903,0.037955931498014205,28.96564769285156,False
W6819,陕西,风电,2024,11.623974591493607,0.054457306672237187,43.158257559168845,False
W6824,山东,风电,2024,12.48584859073162,0.04933661256181254,36.402029838396075,False
W6826,陕西,风电,2024,12.664802223443985,0.05723902986097772,41.67321154791057,False
W6828,山东,风电,2024,11.774731948971748,0.03687425574622011,28.846877641069238,False
W6830,山东,风电,2024,12.432031631469727,0.051368200534572306,38.07082477102502,False
W6835,山东,风电,2024,12.949289381504059,0.03881181489294412,27.627616286753472,False
W6839,山东,风电,2024,10.19312135875225,0.03321329873911742,30.153145705898538,False
W6846,山东,风电,2024,10.19312135875225,0.03321329873911742,30.153145705898538,False
W6849,陕西,风电,2024,12.749473303556442,0.05767060424514589,41.712030345006966,False
W6852,山东,风电,2024,11.400152295827866,0.03578341793296364,28.911716281703043,False
W6856,山东,风电,2024,11.899742558598518,0.03719336306259121,28.79401466182176,False
W6859,山东,风电,2024,13.099659159779549,0.03911398699024437,27.523867627220582,False
W6866,山西,风电,2024,12.037874981760979,0.04458992140787827,34.12550846412024,False
W6877,山东,风电,2024,12.550851479172707,0.05219713536613188,38.31525354988794,False
W6906,山西,风电,2024,11.628216281533241,0.05774304877657521,45.76130136752268,False
W6915,山西,风电,2024,11.714479699730873,0.08863250122034619,69.69514857697618,False
W6937,山东,风电,2024,6.44954189658165,0.04000665541276364,58.37536061455115,False
W6945,山东,风电,2024,10.43735682964325,0.045607986566194955,40.50588900550325,False
W6994,陕西,风电,2024,11.97331041097641,0.0809951506832962,62.33595241320647,False
W7010,新疆,风电,2024,11.258585527539253,0.06880769903093942,56.31409953907834,False
W7013,新疆,风电,2024,12.308033555746078,0.150454498822281,112.65079011529274,False
W7016,新疆,风电,2024,10.833665281534195,0.06612199275668446,56.222355443949304,False
W7080,山西,风电,2024,11.572306081652641,0.04334434005043409,34.52961638327106,False
W7124,山西,风电,2024,9.990762993693352,0.03909337309400309,36.238309738298085,False
W7125,山西,风电,2024,10.321248695254326,0.04030308014309121,36.12700291329949,False
W7127,山西,风电,2024,11.613617464900017,0.060315763487465195,47.834600461731604,False
W7177,山西,风电,2024,12.139130383729935,0.04449754722505825,33.780977372850366,False
W7183,山西,风电,2024,12.12827816605568,0.044716305556486285,33.976958633515615,False
W7194,新疆,风电,2024,10.952625498175621,0.037937566993153087,31.9138594656951,False
W7196,山西,风电,2024,9.644321277737617,0.038933655287082106,37.46509192725773,False
W7224,新疆,风电,2024,13.17398652434349,0.05521175853995615,38.67350055664051,False
W7233,新疆,风电,2024,6.700827553868294,0.023827661229471202,33.36333491349365,False
W7239,山西,风电,2024,12.56198488175869,0.05065233772628074,37.16931708546434,False
W7243,新疆,风电,2024,7.0664698630571365,0.0252617115745801,33.47753392215547,False
W7245,新疆,风电,2024,8.818249180912971,0.17036380715038654,179.81659470115366,False
W7248,山西,风电,2024,8.240896984934807,0.08896846777102796,100.54597409917943,False
W7253,山西,风电,2024,12.491491958498955,0.06010732363769198,44.36620012121624,False
W7260,山西,风电,2024,8.400475904345512,0.045536288354668886,50.46880764178392,False
W7273,新疆,风电,2024,11.585248857736588,0.03613714726648425,28.757539126993315,False
W7277,山西,风电,2024,9.15482483804226,0.03643391317224676,36.940303881450156,False
W7287,新疆,风电,2024,12.664173245429993,0.039283225099267634,28.603776201605285,False
W7371,山西,风电,2024,9.3243308365345,0.03547399230665081,35.266323961826714,False
W7380,新疆,风电,2024,9.575978368520737,0.033074519672535,32.069873526969644,False
W7382,山西,风电,2024,12.032146900892258,0.08939043894315019,68.44852406447451,False
W7395,新疆,风电,2024,6.290116533637047,0.022819134793563914,34.07052714326957,False
W7399,新疆,风电,2024,9.813956245779991,0.03403698358117272,32.173689623343705,False
W7402,新疆,风电,2024,6.507096737623215,0.023585460275149104,34.02291483888595,False
W7408,山西,风电,2024,8.338032960891724,0.08986864882874412,100.44144057529812,False
W7409,新疆,风电,2024,8.254093900322914,0.04265037628119227,48.33533989773706,False
W7410,新疆,风电,2024,11.646369248628616,0.13237285307775862,104.70724695963428,False
W7424,新疆,风电,2024,8.893033415079117,0.03124407076246254,32.69017315765882,False
W7431,新疆,风电,2024,8.757674843072891,0.030832215225045305,32.79333370731352,False
W7439,新疆,风电,2024,9.280904978513718,0.19676571729510858,197.08257658170604,False
W7446,新疆,风电,2024,7.060361802577972,0.025263103307137616,33.52890760535823,False
W7447,新疆,风电,2024,10.227852612733841,0.0354386439091905,32.0917280510523,False
W7453,新疆,风电,2024,10.563258826732635,0.05073032811156126,44.57736916062385,False
W7458,新疆,风电,2024,10.543932616710663,0.05060774425282305,44.53649705506054,False
W7460,新疆,风电,2024,7.608087658882141,0.02662604531567158,32.7257572840132,False
W7465,新疆,风电,2024,10.543932616710663,0.05060774425282305,44.53649705506054,False
W7468,新疆,风电,2024,8.163159415125847,0.028485512133279982,32.58149845120271,False
W7477,新疆,风电,2024,7.236561253666878,0.02544379574796032,32.9375502663593,False
W7479,山西,风电,2024,12.290081307291985,0.04486365628834417,33.64661469711915,False
W7480,新疆,风电,2024,7.105394080281258,0.024990627083986375,32.96153428636933,False
W7487,新疆,风电,2024,8.235999271273613,0.029085335065863083,32.96161606093022,False
W7489,山西,风电,2024,11.37883186340332,0.04181976574952482,33.868477378297236,False
W7492,山西,风电,2024,11.365302130579948,0.1102414472253999,89.38234960725987,False
W7493,新疆,风电,2024,6.531159058213234,0.024077405582488474,34.60011069436022,False
W7495,新疆,风电,2024,8.235999271273613,0.029085335065863083,32.96161606093022,False
W7505,新疆,风电,2024,8.51292684674263,0.05475663341604597,59.95492696299603,False
W7508,新疆,风电,2024,6.694467142224312,0.023845972441458776,33.42724359951461,False
W7514,山西,风电,2024,11.516692265868187,0.0585482747576972,46.835870089914266,False
W7515,山西,风电,2024,9.141767174005508,0.036321643764023276,36.948457444443136,False
W7516,新疆,风电,2024,9.513888359069824,0.03280894289078629,32.02780272645829,False
W7520,山西,风电,2024,11.329099908471107,0.07184573632348146,58.415245056651955,False
W7521,山西,风电,2024,7.8199367970228195,0.04194831966661606,50.01980240114285,False
W7522,新疆,风电,2024,8.09062622487545,0.0285317468997725,32.90793880881707,False
W7535,山西,风电,2024,11.514489948749542,0.07277522032982674,58.229494723785294,False
W7545,新疆,风电,2024,8.15897673368454,0.028735890635059675,32.85108201292679,False
W7560,新疆,风电,2024,7.835865318775177,0.027586483681636253,32.897221630571764,False
W7567,新疆,风电,2024,9.095798581838608,0.11718571101637816,119.31561102135902,False
W7568,新疆,风电,2024,9.396281093358994,0.03287516072627751,32.51601494341738,False
W7578,新疆,风电,2024,11.301132962107658,0.03867332034304383,31.587179121412152,False
W7592,新疆,风电,2024,9.637617990374565,0.03372401483235403,32.487848691626624,False
W7615,新疆,风电,2024,12.692001834511757,0.04335535990374601,31.50704490699717,False
W7644,新疆,风电,2024,11.719050630927086,0.03708048479692406,29.153254114781,False
W7650,新疆,风电,2024,8.14407393336296,0.08452516708014704,96.89166559036592,False
W7664,新疆,风电,2024,10.275475904345512,0.0389703990576004,35.05096025836852,False
W7683,新疆,风电,2024,9.97321330010891,0.03459979120855541,32.16735443676164,False
W7696,新疆,风电,2024,7.50497505068779,0.06116082449778133,76.29530137003592,False
W7725,新疆,风电,2024,11.58801756799221,0.05302166533862703,42.17234377199605,False
W7727,新疆,风电,2024,10.023950189352036,0.06045189960558399,55.77568374748583,False
W7735,新疆,风电,2024,9.334124028682709,0.13293606890415993,132.38045617295373,False
W7757,新疆,风电,2024,8.58267031610012,0.049748262664285524,54.05691502457951,False
W7776,新疆,风电,2024,10.571874529123306,0.06402451680768058,55.890347754692975,False
W7784,新疆,风电,2024,9.749415814876556,0.40885661926732375,388.83863826051373,False
W7787,新疆,风电,2024,12.017360106110573,0.3734203729413499,286.2538452116942,False
W7789,山西,风电,2024,9.651647955179214,0.038834893354654086,37.3386115712052,False
W7794,山西,风电,2024,12.339641824364662,0.062039134290021315,46.35817104426902,False
W7799,山西,风电,2024,9.623742029070854,0.03868102780133087,37.292358902379206,False
W7806,新疆,风电,2024,8.836641758680344,0.0609968389345409,64.06094969243915,False
W7812,山西,风电,2024,11.766037121415138,0.06145018797085958,48.11552781665749,False
W7816,新疆,风电,2024,8.32385279238224,0.05743298652974642,64.17507472007352,False
W7820,陕西,风电,2024,12.008490487933159,0.08116233983523079,62.28591584081803,False
W7830,山西,风电,2024,11.842733100056648,0.043916269892342125,34.16094918824575,False
W7838,山西,风电,2024,9.573419988155365,0.03798027052129411,36.84545296467708,False
W7844,新疆,风电,2024,7.561089098453522,0.04718105044932714,58.21149091310144,False
W7850,山西,风电,2024,10.038344487547874,0.03919018028833595,36.19256884435548,False
W7851,新疆,风电,2024,8.718114718794823,0.05393781473357321,57.42691041696058,False
W7852,山西,风电,2024,9.948410913348198,0.0391741819579266,36.51705262404956,False
W7865,新疆,风电,2024,8.76081146299839,0.06153047314851685,65.22341920915942,False
W7877,山西,风电,2024,12.11913675069809,0.07876867689288221,59.87071043091198,False
W7883,新疆,风电,2024,6.858898401260376,0.02447164119675281,33.42110130564845,False
W7884,山西,风电,2024,12.15958870947361,0.07898990239456134,59.84159316893515,False
W7887,新疆,风电,2024,7.657891809940338,0.07998269576241761,97.70764694086309,False
W7890,新疆,风电,2024,8.187497109174728,0.049723106737244074,56.69970687217017,False
W7909,山西,风电,2024,12.135304436087608,0.04384336870904774,33.27973183398805,False
W7927,新疆,风电,2024,7.9998839646577835,0.04312031130752801,50.3455114591894,False
W7935,山西,风电,2024,9.971242100000381,0.0392484718516385,36.49338304605256,False
W7941,山西,风电,2024,9.987718686461449,0.03930932936778496,36.48661518102778,False
W7948,山西,风电,2024,9.148967117071152,0.04791415421641736,48.587175920937,False
W7953,山西,风电,2024,9.611256569623947,0.038064821106401275,36.73376420207569,False
W7958,山西,风电,2024,7.5798482447862625,0.04049611335857589,49.90170564806734,False
W7978,山西,风电,2024,9.578910693526268,0.03837014555051623,37.15653556094524,False
W8000,新疆,风电,2024,12.799020856618881,0.1564764314267171,112.69006231525891,False
W8007,云南,风电,2024,12.765079289674759,0.04134736427536058,29.867537334918406,False
W8045,云南,风电,2024,8.305655345320702,0.06247891966636231,70.06953930313784,False
W8050,云南,风电,2024,8.30565556883812,0.04806070941260693,53.8996463844037,False
W8094,云南,风电,2024,13.059096112847328,0.042854459402045283,30.25756947900573,False
W8095,云南,风电,2024,12.771340236067772,0.041673854136918057,30.07990996690688,False
W8096,云南,风电,2024,7.967376932501793,0.15614614066037832,182.39668642287398,False
W8098,云南,风电,2024,11.032859534025192,0.1862897451412789,155.52406461606068,False
W8111,云南,风电,2024,12.858666479587555,0.05721665108304567,41.04530619043623,False
W8153,云南,风电,2024,11.078060120344162,0.0660961444266308,54.96430940692646,False
W8161,云南,风电,2024,12.899756580591202,0.04175495924343931,29.84253818060426,False
W8162,云南,风电,2024,10.866565704345703,0.20734435995900682,175.76261052736376,False
W8164,云南,风电,2024,12.475516945123672,0.03822851532464914,28.248940575477352,False
W8214,云南,风电,2024,9.082582220435143,0.031945263505283726,32.69796528803297,False
W912,甘肃,风电,2024,8.863951340317726,0.038125767529325685,40.01500219739874,False
W922,甘肃,风电,2024,8.370686396956444,0.03634175202440585,40.47716898495079,False
W925,甘肃,风电,2024,8.864783942699432,0.15940737153702023,167.3168878651914,False
W985,甘肃,风电,2024,8.093864992260933,0.15266127888397957,175.67474092257166,False
W994,甘肃,风电,2024,6.985343769192696,0.030460028353369466,40.888551639512364,False
102,甘肃,光伏,2025,10.681181475520134,0.06086734858957834,52.50120699382222,False
103,甘肃,光伏,2025,11.61430411040783,0.04797224476774757,38.06244201935871,False
104,甘肃,光伏,2025,12.157488763332367,0.05207605061416832,39.47515617045054,False
105,甘肃,光伏,2025,12.540914118289948,0.040661703878190784,29.882434258178133,False
106,甘肃,光伏,2025,11.359054148197174,0.06283256921379474,50.96204490150897,False
107,甘肃,光伏,2025,11.314174979925156,0.04593656840973815,37.409480080341126,False
108,甘肃,光伏,2025,11.296521797776222,0.04586672259322406,37.41045615551502,False
109,甘肃,光伏,2025,12.53375954926014,0.04061675496360291,29.86726253699463,False
110,甘肃,光伏,2025,11.605488806962967,0.047710929310026455,37.88386145817896,False
111,甘肃,光伏,2025,11.63738876581192,0.04855586333357391,38.451725273145016,False
112,甘肃,光伏,2025,11.611682698130608,0.048248991080515245,38.28960823801714,False
113,甘肃,光伏,2025,12.949532121419907,0.04285224683188258,30.505688525945608,False
114,甘肃,光伏,2025,11.667260080575943,0.04858949645843696,38.378787925334684,False
115,甘肃,光伏,2025,11.642116606235504,0.048482735183160826,38.3761096927379,False
116,甘肃,光伏,2025,11.48508220911026,0.047519652519188466,38.1254554778319,False
117,甘肃,光伏,2025,11.611552387475967,0.048627568023955375,38.589942678643105,False
118,甘肃,光伏,2025,11.640035212039948,0.04874607215800762,38.58932680063045,False
119,甘肃,光伏,2025,10.58312013745308,0.05844890668738025,50.87881685186158,False
121,甘肃,光伏,2025,11.92490704357624,0.052230067006002245,40.36965905961149,False
122,甘肃,光伏,2025,11.931725442409515,0.05308066079340452,41.00196066904309,False
12469,青海,光伏,2025,8.768527284264565,0.030374933800731797,32.341666905279894,False
125,甘肃,光伏,2025,12.121612429618835,0.05502420088790075,41.83050918002388,False
126,甘肃,光伏,2025,11.133441925048828,0.035009766392628684,28.97661236560299,False
130,甘肃,光伏,2025,11.182311996817589,0.036042660569638285,29.703181707138867,False
131,甘肃,光伏,2025,11.290130540728569,0.05512498547075688,45.000267844352756,False
142,甘肃,光伏,2025,10.56065171957016,0.06290196146464799,54.87615050487235,False
146,甘肃,光伏,2025,11.484199315309525,0.05074914417537338,40.72131788930332,False
149,甘肃,光伏,2025,10.489313006401062,0.06222892824333886,54.653705710416475,False
151,甘肃,光伏,2025,10.548531040549278,0.06166155928505213,53.851382293172435,False
154,甘肃,光伏,2025,11.480799615383148,0.05048952666684281,40.52332336168868,False
155,甘肃,光伏,2025,11.687306240200996,0.05363070386598646,42.28331118399877,False
156,甘肃,光伏,2025,11.687340214848518,0.05363099675896302,42.28341918891435,False
157,甘肃,光伏,2025,12.010157480835915,0.03693422447685624,28.342612266605805,False
158,甘肃,光伏,2025,10.870553255081177,0.12431869616187373,105.35741534278122,False
159,甘肃,光伏,2025,10.94298541545868,0.06230297795052214,52.451663451120915,False
161,甘肃,光伏,2025,12.169631123542786,0.05458541655044223,41.338889668307395,False
163,甘肃,光伏,2025,12.12278164923191,0.05476426521027132,41.63519051352076,False
170,甘肃,光伏,2025,10.9272001683712,0.31582477454941643,266.2964562965032,False
171,甘肃,光伏,2025,11.065137013792992,0.09391480243154889,78.20297371195777,False
172,甘肃,光伏,2025,11.051006689667702,0.18740017866032996,156.25864410852697,False
175,甘肃,光伏,2025,10.8168476074934,0.12020440995777028,102.37502660066146,False
176,甘肃,光伏,2025,11.126511991024017,0.044579122334124185,36.920899622031435,False
178,甘肃,光伏,2025,10.732652842998505,0.06156062588924344,52.8474499107809,False
179,甘肃,光伏,2025,10.888592675328255,0.13365301461937207,113.09906030044732,False
181,甘肃,光伏,2025,11.262565925717354,0.17990287959221757,147.17324301408203,False
187,甘肃,光伏,2025,10.351964458823204,0.176495599439283,157.0455918774749,False
188,甘肃,光伏,2025,10.68239226937294,0.17863500079561948,154.05802124726688,False
189,甘肃,光伏,2025,10.340309366583824,0.17635233421350174,157.09282633784824,False
195,甘肃,光伏,2025,12.427642866969109,0.05126249208676324,38.024741997795886,False
199,甘肃,光伏,2025,10.6552404910326,0.2312216351138927,199.89582702510322,False
3107,内蒙古,光伏,2025,12.894178256392479,0.057044314693017184,40.802212446987284,False
3340,内蒙古,光伏,2025,12.854846343398094,0.04181032977071835,30.008462177188594,False
3452,内蒙古,光伏,2025,12.492797523736954,0.13823338665617346,102.0737917142844,False
3523,陕西,光伏,2025,13.00759345293045,0.053376925677170305,37.865500697746775,False
3785,内蒙古,光伏,2025,12.966833487153053,0.04356592207717755,30.99759530209058,False
3808,内蒙古,光伏,2025,13.027564287185669,0.0672237208023506,47.60672926792462,False
3885,内蒙古,光伏,2025,12.831907197833061,0.19123699085808482,137.51300218772462,False
404,甘肃,光伏,2025,11.163154542446136,0.09409641392901179,77.67797445867001,False
4040,青海,光伏,2025,6.761701628565788,0.033051883104760704,46.00090802523237,False
405,甘肃,光伏,2025,10.965873152017593,0.18747162585155996,157.52962690271337,False
4077,陕西,光伏,2025,12.766214981675148,0.04743960169235953,34.28466516475789,False
4117,青海,光伏,2025,6.761701628565788,0.033051883104760704,46.00090802523237,False
4127,青海,光伏,2025,6.749225333333015,0.03296778357405601,45.9658844448754,False
4128,青海,光伏,2025,6.749225333333015,0.03296778357405601,45.9658844448754,False
4129,青海,光伏,2025,6.749225333333015,0.03296778357405601,45.9658844448754,False
413,甘肃,光伏,2025,11.591729521751404,0.07709467300987309,61.293130686370574,False
4130,青海,光伏,2025,5.390805602073669,0.021897259130190923,38.3058016602059,False
4132,青海,光伏,2025,5.390805602073669,0.021897259130190923,38.3058016602059,False
4133,青海,光伏,2025,5.390805602073669,0.021897259130190923,38.3058016602059,False
4134,青海,光伏,2025,5.458054840564728,0.02138546143608294,36.93015831260758,False
4135,青海,光伏,2025,5.458054840564728,0.02138546143608294,36.93015831260758,False
4139,青海,光伏,2025,5.302082151174545,0.021954472497434197,39.06658551165332,False
4141,青海,光伏,2025,6.671644449234009,0.03275286888502121,46.21127001535273,False
4144,青海,光伏,2025,5.547351613640785,0.021678127516913892,36.80900638609593,False
4145,青海,光伏,2025,5.547351613640785,0.021678127516913892,36.80900638609593,False
4147,青海,光伏,2025,5.377709269523621,0.02105827714610901,36.91494858806904,False
4148,青海,光伏,2025,5.377709269523621,0.02105827714610901,36.91494858806904,False
4151,青海,光伏,2025,5.295979902148247,0.02088193223331728,37.20088349950089,False
4154,青海,光伏,2025,6.884031146764755,0.026898774986855705,36.64429124100058,False
4161,青海,光伏,2025,6.840640604496002,0.040069699397529565,54.95141617915362,False
4163,青海,光伏,2025,6.882888525724411,0.04046260639687171,55.131494994335505,False
4167,青海,光伏,2025,6.8784695863723755,0.040268633002024816,54.90244888962955,False
4173,青海,光伏,2025,7.062315568327904,0.026421709107387233,35.07643086578647,False
4176,青海,光伏,2025,6.860514432191849,0.02666378155718532,36.45587984838711,False
4179,青海,光伏,2025,6.884031146764755,0.026898774986855705,36.64429124100058,False
418,甘肃,光伏,2025,12.840479090809822,0.05701713811476947,40.93863858328554,False
4180,青海,光伏,2025,6.884031146764755,0.04034816257670816,54.96643699286044,False
4191,青海,光伏,2025,8.537015542387962,0.03289409297059413,35.94222493007371,False
4192,青海,光伏,2025,6.293874084949493,0.03379544014028823,50.498909715318874,False
4193,青海,光伏,2025,6.293874308466911,0.022530294342175405,33.66593998233144,False
4195,青海,光伏,2025,6.277443319559097,0.023157348534693215,34.68916445243915,False
4197,青海,光伏,2025,7.378637865185738,0.07425906663062323,94.20783366183997,False
4199,青海,光伏,2025,6.287886053323746,0.02288527426277104,34.22466971488021,False
420,甘肃,光伏,2025,12.848323211073875,0.05705849012836595,40.94275315592918,False
422,甘肃,光伏,2025,11.490353420376778,0.04712448321607722,37.79314334022407,False
4242,青海,光伏,2025,5.50123818218708,0.021382446058107983,36.61346262706999,False
4250,青海,光伏,2025,5.50123818218708,0.021382446058107983,36.61346262706999,False
428,甘肃,光伏,2025,11.168254539370537,0.13067177072419264,107.78661654480793,False
4298,青海,光伏,2025,5.433289781212807,0.02120735164036925,36.79382309311376,False
430,甘肃,光伏,2025,11.144151985645294,0.08693401728031733,71.86296284032079,False
4309,青海,光伏,2025,6.842890754342079,0.026602376812417488,36.47039046512639,False
4326,青海,光伏,2025,6.882120743393898,0.033467427152071835,45.60544415429488,False
433,甘肃,光伏,2025,10.33186063170433,0.16564867246821444,147.6747209457884,False
435,甘肃,光伏,2025,12.850205674767494,0.043891866476085686,31.48425251391348,False
4364,陕西,光伏,2025,12.859949916601181,0.04988357488219705,35.79063069400132,False
4369,陕西,光伏,2025,12.18689113855362,0.046230314212732715,34.98830614188427,False
437,甘肃,光伏,2025,10.296868532896042,0.05571821532304291,49.841231886294494,False
438,甘肃,光伏,2025,11.233442276716232,0.04403660587133852,36.11248761497735,False
440,甘肃,光伏,2025,10.300246998667717,0.11003887820641443,98.40003514646918,False
4420,青海,光伏,2025,5.50123818218708,0.021382446058107983,36.61346262706999,False
443,甘肃,光伏,2025,11.141345500946045,0.08690756036011102,71.8591891852634,False
4456,青海,光伏,2025,5.807162225246429,0.021862769921905143,35.436140645195565,False
447,甘肃,光伏,2025,12.111240550875664,0.04199580729314489,31.95956230535587,False
4479,青海,光伏,2025,5.6478602439165115,0.0278444913508115,46.449018653779625,False
4535,青海,光伏,2025,6.882120743393898,0.026773941739977207,36.48435534839989,False
4541,青海,光伏,2025,6.857915148139,0.026658639183799234,36.465060626233736,False
457,甘肃,光伏,2025,12.699017375707626,0.058164854603467535,42.22210379113599,False
459,甘肃,光伏,2025,10.61483882367611,0.19808807804307232,171.8841003701429,False
4603,青海,光伏,2025,6.887853071093559,0.026912525857800053,36.64268056008877,False
4609,青海,光伏,2025,6.790487766265869,0.034106307419175405,47.15550706320728,False
461,甘肃,光伏,2025,11.791293695569038,0.21989981396350405,171.8341264750999,False
4615,青海,光伏,2025,6.882120743393898,0.033467427152071835,45.60544415429488,False
463,甘肃,光伏,2025,10.615506246685982,0.06601299720315364,57.278475055528,False
464,甘肃,光伏,2025,10.615506246685982,0.13202599436798035,114.55695007780031,False
4642,青海,光伏,2025,6.790487542748451,0.040927567393504394,56.58660825141918,False
465,甘肃,光伏,2025,13.072888255119324,0.04847151963815348,34.17987041338025,False
466,甘肃,光伏,2025,11.83281384408474,0.05393566545642061,42.00083511489205,False
467,甘肃,光伏,2025,10.615506246685982,0.052810397883754724,45.82278014961342,False
4670,青海,光伏,2025,6.790487766265869,0.027285045988563815,37.72440572415282,False
4677,青海,光伏,2025,8.40399406850338,0.031241319118411156,34.676618464132865,False
468,甘肃,光伏,2025,10.616227984428406,0.06601999194524322,57.28064983242422,False
4687,青海,光伏,2025,8.40381145477295,0.031240660434522265,34.67664085380574,False
4690,青海,光伏,2025,6.790487542748451,0.040927567393504394,56.58660825141918,False
4693,青海,光伏,2025,8.17597433924675,0.03154033872615495,36.0346835014597,False
470,甘肃,光伏,2025,10.582883432507515,0.0396137435182324,34.47583114659808,False
4709,青海,光伏,2025,7.433494850993156,0.060487019401425375,76.17507328619911,False
4710,青海,光伏,2025,7.602851092815399,0.048341215618092924,59.456539495653395,False
4716,青海,光伏,2025,8.037263229489326,0.07498391744872208,87.14099029562509,False
4718,青海,光伏,2025,8.156276866793633,0.06085212244897179,69.68109452129912,False
4724,青海,光伏,2025,8.156276866793633,0.06085212244897179,69.68109452129912,False
4726,青海,光伏,2025,8.42220313847065,0.035111951012435014,38.88279829318029,False
474,甘肃,光伏,2025,11.828478053212166,0.04412479503506854,34.37302651775486,False
4756,青海,光伏,2025,8.17603424191475,0.06308108639577732,72.06930619079881,False
4766,青海,光伏,2025,7.3528629541397095,0.028693034408293065,36.49039409058854,False
4773,青海,光伏,2025,8.625597283244133,0.029350719114066535,31.724509011001697,False
4785,青海,光伏,2025,8.243506997823715,0.03248847523439951,36.784769835347696,False
4795,青海,光伏,2025,6.864896267652512,0.04243257005315969,58.16191804666055,False
4802,青海,光伏,2025,6.91199854016304,0.028141584368726318,38.30674038560439,False
4804,青海,光伏,2025,7.445705607533455,0.05934328068357541,74.5077182098217,False
4809,青海,光伏,2025,6.91199854016304,0.028141584368726318,38.30674038560439,False
4824,青海,光伏,2025,5.6190720945596695,0.0275231193127964,46.16176911754878,False
483,甘肃,光伏,2025,10.778690502047539,0.061092713883515,52.21888733871165,False
4831,青海,光伏,2025,6.91198468208313,0.028146758031716068,38.31149551084945,False
4838,青海,光伏,2025,6.877487450838089,0.028019497017200263,38.33901957211282,False
4843,青海,光伏,2025,6.904628276824951,0.028379324587702145,38.673974594386685,False
485,甘肃,光伏,2025,10.726970583200455,0.1228836344415902,105.54534293078963,False
4850,青海,光伏,2025,6.723209470510483,0.03305306665497089,46.26874094480974,False
4857,青海,光伏,2025,6.723209470510483,0.03305306665497089,46.26874094480974,False
486,甘肃,光伏,2025,11.620959788560867,0.03840672573716678,30.455454614450357,False
4863,青海,光伏,2025,6.723209470510483,0.03305306665497089,46.26874094480974,False
4879,青海,光伏,2025,6.731754541397095,0.03288107676459517,45.9667668772357,False
4882,青海,光伏,2025,6.887793615460396,0.02679455323535948,36.47995915463985,False
4889,青海,光伏,2025,6.85709148645401,0.026688109928969965,36.5073574262032,False
4903,青海,光伏,2025,6.842638403177261,0.026601549231375976,36.47060085489099,False
491,甘肃,光伏,2025,10.712002292275429,0.0920808088605399,79.19698331031677,False
4911,青海,光伏,2025,5.44213593006134,0.02132017287682301,36.9272737985745,False
4928,青海,光伏,2025,5.412450805306435,0.021194897088822297,36.91163306524044,False
495,甘肃,光伏,2025,12.961842566728592,0.043032403465499316,30.60526598179676,False
4957,青海,光伏,2025,6.761701628565788,0.033051883104760704,46.00090802523237,False
4960,青海,光伏,2025,8.304883539676666,0.051968029488890816,58.41348592210373,False
4980,青海,光伏,2025,6.916830316185951,0.028358024922304312,38.56485819879008,False
4981,青海,光伏,2025,6.961356997489929,0.028813119747530213,38.918586800787246,False
4983,青海,光伏,2025,6.931465342640877,0.028766495400142655,39.032903584694694,False
4986,青海,光伏,2025,6.961356997489929,0.028813119747530213,38.918586800787246,False
4987,青海,光伏,2025,6.89191572368145,0.028335051526580047,38.68631921657714,False
4997,青海,光伏,2025,7.057135105133057,0.02640550201573717,35.080647883324076,False
4998,青海,光伏,2025,6.773559674620628,0.0330977310055226,45.981280258104704,False
518,甘肃,光伏,2025,10.429783388972282,0.12047151101616461,106.38830098612272,False
521,甘肃,光伏,2025,10.987670123577118,0.10285095357146308,86.24793874263318,False
525,甘肃,光伏,2025,12.14600421488285,0.04411474729114146,33.47049422525841,False
527,甘肃,光伏,2025,11.961868107318878,0.05300078246523692,40.84046902555918,False
528,甘肃,光伏,2025,11.885711699724197,0.04230525266391882,32.79917536499254,False
533,甘肃,光伏,2025,11.398339346051216,0.20145224587782073,162.83907326451182,False
537,甘肃,光伏,2025,13.156456723809242,0.0467678862663807,32.783538507054466,False
540,甘肃,光伏,2025,11.398338451981544,0.13430148631211009,108.55938184868604,False
541,甘肃,光伏,2025,11.293533369898796,0.1328499100186539,108.39004334169245,False
542,甘肃,光伏,2025,11.944194808602333,0.05293696100054112,40.85052206135216,False
544,甘肃,光伏,2025,11.59875601530075,0.04816198052190141,38.26104832645477,False
545,甘肃,光伏,2025,11.957883462309837,0.05299584457702533,40.84970902258813,False
555,甘肃,光伏,2025,11.768108010292053,0.053360278813048986,41.78124344515926,False
556,甘肃,光伏,2025,13.03208939731121,0.04769826920432448,33.74130329281643,False
6001,新疆,光伏,2025,9.927250072360039,0.03418677930527836,32.03263962634185,False
6004,新疆,光伏,2025,9.854620769619942,0.03366799583773421,31.79643297749397,False
6005,新疆,光伏,2025,9.876481890678406,0.03404724815150359,32.080934101805745,False
6006,新疆,光伏,2025,10.293886363506317,0.037389765264091934,33.79922867484143,False
6007,新疆,光伏,2025,10.891892686486244,0.04425380968776872,37.68505224260726,False
6014,新疆,光伏,2025,9.843993857502937,0.03379198298246884,31.91793040604675,False
6016,新疆,光伏,2025,9.72496211528778,0.040232376681849494,38.49949487512617,False
6017,新疆,光伏,2025,8.46643790602684,0.07011017968041013,77.15829853228925,False
6020,新疆,光伏,2025,9.955982118844986,0.033747809845216,31.515158481882747,False
6021,新疆,光伏,2025,9.873273745179176,0.03388359015709089,31.907020521198817,False
6022,新疆,光伏,2025,9.90703783929348,0.03398612612887863,31.88944549509031,False
6024,新疆,光伏,2025,9.915264174342155,0.03394378579559524,31.825818380996875,False
6025,新疆,光伏,2025,9.72496211528778,0.040232376681849494,38.49949487512617,False
6026,新疆,光伏,2025,11.570646464824677,0.04412930024535168,35.389230057603385,False
6027,新疆,光伏,2025,9.72496211528778,0.040232376681849494,38.49949487512617,False
6030,新疆,光伏,2025,8.52076180279255,0.0620737686178806,67.88878193604596,False
6031,新疆,光伏,2025,7.922637015581131,0.08161580740665987,96.03668101426433,False
6032,新疆,光伏,2025,7.922636792063713,0.045342113835099104,53.35371154326246,False
6035,新疆,光伏,2025,9.885775297880173,0.03406946132843654,32.06918719328973,False
6036,新疆,光伏,2025,8.038466200232506,0.3746496500476584,435.01363126061807,False
6037,新疆,光伏,2025,9.13045585155487,0.1123749202296038,114.3340381618962,False
6047,新疆,光伏,2025,9.997434318065643,0.03650158631350506,33.98797782997789,False
6056,新疆,光伏,2025,11.101800128817558,0.04389165486807918,36.608150391567186,False
6057,新疆,光伏,2025,8.581319600343704,0.04416561360648724,47.976663824601445,False
6059,新疆,光伏,2025,9.23054225742817,0.04397641362370114,44.27698333685762,False
6060,新疆,光伏,2025,8.586878031492233,0.044654740840830646,48.36839236326034,False
6061,新疆,光伏,2025,9.63640496134758,0.03626905578997304,34.93541373925434,False
6063,新疆,光伏,2025,8.960079699754715,0.04505154818496678,46.75462177611848,False
6066,新疆,光伏,2025,8.614150509238243,0.08781787584158689,94.834870114669,False
6067,新疆,光伏,2025,7.981785759329796,0.030510858152343938,35.633149469832944,False
6068,新疆,光伏,2025,9.262417629361153,0.0320031710393623,32.13393061243801,False
6069,新疆,光伏,2025,8.04711028933525,0.03135725951444069,36.318870143650756,False
6070,新疆,光伏,2025,8.04716169834137,0.05226254085705434,60.53157508363222,False
6076,新疆,光伏,2025,8.680606260895729,0.07633986002125581,81.94143987988927,False
6078,新疆,光伏,2025,11.163851246237755,0.03858244865870456,32.02289124824773,False
6079,新疆,光伏,2025,11.343176141381264,0.03833851526221727,31.288023798685874,False
6081,新疆,光伏,2025,9.937147423624992,0.03768036426662777,35.20215345557218,False
6082,新疆,光伏,2025,7.608393877744675,0.19324312539468147,237.00937310996923,False
6083,新疆,光伏,2025,8.05614173412323,0.11379616922085037,131.8785798076415,False
6085,新疆,光伏,2025,9.37719538807869,0.03841006016922781,38.151217650865554,False
6089,新疆,光伏,2025,7.569737657904625,0.08045253310164252,99.4261533047855,False
6091,新疆,光伏,2025,10.489242151379585,0.03684625853659681,32.65674350538871,False
6092,新疆,光伏,2025,10.98917841911316,0.03729896559086526,31.496992251968848,False
6096,新疆,光伏,2025,10.293886363506317,0.037389765264091934,33.79922867484143,False
6097,新疆,光伏,2025,9.687642976641655,0.03775315861211037,36.240663566156655,False
6098,新疆,光伏,2025,8.350979760289192,0.05474812988106853,60.98590024302626,False
6099,新疆,光伏,2025,11.168430671095848,0.04279002328070045,35.467280489903644,False
6100,新疆,光伏,2025,9.808454811573029,0.03832827809313078,36.33382273324264,False
6101,新疆,光伏,2025,8.178090825676918,0.06032271102759722,68.85058412887317,False
6102,新疆,光伏,2025,7.631365209817886,0.4356565253235372,532.7562774596538,False
6103,新疆,光伏,2025,10.072527006268501,0.03619157616165585,33.42463227786267,False
6104,新疆,光伏,2025,8.734944015741348,0.029515032800388214,31.454681458398706,False
6105,新疆,光伏,2025,11.19731493294239,0.04088118726881139,33.86628029182872,False
6106,新疆,光伏,2025,9.707770049571991,0.040149276039308984,38.47599423426558,False
6108,新疆,光伏,2025,10.972652435302734,0.038853832345183456,32.87021481835944,False
6110,新疆,光伏,2025,10.999965816736221,0.03771896311592985,31.82042167698995,False
6111,新疆,光伏,2025,7.7270422875881195,0.029879641920567412,36.138824260661806,False
6114,新疆,光伏,2025,7.565248087048531,0.045347710123988666,56.05195097414116,False
6117,甘肃,光伏,2025,11.449181735515594,0.05173425725218558,41.62442574306587,False
6120,新疆,光伏,2025,8.86442206799984,0.04198816793984261,44.056082134469136,False
6123,新疆,光伏,2025,10.195561274886131,0.040883468670084175,37.183464977506155,False
6124,新疆,光伏,2025,7.565248087048531,0.045347710123988666,56.05195097414116,False
6125,新疆,光伏,2025,10.593814998865128,0.041712396499440994,36.5203195651184,False
6129,新疆,光伏,2025,8.233821094036102,0.4677932036759215,530.1599756986701,False
6133,新疆,光伏,2025,7.4952332675457,0.1289233278636504,160.8780105717938,False
6140,新疆,光伏,2025,8.824075162410736,0.042521332201774585,44.8195031359061,False
6142,新疆,光伏,2025,9.696521982550621,0.03352455152426856,32.18965311822336,False
6143,新疆,光伏,2025,7.593818306922913,0.0920299578312356,113.36535080883472,False
6149,新疆,光伏,2025,8.2309839874506,0.23028853118808373,260.4086174539596,False
6151,新疆,光伏,2025,10.300162732601166,0.040395377949701224,36.47107488761512,False
6158,新疆,光伏,2025,10.28904877603054,0.03821866559004107,34.58088023380768,False
6165,新疆,光伏,2025,8.220820426940918,0.19491005974114956,220.65823828437325,False
6167,新疆,光伏,2025,10.304507911205292,0.03783288423496227,34.16986383100293,False
6169,新疆,光伏,2025,9.823728427290916,0.03427337531490262,32.517317497383694,False
6172,新疆,光伏,2025,10.483622699975967,0.03994362593342054,35.32455812676471,False
6175,新疆,光伏,2025,8.783312290906906,0.03887366953360947,41.31197153009711,False
6176,新疆,光伏,2025,10.433613359928131,0.04309752026934914,38.273866543327095,False
6178,新疆,光伏,2025,6.887914538383484,0.10722658753311548,145.8629361663031,False
6183,新疆,光伏,2025,8.812135979533195,0.04255670537028256,44.92813814120403,False
6186,新疆,光伏,2025,8.783312290906906,0.03887366953360947,41.31197153009711,False
6189,新疆,光伏,2025,7.063694000244141,0.07432951144257037,98.5151709275663,False
6190,新疆,光伏,2025,8.903039619326591,0.05900730176669066,61.66901083865139,False
6191,新疆,光伏,2025,8.809956684708595,0.0420318526141291,44.391957074728246,False
6205,新疆,光伏,2025,10.006819814443588,0.03686306893394114,34.28439279555782,False
6212,新疆,光伏,2025,10.289454013109207,0.03822670873327412,34.5841195705828,False
6214,新疆,光伏,2025,8.211550042033195,0.09737335025255202,110.37824015264992,False
6215,新疆,光伏,2025,6.956280916929245,0.0713705316255892,96.13289840405177,False
6219,新疆,光伏,2025,8.018157854676247,0.028745686320651612,33.388825334162334,False
6230,新疆,光伏,2025,7.031222730875015,0.037847391218529536,50.44221660396812,False
6251,新疆,光伏,2025,10.340580493211746,0.041420091895893865,37.22941245774828,False
6253,新疆,光伏,2025,8.211550042033195,0.09737335025255202,110.37824015264992,False
6259,新疆,光伏,2025,8.251595422625542,0.4772602004603845,539.2812355729169,False
6260,新疆,光伏,2025,10.309209153056145,0.03784591619788407,34.16604639622357,False
6261,新疆,光伏,2025,8.845112174749374,0.03050515226008583,32.149165571335466,False
6263,新疆,光伏,2025,9.911170452833176,0.038141136880613415,35.787360017918665,False
6268,新疆,光伏,2025,8.297960981726646,0.3941141658833797,442.4052916654457,False
6270,新疆,光伏,2025,7.556198537349701,0.045299787764215636,56.06373027937632,False
6272,新疆,光伏,2025,9.712641164660454,0.03974048818979191,38.068121831310236,False
6276,新疆,光伏,2025,7.684763073921204,0.19622637680619395,238.18807621147747,False
6277,新疆,光伏,2025,10.295622199773788,0.0378105214432559,34.18179521179633,False
6280,新疆,光伏,2025,10.094710662961006,0.03530688312963132,32.498948620818695,False
6286,新疆,光伏,2025,10.199633315205574,0.03869032296409289,35.28981722703021,False
6288,新疆,光伏,2025,8.630755618214607,0.39033179557750675,420.26563942252784,False
6289,新疆,光伏,2025,9.903811812400818,0.03705953270560074,34.801082831765335,False
6290,新疆,光伏,2025,10.331642031669617,0.04458126227936712,40.00921076199264,False
6294,新疆,光伏,2025,8.799969479441643,0.05635088600951154,59.5918466695372,False
6295,新疆,光伏,2025,7.425604462623596,0.04133287428356146,52.05386470183681,False
6321,新疆,光伏,2025,8.306507170200348,0.036867618969782426,41.4290861211639,False
6322,新疆,光伏,2025,7.9513925313949585,0.052945785796371714,62.04267213907671,False
6323,新疆,光伏,2025,7.327738478779793,0.02545691471464628,32.52665869579054,False
6324,新疆,光伏,2025,10.329553484916687,0.0395490522198822,35.633262332292425,False
6325,新疆,光伏,2025,10.329553484916687,0.0395490522198822,35.633262332292425,False
6326,新疆,光伏,2025,10.329658538103104,0.03954869722195921,35.632580094103275,False
6327,新疆,光伏,2025,10.329658538103104,0.03954869722195921,35.632580094103275,False
6328,新疆,光伏,2025,7.3210309445858,0.025436600299653164,32.53271890480534,False
6329,新疆,光伏,2025,10.232742726802826,0.03411147713265562,31.015162972271153,False
6331,新疆,光伏,2025,10.261717960238457,0.036515467117541424,33.13035525767649,False
6332,新疆,光伏,2025,10.316424742341042,0.03597530340971649,32.436855985211544,False
6334,新疆,光伏,2025,8.743077367544174,0.03681512346434105,39.321517813173784,False
6335,新疆,光伏,2025,10.309606790542603,0.03595803828641419,32.44527579924291,False
6336,新疆,光伏,2025,10.318943783640862,0.035987840401371436,32.440238683203965,False
6337,新疆,光伏,2025,8.739503771066666,0.03679444782905189,39.31550416797121,False
6339,新疆,光伏,2025,10.340580493211746,0.041420091895893865,37.22941245774828,False
6341,新疆,光伏,2025,10.331247970461845,0.03603264627806933,32.43939504641819,False
6342,新疆,光伏,2025,10.570775493979454,0.039884751997333996,35.10198365466978,False
6344,新疆,光伏,2025,9.031186178326607,0.04099316622277147,42.34087048749554,False
6345,新疆,光伏,2025,9.885011985898018,0.039220365995650375,36.96045645220954,False
6347,新疆,光伏,2025,10.544073656201363,0.03966526997320476,34.99996258760465,False
6349,新疆,光伏,2025,10.284581109881401,0.03657395033644287,33.099395484849076,False
6350,新疆,光伏,2025,8.756020367145538,0.03748989754206236,39.96850570594951,False
6351,新疆,光伏,2025,11.330231130123138,0.04088918303067112,33.5086184085559,False
6352,新疆,光伏,2025,9.35215450823307,0.03864597428079295,38.48832123887074,False
6353,新疆,光伏,2025,10.932732447981834,0.037463191738040684,31.806855736554354,False
6356,新疆,光伏,2025,9.868595078587532,0.03488106134073222,32.928384701692515,False
6358,新疆,光伏,2025,8.331338837742805,0.12373198656115027,138.50420444055968,False
6360,新疆,光伏,2025,8.331338837742805,0.061865993295208935,69.25210223666073,False
6361,新疆,光伏,2025,8.467160984873772,0.13041770686158463,143.5053008599493,False
6362,新疆,光伏,2025,8.333013653755188,0.5126069646699827,573.6911867584763,False
6363,新疆,光伏,2025,10.804234072566032,0.04254725031629796,36.51358604346556,False
6364,新疆,光伏,2025,9.674322009086609,0.03567727903911934,34.30858441354335,False
6365,新疆,光伏,2025,8.365462571382523,0.05150038362011174,57.400875932220075,False
6366,甘肃,光伏,2025,12.85394512116909,0.04630149688945592,33.19665024761743,False
6367,新疆,光伏,2025,10.341152474284172,0.03798319209445743,34.197300493298286,False
6368,新疆,光伏,2025,10.522649511694908,0.036966350267821906,32.60814947240375,False
6369,新疆,光伏,2025,10.943622663617134,0.037471349668699354,31.78473020069505,False
6371,新疆,光伏,2025,10.024439916014671,0.03696979308175383,34.34709116604145,False
6372,新疆,光伏,2025,8.560354113578796,0.03802832322281759,41.493302628884955,False
6374,新疆,光伏,2025,8.548632860183716,0.03828752718483714,41.83340448878777,False
6375,新疆,光伏,2025,8.566351532936096,0.03805006185372466,41.48495922851711,False
6380,新疆,光伏,2025,9.473614990711212,0.041915837497407536,41.12605251198178,False
6381,新疆,光伏,2025,10.891892686486244,0.04425380968776872,37.68505224260726,False
6385,新疆,光伏,2025,8.843721002340317,0.037898920424726146,39.88656204331297,False
6386,新疆,光伏,2025,9.554629996418953,0.03622488382846358,35.32069117081352,False
6387,新疆,光伏,2025,7.388385459780693,0.042280115033316516,53.59318676764785,False
6388,新疆,光伏,2025,6.986076012253761,0.07571387676011132,101.5206073863472,False
6389,新疆,光伏,2025,8.269616290926933,0.0731865399510892,82.5170840651049,False
6394,新疆,光伏,2025,7.551400288939476,0.08773694738597845,108.73728019646107,False
6395,新疆,光伏,2025,10.136818662285805,0.036093109600740865,33.06589364017034,False
6402,新疆,光伏,2025,10.340580493211746,0.041420091895893865,37.22941245774828,False
6403,新疆,光伏,2025,10.15538826584816,0.03652305032494844,33.39314837960424,False
6405,新疆,光伏,2025,8.614150509238243,0.5269072518851101,569.0092172707539,False
6406,新疆,光伏,2025,10.017966851592064,0.03648393113796303,33.901911365400565,False
6407,新疆,光伏,2025,9.623810425400734,0.032709664781275585,31.702225068953275,False
6411,新疆,光伏,2025,8.854047507047653,0.03833616422160552,40.29968093629472,False
6412,新疆,光伏,2025,10.295315757393837,0.03779269007172055,34.16669208977214,False
6414,新疆,光伏,2025,10.866143926978111,0.03540786010718215,30.221074914608764,False
6415,新疆,光伏,2025,6.932729557156563,0.02840933633652092,38.38040246505945,False
6417,新疆,光伏,2025,8.84679950773716,0.03831210533055618,40.31051341354548,False
6418,新疆,光伏,2025,10.731757655739784,0.03929012826691679,33.988223219597586,False
6419,新疆,光伏,2025,10.295315757393837,0.03779269007172055,34.16669208977214,False
6420,新疆,光伏,2025,9.538330435752869,0.03296143923678698,32.17633820593014,False
6423,新疆,光伏,2025,9.506855830550194,0.03271960281862485,32.05094265755591,False
6424,新疆,光伏,2025,9.507939666509628,0.03813507205163701,37.37433604306115,False
6427,新疆,光伏,2025,10.157798007130623,0.03653294488314768,33.39427098233107,False
6428,新疆,光伏,2025,8.500194177031517,0.06257017414266916,68.6438679268944,False
6429,新疆,光伏,2025,8.855415880680084,0.03834606250589558,40.30385732200157,False
6430,新疆,光伏,2025,9.854620769619942,0.03366799583773421,31.79643297749397,False
6434,新疆,光伏,2025,9.507417976856232,0.0381324438064461,37.373810885097484,False
6435,新疆,光伏,2025,7.8807632625103,0.11657664249184227,138.2960069752385,False
6436,新疆,光伏,2025,9.200853109359741,0.033921068300929835,34.38505209778842,False
6437,新疆,光伏,2025,9.93970513343811,0.03479604607638683,32.55754084282993,False
6440,新疆,光伏,2025,9.87576149404049,0.03626969691793313,34.18018328281353,False
6443,新疆,光伏,2025,10.07535494863987,0.041427251760211906,38.18106546474532,False
6444,新疆,光伏,2025,9.93975006043911,0.03479631385415812,32.5576442348506,False
6447,新疆,光伏,2025,8.57790581882,0.19129734913440152,207.52054476561224,False
6448,新疆,光伏,2025,9.61823657155037,0.034160954137790606,33.07024045032022,False
6451,新疆,光伏,2025,8.575093522667885,0.04214990617176902,45.79244290625972,False
6453,新疆,光伏,2025,9.968684613704681,0.034825729616466,32.48289643210617,False
6456,新疆,光伏,2025,9.61823657155037,0.034160954137790606,33.07024045032022,False
6460,新疆,光伏,2025,10.143097937107086,0.03391707996175442,31.108527125367402,False
6465,新疆,光伏,2025,7.634957581758499,0.055458618700305225,67.80673628981903,False
6467,新疆,光伏,2025,8.155861794948578,0.03968459673421907,45.391818932415916,False
6468,新疆,光伏,2025,7.6185739785432816,0.04027016707193945,49.34238795850702,False
6475,新疆,光伏,2025,8.559548780322075,0.1308596563574376,142.4482747807806,False
6476,新疆,光伏,2025,7.6185739785432816,0.04027016707193945,49.34238795850702,False
6477,新疆,光伏,2025,9.669808521866798,0.03510787125553918,33.77677925514185,False
6480,新疆,光伏,2025,9.22099493443966,0.030875846431908965,31.17287363278132,False
6485,新疆,光伏,2025,8.081289231777191,0.032541450250014196,37.55644842957635,False
6487,新疆,光伏,2025,8.799837827682495,0.04017893391952387,42.51674591569429,False
6488,新疆,光伏,2025,9.659100249409676,0.03506749708479633,33.777981432904554,False
6489,新疆,光伏,2025,9.535506516695023,0.035212410853815934,34.38652347425534,False
6493,新疆,光伏,2025,9.536450877785683,0.0352154131669946,34.386049903402835,False
6494,新疆,光伏,2025,9.667607098817825,0.03503669209905932,33.723879214767116,False
6496,新疆,光伏,2025,8.534375131130219,0.037515688578070125,40.96156353619575,False
6498,新疆,光伏,2025,10.379635468125343,0.040089773431847386,35.909512594929836,False
6502,新疆,光伏,2025,8.917752876877785,0.030458188765599994,31.85732833946429,False
6505,新疆,光伏,2025,9.675628915429115,0.03505777406051143,33.7161948124961,False
6507,新疆,光伏,2025,10.811404511332512,0.04130843559213568,35.462197550537816,False
6508,新疆,光伏,2025,9.551772102713585,0.036210360133088086,35.31439548084483,False
6514,新疆,光伏,2025,9.666464701294899,0.03503448947376821,33.72574440995314,False
6516,新疆,光伏,2025,11.13283060491085,0.043991212990806244,36.58578574981046,False
6518,新疆,光伏,2025,8.177116066217422,0.03492873439519277,39.88011527763554,False
6522,新疆,光伏,2025,9.63566578924656,0.036458413779922066,35.197646293189145,False
6528,新疆,光伏,2025,8.077812418341637,0.053722172135342694,61.97665440021964,False
6529,新疆,光伏,2025,11.13283060491085,0.043991212990806244,36.58578574981046,False
6531,新疆,光伏,2025,10.776625871658325,0.0420333582742401,36.2422448874068,False
6532,新疆,光伏,2025,9.604041203856468,0.03702773454262974,35.879004762503044,False
6536,新疆,光伏,2025,8.04716169834137,0.05226254085705434,60.53157508363222,False
6537,新疆,光伏,2025,10.387835428118706,0.04012583208918002,35.91343954274588,False
6538,新疆,光伏,2025,8.521239012479782,0.12025524661028579,131.5630418576553,False
6539,新疆,光伏,2025,9.604041203856468,0.03702773454262974,35.879004762503044,False
6546,新疆,光伏,2025,9.599103033542633,0.03485073148465103,33.79478916293907,False
6548,新疆,光伏,2025,8.521239012479782,0.12025524661028579,131.5630418576553,False
6552,新疆,光伏,2025,8.556183949112892,0.0292472409425728,31.86431915766134,False
6553,新疆,光伏,2025,9.357981830835342,0.03603904083945925,35.888834495526154,False
6557,新疆,光伏,2025,10.205002427101135,0.03765515739270226,34.3221793579726,False
6559,新疆,光伏,2025,8.147208541631699,0.132163563771905,151.34242674041172,False
6560,新疆,光伏,2025,9.79374960064888,0.03955659530715118,37.54559858756296,False
6564,新疆,光伏,2025,7.491932362318039,0.04295403303318854,53.624151363950986,False
6565,新疆,光伏,2025,7.491931915283203,0.11168047886774622,139.42279310346208,False
6566,新疆,光伏,2025,8.575163707137108,0.04555379942838339,49.45588019998679,False
6568,新疆,光伏,2025,9.275770112872124,0.03559537253464032,35.76118441181611,False
657,甘肃,光伏,2025,10.538321435451508,0.06345768613407655,55.47827663323098,False
6574,新疆,光伏,2025,8.506397232413292,0.04290757772968273,47.01705029338323,False
6576,新疆,光伏,2025,7.261296808719635,0.11038266300003952,142.3377890968505,False
6578,新疆,光伏,2025,8.35632137954235,0.03821788611631544,42.65915401732087,False
6579,新疆,光伏,2025,8.16145084798336,1.0264611966934176,1173.885914574687,False
6582,新疆,光伏,2025,8.332133665680885,0.5036639157823217,563.6151070768776,False
6585,新疆,光伏,2025,9.603179544210434,0.033664096557173055,32.64787923122638,False
6590,新疆,光伏,2025,8.931290209293365,0.04185775258376041,43.5972691263556,False
6597,新疆,光伏,2025,10.328973904252052,0.034405665495458614,31.012879286286783,False
6598,新疆,光伏,2025,8.333286345005035,0.6355498447136726,711.2078506606332,False
6602,新疆,光伏,2025,7.791231796145439,0.03210367070998915,38.56845473313813,False
6605,新疆,光伏,2025,10.194615572690964,0.038665265690419164,35.27878720096305,False
6606,新疆,光伏,2025,9.538674652576447,0.03296410127460245,32.17777561395435,False
6607,新疆,光伏,2025,7.342187538743019,0.0776041644045878,98.97441458896452,False
6609,新疆,光伏,2025,8.552218303084373,0.5462121763521564,594.6369681970807,False
6616,新疆,光伏,2025,8.812287524342537,0.040219409634142445,42.548049193087,False
6619,新疆,光伏,2025,10.387835428118706,0.04012583208918002,35.91343954274588,False
6625,新疆,光伏,2025,7.588365152478218,0.08673554286557522,106.76070608113133,False
6626,新疆,光伏,2025,9.662590697407722,0.03187200930962761,30.696094346003857,False
6628,新疆,光伏,2025,7.32187919318676,0.07652400117959639,97.8742187274983,False
663,甘肃,光伏,2025,10.538321435451508,0.06345768613407655,55.47827663323098,False
6632,新疆,光伏,2025,11.40319861471653,0.03844053124629536,31.23013890679438,False
6633,新疆,光伏,2025,10.387835428118706,0.04012583208918002,35.91343954274588,False
6634,新疆,光伏,2025,7.365412339568138,0.039651677555549006,50.36942291140299,False
6635,新疆,光伏,2025,10.30976951122284,0.03595780715105351,32.44455515814136,False
6638,新疆,光伏,2025,7.879604548215866,0.10047410466078419,118.84581832507213,False
6641,新疆,光伏,2025,9.85038734972477,0.040474608835233815,38.18590109418787,False
6643,新疆,光伏,2025,10.295494347810745,0.03782631578572695,34.199151884628286,False
6644,新疆,光伏,2025,8.379623740911484,0.07736548725429473,86.0771912828055,False
6650,新疆,光伏,2025,9.691470935940742,0.03351495513629671,32.19721079748068,False
6652,新疆,光伏,2025,11.38216383755207,0.03886619655313468,31.64768630491591,False
6654,新疆,光伏,2025,8.798261359333992,0.03894816027308953,41.317785705669465,False
6657,新疆,光伏,2025,9.691470935940742,0.03351495513629671,32.19721079748068,False
6659,新疆,光伏,2025,9.840398356318474,0.040491891836120245,38.242019480348056,False
6661,新疆,光伏,2025,10.31519964337349,0.037861650442862896,34.15241633799228,False
6666,新疆,光伏,2025,8.328523188829422,0.034406427629708164,38.54156710499362,False
6668,新疆,光伏,2025,11.361898183822632,0.038805263815209226,31.65975477531752,False
6669,新疆,光伏,2025,8.434257432818413,0.05212463269438356,57.58355122943978,False
6672,新疆,光伏,2025,7.382316961884499,0.042649156240080775,54.079352481916914,False
6673,新疆,光伏,2025,11.363944485783577,0.03880562516290369,31.654348569991637,False
6675,新疆,光伏,2025,8.297960981726646,0.03941141647670743,44.24052904123588,False
668,甘肃,光伏,2025,12.836682870984077,0.04642120194269112,33.33274026562277,False
6684,新疆,光伏,2025,10.307580381631851,0.037811949344800005,34.1327963521841,False
6685,新疆,光伏,2025,9.738918542861938,0.03448451602183747,32.92348362153943,False
6693,新疆,光伏,2025,9.649421274662018,0.03522913957366186,33.983590792029204,False
6694,新疆,光伏,2025,10.340580493211746,0.041420091895893865,37.22941245774828,False
6699,新疆,光伏,2025,9.649421274662018,0.03522913957366186,33.983590792029204,False
6701,新疆,光伏,2025,10.578010305762291,0.041142796396413675,36.05434583826924,False
6704,新疆,光伏,2025,10.299788117408752,0.03778405157744045,34.13608059405807,False
6707,新疆,光伏,2025,9.314678013324738,0.03976388436463851,39.7792222147943,False
6720,新疆,光伏,2025,7.7491311728954315,0.03159781375976883,38.188006619323225,False
6723,新疆,光伏,2025,9.882848784327507,0.03812586761011067,35.87554923700053,False
6728,新疆,光伏,2025,8.681456297636032,0.03815770578960585,40.96912727888158,False
6731,新疆,光伏,2025,10.017620846629143,0.04107701564127975,38.10728298030042,False
6733,新疆,光伏,2025,10.303370878100395,0.037796295699315266,34.135268686705736,False
6736,新疆,光伏,2025,8.681456297636032,0.03815770578960585,40.96912727888158,False
6738,新疆,光伏,2025,9.917133674025536,0.041228753589579815,38.61377511044101,False
6739,新疆,光伏,2025,8.651705011725426,0.4378180922585038,471.2974185867611,False
6740,新疆,光伏,2025,8.672643005847931,0.04353207482019241,46.754945301732434,False
6741,新疆,光伏,2025,7.632117345929146,0.026584231244797963,32.51095983210522,False
6745,新疆,光伏,2025,8.356937393546104,0.09940841120061947,110.88577532263245,False
6747,新疆,光伏,2025,7.922830581665039,0.4465640094007827,526.1166624779003,False
6750,新疆,光伏,2025,10.296096727252007,0.03780649720472997,34.176581978679586,False
6753,新疆,光伏,2025,8.054348900914192,0.04296401824503553,49.813010233365084,False
6755,新疆,光伏,2025,7.27948397397995,0.04019942233287587,51.714510192072275,False
6757,新疆,光伏,2025,10.304579436779022,0.0378320408178201,34.16886490174139,False
6760,新疆,光伏,2025,8.020439967513084,0.05849281710197253,68.1040092108051,False
6764,新疆,光伏,2025,9.551647379994392,0.040786460371776835,39.75025169409455,False
6766,新疆,光伏,2025,9.020204991102219,0.32199041417406543,331.98750094393927,False
6768,新疆,光伏,2025,8.780797943472862,0.03882844629941375,41.272709287643494,False
6769,新疆,光伏,2025,10.894335508346558,0.03799943488485963,32.38379803027927,False
6774,新疆,光伏,2025,7.635095492005348,0.05232183980649554,64.0625329439258,False
6777,新疆,光伏,2025,7.247157767415047,0.03952103095110769,51.01551703130962,False
678,甘肃,光伏,2025,10.710111111402512,0.05838536847199558,50.222268994240885,False
6782,新疆,光伏,2025,7.635095492005348,0.05232183980649554,64.0625329439258,False
6784,新疆,光伏,2025,10.507936030626297,0.040022328877124286,35.306342966729005,False
6785,新疆,光伏,2025,8.447525203227997,0.03677040329089163,40.638962728116994,False
6790,新疆,光伏,2025,7.825773060321808,0.2511321463544029,299.8858391451235,False
6792,新疆,光伏,2025,8.185233548283577,0.06410257883518429,73.09625895933583,False
6793,新疆,光伏,2025,7.570444867014885,0.04144045262584265,51.15451706462543,False
6794,新疆,光伏,2025,10.698000267148018,0.036392612373076894,31.575868974709547,False
6799,新疆,光伏,2025,7.169149965047836,0.15731839593510655,205.5530261038626,False
6801,新疆,光伏,2025,9.601728692650795,0.03655016328730328,35.43852530729667,False
6802,新疆,光伏,2025,7.468231022357941,0.04177121749233301,52.33499261386745,False
6803,新疆,光伏,2025,11.407775804400444,0.04025965388769296,32.666998492323046,False
6804,新疆,光伏,2025,9.044662714004517,0.09284643819925703,95.41737846352946,False
6805,新疆,光伏,2025,11.058098450303078,0.039855374452758635,33.41822782869528,False
6806,新疆,光伏,2025,9.042235985398293,0.052382882277291015,53.89036625530405,False
6809,新疆,光伏,2025,10.033574625849724,0.03501377625435722,32.4393685333129,False
6811,新疆,光伏,2025,9.871999248862267,0.035766749557210833,33.72951607847089,False
6813,新疆,光伏,2025,8.788306787610054,0.03879521207435272,41.21117645072172,False
6814,新疆,光伏,2025,10.60518242418766,0.04174949651849195,36.51058393244521,False
6815,新疆,光伏,2025,9.38516803085804,0.04016869281550227,39.879337597222005,False
6816,新疆,光伏,2025,10.60518242418766,0.04174949651849195,36.51058393244521,False
6819,新疆,光伏,2025,7.16483473777771,0.15607947445384654,204.02919287832574,False
6820,新疆,光伏,2025,9.901046454906464,0.037786097632248127,35.49048364264424,False
6823,新疆,光伏,2025,10.056824013590813,0.03434760244426424,31.743559290530055,False
6825,新疆,光伏,2025,10.60518242418766,0.04174949651849195,36.51058393244521,False
6830,新疆,光伏,2025,10.417618229985237,0.03721453531246988,33.217799797704345,False
6831,新疆,光伏,2025,7.2712913900613785,0.053554875708285495,68.96851177711973,False
6832,新疆,光伏,2025,9.276247322559357,0.0338005729314818,33.94852762784114,False
6834,新疆,光伏,2025,9.84000250697136,0.03593501385704208,34.03485354722314,False
6838,新疆,光伏,2025,8.684916347265244,0.03819168851745086,41.044403138292246,False
6839,新疆,光伏,2025,8.672268837690353,0.11007801148400512,118.09552462666097,False
684,甘肃,光伏,2025,11.559665948152542,0.03898095326827905,31.072563764126865,False
6842,新疆,光伏,2025,9.413280263543129,0.03811522760857053,37.71035218780122,False
6845,新疆,光伏,2025,8.100778609514236,0.028576210576129617,32.86852110957414,False
6846,新疆,光伏,2025,10.16466535627842,0.03709317133518659,33.95738986390701,False
6848,新疆,光伏,2025,9.84000250697136,0.03593501385704208,34.03485354722314,False
6849,新疆,光伏,2025,10.189217180013657,0.03650854476684758,33.37004276318815,False
685,甘肃,光伏,2025,11.238246113061905,0.17929377933347512,146.98629858972907,False
6852,新疆,光伏,2025,8.100778609514236,0.028576210576129617,32.86852110957414,False
6853,新疆,光伏,2025,9.886080399155617,0.03581371568583912,33.723092251717674,False
6854,新疆,光伏,2025,8.26384149491787,0.13683235638659552,154.23270784913706,False
6859,新疆,光伏,2025,10.745978727936745,0.04210085024144102,36.34752026156763,False
6860,新疆,光伏,2025,7.567817643284798,0.03348927957935084,41.353859336308716,False
6866,新疆,光伏,2025,8.53727012872696,0.03592439947425026,39.32343011058572,False
6867,新疆,光伏,2025,8.26384149491787,0.09122157097865845,102.8218052939196,False
6871,新疆,光伏,2025,10.162899568676949,0.034003489735561165,31.119687728434624,False
6874,新疆,光伏,2025,10.311052724719048,0.03782380326751949,34.13466215974774,False
6881,新疆,光伏,2025,8.656250461935997,0.03740000719845639,40.35274330254863,False
6883,新疆,光伏,2025,8.809937685728073,0.0332501482865106,35.08962765934112,False
6885,新疆,光伏,2025,8.26384149491787,0.09122157097865845,102.8218052939196,False
6886,新疆,光伏,2025,10.034567713737488,0.03507742917028654,32.58584157753227,False
6888,新疆,光伏,2025,10.298718363046646,0.037792465186715474,34.15254667539651,False
6895,新疆,光伏,2025,7.741477265954018,0.051969078363558574,62.72938203445416,False
6898,新疆,光伏,2025,8.094806000590324,0.23019236893754025,265.4209516628838,False
6900,新疆,光伏,2025,11.023579314351082,0.039057596025989606,32.862809521238276,False
6903,新疆,光伏,2025,10.340580493211746,0.041420091895893865,37.22941245774828,False
6907,新疆,光伏,2025,7.923202738165855,0.08166413390418659,96.18006092810165,False
6908,新疆,光伏,2025,11.353102326393127,0.04125015431202789,33.68617185124752,False
6911,新疆,光伏,2025,9.357981830835342,0.03603904083945925,35.888834495526154,False
6912,新疆,光伏,2025,8.534147813916206,0.03590839897553893,39.32029622052536,False
6913,新疆,光伏,2025,7.737133428454399,0.10776040691363212,130.0987173342314,False
6916,新疆,光伏,2025,8.81704106926918,0.5746704394658966,606.4507349511018,False
6918,新疆,光伏,2025,8.52749727666378,0.24843347421450454,271.42992346042837,False
6927,新疆,光伏,2025,9.857203513383865,0.0343819306578165,32.50460294212012,False
6928,新疆,光伏,2025,8.054643049836159,0.08691123828523639,100.71092572516255,False
6934,新疆,光伏,2025,8.52051392197609,0.029324322090790843,32.15278391711392,False
6938,新疆,光伏,2025,8.496849909424782,0.043276575024152754,47.474672434297574,False
6939,新疆,光伏,2025,10.049288794398308,0.03795754313284209,35.15038028982737,False
6945,新疆,光伏,2025,10.049288794398308,0.03795754313284209,35.15038028982737,False
6947,新疆,光伏,2025,9.54068697988987,0.03809482667680883,37.183994885326285,False
6953,新疆,光伏,2025,9.535718858242035,0.03820084498755753,37.30977167296437,False
6954,新疆,光伏,2025,10.036613568663597,0.03508655899922243,32.587678905326285,False
6959,新疆,光伏,2025,7.4970947206020355,0.044259420331087505,55.265800499318075,False
6961,新疆,光伏,2025,10.059812664985657,0.03515163276523702,32.56543529923209,False
6963,新疆,光伏,2025,8.217728734016418,0.09742546270648594,110.33714175407198,False
6968,新疆,光伏,2025,10.059812664985657,0.03515163276523702,32.56543529923209,False
6969,新疆,光伏,2025,10.319947600364685,0.03438047549018442,31.01967203475113,False
697,甘肃,光伏,2025,12.082403898239136,0.2969656699535998,226.4763272675022,False
6973,新疆,光伏,2025,10.059812664985657,0.03515163276523702,32.56543529923209,False
6975,新疆,光伏,2025,9.946052581071854,0.03848566841943816,36.0205574825901,False
6977,新疆,光伏,2025,10.295829176902771,0.03777736873592387,34.151137659684835,False
6981,新疆,光伏,2025,8.958553522825241,0.09008866606263981,93.51019539925105,False
699,甘肃,光伏,2025,11.499726176261902,0.07010525162163084,56.18142444900315,False
6990,新疆,光伏,2025,9.928144812583923,0.03396722643421279,31.82904411043055,False
6995,新疆,光伏,2025,9.895446673035622,0.03409837066161311,32.062527659781765,False
6996,新疆,光伏,2025,9.894807413220406,0.03409647112313579,32.06281283617933,False
6997,新疆,光伏,2025,9.932904168963432,0.033976782445602885,31.820249835860402,False
6998,新疆,光伏,2025,7.508750259876251,0.030958563017737778,38.50462685694337,False
6999,新疆,光伏,2025,8.49313460290432,0.046538020119459386,51.10173729811344,False
7000,新疆,光伏,2025,9.927250072360039,0.03418677930527836,32.03263962634185,False
7001,新疆,光伏,2025,9.604041203856468,0.03702773454262974,35.879004762503044,False
710,甘肃,光伏,2025,13.105402886867523,0.07586247152475711,53.38848820960828,False
7114,新疆,光伏,2025,10.52465133368969,0.040997280722282856,36.202016715911874,False
7127,新疆,光伏,2025,10.006819814443588,0.03686306893394114,34.28439279555782,False
7145,新疆,光伏,2025,10.006819814443588,0.03686306893394114,34.28439279555782,False
717,甘肃,光伏,2025,11.711258366703987,0.05391061348880264,42.42465742243312,False
720,甘肃,光伏,2025,11.916951835155487,0.05419039143473198,41.88972984845788,False
723,甘肃,光伏,2025,11.470087766647339,0.050214396884437504,40.34236094952649,False
724,甘肃,光伏,2025,12.029305323958397,0.15426624127258756,118.15834927045917,False
7274,新疆,光伏,2025,9.292083978652954,0.035987527515530714,36.097162667216026,False
7284,新疆,光伏,2025,9.292819574475288,0.03598904966530481,36.09583197428279,False
7294,新疆,光伏,2025,9.276568070054054,0.034398252090637835,34.55813666703872,False
731,甘肃,光伏,2025,11.093148440122604,0.0641958270692101,53.31876299316025,False
7325,新疆,光伏,2025,7.4795036762952805,0.02632943409530863,32.88706646589489,False
7332,新疆,光伏,2025,7.670221924781799,0.10605343136773128,129.1175059269422,False
734,甘肃,光伏,2025,12.378028482198715,0.05362192117508938,39.92661091541545,False
7341,新疆,光伏,2025,9.687478020787239,0.03775213529996177,36.24029833055882,False
7346,新疆,光伏,2025,9.687478020787239,0.03775213529996177,36.24029833055882,False
736,甘肃,光伏,2025,12.378028482198715,0.05362192117508938,39.92661091541545,False
7361,新疆,光伏,2025,9.565125703811646,0.0338794017608397,33.032452577739065,False
739,甘肃,光伏,2025,12.060581669211388,0.06991127450481913,53.437516099000575,False
742,甘肃,光伏,2025,12.260286211967468,0.042598312418201646,32.02309774748067,False
747,甘肃,光伏,2025,12.09001176059246,0.05078231683085286,38.71517893285544,False
750,甘肃,光伏,2025,11.066038012504578,0.06206173684830243,51.680367258991105,False
754,甘肃,光伏,2025,11.066753938794136,0.217296766345075,180.9342797365196,False
761,甘肃,光伏,2025,12.66203686594963,0.07371147125382624,53.689644103102886,False
764,甘肃,光伏,2025,11.306117847561836,0.046144504173433354,37.60456256181976,False
766,甘肃,光伏,2025,12.270319685339928,0.14637374548665477,109.99739745487285,False
769,甘肃,光伏,2025,11.318650916218758,0.04777897356106541,38.89289227999707,False
770,甘肃,光伏,2025,10.839008241891861,0.049074655917253796,41.70100819875381,False
772,甘肃,光伏,2025,11.278180181980133,0.03662187529420738,29.918210671340212,False
778,甘肃,光伏,2025,12.071789726614952,0.0436351913326392,33.30742934555098,False
781,甘肃,光伏,2025,11.313249617815018,0.045948783040111234,37.42145841689975,False
782,甘肃,光伏,2025,11.918727904558182,0.0718196223202521,55.516666658215684,False
784,甘肃,光伏,2025,10.373134911060333,0.056589924734381986,50.25019638847435,False
789,甘肃,光伏,2025,11.267618536949158,0.0457499681755625,37.408888491511746,False
797,甘肃,光伏,2025,11.599351689219475,0.0481500149273841,38.25747669639954,False
798,甘肃,光伏,2025,10.975742116570473,0.03978341821583141,33.38650103279176,False
7987,青海,光伏,2025,10.027051493525505,0.033686253514195505,31.46532069801535,False
799,甘肃,光伏,2025,12.785053700208664,0.05768218087531698,41.58995544880604,False
802,甘肃,光伏,2025,12.746430113911629,0.055913094256815406,40.441028369489466,False
803,甘肃,光伏,2025,10.975742116570473,0.03978341821583141,33.38650103279176,False
809,甘肃,光伏,2025,11.559706181287766,0.047974932645503225,38.24804401225295,False
810,甘肃,光伏,2025,11.911478340625763,0.14357817230853545,111.05214537429693,False
814,甘肃,光伏,2025,11.548076122999191,0.06902136106118742,55.081981328817506,False
816,甘肃,光伏,2025,10.853985249996185,0.058435392348607534,49.58674208543921,False
817,甘肃,光伏,2025,12.84847341477871,0.05707506352882346,40.95134375987642,False
821,甘肃,光伏,2025,12.070430517196655,0.043633165556555685,33.30963349898969,False
8216,青海,光伏,2025,8.380837887525558,0.030913832596471943,34.637618240199075,False
8217,青海,光伏,2025,10.25027833878994,0.03510681846017432,32.05600452267422,False
824,甘肃,光伏,2025,12.881944924592972,0.05829279723322426,41.7198431578868,False
827,甘肃,光伏,2025,10.258449241518974,0.05385873283460324,48.35565712833122,False
8273,青海,光伏,2025,10.034094750881195,0.032955815102870406,30.76563548589639,False
8281,青海,光伏,2025,10.068760067224503,0.03383998343249501,31.47366713225755,False
8290,青海,光伏,2025,10.133281722664833,0.03454245045477782,31.920259573661987,False
8305,青海,光伏,2025,10.151886194944382,0.03444095519712146,31.763773725387576,False
8309,青海,光伏,2025,10.121715813875198,0.034538594833385554,31.959738727614845,False
8314,青海,光伏,2025,6.678035482764244,0.024323768239806982,34.281595777187086,False
8317,青海,光伏,2025,10.166562125086784,0.0354124799798724,32.61263346962223,False
832,甘肃,光伏,2025,11.14249438047409,0.04346002107492274,35.9310496948838,False
8326,青海,光伏,2025,6.655120477080345,0.023909664793347857,33.820127629582764,False
8372,青海,光伏,2025,11.639138907194138,0.039238444112241914,31.392594053520476,False
8380,青海,光伏,2025,8.088716268539429,0.02997182270014634,34.675825791271556,False
8398,青海,光伏,2025,11.197648644447327,0.037168421291668786,30.927838466313588,False
8399,青海,光伏,2025,11.275042444467545,0.03735676278526596,30.86176111694223,False
843,甘肃,光伏,2025,11.14893950521946,0.08697396124059839,71.86510883766394,False
8466,青海,光伏,2025,11.639138907194138,0.039238444112241914,31.392594053520476,False
847,甘肃,光伏,2025,11.677699908614159,0.04299224676925873,33.92833319463803,False
848,甘肃,光伏,2025,11.14893950521946,0.04348698062855694,35.93255442565522,False
850,甘肃,光伏,2025,10.513483732938766,0.19134742355961987,167.66113333522168,False
851,甘肃,光伏,2025,10.306406915187836,0.10801933887458218,96.53504448914207,False
854,甘肃,光伏,2025,11.70039877295494,0.0652553126922804,51.408463977308465,False
856,甘肃,光伏,2025,11.156693324446678,0.0433250445581305,35.77386953189227,False
859,甘肃,光伏,2025,11.25349648296833,0.06389598101960313,52.3085093171087,False
8608,西藏,光伏,2025,8.342727944254875,0.031067680050592197,35.511664508057464,False
867,甘肃,光伏,2025,11.760365143418312,0.051041114700769774,39.98999351670683,False
870,甘肃,光伏,2025,12.286938205361366,0.042554823249852804,31.921013534910678,False
8714,青海,光伏,2025,11.639138907194138,0.039238444112241914,31.392594053520476,False
875,甘肃,光伏,2025,10.827695354819298,0.12662186636503864,107.73553269704495,False
876,甘肃,光伏,2025,11.25349648296833,0.04563998637334846,37.36322088412065,False
880,甘肃,光伏,2025,11.14274650812149,0.043478333464162994,35.94438803488917,False
882,甘肃,光伏,2025,11.762423291802406,0.051049647392036684,39.989680278648585,False
883,甘肃,光伏,2025,11.188760921359062,0.04362582821528255,35.92096305149049,False
886,甘肃,光伏,2025,10.699330866336823,0.1394353112531865,120.0528786912998,False
888,甘肃,光伏,2025,11.14893950521946,0.08697396124059839,71.86510883766394,False
894,甘肃,光伏,2025,11.14893950521946,0.04348698062855694,35.93255442565522,False
895,甘肃,光伏,2025,10.48534020781517,0.12842655720836454,112.80937324008306,False
897,甘肃,光伏,2025,11.14893950521946,0.04348698062855694,35.93255442565522,False
906,甘肃,光伏,2025,11.26252368092537,0.07196092447124201,58.869332017652724,False
908,甘肃,光伏,2025,11.189310550689697,0.08725833183219762,71.84389333330881,False
912,甘肃,光伏,2025,11.129363179206848,0.08727290477594135,72.23797148878923,False
918,甘肃,光伏,2025,11.129363179206848,0.08727290477594135,72.23797148878923,False
922,甘肃,光伏,2025,11.255978643894196,0.04565099647000353,37.36450680477602,False
927,甘肃,光伏,2025,11.843405440449715,0.044077119853005046,34.293082797241944,False
931,甘肃,光伏,2025,10.833500772714615,0.049193070836431534,41.822881699016136,False
933,甘肃,光伏,2025,10.848475322127342,0.03939930922197476,33.45066120942941,False
935,甘肃,光伏,2025,10.853980332612991,0.04868498222182683,41.31395354233669,False
943,甘肃,光伏,2025,10.85658185184002,0.048702843839199685,41.31920733663568,False
948,甘肃,光伏,2025,11.966016814112663,0.04294994308943227,33.06870452269185,False
9537,青海,光伏,2025,8.088716268539429,0.03134308271814801,36.26230166144042,False
954,甘肃,光伏,2025,10.861221849918365,0.05846656925633127,49.58150411422953,False
957,甘肃,光伏,2025,10.832818374037743,0.04905636992781801,41.70871583035727,False
9579,青海,光伏,2025,10.027051493525505,0.033686253514195505,31.46532069801535,False
959,甘肃,光伏,2025,10.597032979130745,0.0647948332608265,56.3210486029964,False
961,甘肃,光伏,2025,11.837081238627434,0.05506492284519824,42.864162954275905,False
963,甘肃,光伏,2025,10.608893260359764,0.06597989200058733,57.283862266276536,False
969,甘肃,光伏,2025,12.241894751787186,0.054818173145577805,41.27350965802552,False
970,甘肃,光伏,2025,12.199468240141869,0.0546743797776271,41.30613116635033,False
971,甘肃,光伏,2025,11.615825593471527,0.04799534595921196,38.07525909278774,False
990,甘肃,光伏,2025,12.934463024139404,0.042627970373149644,30.38054715422185,False
991,甘肃,光伏,2025,12.94215314090252,0.04308484363120975,30.688756956626076,False
992,甘肃,光伏,2025,10.689491406083107,0.05931730947372506,51.12233505651001,False
W113,甘肃,风电,2025,11.824265643954277,0.1165795038022135,90.84603753531577,False
W1130,河北,风电,2025,8.884844183921814,0.09844576935114353,103.01613491314015,False
W1134,河北,风电,2025,8.004311844706535,0.06123926435143379,71.32447518387607,False
W114,甘肃,风电,2025,11.194302588701248,0.11016251985234006,90.64036048072842,False
W115,甘肃,风电,2025,9.186045974493027,0.04556746662144368,45.943781614210245,False
W116,甘肃,风电,2025,11.826937571167946,0.11450558898662933,89.20975474410005,False
W117,甘肃,风电,2025,11.40001930296421,0.11175604001861734,90.31081377805178,False
W119,甘肃,风电,2025,12.101688981056213,0.059815974302192015,45.557585073141524,False
W1223,陕西,风电,2025,10.596993193030357,0.07725292751417136,67.14829603841679,False
W123,甘肃,风电,2025,11.71593725681305,0.11366829811502226,89.39030343604344,False
W127,甘肃,风电,2025,10.444037094712257,0.05091935066925939,44.91040776011674,False
W128,甘肃,风电,2025,10.414893552660942,0.05089055948367092,45.009995355337594,False
W1280,河北,风电,2025,6.580740362405777,0.038605012771783465,55.104957801820625,False
W1284,河北,风电,2025,6.786647737026215,0.039046838916901916,53.98881559407111,False
W1287,河北,风电,2025,9.352876916527748,0.06763481220939507,67.13375534761485,False
W129,甘肃,风电,2025,10.57979017496109,0.052083751411842974,45.34858276907359,False
W131,甘肃,风电,2025,11.740681305527687,0.11529959771177423,90.49453207137013,False
W132,甘肃,风电,2025,10.427316427230835,0.051887122391979255,45.83987858353025,False
W133,甘肃,风电,2025,10.460437908768654,0.052227270697023924,45.99681645972203,False
W134,甘肃,风电,2025,10.53372971713543,0.05278486211021971,46.16634001053749,False
W1340,河北,风电,2025,11.96588471531868,0.09194593840308624,70.77380414476688,False
W1356,河北,风电,2025,11.95214532315731,0.09251679684558999,71.29507458699565,False
W1358,河北,风电,2025,9.858218058943748,0.046048947472149646,43.27087192641453,False
W136,甘肃,风电,2025,7.474963814020157,0.05870914159913823,73.6063141252332,False
W1360,河北,风电,2025,7.648446187376976,0.04388577361556509,53.69996234790998,False
W1362,河北,风电,2025,7.648446187376976,0.04388577361556509,53.69996234790998,False
W1389,河北,风电,2025,8.038847297430038,0.09028938473988855,104.93744777942953,False
W141,甘肃,风电,2025,8.141231685876846,0.18057882853379112,206.5282819345079,False
W147,甘肃,风电,2025,12.735711559653282,0.041257147716778825,29.86326558136132,False
W1482,海南,风电,2025,12.578180059790611,0.044451458628541406,32.56761417760523,False
W1483,海南,风电,2025,7.080508545041084,0.025466190485383212,33.70227319563877,False
W1509,河北,风电,2025,7.5106628984212875,0.05456227025894164,67.87373449646768,False
W1520,河北,风电,2025,9.184651225805283,0.033957435455824664,34.317599270007,False
W1529,河北,风电,2025,6.5757787227630615,0.03856197091141366,55.078008241626236,False
W1533,河北,风电,2025,9.215778261423111,0.03406489585712386,34.30710427535054,False
W1612,河北,风电,2025,12.45330199599266,0.07560109926331973,55.942695894378446,False
W178,北京,风电,2025,11.546665281057358,0.06787534525532554,54.143490037519136,False
W180,北京,风电,2025,12.248599156737328,0.0902913309578255,67.91003751992571,False
W181,北京,风电,2025,12.185801714658737,0.08976287596248439,67.85396004257373,False
W183,北京,风电,2025,12.249091789126396,0.06498876254094589,48.87814188385989,False
W1866,河北,风电,2025,7.579228654503822,0.10498255812613948,129.469053474377,False
W1870,山西,风电,2025,11.240539848804474,0.08792096883596555,72.04469944710307,False
W1875,河北,风电,2025,8.903790414333344,0.0427698325579527,44.62686147730053,False
W1941,河北,风电,2025,11.876672208309174,0.06263039315614986,48.57145787511477,False
W2003,河南,风电,2025,12.902499809861183,0.05877874337374802,42.02148856409961,False
W2016,河南,风电,2025,12.462368533015251,0.06973611458542661,51.613600499284885,False
W2023,河南,风电,2025,12.997545897960663,0.059229216210794466,42.01822906700276,False
W2040,河南,风电,2025,12.997545897960663,0.059229216210794466,42.01822906700276,False
W2078,河南,风电,2025,11.424806043505669,0.03783341476545284,30.52306713499072,False
W2206,黑龙江,风电,2025,8.57443392276764,0.03871403097696186,42.043533859397506,False
W2208,黑龙江,风电,2025,8.956286162137985,0.041939841558068416,43.584656042867465,False
W2214,黑龙江,风电,2025,8.348056823015213,0.039185959867623375,43.73683803481069,False
W2237,黑龙江,风电,2025,11.450991779565811,0.10316756733528594,82.98104991808992,False
W2263,河北,风电,2025,6.595905348658562,0.04585037424239839,65.27563127395628,False
W2266,河北,风电,2025,6.999412402510643,0.0402630250086587,53.914023408167,False
W2269,黑龙江,风电,2025,9.206069558858871,0.051495089203077285,51.928698140720996,False
W2282,黑龙江,风电,2025,6.991859078407288,0.04132236410756994,55.32306346936144,False
W2336,河南,风电,2025,12.479936107993126,0.04879702292256859,36.034345429585315,False
W2337,河南,风电,2025,11.594010964035988,0.04265071748991496,33.892903765247006,False
W2377,河北,风电,2025,11.464071571826935,0.03663911882959782,29.44208265943285,False
W2379,黑龙江,风电,2025,6.497726887464523,0.05940752005601929,85.92555680960058,False
W2404,黑龙江,风电,2025,10.4026510566473,0.037784609401661645,33.730948053609126,False
W2417,河南,风电,2025,12.753458842635155,0.0498203077935878,36.004431529200694,False
W2423,河北,风电,2025,11.246983408927917,0.05174852664097964,42.3809422577039,False
W2431,河北,风电,2025,7.747170031070709,0.09617798448466482,116.08081537795321,False
W2436,河北,风电,2025,7.802854925394058,0.09557055104139782,114.50016964175796,False
W2447,河北,风电,2025,11.952229589223862,0.055033382212805494,42.426891938050595,False
W2455,河北,风电,2025,8.890961855649948,0.04267694262558644,44.61687623193713,False
W2461,河北,风电,2025,8.8707335293293,0.042582104220001415,44.61213575673906,False
W2465,河北,风电,2025,11.852752938866615,0.1096662959861326,85.22530902475548,False
W2466,黑龙江,风电,2025,7.03492283821106,0.04516538753865776,60.37557736604081,False
W2468,河北,风电,2025,12.827644273638725,0.056297478498070604,40.45232632737134,False
W2471,黑龙江,风电,2025,6.495437175035477,0.04156870849081608,60.21871825352777,False
W2475,黑龙江,风电,2025,6.920185089111328,0.04439995536209553,60.34395664946989,False
W2476,河北,风电,2025,12.760848999023438,0.056140033558413696,40.556493176090946,False
W2477,河北,风电,2025,11.937552988529205,0.0548883371331028,42.36593064561652,False
W2482,河北,风电,2025,7.5312962383031845,0.10512780087465044,130.55640487369303,False
W2495,黑龙江,风电,2025,7.1340275555849075,0.04017855008444641,52.91658778432394,False
W2497,黑龙江,风电,2025,6.759135201573372,0.04327065152937524,60.23871004042844,False
W2504,黑龙江,风电,2025,11.156927794218063,0.043579386515096866,36.14008077445733,False
W2519,河北,风电,2025,11.662865728139877,0.05348740888754253,42.250569266191334,False
W2524,黑龙江,风电,2025,8.850551471114159,0.039875228941330484,42.01419894600786,False
W2553,黑龙江,风电,2025,9.22315165400505,0.04969691342962441,50.018466208038795,False
W2567,黑龙江,风电,2025,8.284307420253754,0.03634917394135773,41.01503269677342,False
W2577,黑龙江,风电,2025,9.186898693442345,0.037991457611121195,38.57249576832355,False
W2604,黑龙江,风电,2025,6.342258229851723,0.03028219315770209,44.878732625400936,False
W2610,黑龙江,风电,2025,8.237265720963478,0.03617484712409394,41.030915893778634,False
W2611,河南,风电,2025,11.434623152017593,0.0391706219637731,31.575196396033192,False
W2622,黑龙江,风电,2025,8.186334818601608,0.03655023845431519,41.70261309758623,False
W2626,黑龙江,风电,2025,7.612479105591774,0.03617212673781403,44.41735091033047,False
W2635,黑龙江,风电,2025,9.382437318563461,0.04302356342776979,42.63327703718678,False
W2638,黑龙江,风电,2025,8.201948627829552,0.038401944946263006,43.70016986941244,False
W2642,黑龙江,风电,2025,8.320367261767387,0.10196218655859307,114.02397480742039,False
W2648,黑龙江,风电,2025,9.148528575897217,0.04325428064088769,43.99237180546125,False
W2653,黑龙江,风电,2025,7.473973408341408,0.037344186872506485,46.689722879705805,False
W2655,黑龙江,风电,2025,8.750273957848549,0.04259059783694505,45.365559206368616,False
W2663,黑龙江,风电,2025,7.465268298983574,0.03730530578630086,46.702174587730795,False
W2665,黑龙江,风电,2025,9.020636603236198,0.043887865283816725,45.26607786831439,False
W2670,黑龙江,风电,2025,11.405208483338356,0.06925704548814704,56.045751367646155,False
W2671,黑龙江,风电,2025,8.448833897709846,0.2003656365197833,221.05152192159827,False
W2679,黑龙江,风电,2025,7.840751633048058,0.03689854578018493,43.98710545130945,False
W2687,黑龙江,风电,2025,8.040137887001038,0.07605431586526092,88.29560251330318,False
W2693,黑龙江,风电,2025,9.147129580378532,0.04327863388299265,44.020432857198344,False
W2700,黑龙江,风电,2025,7.051166519522667,0.04910680108115948,65.30833652433547,False
W2703,黑龙江,风电,2025,8.628661260008812,0.040710666025461306,43.97763075000341,False
W2708,黑龙江,风电,2025,8.633042424917221,0.040413733741234595,43.647876200127946,False
W2710,黑龙江,风电,2025,8.516664505004883,0.037752093261012414,41.364326150625516,False
W2713,黑龙江,风电,2025,8.038334995508194,0.03577187253716439,41.58094015757983,False
W2720,黑龙江,风电,2025,8.531804010272026,0.0379324048483929,41.50304181617974,False
W2724,黑龙江,风电,2025,8.397624716162682,0.03738681232174495,41.55666455857257,False
W2734,黑龙江,风电,2025,7.722900286316872,0.0378548958156029,45.85785717143632,False
W2736,黑龙江,风电,2025,5.801523998379707,0.026133810818015673,42.428022703836206,False
W2751,黑龙江,风电,2025,6.116597279906273,0.02794329991580468,42.969840630838945,False
W2766,黑龙江,风电,2025,5.409155935049057,0.02322324003445131,40.480518776125855,False
W2767,黑龙江,风电,2025,7.852765694260597,0.037452072854993565,44.6070551839651,False
W2778,黑龙江,风电,2025,8.891699463129044,0.04321399301253023,45.25945438611519,False
W2780,河北,风电,2025,8.666855692863464,0.05782674966696727,62.09666413732328,False
W2781,黑龙江,风电,2025,8.511739075183868,0.039930197979832174,43.73365568880822,False
W2786,河北,风电,2025,9.903139919042587,0.04845414906622556,45.32443662887765,False
W2790,黑龙江,风电,2025,8.478777185082436,0.03975766107598831,43.727116012889006,False
W2792,河北,风电,2025,8.950702026486397,0.05759290311060381,59.73484531120145,False
W2794,黑龙江,风电,2025,7.722194641828537,0.03785178844237828,45.85828295334797,False
W2797,河北,风电,2025,8.664853870868683,0.057818164393912026,62.101788854456395,False
W2800,黑龙江,风电,2025,8.12429241836071,0.03779581518066492,43.43736476844129,False
W2803,黑龙江,风电,2025,7.986290529370308,0.03497787153546017,40.96364620714756,False
W2812,黑龙江,风电,2025,8.150312751531601,0.038373319458282956,43.95067164150662,False
W2820,黑龙江,风电,2025,6.4926134794950485,0.02949250472673563,42.685419305297266,False
W2822,黑龙江,风电,2025,11.515023037791252,0.04261898700048078,34.250437325005926,False
W2824,黑龙江,风电,2025,7.788373455405235,0.036601984881125135,43.92701582646831,False
W2827,黑龙江,风电,2025,7.401924133300781,0.03489705782704915,44.165771473366185,False
W2833,黑龙江,风电,2025,6.987618505954742,0.0329854048747828,44.23659609172187,False
W2837,黑龙江,风电,2025,7.555505186319351,0.03558030832544216,44.06042413919198,False
W2843,黑龙江,风电,2025,8.957716226577759,0.06740783888067271,70.04571941700723,False
W2845,黑龙江,风电,2025,8.49616639316082,0.04021033518219342,44.141079167115684,False
W2853,黑龙江,风电,2025,7.853061184287071,0.037453833020527384,44.6074730930405,False
W2857,黑龙江,风电,2025,9.471798464655876,0.04326516107020745,42.405457023901356,False
W2866,黑龙江,风电,2025,8.024433553218842,0.03783413532213808,44.02569961944332,False
W2869,黑龙江,风电,2025,7.126160636544228,0.04154023575787798,54.53627597219926,False
W2880,黑龙江,风电,2025,9.022219777107239,0.043900232869928106,45.27088853163957,False
W2884,黑龙江,风电,2025,7.977806255221367,0.15616097005588525,182.884372227678,False
W2886,黑龙江,风电,2025,7.8048864752054214,0.074626423312036,89.13040710537909,False
W2887,黑龙江,风电,2025,9.148932695388794,0.04447196570157431,45.228837546345176,False
W2892,黑龙江,风电,2025,8.86051431298256,0.04302579516879937,45.20000371844727,False
W2904,河南,风电,2025,12.997545897960663,0.059229216210794466,42.01822906700276,False
W2911,黑龙江,风电,2025,9.350846037268639,0.06894334870022958,68.55958317413071,False
W2919,黑龙江,风电,2025,11.882641687989235,0.15395267717098762,119.34406385248391,False
W2927,黑龙江,风电,2025,6.896024867892265,0.032137367085311744,43.75605650342092,False
W2930,黑龙江,风电,2025,6.8636903911828995,0.03832310240480084,52.417175221182845,False
W2934,黑龙江,风电,2025,9.128161892294884,0.05165931091062433,52.58163242361889,False
W2966,黑龙江,风电,2025,12.133472934365273,0.10365559489710452,78.69590035819289,False
W2982,黑龙江,风电,2025,7.62104295194149,0.051069351930396724,62.74073234723139,False
W3240,内蒙古,风电,2025,7.548101395368576,0.03991013845985768,49.47759121158219,False
W3274,内蒙古,风电,2025,8.489705622196198,0.503455505284063,551.7825922871517,False
W3277,河南,风电,2025,12.274960353970528,0.037561223455469264,28.209339360482836,False
W3282,内蒙古,风电,2025,8.489705622196198,0.25172775272446213,275.891296233919,False
W3829,内蒙古,风电,2025,6.355976611375809,0.023478192727447868,34.739560347081515,False
W3848,内蒙古,风电,2025,8.377932831645012,0.03230059481433112,36.08253851853401,False
W4061,内蒙古,风电,2025,10.95498226583004,0.04227311060229063,36.47339682940958,False
W4248,内蒙古,风电,2025,11.087756752967834,0.043349943032331716,36.950580835732296,False
W4274,内蒙古,风电,2025,8.352364227175713,0.03391623967125094,38.15800971393144,False
W4313,内蒙古,风电,2025,7.979081645607948,0.04144126039605069,48.563268932227864,False
W4381,内蒙古,风电,2025,10.052113831043243,0.037392527073283915,34.42945843542988,False
W4442,内蒙古,风电,2025,11.761632487177849,0.04445651799727515,35.42307625029861,False
W4445,内蒙古,风电,2025,10.636985376477242,0.03599837784067671,31.521055400880158,False
W4461,内蒙古,风电,2025,7.308691442012787,0.043986363089140404,56.470716750627716,False
W4484,内蒙古,风电,2025,7.892336770892143,0.225809537824098,267.04681210005157,False
W4534,内蒙古,风电,2025,5.464094057679176,0.02165633476741355,37.730793129244205,False
W4648,内蒙古,风电,2025,9.063306748867035,0.03419397589120353,35.249300650410405,False
W4721,内蒙古,风电,2025,7.988942563533783,0.08641913411242905,100.95020423376387,False
W4727,内蒙古,风电,2025,10.636985376477242,0.03599837784067671,31.521055400880158,False
W4730,内蒙古,风电,2025,9.080586656928062,0.034264731507312546,35.25755216972388,False
W4827,内蒙古,风电,2025,8.370956629514694,0.04294637526478048,47.957456979292694,False
W4837,内蒙古,风电,2025,7.1552735567092896,0.051066215199622095,66.94813752552471,False
W4919,山西,风电,2025,8.866452276706696,0.03560907611907177,37.32368513324186,False
W4979,内蒙古,风电,2025,6.853251233696938,0.05191650003641204,71.2709005480365,False
W4984,内蒙古,风电,2025,8.219765424728394,0.042105092445510604,47.654817894285515,False
W5008,青海,风电,2025,11.45016834139824,0.06677253350381825,53.74074940846616,False
W5013,青海,风电,2025,11.03029489517212,0.06481654236505512,54.13660154860714,False
W5015,青海,风电,2025,10.689580366015434,0.06324030484545716,54.49091109093908,False
W5020,青海,风电,2025,11.143259480595589,0.04864902866569531,40.22554802690948,False
W503,甘肃,风电,2025,8.993745222687721,0.1991709504235873,205.74019096289496,False
W5035,青海,风电,2025,12.695909589529037,0.04430243332796256,32.1956206493446,False
W505,甘肃,风电,2025,11.93316288292408,0.0674074249436014,52.02726621933264,False
W506,甘肃,风电,2025,12.51188077032566,0.06986252050156379,51.44011869865082,False
W507,甘肃,风电,2025,10.011581629514694,0.04295587988712421,39.78294235020114,False
W5073,陕西,风电,2025,9.003289639949799,0.033314364697681745,34.396910665873186,False
W5076,陕西,风电,2025,10.668489709496498,0.0376834479413584,32.630303094357444,False
W509,甘肃,风电,2025,13.03799383342266,0.07287968325203988,51.510469237679295,False
W5106,宁夏,风电,2025,12.128443792462349,0.05192200660896767,39.4412423228331,False
W5108,宁夏,风电,2025,12.615446001291275,0.03822826147180044,27.933111068521264,False
W5112,辽宁,风电,2025,7.142172753810883,0.030280175299514392,39.8142504368372,False
W5117,宁夏,风电,2025,11.62665344774723,0.051517217739576716,40.815979165056746,False
W5123,宁夏,风电,2025,10.54855540394783,0.035261377621907564,30.880171607180586,False
W5137,宁夏,风电,2025,12.168729901313782,0.05336561925147295,40.40197379437605,False
W5146,宁夏,风电,2025,12.111980393528938,0.05189375693282581,39.47119394385929,False
W515,甘肃,风电,2025,11.91094234585762,0.09704786880409808,75.04344316592774,False
W5155,宁夏,风电,2025,12.25117564201355,0.0524405488411648,39.43661517895891,False
W518,甘肃,风电,2025,11.803511828184128,0.09603944084524693,74.94575804774188,False
W5191,辽宁,风电,2025,6.328610256314278,0.04486266940234991,66.76808238396265,False
W5192,辽宁,风电,2025,6.8055494874715805,0.036305378294903955,50.07838570629275,False
W5251,辽宁,风电,2025,6.566229835152626,0.07024213584365904,100.45976039352352,False
W5260,宁夏,风电,2025,12.002635672688484,0.05259620217035885,40.36494271472236,False
W5275,宁夏,风电,2025,11.009209156036377,0.036429848751427525,30.48090263464598,False
W5276,宁夏,风电,2025,11.98216550052166,0.05354410566881237,41.169404040061146,False
W5283,宁夏,风电,2025,11.204043477773666,0.037546135209317905,30.868607061899148,False
W5289,宁夏,风电,2025,12.111980617046356,0.05295281388918518,40.276728297534135,False
W5305,辽宁,风电,2025,11.058877855539322,0.042076490127658135,35.48331715452458,False
W5312,宁夏,风电,2025,10.709584951400757,0.04702481005297391,40.4431692802688,False
W5319,宁夏,风电,2025,10.566284358501434,0.04641474368313028,40.45986540154944,False
W5329,宁夏,风电,2025,11.25076375901699,0.03621740061370538,29.64968447730179,False
W5342,辽宁,风电,2025,6.270395591855049,0.030107761029695996,45.28058075450286,False
W5425,辽宁,风电,2025,5.912385508418083,0.03017009226753854,48.04808959792733,False
W5428,辽宁,风电,2025,6.501365974545479,0.033346380486312596,48.1706446090763,False
W5519,宁夏,风电,2025,12.111980617046356,0.05295281388918518,40.276728297534135,False
W5552,吉林,风电,2025,5.030111521482468,0.02210937657561372,41.66113755678666,False
W5622,宁夏,风电,2025,12.111980617046356,0.05295281388918518,40.276728297534135,False
W5700,宁夏,风电,2025,12.111980617046356,0.10590562809131408,80.55345683309814,False
W5709,宁夏,风电,2025,12.111980617046356,0.10590562809131408,80.55345683309814,False
W5748,宁夏,风电,2025,8.614129275083542,0.036448358570319125,39.3853842133042,False
W5824,吉林,风电,2025,9.830549955368042,0.03581610846495194,34.15649766164691,False
W583,甘肃,风电,2025,11.877293586730957,0.6709445106409957,520.3287055860699,False
W5837,宁夏,风电,2025,12.058898583054543,0.03936349171915731,30.083448950518715,False
W584,甘肃,风电,2025,8.952386006712914,0.22937481963474146,238.01566845603332,False
W5840,宁夏,风电,2025,12.102254703640938,0.03958915131673295,30.149593311727344,False
W5849,宁夏,风电,2025,12.123781889677048,0.03963718886289692,30.131332915689025,False
W585,甘肃,风电,2025,9.340215772390366,0.23777162003183427,236.154936196675,False
W586,甘肃,风电,2025,10.359757393598557,0.043849868770593076,39.13267987253125,False
W5866,宁夏,风电,2025,12.111980617046356,0.05295281388918518,40.276728297534135,False
W5888,青海,风电,2025,10.832834243774414,0.08339863212172695,70.9187897016615,False
W5891,宁夏,风电,2025,10.973569080233574,0.03678487724787347,30.874098210407645,False
W590,甘肃,风电,2025,11.232022270560265,0.06125033476952715,50.22608751702473,False
W5966,宁夏,风电,2025,11.842231526970863,0.03786350756602255,29.461659915827916,False
W5967,辽宁,风电,2025,7.653624191880226,0.03748392176617694,45.82266707723694,False
W5974,宁夏,风电,2025,11.625235229730606,0.05121508587781487,40.584346012376564,False
W6002,山东,风电,2025,12.496659457683563,0.050187251646737374,37.03280126306952,False
W6008,山东,风电,2025,9.472879841923714,0.03959864335623155,38.72661182335517,False
W6010,陕西,风电,2025,7.9764168709516525,0.02974813171283382,34.77883918447966,False
W6017,山东,风电,2025,9.472879841923714,0.03959864335623155,38.72661182335517,False
W6020,山东,风电,2025,10.91664656996727,0.04832480600156545,40.92984246082867,False
W6039,山东,风电,2025,11.275122687220573,0.04773001600021204,39.00357081454401,False
W6040,山东,风电,2025,12.29936957359314,0.042920598995271356,32.16328949724939,False
W6041,山东,风电,2025,12.75149255990982,0.0409320442795652,29.590054685951117,False
W6048,山东,风电,2025,12.229007184505463,0.03894956414153609,29.354250444124595,False
W6049,山东,风电,2025,12.32787273824215,0.03923285935643518,29.331035333161655,False
W6050,山东,风电,2025,12.944839149713516,0.03995587565584171,28.458445308864327,False
W6056,山东,风电,2025,12.298022881150246,0.0390779364915062,29.287737740540205,False
W6069,山东,风电,2025,12.173202484846115,0.03852236571361481,29.16458065231507,False
W6070,山东,风电,2025,12.035702615976334,0.03805753289854479,29.13781819985265,False
W6072,山东,风电,2025,10.916646793484688,0.03727913740698717,31.574450394129222,False
W6092,山东,风电,2025,12.574075385928154,0.039750663353058255,29.143493098544628,False
W6093,山东,风电,2025,12.700509577989578,0.040242269094230156,29.210204549838902,False
W6094,山东,风电,2025,10.432069525122643,0.034753385038695656,30.8133271132297,False
W6095,山东,风电,2025,12.63601005077362,0.04002185322526169,29.19688853531527,False
W6096,山东,风电,2025,12.724400460720062,0.040288894588038325,29.18632457164844,False
W6097,山东,风电,2025,12.598326355218887,0.0398944698180817,29.19101412381719,False
W6098,山东,风电,2025,11.002635285258293,0.03653356655578026,30.584265871553274,False
W6099,山东,风电,2025,11.743661016225815,0.051786865558005414,40.624168590923055,False
W6100,山东,风电,2025,11.472820714116096,0.05057937567764381,40.60970508906225,False
W6101,山东,风电,2025,10.801961794495583,0.03574173744527548,30.475990390980723,False
W6102,山东,风电,2025,11.435784101486206,0.05042402466277547,40.61553408716857,False
W6103,山东,风电,2025,11.731966361403465,0.05188087894202915,40.73512591360757,False
W6104,山东,风电,2025,11.666474640369415,0.03631932278371934,28.678768397223536,False
W6105,山东,风电,2025,11.75783783197403,0.03917441294377936,30.695397098300415,False
W6106,山东,风电,2025,10.679903626441956,0.035188898056778495,30.401970938113735,False
W6107,山东,风电,2025,11.62219651043415,0.050970997597900275,40.3931564310218,False
W6108,山东,风电,2025,12.135968282818794,0.053061681644624006,40.28197675845534,False
W6117,山西,风电,2025,12.885534390807152,0.045218413449424684,32.356238801287454,False
W6131,山东,风电,2025,12.555035501718521,0.038051933220464774,27.940749478019796,False
W6132,山东,风电,2025,13.05353544652462,0.04091857994320924,28.905034649766296,False
W6133,山西,风电,2025,8.558430299162865,0.10748538832202165,116.80206193215571,False
W6135,山东,风电,2025,12.67440140247345,0.054427857208243904,39.59814788788142,False
W6136,陕西,风电,2025,7.995464354753494,0.04080409011481422,47.633306694862,False
W6141,山东,风电,2025,12.910809069871902,0.03915778656399448,27.963520879533146,False
W6144,陕西,风电,2025,7.847000956535339,0.0400009112485488,47.61334977842918,False
W6150,山东,风电,2025,13.158721625804901,0.041554589042473965,29.119665774935466,False
W6159,山西,风电,2025,11.77452452480793,0.04393792369284056,34.38949868432056,False
W6164,陕西,风电,2025,8.321622088551521,0.028768834261940993,32.17225748931633,False
W6168,陕西,风电,2025,8.552060052752495,0.040722881938432924,44.2493135235448,False
W617,甘肃,风电,2025,13.044998869299889,0.0481325741172624,34.01295637703929,False
W6173,陕西,风电,2025,11.523050889372826,0.1078164605445248,86.17918750449496,False
W6175,山西,风电,2025,12.217874005436897,0.04298334516596043,32.433201986463516,False
W6181,山西,风电,2025,12.43150770664215,0.04371939510701626,32.42571018146732,False
W6190,山西,风电,2025,8.58300156891346,0.06340497675382181,68.75732222085414,False
W6215,山东,风电,2025,12.875972986221313,0.0416776146834419,29.84639678400382,False
W6216,陕西,风电,2025,12.965530827641487,0.04542968384604308,32.2877110971064,False
W6236,山东,风电,2025,7.422798201441765,0.02899955675024102,36.59117883109908,False
W6242,山西,风电,2025,12.172280699014664,0.041031116486906084,31.073967053432,False
W6276,山西,风电,2025,5.209568962454796,0.021946751115660378,39.7141432158077,False
W6278,山西,风电,2025,11.965514793992043,0.05842625639132119,45.00804041750157,False
W6290,山西,风电,2025,11.889677345752716,0.09196111328401398,71.24701900855506,False
W6291,山西,风电,2025,13.014400452375412,0.048988257161870524,34.71289784453193,False
W6307,山西,风电,2025,7.9800669103860855,0.052836852273378775,61.88327661307121,False
W6308,山西,风电,2025,7.980066686868668,0.04226948063745249,49.50662129361353,False
W6310,山西,风电,2025,12.499726563692093,0.04488560636611068,33.12314614181847,False
W6338,山东,风电,2025,12.08758369088173,0.06521875589154842,49.72224754053686,False
W6340,陕西,风电,2025,8.981569781899452,0.06556228538058803,67.90995587899911,False
W6345,山东,风电,2025,12.087583020329475,0.05124330514969075,39.06748005175557,False
W6346,陕西,风电,2025,9.993881285190582,0.03597575736221342,33.36622413204887,False
W6352,山东,风电,2025,7.598263397812843,0.02688977059881344,33.08795272047319,False
W6357,陕西,风电,2025,10.403200015425682,0.03980114771193087,35.42565450517239,False
W6360,山东,风电,2025,8.295071125030518,0.0384452824898666,43.29291420589811,False
W6363,陕西,风电,2025,8.339176028966904,0.030781889989854344,34.39596295212388,False
W6375,山东,风电,2025,7.37166590988636,0.04646308661691363,59.129198449091625,False
W6378,陕西,风电,2025,10.507828742265701,0.03860333098952169,34.06346070487705,False
W6381,陕西,风电,2025,12.302584201097488,0.040552288208876866,30.386056699230835,False
W6384,山东,风电,2025,7.4826206266880035,0.04699648957229174,58.91341748584867,False
W6386,山东,风电,2025,7.32827290892601,0.044682124385040274,57.20693217888995,False
W6389,陕西,风电,2025,9.427609071135521,0.04392673807966555,43.13252754429485,False
W6391,山东,风电,2025,9.807643443346024,0.032369483265575615,30.614628198718524,False
W6393,陕西,风电,2025,9.5161322504282,0.034191160416554754,33.33091927206131,False
W6394,山东,风电,2025,12.930625453591347,0.053191765116889576,37.89859371401722,False
W6398,陕西,风电,2025,9.427608400583267,0.03993339510748765,39.211388375738686,False
W640,甘肃,风电,2025,13.051568269729614,0.04919235074260565,34.74626766857759,False
W6400,陕西,风电,2025,10.685830190777779,0.045936926190844996,39.76872451626152,False
W6403,山东,风电,2025,9.082035943865776,0.03017672922215598,30.913953274423072,False
W6408,陕西,风电,2025,8.6599912494421,0.031779005229766885,34.1552638117481,False
W6413,山西,风电,2025,11.592974960803986,0.08018403045018357,63.71876097606794,False
W6414,陕西,风电,2025,12.115030065178871,0.10129529329143591,77.03584684676588,False
W6417,山东,风电,2025,9.526568055152893,0.03153351657774112,30.719152062980257,False
W6420,陕西,风电,2025,8.578176945447922,0.0315807693588992,34.26060015690471,False
W6422,陕西,风电,2025,8.339176028966904,0.030781889989854344,34.39596295212388,False
W6423,陕西,风电,2025,12.38032802939415,0.04058997636166691,30.225389365337538,False
W6424,山东,风电,2025,9.798780977725983,0.04357211206807991,41.32142933838694,False
W6425,山西,风电,2025,11.070891916751862,0.04964553573489885,41.30421086255615,False
W6431,陕西,风电,2025,8.98685060441494,0.03293315605073743,34.04823626341814,False
W6435,山东,风电,2025,11.320018619298935,0.03570600738138386,29.052195225891293,False
W6438,陕西,风电,2025,9.495254158973694,0.03405318231937656,33.25000723848578,False
W6439,陕西,风电,2025,7.81824454665184,0.029313038377842684,34.99212085653351,False
W6441,山西,风电,2025,12.715688645839691,0.04058309142282315,29.419185286563955,False
W6447,陕西,风电,2025,9.521110653877258,0.03406261143060074,33.20195223343957,False
W6452,山西,风电,2025,10.987574234604836,0.29960202504299344,251.16064840400358,False
W6453,山东,风电,2025,12.990037947893143,0.04059431135960749,28.80541755922948,False
W6454,山东,风电,2025,10.307391062378883,0.033550166634035775,30.14458941858729,False
W6457,山东,风电,2025,12.255110889673233,0.04366967744334386,32.84325994216034,False
W6464,山西,风电,2025,10.380625873804092,0.08762242604005449,77.77032795223907,False
W6465,陕西,风电,2025,8.339176252484322,0.06279505691033581,70.16776402891348,False
W6472,陕西,风电,2025,10.029556229710579,0.0360558894556829,33.30471485034839,False
W6490,陕西,风电,2025,9.010635986924171,0.06509238826565551,67.17934024868006,False
W6497,陕西,风电,2025,9.103737026453018,0.032886500767189686,33.57247751259931,False
W6502,山东,风电,2025,12.819168716669083,0.040825616210321866,29.364595421169735,False
W6510,山东,风电,2025,11.777083352208138,0.05055812544276216,39.553170868732536,False
W6516,陕西,风电,2025,12.603962123394012,0.04193090528470575,30.66694426218247,False
W6519,山东,风电,2025,9.799957796931267,0.04337059281552478,41.11875371325123,False
W6522,陕西,风电,2025,8.450207859277725,0.04022218699626643,44.37423804310925,False
W6524,陕西,风电,2025,8.339176028966904,0.030781889989854344,34.39596295212388,False
W6528,山东,风电,2025,9.792240634560585,0.04352316606017281,41.28925150317094,False
W6532,陕西,风电,2025,11.802594736218452,0.03954127556493252,30.86918542590987,False
W6533,山东,风电,2025,12.554677873849869,0.03896201948773265,28.60312091649563,False
W6537,陕西,风电,2025,8.183367401361465,0.0304364828093618,34.66017437105824,False
W6538,陕西,风电,2025,9.288639798760414,0.032943773083884104,32.92854993490379,False
W6541,陕西,风电,2025,9.003289639949799,0.033314364697681745,34.396910665873186,False
W6542,山西,风电,2025,12.501081302762032,0.0673561195651947,49.68880144330025,False
W6543,陕西,风电,2025,9.18604888021946,0.03398437319418231,34.353642119615515,False
W6546,山东,风电,2025,11.573860198259354,0.04851807053148413,38.63322486818078,False
W6549,陕西,风电,2025,9.216852709650993,0.03263186332517602,32.873510480441084,False
W6551,陕西,风电,2025,8.623426705598831,0.032013842085839274,34.54009426805164,False
W6556,陕西,风电,2025,9.068875014781952,0.06555560353617251,67.2016590859747,False
W6568,陕西,风电,2025,9.281610175967216,0.03360118832415542,33.616584577297544,False
W6569,陕西,风电,2025,9.747635051608086,0.03330182511522971,31.65849575283013,False
W6575,陕西,风电,2025,12.945197895169258,0.04619047875951291,32.892667499679085,False
W6577,陕西,风电,2025,8.778075948357582,0.04347329938386262,46.11684041354833,False
W6584,陕西,风电,2025,8.18998396396637,0.030477848003966055,34.67924036224362,False
W6588,陕西,风电,2025,11.916199028491974,0.03961662735321328,30.633998905293677,False
W6595,陕西,风电,2025,11.922737807035446,0.040305161736647624,31.149323220756532,False
W6598,陕西,风电,2025,8.226272240281105,0.030697583977631004,34.785717969054744,False
W6600,陕西,风电,2025,9.55882653594017,0.03389556120814132,32.889711194729934,False
W6602,陕西,风电,2025,9.003289639949799,0.06662872929456264,68.79382122767004,False
W6605,陕西,风电,2025,8.026788532733917,0.030429670943321743,35.3390839674184,False
W6607,陕西,风电,2025,8.559570237994194,0.06294176016624344,68.46833059154855,False
W6611,山西,风电,2025,12.516027018427849,0.04281446121020113,31.540540909492172,False
W6615,陕西,风电,2025,8.923377022147179,0.033095222025896695,34.484857514197124,False
W6617,陕西,风电,2025,10.356630831956863,0.037084031813120547,33.113427768697015,False
W6624,陕西,风电,2025,8.559093698859215,0.041271660363789604,44.81357491559261,False
W6627,陕西,风电,2025,9.432419389486313,0.03473087996633913,34.14048280730483,False
W6632,陕西,风电,2025,8.062703534960747,0.029822428046510373,34.497734140173144,False
W6637,山东,风电,2025,12.563977986574173,0.039158819040727745,28.735820749213012,False
W6639,山东,风电,2025,11.767667904496193,0.05089788037187798,39.86070407949557,False
W6643,陕西,风电,2025,9.21915628015995,0.03402138102723219,34.26195592391958,False
W6648,陕西,风电,2025,9.088790863752365,0.03291521268114269,33.64256981847616,False
W6650,山西,风电,2025,8.542511388659477,0.06556897205314893,71.49611850648134,False
W6651,陕西,风电,2025,8.563001677393913,0.032411766214926016,35.22168178643313,False
W6653,陕西,风电,2025,9.003289639949799,0.033314364697681745,34.396910665873186,False
W6658,陕西,风电,2025,7.816664054989815,0.02914814698059171,34.809671499343736,False
W6660,山东,风电,2025,12.339114546775818,0.0384443112110464,28.721255045495155,False
W6661,陕西,风电,2025,9.003289639949799,0.033314364697681745,34.396910665873186,False
W6666,陕西,风电,2025,7.885157614946365,0.029377065893941595,34.758083664128236,False
W6669,山东,风电,2025,12.638803124427795,0.041077099619309033,29.962571270504768,False
W6673,山西,风电,2025,11.991355642676353,0.09346857602978766,71.8048482044955,False
W6674,陕西,风电,2025,8.634836599230766,0.03198507832168477,34.44994181030814,False
W6676,山东,风电,2025,12.110939919948578,0.03798954793995238,28.907065823806548,False
W6678,山东,风电,2025,12.611593008041382,0.039074987321415476,28.559743269211737,False
W6681,陕西,风电,2025,9.192577376961708,0.03341380871637605,33.77749684201576,False
W6682,山西,风电,2025,9.115302041172981,0.05563662545077036,56.64518629697266,False
W6684,陕西,风电,2025,8.603585287928581,0.03185710190468318,34.43673703719318,False
W6688,山东,风电,2025,12.207992970943451,0.03931851587041115,29.68209140846477,False
W6691,陕西,风电,2025,8.699843734502792,0.03183611386048997,34.05990216630003,False
W6693,陕西,风电,2025,8.112121671438217,0.030025825210834675,34.524007892839926,False
W6694,陕西,风电,2025,8.379520028829575,0.031155574541889414,34.62472343489064,False
W6698,山东,风电,2025,12.582700923085213,0.038779933722752714,28.406824582648625,False
W6706,陕西,风电,2025,8.140817731618881,0.03015990943868549,34.55077321473478,False
W6707,陕西,风电,2025,8.674529045820236,0.032258080057406525,34.576815258195516,False
W6710,山西,风电,2025,8.430245518684387,0.09532896773682249,105.26568342115303,False
W6712,山西,风电,2025,8.302299678325653,0.04328351295113977,48.51671154601309,False
W6714,陕西,风电,2025,8.697393536567688,0.04490204987919576,48.04082613377553,False
W6716,陕西,风电,2025,8.924768418073654,0.032201076245758666,33.54793641017919,False
W6720,山东,风电,2025,11.187536045908928,0.04528662450828689,37.289448401216674,False
W6721,山西,风电,2025,10.912445336580276,0.04393144470562434,37.07987051509495,False
W6725,陕西,风电,2025,9.31182436645031,0.0336604509367086,33.59377782163307,False
W6726,山东,风电,2025,13.153386041522026,0.039857112974457196,27.93916465273203,False
W6728,山西,风电,2025,12.06218808889389,0.06445023241142975,49.23232898139368,False
W6729,陕西,风电,2025,8.738473802804947,0.03238259400918731,34.486038383675435,False
W6730,山东,风电,2025,12.507442608475685,0.03840027034019362,28.300308092252006,False
W6733,陕西,风电,2025,9.252467080950737,0.03322459971757434,33.358062325856324,False
W6740,山东,风电,2025,12.674306184053421,0.03905512719166581,28.404375594757333,False
W6745,山东,风电,2025,11.70917272567749,0.04873211491189259,38.35735397577432,False
W6750,陕西,风电,2025,9.759745672345161,0.03461161725400027,32.86836847801295,False
W6752,陕西,风电,2025,9.759745672345161,0.03461161725400027,32.86836847801295,False
W6754,陕西,风电,2025,8.954761996865273,0.04516022434111409,46.902634875178606,False
W6759,陕西,风电,2025,8.272487595677376,0.042023994380590186,47.404073325831526,False
W6769,山西,风电,2025,12.990408763289452,0.0482671841669496,34.24999648192545,False
W6775,陕西,风电,2025,8.075581714510918,0.030020287664225712,34.691863080408616,False
W6776,山西,风电,2025,12.51716248691082,0.0665973718639097,49.01865284425526,False
W6783,陕西,风电,2025,8.053994849324226,0.029962978832874475,34.68999887850989,False
W6786,山西,风电,2025,12.011607885360718,0.06111431404637372,46.89357580973267,False
W6788,山东,风电,2025,12.940303087234497,0.03923510375628707,27.947168039842605,False
W6792,陕西,风电,2025,7.541249915957451,0.02755133044054118,34.13397176366008,False
W6793,山东,风电,2025,12.721682265400887,0.03924983793322078,28.43615417760466,False
W6802,山东,风电,2025,13.090948909521103,0.03971986583720899,27.973052851646713,False
W6806,陕西,风电,2025,12.432394623756409,0.06981734599107926,51.7419288027826,False
W6809,陕西,风电,2025,8.675019890069962,0.04308117185819623,46.25088944233653,False
W6812,陕西,风电,2025,11.575828269124031,0.06369446091914543,50.69646552749336,False
W6814,山东,风电,2025,12.374630123376846,0.03857269679845695,28.725757566257748,False
W6817,陕西,风电,2025,11.742673069238663,0.0547991606713431,42.98605069553778,False
W6819,陕西,风电,2025,8.598158732056618,0.043596301830067095,47.22231265814383,False
W6823,陕西,风电,2025,10.34363105893135,0.03624277308710993,32.40006439201005,False
W6826,陕西,风电,2025,8.273713141679764,0.08306610168729717,93.67278315613075,False
W6828,山东,风电,2025,10.105324387550354,0.04467482950316079,41.072048856877295,False
W6831,陕西,风电,2025,11.413736566901207,0.0793658123652786,64.05104664611777,False
W6837,山东,风电,2025,13.010892793536186,0.0656511730029647,46.48402847177652,False
W6838,陕西,风电,2025,8.252736926078796,0.04238754431582069,47.9423107832733,False
W6839,山东,风电,2025,13.137086480855942,0.04063722854939404,28.52411040898567,False
W6842,陕西,风电,2025,8.320535123348236,0.041740517160764504,46.79502478749408,False
W6846,山东,风电,2025,13.137086480855942,0.04063722854939404,28.52411040898567,False
W6848,陕西,风电,2025,12.329978942871094,0.04160187198238837,31.10025651098108,False
W6849,陕西,风电,2025,8.320535123348236,0.08348103415365568,93.5900493867864,False
W6852,山东,风电,2025,10.073728635907173,0.044640476717770876,41.17914737468243,False
W6856,山东,风电,2025,10.394774302840233,0.045917965650352895,40.98579821586561,False
W6858,陕西,风电,2025,11.7718955129385,0.05612881943977789,43.918569147509636,False
W6859,山东,风电,2025,11.404898911714554,0.048144666917040405,39.045294369908575,False
W6890,山西,风电,2025,9.797848239541054,0.032282265789579115,30.785912588417233,False
W6894,山东,风电,2025,12.175274044275284,0.03791991232306607,28.70517075744347,False
W6903,山东,风电,2025,12.062010392546654,0.037536181086836005,28.67992554898748,False
W6904,陕西,风电,2025,11.642029657959938,0.04028864064090475,31.889063054443902,False
W6914,山西,风电,2025,11.964410170912743,0.08402557508994109,64.68610056025291,False
W6926,陕西,风电,2025,11.022234186530113,0.03883993739050999,32.45634853267203,False
W6930,山西,风电,2025,10.323129370808601,0.03946469278016775,35.33795498019593,False
W6933,山西,风电,2025,11.892954558134079,0.07027771657759564,54.44025308829136,False
W6936,陕西,风电,2025,12.143814638257027,0.04174700002998092,31.687615455246902,False
W6937,山东,风电,2025,6.848693266510963,0.04226415962621819,57.97511763201386,False
W6945,山东,风电,2025,11.460664942860603,0.048808349941536606,39.224478834556706,False
W6948,陕西,风电,2025,12.57219448685646,0.04191605728910795,30.735241631055178,False
W6954,山东,风电,2025,7.096301391720772,0.04250786788428008,56.238788656372854,False
W6956,山东,风电,2025,6.749921590089798,0.040110621510873946,55.87898008027995,False
W6958,山东,风电,2025,13.125849589705467,0.05589569157179127,39.277145263455125,False
W6959,山西,风电,2025,9.937700182199478,0.03549622584066047,33.06824150365813,False
W6967,山西,风电,2025,11.281397491693497,0.05378500455378311,43.910782895918445,False
W6968,山东,风电,2025,12.00602263212204,0.042524277446956325,32.624246589849164,False
W6970,山西,风电,2025,11.816921308636665,0.05044676664098509,39.328673751418,False
W6973,山西,风电,2025,10.89752085506916,0.04970981405502594,42.020855055194005,False
W6976,山东,风电,2025,12.880261614918709,0.0412447196987835,29.527777416737553,False
W6980,陕西,风电,2025,11.65145918726921,0.10857400813091359,85.82944884222846,False
W6994,陕西,风电,2025,8.1412922590971,0.060501856243272915,69.2956542870531,False
W7003,山西,风电,2025,8.778245821595192,0.04775128557235936,50.59887155644292,False
W7007,山西,风电,2025,8.447581753134727,0.08100155218569646,89.08296450498882,False
W7010,新疆,风电,2025,11.606248319149017,0.07205243421469867,57.21900720364495,False
W7013,新疆,风电,2025,12.508138418197632,0.1542250853400186,113.65009155461244,False
W7014,山西,风电,2025,11.131493300199509,0.04498001963753141,37.21833861585112,False
W7015,山西,风电,2025,8.426660969853401,0.07112316322470003,78.44061184985554,False
W7016,新疆,风电,2025,11.351290047168732,0.06985252700400194,56.71481166512554,False
W7018,山西,风电,2025,8.866449370980263,0.03560906292947558,37.32368354032576,False
W7034,山西,风电,2025,11.391277313232422,0.07525617594444359,60.85918713636574,False
W7048,山西,风电,2025,9.273184016346931,0.038196250133373064,38.2484751289141,False
W7055,山西,风电,2025,8.938390240073204,0.0581680247582095,60.50863900257384,False
W7058,山西,风电,2025,11.773178279399872,0.20392874281252152,159.58164826960896,False
W7062,山西,风电,2025,8.314229249954224,0.043300861751431136,48.51144381211765,False
W7079,新疆,风电,2025,12.97321043908596,0.03876985651512202,27.570443142914506,False
W7118,山西,风电,2025,7.626035436987877,0.16045098518108655,196.29143710912385,False
W7194,新疆,风电,2025,8.536279946565628,0.0472304120957649,51.50967810288488,False
W7214,山西,风电,2025,9.996934086084366,0.05318117885463424,49.25419006886422,False
W7224,新疆,风电,2025,11.33731059730053,0.5458644401120966,443.5200677807287,False
W7239,山西,风电,2025,8.887001350522041,0.03942611880850459,41.21235073021004,False
W7245,新疆,风电,2025,7.10184819996357,0.06557359845497458,86.32250031067277,False
W7253,山西,风电,2025,7.602716535329819,0.10934390375264635,134.36376595715655,False
W7273,新疆,风电,2025,12.0305784791708,0.1629626153279308,124.83694373390438,False
W7287,新疆,风电,2025,12.0305784791708,0.0810759268705846,62.10793132247056,False
W7370,山西,风电,2025,11.930797398090363,0.12931418554726637,99.83970203184387,False
W7390,山西,风电,2025,10.003188103437424,0.054327795630364946,50.30186851720486,False
W7395,新疆,风电,2025,6.75469234585762,0.02424298672807785,33.665345384492575,False
W7402,新疆,风电,2025,6.607017070055008,0.023849191081975064,33.87204761284591,False
W7409,新疆,风电,2025,8.443783968687057,0.04359023127696274,48.26003495953411,False
W7410,新疆,风电,2025,11.111963018774986,0.0791492795081691,65.61462698200471,False
W7424,新疆,风电,2025,6.473672613501549,0.03941531531790011,57.20666452739041,False
W7431,新疆,风电,2025,6.458982601761818,0.03929239802884796,57.16159481794264,False
W7438,新疆,风电,2025,13.03433708846569,0.04308964273185539,30.498674201550912,False
W7446,新疆,风电,2025,6.792590618133545,0.024861030248205067,34.3354908176684,False
W7451,山西,风电,2025,7.806696742773056,0.04158730109650963,49.77510203107721,False
W7453,新疆,风电,2025,11.3270902633667,0.051749153572024024,42.303288096887414,False
W7455,山西,风电,2025,8.286178037524223,0.03522282984516822,39.68369250091774,False
W7458,新疆,风电,2025,11.252781003713608,0.05133610857373341,42.24998147062144,False
W7465,新疆,风电,2025,11.252781003713608,0.05133610857373341,42.24998147062144,False
W7476,山西,风电,2025,11.554339304566383,0.079280552277467,63.19930775446177,False
W7487,新疆,风电,2025,6.507953032851219,0.03923564195355736,56.65670130844968,False
W7493,新疆,风电,2025,7.120378240942955,0.02519100560362896,33.169891343110535,False
W7495,新疆,风电,2025,6.507953032851219,0.03923564195355736,56.65670130844968,False
W7500,山西,风电,2025,8.48394401371479,0.055358733513258,60.77496723672918,False
W7505,新疆,风电,2025,8.980398997664452,0.05504879106287862,57.08058693167342,False
W7507,山西,风电,2025,8.48394401371479,0.057665347080924086,63.307257177378354,False
W7543,山西,风电,2025,8.897804170846939,0.033326920343710695,34.788889409313455,False
W7546,新疆,风电,2025,6.09921857714653,0.04216312369748611,64.98050805475125,False
W7552,新疆,风电,2025,13.034337311983109,0.04352489276629325,30.806741880726946,False
W7559,新疆,风电,2025,13.034335523843765,0.06528732879238369,46.21011182982672,False
W7562,山西,风电,2025,11.931710913777351,0.04380205485983371,33.83104995146044,False
W7567,新疆,风电,2025,9.726620614528656,0.11906359836142251,113.07108413639835,False
W7571,山西,风电,2025,8.19145180284977,0.1505797954109942,171.13607716083757,False
W7574,山西,风电,2025,9.235395044088364,0.05531272404396782,55.537053044349946,False
W7603,山西,风电,2025,8.216384276747704,0.04483347272003761,50.88442451232536,False
W7611,山西,风电,2025,8.667154535651207,0.058723169692857374,63.08640278408936,False
W7615,新疆,风电,2025,8.651939481496811,0.06830448607262356,73.3210563295144,False
W7626,山西,风电,2025,8.200370147824287,0.07779598781658725,88.44155373065944,False
W7639,山西,风电,2025,8.391085267066956,0.08165975928139836,90.71038330622689,False
W7644,新疆,风电,2025,12.349778339266777,0.03795526158268245,28.32126366054975,False
W7661,山西,风电,2025,7.516614496707916,0.06346162863552682,78.94357725742375,False
W7664,新疆,风电,2025,7.883581817150116,0.03126065590512096,36.974742039858725,False
W7693,山西,风电,2025,8.069162964820862,0.13393300694562638,154.8174264276414,False
W7700,山西,风电,2025,8.25450249016285,0.13654200103806247,154.33535109265432,False
W7725,新疆,风电,2025,8.712297454476357,0.08942091585083992,95.34655938336158,False
W7727,新疆,风电,2025,12.003849148750305,0.14303981173299748,109.77684340439964,False
W7735,新疆,风电,2025,7.749938741326332,0.056149834010154165,67.52807814197374,False
W7754,山西,风电,2025,8.5513224452734,0.07159606542553303,77.97563741876817,False
W7757,新疆,风电,2025,8.822211474180222,0.04831405434455722,51.022909555759426,False
W7764,山东,风电,2025,11.411368623375893,0.0492361951475911,39.760563292586724,False
W7769,山西,风电,2025,11.75868272781372,0.08054107109223795,63.09533414890127,False
W7776,新疆,风电,2025,10.762928277254105,0.06438895594468427,55.16526013410476,False
W7777,山西,风电,2025,11.75868272781372,0.08054107109223795,63.09533414890127,False
W7784,新疆,风电,2025,7.558357045054436,0.16505481902708657,203.68615792905348,False
W7787,新疆,风电,2025,8.248383700847626,0.09205778857835906,103.79749687604574,False
W7788,山西,风电,2025,11.75868272781372,0.24162321279539078,189.28600206963853,False
W7804,新疆,风电,2025,11.053820326924324,0.07803628074169983,65.0465401159311,False
W7805,山西,风电,2025,5.93725673854351,0.030519450781673695,48.35791223185829,False
W7806,新疆,风电,2025,7.811329364776611,0.057325893927616056,68.41613016847855,False
W7816,新疆,风电,2025,9.193977043032646,0.1340947193761031,135.5481800459362,False
W7820,陕西,风电,2025,8.102635368704796,0.060245813758880544,69.35236737455541,False
W7844,新疆,风电,2025,8.750014901161194,0.0545858351499163,57.95686559840445,False
W7846,山西,风电,2025,8.817550241947174,0.11481028609856664,121.14303583382934,False
W7851,新疆,风电,2025,11.470072343945503,0.14206787556825753,114.08915681987345,False
W7854,山西,风电,2025,8.866449370980263,0.03560906292947558,37.32368354032576,False
W7862,山西,风电,2025,8.445250019431114,0.07719188223261396,84.9097821373273,False
W7865,新疆,风电,2025,6.919760629534721,0.07672595684562981,103.9291037217395,False
W7875,山西,风电,2025,8.472862020134926,0.044117915262238225,48.42234545066786,False
W7890,新疆,风电,2025,8.238250091671944,0.049919146605687865,56.57668278287321,False
W7898,山西,风电,2025,8.663478344678879,0.04694183742467149,50.41193730120379,False
W7931,山西,风电,2025,8.778245821595192,0.04775128557235936,50.59887155644292,False
W7946,山西,风电,2025,11.114916354417801,0.057304820901625836,47.500166435091906,False
W7951,山西,风电,2025,11.202830225229263,0.0577255372423427,47.477325196737794,False
W7987,山西,风电,2025,11.053822115063667,0.08444558103169254,70.38314266347236,False
W8000,新疆,风电,2025,10.989522635936737,0.06729785394490914,56.41605273245252,False
W901,甘肃,风电,2025,12.18056358397007,0.045974696472074035,34.77456115703948,False
W909,甘肃,风电,2025,11.125823557376862,0.11292997852582658,93.50085743963012,False
W912,甘肃,风电,2025,6.972604393959045,0.053298590692967766,71.70538485483776,False
W929,甘肃,风电,2025,11.16185948252678,0.11349649942833956,93.66266820598774,False
W934,甘肃,风电,2025,11.008925959467888,0.113730047329304,95.16576093758027,False
W936,甘肃,风电,2025,12.23266325891018,0.0456226060396025,34.368837876432124,False
W939,甘肃,风电,2025,11.779731139540672,0.04481316031969329,35.05565130648555,False
W954,甘肃,风电,2025,13.052028492093086,0.0493069348524869,34.82597438121867,False
W955,甘肃,风电,2025,12.829306796193123,0.048169165791723395,34.6029851673048,False
W957,甘肃,风电,2025,12.859227284789085,0.04838061728304393,34.67497254896321,False
W982,甘肃,风电,2025,12.60596975684166,0.04656125536117829,34.040509556012225,False
W983,甘肃,风电,2025,12.49017208814621,0.04619587087047079,34.09119194617878,False
W984,甘肃,风电,2025,12.15375579893589,0.046182077940298195,35.01762423278738,False
W992,甘肃,风电,2025,12.200705409049988,0.046897948374201505,35.414333580319706,False
W994,甘肃,风电,2025,6.184061989188194,0.03732281808417588,56.75648456076403,False
