ObjectId,merge_province_cn,power_type_cn,terminal_price,retain_low,durable_6p5,npv_low_100m_cny,npv_6p5_100m_cny
10956,西藏,光伏,22.0,True,False,0.011145174940514821,-0.009032785518279789
11041,西藏,光伏,22.0,True,False,0.0031195705683196495,-0.01323158367959872
11990,西藏,光伏,22.0,True,False,0.004697573105828089,-0.01243560157391585
1798,青海,光伏,22.0,False,False,-0.016917833315832197,-0.05868586084281511
1800,青海,光伏,22.0,False,False,-0.07355580449161664,-0.25515592065411746
4006,青海,光伏,22.0,False,False,-0.02874861497592421,-0.05916138715848025
4040,青海,光伏,22.0,False,False,-0.017775115084059982,-0.02554569631872342
4117,青海,光伏,22.0,False,False,-0.017775115084059982,-0.02554569631872342
4126,青海,光伏,22.0,False,False,-0.011911206099155103,-0.022296725545424827
4127,青海,光伏,22.0,False,False,-0.017775115084059982,-0.02554569631872342
4128,青海,光伏,22.0,False,False,-0.017775115084059982,-0.02554569631872342
4129,青海,光伏,22.0,False,False,-0.017775115084059982,-0.02554569631872342
4130,青海,光伏,22.0,False,False,-0.0163824280026142,-0.024768159432385216
4132,青海,光伏,22.0,False,False,-0.0163824280026142,-0.024768159432385216
4133,青海,光伏,22.0,False,False,-0.0163824280026142,-0.024768159432385216
4134,青海,光伏,22.0,False,False,-0.017775115084059982,-0.02554569631872342
4135,青海,光伏,22.0,False,False,-0.017775115084059982,-0.02554569631872342
4136,青海,光伏,22.0,False,False,-0.011911206099155103,-0.022296725545424827
4137,青海,光伏,22.0,False,False,-0.009990988016508853,-0.02221729963803683
4138,青海,光伏,22.0,False,False,-0.01610056784542589,-0.035760218876277984
4139,青海,光伏,22.0,False,False,-0.016496481120028075,-0.024832542243190044
4140,青海,光伏,22.0,False,False,-0.031111760847453162,-0.06083879992606513
4141,青海,光伏,22.0,False,False,-0.01771066906118857,-0.025507638757139524
4143,青海,光伏,22.0,False,False,-0.015555880898452603,-0.030419400232288403
4144,青海,光伏,22.0,False,False,-0.018922710353669096,-0.02618146339371088
4145,青海,光伏,22.0,False,False,-0.018922710353669096,-0.02618146339371088
4146,青海,光伏,22.0,False,False,-0.01189958335729218,-0.022289264226238968
4147,青海,光伏,22.0,False,False,-0.017775115084059982,-0.02554569631872342
4148,青海,光伏,22.0,False,False,-0.017775115084059982,-0.02554569631872342
4149,青海,光伏,22.0,False,False,-0.012488732464765015,-0.027771623112853226
4151,青海,光伏,22.0,False,False,-0.017433938383380497,-0.025353135398443957
4153,青海,光伏,22.0,False,False,-0.014711161673801168,-0.05103118439222903
4154,青海,光伏,22.0,False,False,-0.016380610327437473,-0.02475223724689321
4155,青海,光伏,22.0,False,False,-0.02942232022389422,-0.10206236683682648
4156,青海,光伏,22.0,False,False,-0.022066739391426365,-0.07654677501922377
4157,青海,光伏,22.0,False,False,-0.02942232022389422,-0.10206236683682648
4159,青海,光伏,22.0,False,False,-0.07796915913720168,-0.2704652805216114
4160,青海,光伏,22.0,False,False,-0.010330041506050162,-0.028779478215319634
4161,青海,光伏,22.0,False,False,-0.008307423206223595,-0.02028401315916359
4163,青海,光伏,22.0,False,False,-0.00867468793501386,-0.020488591070073163
4165,青海,光伏,22.0,False,False,-0.00992630052536363,-0.028982711008695775
4167,青海,光伏,22.0,False,False,-0.008307423206223595,-0.02028401315916359
4173,青海,光伏,22.0,False,False,-0.019416190960115546,-0.02644977573563727
4176,青海,光伏,22.0,False,False,-0.017226706083785234,-0.025222580406167334
4179,青海,光伏,22.0,False,False,-0.016380610327437473,-0.02475223724689321
4180,青海,光伏,22.0,False,False,-0.00883647954375508,-0.02057937655240773
4182,青海,光伏,22.0,False,False,-0.010330041506050162,-0.028779478215319634
4189,青海,光伏,22.0,False,False,-0.010330041506050162,-0.028779478215319634
4190,青海,光伏,22.0,False,False,-0.020660082756649864,-0.05755895625540381
4192,青海,光伏,22.0,False,False,-0.014850990812765847,-0.023926462873045975
4197,青海,光伏,22.0,False,False,-0.009070096370944152,-0.023589787089828115
4204,青海,光伏,22.0,False,False,-0.0291214861176241,-0.059556806171613325
4205,青海,光伏,22.0,False,False,-0.1177295718198297,-0.21686573983070187
4208,青海,光伏,22.0,False,False,-0.03871064751019762,-0.11015935504040375
4225,青海,光伏,22.0,False,False,-0.28052108605418896,-0.5340466479597861
4228,青海,光伏,22.0,False,False,-0.020660082756649864,-0.05755895625540381
4233,青海,光伏,22.0,False,False,-0.028052105594849632,-0.053404662806968366
4242,青海,光伏,22.0,False,False,-0.019400771773019406,-0.026447853898490494
4250,青海,光伏,22.0,False,False,-0.019400771773019406,-0.026447853898490494
4256,青海,光伏,22.0,False,False,-0.012590621137912846,-0.022672673249985596
4263,青海,光伏,22.0,False,False,-0.019355323461733655,-0.05507967737064859
4268,青海,光伏,22.0,False,False,-0.017249167257780418,-0.03549683140312921
4274,青海,光伏,22.0,False,False,-0.01627081923099342,-0.03427080363548188
4283,青海,光伏,22.0,False,False,-0.014374307531412542,-0.029580693646783483
4288,青海,光伏,22.0,False,False,-0.014711161673801168,-0.05103118439222903
4291,青海,光伏,22.0,False,False,-0.01147443409285017,-0.026204228037119946
4298,青海,光伏,22.0,False,False,-0.01843664916926839,-0.02591268255697357
4301,青海,光伏,22.0,False,False,-0.019346932965847077,-0.05417821058204148
4309,青海,光伏,22.0,False,False,-0.017226706083785234,-0.025222580406167334
4317,青海,光伏,22.0,False,False,-0.01870829484240024,-0.057571877156058576
4320,青海,光伏,22.0,False,False,-0.014374307531412542,-0.029580693646783483
4326,青海,光伏,22.0,False,False,-0.011596871966066404,-0.02210341263523084
4420,青海,光伏,22.0,False,False,-0.019400771773019406,-0.026447853898490494
4434,青海,光伏,22.0,False,False,-0.05805137865956325,-0.10728202991263809
4440,青海,光伏,22.0,False,False,-0.025628354729819683,-0.05323655084995825
4446,青海,光伏,22.0,False,False,-0.05805137865956325,-0.10728202991263809
4452,青海,光伏,22.0,False,False,-0.10953391526084748,-0.3287942639024821
4456,青海,光伏,22.0,False,False,-0.01931287437815415,-0.026399434227075684
4463,青海,光伏,22.0,False,False,-0.10953391526084748,-0.3287942639024821
4479,青海,光伏,22.0,False,False,-0.016606432493449716,-0.024903404270683965
4490,青海,光伏,22.0,False,False,-0.012011581711526617,-0.03453179847888548
4510,青海,光伏,22.0,False,False,-0.013507550235194857,-0.03338701924308374
4516,青海,光伏,22.0,False,False,-0.01456074274970533,-0.029778402892191264
4522,青海,光伏,22.0,False,False,-0.01456074274970533,-0.029778402892191264
4535,青海,光伏,22.0,False,False,-0.016668161958136612,-0.024913776135632545
4541,青海,光伏,22.0,False,False,-0.017226706083785234,-0.025222580406167334
4543,青海,光伏,22.0,False,False,-0.0291214861176241,-0.059556806171613325
4603,青海,光伏,22.0,False,False,-0.016380610327437473,-0.02475223724689321
4609,青海,光伏,22.0,False,False,-0.016091999785105008,-0.02461278339479133
4615,青海,光伏,22.0,False,False,-0.011596871966066404,-0.02210341263523084
4622,青海,光伏,22.0,False,False,-0.019355323461733655,-0.05507967737064859
4631,青海,光伏,22.0,False,False,-0.014711161673801168,-0.05103118439222903
4641,青海,光伏,22.0,False,False,-0.015264323779374499,-0.029195775071566687
4642,青海,光伏,22.0,False,False,-0.013563082624439138,-0.023213740193868293
4647,青海,光伏,22.0,False,False,-0.019852601591877652,-0.057965422396571376
4648,青海,光伏,22.0,False,False,-0.0291214861176241,-0.059556806171613325
4654,青海,光伏,22.0,False,False,-0.0291214861176241,-0.059556806171613325
4682,青海,光伏,22.0,False,False,-0.045794012425730314,-0.10501378180431659
4690,青海,光伏,22.0,False,False,-0.013563082624439138,-0.023213740193868293
4693,青海,光伏,22.0,False,False,-0.018695875791757056,-0.026040260614283117
4705,青海,光伏,22.0,False,False,-0.09450213516769412,-0.26646555252612536
4710,青海,光伏,22.0,False,False,-0.009810563027872051,-0.021121588385480373
4712,青海,光伏,22.0,False,False,-0.011208479781156012,-0.021869219817766263
4716,青海,光伏,22.0,False,False,-0.007846595605362413,-0.020038126787227103
4718,青海,光伏,22.0,False,False,-0.010155073376436737,-0.021537968582406045
4722,青海,光伏,22.0,False,False,-0.036540243760845297,-0.09625161278654731
4724,青海,光伏,22.0,False,False,-0.010155073376436737,-0.021537968582406045
4726,青海,光伏,22.0,False,False,-0.016630609916512253,-0.024890515515728583
4744,青海,光伏,22.0,False,False,-0.0213958446987695,-0.06781943151797883
4746,青海,光伏,22.0,False,False,-0.01234140995794005,-0.02249690844589411
4752,青海,光伏,22.0,False,False,-0.01234140995794005,-0.02249690844589411
4756,青海,光伏,22.0,False,False,-0.0082223453724938,-0.0212379323175248
4757,青海,光伏,22.0,False,False,-0.004578418113568789,-0.01866809878031214
4767,青海,光伏,22.0,False,False,-0.019586588875380832,-0.04006538623680615
4795,青海,光伏,22.0,False,False,-0.017450047279264396,-0.025369172575418566
4804,青海,光伏,22.0,False,False,-0.012498039645143514,-0.025018641034739303
4811,青海,光伏,22.0,False,False,-0.044133478000624574,-0.1530935495346501
4817,青海,光伏,22.0,False,False,-0.014084446826507061,-0.02350830631018192
4824,青海,光伏,22.0,False,False,-0.017933575060089982,-0.02563809461089009
4850,青海,光伏,22.0,False,False,-0.01755996646132029,-0.025426147024074267
4854,青海,光伏,22.0,False,False,-0.12601455946610282,-0.26802685542347277
4857,青海,光伏,22.0,False,False,-0.01755996646132029,-0.025426147024074267
4863,青海,光伏,22.0,False,False,-0.01755996646132029,-0.025426147024074267
4865,青海,光伏,22.0,False,False,-0.11467968783177618,-0.3026733005532882
4868,青海,光伏,22.0,False,False,-0.01189958335729218,-0.022289264226238968
4874,青海,光伏,22.0,False,False,-0.01189958335729218,-0.022289264226238968
4879,青海,光伏,22.0,False,False,-0.017775115084059982,-0.02554569631872342
4882,青海,光伏,22.0,False,False,-0.016668161958136612,-0.024913776135632545
4889,青海,光伏,22.0,False,False,-0.016668161958136612,-0.024913776135632545
4891,青海,光伏,22.0,False,False,-0.0207853929986458,-0.05878101509843973
4897,青海,光伏,22.0,False,False,-0.010173903853791065,-0.03138764093466758
4899,青海,光伏,22.0,False,False,-0.014374307531412542,-0.029580693646783483
4903,青海,光伏,22.0,False,False,-0.017226706083785234,-0.025222580406167334
4905,青海,光伏,22.0,False,False,-0.009990988016508853,-0.02221729963803683
4911,青海,光伏,22.0,False,False,-0.017775115084059982,-0.02554569631872342
4916,青海,光伏,22.0,False,False,-0.012488732464765015,-0.027771623112853226
4928,青海,光伏,22.0,False,False,-0.017775115084059982,-0.02554569631872342
4931,青海,光伏,22.0,False,False,-0.029025689602861914,-0.053641015144859944
4932,青海,光伏,22.0,False,False,-0.06104339886880757,-0.1883258303762852
4933,青海,光伏,22.0,False,False,-0.011911206099155103,-0.022296725545424827
4943,青海,光伏,22.0,False,False,-0.06222352151448406,-0.12167759970224575
4944,青海,光伏,22.0,False,False,-0.14729215482082936,-0.4780560282211397
4952,青海,光伏,22.0,False,False,-0.04666764163036474,-0.09125820010681546
4956,青海,光伏,22.0,False,False,-0.015555880898452603,-0.030419400232288403
4957,青海,光伏,22.0,False,False,-0.017775115084059982,-0.02554569631872342
4960,青海,光伏,22.0,False,False,-0.007087656296787963,-0.019984913892143037
4966,青海,光伏,22.0,False,False,-0.02544054104286241,-0.048659625850927195
4977,青海,光伏,22.0,False,False,-0.010865521245565125,-0.021793413084746097
4992,青海,光伏,22.0,False,False,-0.21540707540605403,-0.4262898964655386
4994,青海,光伏,22.0,False,False,-0.19907295654407206,-0.40335690680267333
4997,青海,光伏,22.0,False,False,-0.019416190960115546,-0.02644977573563727
4998,青海,光伏,22.0,False,False,-0.017775115084059982,-0.02554569631872342
6017,新疆,光伏,22.0,False,False,-0.01329231938162216,-0.026130413280647052
6030,新疆,光伏,22.0,False,False,-0.018691724150470906,-0.026074190365375307
6031,新疆,光伏,22.0,False,False,-0.020651586266015824,-0.033619576140018065
6032,新疆,光伏,22.0,False,False,-0.016174950881822203,-0.024677204654432214
6036,新疆,光伏,22.0,False,False,-0.057998731093161275,-0.08779194486510031
6037,新疆,光伏,22.0,False,False,-0.027668746197049957,-0.04902400937301131
6057,新疆,光伏,22.0,False,False,-0.015000756985103702,-0.024015874061519824
6059,新疆,光伏,22.0,False,False,-0.013021170240697011,-0.02291109971492935
6060,新疆,光伏,22.0,False,False,-0.012187280531524352,-0.022455323133861473
6061,新疆,光伏,22.0,False,False,-0.018086131666143035,-0.025707496879563165
6063,新疆,光伏,22.0,False,False,-0.009314965479869581,-0.02085234264488095
6066,新疆,光伏,22.0,False,False,-0.025657094449248897,-0.04436424624023569
6067,新疆,光伏,22.0,False,False,-0.010316299161246802,-0.02139990720266912
6068,新疆,光伏,22.0,False,False,-0.014821972696659228,-0.023891909849477384
6069,新疆,光伏,22.0,False,False,-0.00824189430067737,-0.020244246135710443
6070,新疆,光伏,22.0,False,False,-0.013514596479150674,-0.03349949056526243
6076,新疆,光伏,22.0,False,False,-0.01505362463746421,-0.030089636488864185
6082,新疆,光伏,22.0,False,False,-0.054348850451559315,-0.11598701278631787
6083,新疆,光伏,22.0,False,False,-0.019095407699768262,-0.03500024322528318
6086,新疆,光伏,22.0,False,False,-0.052187419459965044,-0.08112797631770509
6089,新疆,光伏,22.0,False,False,-0.016955368067459037,-0.025116330175866047
6098,新疆,光伏,22.0,False,False,-0.01477896497549128,-0.027634790682551813
6101,新疆,光伏,22.0,False,False,-0.014401276767608884,-0.023687697202563848
6102,新疆,光伏,22.0,False,False,-0.09778712890393244,-0.15778781686364368
6104,新疆,光伏,22.0,False,False,-0.01649142600326278,-0.02482269460434394
6111,新疆,光伏,22.0,False,False,-0.010242673269168587,-0.02136413286439587
6112,新疆,光伏,22.0,False,False,-0.05804923664382249,-0.09594601383913112
6114,新疆,光伏,22.0,False,False,-0.013868555679956237,-0.02714665944575906
6120,新疆,光伏,22.0,False,False,-0.010229058984094541,-0.021361434086595583
6123,新疆,光伏,22.0,False,False,-0.017491078353311273,-0.025374528528069012
6124,新疆,光伏,22.0,False,False,-0.013868555679956237,-0.02714665944575906
6129,新疆,光伏,22.0,False,False,-0.08412575061824763,-0.14173275483592765
6131,新疆,光伏,22.0,False,False,-0.15492972003288705,-0.2841439784767184
6133,新疆,光伏,22.0,False,False,-0.04336909363327248,-0.06932423726905723
6140,新疆,光伏,22.0,False,False,-0.010545310680141456,-0.022185848336881205
6143,新疆,光伏,22.0,False,False,-0.025821612328759656,-0.047357324860749096
6149,新疆,光伏,22.0,False,False,-0.04783674197769787,-0.0968097494962349
6159,新疆,光伏,22.0,False,False,-0.10328644942858098,-0.18942929952132556
6160,新疆,光伏,22.0,False,False,-0.10188759910409168,-0.1735579806368786
6165,新疆,光伏,22.0,False,False,-0.051952224406575875,-0.10271942051451832
6178,新疆,光伏,22.0,False,False,-0.023839995301485607,-0.041247510872233634
6183,新疆,光伏,22.0,False,False,-0.00970413533443363,-0.021205296113898865
6189,新疆,光伏,22.0,False,False,-0.02070082331489966,-0.03369008797056977
6190,新疆,光伏,22.0,False,False,-0.015457946696478427,-0.029696392348387394
6191,新疆,光伏,22.0,False,False,-0.013375634893711342,-0.023113750734746488
6197,新疆,光伏,22.0,False,False,-0.12714662775499636,-0.2199867156305506
6199,新疆,光伏,22.0,False,False,-0.3312131727244659,-0.5390414072554152
6214,新疆,光伏,22.0,False,False,-0.025976112306628326,-0.051359710321568976
6215,新疆,光伏,22.0,False,False,-0.016949602425874403,-0.030793330947940675
6219,新疆,光伏,22.0,False,False,-0.012252014050935262,-0.022595731854810324
6224,新疆,光伏,22.0,False,False,-0.039486009975541046,-0.07002535068112245
6230,新疆,光伏,22.0,False,False,-0.01153179509864524,-0.022182421060817144
6247,新疆,光伏,22.0,False,False,-0.09418976372939589,-0.15523934654425992
6253,新疆,光伏,22.0,False,False,-0.025976112306628326,-0.051359710321568976
6259,新疆,光伏,22.0,False,False,-0.08528859483882996,-0.14342780553975093
6268,新疆,光伏,22.0,False,False,-0.08397263771350681,-0.1763168890058033
6270,新疆,光伏,22.0,False,False,-0.013868555679956237,-0.02714665944575906
6276,新疆,光伏,22.0,False,False,-0.05482863525212189,-0.11678567241671141
6288,新疆,光伏,22.0,False,False,-0.11000359068731988,-0.2586005713824397
6290,新疆,光伏,22.0,False,False,-0.016102927984952345,-0.024608631150527853
6294,新疆,光伏,22.0,False,False,-0.009630102903743058,-0.023306178630504073
6295,新疆,光伏,22.0,False,False,-0.0191351541801929,-0.02632399491962856
6321,新疆,光伏,22.0,False,False,-0.014623576357269992,-0.02379142310772611
6322,新疆,光伏,22.0,False,False,-0.021523161150078657,-0.03924893386330158
6323,新疆,光伏,22.0,False,False,-0.018826518820018266,-0.026133697665998847
6328,新疆,光伏,22.0,False,False,-0.018826518820018266,-0.026133697665998847
6358,新疆,光伏,22.0,False,False,-0.01498723353611006,-0.027141917428092233
6360,新疆,光伏,22.0,False,False,-0.016802698221203692,-0.025015786511924643
6361,新疆,光伏,22.0,False,False,-0.01860638817877449,-0.03436150141014238
6362,新疆,光伏,22.0,False,False,-0.09625145878056053,-0.16395035669351896
6365,新疆,光伏,22.0,False,False,-0.01692950872580164,-0.02508410175186539
6380,新疆,光伏,22.0,False,False,-0.01861838592301698,-0.026010404931044694
6387,新疆,光伏,22.0,False,False,-0.014056867445316729,-0.023492736349358643
6388,新疆,光伏,22.0,False,False,-0.019987643407221804,-0.04159166359251602
6389,新疆,光伏,22.0,False,False,-0.012788714534439341,-0.03568870686301556
6394,新疆,光伏,22.0,False,False,-0.024430921043273615,-0.05191597309727055
6405,新疆,光伏,22.0,False,False,-0.15394259509153613,-0.2661854954618365
6415,新疆,光伏,22.0,False,False,-0.019295430989101994,-0.02640415533274562
6428,新疆,光伏,22.0,False,False,-0.015249346533478736,-0.024154900959669726
6435,新疆,光伏,22.0,False,False,-0.02465939856695796,-0.05032163729419122
6443,新疆,光伏,22.0,False,False,-0.01936681702442726,-0.026423731692228968
6447,新疆,光伏,22.0,False,False,-0.037961315708796385,-0.0647295925037994
6451,新疆,光伏,22.0,False,False,-0.009539605942079716,-0.022588445259204348
6465,新疆,光伏,22.0,False,False,-0.014854547693539409,-0.02393740529039361
6467,新疆,光伏,22.0,False,False,-0.018886904284106276,-0.026165945896468527
6468,新疆,光伏,22.0,False,False,-0.013116518710042492,-0.02297203975946077
6475,新疆,光伏,22.0,False,False,-0.023462937150615416,-0.041660968519415545
6476,新疆,光伏,22.0,False,False,-0.013116518710042492,-0.02297203975946077
6485,新疆,光伏,22.0,False,False,-0.016721668948262675,-0.02495675341939848
6528,新疆,光伏,22.0,False,False,-0.013398733807207961,-0.034590087582738974
6536,新疆,光伏,22.0,False,False,-0.013514596479150674,-0.03349949056526243
6538,新疆,光伏,22.0,False,False,-0.01514371940612326,-0.024101902898182346
6548,新疆,光伏,22.0,False,False,-0.01514371940612326,-0.024101902898182346
6559,新疆,光伏,22.0,False,False,-0.019732650018270223,-0.03732068170876264
6564,新疆,光伏,22.0,False,False,-0.015235104087083855,-0.024155877403603997
6565,新疆,光伏,22.0,False,False,-0.037586546303782185,-0.0600810045796376
6566,新疆,光伏,22.0,False,False,-0.014107358039967167,-0.02352629904468366
6574,新疆,光伏,22.0,False,False,-0.012953053053117919,-0.022877772377478584
6576,新疆,光伏,22.0,False,False,-0.03538020676161387,-0.05658732756612921
6579,新疆,光伏,22.0,False,False,-0.12739056668740303,-0.23808190971237897
6582,新疆,光伏,22.0,False,False,-0.11809440062612746,-0.22117498649441988
6590,新疆,光伏,22.0,False,False,-0.011800281727100247,-0.022235215695636055
6598,新疆,光伏,22.0,False,False,-0.1027716809976866,-0.18183652434611733
6602,新疆,光伏,22.0,False,False,-0.01411915113878182,-0.023517652610291255
6607,新疆,光伏,22.0,False,False,-0.01785471614630939,-0.030733040210026152
6609,新疆,光伏,22.0,False,False,-0.13042996252085381,-0.23128300006182623
6625,新疆,光伏,22.0,False,False,-0.021613492810436473,-0.03666868160048052
6628,新疆,光伏,22.0,False,False,-0.018395584151386403,-0.031805448308393915
6634,新疆,光伏,22.0,False,False,-0.018129062518079303,-0.025766339680878957
6638,新疆,光伏,22.0,False,False,-0.021054800695247407,-0.036703491979883734
6644,新疆,光伏,22.0,False,False,-0.013005769812176339,-0.02291365111399497
6659,新疆,光伏,22.0,False,False,-0.019542827146797167,-0.026526761127655705
6669,新疆,光伏,22.0,False,False,-0.013057797575844063,-0.02382856500218559
6672,新疆,光伏,22.0,False,False,-0.011521610328637097,-0.024406545134180734
6675,新疆,光伏,22.0,False,False,-0.012112353593563259,-0.02240611675065203
6707,新疆,光伏,22.0,False,False,-0.015732320197133574,-0.024399773830512915
6720,新疆,光伏,22.0,False,False,-0.014333914792980214,-0.02363233639517572
6731,新疆,光伏,22.0,False,False,-0.019511095724605465,-0.02650776463446591
6739,新疆,光伏,22.0,False,False,-0.09843192959989845,-0.20877352520476572
6740,新疆,光伏,22.0,False,False,-0.011776706984704588,-0.02221693428639347
6745,新疆,光伏,22.0,False,False,-0.015810552163570187,-0.024686089796283495
6747,新疆,光伏,22.0,False,False,-0.1038854913821914,-0.17541981648116506
6753,新疆,光伏,22.0,False,False,-0.006872302824567398,-0.01995797878807535
6755,新疆,光伏,22.0,False,False,-0.014513750530722493,-0.023755392467450183
6760,新疆,光伏,22.0,False,False,-0.011449634089880846,-0.026446537663595535
6764,新疆,光伏,22.0,False,False,-0.014644199334820127,-0.023787705387525414
6766,新疆,光伏,22.0,False,False,-0.05285835001430154,-0.14939722687227175
6777,新疆,光伏,22.0,False,False,-0.017046503202662735,-0.02515882005713325
6790,新疆,光伏,22.0,False,False,-0.05080053431832278,-0.0853286652475665
6793,新疆,光伏,22.0,False,False,-0.018368844606695935,-0.025893812723465172
6799,新疆,光伏,22.0,False,False,-0.05032803201731638,-0.08313029714812949
6802,新疆,光伏,22.0,False,False,-0.01596868779877874,-0.024556870915539694
6804,新疆,光伏,22.0,False,False,-0.023371891587854885,-0.04303497303952232
6806,新疆,光伏,22.0,False,False,-0.011933385358018416,-0.02307998264645242
6812,新疆,光伏,22.0,False,False,-0.24034529812986286,-0.3976493605670944
6815,新疆,光伏,22.0,False,False,-0.014708355158548118,-0.02382877901094493
6819,新疆,光伏,22.0,False,False,-0.04263494746149179,-0.07181405230202159
6824,新疆,光伏,22.0,False,False,-0.13826676611570743,-0.2599856332691483
6827,新疆,光伏,22.0,False,False,-0.10065606389466629,-0.16626059414371622
6831,新疆,光伏,22.0,False,False,-0.013853837423431669,-0.02377078338182139
6839,新疆,光伏,22.0,False,False,-0.019773331792000862,-0.039078265442983914
6845,新疆,光伏,22.0,False,False,-0.019178378942834105,-0.02633360225967007
6852,新疆,光伏,22.0,False,False,-0.019178378942834105,-0.02633360225967007
6854,新疆,光伏,22.0,False,False,-0.034102767142905235,-0.059611191860401556
6867,新疆,光伏,22.0,False,False,-0.022735176129008355,-0.03974079337056021
6883,新疆,光伏,22.0,False,False,-0.012683450171829123,-0.02269503084046329
6885,新疆,光伏,22.0,False,False,-0.022735176129008355,-0.03974079337056021
6895,新疆,光伏,22.0,False,False,-0.017348241299896098,-0.03353180003356028
6898,新疆,光伏,22.0,False,False,-0.049603581190000634,-0.099857995341257
6907,新疆,光伏,22.0,False,False,-0.02059656897705116,-0.034161006740635436
6913,新疆,光伏,22.0,False,False,-0.02350852548422642,-0.047420896887539324
6916,新疆,光伏,22.0,False,False,-0.15753783859192488,-0.3059139038825526
6918,新疆,光伏,22.0,False,False,-0.03472465220849842,-0.055001728755909515
6928,新疆,光伏,22.0,False,False,-0.014417585432006188,-0.04081960008725166
6938,新疆,光伏,22.0,False,False,-0.013715521974571808,-0.023306248119734932
6959,新疆,光伏,22.0,False,False,-0.01166070210812963,-0.025919176671609444
6963,新疆,光伏,22.0,False,False,-0.025976112306628326,-0.051359710321568976
697,甘肃,光伏,22.0,False,False,-0.01843711074839158,-0.02595573555658339
6981,新疆,光伏,22.0,False,False,-0.019351083872830542,-0.04267291861615345
7325,新疆,光伏,22.0,False,False,-0.015697495627333996,-0.024398165817988694
7332,新疆,光伏,22.0,False,False,-0.023505585513752644,-0.04622383584619849
W100,甘肃,风电,22.0,False,False,-0.004501981952709516,-0.10529372305057794
W1057,广西,风电,22.0,False,False,-0.0008972184439204925,-0.018167814878834718
W1069,广西,风电,22.0,False,False,-0.010118346170841907,-0.021665956590324595
W1073,广西,风电,22.0,False,False,-0.012143498081683,-0.022422543544178792
W1083,广西,风电,22.0,False,False,-0.015680999923616098,-0.024385764586247024
W1130,河北,风电,22.0,False,False,-0.017155814962728503,-0.025221907569173006
W1134,河北,风电,22.0,False,False,-0.018451990902791135,-0.025937370157503054
W124,甘肃,风电,22.0,False,False,-0.004479590969817869,-0.10476987818249493
W125,甘肃,风电,22.0,False,False,-0.004479590969817869,-0.10476987818249493
W1273,广西,风电,22.0,False,False,-0.017586352372947905,-0.025438063526955604
W1280,河北,风电,22.0,False,False,-0.014372114319540216,-0.02364638532695044
W1284,河北,风电,22.0,False,False,-0.017959321209447175,-0.025638945104444307
W130,甘肃,风电,22.0,False,False,-0.020975570290780888,-0.08489425658999482
W1340,河北,风电,22.0,False,False,-0.013306877795493088,-0.02303579297649357
W1356,河北,风电,22.0,False,False,-0.013114142601939126,-0.022929033822163887
W1358,河北,风电,22.0,False,False,-0.013114142601939126,-0.022929033822163887
W136,甘肃,风电,22.0,False,False,-0.005243891671803011,-0.021223563626553928
W1360,河北,风电,22.0,False,False,-0.011355447552135661,-0.021965475387469725
W1362,河北,风电,22.0,False,False,-0.011355447552135661,-0.021965475387469725
W1374,河北,风电,22.0,False,False,-0.013050160010328661,-0.025773614436591902
W1376,河北,风电,22.0,False,False,-0.01917140223591801,-0.055735700797344155
W138,甘肃,风电,22.0,False,False,-0.026030604585720252,-0.0702358780832226
W1387,河北,风电,22.0,False,False,-0.01399512145658053,-0.04068705982097618
W1389,河北,风电,22.0,False,False,-0.009489847928152115,-0.027589174281792608
W139,甘肃,风电,22.0,False,False,-0.026160122642714997,-0.07058531719202518
W140,甘肃,风电,22.0,False,False,-0.012950547071052287,-0.034943221308402744
W141,甘肃,风电,22.0,False,False,-0.043006385374140206,-0.08540076360319687
W1482,海南,风电,22.0,False,False,-0.0013273884612235653,-0.022700658605055678
W1483,海南,风电,22.0,False,False,-0.0012742975438894905,-0.02179263532910073
W1502,河北,风电,22.0,False,False,-0.0131352861431308,-0.022950654698088626
W1509,河北,风电,22.0,False,False,-0.012580806614267201,-0.022669289135806205
W1529,河北,风电,22.0,False,False,-0.014372114319540216,-0.02364638532695044
W1612,河北,风电,22.0,False,False,-0.013114142601939126,-0.022929033822163887
W1769,广西,风电,22.0,False,False,-0.0009544958553836513,-0.019327467413917776
W1774,广西,风电,22.0,False,False,-0.0009544958553836513,-0.019327467413917776
W178,北京,风电,22.0,False,False,-0.016753815673416265,-0.02494892192854164
W180,北京,风电,22.0,False,False,-0.016753815673416265,-0.02494892192854164
W181,北京,风电,22.0,False,False,-0.016753815673416265,-0.02494892192854164
W1866,河北,风电,22.0,False,False,-0.0009185169407751394,-0.01612427823888452
W1875,河北,风电,22.0,False,False,-0.015234332642626438,-0.024089394119525077
W1883,河北,风电,22.0,False,False,-0.01831588304880077,-0.025858324182774242
W1887,河北,风电,22.0,False,False,-0.01221771827401457,-0.022430181376245348
W1892,河北,风电,22.0,False,False,-0.013353910574771031,-0.023072719122465585
W2206,黑龙江,风电,22.0,False,False,-0.0014417469464835745,-0.03120285480324833
W2208,黑龙江,风电,22.0,False,False,-0.001501822252750147,-0.03250297499911837
W2214,黑龙江,风电,22.0,False,False,-0.001501822252750147,-0.03250297499911837
W2237,黑龙江,风电,22.0,False,False,-0.00797851312181843,-0.040612350937147726
W2263,河北,风电,22.0,False,False,-0.015086779226810898,-0.024045394415674635
W2266,河北,风电,22.0,False,False,-0.017959321209447175,-0.025638945104444307
W2269,黑龙江,风电,22.0,False,False,-0.0033926793283372714,-0.03684732463889022
W2282,黑龙江,风电,22.0,False,False,-0.01080906417709074,-0.040377833128648205
W2377,河北,风电,22.0,False,False,-0.009521458308163673,-0.02924394925372193
W2379,黑龙江,风电,22.0,False,False,-0.000726068471890965,-0.038526927177957714
W2383,黑龙江,风电,22.0,False,False,-0.011748299643045114,-0.022174434912256288
W2404,黑龙江,风电,22.0,False,False,-0.015592507153191928,-0.024318719627602993
W2420,黑龙江,风电,22.0,False,False,-0.014180555773925239,-0.023517719621816483
W2423,河北,风电,22.0,False,False,-0.017323978040194216,-0.025256135172062117
W2431,河北,风电,22.0,False,False,-0.0009185169407751394,-0.01612427823888452
W2436,河北,风电,22.0,False,False,-0.0009185169407751394,-0.01612427823888452
W2441,河北,风电,22.0,False,False,-0.0009185169407751394,-0.01612427823888452
W2447,河北,风电,22.0,False,False,-0.017323978040194216,-0.025256135172062117
W2455,河北,风电,22.0,False,False,-0.015234332642626438,-0.024089394119525077
W2456,黑龙江,风电,22.0,False,False,-0.014180555773925239,-0.023517719621816483
W2461,河北,风电,22.0,False,False,-0.015234332642626438,-0.024089394119525077
W2465,河北,风电,22.0,False,False,-0.01590156332814927,-0.024461328709007916
W2466,黑龙江,风电,22.0,True,False,0.00026401422331317326,-0.021793524145762203
W2468,河北,风电,22.0,False,False,-0.018311176540121234,-0.025801762199614338
W2471,黑龙江,风电,22.0,True,False,0.00026401422331317326,-0.021793524145762203
W2475,黑龙江,风电,22.0,True,False,0.00026401422331317326,-0.021793524145762203
W2476,河北,风电,22.0,False,False,-0.018311176540121234,-0.025801762199614338
W2477,河北,风电,22.0,False,False,-0.017323978040194216,-0.025256135172062117
W2482,河北,风电,22.0,False,False,-0.0009185169407751394,-0.01612427823888452
W2488,河北,风电,22.0,False,False,-0.0009185169407751394,-0.01612427823888452
W2495,黑龙江,风电,22.0,True,False,0.0002323367365481687,-0.019178298803650486
W2497,黑龙江,风电,22.0,True,False,0.00026401422331317326,-0.021793524145762203
W2504,黑龙江,风电,22.0,False,False,-0.004242597938592343,-0.02820291874988113
W2507,河北,风电,22.0,False,False,-0.0009185169407751394,-0.01612427823888452
W2515,河北,风电,22.0,False,False,-0.016314369749740883,-0.03386665212634959
W2519,河北,风电,22.0,False,False,-0.017323978040194216,-0.025256135172062117
W2524,黑龙江,风电,22.0,True,False,0.0011878058928169147,-0.022501028991451875
W2525,河北,风电,22.0,False,False,-0.0009185169407751394,-0.01612427823888452
W2553,黑龙江,风电,22.0,False,False,-0.0017712423369503894,-0.031339696705476525
W2567,黑龙江,风电,22.0,False,False,-0.005404527772531145,-0.020188913828193537
W2577,黑龙江,风电,22.0,False,False,-0.0059907187472969655,-0.01897841239335583
W2590,黑龙江,风电,22.0,False,False,-0.013961847655282796,-0.023397690991957057
W2604,黑龙江,风电,22.0,True,False,0.00026401422331317326,-0.021793524145762203
W2610,黑龙江,风电,22.0,False,False,-0.0006086611871658053,-0.021429574950436257
W2622,黑龙江,风电,22.0,False,False,-0.0006474600480771359,-0.021401330824485115
W2626,黑龙江,风电,22.0,False,False,-0.0011955033233757026,-0.028962990591758477
W2638,黑龙江,风电,22.0,True,False,0.002165399669962964,-0.028325782948253206
W2648,黑龙江,风电,22.0,False,False,-0.0011955033233757026,-0.028962990591758477
W2655,黑龙江,风电,22.0,False,False,-0.003545460480424485,-0.03716589174517887
W2665,黑龙江,风电,22.0,False,False,-0.0012288302184272127,-0.03502247118120375
W2679,黑龙江,风电,22.0,False,False,-0.0011796734854675002,-0.03362157007985388
W2693,黑龙江,风电,22.0,False,False,-0.0011955033233757026,-0.028962990591758477
W2703,黑龙江,风电,22.0,False,False,-0.0011955033233757026,-0.028962990591758477
W2708,黑龙江,风电,22.0,True,False,0.001559712923632342,-0.023300859972776804
W2710,黑龙江,风电,22.0,False,False,-0.012969399680609998,-0.04108553520359477
W2713,黑龙江,风电,22.0,False,False,-0.012969399680609998,-0.04108553520359477
W2720,黑龙江,风电,22.0,False,False,-0.012969399680609998,-0.04108553520359477
W2724,黑龙江,风电,22.0,False,False,-0.012969399680609998,-0.04108553520359477
W2734,黑龙江,风电,22.0,False,False,-0.0012288302184272127,-0.03502247118120375
W2736,黑龙江,风电,22.0,False,False,-0.0025789521193586968,-0.02529413192748289
W2751,黑龙江,风电,22.0,False,False,-0.002631586900719898,-0.025810340552209245
W2766,黑龙江,风电,22.0,False,False,-0.0024210552677987485,-0.023745510075440592
W2767,黑龙江,风电,22.0,False,False,-0.004868069324603301,-0.03773241637442324
W2778,黑龙江,风电,22.0,False,False,-0.0012288302184272127,-0.03502247118120375
W2780,河北,风电,22.0,False,False,-0.002257411636399492,-0.025113579694356705
W2781,黑龙江,风电,22.0,True,False,0.001559712923632342,-0.023300859972776804
W2786,河北,风电,22.0,False,False,-0.007810681086881217,-0.01996523443141339
W2790,黑龙江,风电,22.0,True,False,0.001559712923632342,-0.023300859972776804
W2792,河北,风电,22.0,False,False,-0.002257411636399492,-0.025113579694356705
W2794,黑龙江,风电,22.0,False,False,-0.0012288302184272127,-0.03502247118120375
W2797,河北,风电,22.0,False,False,-0.002257411636399492,-0.025113579694356705
W2803,黑龙江,风电,22.0,False,False,-0.007881939115324072,-0.03161954003861617
W2812,黑龙江,风电,22.0,False,False,-0.004868069324603301,-0.03773241637442324
W2813,黑龙江,风电,22.0,False,False,-0.013961847655282796,-0.023397690991957057
W2820,黑龙江,风电,22.0,False,False,-0.002631586900719898,-0.025810340552209245
W2822,黑龙江,风电,22.0,False,False,-0.011748299643045114,-0.022174434912256288
W2824,黑龙江,风电,22.0,True,False,0.002165399669962964,-0.028325782948253206
W2827,黑龙江,风电,22.0,False,False,-0.0011796734854675002,-0.03362157007985388
W2833,黑龙江,风电,22.0,True,False,0.002165399669962964,-0.028325782948253206
W2837,黑龙江,风电,22.0,False,False,-0.0011796734854675002,-0.03362157007985388
W2843,黑龙江,风电,22.0,False,False,-0.010486159445362004,-0.03894650034587882
W2845,黑龙江,风电,22.0,False,False,-0.0011955033233757026,-0.028962990591758477
W2853,黑龙江,风电,22.0,False,False,-0.004868069324603301,-0.03773241637442324
W2866,黑龙江,风电,22.0,False,False,-0.004868069324603301,-0.03773241637442324
W2868,黑龙江,风电,22.0,False,False,-0.01915016998442283,-0.026292349370414594
W2869,黑龙江,风电,22.0,False,False,-0.0014518952965377346,-0.03832853124022477
W2877,黑龙江,风电,22.0,False,False,-0.015329281930494307,-0.02414519837828773
W2880,黑龙江,风电,22.0,False,False,-0.0012288302184272127,-0.03502247118120375
W2887,黑龙江,风电,22.0,False,False,-0.0012288302184272127,-0.03502247118120375
W2892,黑龙江,风电,22.0,False,False,-0.0012288302184272127,-0.03502247118120375
W2907,黑龙江,风电,22.0,False,False,-0.007544609748463349,-0.019831341640691474
W2911,黑龙江,风电,22.0,False,False,-0.006320966115376691,-0.04054457655444615
W2919,黑龙江,风电,22.0,False,False,-0.026610894065326705,-0.05022947871578845
W2924,黑龙江,风电,22.0,False,False,-0.011748299643045114,-0.022174434912256288
W2934,黑龙江,风电,22.0,False,False,-0.0033526732691378106,-0.03561981790204639
W2966,黑龙江,风电,22.0,False,False,-0.011929851363367574,-0.027670792640431468
W3095,湖南,风电,22.0,False,False,-0.01780607605946197,-0.025504674652820608
W3102,湖南,风电,22.0,False,False,-0.01657399716046451,-0.02481214365219298
W3107,湖南,风电,22.0,False,False,-0.01640479132514538,-0.02472860478799143
W3191,内蒙古,风电,22.0,False,False,-0.02560740008605548,-0.10930769115431256
W3243,湖南,风电,22.0,True,False,0.0016002655431524835,-0.01644769303706429
W3274,内蒙古,风电,22.0,False,False,-0.029643418594057114,-0.04863752352786357
W3282,内蒙古,风电,22.0,False,False,-0.014306219327011855,-0.023640133272415646
W3338,湖南,风电,22.0,False,False,-0.019350606767511876,-0.026353091364847276
W3351,湖南,风电,22.0,False,False,-0.019350606767511876,-0.026353091364847276
W3358,湖南,风电,22.0,False,False,-0.01657399716046451,-0.02481214365219298
W3384,湖南,风电,22.0,False,False,-0.01657399716046451,-0.02481214365219298
W3410,湖南,风电,22.0,False,False,-0.011426482725575341,-0.021983082629876756
W3413,湖南,风电,22.0,False,False,-0.01657399716046451,-0.02481214365219298
W3447,湖南,风电,22.0,False,False,-0.004644778723278873,-0.04114819458123458
W3449,湖南,风电,22.0,False,False,-0.006874522798124375,-0.0194475768847154
W3459,湖南,风电,22.0,False,False,-0.010433970881283235,-0.02142102988424611
W3463,湖南,风电,22.0,True,False,0.0007275531871063041,-0.01719923505237988
W3472,湖南,风电,22.0,False,False,-0.015286223882265736,-0.02410885494972278
W3572,湖南,风电,22.0,False,False,-0.018632529061966042,-0.025972427282255437
W3610,湖南,风电,22.0,False,False,-0.01596835525032443,-0.02451066537124725
W3973,湖南,风电,22.0,False,False,-0.018632529061966042,-0.025972427282255437
W3983,湖南,风电,22.0,False,False,-0.01341938367624809,-0.02310580708868907
W4016,内蒙古,风电,22.0,True,False,0.0011367757114215224,-0.025159073532889778
W4047,内蒙古,风电,22.0,False,False,-0.005069834644295513,-0.03656179804568781
W4050,内蒙古,风电,22.0,False,False,-0.00010775299340582861,-0.018603131520483773
W4054,内蒙古,风电,22.0,False,False,-0.00010775299340582861,-0.018603131520483773
W4062,内蒙古,风电,22.0,False,False,-0.005069834644295513,-0.03656179804568781
W4090,内蒙古,风电,22.0,False,False,-0.004956457973615945,-0.056003078635415586
W4101,内蒙古,风电,22.0,True,False,0.0006243779317244742,-0.025271140152814165
W4230,内蒙古,风电,22.0,True,False,0.0006503968873799188,-0.02632410245064197
W4253,内蒙古,风电,22.0,True,False,0.0006503968873799188,-0.02632410245064197
W4259,内蒙古,风电,22.0,False,False,-0.02100819565034315,-0.09364066015797391
W4268,内蒙古,风电,22.0,False,False,-0.0070973648445066375,-0.03163535935162196
W4304,内蒙古,风电,22.0,False,False,-0.0070973648445066375,-0.03163535935162196
W4313,内蒙古,风电,22.0,False,False,-0.004999810617148368,-0.0334047566380778
W4347,内蒙古,风电,22.0,True,False,0.0027279920555308415,-0.02458699477017927
W4386,内蒙古,风电,22.0,False,False,-0.004396608891565795,-0.018074711671507464
W4416,内蒙古,风电,22.0,True,False,0.000476601285895927,-0.03200112013043446
W4461,内蒙古,风电,22.0,False,False,-0.008795196336777146,-0.020507945462550706
W4475,内蒙古,风电,22.0,False,False,-0.001587425173080394,-0.01650539295338283
W4484,内蒙古,风电,22.0,False,False,-0.02973869591876479,-0.07176502960948104
W4505,内蒙古,风电,22.0,False,False,-0.010607526338760664,-0.02154028295231978
W4506,内蒙古,风电,22.0,True,False,0.000476601285895927,-0.03200112013043446
W4510,内蒙古,风电,22.0,False,False,-0.007014524205688456,-0.01954284382811932
W4517,内蒙古,风电,22.0,False,False,-0.007014524205688456,-0.01954284382811932
W4522,内蒙古,风电,22.0,False,False,-0.006624162162322423,-0.01932599095888878
W4533,内蒙古,风电,22.0,True,False,0.0011367757114215224,-0.025159073532889778
W4534,内蒙古,风电,22.0,True,False,0.01199633396435976,-0.00888953104723242
W4539,内蒙古,风电,22.0,False,False,-0.004956457973615945,-0.056003078635415586
W4548,内蒙古,风电,22.0,False,False,-0.002478228794984081,-0.028001539121339993
W4551,内蒙古,风电,22.0,False,False,-0.00010775299340582861,-0.018603131520483773
W4588,内蒙古,风电,22.0,False,False,-0.009685696955711578,-0.021003804095763093
W4603,内蒙古,风电,22.0,False,False,-0.02323394893602696,-0.08789872599512566
W4611,内蒙古,风电,22.0,False,False,-0.011416273541129713,-0.030948913050313467
W4626,内蒙古,风电,22.0,True,False,0.0011367757114215224,-0.025159073532889778
W4690,内蒙古,风电,22.0,False,False,-0.0365118198388607,-0.1544750734467221
W4736,内蒙古,风电,22.0,False,False,-0.011416273541129713,-0.030948913050313467
W4753,内蒙古,风电,22.0,False,False,-0.011416273541129713,-0.030948913050313467
W4783,内蒙古,风电,22.0,False,False,-0.010887976865812452,-0.02170656656560234
W4791,内蒙古,风电,22.0,False,False,-0.010567690582011072,-0.02152896922455674
W4807,内蒙古,风电,22.0,False,False,-0.009653220818366838,-0.021016371877226592
W4808,内蒙古,风电,22.0,False,False,-0.010567690582011072,-0.02152896922455674
W4814,内蒙古,风电,22.0,False,False,-0.02527245991825605,-0.06705483474449474
W4815,内蒙古,风电,22.0,False,False,-0.010567690582011072,-0.02152896922455674
W4832,内蒙古,风电,22.0,False,False,-0.010567690582011072,-0.02152896922455674
W4837,内蒙古,风电,22.0,False,False,-0.008795196336777146,-0.020507945462550706
W4852,内蒙古,风电,22.0,False,False,-0.011416273541129713,-0.030948913050313467
W4875,内蒙古,风电,22.0,True,False,0.0017131236932081196,-0.020698577069569967
W4888,内蒙古,风电,22.0,True,False,0.0017131236932081196,-0.020698577069569967
W4964,内蒙古,风电,22.0,True,False,0.0011367757114215224,-0.025159073532889778
W4968,内蒙古,风电,22.0,False,False,-0.00447748291654437,-0.018103914667268493
W4991,内蒙古,风电,22.0,False,False,-0.0029708048550668906,-0.02105614461098711
W5005,青海,风电,22.0,False,False,-0.0062654044840768945,-0.0270138840577403
W5007,青海,风电,22.0,False,False,-0.01794078907489232,-0.049487733383738144
W5009,青海,风电,22.0,False,False,-0.014034595719081331,-0.023459964525714323
W5010,青海,风电,22.0,False,False,-0.014034595719081331,-0.023459964525714323
W5014,青海,风电,22.0,False,False,-0.014034595719081331,-0.023459964525714323
W5019,青海,风电,22.0,False,False,-0.014034595719081331,-0.023459964525714323
W5021,青海,风电,22.0,False,False,-0.040366768958984146,-0.11134739723720175
W5022,青海,风电,22.0,False,False,-0.035881578208252066,-0.0989754671704745
W5025,青海,风电,22.0,False,False,-0.013765600880216066,-0.023311733120266586
W5112,辽宁,风电,22.0,True,False,0.0070453729801539435,-0.01080370550001582
W5243,辽宁,风电,22.0,False,False,-0.015105315023396262,-0.024049340529535328
W5305,辽宁,风电,22.0,False,False,-0.006366027693163018,-0.019319036388133735
W5342,辽宁,风电,22.0,True,False,0.011492266127785141,-0.00899599396676499
W5379,辽宁,风电,22.0,True,False,0.01133074473683291,-0.008764287335386884
W5423,辽宁,风电,22.0,False,False,-0.015570878721932177,-0.022820998052590923
W5501,山东,风电,22.0,False,False,-0.0026182296372818854,-0.02719762544282092
W5754,青海,风电,22.0,False,False,-0.026911179281624207,-0.07423159748041408
W5824,吉林,风电,22.0,False,False,-0.0015467780506890274,-0.015490684337661232
W583,甘肃,风电,22.0,False,False,-0.020702801039223034,-0.03147810432345953
W584,甘肃,风电,22.0,False,False,-0.016433669398664568,-0.02483350826343756
W585,甘肃,风电,22.0,False,False,-0.016433669398664568,-0.02483350826343756
W5940,青海,风电,22.0,False,False,-0.023806333491110703,-0.03789939834569224
W5948,吉林,风电,22.0,False,False,-0.007829855513662592,-0.02441430187474212
W5967,辽宁,风电,22.0,True,False,0.0006200965502467694,-0.02099593408121761
W6268,山西,风电,22.0,False,False,-0.0064663563067564765,-0.01924116701392745
W6270,山西,风电,22.0,False,False,-0.010932259092384359,-0.021719287346557706
W6271,山西,风电,22.0,False,False,-0.0064663563067564765,-0.01924116701392745
W629,甘肃,风电,22.0,False,False,-0.0008165951633668389,-0.03273831004380639
W6339,山东,风电,22.0,False,False,-0.0026182296372818854,-0.02719762544282092
W6352,山东,风电,22.0,False,False,-0.017304916888548925,-0.025268636745789563
W6360,山东,风电,22.0,False,False,-0.017304916888548925,-0.025268636745789563
W6375,山东,风电,22.0,False,False,-0.00011288643865693738,-0.01805607997835739
W6384,山东,风电,22.0,False,False,-0.00011288643865693738,-0.01805607997835739
W6386,山东,风电,22.0,False,False,-0.00011062824109298089,-0.01769495828174808
W6452,山西,风电,22.0,False,False,-0.013482141799686579,-0.02397572586734543
W6550,山西,风电,22.0,False,False,-0.011453392259692387,-0.022039923348738496
W6723,山西,风电,22.0,False,False,-0.015153849055418509,-0.024090443298634096
W6866,山西,风电,22.0,False,False,-0.019572983862006524,-0.02653082674391789
W6906,山西,风电,22.0,False,False,-0.008864610390976328,-0.020597792961903352
W6910,山东,风电,22.0,False,False,-0.0026182296372818854,-0.02719762544282092
W6915,山西,风电,22.0,False,False,-0.008864610390976328,-0.020597792961903352
W6918,山东,风电,22.0,False,False,-0.0026182296372818854,-0.02719762544282092
W6931,山东,风电,22.0,False,False,-0.0026182296372818854,-0.02719762544282092
W6937,山东,风电,22.0,False,False,-0.00011288643865693738,-0.01805607997835739
W6954,山东,风电,22.0,False,False,-0.00010837117157051631,-0.017333837012982165
W6956,山东,风电,22.0,False,False,-0.00010837117157051631,-0.017333837012982165
W7010,新疆,风电,22.0,False,False,-0.01664702174851775,-0.028374251867821842
W7013,新疆,风电,22.0,False,False,-0.016564201147494934,-0.028233086961365176
W7016,新疆,风电,22.0,False,False,-0.016564201147494934,-0.028233086961365176
W7019,山西,风电,22.0,False,False,-0.019572983862006524,-0.02653082674391789
W7029,山西,风电,22.0,False,False,-0.019572983862006524,-0.02653082674391789
W7080,山西,风电,22.0,False,False,-0.012334595560749277,-0.02963304119952437
W7124,山西,风电,22.0,False,False,-0.013283675972946458,-0.023038528210622692
W7125,山西,风电,22.0,False,False,-0.013283675972946458,-0.023038528210622692
W7127,山西,风电,22.0,False,False,-0.013283675972946458,-0.023038528210622692
W7177,山西,风电,22.0,False,False,-0.019572983862006524,-0.02653082674391789
W7183,山西,风电,22.0,False,False,-0.019572983862006524,-0.02653082674391789
W7194,新疆,风电,22.0,False,False,-0.019556124817150446,-0.02653964759220611
W7196,山西,风电,22.0,False,False,-0.013283675972946458,-0.023038528210622692
W7213,新疆,风电,22.0,True,False,0.00018049596499193315,-0.020923822141592475
W7224,新疆,风电,22.0,False,False,-0.038918980035919065,-0.11308469713054728
W7233,新疆,风电,22.0,False,False,-0.0018821138764851747,-0.01823607514748541
W7243,新疆,风电,22.0,False,False,-0.0018821138764851747,-0.01823607514748541
W7248,山西,风电,22.0,False,False,-0.02123953887825734,-0.0544875814254394
W7253,山西,风电,22.0,False,False,-0.01039618148601973,-0.02145042236182711
W7256,新疆,风电,22.0,True,False,0.00018049596499193315,-0.020923822141592475
W7258,新疆,风电,22.0,True,False,0.00018049596499193315,-0.020923822141592475
W7260,山西,风电,22.0,False,False,-0.010619769843307281,-0.027243791054863128
W7268,新疆,风电,22.0,False,False,-0.0031745871862323984,-0.017396826059186944
W7269,山西,风电,22.0,False,False,-0.011285227518887438,-0.02193664844543878
W7273,新疆,风电,22.0,False,False,-0.015485334895099975,-0.02429941904708922
W7276,新疆,风电,22.0,True,False,0.00018049596499193315,-0.020923822141592475
W7277,山西,风电,22.0,False,False,-0.0064663563067564765,-0.01924116701392745
W7281,新疆,风电,22.0,False,False,-7.309147809780785e-05,-0.028476172833589528
W7285,新疆,风电,22.0,True,False,0.00018049596499193315,-0.020923822141592475
W7371,山西,风电,22.0,False,False,-0.00719407941644486,-0.019644553567452924
W7380,新疆,风电,22.0,False,False,-0.0018821138764851747,-0.01823607514748541
W7382,山西,风电,22.0,False,False,-0.008864610390976328,-0.020597792961903352
W7383,新疆,风电,22.0,False,False,-0.0031745871862323984,-0.017396826059186944
W7399,新疆,风电,22.0,False,False,-0.0018821138764851747,-0.01823607514748541
W7408,山西,风电,22.0,False,False,-0.021133349485875638,-0.05421514826984297
W7410,新疆,风电,22.0,False,False,-0.01756515952873289,-0.025435292777992616
W7421,新疆,风电,22.0,False,False,-0.007639385902662813,-0.022047280464923442
W7424,新疆,风电,22.0,False,False,-0.0018821138764851747,-0.01823607514748541
W7431,新疆,风电,22.0,False,False,-0.0018821138764851747,-0.01823607514748541
W7439,新疆,风电,22.0,False,False,-0.011292662841387479,-0.10941643661830926
W7447,新疆,风电,22.0,False,False,-0.0018821138764851747,-0.01823607514748541
W7460,新疆,风电,22.0,False,False,-0.0018821138764851747,-0.01823607514748541
W7468,新疆,风电,22.0,False,False,-0.0018821138764851747,-0.01823607514748541
W7470,新疆,风电,22.0,False,False,-0.01909845605430217,-0.0551181960750671
W7474,山西,风电,22.0,False,False,-0.0057604038413917626,-0.018849765668256243
W7477,新疆,风电,22.0,False,False,-0.0018821138764851747,-0.01823607514748541
W7479,山西,风电,22.0,False,False,-0.019572983862006524,-0.02653082674391789
W7480,新疆,风电,22.0,False,False,-0.0018821138764851747,-0.01823607514748541
W7487,新疆,风电,22.0,False,False,-0.0018821138764851747,-0.01823607514748541
W7492,山西,风电,22.0,False,False,-0.016446120400022295,-0.03951071655981501
W7495,新疆,风电,22.0,False,False,-0.0018821138764851747,-0.01823607514748541
W7508,新疆,风电,22.0,False,False,-0.0018821138764851747,-0.01823607514748541
W7514,山西,风电,22.0,False,False,-0.005567041813621195,-0.02000003020297528
W7515,山西,风电,22.0,False,False,-0.01341779637950469,-0.02311244226897791
W7516,新疆,风电,22.0,False,False,-0.0018821138764851747,-0.01823607514748541
W7520,山西,风电,22.0,False,False,-0.005567041813621195,-0.02000003020297528
W7521,山西,风电,22.0,False,False,-0.010619769843307281,-0.027243791054863128
W7522,新疆,风电,22.0,False,False,-0.0018821138764851747,-0.01823607514748541
W7535,山西,风电,22.0,False,False,-0.006936527898795577,-0.024920034070355892
W7545,新疆,风电,22.0,False,False,-0.0018821138764851747,-0.01823607514748541
W7546,新疆,风电,22.0,False,False,-0.019585044191779526,-0.026570243641220074
W7559,新疆,风电,22.0,False,False,-0.016828532262360727,-0.025044929480622355
W7560,新疆,风电,22.0,False,False,-0.0018821138764851747,-0.01823607514748541
W7568,新疆,风电,22.0,False,False,-0.0018821138764851747,-0.01823607514748541
W7578,新疆,风电,22.0,False,False,-0.0018821138764851747,-0.01823607514748541
W7592,新疆,风电,22.0,False,False,-0.0018821138764851747,-0.01823607514748541
W7600,新疆,风电,22.0,True,False,0.00018049596499193315,-0.020923822141592475
W7603,山西,风电,22.0,False,False,-0.01741901060055815,-0.025333372230781945
W7606,新疆,风电,22.0,True,False,0.00018049596499193315,-0.020923822141592475
W7611,山西,风电,22.0,False,False,-0.01741901060055815,-0.025333372230781945
W7626,山西,风电,22.0,False,False,-0.011722444541839938,-0.02217284115071627
W7639,山西,风电,22.0,False,False,-0.011383905866411264,-0.02198520140524339
W7661,山西,风电,22.0,False,False,-0.01741901060055815,-0.025333372230781945
W7664,新疆,风电,22.0,False,False,-0.003198479178348634,-0.0174244076878706
W7683,新疆,风电,22.0,False,False,-0.0018821138764851747,-0.01823607514748541
W7693,山西,风电,22.0,False,False,-0.00796820895172571,-0.021474068125040737
W7695,新疆,风电,22.0,False,False,-0.016644851328660202,-0.024901578844200623
W7700,山西,风电,22.0,False,False,-0.00796820895172571,-0.021474068125040737
W7725,新疆,风电,22.0,False,False,-0.017003677142436856,-0.027239038821975245
W7727,新疆,风电,22.0,False,False,-0.016564201147494934,-0.028233086961365176
W7729,新疆,风电,22.0,True,False,0.0020373185567133315,-0.028600526725133375
W7735,新疆,风电,22.0,False,False,-0.030962568884215988,-0.05980018683903409
W7754,山西,风电,22.0,False,False,-0.01741901060055815,-0.025333372230781945
W7757,新疆,风电,22.0,False,False,-0.01756515952873289,-0.025435292777992616
W7776,新疆,风电,22.0,False,False,-0.016564201147494934,-0.028233086961365176
W7784,新疆,风电,22.0,False,False,-0.09288772153367132,-0.17940056738316212
W7787,新疆,风电,22.0,False,False,-0.04644385545611691,-0.08970028048110543
W7788,山西,风电,22.0,False,False,-0.01059913309391795,-0.021567591836398108
W7789,山西,风电,22.0,False,False,-0.013283675972946458,-0.023038528210622692
W7793,新疆,风电,22.0,True,False,0.0020373185567133315,-0.028600526725133375
W7794,山西,风电,22.0,False,False,-0.008864610390976328,-0.020597792961903352
W7799,山西,风电,22.0,False,False,-0.013283675972946458,-0.023038528210622692
W7804,新疆,风电,22.0,False,False,-0.006029844805631409,-0.0214391890317735
W7806,新疆,风电,22.0,False,False,-0.030962568884215988,-0.05980018683903409
W7812,山西,风电,22.0,False,False,-0.013283675972946458,-0.023038528210622692
W7816,新疆,风电,22.0,False,False,-0.030962568884215988,-0.05980018683903409
W7819,山西,风电,22.0,False,False,-0.019572983862006524,-0.02653082674391789
W7828,新疆,风电,22.0,False,False,-0.0031745871862323984,-0.017396826059186944
W7829,山西,风电,22.0,False,False,-0.019572983862006524,-0.02653082674391789
W7830,山西,风电,22.0,False,False,-0.019572983862006524,-0.02653082674391789
W7838,山西,风电,22.0,False,False,-0.013283675972946458,-0.023038528210622692
W7840,新疆,风电,22.0,False,False,-0.016819714088267563,-0.024997934714338997
W7844,新疆,风电,22.0,False,False,-0.01664702174851775,-0.028374251867821842
W7850,山西,风电,22.0,False,False,-0.01341779637950469,-0.02311244226897791
W7851,新疆,风电,22.0,False,False,-0.016564201147494934,-0.028233086961365176
W7852,山西,风电,22.0,False,False,-0.013283675972946458,-0.023038528210622692
W7865,新疆,风电,22.0,False,False,-0.012241352530550913,-0.022482476173151498
W7876,新疆,风电,22.0,False,False,-7.309147809780785e-05,-0.028476172833589528
W7877,山西,风电,22.0,False,False,-0.013283675972946458,-0.023038528210622692
W7883,新疆,风电,22.0,False,False,-0.007421691359663911,-0.02026912372527195
W7884,山西,风电,22.0,False,False,-0.013283675972946458,-0.023038528210622692
W7890,新疆,风电,22.0,False,False,-0.010885534243567039,-0.021705653392411726
W7897,新疆,风电,22.0,True,False,0.0020373185567133315,-0.028600526725133375
W7904,新疆,风电,22.0,False,False,-7.309147809780785e-05,-0.028476172833589528
W7911,新疆,风电,22.0,False,False,-7.309147809780785e-05,-0.028476172833589528
W7914,新疆,风电,22.0,False,False,-7.309147809780785e-05,-0.028476172833589528
W7921,新疆,风电,22.0,False,False,-7.309147809780785e-05,-0.028476172833589528
W7927,新疆,风电,22.0,False,False,-0.007421691359663911,-0.02026912372527195
W7935,山西,风电,22.0,False,False,-0.013283675972946458,-0.023038528210622692
W7941,山西,风电,22.0,False,False,-0.013283675972946458,-0.023038528210622692
W7948,山西,风电,22.0,False,False,-0.010619769843307281,-0.027243791054863128
W7953,山西,风电,22.0,False,False,-0.013283675972946458,-0.023038528210622692
W7958,山西,风电,22.0,False,False,-0.010619769843307281,-0.027243791054863128
W7978,山西,风电,22.0,False,False,-0.013283675972946458,-0.023038528210622692
W8000,新疆,风电,22.0,False,False,-0.016564201147494934,-0.028233086961365176
W8045,云南,风电,22.0,False,False,-0.015353396737585264,-0.03995207439790928
W8050,云南,风电,22.0,False,False,-0.011810300925128024,-0.030732362162398864
W8096,云南,风电,22.0,False,False,-0.013772119331611675,-0.024978073791144542
W8098,云南,风电,22.0,False,False,-0.013772119331611675,-0.024978073791144542
W8111,云南,风电,22.0,False,False,-0.019263139678894113,-0.033978442515741475
W8153,云南,风电,22.0,False,False,-0.014642847757916131,-0.023814876804119162
W8162,云南,风电,22.0,False,False,-0.016049740792251067,-0.030582172127273474
W8214,云南,风电,22.0,False,False,-0.012531287426670529,-0.022614138240210992
W89,甘肃,风电,22.0,False,False,-0.004479590969817869,-0.10476987818249493
W912,甘肃,风电,22.0,False,False,-0.009631623562318859,-0.021021953587066898
W922,甘肃,风电,22.0,False,False,-0.009631623562318859,-0.021021953587066898
W925,甘肃,风电,22.0,False,False,-0.026030604585720252,-0.0702358780832226
W97,甘肃,风电,22.0,False,False,-0.004501981952709516,-0.10529372305057794
W985,甘肃,风电,22.0,False,False,-0.011778646468066799,-0.09175693250486602
W994,甘肃,风电,22.0,False,False,-0.009631623562318859,-0.021021953587066898
10956,西藏,光伏,18.0,False,False,-0.00470088857014139,-0.015301765413326847
11041,西藏,光伏,18.0,False,False,-0.012292664640873021,-0.019367757954394577
11990,西藏,光伏,18.0,False,False,-0.01083560989670447,-0.01861287520141133
1798,青海,光伏,18.0,False,False,-0.06159020406235635,-0.07663382873956692
1800,青海,光伏,18.0,False,False,-0.26778350262729655,-0.3331905633772242
4006,青海,光伏,18.0,False,False,-0.06674764452681971,-0.07442508880811695
4040,青海,光伏,18.0,False,False,-0.030977951972027705,-0.030848246735843736
4117,青海,光伏,18.0,False,False,-0.030977951972027705,-0.030848246735843736
4126,青海,光伏,18.0,False,False,-0.02558747615030518,-0.027790074901416665
4127,青海,光伏,18.0,False,False,-0.030977951972027705,-0.030848246735843736
4128,青海,光伏,18.0,False,False,-0.030977951972027705,-0.030848246735843736
4129,青海,光伏,18.0,False,False,-0.030977951972027705,-0.030848246735843736
4130,青海,光伏,18.0,False,False,-0.029697324141179173,-0.03011608134518963
4132,青海,光伏,18.0,False,False,-0.029697324141179173,-0.03011608134518963
4133,青海,光伏,18.0,False,False,-0.029697324141179173,-0.03011608134518963
4134,青海,光伏,18.0,False,False,-0.030977951972027705,-0.030848246735843736
4135,青海,光伏,18.0,False,False,-0.030977951972027705,-0.030848246735843736
4136,青海,光伏,18.0,False,False,-0.02558747615030518,-0.027790074901416665
4137,青海,光伏,18.0,False,False,-0.024741212688042576,-0.028142348466260177
4138,青海,光伏,18.0,False,False,-0.03983686049509497,-0.0452951608263402
4139,青海,光伏,18.0,False,False,-0.029802245916773454,-0.030176741708443998
4140,青海,光伏,18.0,False,False,-0.06924454965812231,-0.07615523610015212
4141,青海,光伏,18.0,False,False,-0.030918557008192394,-0.030812308589972005
4143,青海,光伏,18.0,False,False,-0.03462227527251411,-0.038077618306770755
4144,青海,光伏,18.0,False,False,-0.032032889732267214,-0.03144667430366938
4145,青海,光伏,18.0,False,False,-0.032032889732267214,-0.03144667430366938
4146,青海,光伏,18.0,False,False,-0.025576725830751372,-0.027783001568271647
4147,青海,光伏,18.0,False,False,-0.030977951972027705,-0.030848246735843736
4148,青海,光伏,18.0,False,False,-0.030977951972027705,-0.030848246735843736
4149,青海,光伏,18.0,False,False,-0.030926513486601095,-0.03517793422140865
4151,青海,光伏,18.0,False,False,-0.030664092477059614,-0.03066682070850799
4153,青海,光伏,18.0,False,False,-0.05355670108328204,-0.06663811284940332
4154,青海,光伏,18.0,False,False,-0.02969469007796779,-0.030100361453000046
4155,青海,光伏,18.0,False,False,-0.10711339908508427,-0.13327622376814108
4156,青海,光伏,18.0,False,False,-0.08033504889830084,-0.09995716786274103
4157,青海,光伏,18.0,False,False,-0.10711339908508427,-0.13327622376814108
4159,青海,光伏,18.0,False,False,-0.2838505196836944,-0.35318200201809763
4160,青海,光伏,18.0,False,False,-0.03101121619475738,-0.03708787879274484
4161,青海,光伏,18.0,False,False,-0.022273622037830704,-0.02589477618513806
4163,青海,光伏,18.0,False,False,-0.022611304885620694,-0.026087393505798025
4165,青海,光伏,18.0,False,False,-0.031049710166277358,-0.03746929479255306
4167,青海,光伏,18.0,False,False,-0.022273622037830704,-0.02589477618513806
4173,青海,光伏,18.0,False,False,-0.03248619786828862,-0.03169897870396738
4176,青海,光伏,18.0,False,False,-0.03047257473260838,-0.030543159487468833
4179,青海,光伏,18.0,False,False,-0.02969469007796779,-0.030100361453000046
4180,青海,光伏,18.0,False,False,-0.022760107421372126,-0.02617290358894849
4182,青海,光伏,18.0,False,False,-0.03101121619475738,-0.03708787879274484
4189,青海,光伏,18.0,False,False,-0.03101121619475738,-0.03708787879274484
4190,青海,光伏,18.0,False,False,-0.06202243212263752,-0.07417575740566376
4192,青海,光伏,18.0,False,False,-0.028289970821746876,-0.029324149150640823
4197,青海,光伏,18.0,False,False,-0.025665671530989576,-0.030256940656372598
4204,青海,光伏,18.0,False,False,-0.0672467403148776,-0.07487037307820645
4205,青海,光伏,18.0,False,False,-0.24955601720462744,-0.26981322760713433
4208,青海,光伏,18.0,False,False,-0.11837880045115486,-0.1421655745627569
4225,青海,光伏,18.0,False,False,-0.6109042030378361,-0.6667507746498326
4228,青海,光伏,18.0,False,False,-0.06202243212263752,-0.07417575740566376
4233,青海,光伏,18.0,False,False,-0.061090417229675176,-0.06667507545045143
4242,青海,光伏,18.0,False,False,-0.032472452274286814,-0.03169749529232721
4250,青海,光伏,18.0,False,False,-0.032472452274286814,-0.03169749529232721
4256,青海,光伏,18.0,False,False,-0.026212005586369144,-0.028143920582111324
4263,青海,光伏,18.0,False,False,-0.05918939996727393,-0.07108278714591096
4268,青海,光伏,18.0,False,False,-0.040048585184129945,-0.04465505247156633
4274,青海,光伏,18.0,False,False,-0.038509980467088714,-0.04320397708906345
4283,青海,光伏,18.0,False,False,-0.03337382234393061,-0.03721254448649243
4288,青海,光伏,18.0,False,False,-0.05355670108328204,-0.06663811284940332
4291,青海,光伏,18.0,False,False,-0.02905953824456548,-0.03326819447538101
4298,青海,光伏,18.0,False,False,-0.031586105556768655,-0.03119370377279095
4301,青海,光伏,18.0,False,False,-0.05834956851984133,-0.0698474540819453
4309,青海,光伏,18.0,False,False,-0.03047257473260838,-0.030543159487468833
4317,青海,光伏,18.0,False,False,-0.061276080723209836,-0.07467428837035525
4320,青海,光伏,18.0,False,False,-0.03337382234393061,-0.03721254448649243
4326,青海,光伏,18.0,False,False,-0.025297285285798315,-0.027607173966852035
4420,青海,光伏,18.0,False,False,-0.032472452274286814,-0.03169749529232721
4434,青海,光伏,18.0,False,False,-0.1233944530870479,-0.133527494567919
4440,青海,光伏,18.0,False,False,-0.05996512790587131,-0.06702917312386437
4446,青海,光伏,18.0,False,False,-0.1233944530870479,-0.133527494567919
4452,青海,光伏,18.0,False,False,-0.35100605080169983,-0.4258089281977266
4456,青海,光伏,18.0,False,False,-0.03239166959572603,-0.031651932920646254
4463,青海,光伏,18.0,False,False,-0.35100605080169983,-0.4258089281977266
4479,青海,光伏,18.0,False,False,-0.02990396333360441,-0.030243931009126743
4490,青海,光伏,18.0,False,False,-0.03707190103624573,-0.044600186015615974
4510,青海,光伏,18.0,False,False,-0.036592151264882404,-0.042660902703419455
4516,青海,光伏,18.0,False,False,-0.033623369851674585,-0.03743518634683039
4522,青海,光伏,18.0,False,False,-0.033623369851674585,-0.03743518634683039
4535,青海,光伏,18.0,False,False,-0.029959168691970423,-0.030252522700832625
4541,青海,光伏,18.0,False,False,-0.03047257473260838,-0.030543159487468833
4543,青海,光伏,18.0,False,False,-0.0672467403148776,-0.07487037307820645
4603,青海,光伏,18.0,False,False,-0.02969469007796779,-0.030100361453000046
4609,青海,光伏,18.0,False,False,-0.029430702293008846,-0.02997010215302261
4615,青海,光伏,18.0,False,False,-0.025297285285798315,-0.027607173966852035
4622,青海,光伏,18.0,False,False,-0.05918939996727393,-0.07108278714591096
4631,青海,光伏,18.0,False,False,-0.05355670108328204,-0.06663811284940332
4641,青海,光伏,18.0,False,False,-0.03336603026616075,-0.03646654096047236
4642,青海,光伏,18.0,False,False,-0.027106099726981317,-0.028653324000820116
4647,青海,光伏,18.0,False,False,-0.06209942090534821,-0.07493858997699894
4648,青海,光伏,18.0,False,False,-0.0672467403148776,-0.07487037307820645
4654,青海,光伏,18.0,False,False,-0.0672467403148776,-0.07487037307820645
4682,青海,光伏,18.0,False,False,-0.11639120170655966,-0.13337327779312155
4690,青海,光伏,18.0,False,False,-0.027106099726981317,-0.028653324000820116
4693,青海,光伏,18.0,False,False,-0.03182336504051942,-0.031313000810695636
4705,青海,光伏,18.0,False,False,-0.2868203956907236,-0.34373330598283486
4710,青海,光伏,18.0,False,False,-0.023655707473117453,-0.02668339651172714
4712,青海,光伏,18.0,False,False,-0.024939028648225496,-0.02738580211070362
4716,青海,光伏,18.0,False,False,-0.02185060847601791,-0.0256637932184252
4718,青海,光伏,18.0,False,False,-0.024174426431503127,-0.02716939357253891
4722,青海,光伏,18.0,False,False,-0.10449340692794491,-0.12354972635798823
4724,青海,光伏,18.0,False,False,-0.024174426431503127,-0.02716939357253891
4726,青海,光伏,18.0,False,False,-0.029924490110772792,-0.030230507530229878
4744,青海,光伏,18.0,False,False,-0.07192791798566328,-0.08812185303991805
4746,青海,光伏,18.0,False,False,-0.025980486803628355,-0.027976627580605384
4752,青海,光伏,18.0,False,False,-0.025980486803628355,-0.027976627580605384
4756,青海,光伏,18.0,False,False,-0.02312676617626897,-0.02722555416986941
4757,青海,光伏,18.0,False,False,-0.01928499273707637,-0.024577487160802682
4767,青海,光伏,18.0,False,False,-0.04525149952308841,-0.05037467260835155
4795,青海,光伏,18.0,False,False,-0.030679361003895962,-0.030682265709587642
4804,青海,光伏,18.0,False,False,-0.02835766079455963,-0.03138893378299868
4811,青海,光伏,18.0,False,False,-0.16067009700995094,-0.19991433521990784
4817,青海,光伏,18.0,False,False,-0.027585739079178703,-0.0289308714795833
4824,青海,光伏,18.0,False,False,-0.03112391634935938,-0.030935445109248
4850,青海,光伏,18.0,False,False,-0.030780151477851826,-0.030735701187742496
4854,青海,光伏,18.0,False,False,-0.30070767855728076,-0.3381999422467593
4857,青海,光伏,18.0,False,False,-0.030780151477851826,-0.030735701187742496
4863,青海,光伏,18.0,False,False,-0.030780151477851826,-0.030735701187742496
4865,青海,光伏,18.0,False,False,-0.32858518434264156,-0.3886068374326379
4868,青海,光伏,18.0,False,False,-0.025576725830751372,-0.027783001568271647
4874,青海,光伏,18.0,False,False,-0.025576725830751372,-0.027783001568271647
4879,青海,光伏,18.0,False,False,-0.030977951972027705,-0.030848246735843736
4882,青海,光伏,18.0,False,False,-0.029959168691970423,-0.030252522700832625
4889,青海,光伏,18.0,False,False,-0.029959168691970423,-0.030252522700832625
4891,青海,光伏,18.0,False,False,-0.06323072219291064,-0.07583364573451118
4897,青海,光伏,18.0,False,False,-0.033387405306522684,-0.04071372166356365
4899,青海,光伏,18.0,False,False,-0.03337382234393061,-0.03721254448649243
4903,青海,光伏,18.0,False,False,-0.03047257473260838,-0.030543159487468833
4905,青海,光伏,18.0,False,False,-0.024741212688042576,-0.028142348466260177
4911,青海,光伏,18.0,False,False,-0.030977951972027705,-0.030848246735843736
4916,青海,光伏,18.0,False,False,-0.030926513486601095,-0.03517793422140865
4928,青海,光伏,18.0,False,False,-0.030977951972027705,-0.030848246735843736
4931,青海,光伏,18.0,False,False,-0.06169722682992257,-0.06676374747784974
4932,青海,光伏,18.0,False,False,-0.20032440781094957,-0.24428231484035787
4933,青海,光伏,18.0,False,False,-0.02558747615030518,-0.027790074901416665
4943,青海,光伏,18.0,False,False,-0.13848909910346976,-0.15231047203742507
4944,青海,光伏,18.0,False,False,-0.5054929963203505,-0.6219675228382731
4952,青海,光伏,18.0,False,False,-0.10386682483572604,-0.11423285436367135
4956,青海,光伏,18.0,False,False,-0.03462227527251411,-0.038077618306770755
4957,青海,光伏,18.0,False,False,-0.030977951972027705,-0.030848246735843736
4960,青海,光伏,18.0,False,False,-0.021511525745608617,-0.025779995365073607
4966,青海,光伏,18.0,False,False,-0.055610051697611504,-0.06077756893621861
4977,青海,光伏,18.0,False,False,-0.024690071942811614,-0.027346151470037865
4992,青海,光伏,18.0,False,False,-0.48418946623158954,-0.5342513889121948
4994,青海,光伏,18.0,False,False,-0.45617012263801493,-0.5066230439889482
4997,青海,光伏,18.0,False,False,-0.03248619786828862,-0.03169897870396738
4998,青海,光伏,18.0,False,False,-0.030977951972027705,-0.030848246735843736
6017,新疆,光伏,18.0,False,False,-0.0297413638307619,-0.03273741297219461
6030,新疆,光伏,18.0,False,False,-0.03184052803781226,-0.0313540625508031
6031,新疆,光伏,18.0,False,False,-0.0396688390542188,-0.041256670120710645
6032,新疆,光伏,18.0,False,False,-0.0295270744741241,-0.030039105628702985
6036,新疆,光伏,18.0,False,False,-0.10520548218301325,-0.10674803322829526
6037,新疆,光伏,18.0,False,False,-0.05687729666945458,-0.06075488761575449
6057,新疆,光伏,18.0,False,False,-0.028447120150918135,-0.029416137544788487
6059,新疆,光伏,18.0,False,False,-0.026627072601108488,-0.02837594152959184
6060,新疆,光伏,18.0,False,False,-0.025861007943300027,-0.02794727551702211
6061,新疆,光伏,18.0,False,False,-0.03128188242783073,-0.03100740090266019
6063,新疆,光伏,18.0,False,False,-0.023220181849683632,-0.02643799647006041
6066,新疆,光伏,18.0,False,False,-0.05171598617465809,-0.05482989257626152
6067,新疆,光伏,18.0,False,False,-0.024140089311594313,-0.02695300425946994
6068,新疆,光伏,18.0,False,False,-0.028281183506801786,-0.02929823929292194
6069,新疆,光伏,18.0,False,False,-0.022232999670521485,-0.02586499590855116
6070,新疆,光伏,18.0,False,False,-0.036741905496619424,-0.04283083209600438
6076,新疆,光伏,18.0,False,False,-0.03415548811352223,-0.03776259941703901
6082,新疆,光伏,18.0,False,False,-0.13017967877889572,-0.14644765799880685
6083,新疆,光伏,18.0,False,False,-0.04034468078080309,-0.043534682765498295
6086,新疆,光伏,18.0,False,False,-0.09665820391420853,-0.0989859147491034
6089,新疆,光伏,18.0,False,False,-0.030244829791376722,-0.030452738130256153
6098,新疆,光伏,18.0,False,False,-0.031735300631262,-0.03444510869423122
6101,新疆,光伏,18.0,False,False,-0.027896365723410723,-0.029107455455731814
6102,新疆,光伏,18.0,False,False,-0.18652960116658535,-0.19342569833353226
6104,新疆,光伏,18.0,False,False,-0.029816032083938633,-0.030174571430371156
6111,新疆,光伏,18.0,False,False,-0.024072739398001138,-0.026919580247093424
6112,新疆,光伏,18.0,False,False,-0.11285810358045177,-0.11795695543234778
6114,新疆,光伏,18.0,False,False,-0.03092264913638651,-0.03399670935650009
6120,新疆,光伏,18.0,False,False,-0.02406053794271503,-0.026917278144216662
6123,新疆,光伏,18.0,False,False,-0.030734729142132704,-0.030693852974880174
6124,新疆,光伏,18.0,False,False,-0.03092264913638651,-0.03399670935650009
6129,新疆,光伏,18.0,False,False,-0.16607137094718588,-0.17464234490545413
6131,新疆,光伏,18.0,False,False,-0.3274709641957576,-0.3534415328247465
6133,新疆,光伏,18.0,False,False,-0.08211581402608602,-0.08488438857655861
6140,新疆,光伏,18.0,False,False,-0.024956338400615063,-0.027974446628350757
6143,新疆,光伏,18.0,False,False,-0.054578486367379976,-0.05890691725669589
6149,新疆,光伏,18.0,False,False,-0.10965364655640285,-0.12164094248280233
6159,新疆,光伏,18.0,False,False,-0.21831394558854667,-0.23562766910731509
6160,新疆,光伏,18.0,False,False,-0.20292361747080206,-0.21413516184063006
6165,新疆,光伏,18.0,False,False,-0.11681415735237706,-0.1287730567654614
6178,新疆,光伏,18.0,False,False,-0.04807359149940602,-0.0509799574998754
6183,新疆,光伏,18.0,False,False,-0.023706967654635598,-0.026830161763776467
6189,新疆,光伏,18.0,False,False,-0.0397589094699753,-0.04134376372579537
6190,新疆,光伏,18.0,False,False,-0.0339408298627513,-0.037120237001735175
6191,新疆,光伏,18.0,False,False,-0.026953281933139898,-0.028566982509939116
6197,新疆,光伏,18.0,False,False,-0.25639247397331344,-0.2718930975761287
6199,新疆,光伏,18.0,False,False,-0.6361425511373665,-0.6615002193115919
6214,新疆,光伏,18.0,False,False,-0.05840707877801805,-0.06438652844643364
6215,新疆,光伏,18.0,False,False,-0.035553528135795195,-0.03826520562477425
6219,新疆,光伏,18.0,False,False,-0.026016674911608206,-0.028124150239958078
6224,新疆,光伏,18.0,False,False,-0.08122560265495249,-0.08678889146032792
6230,新疆,光伏,18.0,False,False,-0.025351959565771576,-0.027733644410159918
6247,新疆,光伏,18.0,False,False,-0.18271431166892615,-0.19079044329228212
6253,新疆,光伏,18.0,False,False,-0.05840707877801805,-0.06438652844643364
6259,新疆,光伏,18.0,False,False,-0.16811287107257153,-0.17668992440073528
6268,新疆,光伏,18.0,False,False,-0.19840207416289032,-0.2222807198423564
6270,新疆,光伏,18.0,False,False,-0.03092264913638651,-0.03399670935650009
6276,新疆,光伏,18.0,False,False,-0.1311162603592829,-0.14742970460017785
6288,新疆,光伏,18.0,False,False,-0.28583748473404974,-0.32923648273204226
6290,新疆,光伏,18.0,False,False,-0.029459021622893742,-0.029973155069235913
6294,新疆,光伏,18.0,False,False,-0.02564762858305161,-0.029740797592622964
6295,新疆,光伏,18.0,False,False,-0.03224837336587763,-0.031589379334184875
6321,新疆,光伏,18.0,False,False,-0.028099436379523984,-0.02920412568012981
6322,新疆,光伏,18.0,False,False,-0.04528747499545013,-0.04879353301555303
6323,新疆,光伏,18.0,False,False,-0.031963441143473346,-0.031409323515781004
6328,新疆,光伏,18.0,False,False,-0.031963441143473346,-0.031409323515781004
6358,新疆,光伏,18.0,False,False,-0.031355290567806504,-0.03371573506038161
6360,新疆,光伏,18.0,False,False,-0.030103470165922137,-0.03035732217899256
6361,新疆,光伏,18.0,False,False,-0.03955417281855493,-0.042774967981476515
6362,新疆,光伏,18.0,False,False,-0.19169523807591052,-0.20228176418393898
6365,新疆,光伏,18.0,False,False,-0.030219901977599873,-0.030421524241536307
6380,新疆,光伏,18.0,False,False,-0.03177162027874868,-0.03129288916286381
6387,新疆,光伏,18.0,False,False,-0.02757953510535564,-0.02892375645089848
6388,新疆,光伏,18.0,False,False,-0.046885701947763044,-0.05239651213243029
6389,新疆,光伏,18.0,False,False,-0.038505364035408565,-0.046020644763893725
6394,新疆,光伏,18.0,False,False,-0.058309737001573006,-0.0655247795728362
6405,新疆,光伏,18.0,False,False,-0.3102959453545818,-0.3289793734420835
6415,新疆,光伏,18.0,False,False,-0.03239513108231914,-0.031664400250379
6428,新疆,光伏,18.0,False,False,-0.028675694398871552,-0.029547052126045123
6435,新疆,光伏,18.0,False,False,-0.056905758135999705,-0.06327430281729478
6443,新疆,光伏,18.0,False,False,-0.03245945216974082,-0.03168184259253356
6447,新疆,光伏,18.0,False,False,-0.07567496306701571,-0.07987617301034218
6451,新疆,光伏,18.0,False,False,-0.02493496388276047,-0.028772871373103397
6465,新疆,光伏,18.0,False,False,-0.028312896349246688,-0.02934240828368048
6467,新疆,光伏,18.0,False,False,-0.03201886610522931,-0.03143961581858247
6468,新疆,光伏,18.0,False,False,-0.026715235620126183,-0.028433696503389255
6475,新疆,光伏,18.0,False,False,-0.048316877704679344,-0.05164302993704459
6476,新疆,光伏,18.0,False,False,-0.026715235620126183,-0.028433696503389255
6485,新疆,光伏,18.0,False,False,-0.0300280783746295,-0.03030106549603285
6528,新疆,光伏,18.0,False,False,-0.037715769278112925,-0.044359315896484786
6536,新疆,光伏,18.0,False,False,-0.036741905496619424,-0.04283083209600438
6538,新疆,光伏,18.0,False,False,-0.028578964796123513,-0.029497442551427274
6548,新疆,光伏,18.0,False,False,-0.028578964796123513,-0.029497442551427274
6559,新疆,光伏,18.0,False,False,-0.04277506359745509,-0.04657575150245964
6564,新疆,光伏,18.0,False,False,-0.028663177144286234,-0.02954840731116761
6565,新疆,光伏,18.0,False,False,-0.07116703722802838,-0.07356646901286376
6566,新疆,光伏,18.0,False,False,-0.027626304632102895,-0.028955620159019344
6574,新疆,光伏,18.0,False,False,-0.02656474771122311,-0.028344791053743632
6576,新疆,光伏,18.0,False,False,-0.06701817984410056,-0.06929261638391056
6579,新疆,光伏,18.0,False,False,-0.27345022799519336,-0.2967457020234758
6582,新疆,光伏,18.0,False,False,-0.2539667404870873,-0.2757486093540524
6590,新疆,光伏,18.0,False,False,-0.025504931862471346,-0.0277398327360733
6598,新疆,光伏,18.0,False,False,-0.21103862564106238,-0.22531980973737017
6602,新疆,光伏,18.0,False,False,-0.027636163564854405,-0.028946735864757565
6607,新疆,光伏,18.0,False,False,-0.035864806432522246,-0.03796641340422673
6609,新疆,光伏,18.0,False,False,-0.2682859021472263,-0.28664917469909734
6625,新疆,光伏,18.0,False,False,-0.04291258416116478,-0.0452228077551951
6628,新疆,光伏,18.0,False,False,-0.0370760532506698,-0.03930778246483416
6634,新疆,光伏,18.0,False,False,-0.03132361101767929,-0.031064507776251863
6638,新疆,光伏,18.0,False,False,-0.04271014581773143,-0.045400368876606374
6644,新疆,光伏,18.0,False,False,-0.026613633049174384,-0.028378887754952897
6659,新疆,光伏,18.0,False,False,-0.03262158794851986,-0.03177908403073832
6669,新疆,光伏,18.0,False,False,-0.027490908971942542,-0.029625419213584726
6672,新疆,光伏,18.0,False,False,-0.027425969190205998,-0.030795135077484694
6675,新疆,光伏,18.0,False,False,-0.025791642657881392,-0.027900584826210606
6707,新疆,光伏,18.0,False,False,-0.02911815135899419,-0.029776407410583034
6720,新疆,光伏,18.0,False,False,-0.02783328511971063,-0.029054463553741142
6731,新疆,光伏,18.0,False,False,-0.03259233048164897,-0.031761135063975626
6739,新疆,光伏,18.0,False,False,-0.23456516421684287,-0.26345717106176875
6740,新疆,光伏,18.0,False,False,-0.02548292662384415,-0.027722369956423264
6745,新疆,光伏,18.0,False,False,-0.029386231582566095,-0.03013772818392233
6747,新疆,光伏,18.0,False,False,-0.2054646362041434,-0.2162149835453904
6753,新疆,光伏,18.0,False,False,-0.021427047870301263,-0.025805781658657538
6755,新疆,光伏,18.0,False,False,-0.02800009364143377,-0.02917143419769002
6760,新疆,光伏,18.0,False,False,-0.029317632199187996,-0.03362465764970149
6764,新疆,光伏,18.0,False,False,-0.028117415955259965,-0.029199882596884337
6766,新疆,光伏,18.0,False,False,-0.16088206955577034,-0.1927955752458665
6777,新疆,光伏,18.0,False,False,-0.03032807783642985,-0.030492335353535904
6790,新疆,光伏,18.0,False,False,-0.1000454978973932,-0.10510564795591859
6793,新疆,光伏,18.0,False,False,-0.03154365754780594,-0.031184219551185482
6799,新疆,光伏,18.0,False,False,-0.09779663489683546,-0.10219342878886817
6802,新疆,光伏,18.0,False,False,-0.029337096361680644,-0.02992555077554316
6804,新疆,光伏,18.0,False,False,-0.049570717400086124,-0.05355764738713518
6806,新疆,光伏,18.0,False,False,-0.02634369671320947,-0.028867936971761255
6812,新疆,光伏,18.0,False,False,-0.46767441633744306,-0.4889447440136317
6815,新疆,光伏,18.0,False,False,-0.028176740635158397,-0.02923881224450146
6819,新疆,光伏,18.0,False,False,-0.08414443218287238,-0.08848414888143742
6824,新疆,光伏,18.0,False,False,-0.2983029950357149,-0.3242645507930358
6827,新疆,光伏,18.0,False,False,-0.19559326959486315,-0.20438685740156312
6831,新疆,光伏,18.0,False,False,-0.02775596955433115,-0.029354205303835906
6839,新疆,光伏,18.0,False,False,-0.04442911660248741,-0.0489813516997796
6845,新疆,光伏,18.0,False,False,-0.032287173548392306,-0.03159771579453043
6852,新疆,光伏,18.0,False,False,-0.032287173548392306,-0.03159771579453043
6854,新疆,光伏,18.0,False,False,-0.06934433997303954,-0.0737649845866229
6867,新疆,光伏,18.0,False,False,-0.04622955806363641,-0.049176655207267515
6883,新疆,光伏,18.0,False,False,-0.026314793308081647,-0.028171157265215664
6885,新疆,光伏,18.0,False,False,-0.04622955806363641,-0.049176655207267515
6895,新疆,光伏,18.0,False,False,-0.03828067670266205,-0.04193950438520243
6898,新疆,光伏,18.0,False,False,-0.11320760679823975,-0.12540688124897972
6907,新疆,光伏,18.0,False,False,-0.04015208050099414,-0.04201433953078578
6913,新疆,光伏,18.0,False,False,-0.05373411975071859,-0.059561823179162844
6916,新疆,光伏,18.0,False,False,-0.34894801010136833,-0.38279581486870046
6918,新疆,光伏,18.0,False,False,-0.0652707111535169,-0.06726827051721453
6928,新疆,光伏,18.0,False,False,-0.04396339876637067,-0.05269022856625805
6938,新疆,光伏,18.0,False,False,-0.02726595851119859,-0.02874836495359676
6959,新疆,光伏,18.0,False,False,-0.028897441755490094,-0.03284315719616902
6963,新疆,光伏,18.0,False,False,-0.05840707877801805,-0.06438652844643364
697,甘肃,光伏,18.0,False,False,-0.03158185807509702,-0.031233398835187814
6981,新疆,光伏,18.0,False,False,-0.04763448532666819,-0.054034176553520274
7325,新疆,光伏,18.0,False,False,-0.029087284239119552,-0.02977576334476101
7332,新疆,光伏,18.0,False,False,-0.05260820905190535,-0.057913330961512376
W100,甘肃,风电,18.0,False,False,-0.10023906203367373,-0.14376876390011037
W1057,广西,风电,18.0,False,False,-0.01735826500543289,-0.02478317369944659
W1069,广西,风电,18.0,False,False,-0.024285923881266772,-0.027357077370450525
W1073,广西,风电,18.0,False,False,-0.025803653533438164,-0.02790947641569712
W1083,广西,风电,18.0,False,False,-0.02905569745110721,-0.029757540282364377
W1130,河北,风电,18.0,False,False,-0.030444361686758827,-0.030558003029104105
W1134,河北,风电,18.0,False,False,-0.03163544139258025,-0.031231209104599183
W124,甘肃,风电,18.0,False,False,-0.09974036723932438,-0.14305350094629588
W125,甘肃,风电,18.0,False,False,-0.09974036723932438,-0.14305350094629588
W1273,广西,风电,18.0,False,False,-0.030806967195436113,-0.030747863016242803
W1280,河北,风电,18.0,False,False,-0.0278838523487596,-0.02907360997330246
W1284,河北,风电,18.0,False,False,-0.03118100655409487,-0.03094910183709218
W130,甘肃,风电,18.0,False,False,-0.08770622209608961,-0.11170747713450413
W1340,河北,风电,18.0,False,False,-0.02690353403455725,-0.028497965978259564
W1356,河北,风电,18.0,False,False,-0.026726402284536547,-0.028397493841354336
W1358,河北,风电,18.0,False,False,-0.026726402284536547,-0.028397493841354336
W136,甘肃,风电,18.0,False,False,-0.021926554673350016,-0.027926868782860204
W1360,河北,风电,18.0,False,False,-0.02511076902347059,-0.027491200239309743
W1362,河北,风电,18.0,False,False,-0.02511076902347059,-0.027491200239309743
W1374,河北,风电,18.0,False,False,-0.029340993133819174,-0.032317379370663916
W1376,河北,风电,18.0,False,False,-0.05986904723909416,-0.07208646897333815
W138,甘肃,风电,18.0,False,False,-0.07598808497830518,-0.09030593834705058
W1387,河北,风电,18.0,False,False,-0.0437044019599249,-0.05262312044924711
W1389,河北,风电,18.0,False,False,-0.02963518215710672,-0.035682804509778676
W139,甘肃,风电,18.0,False,False,-0.0763661466568966,-0.09075522807731029
W140,甘肃,风电,18.0,False,False,-0.03780501489067986,-0.044928325902255345
W141,甘肃,风电,18.0,False,False,-0.09689871832163202,-0.10704740868715977
W1482,海南,风电,18.0,False,False,-0.021819208747023557,-0.0309373560387769
W1483,海南,风电,18.0,False,False,-0.02094644513078677,-0.029699864910704327
W1502,河北,风电,18.0,False,False,-0.026746470720003,-0.028418328185817014
W1509,河北,风电,18.0,False,False,-0.026238539554489515,-0.028154798687342802
W1529,河北,风电,18.0,False,False,-0.0278838523487596,-0.02907360997330246
W1612,河北,风电,18.0,False,False,-0.026726402284536547,-0.028397493841354336
W1769,广西,风电,18.0,False,False,-0.01846624712158612,-0.026365083021791372
W1774,广西,风电,18.0,False,False,-0.01846624712158612,-0.026365083021791372
W178,北京,风电,18.0,False,False,-0.030099188626874746,-0.030309469737887937
W180,北京,风电,18.0,False,False,-0.030099188626874746,-0.030309469737887937
W181,北京,风电,18.0,False,False,-0.030099188626874746,-0.030309469737887937
W1866,河北,风电,18.0,False,False,-0.015514962756227994,-0.02199104853306009
W1875,河北,风电,18.0,False,False,-0.02867404443433712,-0.02948883105487119
W1883,河北,风电,18.0,False,False,-0.031510115831986804,-0.03115663819359143
W1887,河北,风电,18.0,False,False,-0.02590240249522205,-0.02792790533775755
W1892,河北,风电,18.0,False,False,-0.026947457848534136,-0.028533251681140893
W2206,黑龙江,风电,18.0,False,False,-0.029871792496763673,-0.04263024840978973
W2208,黑龙江,风电,18.0,False,False,-0.031116452696333997,-0.044406509870090885
W2214,黑龙江,风电,18.0,False,False,-0.031116452696333997,-0.044406509870090885
W2237,黑龙江,风电,18.0,False,False,-0.041244259692305635,-0.05398008569284374
W2263,河北,风电,18.0,False,False,-0.028540862454814762,-0.029449276212061924
W2266,河北,风电,18.0,False,False,-0.03118100655409487,-0.03094910183709218
W2269,黑龙江,风电,18.0,False,False,-0.035917200872195035,-0.049919020777663234
W2282,黑龙江,风电,18.0,False,False,-0.042147189611482894,-0.05297027422147215
W2377,河北,风电,18.0,False,False,-0.0312959351118968,-0.037996181458650684
W2379,黑龙江,风电,18.0,False,False,-0.03643667776044773,-0.05287975392498862
W2383,黑龙江,风电,18.0,False,False,-0.025459513882182053,-0.027682798330186657
W2404,黑龙江,风电,18.0,False,False,-0.02899373022146784,-0.02970164602485896
W2420,黑龙江,风电,18.0,False,False,-0.027694772945933695,-0.028946848544152925
W2423,河北,风电,18.0,False,False,-0.030595110423708702,-0.03058731739693763
W2431,河北,风电,18.0,False,False,-0.015514962756227994,-0.02199104853306009
W2436,河北,风电,18.0,False,False,-0.015514962756227994,-0.02199104853306009
W2441,河北,风电,18.0,False,False,-0.015514962756227994,-0.02199104853306009
W2447,河北,风电,18.0,False,False,-0.030595110423708702,-0.03058731739693763
W2455,河北,风电,18.0,False,False,-0.02867404443433712,-0.02948883105487119
W2456,黑龙江,风电,18.0,False,False,-0.027694772945933695,-0.028946848544152925
W2461,河北,风电,18.0,False,False,-0.02867404443433712,-0.02948883105487119
W2465,河北,风电,18.0,False,False,-0.029287407834384563,-0.029838977610867113
W2466,黑龙江,风电,18.0,False,False,-0.020354121109070054,-0.03008093780675652
W2468,河北,风电,18.0,False,False,-0.031502310519086835,-0.031100753773856078
W2471,黑龙江,风电,18.0,False,False,-0.020354121109070054,-0.03008093780675652
W2475,黑龙江,风电,18.0,False,False,-0.020354121109070054,-0.03008093780675652
W2476,河北,风电,18.0,False,False,-0.031502310519086835,-0.031100753773856078
W2477,河北,风电,18.0,False,False,-0.030595110423708702,-0.03058731739693763
W2482,河北,风电,18.0,False,False,-0.015514962756227994,-0.02199104853306009
W2488,河北,风电,18.0,False,False,-0.015514962756227994,-0.02199104853306009
W2495,黑龙江,风电,18.0,False,False,-0.01791162258852156,-0.026471222918807484
W2497,黑龙江,风电,18.0,False,False,-0.020354121109070054,-0.03008093780675652
W2504,黑龙江,风电,18.0,False,False,-0.028180296343606772,-0.0378246886205843
W2507,河北,风电,18.0,False,False,-0.015514962756227994,-0.02199104853306009
W2515,河北,风电,18.0,False,False,-0.038223781301601624,-0.04266758000966513
W2519,河北,风电,18.0,False,False,-0.030595110423708702,-0.03058731739693763
W2524,黑龙江,风电,18.0,False,False,-0.020647852392311386,-0.03127782329664568
W2525,河北,风电,18.0,False,False,-0.015514962756227994,-0.02199104853306009
W2553,黑龙江,风电,18.0,False,False,-0.030100964408783234,-0.04272549120884942
W2567,黑龙江,风电,18.0,False,False,-0.021073590506065804,-0.026485134381170762
W2577,黑龙江,风电,18.0,False,False,-0.020167219385510707,-0.024674496492209978
W2590,黑龙江,风电,18.0,False,False,-0.027493827564975284,-0.028833937273754127
W2604,黑龙江,风电,18.0,False,False,-0.020354121109070054,-0.03008093780675652
W2610,黑龙江,风电,18.0,False,False,-0.020360431522745626,-0.029368674405807097
W2622,黑龙江,风电,18.0,False,False,-0.020329625401956788,-0.02931164810654172
W2626,黑龙江,风电,18.0,False,False,-0.027663998743701197,-0.03960169106549872
W2638,黑龙江,风电,18.0,False,False,-0.02572601236956044,-0.03953674999582189
W2648,黑龙江,风电,18.0,False,False,-0.027663998743701197,-0.03960169106549872
W2655,黑龙江,风电,18.0,False,False,-0.03631584536482467,-0.050337964372930706
W2665,黑龙江,风电,18.0,False,False,-0.03337338230636088,-0.047942946218692994
W2679,黑龙江,风电,18.0,False,False,-0.03203844348455827,-0.046025226113702904
W2693,黑龙江,风电,18.0,False,False,-0.027663998743701197,-0.03960169106549872
W2703,黑龙江,风电,18.0,False,False,-0.027663998743701197,-0.03960169106549872
W2708,黑龙江,风电,18.0,False,False,-0.021250357993172733,-0.032469348339879245
W2710,黑龙江,风电,18.0,False,False,-0.043773907109149156,-0.053467380443926966
W2713,黑龙江,风电,18.0,False,False,-0.043773907109149156,-0.053467380443926966
W2720,黑龙江,风电,18.0,False,False,-0.043773907109149156,-0.053467380443926966
W2724,黑龙江,风电,18.0,False,False,-0.043773907109149156,-0.053467380443926966
W2734,黑龙江,风电,18.0,False,False,-0.03337338230636088,-0.047942946218692994
W2736,黑龙江,风电,18.0,False,False,-0.024780688352482184,-0.03421807045005112
W2751,黑龙江,风电,18.0,False,False,-0.02528641966908831,-0.03491640021984731
W2766,黑龙江,风电,18.0,False,False,-0.023263501183530582,-0.0321230848767505
W2767,黑龙江,风电,18.0,False,False,-0.03737702027088627,-0.05079936121930356
W2778,黑龙江,风电,18.0,False,False,-0.03337338230636088,-0.047942946218692994
W2780,河北,风电,18.0,False,False,-0.024481655432408597,-0.034045626032537864
W2781,黑龙江,风电,18.0,False,False,-0.021250357993172733,-0.032469348339879245
W2786,河北,风电,18.0,False,False,-0.021850626957245267,-0.025606950305131368
W2790,黑龙江,风电,18.0,False,False,-0.021250357993172733,-0.032469348339879245
W2792,河北,风电,18.0,False,False,-0.024481655432408597,-0.034045626032537864
W2794,黑龙江,风电,18.0,False,False,-0.03337338230636088,-0.047942946218692994
W2797,河北,风电,18.0,False,False,-0.024481655432408597,-0.034045626032537864
W2803,黑龙江,风电,18.0,False,False,-0.032841592848884826,-0.041651847354971565
W2812,黑龙江,风电,18.0,False,False,-0.03737702027088627,-0.05079936121930356
W2813,黑龙江,风电,18.0,False,False,-0.027493827564975284,-0.028833937273754127
W2820,黑龙江,风电,18.0,False,False,-0.02528641966908831,-0.03491640021984731
W2822,黑龙江,风电,18.0,False,False,-0.025459513882182053,-0.027682798330186657
W2824,黑龙江,风电,18.0,False,False,-0.02572601236956044,-0.03953674999582189
W2827,黑龙江,风电,18.0,False,False,-0.03203844348455827,-0.046025226113702904
W2833,黑龙江,风电,18.0,False,False,-0.02572601236956044,-0.03953674999582189
W2837,黑龙江,风电,18.0,False,False,-0.03203844348455827,-0.046025226113702904
W2843,黑龙江,风电,18.0,False,False,-0.04066930621269221,-0.05107451203777989
W2845,黑龙江,风电,18.0,False,False,-0.027663998743701197,-0.03960169106549872
W2853,黑龙江,风电,18.0,False,False,-0.03737702027088627,-0.05079936121930356
W2866,黑龙江,风电,18.0,False,False,-0.03737702027088627,-0.05079936121930356
W2868,黑龙江,风电,18.0,False,False,-0.03226381426221117,-0.03155929440127591
W2869,黑龙江,风电,18.0,False,False,-0.036520710148387675,-0.0524225467881464
W2877,黑龙江,风电,18.0,False,False,-0.02875001397024936,-0.029536973380742165
W2880,黑龙江,风电,18.0,False,False,-0.03337338230636088,-0.047942946218692994
W2887,黑龙江,风电,18.0,False,False,-0.03337338230636088,-0.047942946218692994
W2892,黑龙江,风电,18.0,False,False,-0.03337338230636088,-0.047942946218692994
W2907,黑龙江,风电,18.0,False,False,-0.021594918502511114,-0.025476856679281654
W2911,黑龙江,风电,18.0,False,False,-0.040514722015952305,-0.054285275629448584
W2919,黑龙江,风电,18.0,False,False,-0.057602716195029484,-0.06267741498643069
W2924,黑龙江,风电,18.0,False,False,-0.025459513882182053,-0.027682798330186657
W2934,黑龙江,风电,18.0,False,False,-0.03473840919561312,-0.048233361920185125
W2966,黑龙江,风电,18.0,False,False,-0.03065363543064534,-0.035192374214425524
W3095,湖南,风电,18.0,False,False,-0.0310073168654118,-0.030808612618065737
W3102,湖南,风电,18.0,False,False,-0.029874114711673158,-0.030156281043284106
W3107,湖南,风电,18.0,False,False,-0.029719230264154316,-0.03007815058591485
W3191,内蒙古,风电,18.0,False,False,-0.1126657623690063,-0.14429074731732128
W3243,湖南,风电,18.0,False,False,-0.014770843184820014,-0.02302795689077761
W3274,内蒙古,风电,18.0,False,False,-0.05731282860398664,-0.059749293217696973
W3282,内蒙古,风电,18.0,False,False,-0.027816268088115832,-0.0290656764701503
W3338,湖南,风电,18.0,False,False,-0.03242662914054493,-0.03160682699601757
W3351,湖南,风电,18.0,False,False,-0.03242662914054493,-0.03160682699601757
W3358,湖南,风电,18.0,False,False,-0.029874114711673158,-0.030156281043284106
W3384,湖南,风电,18.0,False,False,-0.029874114711673158,-0.030156281043284106
W3410,湖南,风电,18.0,False,False,-0.025143822787329847,-0.02749454572027226
W3413,湖南,风电,18.0,False,False,-0.029874114711673158,-0.030156281043284106
W3447,湖南,风电,18.0,False,False,-0.04036809025814072,-0.05550442094761921
W3449,湖南,风电,18.0,False,False,-0.020958649545910674,-0.02510733474631792
W3459,湖南,风电,18.0,False,False,-0.024230694433282497,-0.026964916674975376
W3463,湖南,风电,18.0,False,False,-0.015828857168051554,-0.02385409249217809
W3472,湖南,风电,18.0,False,False,-0.0286910061863416,-0.02949480944432104
W3572,湖南,风电,18.0,False,False,-0.03176765311814626,-0.031249369379990267
W3610,湖南,风电,18.0,False,False,-0.029319578387881105,-0.029874185835160934
W3973,湖南,风电,18.0,False,False,-0.03176765311814626,-0.031249369379990267
W3983,湖南,风电,18.0,False,False,-0.02697695575210757,-0.028552223085236073
W4016,内蒙古,风电,18.0,False,False,-0.023170074244442215,-0.034929190946117725
W4047,内蒙古,风电,18.0,False,False,-0.03636708913069942,-0.049141745171679276
W4050,内蒙古,风电,18.0,False,False,-0.01750440029037365,-0.02559536708267934
W4054,内蒙古,风电,18.0,False,False,-0.01750440029037365,-0.02559536708267934
W4062,内蒙古,风电,18.0,False,False,-0.03636708913069942,-0.049141745171679276
W4090,内蒙古,风电,18.0,False,False,-0.05450038829169024,-0.07591411164391222
W4101,内蒙古,风电,18.0,False,False,-0.023464523063445063,-0.03495299666788771
W4230,内蒙古,风电,18.0,False,False,-0.024442208477138006,-0.03640936971863996
W4253,内蒙古,风电,18.0,False,False,-0.024442208477138006,-0.03640936971863996
W4259,内蒙古,风电,18.0,False,False,-0.09613841933041495,-0.12383037298086635
W4268,内蒙古,风电,18.0,False,False,-0.03247919741756364,-0.041834586756592115
W4304,内蒙古,风电,18.0,False,False,-0.03247919741756364,-0.041834586756592115
W4313,内蒙古,风电,18.0,False,False,-0.03337427839576027,-0.04480988818206518
W4347,内蒙古,风电,18.0,False,False,-0.02199579093241946,-0.03452473173295395
W4386,内蒙古,风电,18.0,False,False,-0.01870347871908437,-0.023824038276014883
W4416,内蒙古,风电,18.0,False,False,-0.029860819807046187,-0.044195261742886204
W4461,内蒙古,风电,18.0,False,False,-0.022745993649199363,-0.026113914749335568
W4475,内蒙古,风电,18.0,False,False,-0.0161207260212084,-0.02234642666033261
W4484,内蒙古,风电,18.0,False,False,-0.0790592839963719,-0.0915790877727863
W4505,内蒙古,风电,18.0,False,False,-0.024413520962307658,-0.027086893819513902
W4506,内蒙古,风电,18.0,False,False,-0.029860819807046187,-0.044195261742886204
W4510,内蒙古,风电,18.0,False,False,-0.021110745371880117,-0.025206652541362676
W4517,内蒙古,风电,18.0,False,False,-0.021110745371880117,-0.025206652541362676
W4522,内蒙古,风电,18.0,False,False,-0.020751925333464545,-0.025002531114853975
W4533,内蒙古,风电,18.0,False,False,-0.023170074244442215,-0.034929190946117725
W4534,内蒙古,风电,18.0,False,False,-0.004010002561430609,-0.015208453391457289
W4539,内蒙古,风电,18.0,False,False,-0.05450038829169024,-0.07591411164391222
W4548,内蒙古,风电,18.0,False,False,-0.02725019388465197,-0.03795705559770976
W4551,内蒙古,风电,18.0,False,False,-0.01750440029037365,-0.02559536708267934
W4588,内蒙古,风电,18.0,False,False,-0.02356461454323963,-0.02658071861413563
W4603,内蒙古,风电,18.0,False,False,-0.09163054405647203,-0.11538153070912086
W4611,内蒙古,风电,18.0,False,False,-0.033532968642071,-0.03983437945373172
W4626,内蒙古,风电,18.0,False,False,-0.023170074244442215,-0.034929190946117725
W4690,内蒙古,风电,18.0,False,False,-0.15929309902048022,-0.20381048133275464
W4736,内蒙古,风电,18.0,False,False,-0.033532968642071,-0.03983437945373172
W4753,内蒙古,风电,18.0,False,False,-0.033532968642071,-0.03983437945373172
W4783,内蒙古,风电,18.0,False,False,-0.0246719844295186,-0.027243928466510036
W4791,内蒙古,风电,18.0,False,False,-0.02437759862205288,-0.027076773825583732
W4807,内蒙古,风电,18.0,False,False,-0.02353672399756637,-0.026594046023000757
W4808,内蒙古,风电,18.0,False,False,-0.02437759862205288,-0.027076773825583732
W4814,内蒙古,风电,18.0,False,False,-0.0728833700079478,-0.08618322068740047
W4815,内蒙古,风电,18.0,False,False,-0.02437759862205288,-0.027076773825583732
W4832,内蒙古,风电,18.0,False,False,-0.02437759862205288,-0.027076773825583732
W4837,内蒙古,风电,18.0,False,False,-0.022745993649199363,-0.026113914749335568
W4852,内蒙古,风电,18.0,False,False,-0.033532968642071,-0.03983437945373172
W4875,内蒙古,风电,18.0,False,False,-0.018751052358135095,-0.028924162889396875
W4888,内蒙古,风电,18.0,False,False,-0.018751052358135095,-0.028924162889396875
W4964,内蒙古,风电,18.0,False,False,-0.023170074244442215,-0.034929190946117725
W4968,内蒙古,风电,18.0,False,False,-0.01877681455590742,-0.023850758502780636
W4991,内蒙古,风电,18.0,False,False,-0.020962058485208924,-0.028287639994967802
W5005,青海,风电,18.0,False,False,-0.027758968273602032,-0.03565032882805528
W5007,青海,风电,18.0,False,False,-0.05341519805184275,-0.06373985793225742
W5009,青海,风电,18.0,False,False,-0.027538574167019016,-0.028884350485437173
W5010,青海,风电,18.0,False,False,-0.027538574167019016,-0.028884350485437173
W5014,青海,风电,18.0,False,False,-0.027538574167019016,-0.028884350485437173
W5019,青海,风电,18.0,False,False,-0.027538574167019016,-0.028884350485437173
W5021,青海,风电,18.0,False,False,-0.12018419031803108,-0.1434146779377743
W5022,青海,风电,18.0,False,False,-0.10683039650317044,-0.12747971640451952
W5025,青海,风电,18.0,False,False,-0.027291349373151856,-0.028744863845606903
W5112,辽宁,风电,18.0,False,False,-0.008571808790188911,-0.017021680620932424
W5243,辽宁,风电,18.0,False,False,-0.028537986079666535,-0.029444990979442195
W5305,辽宁,风电,18.0,False,False,-0.020679400321426865,-0.025072245198455387
W5342,辽宁,风电,18.0,False,False,-0.004640835942270076,-0.015384246190519198
W5379,辽宁,风电,18.0,False,False,-0.0044751277182476,-0.015023259138461002
W5423,辽宁,风电,18.0,False,False,-0.029417597477038364,-0.028368096708823978
W5501,山东,风电,18.0,False,False,-0.02658879648660514,-0.03683218224702869
W5754,青海,风电,18.0,False,False,-0.08012279290349995,-0.09560978436604808
W5824,吉林,风电,18.0,False,False,-0.016598813029670163,-0.02149772179866775
W583,甘肃,风电,18.0,False,False,-0.03764423666039962,-0.03828101583972017
W584,甘肃,风电,18.0,False,False,-0.029739280497100347,-0.03017643769376805
W585,甘肃,风电,18.0,False,False,-0.029739280497100347,-0.03017643769376805
W5940,青海,风电,18.0,False,False,-0.04489006126017969,-0.04636607291223741
W5948,吉林,风电,18.0,False,False,-0.02606473812230247,-0.03174367303701262
W5967,辽宁,风电,18.0,False,False,-0.019449030948310107,-0.029062702601119598
W6268,山西,风电,18.0,False,False,-0.020596742175859224,-0.024918760970845406
W6270,山西,风电,18.0,False,False,-0.02470187995373315,-0.02725136035895577
W6271,山西,风电,18.0,False,False,-0.020596742175859224,-0.024918760970845406
W629,甘肃,风电,18.0,False,False,-0.03097478240506769,-0.04486012093680422
W6339,山东,风电,18.0,False,False,-0.02658879648660514,-0.03683218224702869
W6352,山东,风电,18.0,False,False,-0.030574336480877623,-0.030598347716683294
W6360,山东,风电,18.0,False,False,-0.030574336480877623,-0.030598347716683294
W6375,山东,风电,18.0,False,False,-0.017000847675552357,-0.024843928364442814
W6384,山东,风电,18.0,False,False,-0.017000847675552357,-0.024843928364442814
W6386,山东,风电,18.0,False,False,-0.016660830442979377,-0.024347049776370314
W6452,山西,风电,18.0,False,False,-0.02779414291265062,-0.029723839483696
W6550,山西,风电,18.0,False,False,-0.025182939705181685,-0.027554710347328364
W6723,山西,风电,18.0,False,False,-0.0285842866831356,-0.02948468012340148
W6866,山西,风电,18.0,False,False,-0.032645680548600814,-0.03178118188371067
W6906,山西,风电,18.0,False,False,-0.02280292045699332,-0.02619698892509477
W6910,山东,风电,18.0,False,False,-0.02658879648660514,-0.03683218224702869
W6915,山西,风电,18.0,False,False,-0.02280292045699332,-0.02619698892509477
W6918,山东,风电,18.0,False,False,-0.02658879648660514,-0.03683218224702869
W6931,山东,风电,18.0,False,False,-0.02658879648660514,-0.03683218224702869
W6937,山东,风电,18.0,False,False,-0.017000847675552357,-0.024843928364442814
W6954,山东,风电,18.0,False,False,-0.016320814064395874,-0.02385017150599034
W6956,山东,风电,18.0,False,False,-0.016320814064395874,-0.02385017150599034
W7010,新疆,风电,18.0,False,False,-0.03317265210872959,-0.03501119578133562
W7013,新疆,风电,18.0,False,False,-0.033007614691447265,-0.03483701135390647
W7016,新疆,风电,18.0,False,False,-0.033007614691447265,-0.03483701135390647
W7019,山西,风电,18.0,False,False,-0.032645680548600814,-0.03178118188371067
W7029,山西,风电,18.0,False,False,-0.032645680548600814,-0.03178118188371067
W7080,山西,风电,18.0,False,False,-0.03263805768111242,-0.03778928301737025
W7124,山西,风电,18.0,False,False,-0.026864274681617565,-0.028493840693984196
W7125,山西,风电,18.0,False,False,-0.026864274681617565,-0.028493840693984196
W7127,山西,风电,18.0,False,False,-0.026864274681617565,-0.028493840693984196
W7177,山西,风电,18.0,False,False,-0.032645680548600814,-0.03178118188371067
W7183,山西,风电,18.0,False,False,-0.032645680548600814,-0.03178118188371067
W7194,新疆,风电,18.0,False,False,-0.032634167732817826,-0.03179148416833703
W7196,山西,风电,18.0,False,False,-0.026864274681617565,-0.028493840693984196
W7213,新疆,风电,18.0,False,False,-0.019544341007608323,-0.028851396872975412
W7224,新疆,风电,18.0,False,False,-0.12138379619363555,-0.14621671891864993
W7233,新疆,风电,18.0,False,False,-0.017850669185390994,-0.024653860389379785
W7243,新疆,风电,18.0,False,False,-0.017850669185390994,-0.024653860389379785
W7248,山西,风电,18.0,False,False,-0.059458023539465873,-0.06984174125530536
W7253,山西,风电,18.0,False,False,-0.024210947331169255,-0.026999685804897342
W7256,新疆,风电,18.0,False,False,-0.019544341007608323,-0.028851396872975412
W7258,新疆,风电,18.0,False,False,-0.019544341007608323,-0.028851396872975412
W7260,山西,风电,18.0,False,False,-0.029729012252595225,-0.034920871001407006
W7268,新疆,风电,18.0,False,False,-0.017572850626223883,-0.023183076498174443
W7269,山西,风电,18.0,False,False,-0.025027717637997212,-0.027457011395697523
W7273,新疆,风电,18.0,False,False,-0.028893493617867735,-0.029683748570426972
W7276,新疆,风电,18.0,False,False,-0.019544341007608323,-0.028851396872975412
W7277,山西,风电,18.0,False,False,-0.020596742175859224,-0.024918760970845406
W7281,新疆,风电,18.0,False,False,-0.026748365829104562,-0.0391980583570877
W7285,新疆,风电,18.0,False,False,-0.019544341007608323,-0.028851396872975412
W7371,山西,风电,18.0,False,False,-0.021265650867772122,-0.025298438865338675
W7380,新疆,风电,18.0,False,False,-0.017850669185390994,-0.024653860389379785
W7382,山西,风电,18.0,False,False,-0.02280292045699332,-0.02619698892509477
W7383,新疆,风电,18.0,False,False,-0.017572850626223883,-0.023183076498174443
W7399,新疆,风电,18.0,False,False,-0.017850669185390994,-0.024653860389379785
W7408,山西,风电,18.0,False,False,-0.059160741214882163,-0.06949253709611218
W7410,新疆,风电,18.0,False,False,-0.030804094807454684,-0.030752013310330444
W7421,新疆,风电,18.0,False,False,-0.02368507413112707,-0.028493938486272612
W7424,新疆,风电,18.0,False,False,-0.017850669185390994,-0.024653860389379785
W7431,新疆,风电,18.0,False,False,-0.017850669185390994,-0.024653860389379785
W7439,新疆,风电,18.0,False,False,-0.10710399353212696,-0.1479231476023867
W7447,新疆,风电,18.0,False,False,-0.017850669185390994,-0.024653860389379785
W7460,新疆,风电,18.0,False,False,-0.017850669185390994,-0.024653860389379785
W7468,新疆,风电,18.0,False,False,-0.017850669185390994,-0.024653860389379785
W7470,新疆,风电,18.0,False,False,-0.05921267705974073,-0.07123484130291936
W7474,山西,风电,18.0,False,False,-0.019947839374504353,-0.024550359827313656
W7477,新疆,风电,18.0,False,False,-0.017850669185390994,-0.024653860389379785
W7479,山西,风电,18.0,False,False,-0.032645680548600814,-0.03178118188371067
W7480,新疆,风电,18.0,False,False,-0.017850669185390994,-0.024653860389379785
W7487,新疆,风电,18.0,False,False,-0.017850669185390994,-0.024653860389379785
W7492,山西,风电,18.0,False,False,-0.04351740270057501,-0.05038570543873285
W7495,新疆,风电,18.0,False,False,-0.017850669185390994,-0.024653860389379785
W7508,新疆,风电,18.0,False,False,-0.017850669185390994,-0.024653860389379785
W7514,山西,风电,18.0,False,False,-0.02094988987986913,-0.026181137403889863
W7515,山西,风电,18.0,False,False,-0.026987527896566558,-0.028563389412687094
W7516,新疆,风电,18.0,False,False,-0.017850669185390994,-0.024653860389379785
W7520,山西,风电,18.0,False,False,-0.02094988987986913,-0.026181137403889863
W7521,山西,风电,18.0,False,False,-0.029729012252595225,-0.034920871001407006
W7522,新疆,风电,18.0,False,False,-0.017850669185390994,-0.024653860389379785
W7535,山西,风电,18.0,False,False,-0.026103556957471068,-0.03262169379061702
W7545,新疆,风电,18.0,False,False,-0.017850669185390994,-0.024653860389379785
W7546,新疆,风电,18.0,False,False,-0.03266169352156485,-0.031820998147772936
W7559,新疆,风电,18.0,False,False,-0.03012817582153082,-0.030385480941110817
W7560,新疆,风电,18.0,False,False,-0.017850669185390994,-0.024653860389379785
W7568,新疆,风电,18.0,False,False,-0.017850669185390994,-0.024653860389379785
W7578,新疆,风电,18.0,False,False,-0.017850669185390994,-0.024653860389379785
W7592,新疆,风电,18.0,False,False,-0.017850669185390994,-0.024653860389379785
W7600,新疆,风电,18.0,False,False,-0.019544341007608323,-0.028851396872975412
W7603,山西,风电,18.0,False,False,-0.030665563077453314,-0.030653934935900726
W7606,新疆,风电,18.0,False,False,-0.019544341007608323,-0.028851396872975412
W7611,山西,风电,18.0,False,False,-0.030665563077453314,-0.030653934935900726
W7626,山西,风电,18.0,False,False,-0.025429202522567758,-0.027679019703972133
W7639,山西,风电,18.0,False,False,-0.025118025278392565,-0.02750240906273614
W7661,山西,风电,18.0,False,False,-0.030665563077453314,-0.030653934935900726
W7664,新疆,风电,18.0,False,False,-0.017595727676967016,-0.023209738959141975
W7683,新疆,风电,18.0,False,False,-0.017850669185390994,-0.024653860389379785
W7693,山西,风电,18.0,False,False,-0.023274826257567292,-0.027623643727840333
W7695,新疆,风电,18.0,False,False,-0.02995665771232612,-0.030248515747051338
W7700,山西,风电,18.0,False,False,-0.023274826257567292,-0.027623643727840333
W7725,新疆,风电,18.0,False,False,-0.032251109597826406,-0.03336224047620924
W7727,新疆,风电,18.0,False,False,-0.033007614691447265,-0.03483701135390647
W7729,新疆,风电,18.0,False,False,-0.026022696179380984,-0.0398791872685226
W7735,新疆,风电,18.0,False,False,-0.0682877279683404,-0.07479253759592044
W7754,山西,风电,18.0,False,False,-0.030665563077453314,-0.030653934935900726
W7757,新疆,风电,18.0,False,False,-0.030804094807454684,-0.030752013310330444
W7776,新疆,风电,18.0,False,False,-0.033007614691447265,-0.03483701135390647
W7784,新疆,风电,18.0,False,False,-0.20486319633668273,-0.22437761866998904
W7787,新疆,风电,18.0,False,False,-0.10243159302327173,-0.11218880619105495
W7788,山西,风电,18.0,False,False,-0.02439779766759497,-0.027110198146626047
W7789,山西,风电,18.0,False,False,-0.026864274681617565,-0.028493840693984196
W7793,新疆,风电,18.0,False,False,-0.026022696179380984,-0.0398791872685226
W7794,山西,风电,18.0,False,False,-0.02280292045699332,-0.02619698892509477
W7799,山西,风电,18.0,False,False,-0.026864274681617565,-0.028493840693984196
W7804,新疆,风电,18.0,False,False,-0.022478950923649894,-0.028048423088423806
W7806,新疆,风电,18.0,False,False,-0.0682877279683404,-0.07479253759592044
W7812,山西,风电,18.0,False,False,-0.026864274681617565,-0.028493840693984196
W7816,新疆,风电,18.0,False,False,-0.0682877279683404,-0.07479253759592044
W7819,山西,风电,18.0,False,False,-0.032645680548600814,-0.03178118188371067
W7828,新疆,风电,18.0,False,False,-0.017572850626223883,-0.023183076498174443
W7829,山西,风电,18.0,False,False,-0.032645680548600814,-0.03178118188371067
W7830,山西,风电,18.0,False,False,-0.032645680548600814,-0.03178118188371067
W7838,山西,风电,18.0,False,False,-0.026864274681617565,-0.028493840693984196
W7840,新疆,风电,18.0,False,False,-0.030117348326715053,-0.03033917910904491
W7844,新疆,风电,18.0,False,False,-0.03317265210872959,-0.03501119578133562
W7850,山西,风电,18.0,False,False,-0.026987527896566558,-0.028563389412687094
W7851,新疆,风电,18.0,False,False,-0.033007614691447265,-0.03483701135390647
W7852,山西,风电,18.0,False,False,-0.026864274681617565,-0.028493840693984196
W7865,新疆,风电,18.0,False,False,-0.025910526982798457,-0.027972693807774313
W7876,新疆,风电,18.0,False,False,-0.026748365829104562,-0.0391980583570877
W7877,山西,风电,18.0,False,False,-0.026864274681617565,-0.028493840693984196
W7883,新疆,风电,18.0,False,False,-0.02194013709754842,-0.026102362138982056
W7884,山西,风电,18.0,False,False,-0.026864274681617565,-0.028493840693984196
W7890,新疆,风电,18.0,False,False,-0.024662679712421358,-0.027240296403756258
W7897,新疆,风电,18.0,False,False,-0.026022696179380984,-0.0398791872685226
W7904,新疆,风电,18.0,False,False,-0.026748365829104562,-0.0391980583570877
W7911,新疆,风电,18.0,False,False,-0.026748365829104562,-0.0391980583570877
W7914,新疆,风电,18.0,False,False,-0.026748365829104562,-0.0391980583570877
W7921,新疆,风电,18.0,False,False,-0.026748365829104562,-0.0391980583570877
W7927,新疆,风电,18.0,False,False,-0.02194013709754842,-0.026102362138982056
W7935,山西,风电,18.0,False,False,-0.026864274681617565,-0.028493840693984196
W7941,山西,风电,18.0,False,False,-0.026864274681617565,-0.028493840693984196
W7948,山西,风电,18.0,False,False,-0.029729012252595225,-0.034920871001407006
W7953,山西,风电,18.0,False,False,-0.026864274681617565,-0.028493840693984196
W7958,山西,风电,18.0,False,False,-0.029729012252595225,-0.034920871001407006
W7978,山西,风电,18.0,False,False,-0.026864274681617565,-0.028493840693984196
W8000,新疆,风电,18.0,False,False,-0.033007614691447265,-0.03483701135390647
W8045,云南,风电,18.0,False,False,-0.043529515896361295,-0.051272014660949924
W8050,云南,风电,18.0,False,False,-0.03348423869964574,-0.03944000850254365
W8096,云南,风电,18.0,False,False,-0.028856734881774676,-0.031036636859608665
W8098,云南,风电,18.0,False,False,-0.028856734881774676,-0.031036636859608665
W8111,云南,风电,18.0,False,False,-0.03946434232330698,-0.0420918298101167
W8153,云南,风电,18.0,False,False,-0.028121283628690756,-0.029228132382958277
W8162,云南,风电,18.0,False,False,-0.03500600667225981,-0.038195921557425364
W8214,云南,风电,18.0,False,False,-0.026178504568195413,-0.02809651076976382
W89,甘肃,风电,18.0,False,False,-0.09974036723932438,-0.14305350094629588
W912,甘肃,风电,18.0,False,False,-0.023483327457066164,-0.026586491714042797
W922,甘肃,风电,18.0,False,False,-0.023483327457066164,-0.026586491714042797
W925,甘肃,风电,18.0,False,False,-0.07598808497830518,-0.09030593834705058
W97,甘肃,风电,18.0,False,False,-0.10023906203367373,-0.14376876390011037
W985,甘肃,风电,18.0,False,False,-0.09048595715864256,-0.12338650569855354
W994,甘肃,风电,18.0,False,False,-0.023483327457066164,-0.026586491714042797
10956,西藏,光伏,15.0,False,False,-0.01680698177716892,-0.020110363323702623
11041,西藏,光伏,15.0,False,False,-0.023855391882661586,-0.023971601413419173
11990,西藏,光伏,15.0,False,False,-0.022507452752140555,-0.023256420755111914
1798,青海,光伏,15.0,False,False,-0.09544064562864527,-0.09017666465944787
1800,青海,光伏,15.0,False,False,-0.4149593350354154,-0.392072458471146
4006,青海,光伏,15.0,False,False,-0.09576841832678187,-0.08599795585723205
4040,青海,光伏,15.0,False,False,-0.041223952671688886,-0.03490921531805776
4117,青海,光伏,15.0,False,False,-0.041223952671688886,-0.03490921531805776
4126,青海,光伏,15.0,False,False,-0.03605802921452334,-0.03196137930713646
4127,青海,光伏,15.0,False,False,-0.041223952671688886,-0.03490921531805776
4128,青海,光伏,15.0,False,False,-0.041223952671688886,-0.03490921531805776
4129,青海,光伏,15.0,False,False,-0.041223952671688886,-0.03490921531805776
4130,青海,光伏,15.0,False,False,-0.03999753496605556,-0.03420358412772975
4132,青海,光伏,15.0,False,False,-0.03999753496605556,-0.03420358412772975
4133,青海,光伏,15.0,False,False,-0.03999753496605556,-0.03420358412772975
4134,青海,光伏,15.0,False,False,-0.041223952671688886,-0.03490921531805776
4135,青海,光伏,15.0,False,False,-0.041223952671688886,-0.03490921531805776
4136,青海,光伏,15.0,False,False,-0.03605802921452334,-0.03196137930713646
4137,青海,光伏,15.0,False,False,-0.03598670761703496,-0.032629899989363075
4138,青海,光伏,15.0,False,False,-0.057934998732284596,-0.05251721232009074
4139,青海,光伏,15.0,False,False,-0.04009788599677251,-0.03426202504861827
4140,青海,光伏,15.0,False,False,-0.09840119110368428,-0.0877763354630768
4141,青海,光伏,15.0,False,False,-0.041167451964363826,-0.03487464151366015
4143,青海,光伏,15.0,False,False,-0.04920059597995301,-0.04388816798079689
4144,青海,光伏,15.0,False,False,-0.04224117209958219,-0.035487808093210574
4145,青海,光伏,15.0,False,False,-0.04224117209958219,-0.035487808093210574
4146,青海,光伏,15.0,False,False,-0.03604792485929336,-0.031954594802682965
4147,青海,光伏,15.0,False,False,-0.041223952671688886,-0.03490921531805776
4148,青海,光伏,15.0,False,False,-0.041223952671688886,-0.03490921531805776
4149,青海,光伏,15.0,False,False,-0.0449833822410161,-0.04078737366956752
4151,青海,光伏,15.0,False,False,-0.040923760007142596,-0.03473442635876163
4153,青海,光伏,15.0,False,False,-0.08299186740980224,-0.07841449180454609
4154,青海,光伏,15.0,False,False,-0.03999773899778564,-0.03418887813574909
4155,青海,光伏,15.0,False,False,-0.16598373173416886,-0.15682898168265552
4156,青海,光伏,15.0,False,False,-0.1244877986481904,-0.11762173640556835
4157,青海,光伏,15.0,False,False,-0.16598373173416886,-0.15682898168265552
4159,青海,光伏,15.0,False,False,-0.43985690250310383,-0.4155968109929773
4160,青海,光伏,15.0,False,False,-0.04672016410917744,-0.0433662981461792
4161,青海,光伏,15.0,False,False,-0.0329049332390388,-0.030140266432779627
4163,青海,光伏,15.0,False,False,-0.03322630398965735,-0.03032535097490748
4165,青海,光伏,15.0,False,False,-0.04708650645856942,-0.04388038756274068
4167,青海,光伏,15.0,False,False,-0.0329049332390388,-0.030140266432779627
4173,青海,光伏,15.0,False,False,-0.042679866592738626,-0.035732104199596354
4176,青海,光伏,15.0,False,False,-0.04074306690586677,-0.03461568944486479
4179,青海,光伏,15.0,False,False,-0.03999773899778564,-0.03418887813574909
4180,青海,光伏,15.0,False,False,-0.03336783346716749,-0.030407508781385626
4182,青海,光伏,15.0,False,False,-0.04672016410917744,-0.0433662981461792
4189,青海,光伏,15.0,False,False,-0.04672016410917744,-0.0433662981461792
4190,青海,光伏,15.0,False,False,-0.0934403279385199,-0.08673259610801783
4192,青海,光伏,15.0,False,False,-0.03864732248986231,-0.033439955610706784
4197,青海,光伏,15.0,False,False,-0.03828512712509419,-0.03529849764979671
4204,青海,光伏,15.0,False,False,-0.09636442645009233,-0.08648118106857848
4205,青海,光伏,15.0,False,False,-0.35051853530047083,-0.31002717075941816
4208,青海,光伏,15.0,False,False,-0.17887712410088963,-0.16634789204265205
4225,青海,光伏,15.0,False,False,-0.8637172108682325,-0.7674865995019644
4228,青海,光伏,15.0,False,False,-0.0934403279385199,-0.08673259610801783
4233,青海,光伏,15.0,False,False,-0.0863717179134447,-0.07674865790391243
4242,青海,光伏,15.0,False,False,-0.04266504761559784,-0.03573035315327401
4250,青海,光伏,15.0,False,False,-0.04266504761559784,-0.03573035315327401
4256,青海,光伏,15.0,False,False,-0.03665582402303698,-0.03230225572421761
4263,青海,光伏,15.0,False,False,-0.08943856181344896,-0.08317394589520148
4268,青海,光伏,15.0,False,False,-0.05746104958151782,-0.05159877275281733
4274,青海,光伏,15.0,False,False,-0.05548506469251071,-0.049974745844209335
4283,青海,光伏,15.0,False,False,-0.047884209272486995,-0.0429989780224045
4288,青海,光伏,15.0,False,False,-0.08299186740980224,-0.07841449180454609
4291,青海,光伏,15.0,False,False,-0.04245970394925474,-0.0386167256262975
4298,青海,光伏,15.0,False,False,-0.041809847928786,-0.03524308628958271
4301,青海,光伏,15.0,False,False,-0.08797494023141456,-0.08168821348917513
4309,青海,光伏,15.0,False,False,-0.04074306690586677,-0.03461568944486479
4317,青海,光伏,15.0,False,False,-0.09357263864587108,-0.08758904565847465
4320,青海,光伏,15.0,False,False,-0.047884209272486995,-0.0429989780224045
4326,青海,光伏,15.0,False,False,-0.03578419405666165,-0.03178585648511092
4420,青海,光伏,15.0,False,False,-0.04266504761559784,-0.03573035315327401
4434,青海,光伏,15.0,False,False,-0.17343684501590784,-0.15346052405501656
4440,青海,光伏,15.0,False,False,-0.0861829605021719,-0.07748521125319437
4446,青海,光伏,15.0,False,False,-0.17343684501590784,-0.15346052405501656
4452,青海,光伏,15.0,False,False,-0.5342647993798539,-0.49908146513085677
4456,青海,光伏,15.0,False,False,-0.04258701671827076,-0.035686267574804385
4463,青海,光伏,15.0,False,False,-0.5342647993798539,-0.49908146513085677
4479,青海,光伏,15.0,False,False,-0.040193564179380296,-0.034326496929969495
4490,青海,光伏,15.0,False,False,-0.05610213248002028,-0.05220734595753515
4510,青海,光伏,15.0,False,False,-0.05416023443755271,-0.04967710921615724
4516,青海,光伏,15.0,False,False,-0.048182212916495736,-0.043240590341729467
4522,青海,光伏,15.0,False,False,-0.048182212916495736,-0.043240590341729467
4535,青海,光伏,15.0,False,False,-0.0402508393725479,-0.03433549520819737
4541,青海,光伏,15.0,False,False,-0.04074306690586677,-0.03461568944486479
4543,青海,光伏,15.0,False,False,-0.09636442645009233,-0.08648118106857848
4603,青海,光伏,15.0,False,False,-0.03999773899778564,-0.03418887813574909
4609,青海,光伏,15.0,False,False,-0.039740961096348136,-0.03406269356460985
4615,青海,光伏,15.0,False,False,-0.03578419405666165,-0.03178585648511092
4622,青海,光伏,15.0,False,False,-0.08943856181344896,-0.08317394589520148
4631,青海,光伏,15.0,False,False,-0.08299186740980224,-0.07841449180454609
4641,青海,光伏,15.0,False,False,-0.04721535711482225,-0.04198522262710658
4642,青海,光伏,15.0,False,False,-0.03751241032093849,-0.032793253396238696
4647,青海,光伏,15.0,False,False,-0.09417301352297125,-0.08776077552918149
4648,青海,光伏,15.0,False,False,-0.09636442645009233,-0.08648118106857848
4654,青海,光伏,15.0,False,False,-0.09636442645009233,-0.08648118106857848
4682,青海,光伏,15.0,False,False,-0.17018533434680566,-0.15484532584216665
4690,青海,光伏,15.0,False,False,-0.03751241032093849,-0.032793253396238696
4693,青海,光伏,15.0,False,False,-0.04204259545694474,-0.035359247709033495
4705,青海,光伏,15.0,False,False,-0.432906258647301,-0.4021235746809451
4710,青海,光伏,15.0,False,False,-0.03422021983462296,-0.03089804234505637
4712,青海,光伏,15.0,False,False,-0.0354455331972686,-0.03157336259513125
4716,青海,光伏,15.0,False,False,-0.032500966845877485,-0.02991818296714866
4718,青海,光伏,15.0,False,False,-0.034873805336284286,-0.03143727078690574
4722,青海,光伏,15.0,False,False,-0.156147457589821,-0.14418751473280267
4724,青海,光伏,15.0,False,False,-0.034873805336284286,-0.03143727078690574
4726,青海,光伏,15.0,False,False,-0.04021804855664038,-0.03431434626907836
4744,青海,光伏,15.0,False,False,-0.11025418016237998,-0.1034499268345888
4746,青海,光伏,15.0,False,False,-0.03644080424317717,-0.03214211669349357
4752,青海,光伏,15.0,False,False,-0.03644080424317717,-0.03214211669349357
4756,青海,光伏,15.0,False,False,-0.03446094013854,-0.03175343374242032
4757,青海,光伏,15.0,False,False,-0.030420108885259926,-0.02903438487164294
4767,青海,光伏,15.0,False,False,-0.06485549169133212,-0.05819187809779982
4795,青海,光伏,15.0,False,False,-0.04093709371824033,-0.034749101684805904
4804,青海,光伏,15.0,False,False,-0.04047704467207409,-0.03622057600457489
4811,青海,光伏,15.0,False,False,-0.2489755964974403,-0.2352434723020904
4817,青海,光伏,15.0,False,False,-0.03797110799444852,-0.03306063839173076
4824,青海,光伏,15.0,False,False,-0.04136301926861265,-0.03499313640954745
4850,青海,光伏,15.0,False,False,-0.04103442133303276,-0.034800731571544605
4854,青海,光伏,15.0,False,False,-0.4340257074063155,-0.39138056380976943
4857,青海,光伏,15.0,False,False,-0.04103442133303276,-0.034800731571544605
4863,青海,光伏,15.0,False,False,-0.04103442133303276,-0.034800731571544605
4865,青海,光伏,15.0,False,False,-0.49119566631381073,-0.4535767867184178
4868,青海,光伏,15.0,False,False,-0.03604792485929336,-0.031954594802682965
4874,青海,光伏,15.0,False,False,-0.03604792485929336,-0.031954594802682965
4879,青海,光伏,15.0,False,False,-0.041223952671688886,-0.03490921531805776
4882,青海,光伏,15.0,False,False,-0.0402508393725479,-0.03433549520819737
4889,青海,光伏,15.0,False,False,-0.0402508393725479,-0.03433549520819737
4891,青海,光伏,15.0,False,False,-0.09546793236824741,-0.08871901798680744
4897,青海,光伏,15.0,False,False,-0.05099727918082537,-0.047755653523120806
4899,青海,光伏,15.0,False,False,-0.047884209272486995,-0.0429989780224045
4903,青海,光伏,15.0,False,False,-0.04074306690586677,-0.03461568944486479
4905,青海,光伏,15.0,False,False,-0.03598670761703496,-0.032629899989363075
4911,青海,光伏,15.0,False,False,-0.041223952671688886,-0.03490921531805776
4916,青海,光伏,15.0,False,False,-0.0449833822410161,-0.04078737366956752
4928,青海,光伏,15.0,False,False,-0.041223952671688886,-0.03490921531805776
4931,青海,光伏,15.0,False,False,-0.08671842281050332,-0.07673026222695233
4932,青海,光伏,15.0,False,False,-0.3059836508108392,-0.28653390596422385
4933,青海,光伏,15.0,False,False,-0.03605802921452334,-0.03196137930713646
4943,青海,光伏,15.0,False,False,-0.19680238196721833,-0.17555267075277
4944,青海,光伏,15.0,False,False,-0.7770771243784629,-0.7305957554139751
4952,青海,光伏,15.0,False,False,-0.14760178700223364,-0.1316645034063552
4956,青海,光伏,15.0,False,False,-0.04920059597995301,-0.04388816798079689
4957,青海,光伏,15.0,False,False,-0.041223952671688886,-0.03490921531805776
4960,青海,光伏,15.0,False,False,-0.03246796533364405,-0.030159265474088738
4966,青海,光伏,15.0,False,False,-0.07869226301869049,-0.0699753716726698
4977,青海,光伏,15.0,False,False,-0.03525315784580699,-0.03155742388531189
4992,青海,光伏,15.0,False,False,-0.6896473018080337,-0.6161518766886106
4994,青海,光伏,15.0,False,False,-0.6525674188523688,-0.584930250778347
4997,青海,光伏,15.0,False,False,-0.042679866592738626,-0.035732104199596354
4998,青海,光伏,15.0,False,False,-0.041223952671688886,-0.03490921531805776
6017,新疆,光伏,15.0,False,False,-0.04232020303683692,-0.0377507985848407
6030,新疆,光伏,15.0,False,False,-0.042068768415012045,-0.03540387397439703
6031,新疆,光伏,15.0,False,False,-0.05431558214918,-0.04707762917831577
6032,新疆,光伏,15.0,False,False,-0.03984783481064928,-0.03413524477167912
6036,新疆,光伏,15.0,False,False,-0.14170643288124019,-0.1212321758775136
6037,新疆,光伏,15.0,False,False,-0.07928806628449157,-0.06967476449649379
6057,新疆,光伏,15.0,False,False,-0.03881478136656156,-0.03353507349855526
6059,新疆,光伏,15.0,False,False,-0.03707191526737867,-0.03253264205414981
6060,新疆,光伏,15.0,False,False,-0.03633657960774115,-0.032119252800752236
6061,新疆,光伏,15.0,False,False,-0.04153698443895823,-0.03507006482733884
6063,新疆,光伏,15.0,False,False,-0.03382291968670668,-0.030668854581618984
6066,新疆,光伏,15.0,False,False,-0.07173061743728038,-0.06279285566182476
6067,新疆,光伏,15.0,False,False,-0.03469959491091899,-0.0311638090852802
6068,新疆,光伏,15.0,False,False,-0.03866030651138458,-0.0334221760296203
6069,新疆,光伏,15.0,False,False,-0.03288486763120969,-0.030118433539596236
6070,新疆,光伏,15.0,False,False,-0.05442302646438596,-0.04989159134480312
6076,新疆,光伏,15.0,False,False,-0.04875855012391344,-0.043583750129716284
6082,新疆,光伏,15.0,False,False,-0.18806051276702299,-0.1695347089036813
6083,新疆,光伏,15.0,False,False,-0.05662635394951662,-0.05001849901461428
6086,新疆,光伏,15.0,False,False,-0.1309910791970406,-0.11261778844047195
6089,新疆,光伏,15.0,False,False,-0.04053449600281238,-0.03453375325462014
6098,新疆,光伏,15.0,False,False,-0.04471827970765514,-0.039616737600282476
6101,新疆,光伏,15.0,False,False,-0.038286214544452794,-0.03323740803558755
6102,新疆,光伏,15.0,False,False,-0.2549097482461922,-0.22059682695017654
6104,新疆,光伏,15.0,False,False,-0.04013023445809736,-0.03426671986822631
6111,新疆,光伏,15.0,False,False,-0.03463483388759332,-0.031131630057942932
6112,新疆,光伏,15.0,False,False,-0.15503989428925055,-0.13472582281960463
6114,新疆,光伏,15.0,False,False,-0.043965792684375296,-0.03919491547780684
6120,新疆,光伏,15.0,False,False,-0.03462259626575595,-0.031129357857299502
6123,新疆,光伏,15.0,False,False,-0.041011080866577426,-0.03476732915632677
6124,新疆,光伏,15.0,False,False,-0.043965792684375296,-0.03919491547780684
6129,新疆,光伏,15.0,False,False,-0.22908179423518707,-0.19970015934229365
6131,新疆,光伏,15.0,False,False,-0.4596669406412549,-0.40608628213871434
6133,新疆,光伏,15.0,False,False,-0.1119869268282778,-0.09675155642158398
6140,新疆,光伏,15.0,False,False,-0.03595882966253401,-0.03236246655858715
6143,新疆,光伏,15.0,False,False,-0.07661114894198358,-0.06768104210198646
6149,新疆,光伏,15.0,False,False,-0.15689745228071264,-0.14047583899917027
6159,新疆,光伏,15.0,False,False,-0.306444595893637,-0.27072416849077086
6160,新疆,光伏,15.0,False,False,-0.28057686261205184,-0.24502206419471811
6165,新疆,光伏,15.0,False,False,-0.1664116705051417,-0.14854168995071199
6178,新疆,光伏,15.0,False,False,-0.06668496703910802,-0.058384721954114066
6183,新疆,光伏,15.0,False,False,-0.034389684286760716,-0.03109207648943394
6189,新疆,光伏,15.0,False,False,-0.05443841963457779,-0.04717768846378038
6190,新疆,光伏,15.0,False,False,-0.048083535914636405,-0.04275553645641419
6191,新疆,光伏,15.0,False,False,-0.03738340760151734,-0.03271660336965877
6197,新疆,光伏,15.0,False,False,-0.3556531430756402,-0.3113851745351712
6199,新疆,光伏,15.0,False,False,-0.8710147137129309,-0.7548430150970737
6214,新疆,光伏,15.0,False,False,-0.08320583535503608,-0.07427084503903618
6215,新疆,光伏,15.0,False,False,-0.04981287536016413,-0.04394291985912698
6219,新疆,光伏,15.0,False,False,-0.036561166972469646,-0.032323643282451124
6224,新疆,光伏,15.0,False,False,-0.1132490673764885,-0.09953499281635805
6230,新疆,光伏,15.0,False,False,-0.03592745427547238,-0.031947617249204446
6247,新疆,光伏,15.0,False,False,-0.25085486642413685,-0.21787743568843207
6253,新疆,光伏,15.0,False,False,-0.08320583535503608,-0.07427084503903618
6259,新疆,光伏,15.0,False,False,-0.23180261356304593,-0.20201709024330747
6268,新疆,光伏,15.0,False,False,-0.28577042814040676,-0.2571243862228136
6270,新疆,光伏,15.0,False,False,-0.043965792684375296,-0.03919491547780684
6276,新疆,光伏,15.0,False,False,-0.18934784346734643,-0.17065625973116058
6288,新疆,光伏,15.0,False,False,-0.41979953846646945,-0.3827124408610496
6290,新疆,光伏,15.0,False,False,-0.03978786020740513,-0.034072534033464816
6294,新疆,光伏,15.0,False,False,-0.03784449526650252,-0.034610666101135064
6295,新疆,光伏,15.0,False,False,-0.042461372726417534,-0.03563127916395988
6321,新疆,光伏,15.0,False,False,-0.038484394266463995,-0.03333117440423939
6322,新疆,光伏,15.0,False,False,-0.06350026263612318,-0.056045801586651074
6323,新疆,光伏,15.0,False,False,-0.04219093978378456,-0.03545804757226854
6328,新疆,光伏,15.0,False,False,-0.04219093978378456,-0.03545804757226854
6358,新疆,光伏,15.0,False,False,-0.04390216945361007,-0.03871135141321824
6360,新疆,光伏,15.0,False,False,-0.04040193827927577,-0.03444225857786322
6361,新疆,光伏,15.0,False,False,-0.05560062761564536,-0.04916582146294182
6362,新疆,光伏,15.0,False,False,-0.2650513927709823,-0.23145944090193304
6365,新疆,光伏,15.0,False,False,-0.04051388194843518,-0.03450420292822484
6380,新疆,光伏,15.0,False,False,-0.0420077032527333,-0.0353458111436111
6387,新疆,光伏,15.0,False,False,-0.03798332303955536,-0.033060460256124066
6388,新疆,光伏,15.0,False,False,-0.06742940705639339,-0.06058894222891389
6389,新疆,光伏,15.0,False,False,-0.058046849268735705,-0.05383007216583935
6394,新疆,光伏,15.0,False,False,-0.08417139034541907,-0.0758398777718395
6405,新疆,光伏,15.0,False,False,-0.4303837335104897,-0.3767571520907079
6415,新疆,光伏,15.0,False,False,-0.042605021429822094,-0.03570425303657886
6428,新疆,光伏,15.0,False,False,-0.039033608957195036,-0.03366122645134491
6435,新疆,光伏,15.0,False,False,-0.08154332938439794,-0.07309746116994818
6443,新疆,光伏,15.0,False,False,-0.04267177698906919,-0.03572207688535146
6447,新疆,光伏,15.0,False,False,-0.10466132498360448,-0.09140577426238201
6451,新疆,光伏,15.0,False,False,-0.03666164490066508,-0.03345426440194253
6465,新疆,光伏,15.0,False,False,-0.0386856771489845,-0.03346392780255473
6467,新疆,光伏,15.0,False,False,-0.04224470840695304,-0.03548740441893084
6468,新疆,光伏,15.0,False,False,-0.03715492584274078,-0.032588070031838015
6475,新疆,光伏,15.0,False,False,-0.06738533085270648,-0.05923285499007216
6476,新疆,光伏,15.0,False,False,-0.03715492584274078,-0.032588070031838015
6485,新疆,光伏,15.0,False,False,-0.04033227072287388,-0.03438845580119874
6528,新疆,光伏,15.0,False,False,-0.05621407217429831,-0.05174839455879827
6536,新疆,光伏,15.0,False,False,-0.05442302646438596,-0.04989159134480312
6538,新疆,光伏,15.0,False,False,-0.03893989248806784,-0.033613240670977526
6548,新疆,光伏,15.0,False,False,-0.03893989248806784,-0.033613240670977526
6559,新疆,光伏,15.0,False,False,-0.060413728245108406,-0.053602837026480714
6564,新疆,光伏,15.0,False,False,-0.03901998945367522,-0.03366226651525456
6565,新疆,光伏,15.0,False,False,-0.09705533489372606,-0.08385134777840968
6566,新疆,光伏,15.0,False,False,-0.038027124013321395,-0.0330910067202495
6574,新疆,光伏,15.0,False,False,-0.03701137573242047,-0.03250248287104773
6576,新疆,光伏,15.0,False,False,-0.09140762381014934,-0.07898215824801874
6579,新疆,光伏,15.0,False,False,-0.3852884416009271,-0.34129499516988865
6582,新疆,光伏,15.0,False,False,-0.35800501170011567,-0.3171919358515621
6590,新疆,光伏,15.0,False,False,-0.03599723611923128,-0.03191970042146941
6598,新疆,光伏,15.0,False,False,-0.2941170754376693,-0.2583856342678692
6602,新疆,光伏,15.0,False,False,-0.03803935095801733,-0.03308289861315541
6607,新疆,光伏,15.0,False,False,-0.04970193878107588,-0.043471149117094605
6609,新疆,光伏,15.0,False,False,-0.374053418283911,-0.3287470644232517
6625,新疆,光伏,15.0,False,False,-0.05928665271344217,-0.05173517055827995
6628,新疆,光伏,15.0,False,False,-0.05142356167592857,-0.04501603567522733
6634,新疆,光伏,15.0,False,False,-0.04156902951773777,-0.035123626391805274
6638,新疆,光伏,15.0,False,False,-0.059334976375766804,-0.05201562349848139
6644,新疆,光伏,15.0,False,False,-0.037057006420374614,-0.03253514929250033
6659,新疆,光伏,15.0,False,False,-0.04282694569397864,-0.03581586730033562
6669,新疆,光伏,15.0,False,False,-0.03855201208070474,-0.03402995956223
6672,新疆,光伏,15.0,False,False,-0.03956736268317244,-0.03563767571229769
6675,新疆,光伏,15.0,False,False,-0.03627150795955653,-0.03207447736738328
6707,新疆,光伏,15.0,False,False,-0.03946181581381835,-0.03388298971606301
6720,新疆,光伏,15.0,False,False,-0.038229059564947494,-0.03318686928496772
6731,新疆,光伏,15.0,False,False,-0.04279904424912347,-0.03579857434657886
6739,新疆,光伏,15.0,False,False,-0.3384889537788246,-0.3049071878742629
6740,新疆,光伏,15.0,False,False,-0.03597695734990082,-0.03190298544974024
6745,新疆,光伏,15.0,False,False,-0.039865077924843784,-0.03429873458083628
6747,新疆,光伏,15.0,False,False,-0.2835674280141777,-0.247275863116524
6753,新疆,光伏,15.0,False,False,-0.03248200755847635,-0.030224673371802947
6755,新疆,光伏,15.0,False,False,-0.038384642480622205,-0.033298917254454156
6760,新疆,光伏,15.0,False,False,-0.042936308842497134,-0.03906033524928672
6764,新疆,光伏,15.0,False,False,-0.038504396848014995,-0.033327538844154694
6766,新疆,光伏,15.0,False,False,-0.24294530124394753,-0.225593110698568
6777,新疆,光伏,15.0,False,False,-0.04061574569477883,-0.03457216235762349
6790,新疆,光伏,15.0,False,False,-0.13791745006797973,-0.12016562574272056
6793,新疆,光伏,15.0,False,False,-0.04178263655656721,-0.03523967018191179
6799,新疆,光伏,15.0,False,False,-0.13433044750676285,-0.11671683235478804
6802,新疆,光伏,15.0,False,False,-0.03966686851334243,-0.03402596816399525
6804,新疆,光伏,15.0,False,False,-0.06964307545756734,-0.06155152363016633
6806,新疆,光伏,15.0,False,False,-0.03736762736359089,-0.033260845708473874
6812,新疆,光伏,15.0,False,False,-0.6426291518094492,-0.5584970538626961
6815,新疆,光伏,15.0,False,False,-0.03856024193967697,-0.03336489823216091
6819,新疆,光伏,15.0,False,False,-0.11606128869163944,-0.1011767377176892
6824,新疆,光伏,15.0,False,False,-0.420828374228966,-0.3730743552355558
6827,新疆,光伏,15.0,False,False,-0.268660894767664,-0.23343366451495728
6831,新疆,光伏,15.0,False,False,-0.03843809169670576,-0.033603580639444526
6839,新疆,光伏,15.0,False,False,-0.06327982425945522,-0.05649484164359009
6845,新疆,光伏,15.0,False,False,-0.04250217947858392,-0.03564002690499517
6852,新疆,光伏,15.0,False,False,-0.04250217947858392,-0.03564002690499517
6854,新疆,光伏,15.0,False,False,-0.09639979361421147,-0.08453113287849513
6867,新疆,光伏,15.0,False,False,-0.06426652714865774,-0.056354087404987256
6883,新疆,光伏,15.0,False,False,-0.03677792579261711,-0.03233611419084821
6885,新疆,光伏,15.0,False,False,-0.06426652714865774,-0.056354087404987256
6895,新疆,光伏,15.0,False,False,-0.05429486939222199,-0.04832093480379532
6898,新疆,光伏,15.0,False,False,-0.1618229199180175,-0.14478755370738308
6907,新疆,光伏,15.0,False,False,-0.05519934320827302,-0.04799659643207195
6913,新疆,光伏,15.0,False,False,-0.07683428883088307,-0.06877096805409577
6916,新疆,光伏,15.0,False,False,-0.49536735837026835,-0.4411447541411932
6918,新疆,光伏,15.0,False,False,-0.08882963174144408,-0.07662602347928214
6928,新疆,光伏,15.0,False,False,-0.0664112921059378,-0.061661875112418885
6938,新疆,光伏,15.0,False,False,-0.037682310219144935,-0.03289131690338301
6959,新疆,光伏,15.0,False,False,-0.04204277998534505,-0.03808829623372175
6963,新疆,光伏,15.0,False,False,-0.08320583535503608,-0.07427084503903618
697,甘肃,光伏,15.0,False,False,-0.04178847035738383,-0.03527678526245046
6981,新疆,光伏,15.0,False,False,-0.06920732996609279,-0.06264141594631883
7325,新疆,光伏,15.0,False,False,-0.0394289962025795,-0.03388183801290925
7332,新疆,光伏,15.0,False,False,-0.07486323117550196,-0.06678325954728022
W100,甘肃,风电,15.0,False,False,-0.1724520732877699,-0.1727213921103618
W1057,广西,风电,15.0,False,False,-0.02977714457394247,-0.029761870378228108
W1069,广西,风电,15.0,False,False,-0.03509719902059793,-0.031669894813694595
W1073,广西,风电,15.0,False,False,-0.036267521952227356,-0.03207730705836832
W1083,广西,风电,15.0,False,False,-0.039384000188027235,-0.03385872573193459
W1130,河北,风电,15.0,False,False,-0.040741514689992826,-0.03464083166671315
W1134,河北,风电,15.0,False,False,-0.041886882069811754,-0.03529076897969522
W124,甘肃,风电,15.0,False,False,-0.17159410991257298,-0.17186208627009236
W125,甘肃,风电,15.0,False,False,-0.17159410991257298,-0.17186208627009236
W1273,广西,风电,15.0,False,False,-0.041063203022490856,-0.034813488841763496
W1280,河北,风电,15.0,False,False,-0.038293862784945426,-0.03321107929739557
W1284,河北,风电,15.0,False,False,-0.04145437039075661,-0.03501914349460962
W130,甘肃,风电,15.0,False,False,-0.13822831399366053,-0.13192942171576827
W1340,河北,风电,15.0,False,False,-0.037358158064123445,-0.03265685000080015
W1356,河北,风电,15.0,False,False,-0.03718840827823974,-0.032560008032666246
W1358,河北,风电,15.0,False,False,-0.03718840827823974,-0.032560008032666246
W136,甘肃,风电,15.0,False,False,-0.03455707767526706,-0.032982354940891793
W1360,河北,风电,15.0,False,False,-0.03563982489408696,-0.0316865884728468
W1362,河北,风电,15.0,False,False,-0.03563982489408696,-0.0316865884728468
W1374,河北,风电,15.0,False,False,-0.0418014420268068,-0.03728341388400308
W1376,河北,风电,15.0,False,False,-0.09078364921013243,-0.08444265865604669
W138,甘肃,风电,15.0,False,False,-0.11395010262446763,-0.10547608103231496
W1387,河北,风电,15.0,False,False,-0.06627206109924197,-0.061643138803251854
W1389,河北,风电,15.0,False,False,-0.044937910162446824,-0.04179911840435537
W139,甘肃,风电,15.0,False,False,-0.11451702948393626,-0.10600084384320412
W140,甘肃,风电,15.0,False,False,-0.056691590763590635,-0.05247566054991343
W141,甘肃,风电,15.0,False,False,-0.13808511806896243,-0.12346653282510632
W1482,海南,风电,15.0,False,False,-0.0372874662894995,-0.03713826504884106
W1483,海南,风电,15.0,False,False,-0.0357959725093417,-0.035652737607015865
W1502,河北,风电,15.0,False,False,-0.03720582717380273,-0.03257979245757969
W1509,河北,风电,15.0,False,False,-0.03671434801475146,-0.03232501161137592
W1529,河北,风电,15.0,False,False,-0.038293862784945426,-0.03321107929739557
W1612,河北,风电,15.0,False,False,-0.03718840827823974,-0.032560008032666246
W1769,广西,风电,15.0,False,False,-0.031677820926215,-0.03166156875312908
W1774,广西,风电,15.0,False,False,-0.031677820926215,-0.03166156875312908
W178,北京,风电,15.0,False,False,-0.04044594844403141,-0.03441237220776808
W180,北京,风电,15.0,False,False,-0.04044594844403141,-0.03441237220776808
W181,北京,风电,15.0,False,False,-0.04044594844403141,-0.03441237220776808
W1866,河北,风电,15.0,False,False,-0.026534711768034847,-0.02640816989487239
W1875,河北,风电,15.0,False,False,-0.039057452711638914,-0.03361233523487462
W1883,河北,风电,15.0,False,False,-0.04176680828285315,-0.03521882118335376
W1887,河北,风电,15.0,False,False,-0.03639917103989178,-0.03210745549243911
W1892,河北,风电,15.0,False,False,-0.0373982616059009,-0.032690534703118654
W2206,黑龙江,风电,15.0,False,False,-0.05133050542758057,-0.051232829673298105
W2208,黑龙江,风电,15.0,False,False,-0.05346927843986541,-0.05336753192423589
W2214,黑龙江,风电,15.0,False,False,-0.05346927843986541,-0.05336753192423589
W2237,黑龙江,风电,15.0,False,False,-0.066413364800958,-0.06405778789996217
W2263,河北,风电,15.0,False,False,-0.03892291640510203,-0.03357307794735795
W2266,河北,风电,15.0,False,False,-0.04145437039075661,-0.03501914349460962
W2269,黑龙江,风电,15.0,False,False,-0.06048129564702532,-0.05976299910149911
W2282,黑龙江,风电,15.0,False,False,-0.06589318506948766,-0.06247192611771815
W2377,河北,风电,15.0,False,False,-0.04784416651324736,-0.04461211750321248
W2379,黑龙江,风电,15.0,False,False,-0.06337490337526973,-0.06368085095186192
W2383,黑龙江,风电,15.0,False,False,-0.03596285782950649,-0.0318669859013193
W2404,黑龙江,风电,15.0,False,False,-0.039347309046195815,-0.03381253677798568
W2420,黑龙江,风电,15.0,False,False,-0.03810585068826107,-0.033085542879477556
W2423,河北,风电,15.0,False,False,-0.04089676534530836,-0.034670854623060215
W2431,河北,风电,15.0,False,False,-0.026534711768034847,-0.02640816989487239
W2436,河北,风电,15.0,False,False,-0.026534711768034847,-0.02640816989487239
W2441,河北,风电,15.0,False,False,-0.026534711768034847,-0.02640816989487239
W2447,河北,风电,15.0,False,False,-0.04089676534530836,-0.034670854623060215
W2455,河北,风电,15.0,False,False,-0.039057452711638914,-0.03361233523487462
W2456,黑龙江,风电,15.0,False,False,-0.03810585068826107,-0.033085542879477556
W2461,河北,风电,15.0,False,False,-0.039057452711638914,-0.03361233523487462
W2465,河北,风电,15.0,False,False,-0.039644825225456676,-0.03394976031685066
W2466,黑龙江,风电,15.0,False,False,-0.035901485724069274,-0.036316155459263165
W2468,河北,风电,15.0,False,False,-0.04177193114570605,-0.035167345445978604
W2471,黑龙江,风电,15.0,False,False,-0.035901485724069274,-0.036316155459263165
W2475,黑龙江,风电,15.0,False,False,-0.035901485724069274,-0.036316155459263165
W2476,河北,风电,15.0,False,False,-0.04177193114570605,-0.035167345445978604
W2477,河北,风电,15.0,False,False,-0.04089676534530836,-0.034670854623060215
W2482,河北,风电,15.0,False,False,-0.026534711768034847,-0.02640816989487239
W2488,河北,风电,15.0,False,False,-0.026534711768034847,-0.02640816989487239
W2495,黑龙江,风电,15.0,False,False,-0.031593303576803504,-0.03195821451183183
W2497,黑龙江,风电,15.0,False,False,-0.035901485724069274,-0.036316155459263165
W2504,黑龙江,风电,15.0,False,False,-0.04628313867446778,-0.04507631341880245
W2507,河北,风电,15.0,False,False,-0.026534711768034847,-0.02640816989487239
W2515,河北,风电,15.0,False,False,-0.05496192148481602,-0.04934171913264031
W2519,河北,风电,15.0,False,False,-0.04089676534530836,-0.034670854623060215
W2524,黑龙江,风电,15.0,False,False,-0.03710290525514462,-0.03787875736345156
W2525,河北,风电,15.0,False,False,-0.026534711768034847,-0.02640816989487239
W2553,黑龙江,风电,15.0,False,False,-0.051483386241816094,-0.05129662518975607
W2567,黑龙江,风电,15.0,False,False,-0.03294658819795913,-0.031235960322447232
W2577,黑龙江,风电,15.0,False,False,-0.03092482402488478,-0.02897628093188019
W2590,黑龙江,风电,15.0,False,False,-0.037913060918269355,-0.032976672440078576
W2604,黑龙江,风电,15.0,False,False,-0.035901485724069274,-0.036316155459263165
W2610,黑龙江,风电,15.0,False,False,-0.03526409042652015,-0.03534411655660771
W2622,黑龙江,风电,15.0,False,False,-0.035178454056463804,-0.03526487874577034
W2626,黑龙江,风电,15.0,False,False,-0.04763960116400479,-0.0476099336882073
W2638,黑龙江,风电,15.0,False,False,-0.04673743801239572,-0.04796669211204119
W2648,黑龙江,风电,15.0,False,False,-0.04763960116400479,-0.0476099336882073
W2655,黑龙江,风电,15.0,False,False,-0.061072481166094414,-0.06025916243430059
W2665,黑龙江,风电,15.0,False,False,-0.0576313233000745,-0.057668464507383305
W2679,黑龙江,风电,15.0,False,False,-0.05532606679414909,-0.055361723659611985
W2693,黑龙江,风电,15.0,False,False,-0.04763960116400479,-0.0476099336882073
W2703,黑龙江,风电,15.0,False,False,-0.04763960116400479,-0.0476099336882073
W2708,黑龙江,风电,15.0,False,False,-0.03843617022986747,-0.03936402609691637
W2710,黑龙江,风电,15.0,False,False,-0.06717217847628036,-0.06282390544021332
W2713,黑龙江,风电,15.0,False,False,-0.06717217847628036,-0.06282390544021332
W2720,黑龙江,风电,15.0,False,False,-0.06717217847628036,-0.06282390544021332
W2724,黑龙江,风电,15.0,False,False,-0.06717217847628036,-0.06282390544021332
W2734,黑龙江,风电,15.0,False,False,-0.0576313233000745,-0.057668464507383305
W2736,黑龙江,风电,15.0,False,False,-0.041554975614505815,-0.04094000969857198
W2751,黑龙江,风电,15.0,False,False,-0.04240303926733022,-0.04177552187341853
W2766,黑龙江,风电,15.0,False,False,-0.03901079098596187,-0.03843347671533855
W2767,黑龙江,风电,15.0,False,False,-0.06195147070966839,-0.06064502943844693
W2778,黑龙江,风电,15.0,False,False,-0.0576313233000745,-0.057668464507383305
W2780,河北,风电,15.0,False,False,-0.04126794484639361,-0.04077248296810945
W2781,黑龙江,风电,15.0,False,False,-0.03843617022986747,-0.03936402609691637
W2786,河北,风电,15.0,False,False,-0.03254115140649314,-0.029876602452295287
W2790,黑龙江,风电,15.0,False,False,-0.03843617022986747,-0.03936402609691637
W2792,河北,风电,15.0,False,False,-0.04126794484639361,-0.04077248296810945
W2794,黑龙江,风电,15.0,False,False,-0.0576313233000745,-0.057668464507383305
W2797,河北,风电,15.0,False,False,-0.04126794484639361,-0.04077248296810945
W2803,黑龙江,风电,15.0,False,False,-0.05175606715577135,-0.04922212905051496
W2812,黑龙江,风电,15.0,False,False,-0.06195147070966839,-0.06064502943844693
W2813,黑龙江,风电,15.0,False,False,-0.037913060918269355,-0.032976672440078576
W2820,黑龙江,风电,15.0,False,False,-0.04240303926733022,-0.04177552187341853
W2822,黑龙江,风电,15.0,False,False,-0.03596285782950649,-0.0318669859013193
W2824,黑龙江,风电,15.0,False,False,-0.04673743801239572,-0.04796669211204119
W2827,黑龙江,风电,15.0,False,False,-0.05532606679414909,-0.055361723659611985
W2833,黑龙江,风电,15.0,False,False,-0.04673743801239572,-0.04796669211204119
W2837,黑龙江,风电,15.0,False,False,-0.05532606679414909,-0.055361723659611985
W2843,黑龙江,风电,15.0,False,False,-0.063539858189293,-0.060225663692233984
W2845,黑龙江,风电,15.0,False,False,-0.04763960116400479,-0.0476099336882073
W2853,黑龙江,风电,15.0,False,False,-0.06195147070966839,-0.06064502943844693
W2866,黑龙江,风电,15.0,False,False,-0.06195147070966839,-0.06064502943844693
W2868,黑龙江,风电,15.0,False,False,-0.04248975430606526,-0.035605593585257514
W2869,黑龙江,风电,15.0,False,False,-0.06298028863416852,-0.06303018905175596
W2877,黑龙江,风电,15.0,False,False,-0.039118803476047896,-0.033654637906028725
W2880,黑龙江,风电,15.0,False,False,-0.0576313233000745,-0.057668464507383305
W2887,黑龙江,风电,15.0,False,False,-0.0576313233000745,-0.057668464507383305
W2892,黑龙江,风电,15.0,False,False,-0.0576313233000745,-0.057668464507383305
W2907,黑龙江,风电,15.0,False,False,-0.03228497754482605,-0.029747344824307746
W2911,黑龙江,风电,15.0,False,False,-0.06636459677733536,-0.0646390536852292
W2919,黑龙江,风电,15.0,False,False,-0.08132909167090153,-0.07212936640639142
W2924,黑龙江,风电,15.0,False,False,-0.03596285782950649,-0.0318669859013193
W2934,黑龙江,风电,15.0,False,False,-0.0584417139397674,-0.05773214597851785
W2966,黑龙江,风电,15.0,False,False,-0.0449226553937421,-0.04088767365980862
W3095,湖南,风电,15.0,False,False,-0.04126951462233179,-0.0348750470682747
W3102,湖南,风电,15.0,False,False,-0.04018279143302691,-0.03424583618144777
W3107,湖南,风电,15.0,False,False,-0.04003246972051562,-0.034170213359039955
W3191,内蒙古,风电,15.0,False,False,-0.17858690415801495,-0.17067630373951942
W3243,湖南,风电,15.0,False,False,-0.027097197705190187,-0.0279743551591497
W3274,内蒙古,风电,15.0,False,False,-0.07861755017531039,-0.06821719143796104
W3282,内蒙古,风电,15.0,False,False,-0.03821507688598553,-0.033199400314867754
W3338,湖南,风电,15.0,False,False,-0.04264100210321358,-0.035647489367206874
W3351,湖南,风电,15.0,False,False,-0.04264100210321358,-0.035647489367206874
W3358,湖南,风电,15.0,False,False,-0.04018279143302691,-0.03424583618144777
W3384,湖南,风电,15.0,False,False,-0.04018279143302691,-0.03424583618144777
W3410,湖南,风电,15.0,False,False,-0.03564583755835984,-0.031679591214266244
W3413,湖南,风电,15.0,False,False,-0.04018279143302691,-0.03424583618144777
W3447,湖南,风电,15.0,False,False,-0.06734978616110314,-0.0663161616747152
W3449,湖南,风电,15.0,False,False,-0.03166294232092836,-0.02938578150658109
W3459,湖南,风电,15.0,False,False,-0.03477802431170177,-0.03117079808310131
W3463,湖南,风电,15.0,False,False,-0.028305322506130853,-0.028859088025855743
W3472,湖南,风电,15.0,False,False,-0.03904693301895176,-0.033607882536886034
W3572,湖南,风电,15.0,False,False,-0.04200100032739295,-0.035300909837012284
W3610,湖南,风电,15.0,False,False,-0.0396450434228781,-0.0339728783551948
W3973,湖南,风电,15.0,False,False,-0.04200100032739295,-0.035300909837012284
W3983,湖南,风电,15.0,False,False,-0.03739831982562449,-0.03269830644128154
W4016,内蒙古,风电,15.0,False,False,-0.041490099180426517,-0.042277840313735784
W4047,内蒙古,风电,15.0,False,False,-0.06003073412950195,-0.05862169884650833
W4050,内蒙古,风电,15.0,False,False,-0.030625624523748528,-0.030856860318353257
W4054,内蒙古,风电,15.0,False,False,-0.030625624523748528,-0.030856860318353257
W4062,内蒙古,风电,15.0,False,False,-0.06003073412950195,-0.05862169884650833
W4090,内蒙古,风电,15.0,False,False,-0.09191411814473908,-0.09090761934381032
W4101,内蒙古,风电,15.0,False,False,-0.04162376515927704,-0.04223609271638714
W4230,内蒙古,风电,15.0,False,False,-0.04335808574513375,-0.04399592814248662
W4253,内蒙古,风电,15.0,False,False,-0.04335808574513375,-0.04399592814248662
W4259,内蒙古,风电,15.0,False,False,-0.1530143006558032,-0.1465974607325113
W4268,内蒙古,风电,15.0,False,False,-0.051694022393732386,-0.04952617053560649
W4304,内蒙古,风电,15.0,False,False,-0.051694022393732386,-0.04952617053560649
W4313,内蒙古,风电,15.0,False,False,-0.054832643858521796,-0.0534056299282563
W4347,内蒙古,风电,15.0,False,False,-0.040612175194716764,-0.041995193127171385
W4386,内蒙古,风电,15.0,False,False,-0.02954003519701626,-0.028161186215450607
W4416,内蒙古,风电,15.0,False,False,-0.052737006691308964,-0.05336976132257685
W4461,内蒙古,风电,15.0,False,False,-0.03338530960055805,-0.030360587917994796
W4475,内蒙古,风电,15.0,False,False,-0.027098288465797784,-0.026745479932582653
W4484,内蒙古,风电,15.0,False,False,-0.11662493309491696,-0.10657713963851881
W4505,内蒙古,风电,15.0,False,False,-0.03496909631682328,-0.031295135393296425
W4506,内蒙古,风电,15.0,False,False,-0.052737006691308964,-0.05336976132257685
W4510,内蒙古,风电,15.0,False,False,-0.03182587092582113,-0.02948856886138379
W4517,内蒙古,风电,15.0,False,False,-0.03182587092582113,-0.02948856886138379
W4522,内蒙古,风电,15.0,False,False,-0.031484364310902464,-0.02929244369332323
W4533,内蒙古,风电,15.0,False,False,-0.041490099180426517,-0.042277840313735784
W4534,内蒙古,风电,15.0,False,False,-0.016226734904918192,-0.02004989413876281
W4539,内蒙古,风电,15.0,False,False,-0.09191411814473908,-0.09090761934381032
W4548,内蒙古,风电,15.0,False,False,-0.04595705875667413,-0.04545380942616067
W4551,内蒙古,风电,15.0,False,False,-0.030625624523748528,-0.030856860318353257
W4588,内蒙古,风电,15.0,False,False,-0.034164281022697876,-0.03080909072822107
W4603,内蒙古,风电,15.0,False,False,-0.1434520387539334,-0.13611754730628448
W4611,内蒙古,风电,15.0,False,False,-0.050347080487268846,-0.04655247958573658
W4626,内蒙古,风电,15.0,False,False,-0.041490099180426517,-0.042277840313735784
W4690,内蒙古,风电,15.0,False,False,-0.2522602916293894,-0.24102028959449232
W4736,内蒙古,风电,15.0,False,False,-0.050347080487268846,-0.04655247958573658
W4753,内蒙古,风电,15.0,False,False,-0.050347080487268846,-0.04655247958573658
W4783,内蒙古,风电,15.0,False,False,-0.03521374220509489,-0.03144588861805521
W4791,内蒙古,风电,15.0,False,False,-0.034933518803739017,-0.0312852780529879
W4807,内蒙古,风电,15.0,False,False,-0.034133806929336756,-0.030821517472036777
W4808,内蒙古,风电,15.0,False,False,-0.034933518803739017,-0.0312852780529879
W4814,内蒙古,风电,15.0,False,False,-0.10909390557177648,-0.10064931704585674
W4815,内蒙古,风电,15.0,False,False,-0.034933518803739017,-0.0312852780529879
W4832,内蒙古,风电,15.0,False,False,-0.034933518803739017,-0.0312852780529879
W4837,内蒙古,风电,15.0,False,False,-0.03338530960055805,-0.030360587917994796
W4852,内蒙古,风电,15.0,False,False,-0.050347080487268846,-0.04655247958573658
W4875,内蒙古,风电,15.0,False,False,-0.03416629972354467,-0.03510904246910654
W4888,内蒙古,风电,15.0,False,False,-0.03416629972354467,-0.03510904246910654
W4964,内蒙古,风电,15.0,False,False,-0.041490099180426517,-0.042277840313735784
W4968,内蒙古,风电,15.0,False,False,-0.029610500560290014,-0.0281867078830047
W4991,内蒙古,风电,15.0,False,False,-0.034565432699631624,-0.0337371993614512
W5005,青海,风电,15.0,False,False,-0.04402768626128778,-0.04216275426558651
W5007,青海,风电,15.0,False,False,-0.08036823729614491,-0.07451160333020994
W5009,青海,风电,15.0,False,False,-0.03792969103520416,-0.03301641452424051
W5010,青海,风电,15.0,False,False,-0.03792969103520416,-0.03301641452424051
W5014,青海,风电,15.0,False,False,-0.03792969103520416,-0.03301641452424051
W5019,青海,风电,15.0,False,False,-0.03792969103520416,-0.03301641452424051
W5021,青海,风电,15.0,False,False,-0.18082852937904137,-0.1676511054061729
W5022,青海,风电,15.0,False,False,-0.16073647524892304,-0.14902320730349677
W5025,青海,风电,15.0,False,False,-0.0376925750890148,-0.032881924912856145
W5112,辽宁,风电,15.0,False,False,-0.02039142927874729,-0.021736645416033026
W5243,辽宁,风电,15.0,False,False,-0.03890288628234807,-0.03356234633512055
W5305,辽宁,风电,15.0,False,False,-0.03155576583889801,-0.029420797452243568
W5342,辽宁,风电,15.0,False,False,-0.017005818287997895,-0.020303333831404955
W5379,辽宁,风电,15.0,False,False,-0.01659682564726424,-0.019846417633669133
W5423,辽宁,风电,15.0,False,False,-0.03984625680201223,-0.03254052826164336
W5501,山东,风电,15.0,False,False,-0.04469758735611188,-0.04408893740572742
W5754,青海,风电,15.0,False,False,-0.12055235181327827,-0.11176740249201972
W5824,吉林,风电,15.0,False,False,-0.027887839263906023,-0.02600299989442266
W583,甘肃,风电,15.0,False,False,-0.05073408612344342,-0.04347666227254623
W584,甘肃,风电,15.0,False,False,-0.0400238614477321,-0.034258032020713966
W585,甘肃,风电,15.0,False,False,-0.0400238614477321,-0.034258032020713966
W5940,青海,风电,15.0,False,False,-0.061141007131467216,-0.05282250620890616
W5948,吉林,风电,15.0,False,False,-0.039918308333444265,-0.03728291762487651
W5967,辽宁,风电,15.0,False,False,-0.03457712246875864,-0.03513065233892864
W6268,山西,风电,15.0,False,False,-0.03132685910963481,-0.029208415411361027
W6270,山西,风电,15.0,False,False,-0.035234517152548425,-0.03144976183900999
W6271,山西,风电,15.0,False,False,-0.03132685910963481,-0.029208415411361027
W629,甘肃,风电,15.0,False,False,-0.053721868063404066,-0.05398164470073296
W6339,山东,风电,15.0,False,False,-0.04469758735611188,-0.04408893740572742
W6352,山东,风电,15.0,False,False,-0.040868158082601386,-0.03467914450982768
W6360,山东,风电,15.0,False,False,-0.040868158082601386,-0.03467914450982768
W6375,山东,风电,15.0,False,False,-0.029739265801874023,-0.029951831010462154
W6384,山东,风电,15.0,False,False,-0.029739265801874023,-0.029951831010462154
W6386,山东,风电,15.0,False,False,-0.029144480344502312,-0.029352794425570802
W6452,山西,风电,15.0,False,False,-0.03877331075325523,-0.03409407329130578
W6550,山西,风电,15.0,False,False,-0.03568839694820784,-0.03174085454648959
W6723,山西,风电,15.0,False,False,-0.038945391071668604,-0.03360044665182795
W6866,山西,风电,15.0,False,False,-0.04285043125659838,-0.03581749907311462
W6906,山西,风电,15.0,False,False,-0.03342359128262683,-0.030436317870755677
W6910,山东,风电,15.0,False,False,-0.04469758735611188,-0.04408893740572742
W6915,山西,风电,15.0,False,False,-0.03342359128262683,-0.030436317870755677
W6918,山东,风电,15.0,False,False,-0.04469758735611188,-0.04408893740572742
W6931,山东,风电,15.0,False,False,-0.04469758735611188,-0.04408893740572742
W6937,山东,风电,15.0,False,False,-0.029739265801874023,-0.029951831010462154
W6954,山东,风电,15.0,False,False,-0.028549695547344146,-0.028753758078567854
W6956,山东,风电,15.0,False,False,-0.028549695547344146,-0.028753758078567854
W7010,新疆,风电,15.0,False,False,-0.0458737950713823,-0.040063173276918426
W7013,新疆,风电,15.0,False,False,-0.04564556808385232,-0.03986385471044355
W7016,新疆,风电,15.0,False,False,-0.04564556808385232,-0.03986385471044355
W7019,山西,风电,15.0,False,False,-0.04285043125659838,-0.03581749907311462
W7029,山西,风电,15.0,False,False,-0.04285043125659838,-0.03581749907311462
W7080,山西,风电,15.0,False,False,-0.048099345404100005,-0.043962314329898694
W7124,山西,风电,15.0,False,False,-0.037299787710653266,-0.03264581259992237
W7125,山西,风电,15.0,False,False,-0.037299787710653266,-0.03264581259992237
W7127,山西,风电,15.0,False,False,-0.037299787710653266,-0.03264581259992237
W7177,山西,风电,15.0,False,False,-0.04285043125659838,-0.03581749907311462
W7183,山西,风电,15.0,False,False,-0.04285043125659838,-0.03581749907311462
W7194,新疆,风电,15.0,False,False,-0.04283779064750133,-0.03582759750799287
W7196,山西,风电,15.0,False,False,-0.037299787710653266,-0.03264581259992237
W7213,新疆,风电,15.0,False,False,-0.03441558437989143,-0.034815283474232184
W7224,新疆,风电,15.0,False,False,-0.18401565811337459,-0.17125201911106094
W7233,新疆,风电,15.0,False,False,-0.029912770947729928,-0.029487386429186743
W7243,新疆,风电,15.0,False,False,-0.029912770947729928,-0.029487386429186743
W7248,山西,风电,15.0,False,False,-0.08853371214530932,-0.08145562954850208
W7253,山西,风电,15.0,False,False,-0.03476352951464971,-0.031207578395178244
W7256,新疆,风电,15.0,False,False,-0.03441558437989143,-0.034815283474232184
W7258,新疆,风电,15.0,False,False,-0.03441558437989143,-0.034815283474232184
W7260,山西,风电,15.0,False,False,-0.044266856621552345,-0.040727815173425004
W7268,新疆,风电,15.0,False,False,-0.028464234944667634,-0.027544645031345204
W7269,山西,风电,15.0,False,False,-0.03554192051732997,-0.031647101140471354
W7273,新疆,风电,15.0,False,False,-0.039239826803033416,-0.03379257818180682
W7276,新疆,风电,15.0,False,False,-0.03441558437989143,-0.034815283474232184
W7277,山西,风电,15.0,False,False,-0.03132685910963481,-0.029208415411361027
W7281,新疆,风电,15.0,False,False,-0.046866432505788744,-0.0472656774387684
W7285,新疆,风电,15.0,False,False,-0.03441558437989143,-0.034815283474232184
W7371,山西,风电,15.0,False,False,-0.03196364423035327,-0.029573245309762127
W7380,新疆,风电,15.0,False,False,-0.029912770947729928,-0.029487386429186743
W7382,山西,风电,15.0,False,False,-0.03342359128262683,-0.030436317870755677
W7383,新疆,风电,15.0,False,False,-0.028464234944667634,-0.027544645031345204
W7399,新疆,风电,15.0,False,False,-0.029912770947729928,-0.029487386429186743
W7408,山西,风电,15.0,False,False,-0.08809105113760524,-0.0810483558291416
W7410,新疆,风电,15.0,False,False,-0.04107395173276898,-0.03482279940661221
W7421,新疆,风电,15.0,False,False,-0.035872662120671604,-0.033365403342855045
W7424,新疆,风电,15.0,False,False,-0.029912770947729928,-0.029487386429186743
W7431,新疆,风电,15.0,False,False,-0.029912770947729928,-0.029487386429186743
W7439,新疆,风电,15.0,False,False,-0.17947660299565826,-0.1769243034339156
W7447,新疆,风电,15.0,False,False,-0.029912770947729928,-0.029487386429186743
W7460,新疆,风电,15.0,False,False,-0.029912770947729928,-0.029487386429186743
W7468,新疆,风电,15.0,False,False,-0.029912770947729928,-0.029487386429186743
W7470,新疆,风电,15.0,False,False,-0.08968164721084033,-0.08341350353892163
W7474,山西,风电,15.0,False,False,-0.030709129714843506,-0.02885442228988597
W7477,新疆,风电,15.0,False,False,-0.029912770947729928,-0.029487386429186743
W7479,山西,风电,15.0,False,False,-0.04285043125659838,-0.03581749907311462
W7480,新疆,风电,15.0,False,False,-0.029912770947729928,-0.029487386429186743
W7487,新疆,风电,15.0,False,False,-0.029912770947729928,-0.029487386429186743
W7492,山西,风电,15.0,False,False,-0.06413245248220201,-0.05861641366730349
W7495,新疆,风电,15.0,False,False,-0.029912770947729928,-0.029487386429186743
W7508,新疆,风电,15.0,False,False,-0.029912770947729928,-0.029487386429186743
W7514,山西,风电,15.0,False,False,-0.032607791400005054,-0.030845528958157502
W7515,山西,风电,15.0,False,False,-0.03741798772547722,-0.03271286504023323
W7516,新疆,风电,15.0,False,False,-0.029912770947729928,-0.029487386429186743
W7520,山西,风电,15.0,False,False,-0.032607791400005054,-0.030845528958157502
W7521,山西,风电,15.0,False,False,-0.044266856621552345,-0.040727815173425004
W7522,新疆,风电,15.0,False,False,-0.029912770947729928,-0.029487386429186743
W7535,山西,风电,15.0,False,False,-0.04062930245801226,-0.03843352576156348
W7545,新疆,风电,15.0,False,False,-0.029912770947729928,-0.029487386429186743
W7546,新疆,风电,15.0,False,False,-0.0428609342326482,-0.0358554482385785
W7559,新疆,风电,15.0,False,False,-0.04042290162502579,-0.034468956218727906
W7560,新疆,风电,15.0,False,False,-0.029912770947729928,-0.029487386429186743
W7568,新疆,风电,15.0,False,False,-0.029912770947729928,-0.029487386429186743
W7578,新疆,风电,15.0,False,False,-0.029912770947729928,-0.029487386429186743
W7592,新疆,风电,15.0,False,False,-0.029912770947729928,-0.029487386429186743
W7600,新疆,风电,15.0,False,False,-0.03441558437989143,-0.034815283474232184
W7603,山西,风电,15.0,False,False,-0.04094232779269888,-0.034727897182515385
W7606,新疆,风电,15.0,False,False,-0.03441558437989143,-0.034815283474232184
W7611,山西,风电,15.0,False,False,-0.04094232779269888,-0.034727897182515385
W7626,山西,风电,15.0,False,False,-0.035924915611466074,-0.03186050388706853
W7639,山西,风电,15.0,False,False,-0.03562868015634142,-0.03169079972223401
W7661,山西,风电,15.0,False,False,-0.04094232779269888,-0.034727897182515385
W7664,新疆,风电,15.0,False,False,-0.0284848546425466,-0.02757026159527556
W7683,新疆,风电,15.0,False,False,-0.029912770947729928,-0.029487386429186743
W7693,山西,风电,15.0,False,False,-0.03491145961064626,-0.032273161482516306
W7695,新疆,风电,15.0,False,False,-0.04026612967779295,-0.034338180364762876
W7700,山西,风电,15.0,False,False,-0.03491145961064626,-0.032273161482516306
W7725,新疆,风电,15.0,False,False,-0.04400470035140098,-0.03803189654188259
W7727,新疆,风电,15.0,False,False,-0.04564556808385232,-0.03986385471044355
W7729,新疆,风电,15.0,False,False,-0.04716156119704954,-0.04836013236933872
W7735,新疆,风电,15.0,False,False,-0.09684534562905044,-0.08617226006338612
W7754,山西,风电,15.0,False,False,-0.04094232779269888,-0.034727897182515385
W7757,新疆,风电,15.0,False,False,-0.04107395173276898,-0.03482279940661221
W7776,新疆,风电,15.0,False,False,-0.04564556808385232,-0.03986385471044355
W7784,新疆,风电,15.0,False,False,-0.2905360477345268,-0.25851678539643297
W7787,新疆,风电,15.0,False,False,-0.14526801875560202,-0.12925838958197008
W7788,山西,风电,15.0,False,False,-0.034940806991982244,-0.03131371097632537
W7789,山西,风电,15.0,False,False,-0.037299787710653266,-0.03264581259992237
W7793,新疆,风电,15.0,False,False,-0.04716156119704954,-0.04836013236933872
W7794,山西,风电,15.0,False,False,-0.03342359128262683,-0.030436317870755677
W7799,山西,风电,15.0,False,False,-0.037299787710653266,-0.03264581259992237
W7804,新疆,风电,15.0,False,False,-0.03494507340040625,-0.033035926965336575
W7806,新疆,风电,15.0,False,False,-0.09684534562905044,-0.08617226006338612
W7812,山西,风电,15.0,False,False,-0.037299787710653266,-0.03264581259992237
W7816,新疆,风电,15.0,False,False,-0.09684534562905044,-0.08617226006338612
W7819,山西,风电,15.0,False,False,-0.04285043125659838,-0.03581749907311462
W7828,新疆,风电,15.0,False,False,-0.028464234944667634,-0.027544645031345204
W7829,山西,风电,15.0,False,False,-0.04285043125659838,-0.03581749907311462
W7830,山西,风电,15.0,False,False,-0.04285043125659838,-0.03581749907311462
W7838,山西,风电,15.0,False,False,-0.037299787710653266,-0.03264581259992237
W7840,新疆,风电,15.0,False,False,-0.04042023142382357,-0.03442558887485538
W7844,新疆,风电,15.0,False,False,-0.0458737950713823,-0.040063173276918426
W7850,山西,风电,15.0,False,False,-0.03741798772547722,-0.03271286504023323
W7851,新疆,风电,15.0,False,False,-0.04564556808385232,-0.03986385471044355
W7852,山西,风电,15.0,False,False,-0.037299787710653266,-0.03264581259992237
W7865,新疆,风电,15.0,False,False,-0.03638455190060084,-0.0321438383396327
W7876,新疆,风电,15.0,False,False,-0.046866432505788744,-0.0472656774387684
W7877,山西,风电,15.0,False,False,-0.037299787710653266,-0.03264581259992237
W7883,新疆,风电,15.0,False,False,-0.032977331437730885,-0.030512644561486287
W7884,山西,风电,15.0,False,False,-0.037299787710653266,-0.03264581259992237
W7890,新疆,风电,15.0,False,False,-0.03519833598393723,-0.03143998431508237
W7897,新疆,风电,15.0,False,False,-0.04716156119704954,-0.04836013236933872
W7904,新疆,风电,15.0,False,False,-0.046866432505788744,-0.0472656774387684
W7911,新疆,风电,15.0,False,False,-0.046866432505788744,-0.0472656774387684
W7914,新疆,风电,15.0,False,False,-0.046866432505788744,-0.0472656774387684
W7921,新疆,风电,15.0,False,False,-0.046866432505788744,-0.0472656774387684
W7927,新疆,风电,15.0,False,False,-0.032977331437730885,-0.030512644561486287
W7935,山西,风电,15.0,False,False,-0.037299787710653266,-0.03264581259992237
W7941,山西,风电,15.0,False,False,-0.037299787710653266,-0.03264581259992237
W7948,山西,风电,15.0,False,False,-0.044266856621552345,-0.040727815173425004
W7953,山西,风电,15.0,False,False,-0.037299787710653266,-0.03264581259992237
W7958,山西,风电,15.0,False,False,-0.044266856621552345,-0.040727815173425004
W7978,山西,风电,15.0,False,False,-0.037299787710653266,-0.03264581259992237
W8000,新疆,风电,15.0,False,False,-0.04564556808385232,-0.03986385471044355
W8045,云南,风电,15.0,False,False,-0.0649633614675677,-0.0598339628628496
W8050,云南,风电,15.0,False,False,-0.04997181211302302,-0.046026122474138065
W8096,云南,风电,15.0,False,False,-0.04042101435830286,-0.035641000063209013
W8098,云南,风电,15.0,False,False,-0.04042101435830286,-0.035641000063209013
W8111,云南,风电,15.0,False,False,-0.05496853087660742,-0.04826217100509257
W8153,云南,风电,15.0,False,False,-0.03850612128863009,-0.033355083566315336
W8162,云南,风电,15.0,False,False,-0.04951382680976061,-0.04397608344056211
W8214,云南,风电,15.0,False,False,-0.03664984945884652,-0.03226522510232971
W89,甘肃,风电,15.0,False,False,-0.17159410991257298,-0.17186208627009236
W912,甘肃,风电,15.0,False,False,-0.034048964213114846,-0.030802256871979652
W922,甘肃,风电,15.0,False,False,-0.034048964213114846,-0.030802256871979652
W925,甘肃,风电,15.0,False,False,-0.11395010262446763,-0.10547608103231496
W97,甘肃,风电,15.0,False,False,-0.1724520732877699,-0.1727213921103618
W985,甘肃,风电,15.0,False,False,-0.14994097052779579,-0.14720871043640488
W994,甘肃,风电,15.0,False,False,-0.034048964213114846,-0.030802256871979652
10956,西藏,光伏,12.0,False,False,-0.02906114190519876,-0.02495605262819628
11041,西藏,光伏,12.0,False,False,-0.03595968222342924,-0.02871430215333671
11990,西藏,光伏,12.0,False,False,-0.034622334527134056,-0.028013300133568113
1798,青海,光伏,12.0,False,False,-0.1321822553606993,-0.10447257613283274
1800,青海,光伏,12.0,False,False,-0.5747054638961255,-0.4542285951296892
4006,青海,光伏,12.0,False,False,-0.12736141211365332,-0.09825548038035146
4040,青海,光伏,12.0,False,False,-0.05239125825997357,-0.03922548253882679
4117,青海,光伏,12.0,False,False,-0.05239125825997357,-0.03922548253882679
4126,青海,光伏,12.0,False,False,-0.04747106149332788,-0.036385418169644815
4127,青海,光伏,12.0,False,False,-0.05239125825997357,-0.03922548253882679
4128,青海,光伏,12.0,False,False,-0.05239125825997357,-0.03922548253882679
4129,青海,光伏,12.0,False,False,-0.05239125825997357,-0.03922548253882679
4130,青海,光伏,12.0,False,False,-0.05121871207094617,-0.0385440015203552
4132,青海,光伏,12.0,False,False,-0.05121871207094617,-0.0385440015203552
4133,青海,光伏,12.0,False,False,-0.05121871207094617,-0.0385440015203552
4134,青海,光伏,12.0,False,False,-0.05239125825997357,-0.03922548253882679
4135,青海,光伏,12.0,False,False,-0.05239125825997357,-0.03922548253882679
4136,青海,光伏,12.0,False,False,-0.04747106149332788,-0.036385418169644815
4137,青海,光伏,12.0,False,False,-0.048218113503187804,-0.03737845072825046
4138,青海,光伏,12.0,False,False,-0.07762015555320974,-0.06015950230092242
4139,青海,光伏,12.0,False,False,-0.051314552366355716,-0.03860041740564702
4140,青海,光伏,12.0,False,False,-0.13016268502912798,-0.10009327980018562
4141,青海,光伏,12.0,False,False,-0.052337541021905014,-0.03919216513251483
4143,青海,光伏,12.0,False,False,-0.06508134293060269,-0.05004664014340384
4144,青海,光伏,12.0,False,False,-0.053358741992572144,-0.039782799587642345
4145,青海,光伏,12.0,False,False,-0.053358741992572144,-0.039782799587642345
4146,青海,光伏,12.0,False,False,-0.04746156214562602,-0.03637890782079942
4147,青海,光伏,12.0,False,False,-0.05239125825997357,-0.03922548253882679
4148,青海,光伏,12.0,False,False,-0.05239125825997357,-0.03922548253882679
4149,青海,光伏,12.0,False,False,-0.060272639675117395,-0.04672306212965414
4151,青海,光伏,12.0,False,False,-0.05210455411308531,-0.039056748989560644
4153,青海,光伏,12.0,False,False,-0.11494109302702854,-0.09084571907342415
4154,青海,光伏,12.0,False,False,-0.05122107352617975,-0.03853032395361603
4155,青海,光伏,12.0,False,False,-0.22988218291515825,-0.1816914362089562
4156,青海,光伏,12.0,False,False,-0.17241163730517664,-0.13626857740855175
4157,青海,光伏,12.0,False,False,-0.22988218291515825,-0.1816914362089562
4159,青海,光伏,12.0,False,False,-0.6091877996988841,-0.4814823160674303
4160,青海,光伏,12.0,False,False,-0.06378427684057954,-0.04999986850843563
4161,青海,光伏,12.0,False,False,-0.04445842666590838,-0.03462867234184484
4163,青海,光伏,12.0,False,False,-0.04476506388808578,-0.034807069570947806
4165,青海,光伏,12.0,False,False,-0.06450403677314419,-0.05065287811849079
4167,青海,光伏,12.0,False,False,-0.04445842666590838,-0.03462867234184484
4173,青海,光伏,12.0,False,False,-0.05377609610732305,-0.04001809866751129
4176,青海,光伏,12.0,False,False,-0.05193395677435559,-0.03894259907868658
4179,青海,光伏,12.0,False,False,-0.05122107352617975,-0.03853032395361603
4180,青海,光伏,12.0,False,False,-0.044900245102144486,-0.03488631642738891
4182,青海,光伏,12.0,False,False,-0.06378427684057954,-0.04999986850843563
4189,青海,光伏,12.0,False,False,-0.06378427684057954,-0.04999986850843563
4190,青海,光伏,12.0,False,False,-0.12756855338629883,-0.09999973682724311
4192,青海,光伏,12.0,False,False,-0.04993181470707873,-0.03780807795516023
4197,青海,光伏,12.0,False,False,-0.05199613578140109,-0.04062686493892921
4204,青海,光伏,12.0,False,False,-0.12806514426658328,-0.09877961265114377
4205,青海,光伏,12.0,False,False,-0.46058891062501633,-0.3526860292702472
4208,青海,光伏,12.0,False,False,-0.24458998860560052,-0.19189592317596257
4225,青海,光伏,12.0,False,False,-1.1392192173700868,-0.8742976097070181
4228,青海,光伏,12.0,False,False,-0.12756855338629883,-0.09999973682724311
4233,青海,光伏,12.0,False,False,-0.11392191842804354,-0.08742975887932537
4242,青海,光伏,12.0,False,False,-0.0537613703892507,-0.04001629015885286
4250,青海,光伏,12.0,False,False,-0.0537613703892507,-0.04001629015885286
4256,青海,光伏,12.0,False,False,-0.04803992538499601,-0.03671359922259526
4263,青海,光伏,12.0,False,False,-0.1222949940877679,-0.09594796147108382
4268,青海,光伏,12.0,False,False,-0.07641684596403266,-0.0589532875142762
4274,青海,光伏,12.0,False,False,-0.07395956376542802,-0.05714393182439977
4283,青海,光伏,12.0,False,False,-0.06368070619717388,-0.049127740296050056
4288,青海,光伏,12.0,False,False,-0.11494109302702854,-0.09084571907342415
4291,青海,光伏,12.0,False,False,-0.05703069261965936,-0.04427471087467035
4298,青海,光伏,12.0,False,False,-0.0529488370343448,-0.03954717547430257
4301,青海,光伏,12.0,False,False,-0.1201552166185089,-0.09419851972021266
4309,青海,光伏,12.0,False,False,-0.05193395677435559,-0.03894259907868658
4317,青海,光伏,12.0,False,False,-0.12864474435125617,-0.10122915182678728
4320,青海,光伏,12.0,False,False,-0.06368070619717388,-0.049127740296050056
4326,青海,光伏,12.0,False,False,-0.047212245446264886,-0.03621672318816699
4420,青海,光伏,12.0,False,False,-0.0537613703892507,-0.04001629015885286
4434,青海,光伏,12.0,False,False,-0.22799237054670254,-0.1746049090889079
4440,青海,光伏,12.0,False,False,-0.11472133108991323,-0.0885584822168156
4446,青海,光伏,12.0,False,False,-0.22799237054670254,-0.1746049090889079
4452,青海,光伏,12.0,False,False,-0.7332865346785477,-0.5764762824206184
4456,青海,光伏,12.0,False,False,-0.05368719638431104,-0.03997384004593328
4463,青海,光伏,12.0,False,False,-0.7332865346785477,-0.5764762824206184
4479,青海,光伏,12.0,False,False,-0.051404651679854974,-0.03866234917807785
4490,青海,光伏,12.0,False,False,-0.07677165485056989,-0.06024382196446815
4510,青海,光伏,12.0,False,False,-0.07325142308011973,-0.057094294757617944
4516,青海,光伏,12.0,False,False,-0.06403257181881322,-0.04938980613150243
4522,青海,光伏,12.0,False,False,-0.06403257181881322,-0.04938980613150243
4535,青海,光伏,12.0,False,False,-0.051462910747881986,-0.038671887804657905
4541,青海,光伏,12.0,False,False,-0.05193395677435559,-0.03894259907868658
4543,青海,光伏,12.0,False,False,-0.12806514426658328,-0.09877961265114377
4603,青海,光伏,12.0,False,False,-0.05122107352617975,-0.03853032395361603
4609,青海,光伏,12.0,False,False,-0.0509724251393333,-0.038407694578799806
4615,青海,光伏,12.0,False,False,-0.047212245446264886,-0.03621672318816699
4622,青海,光伏,12.0,False,False,-0.1222949940877679,-0.09594796147108382
4631,青海,光伏,12.0,False,False,-0.11494109302702854,-0.09084571907342415
4641,青海,光伏,12.0,False,False,-0.06230658911159502,-0.04783627649277031
4642,青海,光伏,12.0,False,False,-0.04885348450305169,-0.03718591156080309
4647,青海,光伏,12.0,False,False,-0.12900807419000695,-0.10130575665424596
4648,青海,光伏,12.0,False,False,-0.12806514426658328,-0.09877961265114377
4654,青海,光伏,12.0,False,False,-0.12806514426658328,-0.09877961265114377
4682,青海,光伏,12.0,False,False,-0.22867734641734558,-0.17755885257779463
4690,青海,光伏,12.0,False,False,-0.04885348450305169,-0.03718591156080309
4693,青海,光伏,12.0,False,False,-0.05317156186994562,-0.03965931138551173
4705,青海,光伏,12.0,False,False,-0.5915844885176593,-0.463814016037699
4710,青海,光伏,12.0,False,False,-0.04571510491348871,-0.03535962710650686
4712,青海,光伏,12.0,False,False,-0.04689140431022862,-0.036012343229456054
4716,青海,光伏,12.0,False,False,-0.04407351377630299,-0.03441497725929543
4718,青海,光伏,12.0,False,False,-0.046517333312131315,-0.03595590759280026
4722,青海,光伏,12.0,False,False,-0.2122682189319397,-0.16599802094581453
4724,青海,光伏,12.0,False,False,-0.046517333312131315,-0.03595590759280026
4726,青海,光伏,12.0,False,False,-0.05143189399361424,-0.038651543570642745
4744,青海,光伏,12.0,False,False,-0.1518709504859064,-0.11963722067249116
4746,青海,光伏,12.0,False,False,-0.04783980923743207,-0.036560277205932565
4752,青海,光伏,12.0,False,False,-0.04783980923743207,-0.036560277205932565
4756,青海,光伏,12.0,False,False,-0.04677586381117585,-0.03653905090689478
4757,青海,光伏,12.0,False,False,-0.04249276837665893,-0.033734775903262466
4767,青海,光伏,12.0,False,False,-0.08619864856475126,-0.06647222456672579
4795,青海,光伏,12.0,False,False,-0.05211627940117016,-0.039070674149218734
4804,青海,光伏,12.0,False,False,-0.05367512344954473,-0.04133986462581216
4811,青海,光伏,12.0,False,False,-0.34482327378584937,-0.2725371543004342
4817,青海,光伏,12.0,False,False,-0.04928864643821039,-0.0374430338648235
4824,青海,光伏,12.0,False,False,-0.052523645744517955,-0.039306393153793834
4850,青海,光伏,12.0,False,False,-0.052209969713219596,-0.039120691631673074
4854,青海,光伏,12.0,False,False,-0.5791035802255189,-0.4476840840797078
4857,青海,光伏,12.0,False,False,-0.052209969713219596,-0.039120691631673074
4863,青海,光伏,12.0,False,False,-0.052209969713219596,-0.039120691631673074
4865,青海,光伏,12.0,False,False,-0.667864063198952,-0.5222381100334169
4868,青海,光伏,12.0,False,False,-0.04746156214562602,-0.03637890782079942
4874,青海,光伏,12.0,False,False,-0.04746156214562602,-0.03637890782079942
4879,青海,光伏,12.0,False,False,-0.05239125825997357,-0.03922548253882679
4882,青海,光伏,12.0,False,False,-0.051462910747881986,-0.038671887804657905
4889,青海,光伏,12.0,False,False,-0.051462910747881986,-0.038671887804657905
4891,青海,光伏,12.0,False,False,-0.1304840806289983,-0.10233246797474585
4897,青海,光伏,12.0,False,False,-0.07012067469767978,-0.0551930049814255
4899,青海,光伏,12.0,False,False,-0.06368070619717388,-0.049127740296050056
4903,青海,光伏,12.0,False,False,-0.05193395677435559,-0.03894259907868658
4905,青海,光伏,12.0,False,False,-0.048218113503187804,-0.03737845072825046
4911,青海,光伏,12.0,False,False,-0.05239125825997357,-0.03922548253882679
4916,青海,光伏,12.0,False,False,-0.060272639675117395,-0.04672306212965414
4928,青海,光伏,12.0,False,False,-0.05239125825997357,-0.03922548253882679
4931,青海,光伏,12.0,False,False,-0.11399618559284332,-0.08730245474997973
4932,青海,光伏,12.0,False,False,-0.4207240235521701,-0.33115801462817296
4933,青海,光伏,12.0,False,False,-0.04747106149332788,-0.036385418169644815
4943,青海,光伏,12.0,False,False,-0.2603253697868556,-0.2001865594152587
4944,青海,光伏,12.0,False,False,-1.0719640298957018,-0.845303820922831
4952,青海,光伏,12.0,False,False,-0.1952440278918124,-0.15013991991163553
4956,青海,光伏,12.0,False,False,-0.06508134293060269,-0.05004664014340384
4957,青海,光伏,12.0,False,False,-0.05239125825997357,-0.03922548253882679
4960,青海,光伏,12.0,False,False,-0.04436883241424801,-0.034786048522182374
4966,青海,光伏,12.0,False,False,-0.10384431625921832,-0.079727128077646
4977,青海,光伏,12.0,False,False,-0.046756095960867106,-0.036019242621690775
4992,青海,光伏,12.0,False,False,-0.9134255966191897,-0.7029422781762132
4994,青海,光伏,12.0,False,False,-0.8664118405142567,-0.6678851440247066
4997,青海,光伏,12.0,False,False,-0.05377609610732305,-0.04001809866751129
4998,青海,光伏,12.0,False,False,-0.05239125825997357,-0.03922548253882679
6017,新疆,光伏,12.0,False,False,-0.056023763728556976,-0.04306476313933459
6030,新疆,光伏,12.0,False,False,-0.0532132121748812,-0.039708977937084174
6031,新疆,光伏,12.0,False,False,-0.07027679989828028,-0.05325584411231559
6032,新疆,光伏,12.0,False,False,-0.05109298780339828,-0.03848474355136416
6036,新疆,光伏,12.0,False,False,-0.1814808838030243,-0.13661442139437419
6037,新疆,光伏,12.0,False,False,-0.10371737231456701,-0.07913868938997694
6057,新疆,光伏,12.0,False,False,-0.050110861466984895,-0.037906936787022574
6059,新疆,光伏,12.0,False,False,-0.048456158153972216,-0.03694280875119038
6060,新疆,光伏,12.0,False,False,-0.04775695853800699,-0.036545029543257945
6061,新疆,光伏,12.0,False,False,-0.052711007548472646,-0.03938819762201298
6063,新疆,光伏,12.0,False,False,-0.045356039629153994,-0.03514612161072507
6066,新疆,光伏,12.0,False,False,-0.093546185434251,-0.07124231592308444
6067,新疆,光伏,12.0,False,False,-0.04619557810743507,-0.0356240083004851
6068,新疆,光伏,12.0,False,False,-0.049966873362303266,-0.03779882122227658
6069,新疆,光伏,12.0,False,False,-0.04446116851386975,-0.034615468387759564
6070,新疆,光伏,12.0,False,False,-0.07363794160708473,-0.057356381271026435
6076,新疆,光伏,12.0,False,False,-0.06466395584356709,-0.049752606616142336
6082,新疆,光伏,12.0,False,False,-0.2510532905734999,-0.19398003340530973
6083,新疆,光伏,12.0,False,False,-0.07437658041907586,-0.056896942056145136
6086,新疆,光伏,12.0,False,False,-0.16839799208869133,-0.12708954960630417
6089,新疆,光伏,12.0,False,False,-0.051748891986649725,-0.038869456587806765
6098,新疆,光伏,12.0,False,False,-0.05887191814883872,-0.04510241051491822
6101,新疆,光伏,12.0,False,False,-0.049608327244233974,-0.0376205218451358
6102,新疆,光伏,12.0,False,False,-0.32942309049843027,-0.24943658689181228
6104,新疆,光伏,12.0,False,False,-0.051367473369637706,-0.03861280375965615
6111,新疆,光伏,12.0,False,False,-0.04613283573545906,-0.03559277332473286
6112,新疆,光伏,12.0,False,False,-0.20100998425676284,-0.15252263626784834
6114,新疆,光伏,12.0,False,False,-0.05817599249341262,-0.04470512878070982
6120,新疆,光伏,12.0,False,False,-0.04612035010261381,-0.03559040434541485
6123,新疆,光伏,12.0,False,False,-0.052210411012488085,-0.039096454209909655
6124,新疆,光伏,12.0,False,False,-0.05817599249341262,-0.04470512878070982
6129,新疆,光伏,12.0,False,False,-0.29775600696661814,-0.22629181663080888
6131,新疆,光伏,12.0,False,False,-0.6037894822286899,-0.4619354812565932
6133,新疆,光伏,12.0,False,False,-0.14453569969334823,-0.10934802100593928
6140,新疆,光伏,12.0,False,False,-0.047934974026507676,-0.03700940136506325
6143,新疆,光伏,12.0,False,False,-0.10063157237813442,-0.07698924190653893
6149,新疆,光伏,12.0,False,False,-0.2083465099462918,-0.16043244196177067
6159,新疆,光伏,12.0,False,False,-0.4025262896452424,-0.3079569677114927
6160,新疆,光伏,12.0,False,False,-0.36521245416677534,-0.27779793104287626
6165,新疆,光伏,12.0,False,False,-0.22043997138646,-0.16949414287301126
6178,新疆,光伏,12.0,False,False,-0.08697143060246935,-0.066241922696475
6183,新疆,光伏,12.0,False,False,-0.046012813543690204,-0.03560346287770974
6189,新疆,光伏,12.0,False,False,-0.07043482744376564,-0.053369590043737834
6190,新疆,光伏,12.0,False,False,-0.0634956055929372,-0.04873068839477325
6191,新疆,光伏,12.0,False,False,-0.04875135997465492,-0.03711964735399217
6197,新疆,光伏,12.0,False,False,-0.4638476149657269,-0.3532902450129584
6199,新疆,光伏,12.0,False,False,-1.126957238597257,-0.8539134403525731
6214,新疆,光伏,12.0,False,False,-0.11021998579735771,-0.08474707150056593
6215,新疆,光伏,12.0,False,False,-0.06535806160053788,-0.04996641083772374
6219,新疆,光伏,12.0,False,False,-0.04805688004638435,-0.03677862189708615
6224,新疆,光伏,12.0,False,False,-0.14815733436419803,-0.11305852434244186
6230,新疆,光伏,12.0,False,False,-0.04745198235523035,-0.03641571001116304
6247,新疆,光伏,12.0,False,False,-0.32511361843734354,-0.24662514543612943
6253,新疆,光伏,12.0,False,False,-0.11021998579735771,-0.08474707150056593
6259,新疆,光伏,12.0,False,False,-0.30121748646661656,-0.2288949216830413
6268,新疆,光伏,12.0,False,False,-0.3808725630668303,-0.2940249244477494
6270,新疆,光伏,12.0,False,False,-0.05817599249341262,-0.04470512878070982
6276,新疆,光伏,12.0,False,False,-0.25272371980729086,-0.19524984168315646
6288,新疆,光伏,12.0,False,False,-0.5654460862919874,-0.4392745640749885
6290,新疆,光伏,12.0,False,False,-0.05103977606753563,-0.038425182093637704
6294,新疆,光伏,12.0,False,False,-0.051101592691250704,-0.039760094982667846
6295,新疆,光伏,12.0,False,False,-0.053585818110227855,-0.03992782371105019
6321,新疆,光伏,12.0,False,False,-0.04979872827761467,-0.03771109866833138
6322,新疆,光伏,12.0,False,False,-0.08335526728658697,-0.06373957577548132
6323,新疆,光伏,12.0,False,False,-0.05333076114217233,-0.03976141072909434
6328,新疆,光伏,12.0,False,False,-0.05333076114217233,-0.03976141072909434
6358,新疆,光伏,12.0,False,False,-0.05758046113428561,-0.04401128735045642
6360,新疆,光伏,12.0,False,False,-0.051624397823164865,-0.03878163950695077
6361,新疆,光伏,12.0,False,False,-0.07309465766309645,-0.055945435929967424
6362,新疆,光伏,12.0,False,False,-0.345003142902108,-0.26242149665755
6365,新疆,光伏,12.0,False,False,-0.05173176862974724,-0.038841545409270845
6380,新疆,光伏,12.0,False,False,-0.053157448088804765,-0.03965350878682773
6387,新疆,光伏,12.0,False,False,-0.049321061201622315,-0.037450388496128695
6388,新疆,光伏,12.0,False,False,-0.08979414109395271,-0.0692661477556833
6389,新疆,光伏,12.0,False,False,-0.07927491722584963,-0.06208190593302633
6394,新疆,光伏,12.0,False,False,-0.11231847443719108,-0.08676240044623755
6405,新疆,光伏,12.0,False,False,-0.5612771420523596,-0.42745391382248515
6415,新疆,光伏,12.0,False,False,-0.05372313608159747,-0.039998234640331136
6428,新疆,光伏,12.0,False,False,-0.05031858740342888,-0.03802826372762514
6435,新疆,光伏,12.0,False,False,-0.1083710517547451,-0.0835043481327703
6443,新疆,光伏,12.0,False,False,-0.0537885031438216,-0.040015762531506516
6447,新疆,光伏,12.0,False,False,-0.1362532324216821,-0.10364029102666589
6451,新疆,光伏,12.0,False,False,-0.04941021728005461,-0.038405390005367246
6465,新疆,光伏,12.0,False,False,-0.04998794256948923,-0.0378384491290156
6467,新疆,光伏,12.0,False,False,-0.05338196335989172,-0.039789694731607615
6468,新疆,光伏,12.0,False,False,-0.04853411592129045,-0.03699596930233962
6475,新疆,光伏,12.0,False,False,-0.08817120130790645,-0.06728550214659117
6476,新疆,光伏,12.0,False,False,-0.04853411592129045,-0.03699596930233962
6485,新疆,光伏,12.0,False,False,-0.051559804216142494,-0.038730168084165274
6528,新疆,光伏,12.0,False,False,-0.0763141474100182,-0.05955874546429669
6536,新疆,光伏,12.0,False,False,-0.07363794160708473,-0.057356381271026435
6538,新疆,光伏,12.0,False,False,-0.05022895471208433,-0.0379819965142991
6548,新疆,光伏,12.0,False,False,-0.05022895471208433,-0.0379819965142991
6559,新疆,光伏,12.0,False,False,-0.07963974368183467,-0.0610554275713624
6564,新疆,光伏,12.0,False,False,-0.05030467185941436,-0.038029091625399816
6565,新疆,光伏,12.0,False,False,-0.1252642712755542,-0.09476828371495534
6566,新疆,光伏,12.0,False,False,-0.04936205200127547,-0.03747966368178655
6574,新疆,光伏,12.0,False,False,-0.04839816308262077,-0.03691371126913339
6576,新疆,光伏,12.0,False,False,-0.11798366949006087,-0.08926718478763063
6579,新疆,光伏,12.0,False,False,-0.5072120201614678,-0.38855010137307816
6582,新疆,光伏,12.0,False,False,-0.4714220743028396,-0.3611514604232721
6590,新疆,光伏,12.0,False,False,-0.04743440435319481,-0.03635295499272486
6598,新疆,光伏,12.0,False,False,-0.3846762169184025,-0.2934681364062084
6602,新疆,光伏,12.0,False,False,-0.049375342234784916,-0.03747215985812537
6607,新疆,光伏,12.0,False,False,-0.06478315809339456,-0.04931218017558723
6609,新疆,光伏,12.0,False,False,-0.48934833170838654,-0.3734125863539177
6625,新疆,光伏,12.0,False,False,-0.07713220226949581,-0.058645836115367014
6628,新疆,光伏,12.0,False,False,-0.06706213612946926,-0.05107304780060049
6634,新疆,光伏,12.0,False,False,-0.05273804066832651,-0.03943911327641057
6638,新疆,光伏,12.0,False,False,-0.07745705909767178,-0.059034944633738616
6644,新疆,光伏,12.0,False,False,-0.04844077220764606,-0.0369450045864872
6659,新疆,光伏,12.0,False,False,-0.05393538952462357,-0.040105952172812605
6669,新疆,光伏,12.0,False,False,-0.050610512632685296,-0.0387026304240762
6672,新疆,光伏,12.0,False,False,-0.052782178036710044,-0.04076556374088448
6675,新疆,光伏,12.0,False,False,-0.0476959952938088,-0.03650210803769545
6707,新疆,光伏,12.0,False,False,-0.050728384105268455,-0.03824221093307759
6720,新疆,光伏,12.0,False,False,-0.04955602592288003,-0.03757225783457063
6731,新疆,光伏,12.0,False,False,-0.0539090186817386,-0.04008933050434162
6739,新疆,光伏,12.0,False,False,-0.4515991551021145,-0.34879916387034765
6740,新疆,光伏,12.0,False,False,-0.04741585478646173,-0.03633701525930089
6745,新疆,光伏,12.0,False,False,-0.05128215791881219,-0.038715973599570845
6747,新疆,光伏,12.0,False,False,-0.36868969217354053,-0.28023746062732713
6753,新疆,光伏,12.0,False,False,-0.04448952570515876,-0.034893158372267426
6755,新疆,光伏,12.0,False,False,-0.04970123262963993,-0.03767958561141915
6760,新疆,光伏,12.0,False,False,-0.05774545026076218,-0.04481084667455299
6764,新疆,光伏,12.0,False,False,-0.04981940270884102,-0.03770789693489553
6766,新疆,光伏,12.0,False,False,-0.33208882036116655,-0.2602467581542676
6777,新疆,光伏,12.0,False,False,-0.05182777858032956,-0.038906842365859055
6790,新疆,光伏,12.0,False,False,-0.17919277208809972,-0.1361476066614966
6793,新疆,光伏,12.0,False,False,-0.05294150779054607,-0.03955092723190815
6799,新疆,光伏,12.0,False,False,-0.1741451863593186,-0.1321305716021041
6802,新疆,光伏,12.0,False,False,-0.0509207482670998,-0.03837939886786078
6804,新疆,光伏,12.0,False,False,-0.09152543818325044,-0.07003167152550016
6806,新疆,光伏,12.0,False,False,-0.04937985947998834,-0.03791818185401874
6812,新疆,光伏,12.0,False,False,-0.8332940063172339,-0.6323121391542154
6815,新疆,光伏,12.0,False,False,-0.049871839999174626,-0.03774372669224345
6819,新疆,光伏,12.0,False,False,-0.15084761654154746,-0.11464637999273036
6824,新疆,光伏,12.0,False,False,-0.5543913337550272,-0.4248443106659535
6827,新疆,光伏,12.0,False,False,-0.34829037242169275,-0.2642611429899567
6831,新疆,光伏,12.0,False,False,-0.05008066458083923,-0.038112643458509274
6839,新疆,光伏,12.0,False,False,-0.0838145330139474,-0.06445810896438285
6845,新疆,光伏,12.0,False,False,-0.05362598213820428,-0.039936509700931454
6852,新疆,光伏,12.0,False,False,-0.05362598213820428,-0.039936509700931454
6854,新疆,光伏,12.0,False,False,-0.12589056938641754,-0.09595450285576226
6867,新疆,光伏,12.0,False,False,-0.08392704432532892,-0.06396966739169789
6883,新疆,光伏,12.0,False,False,-0.04818009238722354,-0.0367543250160585
6885,新疆,光伏,12.0,False,False,-0.08392704432532892,-0.06396966739169789
6895,新疆,光伏,12.0,False,False,-0.07174491908892479,-0.05508659127847935
6898,新疆,光伏,12.0,False,False,-0.21476905486995562,-0.16532384763410413
6907,新疆,光伏,12.0,False,False,-0.07159842364638327,-0.0543455102602127
6913,新疆,光伏,12.0,False,False,-0.10199158670048392,-0.07852886290094278
6916,新疆,光伏,12.0,False,False,-0.6549048211016574,-0.5030027512952739
6918,新疆,光伏,12.0,False,False,-0.1144999572352517,-0.08655938835347804
6928,新疆,光伏,12.0,False,False,-0.09079538360496214,-0.07114121732960484
6938,新疆,光伏,12.0,False,False,-0.049034832115303205,-0.03728763063239125
6959,新疆,光伏,12.0,False,False,-0.05634270249431292,-0.043639388183037725
6963,新疆,光伏,12.0,False,False,-0.11021998579735771,-0.08474707150056593
697,甘肃,光伏,12.0,False,False,-0.052916247033617095,-0.0395758822076022
6981,新疆,光伏,12.0,False,False,-0.09267692028533327,-0.07175149810601025
7325,新疆,光伏,12.0,False,False,-0.050694729301611445,-0.03824057785257342
7332,新疆,光伏,12.0,False,False,-0.0991080477603592,-0.07618494090608356
W100,甘肃,风电,12.0,False,False,-0.25035698519581845,-0.20313041253913122
W1057,广西,风电,12.0,False,False,-0.04317857461938169,-0.03499219399105517
W1069,广西,风电,12.0,False,False,-0.04686148730049101,-0.036235727716542813
W1073,广西,风电,12.0,False,False,-0.047674343096665794,-0.03649834670190103
W1083,广西,风电,12.0,False,False,-0.05063476608723458,-0.0382120459786978
W1130,河北,风电,12.0,False,False,-0.05196508529764453,-0.03897938281785434
W1134,河北,风电,12.0,False,False,-0.05305771395219849,-0.039606308431015
W124,甘肃,风电,12.0,False,False,-0.24911143544558,-0.20211981811724503
W125,甘肃,风电,12.0,False,False,-0.24911143544558,-0.20211981811724503
W1273,广西,风电,12.0,False,False,-0.05224093272342804,-0.039134212483293435
W1280,河北,风电,12.0,False,False,-0.049635625968645306,-0.037601930890254855
W1284,河北,风电,12.0,False,False,-0.052649323347350535,-0.03934530641762915
W130,甘肃,风电,12.0,False,False,-0.19300060068226668,-0.15325496706176198
W1340,河北,风电,12.0,False,False,-0.048749147910537506,-0.03706923235473672
W1356,河北,风电,12.0,False,False,-0.0485879163506273,-0.03697608252133382
W1358,河北,风电,12.0,False,False,-0.0485879163506273,-0.03697608252133382
W136,甘肃,风电,12.0,False,False,-0.04825014936288918,-0.038313741286149214
W1360,河北,风电,12.0,False,False,-0.04711429122952877,-0.03613532543871487
W1362,河北,风电,12.0,False,False,-0.04711429122952877,-0.03613532543871487
W1374,河北,风电,12.0,False,False,-0.05537681396542115,-0.04254758045403605
W1376,河北,风电,12.0,False,False,-0.12436416708391804,-0.09749757516001903
W138,甘肃,风电,12.0,False,False,-0.15518982308716248,-0.1215060406528843
W1387,河北,风电,12.0,False,False,-0.09078583881408513,-0.07117322772614229
W1389,河北,风电,12.0,False,False,-0.061560266556823645,-0.04826130208351812
W139,甘肃,风电,12.0,False,False,-0.15596192210658247,-0.12211055425269211
W140,甘肃,风电,12.0,False,False,-0.07720886453976089,-0.060450764810813525
W141,甘肃,风电,12.0,False,False,-0.1829395275190428,-0.1408640439705518
W1482,海南,风电,12.0,False,False,-0.053988194560288257,-0.043655435921244046
W1483,海南,风电,12.0,False,False,-0.05182867187061304,-0.04190922171700378
W1502,河北,风电,12.0,False,False,-0.04860336448611605,-0.036994919275036627
W1509,河北,风电,12.0,False,False,-0.04813369906102107,-0.036749349765462666
W1529,河北,风电,12.0,False,False,-0.049635625968645306,-0.037601930890254855
W1612,河北,风电,12.0,False,False,-0.0485879163506273,-0.03697608252133382
W1769,广西,风电,12.0,False,False,-0.04593466130803502,-0.03722574274880572
W1774,广西,风电,12.0,False,False,-0.04593466130803502,-0.03722574274880572
W178,北京,风电,12.0,False,False,-0.051720216541228936,-0.03877157374931046
W180,北京,风电,12.0,False,False,-0.051720216541228936,-0.03877157374931046
W181,北京,风电,12.0,False,False,-0.051720216541228936,-0.03877157374931046
W1866,河北,风电,12.0,False,False,-0.038435418132335836,-0.031051505742096648
W1875,河北,风电,12.0,False,False,-0.05036472549087477,-0.03798856367883498
W1883,河北,风电,12.0,False,False,-0.052944001845060734,-0.039537117095430424
W1887,河北,风电,12.0,False,False,-0.04783853952143893,-0.036540828796486596
W1892,河北,风电,12.0,False,False,-0.04878603565677246,-0.03710142062270392
W2206,黑龙江,风电,12.0,False,False,-0.07449695630718611,-0.06027349692358985
W2208,黑龙江,风电,12.0,False,False,-0.0776009979019132,-0.06278489355597223
W2214,黑龙江,风电,12.0,False,False,-0.0776009979019132,-0.06278489355597223
W2237,黑龙江,风电,12.0,False,False,-0.09367528104488598,-0.07467756534688505
W2263,河北,风电,12.0,False,False,-0.050232765813381514,-0.037950067034023136
W2266,河北,风电,12.0,False,False,-0.052649323347350535,-0.03934530641762915
W2269,黑龙江,风电,12.0,False,False,-0.0870236874936747,-0.07011578644857944
W2282,黑龙江,风电,12.0,False,False,-0.09166345596562459,-0.07250074896582719
W2377,河北,风电,12.0,False,False,-0.06581401698462407,-0.05160094329190114
W2379,黑龙江,风电,12.0,False,False,-0.09243722131463039,-0.0750255760430666
W2383,黑龙江,风电,12.0,False,False,-0.047410909177130194,-0.03630483278486516
W2404,黑龙江,风电,12.0,False,False,-0.05062416563542612,-0.0381760236157662
W2420,黑龙江,风电,12.0,False,False,-0.04944698834276353,-0.037477075951929346
W2423,河北,风电,12.0,False,False,-0.05212214730018343,-0.039010470007027565
W2431,河北,风电,12.0,False,False,-0.038435418132335836,-0.031051505742096648
W2436,河北,风电,12.0,False,False,-0.038435418132335836,-0.031051505742096648
W2441,河北,风电,12.0,False,False,-0.038435418132335836,-0.031051505742096648
W2447,河北,风电,12.0,False,False,-0.05212214730018343,-0.039010470007027565
W2455,河北,风电,12.0,False,False,-0.05036472549087477,-0.03798856367883498
W2456,黑龙江,风电,12.0,False,False,-0.04944698834276353,-0.037477075951929346
W2461,河北,风电,12.0,False,False,-0.05036472549087477,-0.03798856367883498
W2465,河北,风电,12.0,False,False,-0.050925633829518306,-0.038314201084203074
W2466,黑龙江,风电,12.0,False,False,-0.05266555182157646,-0.042862244318569
W2468,河北,风电,12.0,False,False,-0.05295413186434987,-0.039488563266363845
W2471,黑龙江,风电,12.0,False,False,-0.05266555182157646,-0.042862244318569
W2475,黑龙江,风电,12.0,False,False,-0.05266555182157646,-0.042862244318569
W2476,河北,风电,12.0,False,False,-0.05295413186434987,-0.039488563266363845
W2477,河北,风电,12.0,False,False,-0.05212214730018343,-0.039010470007027565
W2482,河北,风电,12.0,False,False,-0.038435418132335836,-0.031051505742096648
W2488,河北,风电,12.0,False,False,-0.038435418132335836,-0.031051505742096648
W2495,黑龙江,风电,12.0,False,False,-0.04634568181325048,-0.03771877274832375
W2497,黑龙江,风电,12.0,False,False,-0.05266555182157646,-0.042862244318569
W2504,黑龙江,风电,12.0,False,False,-0.06587446141182507,-0.05271268249694479
W2507,河北,风电,12.0,False,False,-0.038435418132335836,-0.031051505742096648
W2515,河北,风电,12.0,False,False,-0.073186383530303,-0.05641186774904662
W2519,河北,风电,12.0,False,False,-0.05212214730018343,-0.039010470007027565
W2524,黑龙江,风电,12.0,False,False,-0.05483532246516059,-0.044805400034393955
W2525,河北,风电,12.0,False,False,-0.038435418132335836,-0.031051505742096648
W2553,黑龙江,风电,12.0,False,False,-0.07456925927275984,-0.06030476292082622
W2567,黑龙江,风电,12.0,False,False,-0.045831723538067186,-0.036250371717361535
W2577,黑龙江,风电,12.0,False,False,-0.0426067035118443,-0.033519695365967946
W2590,黑龙江,风电,12.0,False,False,-0.04926373281591915,-0.03737232847711007
W2604,黑龙江,风电,12.0,False,False,-0.05266555182157646,-0.042862244318569
W2610,黑龙江,风电,12.0,False,False,-0.05134741860371529,-0.041621785264156184
W2622,黑龙江,风电,12.0,False,False,-0.051201058597656536,-0.04151867398927456
W2626,黑龙江,风电,12.0,False,False,-0.06920191451757036,-0.0560250154687517
W2638,黑龙江,风电,12.0,False,False,-0.06937343922778373,-0.05681045814590389
W2648,黑龙江,风电,12.0,False,False,-0.06920191451757036,-0.0560250154687517
W2655,黑龙江,风电,12.0,False,False,-0.08782917976287259,-0.07069525444418472
W2665,黑龙江,风电,12.0,False,False,-0.0838135801553349,-0.06788725509990912
W2679,黑龙江,风电,12.0,False,False,-0.08046103327187089,-0.0651717625987182
W2693,黑龙江,风电,12.0,False,False,-0.06920191451757036,-0.0560250154687517
W2703,黑龙江,风电,12.0,False,False,-0.06920191451757036,-0.0560250154687517
W2708,黑龙江,风电,12.0,False,False,-0.05695287166987967,-0.04659785358128256
W2710,黑龙江,风电,12.0,False,False,-0.09257761777469996,-0.07270622400932168
W2713,黑龙江,风电,12.0,False,False,-0.09257761777469996,-0.07270622400932168
W2720,黑龙江,风电,12.0,False,False,-0.09257761777469996,-0.07270622400932168
W2724,黑龙江,风电,12.0,False,False,-0.09257761777469996,-0.07270622400932168
W2734,黑龙江,风电,12.0,False,False,-0.0838135801553349,-0.06788725509990912
W2736,黑龙江,风电,12.0,False,False,-0.0596870552803766,-0.04801164944966978
W2751,黑龙江,风电,12.0,False,False,-0.060905161362888746,-0.04899148078887829
W2766,黑龙江,风电,12.0,False,False,-0.0560327429943502,-0.04507215880691873
W2767,黑龙江,风电,12.0,False,False,-0.0885323720034182,-0.0710084939367754
W2778,黑龙江,风电,12.0,False,False,-0.0838135801553349,-0.06788725509990912
W2780,河北,风电,12.0,False,False,-0.059408124678037764,-0.047847675254011963
W2781,黑龙江,风电,12.0,False,False,-0.05695287166987967,-0.04659785358128256
W2786,河北,风电,12.0,False,False,-0.04415747882556651,-0.03439024989902405
W2790,黑龙江,风电,12.0,False,False,-0.05695287166987967,-0.04659785358128256
W2792,河北,风电,12.0,False,False,-0.059408124678037764,-0.047847675254011963
W2794,黑龙江,风电,12.0,False,False,-0.0838135801553349,-0.06788725509990912
W2797,河北,风电,12.0,False,False,-0.059408124678037764,-0.047847675254011963
W2803,黑龙江,风电,12.0,False,False,-0.07227939356680223,-0.057211400333590304
W2812,黑龙江,风电,12.0,False,False,-0.0885323720034182,-0.0710084939367754
W2813,黑龙江,风电,12.0,False,False,-0.04926373281591915,-0.03737232847711007
W2820,黑龙江,风电,12.0,False,False,-0.060905161362888746,-0.04899148078887829
W2822,黑龙江,风电,12.0,False,False,-0.047410909177130194,-0.03630483278486516
W2824,黑龙江,风电,12.0,False,False,-0.06937343922778373,-0.05681045814590389
W2827,黑龙江,风电,12.0,False,False,-0.08046103327187089,-0.0651717625987182
W2833,黑龙江,风电,12.0,False,False,-0.06937343922778373,-0.05681045814590389
W2837,黑龙江,风电,12.0,False,False,-0.08046103327187089,-0.0651717625987182
W2843,黑龙江,风电,12.0,False,False,-0.08836034624977367,-0.06988461934762484
W2845,黑龙江,风电,12.0,False,False,-0.06920191451757036,-0.0560250154687517
W2853,黑龙江,风电,12.0,False,False,-0.0885323720034182,-0.0710084939367754
W2866,黑龙江,风电,12.0,False,False,-0.0885323720034182,-0.0710084939367754
W2868,黑龙江,风电,12.0,False,False,-0.05362127875172394,-0.039905507082025164
W2869,黑龙江,风电,12.0,False,False,-0.09153549419200696,-0.07417468093431323
W2877,黑龙江,风电,12.0,False,False,-0.05041017290554629,-0.0380246773726785
W2880,黑龙江,风电,12.0,False,False,-0.0838135801553349,-0.06788725509990912
W2887,黑龙江,风电,12.0,False,False,-0.0838135801553349,-0.06788725509990912
W2892,黑龙江,风电,12.0,False,False,-0.0838135801553349,-0.06788725509990912
W2907,黑龙江,风电,12.0,False,False,-0.043899542262257785,-0.034261048925591155
W2911,黑龙江,风电,12.0,False,False,-0.0943345227884935,-0.0755402577737414
W2919,黑龙江,风电,12.0,False,False,-0.10719219707009219,-0.08215427479320915
W2924,黑龙江,风电,12.0,False,False,-0.047410909177130194,-0.03630483278486516
W2934,黑龙江,风电,12.0,False,False,-0.08405394631994112,-0.06772186128066413
W2966,黑龙江,风电,12.0,False,False,-0.060438752022444864,-0.04691266049605177
W3095,湖南,风电,12.0,False,False,-0.05244619424695513,-0.03919576484762955
W3102,湖南,风电,12.0,False,False,-0.05141019940402729,-0.03858891676248587
W3107,湖南,风电,12.0,False,False,-0.05126489441051801,-0.03851549817907377
W3191,内蒙古,风电,12.0,False,False,-0.25006307719041215,-0.19850491955115784
W3243,湖南,风电,12.0,False,False,-0.04037091993210369,-0.03316169593602728
W3274,内蒙古,风电,12.0,False,False,-0.10183481594242409,-0.07720458595845303
W3282,内蒙古,风电,12.0,False,False,-0.049547718867409725,-0.03758658606657217
W3338,湖南,风电,12.0,False,False,-0.05375008028128291,-0.039939579338762236
W3351,湖南,风电,12.0,False,False,-0.05375008028128291,-0.039939579338762236
W3358,湖南,风电,12.0,False,False,-0.05141019940402729,-0.03858891676248587
W3384,湖南,风电,12.0,False,False,-0.05141019940402729,-0.03858891676248587
W3410,湖南,风电,12.0,False,False,-0.04708945274000918,-0.0361170463913659
W3413,湖南,风电,12.0,False,False,-0.05141019940402729,-0.03858891676248587
W3447,湖南,风电,12.0,False,False,-0.09650874374257327,-0.07768807019874269
W3449,湖南,风电,12.0,False,False,-0.04328918449944097,-0.0339061296180085
W3459,湖南,风电,12.0,False,False,-0.04626142819433078,-0.03562647697505334
W3463,湖南,风电,12.0,False,False,-0.0417499560225643,-0.034110935681503404
W3472,湖南,风电,12.0,False,False,-0.050323086980065566,-0.03797263373898786
W3572,湖南,风电,12.0,False,False,-0.05314027817033179,-0.039605585676327826
W3610,湖南,风电,12.0,False,False,-0.05089075653985437,-0.038324014373320635
W3973,湖南,风电,12.0,False,False,-0.05314027817033179,-0.039605585676327826
W3983,湖南,风电,12.0,False,False,-0.04875340043123483,-0.03709699835052647
W4016,内蒙古,风电,12.0,False,False,-0.061234645879917546,-0.04998987870379713
W4047,内蒙古,风电,12.0,False,False,-0.08563347471757675,-0.06860248328814365
W4050,内蒙古,风电,12.0,False,False,-0.044778534897047535,-0.03638222938277231
W4054,内蒙古,风电,12.0,False,False,-0.044778534897047535,-0.03638222938277231
W4062,内蒙古,风电,12.0,False,False,-0.08563347471757675,-0.06860248328814365
W4090,内蒙古,风电,12.0,False,False,-0.13233686019038915,-0.10667472350077098
W4101,内蒙古,风电,12.0,False,False,-0.06119912568952932,-0.0498806534059373
W4230,内蒙古,风电,12.0,False,False,-0.06374908635628604,-0.0519590122253258
W4253,内蒙古,风电,12.0,False,False,-0.06374908635628604,-0.0519590122253258
W4259,内蒙古,风电,12.0,False,False,-0.21466533829466958,-0.17060398765263576
W4268,内蒙古,风电,12.0,False,False,-0.07252207589294611,-0.05763648377473893
W4304,内蒙古,风电,12.0,False,False,-0.07252207589294611,-0.05763648377473893
W4313,内蒙古,风电,12.0,False,False,-0.07805572941061333,-0.062457537712527066
W4347,内蒙古,风电,12.0,False,False,-0.06066016018596234,-0.04982981066695666
W4386,内蒙古,风电,12.0,False,False,-0.04129361700261542,-0.03273679950319519
W4416,内蒙古,风电,12.0,False,False,-0.07740312191875477,-0.06300157937045066
W4461,内蒙古,风电,12.0,False,False,-0.0449546108458945,-0.0348535716178377
W4475,内蒙古,风电,12.0,False,False,-0.03896163339579387,-0.03137245779241689
W4484,内蒙古,风电,12.0,False,False,-0.15745946471251626,-0.12243778056555872
W4505,内蒙古,风电,12.0,False,False,-0.04646454717681342,-0.035754336294332945
W4506,内蒙古,风电,12.0,False,False,-0.07740312191875477,-0.06300157937045066
W4510,内蒙古,风电,12.0,False,False,-0.04346576612391454,-0.03401324589776702
W4517,内蒙古,风电,12.0,False,False,-0.04346576612391454,-0.03401324589776702
W4522,内蒙古,风电,12.0,False,False,-0.04314148599490135,-0.03382473294312642
W4533,内蒙古,风电,12.0,False,False,-0.061234645879917546,-0.04998987870379713
W4534,内蒙古,风电,12.0,False,False,-0.028596304091218702,-0.024927998540861234
W4539,内蒙古,风电,12.0,False,False,-0.13233686019038915,-0.10667472350077098
W4548,内蒙古,风电,12.0,False,False,-0.06616842971770757,-0.053337361481094275
W4551,内蒙古,风电,12.0,False,False,-0.044778534897047535,-0.03638222938277231
W4588,内蒙古,风电,12.0,False,False,-0.04569910421404536,-0.03528626469002293
W4603,内蒙古,风电,12.0,False,False,-0.1996857104819946,-0.1580022449562008
W4611,内蒙古,风电,12.0,False,False,-0.0686145038566642,-0.05365224338632063
W4626,内蒙古,风电,12.0,False,False,-0.061234645879917546,-0.04998987870379713
W4690,内蒙古,风电,12.0,False,False,-0.35306148794097103,-0.28026500186013537
W4736,内蒙古,风电,12.0,False,False,-0.0686145038566642,-0.05365224338632063
W4753,内蒙古,风电,12.0,False,False,-0.0686145038566642,-0.05365224338632063
W4783,内蒙古,风电,12.0,False,False,-0.0466967283048068,-0.03589940893930526
W4791,内蒙古,风电,12.0,False,False,-0.04642878649887389,-0.03574443271864903
W4807,内蒙古,风电,12.0,False,False,-0.04566501826630494,-0.0352971423589723
W4808,内蒙古,风电,12.0,False,False,-0.04642878649887389,-0.03574443271864903
W4814,内蒙古,风电,12.0,False,False,-0.14843657181947456,-0.1159387298839121
W4815,内蒙古,风电,12.0,False,False,-0.04642878649887389,-0.03574443271864903
W4832,内蒙古,风电,12.0,False,False,-0.04642878649887389,-0.03574443271864903
W4837,内蒙古,风电,12.0,False,False,-0.0449546108458945,-0.0348535716178377
W4852,内蒙古,风电,12.0,False,False,-0.0686145038566642,-0.05365224338632063
W4875,内蒙古,风电,12.0,False,False,-0.0507725384209808,-0.04159724090435455
W4888,内蒙古,风电,12.0,False,False,-0.0507725384209808,-0.04159724090435455
W4964,内蒙古,风电,12.0,False,False,-0.061234645879917546,-0.04998987870379713
W4968,内蒙古,风电,12.0,False,False,-0.04136375263972964,-0.03276198138082745
W4991,内蒙古,风电,12.0,False,False,-0.04928414167327145,-0.03947485752287778
W5005,青海,风电,12.0,False,False,-0.061659266352303496,-0.04902873058838402
W5007,青海,风电,12.0,False,False,-0.10964680555134067,-0.08589318420380959
W5009,青海,风电,12.0,False,False,-0.0492515852013072,-0.0374008936293908
W5010,青海,风电,12.0,False,False,-0.0492515852013072,-0.0374008936293908
W5014,青海,风电,12.0,False,False,-0.0492515852013072,-0.0374008936293908
W5019,青海,风电,12.0,False,False,-0.0492515852013072,-0.0374008936293908
W5021,青海,风电,12.0,False,False,-0.24670530875345809,-0.19325966269845873
W5022,青海,风电,12.0,False,False,-0.2192936120382164,-0.17178636915936724
W5025,青海,风电,12.0,False,False,-0.049026221439722746,-0.03727149424510978
W5112,辽宁,风电,12.0,False,False,-0.03262102640249803,-0.026556375416189642
W5243,辽宁,风电,12.0,False,False,-0.050193288069223845,-0.037932212545419466
W5305,辽宁,风电,12.0,False,False,-0.04336612746671564,-0.03401425096868696
W5342,辽宁,风电,12.0,False,False,-0.029632468302016813,-0.025288628652047118
W5379,辽宁,风电,12.0,False,False,-0.028984592613824835,-0.024736931851939318
W5423,辽宁,风电,12.0,False,False,-0.05143137980529978,-0.03701615459860121
W5501,山东,风电,12.0,False,False,-0.06427034762874285,-0.05172260178001288
W5754,青海,风电,12.0,False,False,-0.16447020422636838,-0.12883977382396608
W5824,吉林,风电,12.0,False,False,-0.0398766768706871,-0.03068876777247305
W583,甘肃,风电,12.0,False,False,-0.06499642687447131,-0.04899331597290488
W584,甘肃,风电,12.0,False,False,-0.05123017464489469,-0.03859225708481194
W585,甘肃,风电,12.0,False,False,-0.05123017464489469,-0.03859225708481194
W5940,青海,风电,12.0,False,False,-0.07884944879146534,-0.05967574498792939
W5948,吉林,风电,12.0,False,False,-0.0549611517348756,-0.043133860823833685
W5967,辽宁,风电,12.0,False,False,-0.0508832862849297,-0.04149923922106559
W6268,山西,风电,12.0,False,False,-0.04298045827925669,-0.033739897412217834
W6270,山西,风电,12.0,False,False,-0.04670739481828686,-0.03589956367283121
W6271,山西,风电,12.0,False,False,-0.04298045827925669,-0.033739897412217834
W629,甘肃,风电,12.0,False,False,-0.07825727204835524,-0.06356058964687436
W6339,山东,风电,12.0,False,False,-0.06427034762874285,-0.05172260178001288
W6352,山东,风电,12.0,False,False,-0.05208617148220535,-0.03901575168818325
W6360,山东,风电,12.0,False,False,-0.05208617148220535,-0.03901575168818325
W6375,山东,风电,12.0,False,False,-0.04348034825283316,-0.035316256866656646
W6384,山东,风电,12.0,False,False,-0.04348034825283316,-0.035316256866656646
W6386,山东,风电,12.0,False,False,-0.04261074128761329,-0.03460993182117015
W6452,山西,风电,12.0,False,False,-0.05074145790606794,-0.03873075539330694
W6550,山西,风电,12.0,False,False,-0.047136297161295554,-0.0361793059163607
W6723,山西,风电,12.0,False,False,-0.050232933329557417,-0.03796888956518703
W6866,山西,风电,12.0,False,False,-0.05395587301682573,-0.04010664548433032
W6906,山西,风电,12.0,False,False,-0.04497165958295512,-0.03492071398982997
W6910,山东,风电,12.0,False,False,-0.06427034762874285,-0.05172260178001288
W6915,山西,风电,12.0,False,False,-0.04497165958295512,-0.03492071398982997
W6918,山东,风电,12.0,False,False,-0.06427034762874285,-0.05172260178001288
W6931,山东,风电,12.0,False,False,-0.06427034762874285,-0.05172260178001288
W6937,山东,风电,12.0,False,False,-0.04348034825283316,-0.035316256866656646
W6954,山东,风电,12.0,False,False,-0.041741134791359755,-0.03390360693550555
W6956,山东,风电,12.0,False,False,-0.041741134791359755,-0.03390360693550555
W7010,新疆,风电,12.0,False,False,-0.059716844384249616,-0.045424074841184645
W7013,新疆,风电,12.0,False,False,-0.05941974671756696,-0.04519808520483831
W7016,新疆,风电,12.0,False,False,-0.05941974671756696,-0.04519808520483831
W7019,山西,风电,12.0,False,False,-0.05395587301682573,-0.04010664548433032
W7029,山西,风电,12.0,False,False,-0.05395587301682573,-0.04010664548433032
W7080,山西,风电,12.0,False,False,-0.06490536595699055,-0.05048999132063757
W7124,山西,风电,12.0,False,False,-0.048671445297458434,-0.03705087872072637
W7125,山西,风电,12.0,False,False,-0.048671445297458434,-0.03705087872072637
W7127,山西,风电,12.0,False,False,-0.048671445297458434,-0.03705087872072637
W7177,山西,风电,12.0,False,False,-0.05395587301682573,-0.04010664548433032
W7183,山西,风电,12.0,False,False,-0.05395587301682573,-0.04010664548433032
W7194,新疆,风电,12.0,False,False,-0.05394515602406448,-0.04011714282648765
W7196,山西,风电,12.0,False,False,-0.048671445297458434,-0.03705087872072637
W7213,新疆,风电,12.0,False,False,-0.05044869062570652,-0.04107585633955169
W7224,新疆,风电,12.0,False,False,-0.2520446070617994,-0.19770130796146795
W7233,新疆,风电,12.0,False,False,-0.042948897485871065,-0.03457158174751883
W7243,新疆,风电,12.0,False,False,-0.042948897485871065,-0.03457158174751883
W7248,山西,风电,12.0,False,False,-0.1201273763873169,-0.0937318775371924
W7253,山西,风电,12.0,False,False,-0.04625242546476993,-0.03566483162400062
W7256,新疆,风电,12.0,False,False,-0.05044869062570652,-0.04107585633955169
W7258,新疆,风电,12.0,False,False,-0.05044869062570652,-0.04107585633955169
W7260,山西,风电,12.0,False,False,-0.06006368881567876,-0.04686593919538596
W7268,新疆,风电,12.0,False,False,-0.04025714877410883,-0.03213951376670761
W7269,山西,风电,12.0,False,False,-0.04699784974621106,-0.036089201804681365
W7273,新疆,风电,12.0,False,False,-0.050512959670453834,-0.03815434893132349
W7276,新疆,风电,12.0,False,False,-0.05044869062570652,-0.04107585633955169
W7277,山西,风电,12.0,False,False,-0.04298045827925669,-0.033739897412217834
W7281,新疆,风电,12.0,False,False,-0.0685636668402006,-0.05573706171710316
W7285,新疆,风电,12.0,False,False,-0.05044869062570652,-0.04107585633955169
W7371,山西,风电,12.0,False,False,-0.04358527684588161,-0.03409060163944733
W7380,新疆,风电,12.0,False,False,-0.042948897485871065,-0.03457158174751883
W7382,山西,风电,12.0,False,False,-0.04497165958295512,-0.03492071398982997
W7383,新疆,风电,12.0,False,False,-0.04025714877410883,-0.03213951376670761
W7399,新疆,风电,12.0,False,False,-0.042948897485871065,-0.03457158174751883
W7408,山西,风电,12.0,False,False,-0.1195267468301133,-0.09326322247019582
W7410,新疆,风电,12.0,False,False,-0.05226769208275171,-0.039149338509926565
W7421,新疆,风电,12.0,False,False,-0.049110756004221275,-0.03851214267859818
W7424,新疆,风电,12.0,False,False,-0.042948897485871065,-0.03457158174751883
W7431,新疆,风电,12.0,False,False,-0.042948897485871065,-0.03457158174751883
W7439,新疆,风电,12.0,False,False,-0.2576933607056415,-0.20742947481243496
W7447,新疆,风电,12.0,False,False,-0.042948897485871065,-0.03457158174751883
W7460,新疆,风电,12.0,False,False,-0.042948897485871065,-0.03457158174751883
W7468,新疆,风电,12.0,False,False,-0.042948897485871065,-0.03457158174751883
W7470,新疆,风电,12.0,False,False,-0.12277688207834286,-0.09628035195969861
W7474,山西,风电,12.0,False,False,-0.0423937490483938,-0.03339961205480737
W7477,新疆,风电,12.0,False,False,-0.042948897485871065,-0.03457158174751883
W7479,山西,风电,12.0,False,False,-0.05395587301682573,-0.04010664548433032
W7480,新疆,风电,12.0,False,False,-0.042948897485871065,-0.03457158174751883
W7487,新疆,风电,12.0,False,False,-0.042948897485871065,-0.03457158174751883
W7492,山西,风电,12.0,False,False,-0.08654047926314075,-0.06731998276339694
W7495,新疆,风电,12.0,False,False,-0.042948897485871065,-0.03457158174751883
W7508,新疆,风电,12.0,False,False,-0.042948897485871065,-0.03457158174751883
W7514,山西,风电,12.0,False,False,-0.04526209672133225,-0.035769549827582243
W7515,山西,风电,12.0,False,False,-0.04878377212296923,-0.03711538807867461
W7516,新疆,风电,12.0,False,False,-0.042948897485871065,-0.03457158174751883
W7520,山西,风电,12.0,False,False,-0.04526209672133225,-0.035769549827582243
W7521,山西,风电,12.0,False,False,-0.06006368881567876,-0.04686593919538596
W7522,新疆,风电,12.0,False,False,-0.042948897485871065,-0.03457158174751883
W7535,山西,风电,12.0,False,False,-0.05639656701329003,-0.04456885583233044
W7545,新疆,风电,12.0,False,False,-0.042948897485871065,-0.03457158174751883
W7546,新疆,风电,12.0,False,False,-0.05396572732323653,-0.04014368565940743
W7559,新疆,风电,12.0,False,False,-0.05164230085597492,-0.03880690380396428
W7560,新疆,风电,12.0,False,False,-0.042948897485871065,-0.03457158174751883
W7568,新疆,风电,12.0,False,False,-0.042948897485871065,-0.03457158174751883
W7578,新疆,风电,12.0,False,False,-0.042948897485871065,-0.03457158174751883
W7592,新疆,风电,12.0,False,False,-0.042948897485871065,-0.03457158174751883
W7600,新疆,风电,12.0,False,False,-0.05044869062570652,-0.04107585633955169
W7603,山西,风电,12.0,False,False,-0.05214166098461104,-0.03905726179955469
W7606,新疆,风电,12.0,False,False,-0.05044869062570652,-0.04107585633955169
W7611,山西,风电,12.0,False,False,-0.05214166098461104,-0.03905726179955469
W7626,山西,风电,12.0,False,False,-0.04736509650256096,-0.0362953554404657
W7639,山西,风电,12.0,False,False,-0.04708180954676745,-0.036131593749097295
W7661,山西,风电,12.0,False,False,-0.05214166098461104,-0.03905726179955469
W7664,新疆,风电,12.0,False,False,-0.040274314855333865,-0.032163679389867694
W7683,新疆,风电,12.0,False,False,-0.042948897485871065,-0.03457158174751883
W7693,山西,风电,12.0,False,False,-0.04755366742572144,-0.037186747437139754
W7695,新疆,风电,12.0,False,False,-0.051498364079667236,-0.03868205026988112
W7700,山西,风电,12.0,False,False,-0.04755366742572144,-0.037186747437139754
W7725,新疆,风电,12.0,False,False,-0.05681193160766107,-0.042988462892118655
W7727,新疆,风电,12.0,False,False,-0.05941974671756696,-0.04519808520483831
W7729,新疆,风电,12.0,False,False,-0.06993531709731023,-0.057257554987764574
W7735,新疆,风电,12.0,False,False,-0.1279638966772321,-0.09823741562066186
W7754,山西,风电,12.0,False,False,-0.05214166098461104,-0.03905726179955469
W7757,新疆,风电,12.0,False,False,-0.05226769208275171,-0.039149338509926565
W7776,新疆,风电,12.0,False,False,-0.05941974671756696,-0.04519808520483831
W7784,新疆,风电,12.0,False,False,-0.3838916993095132,-0.29471225141695456
W7787,新疆,风电,12.0,False,False,-0.1919458445289895,-0.1473561226005371
W7788,山西,风电,12.0,False,False,-0.04642119792977254,-0.035767077469093495
W7789,山西,风电,12.0,False,False,-0.048671445297458434,-0.03705087872072637
W7793,新疆,风电,12.0,False,False,-0.06993531709731023,-0.057257554987764574
W7794,山西,风电,12.0,False,False,-0.04497165958295512,-0.03492071398982997
W7799,山西,风电,12.0,False,False,-0.048671445297458434,-0.03705087872072637
W7804,新疆,风电,12.0,False,False,-0.04847754731005281,-0.0383013123417218
W7806,新疆,风电,12.0,False,False,-0.1279638966772321,-0.09823741562066186
W7812,山西,风电,12.0,False,False,-0.048671445297458434,-0.03705087872072637
W7816,新疆,风电,12.0,False,False,-0.1279638966772321,-0.09823741562066186
W7819,山西,风电,12.0,False,False,-0.05395587301682573,-0.04010664548433032
W7828,新疆,风电,12.0,False,False,-0.04025714877410883,-0.03213951376670761
W7829,山西,风电,12.0,False,False,-0.05395587301682573,-0.04010664548433032
W7830,山西,风电,12.0,False,False,-0.05395587301682573,-0.04010664548433032
W7838,山西,风电,12.0,False,False,-0.048671445297458434,-0.03705087872072637
W7840,新疆,风电,12.0,False,False,-0.05164585889576761,-0.03876650384819388
W7844,新疆,风电,12.0,False,False,-0.059716844384249616,-0.045424074841184645
W7850,山西,风电,12.0,False,False,-0.04878377212296923,-0.03711538807867461
W7851,新疆,风电,12.0,False,False,-0.05941974671756696,-0.04519808520483831
W7852,山西,风电,12.0,False,False,-0.048671445297458434,-0.03705087872072637
W7865,新疆,风电,12.0,False,False,-0.047802838216073076,-0.03656873415503313
W7876,新疆,风电,12.0,False,False,-0.0685636668402006,-0.05573706171710316
W7877,山西,风电,12.0,False,False,-0.048671445297458434,-0.03705087872072637
W7883,新疆,风电,12.0,False,False,-0.044967695764118715,-0.03517320993069128
W7884,山西,风电,12.0,False,False,-0.048671445297458434,-0.03705087872072637
W7890,新疆,风电,12.0,False,False,-0.0466740857514288,-0.03589086422842316
W7897,新疆,风电,12.0,False,False,-0.06993531709731023,-0.057257554987764574
W7904,新疆,风电,12.0,False,False,-0.0685636668402006,-0.05573706171710316
W7911,新疆,风电,12.0,False,False,-0.0685636668402006,-0.05573706171710316
W7914,新疆,风电,12.0,False,False,-0.0685636668402006,-0.05573706171710316
W7921,新疆,风电,12.0,False,False,-0.0685636668402006,-0.05573706171710316
W7927,新疆,风电,12.0,False,False,-0.044967695764118715,-0.03517320993069128
W7935,山西,风电,12.0,False,False,-0.048671445297458434,-0.03705087872072637
W7941,山西,风电,12.0,False,False,-0.048671445297458434,-0.03705087872072637
W7948,山西,风电,12.0,False,False,-0.06006368881567876,-0.04686593919538596
W7953,山西,风电,12.0,False,False,-0.048671445297458434,-0.03705087872072637
W7958,山西,风电,12.0,False,False,-0.06006368881567876,-0.04686593919538596
W7978,山西,风电,12.0,False,False,-0.048671445297458434,-0.03705087872072637
W8000,新疆,风电,12.0,False,False,-0.05941974671756696,-0.04519808520483831
W8045,云南,风电,12.0,False,False,-0.0882525558790616,-0.0688838578723605
W8050,云南,风电,12.0,False,False,-0.06788657691701074,-0.05298758013342
W8096,云南,风电,12.0,False,False,-0.05302756251815629,-0.0405257610072609
W8098,云南,风电,12.0,False,False,-0.05302756251815629,-0.0405257610072609
W8111,云南,风电,12.0,False,False,-0.07186853616298136,-0.05480895473648819
W8153,云南,风电,12.0,False,False,-0.04982154462400831,-0.037735147516829874
W8162,云南,风电,12.0,False,False,-0.06532591541228172,-0.05010566395226511
W8214,云南,风电,12.0,False,False,-0.04806168639031941,-0.0366873823361275
W89,甘肃,风电,12.0,False,False,-0.24911143544558,-0.20211981811724503
W912,甘肃,风电,12.0,False,False,-0.045542701210450634,-0.035264067327921304
W922,甘肃,风电,12.0,False,False,-0.045542701210450634,-0.035264067327921304
W925,甘肃,风电,12.0,False,False,-0.15518982308716248,-0.1215060406528843
W97,甘肃,风电,12.0,False,False,-0.25035698519581845,-0.20313041253913122
W985,甘肃,风电,12.0,False,False,-0.21420528323440888,-0.17226890923679833
W994,甘肃,风电,12.0,False,False,-0.045542701210450634,-0.035264067327921304
