ObjectId,merge_province_cn,power_type_cn,instrument,required_support_level,public_cost_pv_100m_cny,annual_h2_t,right_censored
11041,西藏,光伏,targeted_15y_price_contract,6.9089385867118835,0.028172524247213764,38.59591783655745,False
11990,西藏,光伏,targeted_15y_price_contract,5.397642999887466,0.02030228911588933,35.70477064749547,False
175,甘肃,光伏,targeted_15y_price_contract,12.835615128278732,0.07361839095119525,52.9105942360099,False
179,甘肃,光伏,targeted_15y_price_contract,12.992619127035141,0.04101325682351385,29.129073357768668,False
1798,青海,光伏,targeted_15y_price_contract,7.865762114524841,0.08747819071420705,103.69480526694257,False
1800,青海,光伏,targeted_15y_price_contract,7.865762114524841,0.38033995838095597,450.8469779444702,False
181,甘肃,光伏,targeted_15y_price_contract,12.055628299713135,0.06657650415742483,50.91928237833452,False
199,甘肃,光伏,targeted_15y_price_contract,12.753403633832932,0.07133368117218682,51.60402285262421,False
4006,青海,光伏,targeted_15y_price_contract,9.081257209181786,0.08871192748178007,90.66612459773727,False
4126,青海,光伏,targeted_15y_price_contract,10.308840796351433,0.04534310859097765,40.70326688427333,False
413,甘肃,光伏,targeted_15y_price_contract,12.989770397543907,0.04437851104834553,31.51869793534979,False
4130,青海,光伏,targeted_15y_price_contract,12.978351563215256,0.06512518490802598,46.223410100090994,False
4132,青海,光伏,targeted_15y_price_contract,12.978351563215256,0.06512518490802598,46.223410100090994,False
4133,青海,光伏,targeted_15y_price_contract,12.978351563215256,0.06512518490802598,46.223410100090994,False
4136,青海,光伏,targeted_15y_price_contract,10.308840796351433,0.04534310859097765,40.70326688427333,False
4137,青海,光伏,targeted_15y_price_contract,8.94112877547741,0.03505906507947921,36.39292768097671,False
4138,青海,光伏,targeted_15y_price_contract,8.759603574872017,0.051745787601385325,54.890142249126804,False
4140,青海,光伏,targeted_15y_price_contract,9.262600466609001,0.09080495377967493,90.85971396866256,False
4143,青海,光伏,targeted_15y_price_contract,9.262600466609001,0.04540247681989272,45.42985691434436,False
4146,青海,光伏,targeted_15y_price_contract,10.254188105463982,0.045425413369447616,41.01213893709927,False
4149,青海,光伏,targeted_15y_price_contract,8.941128328442574,0.04382382957730637,45.49116003620691,False
4153,青海,光伏,targeted_15y_price_contract,7.865762338042259,0.07606799349843962,90.16939518665043,False
4155,青海,光伏,targeted_15y_price_contract,7.865762114524841,0.1521359827529924,180.33879046728381,False
4156,青海,光伏,targeted_15y_price_contract,7.865762114524841,0.11410198769113418,135.25409359297225,False
4157,青海,光伏,targeted_15y_price_contract,7.865762114524841,0.1521359827529924,180.33879046728381,False
4159,青海,光伏,targeted_15y_price_contract,7.865762114524841,0.40316035770156644,477.8977987758646,False
4160,青海,光伏,targeted_15y_price_contract,8.04124116897583,0.03890596211508886,45.05705105259848,False
4161,青海,光伏,targeted_15y_price_contract,9.556616395711899,0.041428334686141884,40.283954478812106,False
4163,青海,光伏,targeted_15y_price_contract,9.728584215044975,0.0424095921663366,40.49280798693338,False
4165,青海,光伏,targeted_15y_price_contract,7.8516702353954315,0.03767114030707008,44.74479104485676,False
4167,青海,光伏,targeted_15y_price_contract,9.556616395711899,0.041428334686141884,40.283954478812106,False
4180,青海,光伏,targeted_15y_price_contract,9.706103503704071,0.04218576048043483,40.382179442918414,False
4182,青海,光伏,targeted_15y_price_contract,8.04124116897583,0.03890596211508886,45.05705105259848,False
4189,青海,光伏,targeted_15y_price_contract,8.04124116897583,0.03890596211508886,45.05705105259848,False
4190,青海,光伏,targeted_15y_price_contract,8.04124116897583,0.07781192420731484,90.11410207871941,False
4192,青海,光伏,targeted_15y_price_contract,10.944197997450829,0.043510181568533236,36.75271688184176,False
4197,青海,光伏,targeted_15y_price_contract,8.94690290093422,0.04399303699317483,45.72694563532818,False
4199,青海,光伏,targeted_15y_price_contract,12.94454611837864,0.04627778863716918,32.93292133757514,False
4204,青海,光伏,targeted_15y_price_contract,9.033142402768135,0.0856809383321826,87.93990494592298,False
4205,青海,光伏,targeted_15y_price_contract,11.897635906934738,0.7838109607007282,606.7942115217927,False
4208,青海,光伏,targeted_15y_price_contract,8.084800466895103,0.15541394108898857,179.07029616705668,False
4225,青海,光伏,targeted_15y_price_contract,9.625343084335327,0.9072394266291147,873.1323025851116,False
4228,青海,光伏,targeted_15y_price_contract,8.04124116897583,0.07781192420731484,90.11410207871941,False
4233,青海,光伏,targeted_15y_price_contract,9.625343084335327,0.09072394217952044,87.31322979329293,False
4242,青海,光伏,targeted_15y_price_contract,12.105794996023178,0.046865084406371306,35.65814889912986,False
4250,青海,光伏,targeted_15y_price_contract,12.105794996023178,0.046865084406371306,35.65814889912986,False
4256,青海,光伏,targeted_15y_price_contract,10.474475473165512,0.04588670536273556,40.523280646004075,False
4263,青海,光伏,targeted_15y_price_contract,8.084800466895103,0.07770697061289134,89.53514816233648,False
4268,青海,光伏,targeted_15y_price_contract,9.081256985664368,0.053227155588036666,54.39967517670434,False
4274,青海,光伏,targeted_15y_price_contract,9.247682467103004,0.05870801732273631,58.892287650570076,False
4283,青海,光伏,targeted_15y_price_contract,9.081257209181786,0.044355963824167906,45.33306238398099,False
4288,青海,光伏,targeted_15y_price_contract,7.865762338042259,0.07606799349843962,90.16939518665043,False
4291,青海,光伏,targeted_15y_price_contract,8.685453459620476,0.03800946642135225,40.66006471249436,False
4301,青海,光伏,targeted_15y_price_contract,8.219871371984482,0.07980598680352138,90.42881335918045,False
4317,青海,光伏,targeted_15y_price_contract,7.733810842037201,0.07479167262156308,90.22974999948548,False
4320,青海,光伏,targeted_15y_price_contract,9.081257209181786,0.044355963824167906,45.33306238398099,False
4326,青海,光伏,targeted_15y_price_contract,9.635464176535606,0.03472083309589771,33.49439246076165,False
4420,青海,光伏,targeted_15y_price_contract,12.105794996023178,0.046865084406371306,35.65814889912986,False
4434,青海,光伏,targeted_15y_price_contract,12.057314068078995,0.4464042654560325,341.0814270472313,False
4440,青海,光伏,targeted_15y_price_contract,9.227361604571342,0.08722539893732274,87.69913734098905,False
4446,青海,光伏,targeted_15y_price_contract,12.057314068078995,0.4464042654560325,341.0814270472313,False
4452,青海,光伏,targeted_15y_price_contract,8.852073401212692,0.6503452076200271,683.8603661878188,False
4463,青海,光伏,targeted_15y_price_contract,8.852073401212692,0.6503452076200271,683.8603661878188,False
4479,青海,光伏,targeted_15y_price_contract,11.061971560120583,0.040770196904446256,34.047379307500954,False
4490,青海,光伏,targeted_15y_price_contract,8.70198480784893,0.06305004069699366,67.47404438325289,False
4510,青海,光伏,targeted_15y_price_contract,8.159659802913666,0.04153880201520753,47.40069725883782,False
4516,青海,光伏,targeted_15y_price_contract,9.033142402768135,0.04284046917379492,43.969952480868194,False
4522,青海,光伏,targeted_15y_price_contract,9.033142402768135,0.04284046917379492,43.969952480868194,False
4543,青海,光伏,targeted_15y_price_contract,9.033142402768135,0.0856809383321826,87.93990494592298,False
459,甘肃,光伏,targeted_15y_price_contract,12.278767302632332,0.05842445201401875,43.88871614635531,False
4609,青海,光伏,targeted_15y_price_contract,10.955819562077522,0.04085327703129377,34.490062650075316,False
461,甘肃,光伏,targeted_15y_price_contract,12.252021208405495,0.038995872913036564,29.35742132956612,False
4615,青海,光伏,targeted_15y_price_contract,9.635464176535606,0.03472083309589771,33.49439246076165,False
4622,青海,光伏,targeted_15y_price_contract,8.084800466895103,0.07770697061289134,89.53514816233648,False
463,甘肃,光伏,targeted_15y_price_contract,12.896036580204964,0.04085394745219932,29.225959766625643,False
4631,青海,光伏,targeted_15y_price_contract,7.865762338042259,0.07606799349843962,90.16939518665043,False
464,甘肃,光伏,targeted_15y_price_contract,12.278767749667168,0.03894963613665649,29.259144129570824,False
4641,青海,光伏,targeted_15y_price_contract,9.538201913237572,0.04751794368980553,46.14541621328597,False
4642,青海,光伏,targeted_15y_price_contract,10.955819562077522,0.04902393244773733,41.388075188688816,False
4647,青海,光伏,targeted_15y_price_contract,7.8516702353954315,0.07534228067325205,89.48958215992506,False
4648,青海,光伏,targeted_15y_price_contract,9.033142402768135,0.0856809383321826,87.93990494592298,False
4654,青海,光伏,targeted_15y_price_contract,9.033142402768135,0.0856809383321826,87.93990494592298,False
468,甘肃,光伏,targeted_15y_price_contract,12.896036580204964,0.04085394745219932,29.225959766625643,False
4682,青海,光伏,targeted_15y_price_contract,9.352983757853508,0.20338875030213288,201.79679677654224,False
4690,青海,光伏,targeted_15y_price_contract,10.955819562077522,0.04902393244773733,41.388075188688816,False
4705,青海,光伏,targeted_15y_price_contract,7.724688649177551,0.31885916483733356,385.27306247834133,False
4709,青海,光伏,targeted_15y_price_contract,12.130485400557518,0.04796823823544693,36.44276002637991,False
4710,青海,光伏,targeted_15y_price_contract,10.514566898345947,0.05004133686499018,44.14641144088767,False
4712,青海,光伏,targeted_15y_price_contract,10.184232741594315,0.039156307806374524,35.74632734397677,False
4716,青海,光伏,targeted_15y_price_contract,9.268581569194794,0.04408505196408185,44.14919250501378,False
4718,青海,光伏,targeted_15y_price_contract,9.076768085360527,0.03387147383912565,34.65174661461372,False
4722,青海,光伏,targeted_15y_price_contract,9.268581569194794,0.22042526109527946,220.745963801794,False
4724,青海,光伏,targeted_15y_price_contract,9.076768085360527,0.03387147383912565,34.65174661461372,False
4744,青海,光伏,targeted_15y_price_contract,8.475487232208252,0.12071218278123222,132.6445739892188,False
4746,青海,光伏,targeted_15y_price_contract,10.306625291705132,0.03938659598888849,35.55474414507778,False
4752,青海,光伏,targeted_15y_price_contract,10.306625291705132,0.03938659598888849,35.55474414507778,False
4756,青海,光伏,targeted_15y_price_contract,8.479709476232529,0.03250305650098227,35.667826888788156,False
4757,青海,光伏,targeted_15y_price_contract,8.336589708924294,0.0354926518984966,39.777511004770254,False
4767,青海,光伏,targeted_15y_price_contract,9.82542984187603,0.08069180346105824,75.99861409023534,False
4795,青海,光伏,targeted_15y_price_contract,11.32292702794075,0.04196898552849315,34.22845412861828,False
4804,青海,光伏,targeted_15y_price_contract,9.940069019794464,0.05272793327269692,49.088431838399266,False
4811,青海,光伏,targeted_15y_price_contract,7.865762114524841,0.2282039753735423,270.50818717560077,False
4817,青海,光伏,targeted_15y_price_contract,9.825430512428284,0.03227672377478813,30.39944581277174,False
4824,青海,光伏,targeted_15y_price_contract,11.423380672931671,0.04174987591392919,33.72896711835599,False
4854,青海,光伏,targeted_15y_price_contract,9.370279312133789,0.46650723579274744,461.5407917910968,False
4865,青海,光伏,targeted_15y_price_contract,8.069706559181213,0.39201919050499945,452.4313025490916,False
4868,青海,光伏,targeted_15y_price_contract,10.254188105463982,0.045425413369447616,41.01213893709927,False
4874,青海,光伏,targeted_15y_price_contract,10.254188105463982,0.045425413369447616,41.01213893709927,False
4891,青海,光伏,targeted_15y_price_contract,7.900994271039963,0.07618982940468898,89.91109159304473,False
4897,青海,光伏,targeted_15y_price_contract,7.7503084391355515,0.04087695837863563,49.169094039240385,False
4899,青海,光伏,targeted_15y_price_contract,9.081257209181786,0.044355963824167906,45.33306238398099,False
4905,青海,光伏,targeted_15y_price_contract,8.94112877547741,0.03505906507947921,36.39292768097671,False
4916,青海,光伏,targeted_15y_price_contract,8.941128328442574,0.04382382957730637,45.49116003620691,False
4931,青海,光伏,targeted_15y_price_contract,12.057313844561577,0.2232021287149275,170.54071361882757,False
4932,青海,光伏,targeted_15y_price_contract,7.750307768583298,0.24526172933457344,295.0145645754489,False
4933,青海,光伏,targeted_15y_price_contract,10.308840796351433,0.04534310859097765,40.70326688427333,False
4943,青海,光伏,targeted_15y_price_contract,9.262600466609001,0.18160990748222858,181.71942786015728,False
4944,青海,光伏,targeted_15y_price_contract,7.852392420172691,0.6788270090143395,806.0978527378593,False
4952,青海,光伏,targeted_15y_price_contract,9.262600466609001,0.13620743059512244,136.28957087855898,False
4956,青海,光伏,targeted_15y_price_contract,9.262600466609001,0.04540247681989272,45.42985691434436,False
4960,青海,光伏,targeted_15y_price_contract,9.463160634040833,0.043768886269485226,43.02559302300945,False
4966,青海,光伏,targeted_15y_price_contract,9.538201913237572,0.0791965724652202,76.90902668116287,False
4977,青海,光伏,targeted_15y_price_contract,9.52766977250576,0.039043548297207124,37.93500126859092,False
4980,青海,光伏,targeted_15y_price_contract,12.877005860209465,0.04205721909455662,30.08184698184985,False
4983,青海,光伏,targeted_15y_price_contract,12.943414226174355,0.04274561610922687,30.420289351701182,False
4992,青海,光伏,targeted_15y_price_contract,9.699140042066574,0.8028976964757919,766.3758200216716,False
4994,青海,光伏,targeted_15y_price_contract,9.759875312447548,0.8049754234195431,763.3806097269022,False
518,甘肃,光伏,targeted_15y_price_contract,13.014324009418488,0.07630128074647854,54.09327237557109,False
521,甘肃,光伏,targeted_15y_price_contract,12.723021134734154,0.06115987110731707,44.34057389772027,False
533,甘肃,光伏,targeted_15y_price_contract,12.595969811081886,0.05736611516207488,42.01659408843472,False
540,甘肃,光伏,targeted_15y_price_contract,12.59596936404705,0.038244073398609586,28.011061246986355,False
541,甘肃,光伏,targeted_15y_price_contract,12.812393009662628,0.038855681254803154,27.982553862492654,False
6017,新疆,光伏,targeted_15y_price_contract,9.220906421542168,0.038998807176007906,39.21194129530543,False
6030,新疆,光伏,targeted_15y_price_contract,10.95073901116848,0.041036634820287896,34.52395674570733,False
6031,新疆,光伏,targeted_15y_price_contract,11.519492715597153,0.12020954267969423,96.1399330959779,False
6032,新疆,光伏,targeted_15y_price_contract,11.519493162631989,0.06678308169364837,53.41107381065817,False
6036,新疆,光伏,targeted_15y_price_contract,11.704221814870834,0.3536008907084757,278.4047144858657,False
6037,新疆,光伏,targeted_15y_price_contract,9.863405674695969,0.08217415410292712,76.99727565250636,False
6057,新疆,光伏,targeted_15y_price_contract,10.178961530327797,0.03492337959153228,31.697502226625545,False
6059,新疆,光伏,targeted_15y_price_contract,11.102960407733917,0.053395560375880384,44.42626217953749,False
6060,新疆,光伏,targeted_15y_price_contract,9.509823024272919,0.03381038627583337,32.914897690731074,False
6063,新疆,光伏,targeted_15y_price_contract,8.69171418249607,0.029639678163439296,31.67608413195879,False
6066,新疆,光伏,targeted_15y_price_contract,9.81291800737381,0.06793808006213449,63.9741969820957,False
6067,新疆,光伏,targeted_15y_price_contract,9.420497864484787,0.03623265022460444,35.6914150389231,False
6068,新疆,光伏,targeted_15y_price_contract,10.349581986665726,0.03601271511536765,32.26878047979632,False
6069,新疆,光伏,targeted_15y_price_contract,8.904771655797958,0.03498944824964824,36.54632235370465,False
6070,新疆,光伏,targeted_15y_price_contract,8.904771655797958,0.05831574721360825,60.91053739285832,False
6076,新疆,光伏,targeted_15y_price_contract,8.938366994261742,0.03992051583700764,41.47250204195949,False
6081,新疆,光伏,targeted_15y_price_contract,12.08104893565178,0.046756834354094425,35.647186719728055,False
6082,新疆,光伏,targeted_15y_price_contract,8.650327920913696,0.148887388233684,159.89097375546652,False
6083,新疆,光伏,targeted_15y_price_contract,10.067894607782364,0.07161318563126688,65.73873537120402,False
6086,新疆,光伏,targeted_15y_price_contract,11.672368124127388,0.36241428889733596,286.1146922492847,False
6089,新疆,光伏,targeted_15y_price_contract,11.672368347644806,0.08053651059441398,63.58104304443925,False
6098,新疆,光伏,targeted_15y_price_contract,10.41823111474514,0.06797405666475216,60.27836325646012,False
6101,新疆,光伏,targeted_15y_price_contract,10.146008133888245,0.03740952678964146,34.05207568474574,False
6102,新疆,光伏,targeted_15y_price_contract,10.82625076174736,0.4104133353576369,349.1677728959251,False
6104,新疆,光伏,targeted_15y_price_contract,10.507498160004616,0.034880843135131484,30.751195915995112,False
6106,新疆,光伏,targeted_15y_price_contract,12.861642837524414,0.05167573546631242,37.008279425162975,False
6111,新疆,光伏,targeted_15y_price_contract,9.411124214529991,0.0368729258767747,36.352302000204375,False
6112,新疆,光伏,targeted_15y_price_contract,10.93690238893032,0.3070877628711416,258.639440838799,False
6114,新疆,光伏,targeted_15y_price_contract,9.09056268632412,0.03737145053370076,38.12401970107215,False
6117,甘肃,光伏,targeted_15y_price_contract,13.061087653040886,0.039047160039563836,27.577767553103424,False
6120,新疆,光伏,targeted_15y_price_contract,10.244777128100395,0.049329155882074295,44.60796308007441,False
6124,新疆,光伏,targeted_15y_price_contract,9.09056268632412,0.03737145053370076,38.12401970107215,False
6129,新疆,光伏,targeted_15y_price_contract,11.606802865862846,0.4986929253668811,395.7630462981702,False
6131,新疆,光伏,targeted_15y_price_contract,11.9012700766325,1.1674998107633505,903.5171077529567,False
6133,新疆,光伏,targeted_15y_price_contract,11.233465299010277,0.19295792178095064,158.23164775261094,False
6140,新疆,光伏,targeted_15y_price_contract,10.171905979514122,0.049854582594049304,45.421440306250375,False
6143,新疆,光伏,targeted_15y_price_contract,11.901269853115082,0.1945832968748116,150.58618364681786,False
6149,新疆,光伏,targeted_15y_price_contract,9.607498347759247,0.18299190861274314,176.61794589003733,False
6151,新疆,光伏,targeted_15y_price_contract,12.569355368614197,0.038946882578523766,28.548402647177117,False
6159,新疆,光伏,targeted_15y_price_contract,11.901269853115082,0.7783331877273032,602.3447347637623,False
6160,新疆,光伏,targeted_15y_price_contract,10.145452693104744,0.3159678049927454,287.6258959615016,False
6165,新疆,光伏,targeted_15y_price_contract,9.127177521586418,0.1472682668886194,149.69337341783014,False
6175,新疆,光伏,targeted_15y_price_contract,12.641203701496124,0.042886146406492985,31.26886467866943,False
6176,新疆,光伏,targeted_15y_price_contract,12.631012871861458,0.05277387369504357,38.4853496807886,False
6178,新疆,光伏,targeted_15y_price_contract,11.983476653695107,0.1854197665806417,142.55529936754624,False
6183,新疆,光伏,targeted_15y_price_contract,10.178367868065834,0.04990675736733435,45.45539677252696,False
6186,新疆,光伏,targeted_15y_price_contract,12.641203701496124,0.042886146406492985,31.26886467866943,False
6189,新疆,光伏,targeted_15y_price_contract,11.782113835215569,0.1230466823191513,96.21944282659474,False
6190,新疆,光伏,targeted_15y_price_contract,9.162716343998909,0.04082115846541012,41.30145261545351,False
6191,新疆,光伏,targeted_15y_price_contract,11.091833487153053,0.05398966463592034,44.95757446742054,False
6197,新疆,光伏,targeted_15y_price_contract,11.98347620666027,0.9889053847837795,760.29492989163,False
6199,新疆,光伏,targeted_15y_price_contract,11.782113835215569,1.9687469166789127,1539.511084891216,False
6214,新疆,光伏,targeted_15y_price_contract,9.127177521586418,0.0736341334408798,74.84668670542864,False
6215,新疆,光伏,targeted_15y_price_contract,11.361462324857712,0.11570257084118417,93.79800054405607,False
6219,新疆,光伏,targeted_15y_price_contract,9.548141732811928,0.034930187321298496,33.85106245361787,False
6224,新疆,光伏,targeted_15y_price_contract,11.77798792719841,0.29774670155790084,232.8736444930468,False
6230,新疆,光伏,targeted_15y_price_contract,11.66218377649784,0.08516118649151194,67.25749079526362,False
6247,新疆,光伏,targeted_15y_price_contract,11.253702566027641,0.5219114706578994,427.2085398219234,False
6251,新疆,光伏,targeted_15y_price_contract,11.9012700766325,0.03891666015467074,30.117236767141595,False
6253,新疆,光伏,targeted_15y_price_contract,9.127177521586418,0.0736341334408798,74.84668670542864,False
6259,新疆,光伏,targeted_15y_price_contract,11.659871712327003,0.5059542698656813,399.7201203367587,False
6261,新疆,光伏,targeted_15y_price_contract,13.041103407740593,0.04539175891101139,32.061018486175044,False
6263,新疆,光伏,targeted_15y_price_contract,13.014748468995094,0.040268944144854706,28.510470203069858,False
6268,新疆,光伏,targeted_15y_price_contract,9.183194115757942,0.2892948947259132,292.143683909029,False
6270,新疆,光伏,targeted_15y_price_contract,9.09056268632412,0.03737145053370076,38.12401970107215,False
6272,新疆,光伏,targeted_15y_price_contract,13.012025356292725,0.042923241609906154,30.389387704399486,False
6276,新疆,光伏,targeted_15y_price_contract,8.667111173272133,0.15005182501169773,160.80336738827785,False
6288,新疆,光伏,targeted_15y_price_contract,8.708976656198502,0.39358366447297616,420.10617297061435,False
6290,新疆,光伏,targeted_15y_price_contract,10.237989127635956,0.03298891212706894,29.85897057875822,False
6294,新疆,光伏,targeted_15y_price_contract,8.729689791798592,0.037171472660058255,39.5822138208324,False
6295,新疆,光伏,targeted_15y_price_contract,11.064190194010735,0.042202510564205355,35.142190212802376,False
6321,新疆,光伏,targeted_15y_price_contract,10.069009512662888,0.034202116294558424,31.476593755217163,False
6322,新疆,光伏,targeted_15y_price_contract,9.716978743672371,0.06590706288506475,62.73539842009774,False
6323,新疆,光伏,targeted_15y_price_contract,12.533297538757324,0.056720434386075644,41.69159748070576,False
6328,新疆,光伏,targeted_15y_price_contract,12.533297538757324,0.056720434386075644,41.69159748070576,False
6334,新疆,光伏,targeted_15y_price_contract,11.718923896551132,0.036407323112478705,28.61998362987299,False
6337,新疆,光伏,targeted_15y_price_contract,11.718923896551132,0.036407323112478705,28.61998362987299,False
6339,新疆,光伏,targeted_15y_price_contract,11.9012700766325,0.03891666015467074,30.117236767141595,False
6344,新疆,光伏,targeted_15y_price_contract,11.670130044221878,0.03891630769832036,30.721063230101766,False
6345,新疆,光伏,targeted_15y_price_contract,12.86432035267353,0.04020307696667912,28.791527047513195,False
6350,新疆,光伏,targeted_15y_price_contract,12.32178121805191,0.038799867281368694,29.02006621521601,False
6358,新疆,光伏,targeted_15y_price_contract,12.0053581148386,0.13288605288215702,101.97426017634338,False
6360,新疆,光伏,targeted_15y_price_contract,12.0053581148386,0.066443026393093,50.987130051348515,False
6361,新疆,光伏,targeted_15y_price_contract,8.918230757117271,0.034315309194229884,35.64376483560249,False
6362,新疆,光伏,targeted_15y_price_contract,11.532728523015976,0.528101058944949,421.7700534740105,False
6372,新疆,光伏,targeted_15y_price_contract,12.699226811528206,0.055547139168483736,40.30401920310237,False
6374,新疆,光伏,targeted_15y_price_contract,12.670174911618233,0.055951541159646956,40.68717474894614,False
6375,新疆,光伏,targeted_15y_price_contract,12.699226811528206,0.055547139168483736,40.30401920310237,False
6380,新疆,光伏,targeted_15y_price_contract,11.237552762031555,0.037741855607136034,30.997985348350316,False
6385,新疆,光伏,targeted_15y_price_contract,13.059154897928238,0.04221689430727503,29.81180424468466,False
6387,新疆,光伏,targeted_15y_price_contract,11.160264015197754,0.06520671380849676,53.81417458552855,False
6388,新疆,光伏,targeted_15y_price_contract,9.237523823976517,0.06836812504808308,68.68084327012765,False
6389,新疆,光伏,targeted_15y_price_contract,7.922698929905891,0.04627781321718404,54.470693725981235,False
6394,新疆,光伏,targeted_15y_price_contract,8.733948692679405,0.06919042571870444,73.58064506781157,False
6402,新疆,光伏,targeted_15y_price_contract,11.9012700766325,0.03891666015467074,30.117236767141595,False
6405,新疆,光伏,targeted_15y_price_contract,9.812918454408646,0.4076284988610975,383.8451818158008,False
6411,新疆,光伏,targeted_15y_price_contract,12.885365188121796,0.04213717085538084,30.15183775668619,False
6415,新疆,光伏,targeted_15y_price_contract,11.63431964814663,0.04735701631690783,37.498311062682596,False
6417,新疆,光伏,targeted_15y_price_contract,12.885365188121796,0.04213717085538084,30.15183775668619,False
6424,新疆,光伏,targeted_15y_price_contract,12.429056167602539,0.039562673871928904,29.321890740005433,False
6428,新疆,光伏,targeted_15y_price_contract,11.467849016189575,0.06452373214295604,51.832944412077346,False
6429,新疆,光伏,targeted_15y_price_contract,12.885365188121796,0.04213717085538084,30.15183775668619,False
6434,新疆,光伏,targeted_15y_price_contract,12.429056167602539,0.039562673871928904,29.321890740005433,False
6435,新疆,光伏,targeted_15y_price_contract,8.87573517858982,0.06690386914876413,69.95523036803202,False
6436,新疆,光伏,targeted_15y_price_contract,12.869764789938927,0.04811162024372823,34.43167982853202,False
6440,新疆,光伏,targeted_15y_price_contract,13.04121807217598,0.03909240154708549,27.624721484258735,False
6447,新疆,光伏,targeted_15y_price_contract,11.993659660220146,0.27290074481051113,209.67508297772454,False
6451,新疆,光伏,targeted_15y_price_contract,9.631968587636948,0.047663180446733164,45.957978638491326,False
6465,新疆,光伏,targeted_15y_price_contract,12.071760892868042,0.0881210365298623,67.26526252962239,False
6467,新疆,光伏,targeted_15y_price_contract,12.947106510400772,0.0621026798936976,44.20154214938883,False
6468,新疆,光伏,targeted_15y_price_contract,9.768765270709991,0.03493490678008238,33.0745363563014,False
6475,新疆,光伏,targeted_15y_price_contract,10.005326718091965,0.07658727302967656,70.73815654348543,False
6476,新疆,光伏,targeted_15y_price_contract,9.768765270709991,0.03493490678008238,33.0745363563014,False
6480,新疆,光伏,targeted_15y_price_contract,13.087763339281082,0.04437127650249978,31.23494081812227,False
6485,新疆,光伏,targeted_15y_price_contract,13.087763339281082,0.06655691472999295,46.85241121045996,False
6487,新疆,光伏,targeted_15y_price_contract,11.92034013569355,0.04124328125423938,31.874609379697567,False
6496,新疆,光伏,targeted_15y_price_contract,12.675635442137718,0.04197317272854736,30.52259645134326,False
6498,新疆,光伏,targeted_15y_price_contract,12.619469985365868,0.03916728885648163,28.59988357559221,False
6507,新疆,光伏,targeted_15y_price_contract,12.13968001306057,0.037178854516060206,28.214674632346508,False
6518,新疆,光伏,targeted_15y_price_contract,12.80417762696743,0.05452350781676998,39.23000643069736,False
6522,新疆,光伏,targeted_15y_price_contract,12.99127645790577,0.04939147804558251,35.02326446392314,False
6528,新疆,光伏,targeted_15y_price_contract,8.695887923240662,0.05823788239956857,62.324514234971815,False
6531,新疆,光伏,targeted_15y_price_contract,12.414778098464012,0.04110151535249352,30.49534239742629,False
6536,新疆,光伏,targeted_15y_price_contract,8.904771655797958,0.05831574721360825,60.91053739285832,False
6537,新疆,光伏,targeted_15y_price_contract,12.619469985365868,0.03916728885648163,28.59988357559221,False
6538,新疆,光伏,targeted_15y_price_contract,11.646130532026291,0.08132519860042647,64.34036476415251,False
6548,新疆,光伏,targeted_15y_price_contract,11.646130532026291,0.08132519860042647,64.34036476415251,False
6553,新疆,光伏,targeted_15y_price_contract,12.575643137097359,0.03861654387737129,28.290552090592904,False
6559,新疆,光伏,targeted_15y_price_contract,8.762355297803879,0.035389744421149755,37.44529028907466,False
6564,新疆,光伏,targeted_15y_price_contract,11.233464851975441,0.0643193043407103,52.743882288971676,False
6565,新疆,光伏,targeted_15y_price_contract,11.233465299010277,0.16723019816067397,137.1340941316637,False
6566,新疆,光伏,targeted_15y_price_contract,9.938140735030174,0.03517286397911024,32.6975219205232,False
6568,新疆,光伏,targeted_15y_price_contract,12.405583262443542,0.03804857337546393,28.25423713038048,False
6574,新疆,光伏,targeted_15y_price_contract,9.575647786259651,0.032284970543177666,31.213828725688792,False
6576,新疆,光伏,targeted_15y_price_contract,11.189674213528633,0.17002656040331698,139.97285235420557,False
6578,新疆,光伏,targeted_15y_price_contract,11.52471587061882,0.039351720303074676,31.45458438653248,False
6579,新疆,光伏,targeted_15y_price_contract,11.523600965738297,1.0735321610498032,858.2132495765975,False
6582,新疆,光伏,targeted_15y_price_contract,9.7133669257164,0.39117469121701814,372.8022056416459,False
6590,新疆,光伏,targeted_15y_price_contract,10.579390525817871,0.049911366280687444,43.64040921579055,False
6598,新疆,光伏,targeted_15y_price_contract,11.240235194563866,0.6369712927744944,521.943266772476,False
6602,新疆,光伏,targeted_15y_price_contract,10.891005769371986,0.045222379226832456,38.40584940704018,False
6607,新疆,光伏,targeted_15y_price_contract,11.718923673033714,0.12135774134937587,95.39994539815972,False
6609,新疆,光伏,targeted_15y_price_contract,9.938140958547592,0.4220743790895471,392.3702647636696,False
6616,新疆,光伏,targeted_15y_price_contract,11.75337329506874,0.04113656673291638,32.242440626921486,False
6619,新疆,光伏,targeted_15y_price_contract,12.619469985365868,0.03916728885648163,28.59988357559221,False
6625,新疆,光伏,targeted_15y_price_contract,11.75337329506874,0.1371218888951808,107.47480192158356,False
6628,新疆,光伏,targeted_15y_price_contract,11.656210944056511,0.11940943186918562,94.36821046497137,False
6633,新疆,光伏,targeted_15y_price_contract,12.619469985365868,0.03916728885648163,28.59988357559221,False
6634,新疆,光伏,targeted_15y_price_contract,10.724924951791763,0.03963780878163097,34.04738355049099,False
6638,新疆,光伏,targeted_15y_price_contract,11.62513755261898,0.15281071074254557,121.07942133742289,False
6641,新疆,光伏,targeted_15y_price_contract,12.724826708436012,0.05223039536084453,37.80872622190203,False
6644,新疆,光伏,targeted_15y_price_contract,10.36291390657425,0.04764163712724687,42.461992621412335,False
6654,新疆,光伏,targeted_15y_price_contract,12.641203701496124,0.042886146406492985,31.26886467866943,False
6659,新疆,光伏,targeted_15y_price_contract,12.631296515464783,0.05189011862981547,37.83742194300387,False
6666,新疆,光伏,targeted_15y_price_contract,11.964375525712967,0.037433406053997934,28.825674616729415,False
6669,新疆,光伏,targeted_15y_price_contract,9.686232805252075,0.039906267053220874,38.10307731835704,False
6672,新疆,光伏,targeted_15y_price_contract,8.906980007886887,0.03524176858774661,36.72886610414234,False
6675,新疆,光伏,targeted_15y_price_contract,10.507146567106247,0.04954680092432065,43.62714235975905,False
6694,新疆,光伏,targeted_15y_price_contract,11.9012700766325,0.03891666015467074,30.117236767141595,False
6720,新疆,光伏,targeted_15y_price_contract,10.968524739146233,0.04505473712180054,38.0119413411844,False
6723,新疆,光伏,targeted_15y_price_contract,13.048256635665894,0.04044300137804176,28.56213643067134,False
6728,新疆,光伏,targeted_15y_price_contract,12.071760892868042,0.04005501641119752,30.575119184106402,False
6731,新疆,光伏,targeted_15y_price_contract,12.515958845615387,0.05116034100793786,37.65164415104044,False
6736,新疆,光伏,targeted_15y_price_contract,12.071760892868042,0.04005501641119752,30.575119184106402,False
6738,新疆,光伏,targeted_15y_price_contract,11.711296141147614,0.03626162124508996,28.518524950781117,False
6739,新疆,光伏,targeted_15y_price_contract,8.885991498827934,0.30104424167336086,314.61691824216393,False
6740,新疆,光伏,targeted_15y_price_contract,9.279107451438904,0.031374073672880934,31.365963181022536,False
6741,新疆,光伏,targeted_15y_price_contract,13.048256412148476,0.06066450131309559,42.84320484743812,False
6745,新疆,光伏,targeted_15y_price_contract,10.702859982848167,0.06568694348987163,56.54048366241467,False
6747,新疆,光伏,targeted_15y_price_contract,11.40706479549408,0.6353408602055229,513.070877095477,False
6753,新疆,光伏,targeted_15y_price_contract,8.00341285765171,0.02811932469599806,32.792942732133675,False
6755,新疆,光伏,targeted_15y_price_contract,11.983760297298431,0.08804911334967971,67.68807802141106,False
6760,新疆,光伏,targeted_15y_price_contract,8.840129300951958,0.04202572647498127,44.2305366675157,False
6766,新疆,光伏,targeted_15y_price_contract,7.868035286664963,0.18753915391588674,222.17372388711178,False
6768,新疆,光伏,targeted_15y_price_contract,12.641203701496124,0.042886146406492985,31.26886467866943,False
6774,新疆,光伏,targeted_15y_price_contract,12.066547125577927,0.04199890794023684,32.08030609064752,False
6777,新疆,光伏,targeted_15y_price_contract,11.795639097690582,0.06596201495242843,51.52221844346759,False
6782,新疆,光伏,targeted_15y_price_contract,12.066547125577927,0.04199890794023684,32.08030609064752,False
6785,新疆,光伏,targeted_15y_price_contract,11.795638874173164,0.0395772080932459,30.913330965900858,False
6790,新疆,光伏,targeted_15y_price_contract,12.137863710522652,0.38200056144458383,289.9638528613188,False
6792,新疆,光伏,targeted_15y_price_contract,12.257812097668648,0.04872688532794452,36.64721277625029,False
6793,新疆,光伏,targeted_15y_price_contract,10.943215638399124,0.040935231396976586,34.45995362055473,False
6799,新疆,光伏,targeted_15y_price_contract,11.01324163377285,0.24113188530790317,201.66209679815944,False
6802,新疆,光伏,targeted_15y_price_contract,11.511142998933792,0.06594688724375886,52.782747884939084,False
6804,新疆,光伏,targeted_15y_price_contract,9.564088135957718,0.06661212048173051,64.48545074887414,False
6806,新疆,光伏,targeted_15y_price_contract,9.465909004211426,0.03754861965486389,36.733136956072144,False
6812,新疆,光伏,targeted_15y_price_contract,11.263470724225044,1.2815967586668535,1048.1361066660709,False
6813,新疆,光伏,targeted_15y_price_contract,11.414556875824928,0.038831835036701685,31.33901074337447,False
6819,新疆,光伏,targeted_15y_price_contract,11.008727252483368,0.23937868168297383,200.2889696007099,False
6824,新疆,光伏,targeted_15y_price_contract,9.561257287859917,0.4212067076972427,407.91484378840437,False
6827,新疆,光伏,targeted_15y_price_contract,11.01324163377285,0.48226377031606316,403.3241933456394,False
6831,新疆,光伏,targeted_15y_price_contract,11.342594102025032,0.08258238819382521,67.06587964293082,False
6838,新疆,光伏,targeted_15y_price_contract,12.078167796134949,0.04101309344434719,31.2941472014022,False
6839,新疆,光伏,targeted_15y_price_contract,9.95747834444046,0.08596964708393695,79.89573249501271,False
6842,新疆,光伏,targeted_15y_price_contract,12.947106510400772,0.04140178672217331,29.467694856206467,False
6845,新疆,光伏,targeted_15y_price_contract,11.3066665828228,0.04052936998625639,33.01475960475083,False
685,甘肃,光伏,targeted_15y_price_contract,12.119780033826828,0.06681585657403186,50.83535918213886,False
6852,新疆,光伏,targeted_15y_price_contract,11.3066665828228,0.04052936998625639,33.01475960475083,False
6854,新疆,光伏,targeted_15y_price_contract,10.066714659333229,0.11393821871677914,104.594795014483,False
6860,新疆,光伏,targeted_15y_price_contract,12.641203701496124,0.05718152822840636,41.691819342920745,False
6866,新疆,光伏,targeted_15y_price_contract,11.580512523651123,0.036315616100015824,28.89068829672449,False
6867,新疆,光伏,targeted_15y_price_contract,10.066714435815811,0.07595881084303922,69.72986339049166,False
6881,新疆,光伏,targeted_15y_price_contract,11.342594102025032,0.03643340665384831,29.587888157146384,False
6883,新疆,光伏,targeted_15y_price_contract,10.036303102970123,0.036957506604497974,34.24442417419001,False
6885,新疆,光伏,targeted_15y_price_contract,10.066714435815811,0.07595881084303922,69.72986339049166,False
6895,新疆,光伏,targeted_15y_price_contract,8.989637196063995,0.04147175619454958,42.77114695076532,False
6898,新疆,光伏,targeted_15y_price_contract,8.855055570602417,0.127799071823987,134.01662710398307,False
6903,新疆,光伏,targeted_15y_price_contract,11.9012700766325,0.03891666015467074,30.117236767141595,False
6907,新疆,光伏,targeted_15y_price_contract,11.432641223073006,0.11730853900612326,94.5117396061606,False
6911,新疆,光伏,targeted_15y_price_contract,12.575643137097359,0.03861654387737129,28.290552090592904,False
6912,新疆,光伏,targeted_15y_price_contract,11.580512523651123,0.036315616100015824,28.89068829672449,False
6913,新疆,光伏,targeted_15y_price_contract,8.913758397102356,0.06297907976381323,65.56513691305824,False
6916,新疆,光伏,targeted_15y_price_contract,9.005167186260223,0.39102850094162656,402.6183889353429,False
6918,新疆,光伏,targeted_15y_price_contract,10.944141671061516,0.16069765128150865,135.25905198587674,False
6928,新疆,光伏,targeted_15y_price_contract,8.058129474520683,0.05746512435276727,66.52663886975745,False
6934,新疆,光伏,targeted_15y_price_contract,12.457873150706291,0.042377287727529515,31.338738135573124,False
6938,新疆,光伏,targeted_15y_price_contract,9.777902886271477,0.03325228410368219,31.443795764876548,False
6947,新疆,光伏,targeted_15y_price_contract,12.066706717014313,0.03827644732940189,29.21766934728442,False
6953,新疆,光伏,targeted_15y_price_contract,12.173945680260658,0.03873439694833038,29.306782754295483,False
6959,新疆,光伏,targeted_15y_price_contract,8.592301234602928,0.034636123725650246,37.4592055170553,False
6963,新疆,光伏,targeted_15y_price_contract,9.127177521586418,0.0736341334408798,74.84668670542864,False
697,甘肃,光伏,targeted_15y_price_contract,11.928131729364395,0.14988914022868535,115.84332798719593,False
6975,新疆,光伏,targeted_15y_price_contract,12.616634890437126,0.03922580226997474,28.650229188929288,False
6981,新疆,光伏,targeted_15y_price_contract,8.69171418249607,0.059279356289849275,63.35216822434415,False
6998,新疆,光伏,targeted_15y_price_contract,12.080864533782005,0.050804375787299585,38.75438422071438,False
6999,新疆,光伏,targeted_15y_price_contract,12.008499652147293,0.050452300772234754,38.71720368543064,False
7114,新疆,光伏,targeted_15y_price_contract,11.384391859173775,0.03650451440944843,29.655864595900503,False
724,甘肃,光伏,targeted_15y_price_contract,12.308397889137268,0.040349316209518996,30.235952649847157,False
7274,新疆,光伏,targeted_15y_price_contract,12.435765266418457,0.038529254908667675,28.539781364062907,False
7284,新疆,光伏,targeted_15y_price_contract,12.435765266418457,0.038529254908667675,28.539781364062907,False
7325,新疆,光伏,targeted_15y_price_contract,10.47620952129364,0.03693118657276297,32.5774804005636,False
7332,新疆,光伏,targeted_15y_price_contract,9.076009914278984,0.06367080746147684,65.05170097572795,False
7361,新疆,光伏,targeted_15y_price_contract,12.725647017359734,0.04533384375240254,32.82198087329732,False
770,甘肃,光伏,targeted_15y_price_contract,12.738921716809273,0.03935273407435011,28.490184719447807,False
782,甘肃,光伏,targeted_15y_price_contract,12.567871883511543,0.038770207640618996,28.446540719782934,False
810,甘肃,光伏,targeted_15y_price_contract,12.567871883511543,0.07754041530510716,56.893081457079184,False
814,甘肃,光伏,targeted_15y_price_contract,13.196822851896286,0.040498162884202125,28.315811217264496,False
816,甘肃,光伏,targeted_15y_price_contract,12.80104324221611,0.04705097871183087,33.89630342731311,False
8314,青海,光伏,targeted_15y_price_contract,13.062514588236809,0.047265672021391196,33.333540518575234,False
8326,青海,光伏,targeted_15y_price_contract,12.897639647126198,0.04614253683595222,32.95156406138644,False
886,甘肃,光伏,targeted_15y_price_contract,12.103092446923256,0.04030916924152143,30.716131355295637,False
895,甘肃,光伏,targeted_15y_price_contract,11.549360901117325,0.07241116998016073,57.80226341972733,False
931,甘肃,光伏,targeted_15y_price_contract,12.614236325025558,0.03907132305404433,28.563683185713888,False
935,甘肃,光伏,targeted_15y_price_contract,12.80104324221611,0.03920914871307977,28.246919368990937,False
943,甘肃,光伏,targeted_15y_price_contract,12.80104324221611,0.03920914871307977,28.246919368990937,False
954,甘肃,光伏,targeted_15y_price_contract,12.80104324221611,0.04705097871183087,33.89630342731311,False
957,甘肃,光伏,targeted_15y_price_contract,12.738921716809273,0.03935273407435011,28.490184719447807,False
963,甘肃,光伏,targeted_15y_price_contract,12.896036580204964,0.04085394745219932,29.225959766625643,False
W1057,广西,风电,targeted_15y_price_contract,8.179575875401497,0.041994023658820157,47.99117976125115,False
W1069,广西,风电,targeted_15y_price_contract,9.757194891571999,0.046283315568906934,43.974785130558544,False
W1073,广西,风电,targeted_15y_price_contract,9.757194221019745,0.03702664978005719,35.17982798050031,False
W113,甘肃,风电,targeted_15y_price_contract,12.730482816696167,0.06086586677570331,44.09607640138403,False
W1130,河北,风电,targeted_15y_price_contract,10.905084237456322,0.050757209120229206,42.876484059735176,False
W1134,河北,风电,targeted_15y_price_contract,12.399839758872986,0.07838462034166886,58.26453533064514,False
W114,甘肃,风电,targeted_15y_price_contract,12.730482816696167,0.06086586677570331,44.09607640138403,False
W115,甘肃,风电,targeted_15y_price_contract,12.730482816696167,0.06086586677570331,44.09607640138403,False
W116,甘肃,风电,targeted_15y_price_contract,11.87292493879795,0.05686125848998282,44.153786631823635,False
W117,甘肃,风电,targeted_15y_price_contract,11.87292493879795,0.05686125848998282,44.153786631823635,False
W1223,陕西,风电,targeted_15y_price_contract,12.407136261463165,0.03977485605243579,29.563382162906148,False
W123,甘肃,风电,targeted_15y_price_contract,12.730483710765839,0.06056305541881435,43.876692681191884,False
W127,甘肃,风电,targeted_15y_price_contract,11.872924268245697,0.05657836384561263,43.93411634999245,False
W1273,广西,风电,targeted_15y_price_contract,10.738070458173752,0.03495245323450428,30.104073417826417,False
W128,甘肃,风电,targeted_15y_price_contract,11.872924268245697,0.05657836384561263,43.93411634999245,False
W1280,河北,风电,targeted_15y_price_contract,9.92755763232708,0.03333155033640999,31.12818019824467,False
W1284,河北,风电,targeted_15y_price_contract,10.854282975196838,0.035764245979199305,30.468102537151918,False
W129,甘肃,风电,targeted_15y_price_contract,11.87292493879795,0.05686125848998282,44.153786631823635,False
W130,甘肃,风电,targeted_15y_price_contract,8.05688001215458,0.14799783667810032,171.45067369188357,False
W131,甘肃,风电,targeted_15y_price_contract,11.87292493879795,0.05686125848998282,44.153786631823635,False
W132,甘肃,风电,targeted_15y_price_contract,11.87292493879795,0.05686125848998282,44.153786631823635,False
W133,甘肃,风电,targeted_15y_price_contract,11.87292493879795,0.05686125848998282,44.153786631823635,False
W134,甘肃,风电,targeted_15y_price_contract,11.87292493879795,0.05686125848998282,44.153786631823635,False
W1340,河北,风电,targeted_15y_price_contract,10.949007868766785,0.04442952550169938,37.62477236243153,False
W1356,河北,风电,targeted_15y_price_contract,10.94900831580162,0.04487831072938563,38.00482083019579,False
W1358,河北,风电,targeted_15y_price_contract,10.94900831580162,0.04487831072938563,38.00482083019579,False
W136,甘肃,风电,targeted_15y_price_contract,8.05688001215458,0.036999459294199774,42.86266856740246,False
W1360,河北,风电,targeted_15y_price_contract,9.1824721544981,0.031257364123443904,31.650830606940403,False
W1362,河北,风电,targeted_15y_price_contract,9.1824721544981,0.031257364123443904,31.650830606940403,False
W1374,河北,风电,targeted_15y_price_contract,10.854283422231674,0.07152849519331594,60.93620532051455,False
W1376,河北,风电,targeted_15y_price_contract,9.182471483945847,0.12502944591858514,126.60332096468929,False
W138,甘肃,风电,targeted_15y_price_contract,8.105633854866028,0.09474167790836584,108.88222174970903,False
W1387,河北,风电,targeted_15y_price_contract,9.182471707463264,0.09127149745065959,92.42042400893689,False
W1389,河北,风电,targeted_15y_price_contract,9.182472601532936,0.06188958339233435,62.66864400929133,False
W139,甘肃,风电,targeted_15y_price_contract,8.105634525418282,0.0952130353592959,109.42392198133362,False
W140,甘肃,风电,targeted_15y_price_contract,8.10563363134861,0.04713516177108792,54.170259499252666,False
W141,甘肃,风电,targeted_15y_price_contract,11.76828995347023,0.3639259122868705,284.84479798840414,False
W1482,海南,风电,targeted_15y_price_contract,6.529089510440826,0.0315881667134321,45.53831842223893,False
W1483,海南,风电,targeted_15y_price_contract,6.52909018099308,0.030324643349049604,43.71678595889166,False
W1502,河北,风电,targeted_15y_price_contract,11.178322434425354,0.04981465314456258,41.26737507024954,False
W1509,河北,风电,targeted_15y_price_contract,11.257403790950775,0.0707583880663653,57.97013792600571,False
W1529,河北,风电,targeted_15y_price_contract,9.92755763232708,0.03333155033640999,31.12818019824467,False
W1603,广西,风电,targeted_15y_price_contract,12.743254825472832,0.039145568123945824,28.29391236438338,False
W1612,河北,风电,targeted_15y_price_contract,10.94900831580162,0.04487831072938563,38.00482083019579,False
W1686,广西,风电,targeted_15y_price_contract,12.743254825472832,0.039145568123945824,28.29391236438338,False
W1769,广西,风电,targeted_15y_price_contract,6.1438677459955215,0.02253167860427644,34.4399251402042,False
W1774,广西,风电,targeted_15y_price_contract,6.1438677459955215,0.02253167860427644,34.4399251402042,False
W1866,河北,风电,targeted_15y_price_contract,8.24020765721798,0.03700441044639799,42.036743069285365,False
W1875,河北,风电,targeted_15y_price_contract,11.546308994293213,0.04459359218863322,35.86048343802459,False
W1883,河北,风电,targeted_15y_price_contract,12.322666123509407,0.07083309073948128,52.96724730657818,False
W1887,河北,风电,targeted_15y_price_contract,11.081017255783081,0.04802076507469001,40.218209907878354,False
W1892,河北,风电,targeted_15y_price_contract,11.17832288146019,0.04931650826154164,40.85470105130275,False
W2206,黑龙江,风电,targeted_15y_price_contract,6.260475665330887,0.04058561763243316,61.05273288806473,False
W2208,黑龙江,风电,targeted_15y_price_contract,6.260475888848305,0.04227668608757487,63.59659607302629,False
W2214,黑龙江,风电,targeted_15y_price_contract,6.260475888848305,0.04227668608757487,63.59659607302629,False
W2237,黑龙江,风电,targeted_15y_price_contract,8.103473335504532,0.07684857007097058,88.59102775523,False
W2263,河北,风电,targeted_15y_price_contract,10.854282975196838,0.04291709472708804,36.561722662965956,False
W2266,河北,风电,targeted_15y_price_contract,10.854282975196838,0.035764245979199305,30.468102537151918,False
W2269,黑龙江,风电,targeted_15y_price_contract,7.43181400001049,0.06510192077577702,82.13521498907112,False
W2282,黑龙江,风电,targeted_15y_price_contract,6.787810921669006,0.04118200102838654,56.854753062642615,False
W2377,河北,风电,targeted_15y_price_contract,6.5187739580869675,0.030090400963599495,43.54777947086829,False
W2379,黑龙江,风电,targeted_15y_price_contract,6.9936829805374146,0.06581274658354624,88.3549272328055,False
W2383,黑龙江,风电,targeted_15y_price_contract,10.350010469555855,0.04128987630620274,37.06564677630041,False
W2404,黑龙江,风电,targeted_15y_price_contract,11.058141365647316,0.042217092117810884,35.347461418382,False
W2420,黑龙江,风电,targeted_15y_price_contract,10.610335171222687,0.0389894726952685,34.12525460024352,False
W2431,河北,风电,targeted_15y_price_contract,8.24020765721798,0.03700441044639799,42.036743069285365,False
W2436,河北,风电,targeted_15y_price_contract,8.24020765721798,0.03700441044639799,42.036743069285365,False
W2441,河北,风电,targeted_15y_price_contract,8.24020765721798,0.03700441044639799,42.036743069285365,False
W2455,河北,风电,targeted_15y_price_contract,11.546308994293213,0.04459359218863322,35.86048343802459,False
W2456,黑龙江,风电,targeted_15y_price_contract,10.610335171222687,0.0389894726952685,34.12525460024352,False
W2461,河北,风电,targeted_15y_price_contract,11.546308994293213,0.04459359218863322,35.86048343802459,False
W2465,河北,风电,targeted_15y_price_contract,11.546308994293213,0.04370172092645847,35.1432742369632,False
W2466,黑龙江,风电,targeted_15y_price_contract,6.3608405739068985,0.031086545923022707,45.98940145049251,False
W2471,黑龙江,风电,targeted_15y_price_contract,6.3608405739068985,0.031086545923022707,45.98940145049251,False
W2475,黑龙江,风电,targeted_15y_price_contract,6.3608405739068985,0.031086545923022707,45.98940145049251,False
W2482,河北,风电,targeted_15y_price_contract,8.24020765721798,0.03700441044639799,42.036743069285365,False
W2488,河北,风电,targeted_15y_price_contract,8.24020765721798,0.03700441044639799,42.036743069285365,False
W2495,黑龙江,风电,targeted_15y_price_contract,6.360839903354645,0.027356157878155988,40.4706737938531,False
W2497,黑龙江,风电,targeted_15y_price_contract,6.3608405739068985,0.031086545923022707,45.98940145049251,False
W2504,黑龙江,风电,targeted_15y_price_contract,6.905015185475349,0.039376472938075446,53.665894647724315,False
W2507,河北,风电,targeted_15y_price_contract,8.24020765721798,0.03700441044639799,42.036743069285365,False
W2515,河北,风电,targeted_15y_price_contract,9.35099646449089,0.05844402562304763,57.9749151018142,False
W2524,黑龙江,风电,targeted_15y_price_contract,5.908588618040085,0.028282646458637258,45.06300597275242,False
W2525,河北,风电,targeted_15y_price_contract,8.24020765721798,0.03700441044639799,42.036743069285365,False
W2553,黑龙江,风电,targeted_15y_price_contract,7.890034765005112,0.06795041495100998,80.61147510795159,False
W2567,黑龙江,风电,targeted_15y_price_contract,8.481892123818398,0.03843957689672637,42.320831079667904,False
W2577,黑龙江,风电,targeted_15y_price_contract,8.865324184298515,0.038011366301327454,39.9836179610713,False
W2590,黑龙江,风电,targeted_15y_price_contract,10.220788568258286,0.03666328293105275,33.36910259379341,False
W2604,黑龙江,风电,targeted_15y_price_contract,6.3608405739068985,0.031086545923022707,45.98940145049251,False
W2610,黑龙江,风电,targeted_15y_price_contract,6.3609809428453445,0.029205628574283885,43.2136906382112,False
W2622,黑龙江,风电,targeted_15y_price_contract,6.551384478807449,0.03054014967832506,43.777260748426734,False
W2626,黑龙江,风电,targeted_15y_price_contract,6.810336112976074,0.04499846638410852,62.1283543449452,False
W2638,黑龙江,风电,targeted_15y_price_contract,6.207930073142052,0.04123157608110344,62.50195387967133,False
W2648,黑龙江,风电,targeted_15y_price_contract,6.810336112976074,0.04499846638410852,62.1283543449452,False
W2655,黑龙江,风电,targeted_15y_price_contract,6.007622256875038,0.04119968321274396,64.5849816300367,False
W2670,黑龙江,风电,targeted_15y_price_contract,11.141374111175537,0.037817950296383455,31.27471022766697,False
W2693,黑龙江,风电,targeted_15y_price_contract,6.810336112976074,0.04499846638410852,62.1283543449452,False
W2703,黑龙江,风电,targeted_15y_price_contract,6.810336112976074,0.04499846638410852,62.1283543449452,False
W2708,黑龙江,风电,targeted_15y_price_contract,7.290299087762833,0.047564018876750686,61.26941115297459,False
W2736,黑龙江,风电,targeted_15y_price_contract,5.968386679887772,0.028043380003202147,44.286753343584635,False
W2751,黑龙江,风电,targeted_15y_price_contract,5.968387350440025,0.028615696876720272,45.19056429031786,False
W2766,黑龙江,风电,targeted_15y_price_contract,5.968386456370354,0.026326436949950783,41.57531877927895,False
W2780,河北,风电,targeted_15y_price_contract,7.1698178350925446,0.0410209331794376,53.673138749668205,False
W2781,黑龙江,风电,targeted_15y_price_contract,7.290299087762833,0.047564018876750686,61.26941115297459,False
W2786,河北,风电,targeted_15y_price_contract,9.89706851541996,0.04216197116031596,39.735166856814295,False
W2790,黑龙江,风电,targeted_15y_price_contract,7.290299087762833,0.047564018876750686,61.26941115297459,False
W2792,河北,风电,targeted_15y_price_contract,7.1698178350925446,0.0410209331794376,53.673138749668205,False
W2797,河北,风电,targeted_15y_price_contract,7.1698178350925446,0.0410209331794376,53.673138749668205,False
W2803,黑龙江,风电,targeted_15y_price_contract,5.3353433310985565,0.024338178261899296,43.10297433187421,False
W2813,黑龙江,风电,targeted_15y_price_contract,10.220788568258286,0.03666328293105275,33.36910259379341,False
W2820,黑龙江,风电,targeted_15y_price_contract,5.968387350440025,0.028615696876720272,45.19056429031786,False
W2822,黑龙江,风电,targeted_15y_price_contract,10.350010469555855,0.04128987630620274,37.06564677630041,False
W2824,黑龙江,风电,targeted_15y_price_contract,6.207930073142052,0.04123157608110344,62.50195387967133,False
W2833,黑龙江,风电,targeted_15y_price_contract,6.207930073142052,0.04123157608110344,62.50195387967133,False
W2843,黑龙江,风电,targeted_15y_price_contract,8.0062685161829,0.06431242910009238,75.03409354902088,False
W2845,黑龙江,风电,targeted_15y_price_contract,6.810336112976074,0.04499846638410852,62.1283543449452,False
W2869,黑龙江,风电,targeted_15y_price_contract,7.074793875217438,0.06534798697097174,86.61764492683278,False
W2877,黑龙江,风电,targeted_15y_price_contract,10.644676834344864,0.03715332974662733,32.45064033642456,False
W2902,黑龙江,风电,targeted_15y_price_contract,12.785650938749313,0.03984498017651441,28.70749231584131,False
W2907,黑龙江,风电,targeted_15y_price_contract,9.051041007041931,0.03569196428334304,36.79545643660214,False
W2911,黑龙江,风电,targeted_15y_price_contract,6.994107887148857,0.05604445952171289,75.07088955014092,False
W2919,黑龙江,风电,targeted_15y_price_contract,9.131353050470352,0.06419189588996531,65.1428220899846,False
W2924,黑龙江,风电,targeted_15y_price_contract,10.350010469555855,0.04128987630620274,37.06564677630041,False
W2934,黑龙江,风电,targeted_15y_price_contract,7.71537758409977,0.0682495795040448,82.78777929404794,False
W2966,黑龙江,风电,targeted_15y_price_contract,8.399470299482346,0.03569872333554826,39.5271938944981,False
W2967,黑龙江,风电,targeted_15y_price_contract,13.045401200652122,0.041085960055678536,29.017374636619294,False
W2970,黑龙江,风电,targeted_15y_price_contract,12.785650938749313,0.03984498017651441,28.70749231584131,False
W2972,黑龙江,风电,targeted_15y_price_contract,13.045401200652122,0.041085960055678536,29.017374636619294,False
W2975,黑龙江,风电,targeted_15y_price_contract,13.045400977134705,0.040264240173032775,28.437027149782512,False
W2978,黑龙江,风电,targeted_15y_price_contract,13.045400977134705,0.040264240173032775,28.437027149782512,False
W2979,黑龙江,风电,targeted_15y_price_contract,13.045400977134705,0.040264240173032775,28.437027149782512,False
W3240,内蒙古,风电,targeted_15y_price_contract,13.082484304904938,0.03918696200628205,27.61408415299714,False
W3243,湖南,风电,targeted_15y_price_contract,6.434791535139084,0.026269677411883394,38.37950364601745,False
W3274,内蒙古,风电,targeted_15y_price_contract,9.763878732919693,0.057846872071674243,54.69624409956643,False
W3282,内蒙古,风电,targeted_15y_price_contract,10.983260348439217,0.06493966754584266,54.460178265761314,False
W3410,湖南,风电,targeted_15y_price_contract,11.310722976922989,0.04807031360616924,39.51028672315895,False
W3447,湖南,风电,targeted_15y_price_contract,8.075444027781487,0.08551428503459932,99.03575969072759,False
W3449,湖南,风电,targeted_15y_price_contract,10.454523861408234,0.047592476282656705,42.43274084771659,False
W3459,湖南,风电,targeted_15y_price_contract,10.454523637890816,0.04164341491218017,37.12864739937405,False
W3463,湖南,风电,targeted_15y_price_contract,6.23245395720005,0.024198683101221967,36.53473956322609,False
W3983,湖南,风电,targeted_15y_price_contract,10.026332661509514,0.03538160246561191,32.8116271923242,False
W4047,内蒙古,风电,targeted_15y_price_contract,6.569628641009331,0.0468477208101973,67.14441216331205,False
W4050,内蒙古,风电,targeted_15y_price_contract,7.757334932684898,0.039987816811086103,48.31712571041174,False
W4054,内蒙古,风电,targeted_15y_price_contract,7.757334932684898,0.039987816811086103,48.31712571041174,False
W4062,内蒙古,风电,targeted_15y_price_contract,6.569628641009331,0.0468477208101973,67.14441216331205,False
W4101,内蒙古,风电,targeted_15y_price_contract,6.258826553821564,0.035021090567286355,52.610238896921864,False
W4230,内蒙古,风电,targeted_15y_price_contract,6.258826553821564,0.03648030287995263,54.80233249329932,False
W4253,内蒙古,风电,targeted_15y_price_contract,6.258826553821564,0.03648030287995263,54.80233249329932,False
W4268,内蒙古,风电,targeted_15y_price_contract,7.55505234003067,0.04776937207927577,59.13742204157111,False
W4304,内蒙古,风电,targeted_15y_price_contract,7.55505234003067,0.04776937207927577,59.13742204157111,False
W4313,内蒙古,风电,targeted_15y_price_contract,5.63421405851841,0.031034490284664627,51.96551502560985,False
W4386,内蒙古,风电,targeted_15y_price_contract,8.373409733176231,0.03381465910424565,37.75185037250799,False
W4461,内蒙古,风电,targeted_15y_price_contract,10.04535086452961,0.04066108223343832,37.740864095738154,False
W4475,内蒙古,风电,targeted_15y_price_contract,7.762628272175789,0.03162506947990309,38.183841920744094,False
W4484,内蒙古,风电,targeted_15y_price_contract,8.415961861610413,0.10014887774834264,110.82695177225239,False
W4505,内蒙古,风电,targeted_15y_price_contract,9.600322097539902,0.036212955145225184,35.09762221392214,False
W4510,内蒙古,风电,targeted_15y_price_contract,9.600321650505066,0.04345554467571554,42.117147165472986,False
W4517,内蒙古,风电,targeted_15y_price_contract,9.600321650505066,0.04345554467571554,42.117147165472986,False
W4522,内蒙古,风电,targeted_15y_price_contract,9.600321650505066,0.044360868628242,42.99458783329858,False
W4534,内蒙古,风电,targeted_15y_price_contract,5.397237315773964,0.0216270971020454,38.17468108025713,False
W4548,内蒙古,风电,targeted_15y_price_contract,6.84361919760704,0.040976757107686376,56.17825295124145,False
W4551,内蒙古,风电,targeted_15y_price_contract,7.757334932684898,0.039987816811086103,48.31712571041174,False
W4588,内蒙古,风电,targeted_15y_price_contract,9.506703838706017,0.03609245323947225,35.47104805845912,False
W4603,内蒙古,风电,targeted_15y_price_contract,7.027414217591286,0.09782421280549854,130.28799012848341,False
W4611,内蒙古,风电,targeted_15y_price_contract,8.811986446380615,0.05784843940848803,61.115810714407935,False
W4721,内蒙古,风电,targeted_15y_price_contract,13.092802539467812,0.055506097527545796,39.0608906408137,False
W4736,内蒙古,风电,targeted_15y_price_contract,8.811986446380615,0.05784843940848803,61.115810714407935,False
W4753,内蒙古,风电,targeted_15y_price_contract,8.811986446380615,0.05784843940848803,61.115810714407935,False
W4783,内蒙古,风电,targeted_15y_price_contract,11.01430132985115,0.05282341194302872,44.40774610902978,False
W4791,内蒙古,风电,targeted_15y_price_contract,11.014300882816315,0.053901438530728575,45.314026608425564,False
W4807,内蒙古,风电,targeted_15y_price_contract,8.783735632896423,0.03031751640489398,32.15268525615688,False
W4808,内蒙古,风电,targeted_15y_price_contract,11.014300882816315,0.053901438530728575,45.314026608425564,False
W4814,内蒙古,风电,targeted_15y_price_contract,8.783735856413841,0.11948668614024766,126.71940744416304,False
W4815,内蒙古,风电,targeted_15y_price_contract,11.014300882816315,0.053901438530728575,45.314026608425564,False
W4832,内蒙古,风电,targeted_15y_price_contract,11.014300882816315,0.053901438530728575,45.314026608425564,False
W4837,内蒙古,风电,targeted_15y_price_contract,10.04535086452961,0.04066108223343832,37.740864095738154,False
W4852,内蒙古,风电,targeted_15y_price_contract,8.811986446380615,0.05784843940848803,61.115810714407935,False
W4875,内蒙古,风电,targeted_15y_price_contract,6.707297936081886,0.036157884639054075,50.670197392675256,False
W4888,内蒙古,风电,targeted_15y_price_contract,6.707297936081886,0.036157884639054075,50.670197392675256,False
W4968,内蒙古,风电,targeted_15y_price_contract,8.584938794374466,0.03435536883141747,37.44990078500922,False
W4991,内蒙古,风电,targeted_15y_price_contract,6.396258473396301,0.02575640781434988,37.93627991269742,False
W5005,青海,风电,targeted_15y_price_contract,8.021892383694649,0.047461869679375275,55.22235967587342,False
W5007,青海,风电,targeted_15y_price_contract,9.18352983891964,0.10444569103153616,105.73152052111811,False
W5009,青海,风电,targeted_15y_price_contract,11.360029131174088,0.048241539240338846,39.30131025444836,False
W5010,青海,风电,targeted_15y_price_contract,11.360029131174088,0.048241539240338846,39.30131025444836,False
W5014,青海,风电,targeted_15y_price_contract,11.360029131174088,0.048241539240338846,39.30131025444836,False
W5019,青海,风电,targeted_15y_price_contract,11.360029131174088,0.048241539240338846,39.30131025444836,False
W5021,青海,风电,targeted_15y_price_contract,9.183530062437057,0.23500281308010415,237.89592374320625,False
W5022,青海,风电,targeted_15y_price_contract,9.183530062437057,0.20889138777988708,211.46304168264368,False
W5025,青海,风电,targeted_15y_price_contract,11.360029578208923,0.049206371853921786,40.08733637190152,False
W503,甘肃,风电,targeted_15y_price_contract,11.59490704536438,0.05204622967326951,41.38216878073994,False
W5035,青海,风电,targeted_15y_price_contract,12.652578502893448,0.07278244349704198,53.06798538447763,False
W5112,辽宁,风电,targeted_15y_price_contract,5.527413859963417,0.0239764450074797,40.99131544025608,False
W5190,辽宁,风电,targeted_15y_price_contract,9.946149811148643,0.033111055362210845,31.399440216130138,False
W5243,辽宁,风电,targeted_15y_price_contract,11.539664939045906,0.04702671977905486,37.67998243557901,False
W5305,辽宁,风电,targeted_15y_price_contract,9.14404034614563,0.03468219828323444,35.607306389893346,False
W5423,辽宁,风电,targeted_15y_price_contract,10.607383400201797,0.03708298643234878,32.913681227572695,False
W5501,山东,风电,targeted_15y_price_contract,5.512652322649956,0.025731948145566966,44.054462725839045,False
W5754,青海,风电,targeted_15y_price_contract,9.183530509471893,0.15666854761370447,158.59728040404477,False
W5824,吉林,风电,targeted_15y_price_contract,7.156124264001846,0.027454199677799763,36.2503712295422,False
W583,甘肃,风电,targeted_15y_price_contract,11.378589794039726,0.11553605056710865,93.5773471167105,False
W584,甘肃,风电,targeted_15y_price_contract,11.378588899970055,0.08665203129804712,70.18301048443712,False
W585,甘肃,风电,targeted_15y_price_contract,11.378588899970055,0.08665203129804712,70.18301048443712,False
W5940,青海,风电,targeted_15y_price_contract,10.629730448126793,0.0958557304198049,83.06126383131333,False
W5948,吉林,风电,targeted_15y_price_contract,6.817747950553894,0.02733140534092089,37.782958031279065,False
W5967,辽宁,风电,targeted_15y_price_contract,6.541922762989998,0.03241963017676349,46.61787051467055,False
W6268,山西,风电,targeted_15y_price_contract,8.826823756098747,0.035949879654479024,37.985797466591734,False
W6270,山西,风电,targeted_15y_price_contract,10.626135841012001,0.04595982636544862,40.17923122016851,False
W6271,山西,风电,targeted_15y_price_contract,8.826823756098747,0.035949879654479024,37.985797466591734,False
W629,甘肃,风电,targeted_15y_price_contract,6.13078661262989,0.04091320183831805,62.809619620398045,False
W6339,山东,风电,targeted_15y_price_contract,5.512652322649956,0.025731948145566966,44.054462725839045,False
W6375,山东,风电,targeted_15y_price_contract,6.9763413816690445,0.030868205567478213,41.568157589823294,False
W6384,山东,风电,targeted_15y_price_contract,6.9763413816690445,0.030868205567478213,41.568157589823294,False
W6386,山东,风电,targeted_15y_price_contract,6.976341605186462,0.030250842796355315,40.73679493764055,False
W6452,山西,风电,targeted_15y_price_contract,10.494930669665337,0.057787126315559045,50.81524531870788,False
W6550,山西,风电,targeted_15y_price_contract,11.441488936543465,0.07298268792965365,58.80874261202238,False
W6710,山西,风电,targeted_15y_price_contract,12.944281026721,0.04435462001493968,31.583220568138987,False
W6723,山西,风电,targeted_15y_price_contract,11.330288797616959,0.04991585367010763,40.67218690021084,False
W6906,山西,风电,targeted_15y_price_contract,9.930128753185272,0.04922235005236669,45.96430800441324,False
W6910,山东,风电,targeted_15y_price_contract,5.512652322649956,0.025731948145566966,44.054462725839045,False
W6914,山西,风电,targeted_15y_price_contract,12.561114504933357,0.045905388565112296,33.676683603775786,False
W6915,山西,风电,targeted_15y_price_contract,9.930128753185272,0.04922235005236669,45.96430800441324,False
W6918,山东,风电,targeted_15y_price_contract,5.512652322649956,0.025731948145566966,44.054462725839045,False
W6931,山东,风电,targeted_15y_price_contract,5.512652322649956,0.025731948145566966,44.054462725839045,False
W6937,山东,风电,targeted_15y_price_contract,6.9763413816690445,0.030868205567478213,41.568157589823294,False
W6945,山东,风电,targeted_15y_price_contract,12.96088121831417,0.04924504909012217,35.015772892496116,False
W6954,山东,风电,targeted_15y_price_contract,6.9763413816690445,0.029633477611685867,39.905431645655945,False
W6956,山东,风电,targeted_15y_price_contract,6.9763413816690445,0.029633477611685867,39.905431645655945,False
W7010,新疆,风电,targeted_15y_price_contract,10.428925082087517,0.06028155456402873,53.33450909144829,False
W7013,新疆,风电,targeted_15y_price_contract,10.428924635052681,0.05998164418506441,53.0691636500371,False
W7016,新疆,风电,targeted_15y_price_contract,10.428924635052681,0.05998164418506441,53.0691636500371,False
W7058,山西,风电,targeted_15y_price_contract,12.953312918543816,0.04339398490889625,30.896813551527906,False
W7080,山西,风电,targeted_15y_price_contract,7.905677184462547,0.029522756701755134,34.76321848352484,False
W7118,山西,风电,targeted_15y_price_contract,12.944280356168747,0.06336373903658077,45.118886127532754,False
W7124,山西,风电,targeted_15y_price_contract,10.447932556271553,0.041088685197681,36.461331020158454,False
W7125,山西,风电,targeted_15y_price_contract,10.447932556271553,0.041088685197681,36.461331020158454,False
W7127,山西,风电,targeted_15y_price_contract,10.447932556271553,0.041088685197681,36.461331020158454,False
W7194,新疆,风电,targeted_15y_price_contract,12.841560021042824,0.06212688527895976,44.5779158115187,False
W7196,山西,风电,targeted_15y_price_contract,10.447932556271553,0.041088685197681,36.461331020158454,False
W7208,新疆,风电,targeted_15y_price_contract,11.292387619614601,0.04722835023641756,38.54788163742956,False
W7213,新疆,风电,targeted_15y_price_contract,7.888675779104233,0.048684745230578814,57.83845245422022,False
W7224,新疆,风电,targeted_15y_price_contract,7.7738334238529205,0.14142354842615362,169.74960673611704,False
W7233,新疆,风电,targeted_15y_price_contract,8.772585913538933,0.04611594435539573,49.12520503751835,False
W7243,新疆,风电,targeted_15y_price_contract,8.772585913538933,0.04611594435539573,49.12520503751835,False
W7245,新疆,风电,targeted_15y_price_contract,12.352696806192398,0.05558946129982724,41.50340291957878,False
W7248,山西,风电,targeted_15y_price_contract,8.72541680932045,0.09183411081055734,97.94563900021964,False
W7253,山西,风电,targeted_15y_price_contract,10.169286355376244,0.050806043202958916,46.30021958604415,False
W7256,新疆,风电,targeted_15y_price_contract,7.888675779104233,0.048684745230578814,57.83845245422022,False
W7258,新疆,风电,targeted_15y_price_contract,7.888675779104233,0.048684745230578814,57.83845245422022,False
W7260,山西,风电,targeted_15y_price_contract,8.72541680932045,0.045917055573123845,48.97281967912504,False
W7268,新疆,风电,targeted_15y_price_contract,9.482891857624054,0.047650840247121413,46.8939002627183,False
W7269,山西,风电,targeted_15y_price_contract,10.652365610003471,0.04943805083024771,42.97019518930135,False
W7273,新疆,风电,targeted_15y_price_contract,10.860323533415794,0.06793159235151044,57.62637278500513,False
W7276,新疆,风电,targeted_15y_price_contract,7.888675779104233,0.048684745230578814,57.83845245422022,False
W7277,山西,风电,targeted_15y_price_contract,8.826823756098747,0.035949879654479024,37.985797466591734,False
W7285,新疆,风电,targeted_15y_price_contract,7.888675779104233,0.048684745230578814,57.83845245422022,False
W7287,新疆,风电,targeted_15y_price_contract,13.108949661254883,0.08139854101670829,57.238216674373284,False
W7371,山西,风电,targeted_15y_price_contract,8.826824650168419,0.03451188796705167,36.46636557114055,False
W7380,新疆,风电,targeted_15y_price_contract,8.772585913538933,0.04611594435539573,49.12520503751835,False
W7381,新疆,风电,targeted_15y_price_contract,13.1089498847723,0.04069927087959796,28.619108110262417,False
W7382,山西,风电,targeted_15y_price_contract,9.930128753185272,0.04922235005236669,45.96430800441324,False
W7383,新疆,风电,targeted_15y_price_contract,9.482891857624054,0.047650840247121413,46.8939002627183,False
W7399,新疆,风电,targeted_15y_price_contract,8.772585913538933,0.04611594435539573,49.12520503751835,False
W7408,山西,风电,targeted_15y_price_contract,8.725417256355286,0.0913749437142291,97.4559095000328,False
W7410,新疆,风电,targeted_15y_price_contract,11.169666051864624,0.04135412636315082,34.149407834292624,False
W7421,新疆,风电,targeted_15y_price_contract,9.610232189297676,0.05389911712015613,52.109458571329014,False
W7422,新疆,风电,targeted_15y_price_contract,13.108948767185211,0.04151325336165889,29.191490696930842,False
W7424,新疆,风电,targeted_15y_price_contract,8.772585913538933,0.04611594435539573,49.12520503751835,False
W7431,新疆,风电,targeted_15y_price_contract,8.772585913538933,0.04611594435539573,49.12520503751835,False
W7438,新疆,风电,targeted_15y_price_contract,13.108948990702629,0.08058455185316409,56.6658347668967,False
W7447,新疆,风电,targeted_15y_price_contract,8.772585913538933,0.04611594435539573,49.12520503751835,False
W7460,新疆,风电,targeted_15y_price_contract,8.772585913538933,0.04611594435539573,49.12520503751835,False
W7468,新疆,风电,targeted_15y_price_contract,8.772585913538933,0.04611594435539573,49.12520503751835,False
W7470,新疆,风电,targeted_15y_price_contract,7.21496656537056,0.05090992346755085,65.9447218621167,False
W7474,山西,风电,targeted_15y_price_contract,8.329409211874008,0.03200502144411786,35.845066966462646,False
W7477,新疆,风电,targeted_15y_price_contract,8.772585913538933,0.04611594435539573,49.12520503751835,False
W7480,新疆,风电,targeted_15y_price_contract,8.772585913538933,0.04611594435539573,49.12520503751835,False
W7487,新疆,风电,targeted_15y_price_contract,8.772585913538933,0.04611594435539573,49.12520503751835,False
W7492,山西,风电,targeted_15y_price_contract,7.905675619840622,0.0393636674007462,46.35095749398111,False
W7495,新疆,风电,targeted_15y_price_contract,8.772585913538933,0.04611594435539573,49.12520503751835,False
W7508,新疆,风电,targeted_15y_price_contract,8.772585913538933,0.04611594435539573,49.12520503751835,False
W7514,山西,风电,targeted_15y_price_contract,8.083277642726898,0.032725409556935904,37.82554351657563,False
W7515,山西,风电,targeted_15y_price_contract,10.447933226823807,0.04067780076299398,36.09671753831368,False
W7516,新疆,风电,targeted_15y_price_contract,8.772585913538933,0.04611594435539573,49.12520503751835,False
W7520,山西,风电,targeted_15y_price_contract,8.083277642726898,0.032725409556935904,37.82554351657563,False
W7521,山西,风电,targeted_15y_price_contract,8.72541680932045,0.045917055573123845,48.97281967912504,False
W7522,新疆,风电,targeted_15y_price_contract,8.772585913538933,0.04611594435539573,49.12520503751835,False
W7535,山西,风电,targeted_15y_price_contract,8.083276748657227,0.04077585626575641,47.1306277625002,False
W7545,新疆,风电,targeted_15y_price_contract,8.772585913538933,0.04611594435539573,49.12520503751835,False
W7546,新疆,风电,targeted_15y_price_contract,10.984470918774605,0.03723634237233141,31.23101482485234,False
W7552,新疆,风电,targeted_15y_price_contract,13.108949661254883,0.08139854101670829,57.238216674373284,False
W7559,新疆,风电,targeted_15y_price_contract,10.860323756933212,0.05069521853998684,43.00475523613103,False
W7560,新疆,风电,targeted_15y_price_contract,8.772585913538933,0.04611594435539573,49.12520503751835,False
W7567,新疆,风电,targeted_15y_price_contract,12.352696806192398,0.14823856007897315,110.67573858994973,False
W7568,新疆,风电,targeted_15y_price_contract,8.772585913538933,0.04611594435539573,49.12520503751835,False
W7571,山西,风电,targeted_15y_price_contract,12.944281473755836,0.05280312016457908,37.59907158911162,False
W7578,新疆,风电,targeted_15y_price_contract,8.772585913538933,0.04611594435539573,49.12520503751835,False
W7592,新疆,风电,targeted_15y_price_contract,8.772585913538933,0.04611594435539573,49.12520503751835,False
W7600,新疆,风电,targeted_15y_price_contract,7.888675779104233,0.048684745230578814,57.83845245422022,False
W7603,山西,风电,targeted_15y_price_contract,10.950051248073578,0.03747387357299917,31.702009678155868,False
W7606,新疆,风电,targeted_15y_price_contract,7.888675779104233,0.048684745230578814,57.83845245422022,False
W7611,山西,风电,targeted_15y_price_contract,10.950051248073578,0.03747387357299917,31.702009678155868,False
W7626,山西,风电,targeted_15y_price_contract,10.950051471590996,0.05133920788862748,43.431753297700354,False
W7639,山西,风电,targeted_15y_price_contract,10.95005102455616,0.052463421829999426,44.38281346372743,False
W7661,山西,风电,targeted_15y_price_contract,10.950051248073578,0.03747387357299917,31.702009678155868,False
W7664,新疆,风电,targeted_15y_price_contract,7.363523840904236,0.026415047557810843,33.56357196967208,False
W7672,新疆,风电,targeted_15y_price_contract,12.60472521185875,0.07239696990972204,52.95807048700712,False
W7680,新疆,风电,targeted_15y_price_contract,12.60472409427166,0.07312824676898638,53.4930010908584,False
W7683,新疆,风电,targeted_15y_price_contract,8.772585913538933,0.04611594435539573,49.12520503751835,False
W7693,山西,风电,targeted_15y_price_contract,8.965337052941322,0.04064229567465154,42.17054276671065,False
W7700,山西,风电,targeted_15y_price_contract,8.965337052941322,0.04064229567465154,42.17054276671065,False
W7725,新疆,风电,targeted_15y_price_contract,11.557365953922272,0.09658106220310099,76.99476601572175,False
W7727,新疆,风电,targeted_15y_price_contract,10.428924635052681,0.05998164418506441,53.0691636500371,False
W7735,新疆,风电,targeted_15y_price_contract,8.629769906401634,0.059195803189719384,63.675447329489465,False
W7754,山西,风电,targeted_15y_price_contract,10.950051248073578,0.03747387357299917,31.702009678155868,False
W7757,新疆,风电,targeted_15y_price_contract,11.169666051864624,0.04135412636315082,34.149407834292624,False
W7776,新疆,风电,targeted_15y_price_contract,10.428924635052681,0.05998164418506441,53.0691636500371,False
W7784,新疆,风电,targeted_15y_price_contract,8.62977035343647,0.17758741501782577,191.02633795401738,False
W7787,新疆,风电,targeted_15y_price_contract,8.62977035343647,0.08879370762225328,95.51316909892614,False
W7788,山西,风电,targeted_15y_price_contract,11.33028969168663,0.07487378852506621,61.00828207090992,False
W7789,山西,风电,targeted_15y_price_contract,10.447932556271553,0.041088685197681,36.461331020158454,False
W7794,山西,风电,targeted_15y_price_contract,9.930128753185272,0.04922235005236669,45.96430800441324,False
W7799,山西,风电,targeted_15y_price_contract,10.447932556271553,0.041088685197681,36.461331020158454,False
W7804,新疆,风电,targeted_15y_price_contract,9.264265447854996,0.05326298006929764,53.48673452935113,False
W7806,新疆,风电,targeted_15y_price_contract,8.629769906401634,0.059195803189719384,63.675447329489465,False
W7812,山西,风电,targeted_15y_price_contract,10.447932556271553,0.041088685197681,36.461331020158454,False
W7816,新疆,风电,targeted_15y_price_contract,8.629769906401634,0.059195803189719384,63.675447329489465,False
W7828,新疆,风电,targeted_15y_price_contract,9.482891857624054,0.047650840247121413,46.8939002627183,False
W7838,山西,风电,targeted_15y_price_contract,10.447932556271553,0.041088685197681,36.461331020158454,False
W7844,新疆,风电,targeted_15y_price_contract,10.428925082087517,0.06028155456402873,53.33450909144829,False
W7846,山西,风电,targeted_15y_price_contract,12.944281026721,0.050690994863834576,36.09510962022983,False
W7850,山西,风电,targeted_15y_price_contract,10.447933226823807,0.04067780076299398,36.09671753831368,False
W7851,新疆,风电,targeted_15y_price_contract,10.428924635052681,0.05998164418506441,53.0691636500371,False
W7852,山西,风电,targeted_15y_price_contract,10.447932556271553,0.041088685197681,36.461331020158454,False
W7865,新疆,风电,targeted_15y_price_contract,12.841560244560242,0.12425377308006881,89.15583188092852,False
W7877,山西,风电,targeted_15y_price_contract,10.447932556271553,0.041088685197681,36.461331020158454,False
W7883,新疆,风电,targeted_15y_price_contract,10.015761405229568,0.050809845221527254,47.13762624678508,False
W7884,山西,风电,targeted_15y_price_contract,10.447932556271553,0.041088685197681,36.461331020158454,False
W7890,新疆,风电,targeted_15y_price_contract,9.254741817712784,0.03294394075198141,33.10075817498212,False
W7927,新疆,风电,targeted_15y_price_contract,10.015761405229568,0.050809845221527254,47.13762624678508,False
W7935,山西,风电,targeted_15y_price_contract,10.447932556271553,0.041088685197681,36.461331020158454,False
W7941,山西,风电,targeted_15y_price_contract,10.447932556271553,0.041088685197681,36.461331020158454,False
W7948,山西,风电,targeted_15y_price_contract,8.72541680932045,0.045917055573123845,48.97281967912504,False
W7953,山西,风电,targeted_15y_price_contract,10.447932556271553,0.041088685197681,36.461331020158454,False
W7958,山西,风电,targeted_15y_price_contract,8.72541680932045,0.045917055573123845,48.97281967912504,False
W7978,山西,风电,targeted_15y_price_contract,10.447932556271553,0.041088685197681,36.461331020158454,False
W8000,新疆,风电,targeted_15y_price_contract,10.428924635052681,0.05998164418506441,53.0691636500371,False
W8045,云南,风电,targeted_15y_price_contract,8.794998675584793,0.06954001609226435,73.63801423503195,False
W8050,云南,风电,targeted_15y_price_contract,8.794998452067375,0.053492318665398844,56.64462628581074,False
W8096,云南,风电,targeted_15y_price_contract,11.573340073227882,0.10051178276594838,79.99135730584567,False
W8098,云南,风电,targeted_15y_price_contract,11.573340073227882,0.10051178276594838,79.99135730584567,False
W8111,云南,风电,targeted_15y_price_contract,9.350375086069107,0.04045485129252732,40.037724401323054,False
W8113,云南,风电,targeted_15y_price_contract,12.34471321105957,0.04085963718430073,30.498427062882488,False
W8153,云南,风电,targeted_15y_price_contract,11.573337614536285,0.07012448519751202,55.80792409244781,False
W8162,云南,风电,targeted_15y_price_contract,11.573338061571121,0.14024897436112882,111.61584702997995,False
W8182,云南,风电,targeted_15y_price_contract,12.093467563390732,0.05849443790728883,44.5807372937663,False
W8214,云南,风电,targeted_15y_price_contract,9.962090849876404,0.03620994161873049,33.75200692469911,False
W912,甘肃,风电,targeted_15y_price_contract,9.63442750275135,0.040226837980065655,38.7872143507051,False
W922,甘肃,风电,targeted_15y_price_contract,9.63442750275135,0.040226837980065655,38.7872143507051,False
W925,甘肃,风电,targeted_15y_price_contract,8.105633854866028,0.09474167790836584,108.88222174970903,False
W994,甘肃,风电,targeted_15y_price_contract,9.63442750275135,0.040226837980065655,38.7872143507051,False
11041,西藏,光伏,targeted_capex_grant,0.3680841363966465,0.03095696550939198,38.59591783655745,False
11990,西藏,光伏,targeted_capex_grant,0.2999325916171074,0.022312647611706572,35.70477064749547,False
175,甘肃,光伏,targeted_capex_grant,0.5852227881550789,0.08080918198049282,52.9105942360099,False
179,甘肃,光伏,targeted_capex_grant,0.5900743417441845,0.045018248180341135,29.129073357768668,False
1798,青海,光伏,targeted_capex_grant,0.41008981317281723,0.09607864511646091,103.69480526694257,False
1800,青海,光伏,targeted_capex_grant,0.4100898206233978,0.41773324766147363,450.8469779444702,False
181,甘肃,光伏,targeted_capex_grant,0.5602528043091297,0.07308515815470334,50.91928237833452,False
199,甘肃,光伏,targeted_capex_grant,0.5825847946107388,0.0783014131336444,51.60402285262421,False
4006,青海,光伏,targeted_capex_grant,0.45869696885347366,0.09741085932900484,90.66612459773727,False
4126,青海,光伏,targeted_capex_grant,0.5046743787825108,0.049781092116627366,40.70326688427333,False
413,甘肃,光伏,targeted_capex_grant,0.5900633558630943,0.04871263460287268,31.51869793534979,False
4130,青海,光伏,targeted_capex_grant,0.5904569737613201,0.07149028633059043,46.223410100090994,False
4132,青海,光伏,targeted_capex_grant,0.5904569737613201,0.07149028633059043,46.223410100090994,False
4133,青海,光伏,targeted_capex_grant,0.5904569737613201,0.07149028633059043,46.223410100090994,False
4136,青海,光伏,targeted_capex_grant,0.5046743787825108,0.049781092116627366,40.70326688427333,False
4137,青海,光伏,targeted_capex_grant,0.45330144837498665,0.0384975389527079,36.39292768097671,False
4138,青海,光伏,targeted_capex_grant,0.4461250305175781,0.05682305278228038,54.890142249126804,False
4140,青海,光伏,targeted_capex_grant,0.4657838046550751,0.09970507461553497,90.85971396866256,False
4143,青海,光伏,targeted_capex_grant,0.46578380838036537,0.049852537765072175,45.42985691434436,False
4146,青海,光伏,targeted_capex_grant,0.5026497952640057,0.0498719803731414,41.01213893709927,False
4149,青海,光伏,targeted_capex_grant,0.45330143347382545,0.048121922110907135,45.49116003620691,False
4153,青海,光伏,targeted_capex_grant,0.4100898206233978,0.08354664927189166,90.16939518665043,False
4155,青海,光伏,targeted_capex_grant,0.41008981689810753,0.16709329652961077,180.33879046728381,False
4156,青海,光伏,targeted_capex_grant,0.41008981317281723,0.12531997176022389,135.25409359297225,False
4157,青海,光伏,targeted_capex_grant,0.41008981689810753,0.16709329652961077,180.33879046728381,False
4159,青海,光伏,targeted_capex_grant,0.41008981689810753,0.44279724006392585,477.8977987758646,False
4160,青海,光伏,targeted_capex_grant,0.41737424582242966,0.04272900188643642,45.05705105259848,False
4161,青海,光伏,targeted_capex_grant,0.4765642397105694,0.045489074675138776,40.283954478812106,False
4163,青海,光伏,targeted_capex_grant,0.483016524463892,0.04656541093090855,40.49280798693338,False
4165,青海,光伏,targeted_capex_grant,0.4094877205789089,0.0413750407994891,44.74479104485676,False
4167,青海,光伏,targeted_capex_grant,0.4765642397105694,0.045489074675138776,40.283954478812106,False
4180,青海,光伏,targeted_capex_grant,0.48215388506650925,0.04631990918658008,40.382179442918414,False
4182,青海,光伏,targeted_capex_grant,0.41737424582242966,0.04272900188643642,45.05705105259848,False
4189,青海,光伏,targeted_capex_grant,0.41737424582242966,0.04272900188643642,45.05705105259848,False
4190,青海,光伏,targeted_capex_grant,0.41737424582242966,0.08545800370343663,90.11410207871941,False
4192,青海,光伏,targeted_capex_grant,0.5272254161536694,0.04776571621659504,36.75271688184176,False
4197,青海,光伏,targeted_capex_grant,0.45337768644094467,0.048308917724558705,45.72694563532818,False
4199,青海,光伏,targeted_capex_grant,0.589383952319622,0.050800863614008956,32.93292133757514,False
4204,青海,光伏,targeted_capex_grant,0.4569716416299343,0.09408176404868135,87.93990494592298,False
4205,青海,光伏,targeted_capex_grant,0.55561812967062,0.860487380142071,606.7942115217927,False
4208,青海,光伏,targeted_capex_grant,0.41910265386104584,0.1706851814648779,179.07029616705668,False
4225,青海,光伏,targeted_capex_grant,0.4795004315674305,0.9961153481533113,873.1323025851116,False
4228,青海,光伏,targeted_capex_grant,0.41737424582242966,0.08545800370343663,90.11410207871941,False
4233,青海,光伏,targeted_capex_grant,0.4795004315674305,0.09961153417782241,87.31322979329293,False
4242,青海,光伏,targeted_capex_grant,0.5624633766710758,0.051448798989264265,35.65814889912986,False
4250,青海,光伏,targeted_capex_grant,0.5624633766710758,0.051448798989264265,35.65814889912986,False
4256,青海,光伏,targeted_capex_grant,0.5105786323547363,0.05037703074539654,40.523280646004075,False
4263,青海,光伏,targeted_capex_grant,0.41910265386104584,0.08534259075577745,89.53514816233648,False
4268,青海,光伏,targeted_capex_grant,0.45869696140289307,0.058446514752169894,54.39967517670434,False
4274,青海,光伏,targeted_capex_grant,0.46511051803827286,0.06446313350101283,58.892287650570076,False
4283,青海,光伏,targeted_capex_grant,0.45869697257876396,0.04870543017690072,45.33306238398099,False
4288,青海,光伏,targeted_capex_grant,0.4100898206233978,0.08354664927189166,90.16939518665043,False
4291,青海,光伏,targeted_capex_grant,0.44323544949293137,0.0417392803984696,40.66006471249436,False
4301,青海,光伏,targeted_capex_grant,0.424562469124794,0.08764588267783974,90.42881335918045,False
4317,青海,光伏,targeted_capex_grant,0.40459685400128365,0.08214753516913927,90.22974999948548,False
4320,青海,光伏,targeted_capex_grant,0.45869697257876396,0.04870543017690072,45.33306238398099,False
4326,青海,光伏,targeted_capex_grant,0.4795602709054947,0.03812382994063247,33.49439246076165,False
4420,青海,光伏,targeted_capex_grant,0.5624633766710758,0.051448798989264265,35.65814889912986,False
4434,青海,光伏,targeted_capex_grant,0.560815867036581,0.4900634703771011,341.0814270472313,False
4440,青海,光伏,targeted_capex_grant,0.46432775259017944,0.09577639074091761,87.69913734098905,False
4446,青海,光伏,targeted_capex_grant,0.560815867036581,0.4900634703771011,341.0814270472313,False
4452,青海,光伏,targeted_capex_grant,0.44959162548184395,0.7141650287373176,683.8603661878188,False
4463,青海,光伏,targeted_capex_grant,0.44959162548184395,0.7141650287373176,683.8603661878188,False
4479,青海,光伏,targeted_capex_grant,0.5314037874341011,0.04475694627119783,34.047379307500954,False
4490,青海,光伏,targeted_capex_grant,0.4436870329082012,0.06923910420981946,67.47404438325289,False
4510,青海,光伏,targeted_capex_grant,0.42217686772346497,0.0456196289648551,47.40069725883782,False
4516,青海,光伏,targeted_capex_grant,0.456971637904644,0.04704088158760582,43.969952480868194,False
4522,青海,光伏,targeted_capex_grant,0.456971637904644,0.04704088158760582,43.969952480868194,False
4543,青海,光伏,targeted_capex_grant,0.4569716416299343,0.09408176404868135,87.93990494592298,False
459,甘肃,光伏,targeted_capex_grant,0.5674165561795235,0.06413404365831066,43.88871614635531,False
4609,青海,光伏,targeted_capex_grant,0.5275690853595734,0.044849199907546274,34.490062650075316,False
461,甘肃,光伏,targeted_capex_grant,0.5665521621704102,0.04280689434419445,29.35742132956612,False
4615,青海,光伏,targeted_capex_grant,0.4795602709054947,0.03812382994063247,33.49439246076165,False
4622,青海,光伏,targeted_capex_grant,0.41910265386104584,0.08534259075577745,89.53514816233648,False
463,甘肃,光伏,targeted_capex_grant,0.5871177315711975,0.04484415800653391,29.225959766625643,False
4631,青海,光伏,targeted_capex_grant,0.4100898206233978,0.08354664927189166,90.16939518665043,False
464,甘肃,光伏,targeted_capex_grant,0.5674165710806847,0.04275603070468624,29.259144129570824,False
4641,青海,光伏,targeted_capex_grant,0.476252980530262,0.05217336065249554,46.14541621328597,False
4642,青海,光伏,targeted_capex_grant,0.5275690853595734,0.05381903996675542,41.388075188688816,False
4647,青海,光伏,targeted_capex_grant,0.4094877205789089,0.08275008170105641,89.48958215992506,False
4648,青海,光伏,targeted_capex_grant,0.4569716416299343,0.09408176404868135,87.93990494592298,False
4654,青海,光伏,targeted_capex_grant,0.4569716416299343,0.09408176404868135,87.93990494592298,False
468,甘肃,光伏,targeted_capex_grant,0.5871177315711975,0.04484415800653391,29.225959766625643,False
4682,青海,光伏,targeted_capex_grant,0.469065822660923,0.2233252361592403,201.79679677654224,False
4690,青海,光伏,targeted_capex_grant,0.5275690853595734,0.05381903996675542,41.388075188688816,False
4705,青海,光伏,targeted_capex_grant,0.40417975932359695,0.35022208380911357,385.27306247834133,False
4709,青海,光伏,targeted_capex_grant,0.5630991011857986,0.052658512900206546,36.44276002637991,False
4710,青海,光伏,targeted_capex_grant,0.5117507204413414,0.05493986812675882,44.14641144088767,False
4712,青海,光伏,targeted_capex_grant,0.4996900223195553,0.042991822242751075,35.74632734397677,False
4716,青海,光伏,targeted_capex_grant,0.4658382907509804,0.048406962136402845,44.14919250501378,False
4718,青海,光伏,targeted_capex_grant,0.45846880227327347,0.03719312812680202,34.65174661461372,False
4722,青海,光伏,targeted_capex_grant,0.4658382870256901,0.24203481004709185,220.745963801794,False
4724,青海,光伏,targeted_capex_grant,0.45846880227327347,0.03719312812680202,34.65174661461372,False
4744,青海,光伏,targeted_capex_grant,0.43476301059126854,0.13256560952291116,132.6445739892188,False
4746,青海,光伏,targeted_capex_grant,0.504016287624836,0.04324460767911065,35.55474414507778,False
4752,青海,光伏,targeted_capex_grant,0.504016287624836,0.04324460767911065,35.55474414507778,False
4756,青海,光伏,targeted_capex_grant,0.4350307732820511,0.035694226492689364,35.667826888788156,False
4757,青海,光伏,targeted_capex_grant,0.4289424903690815,0.03898052504766947,39.777511004770254,False
4767,青海,光伏,targeted_capex_grant,0.4870475009083748,0.08859360205388601,75.99861409023534,False
4795,青海,光伏,targeted_capex_grant,0.5404351316392422,0.04607185115484116,34.22845412861828,False
4804,青海,光伏,targeted_capex_grant,0.4912673644721508,0.057890701491181466,49.088431838399266,False
4811,青海,光伏,targeted_capex_grant,0.41008981317281723,0.2506399433826549,270.50818717560077,False
4817,青海,光伏,targeted_capex_grant,0.4870475195348263,0.03543744280746496,30.39944581277174,False
4824,青海,光伏,targeted_capex_grant,0.5439816229045391,0.045830581570263824,33.72896711835599,False
4854,青海,光伏,targeted_capex_grant,0.46983548626303673,0.5122269428175735,461.5407917910968,False
4865,青海,光伏,targeted_capex_grant,0.41851840913295746,0.4305390740647897,452.4313025490916,False
4868,青海,光伏,targeted_capex_grant,0.5026497952640057,0.0498719803731414,41.01213893709927,False
4874,青海,光伏,targeted_capex_grant,0.5026497952640057,0.0498719803731414,41.01213893709927,False
4891,青海,光伏,targeted_capex_grant,0.41152990609407425,0.08367999299042206,89.91109159304473,False
4897,青海,光伏,targeted_capex_grant,0.4053681418299675,0.044896527991929315,49.169094039240385,False
4899,青海,光伏,targeted_capex_grant,0.45869697257876396,0.04870543017690072,45.33306238398099,False
4905,青海,光伏,targeted_capex_grant,0.45330144837498665,0.0384975389527079,36.39292768097671,False
4916,青海,光伏,targeted_capex_grant,0.45330143347382545,0.048121922110907135,45.49116003620691,False
4931,青海,光伏,targeted_capex_grant,0.5608158633112907,0.24503173311813783,170.54071361882757,False
4932,青海,光伏,targeted_capex_grant,0.4053681194782257,0.26937914916921424,295.0145645754489,False
4933,青海,光伏,targeted_capex_grant,0.5046743787825108,0.049781092116627366,40.70326688427333,False
4943,青海,光伏,targeted_capex_grant,0.4657838046550751,0.19941014896791462,181.71942786015728,False
4944,青海,光伏,targeted_capex_grant,0.40953415632247925,0.7455686867487433,806.0978527378593,False
4952,青海,光伏,targeted_capex_grant,0.46578381210565567,0.1495576146669444,136.28957087855898,False
4956,青海,光伏,targeted_capex_grant,0.46578380838036537,0.049852537765072175,45.42985691434436,False
4960,青海,光伏,targeted_capex_grant,0.47301165014505386,0.048060127799531734,43.02559302300945,False
4966,青海,光伏,targeted_capex_grant,0.4762529842555523,0.08695560154396975,76.90902668116287,False
4977,青海,光伏,targeted_capex_grant,0.4759286716580391,0.042868414300710186,37.93500126859092,False
4980,青海,光伏,targeted_capex_grant,0.5873037986457348,0.046168299229728815,30.08184698184985,False
4983,青海,光伏,targeted_capex_grant,0.5893666706979275,0.04692358288181218,30.420289351701182,False
4992,青海,光伏,targeted_capex_grant,0.4823184758424759,0.8815382242099264,766.3758200216716,False
4994,青海,光伏,targeted_capex_grant,0.4846024475991726,0.8838109805438915,763.3806097269022,False
518,甘肃,光伏,targeted_capex_grant,0.5908062942326069,0.0837526272538216,54.09327237557109,False
521,甘肃,光伏,targeted_capex_grant,0.5816878192126751,0.06713459445621461,44.34057389772027,False
533,甘肃,光伏,targeted_capex_grant,0.577579703181982,0.06297031992621677,42.01659408843472,False
540,甘肃,光伏,targeted_capex_grant,0.5775796882808208,0.04198020951304143,28.011061246986355,False
541,甘肃,光伏,targeted_capex_grant,0.5844188816845417,0.04265064973628935,27.982553862492654,False
6017,新疆,光伏,targeted_capex_grant,0.46467550471425056,0.04282150837492168,39.21194129530543,False
6030,新疆,光伏,targeted_capex_grant,0.5240324214100838,0.045054027844492646,34.52395674570733,False
6031,新疆,光伏,targeted_capex_grant,0.5434833765029907,0.13197127169884867,96.1399330959779,False
6032,新疆,光伏,targeted_capex_grant,0.5434833876788616,0.07331737513050052,53.41107381065817,False
6036,新疆,光伏,targeted_capex_grant,0.5496079251170158,0.38818849116812537,278.4047144858657,False
6037,新疆,光伏,targeted_capex_grant,0.48904694616794586,0.09021932130628822,76.99727565250636,False
6057,新疆,光伏,targeted_capex_grant,0.5006288178265095,0.03834120076569985,31.697502226625545,False
6059,新疆,光伏,targeted_capex_grant,0.5333888567984104,0.05861657827814262,44.42626217953749,False
6060,新疆,光伏,targeted_capex_grant,0.47577429562807083,0.0371226085943404,32.914897690731074,False
6063,新疆,光伏,targeted_capex_grant,0.4440084360539913,0.03254794386378184,31.67608413195879,False
6066,新疆,光伏,targeted_capex_grant,0.4872024916112423,0.07458968244169675,63.9741969820957,False
6067,新疆,光伏,targeted_capex_grant,0.47213710844516754,0.03978383182344945,35.6914150389231,False
6068,新疆,光伏,targeted_capex_grant,0.5064263492822647,0.03953834507621486,32.26878047979632,False
6069,新疆,光伏,targeted_capex_grant,0.4522366300225258,0.038422227633925186,36.54632235370465,False
6070,新疆,光伏,targeted_capex_grant,0.4522366300225258,0.06403704615664207,60.91053739285832,False
6076,新疆,光伏,targeted_capex_grant,0.4536476507782936,0.04383598585415667,41.47250204195949,False
6081,新疆,光伏,targeted_capex_grant,0.5622514188289642,0.05133003297427593,35.647186719728055,False
6082,新疆,光伏,targeted_capex_grant,0.4423758462071419,0.16349738757434565,159.89097375546652,False
6083,新疆,光伏,targeted_capex_grant,0.4965476766228676,0.07862285795373908,65.73873537120402,False
6086,新疆,光伏,targeted_capex_grant,0.5485511235892773,0.397865460938304,286.1146922492847,False
6089,新疆,光伏,targeted_capex_grant,0.5485511310398579,0.08841454891487177,63.58104304443925,False
6098,新疆,光伏,targeted_capex_grant,0.509257361292839,0.07462482784535117,60.27836325646012,False
6101,新疆,光伏,targeted_capex_grant,0.49947258085012436,0.04107059804314294,34.05207568474574,False
6102,新疆,光伏,targeted_capex_grant,0.5197733677923679,0.4506015211978354,349.1677728959251,False
6104,新疆,光伏,targeted_capex_grant,0.5122155621647835,0.03829457747601494,30.751195915995112,False
6106,新疆,光伏,targeted_capex_grant,0.587397426366806,0.056726786988041754,37.008279425162975,False
6111,新疆,光伏,targeted_capex_grant,0.4718027114868164,0.04048680996089557,36.352302000204375,False
6112,新疆,光伏,targeted_capex_grant,0.5235985703766346,0.3371535896535743,258.639440838799,False
6114,新疆,光伏,targeted_capex_grant,0.45966142416000366,0.041035395462455944,38.12401970107215,False
6117,甘肃,光伏,targeted_capex_grant,0.5923362597823143,0.04286061870115421,27.577767553103424,False
6120,新疆,光伏,targeted_capex_grant,0.5027713142335415,0.05415825281385357,44.60796308007441,False
6124,新疆,光伏,targeted_capex_grant,0.45966142416000366,0.041035395462455944,38.12401970107215,False
6129,新疆,光伏,targeted_capex_grant,0.546483114361763,0.5474875395839736,395.7630462981702,False
6131,新疆,光伏,targeted_capex_grant,0.5563338883221149,1.2817096743121252,903.5171077529567,False
6133,新疆,光伏,targeted_capex_grant,0.5338049568235874,0.2118438261024085,158.23164775261094,False
6140,新疆,光伏,targeted_capex_grant,0.5000910386443138,0.054735728279535295,45.421440306250375,False
6143,新疆,光伏,targeted_capex_grant,0.5563338808715343,0.21361827388292945,150.58618364681786,False
6149,新疆,光伏,targeted_capex_grant,0.479243166744709,0.20092097338166753,176.61794589003733,False
6151,新疆,光伏,targeted_capex_grant,0.5779989399015903,0.04275410591093566,28.548402647177117,False
6159,新疆,光伏,targeted_capex_grant,0.5563338808715343,0.8544730949953233,602.3447347637623,False
6160,新疆,光伏,targeted_capex_grant,0.4994523972272873,0.3468899139631097,287.6258959615016,False
6165,新疆,光伏,targeted_capex_grant,0.4610176719725132,0.1617068862598556,149.69337341783014,False
6175,新疆,光伏,targeted_capex_grant,0.5801768265664577,0.04707744814113272,31.26886467866943,False
6176,新疆,光伏,targeted_capex_grant,0.5800559557974339,0.05793312810783016,38.4853496807886,False
6178,新疆,光伏,targeted_capex_grant,0.5589488931000233,0.20355423441825654,142.55529936754624,False
6183,新疆,光伏,targeted_capex_grant,0.5002846345305443,0.054793223363768066,45.45539677252696,False
6186,新疆,光伏,targeted_capex_grant,0.5801768265664577,0.04707744814113272,31.26886467866943,False
6189,新疆,光伏,targeted_capex_grant,0.5522721335291862,0.13508292893370613,96.21944282659474,False
6190,新疆,光伏,targeted_capex_grant,0.46246371418237686,0.04482273411115435,41.30145261545351,False
6191,新疆,光伏,targeted_capex_grant,0.5330245532095432,0.05926869724297506,44.95757446742054,False
6197,新疆,光伏,targeted_capex_grant,0.5589488819241524,1.0856225530005144,760.29492989163,False
6199,新疆,光伏,targeted_capex_grant,0.5522721372544765,2.1613268808335975,1539.511084891216,False
6214,新疆,光伏,targeted_capex_grant,0.4610176756978035,0.08085344379875672,74.84668670542864,False
6215,新疆,光伏,targeted_capex_grant,0.5382135733962059,0.12702643049874826,93.79800054405607,False
6219,新疆,光伏,targeted_capex_grant,0.47727303579449654,0.038351689341642924,33.85106245361787,False
6224,新疆,光伏,targeted_capex_grant,0.5521872416138649,0.3268743152513515,232.8736444930468,False
6230,新疆,光伏,targeted_capex_grant,0.5483669675886631,0.09349370755966196,67.25749079526362,False
6247,新疆,光伏,targeted_capex_grant,0.534501314163208,0.572993299640824,427.2085398219234,False
6251,新疆,光伏,targeted_capex_grant,0.5563338883221149,0.042723655609523604,30.117236767141595,False
6253,新疆,光伏,targeted_capex_grant,0.4610176756978035,0.08085344379875672,74.84668670542864,False
6259,新疆,光伏,targeted_capex_grant,0.5482459552586079,0.5554556778993066,399.7201203367587,False
6261,新疆,光伏,targeted_capex_grant,0.5930463746190071,0.04982796896443182,32.061018486175044,False
6263,新疆,光伏,targeted_capex_grant,0.5920993462204933,0.04420387162465548,28.510470203069858,False
6268,新疆,光伏,targeted_capex_grant,0.46320776268839836,0.3176543371594564,292.143683909029,False
6270,新疆,光伏,targeted_capex_grant,0.45966142416000366,0.041035395462455944,38.12401970107215,False
6272,新疆,光伏,targeted_capex_grant,0.5920875445008278,0.04711800213024526,30.389387704399486,False
6276,新疆,光伏,targeted_capex_grant,0.44305267557501793,0.16477534400034125,160.80336738827785,False
6288,新疆,光伏,targeted_capex_grant,0.4446778893470764,0.4322048061696632,420.10617297061435,False
6290,新疆,光伏,targeted_capex_grant,0.5024949498474598,0.03621851802079645,29.85897057875822,False
6294,新疆,光伏,targeted_capex_grant,0.44548842310905457,0.04081888542029419,39.5822138208324,False
6295,新疆,光伏,targeted_capex_grant,0.527942355722189,0.04633349083034839,35.142190212802376,False
6321,新疆,光伏,targeted_capex_grant,0.4963580593466759,0.03755108590592149,31.476593755217163,False
6322,新疆,光伏,targeted_capex_grant,0.4835396409034729,0.07236140205190858,62.73539842009774,False
6323,新疆,光伏,targeted_capex_grant,0.5768775120377541,0.06226555536051686,41.69159748070576,False
6328,新疆,光伏,targeted_capex_grant,0.5768775120377541,0.06226555536051686,41.69159748070576,False
6334,新疆,光伏,targeted_capex_grant,0.5501996204257011,0.03996902523630631,28.61998362987299,False
6337,新疆,光伏,targeted_capex_grant,0.5501996204257011,0.03996902523630631,28.61998362987299,False
6339,新疆,光伏,targeted_capex_grant,0.5563338883221149,0.042723655609523604,30.117236767141595,False
6344,新疆,光伏,targeted_capex_grant,0.5485590323805809,0.0427235752429412,30.721063230101766,False
6345,新疆,光伏,targeted_capex_grant,0.5874179378151894,0.04413235018806219,28.791527047513195,False
6350,新疆,光伏,targeted_capex_grant,0.5699190571904182,0.04259295231510518,29.02006621521601,False
6358,新疆,光伏,targeted_capex_grant,0.5596876665949821,0.1458827188056415,101.97426017634338,False
6360,新疆,光伏,targeted_capex_grant,0.5596876628696918,0.07294135874181816,50.987130051348515,False
6361,新疆,光伏,targeted_capex_grant,0.4531414732336998,0.03767981937439582,35.64376483560249,False
6362,新疆,光伏,targeted_capex_grant,0.5440077409148216,0.5797779754053966,421.7700534740105,False
6372,新疆,光伏,targeted_capex_grant,0.5821203552186489,0.06097630637432994,40.30401920310237,False
6374,新疆,光伏,targeted_capex_grant,0.5812208950519562,0.06142057956474924,40.68717474894614,False
6375,新疆,光伏,targeted_capex_grant,0.5821203552186489,0.06097630637432994,40.30401920310237,False
6380,新疆,光伏,targeted_capex_grant,0.5381651930510998,0.04143135338323034,30.997985348350316,False
6385,新疆,光伏,targeted_capex_grant,0.5932244695723057,0.0463404051404,29.81180424468466,False
6387,新疆,光伏,targeted_capex_grant,0.5313427895307541,0.07158979328588906,53.81417458552855,False
6388,新疆,光伏,targeted_capex_grant,0.46520325168967247,0.07507045019104222,68.68084327012765,False
6389,新疆,光伏,targeted_capex_grant,0.41287432610988617,0.05082713851672531,54.470693725981235,False
6394,新疆,光伏,targeted_capex_grant,0.4456706717610359,0.07597893807113953,73.58064506781157,False
6402,新疆,光伏,targeted_capex_grant,0.5563338883221149,0.042723655609523604,30.117236767141595,False
6405,新疆,光伏,targeted_capex_grant,0.4872025102376938,0.44753811682458416,383.8451818158008,False
6411,新疆,光伏,targeted_capex_grant,0.5878122299909592,0.04625375637521479,30.15183775668619,False
6415,新疆,光伏,targeted_capex_grant,0.5473676174879074,0.051990268672480106,37.498311062682596,False
6417,新疆,光伏,targeted_capex_grant,0.5878122299909592,0.04625375637521479,30.15183775668619,False
6424,新疆,光伏,targeted_capex_grant,0.5735417194664478,0.04343086160280672,29.321890740005433,False
6428,新疆,光伏,targeted_capex_grant,0.5417607054114342,0.07083747601430555,51.832944412077346,False
6429,新疆,光伏,targeted_capex_grant,0.5878122299909592,0.04625375637521479,30.15183775668619,False
6434,新疆,光伏,targeted_capex_grant,0.5735417194664478,0.04343086160280672,29.321890740005433,False
6435,新疆,光伏,targeted_capex_grant,0.45128564164042473,0.07346587338893712,69.95523036803202,False
6436,新疆,光伏,targeted_capex_grant,0.5876772627234459,0.05281442882807681,34.43167982853202,False
6440,新疆,光伏,targeted_capex_grant,0.592888567596674,0.04291205443247355,27.624721484258735,False
6447,新疆,光伏,targeted_capex_grant,0.5592228174209595,0.299588289681416,209.67508297772454,False
6451,新疆,光伏,targeted_capex_grant,0.47997236996889114,0.05233408554812588,45.957978638491326,False
6465,新疆,光伏,targeted_capex_grant,0.5618005990982056,0.09673813200295839,67.26526252962239,False
6467,新疆,光伏,targeted_capex_grant,0.5899486653506756,0.0681712099299844,44.20154214938883,False
6468,新疆,光伏,targeted_capex_grant,0.48547064512968063,0.03835587182705705,33.0745363563014,False
6475,新疆,光伏,targeted_capex_grant,0.49427099898457527,0.08408422326858603,70.73815654348543,False
6476,新疆,光伏,targeted_capex_grant,0.48547064512968063,0.03835587182705705,33.0745363563014,False
6480,新疆,光伏,targeted_capex_grant,0.5944391749799252,0.048707164009583144,31.23494081812227,False
6485,新疆,光伏,targeted_capex_grant,0.5944391787052155,0.073060746553076,46.85241121045996,False
6487,新疆,光伏,targeted_capex_grant,0.5568858496844769,0.04527731967943552,31.874609379697567,False
6496,新疆,光伏,targeted_capex_grant,0.5812491737306118,0.046074972768521065,30.52259645134326,False
6498,新疆,光伏,targeted_capex_grant,0.5795591697096825,0.042995649633473874,28.59988357559221,False
6507,新疆,光伏,targeted_capex_grant,0.564098197966814,0.04081465282507375,28.214674632346508,False
6518,新疆,光伏,targeted_capex_grant,0.5855173692107201,0.059852673215003496,39.23000643069736,False
6522,新疆,光伏,targeted_capex_grant,0.5914492942392826,0.05421853145603653,35.02326446392314,False
6528,新疆,光伏,targeted_capex_grant,0.4440329037606716,0.06395376493113632,62.324514234971815,False
6531,新疆,光伏,targeted_capex_grant,0.573102992027998,0.04512034311007701,30.49534239742629,False
6536,新疆,光伏,targeted_capex_grant,0.4522366300225258,0.06403704615664207,60.91053739285832,False
6537,新疆,光伏,targeted_capex_grant,0.5795591697096825,0.042995649633473874,28.59988357559221,False
6538,新疆,光伏,targeted_capex_grant,0.5477114096283913,0.08928105568294242,64.34036476415251,False
6548,新疆,光伏,targeted_capex_grant,0.5477114096283913,0.08928105568294242,64.34036476415251,False
6553,新疆,光伏,targeted_capex_grant,0.5782188102602959,0.04239155967752357,28.290552090592904,False
6559,新疆,光伏,targeted_capex_grant,0.4469835087656975,0.03886080545027913,37.44529028907466,False
6564,新疆,光伏,targeted_capex_grant,0.5338049381971359,0.07061460482348245,52.743882288971676,False
6565,新疆,光伏,targeted_capex_grant,0.5338049530982971,0.1835979798805769,137.1340941316637,False
6566,新疆,光伏,targeted_capex_grant,0.49183714762330055,0.03861597163421389,32.6975219205232,False
6568,新疆,光伏,targeted_capex_grant,0.5727695785462856,0.04176871599687105,28.25423713038048,False
6574,新疆,光伏,targeted_capex_grant,0.4782419949769974,0.03544751151125218,31.213828725688792,False
6576,新疆,光伏,targeted_capex_grant,0.5323050059378147,0.18666874288551577,139.97285235420557,False
6578,新疆,光伏,targeted_capex_grant,0.5436942167580128,0.04320222096540648,31.45458438653248,False
6579,新疆,光伏,targeted_capex_grant,0.5436436198651791,1.178573509416872,858.2132495765975,False
6582,新疆,光伏,targeted_capex_grant,0.4833878464996815,0.4294864494248755,372.8022056416459,False
6590,新疆,光伏,targeted_capex_grant,0.5148681290447712,0.05479490992053276,43.64040921579055,False
6598,新疆,光伏,targeted_capex_grant,0.5340836904942989,0.6993195407915951,521.943266772476,False
6602,新疆,光伏,targeted_capex_grant,0.5258670896291733,0.04964579728677366,38.40584940704018,False
6607,新疆,光伏,targeted_capex_grant,0.5501996167004108,0.13323008260031322,95.39994539815972,False
6609,新疆,光伏,targeted_capex_grant,0.49183714762330055,0.4633916624823105,392.3702647636696,False
6616,新疆,光伏,targeted_capex_grant,0.5513537712395191,0.04516083229847937,32.242440626921486,False
6619,新疆,光伏,targeted_capex_grant,0.5795591697096825,0.042995649633473874,28.59988357559221,False
6625,新疆,光伏,targeted_capex_grant,0.5513537712395191,0.15053610730791694,107.47480192158356,False
6628,新疆,光伏,targeted_capex_grant,0.5481189452111721,0.13109213651146046,94.36821046497137,False
6633,新疆,光伏,targeted_capex_grant,0.5795591697096825,0.042995649633473874,28.59988357559221,False
6634,新疆,光伏,targeted_capex_grant,0.516174741089344,0.043519261376000616,34.04738355049099,False
6638,新疆,光伏,targeted_capex_grant,0.5470987036824226,0.16776223083867614,121.07942133742289,False
6641,新疆,光伏,targeted_capex_grant,0.5830455869436264,0.057336117005320944,37.80872622190203,False
6644,新疆,光伏,targeted_capex_grant,0.5073023997247219,0.052303108891725486,42.461992621412335,False
6654,新疆,光伏,targeted_capex_grant,0.5801768265664577,0.04707744814113272,31.26886467866943,False
6659,新疆,光伏,targeted_capex_grant,0.5800877809524536,0.05696314654677917,37.83742194300387,False
6666,新疆,光伏,targeted_capex_grant,0.5583187714219093,0.04109453639294246,28.825674616729415,False
6669,新疆,光伏,targeted_capex_grant,0.4824061095714569,0.04381441181697992,38.10307731835704,False
6672,新疆,光伏,targeted_capex_grant,0.45246949419379234,0.03869830740089307,36.72886610414234,False
6675,新疆,光伏,targeted_capex_grant,0.5122756958007812,0.054395130439777784,43.62714235975905,False
6694,新疆,光伏,targeted_capex_grant,0.5563338883221149,0.042723655609523604,30.117236767141595,False
6720,新疆,光伏,targeted_capex_grant,0.5286017619073391,0.04946162591387981,38.0119413411844,False
6723,新疆,光伏,targeted_capex_grant,0.5931277461349964,0.044394706488308365,28.56213643067134,False
6728,新疆,光伏,targeted_capex_grant,0.5618005953729153,0.04397187762094712,30.575119184106402,False
6731,新疆,光伏,targeted_capex_grant,0.5763654187321663,0.05616230118673279,37.65164415104044,False
6736,新疆,光伏,targeted_capex_grant,0.5618005953729153,0.04397187762094712,30.575119184106402,False
6738,新疆,光伏,targeted_capex_grant,0.5500058680772781,0.03980942843458292,28.518524950781117,False
6739,新疆,光伏,targeted_capex_grant,0.4516098313033581,0.33057366471212263,314.61691824216393,False
6740,新疆,光伏,targeted_capex_grant,0.46682311967015266,0.03444944443846784,31.365963181022536,False
6741,新疆,光伏,targeted_capex_grant,0.5931277386844158,0.06659205880115968,42.84320484743812,False
6745,新疆,光伏,targeted_capex_grant,0.5153921954333782,0.07211926713933987,56.54048366241467,False
6747,新疆,光伏,targeted_capex_grant,0.5397191755473614,0.6975150904151372,513.070877095477,False
6753,新疆,光伏,targeted_capex_grant,0.4160603955388069,0.0308836452202464,32.792942732133675,False
6755,新疆,光伏,targeted_capex_grant,0.5589802898466587,0.09666080317052003,67.68807802141106,False
6760,新疆,光伏,targeted_capex_grant,0.4496898278594017,0.046149417488773714,44.2305366675157,False
6766,新疆,光伏,targeted_capex_grant,0.4106905907392502,0.2059754051547567,222.17372388711178,False
6768,新疆,光伏,targeted_capex_grant,0.5801768265664577,0.04707744814113272,31.26886467866943,False
6774,新疆,光伏,targeted_capex_grant,0.5615541823208332,0.046105401488666015,32.08030609064752,False
6777,新疆,光伏,targeted_capex_grant,0.5527179911732674,0.07241420340534607,51.52221844346759,False
6782,新疆,光伏,targeted_capex_grant,0.5615541823208332,0.046105401488666015,32.08030609064752,False
6785,新疆,光伏,targeted_capex_grant,0.5527179837226868,0.043448521066676744,30.913330965900858,False
6790,新疆,光伏,targeted_capex_grant,0.5640118271112442,0.4193557439443017,289.9638528613188,False
6792,新疆,光伏,targeted_capex_grant,0.5677312016487122,0.05348991285537336,36.64721277625029,False
6793,新疆,光伏,targeted_capex_grant,0.5237924680113792,0.04494286235606818,34.45995362055473,False
6799,新疆,光伏,targeted_capex_grant,0.5262718386948109,0.26473952897517533,201.66209679815944,False
6802,新疆,光伏,targeted_capex_grant,0.5431886613368988,0.07239928441838579,52.782747884939084,False
6804,新疆,光伏,targeted_capex_grant,0.4777991361916065,0.07313742154289173,64.48545074887414,False
6806,新疆,光伏,targeted_capex_grant,0.47409315034747124,0.04122739263333002,36.733136956072144,False
6812,新疆,光伏,targeted_capex_grant,0.5348351188004017,1.4070312412903567,1048.1361066660709,False
6813,新疆,光伏,targeted_capex_grant,0.5399646423757076,0.042631826833342545,31.33901074337447,False
6819,新疆,光伏,targeted_capex_grant,0.5260989665985107,0.26281415513740297,200.2889696007099,False
6824,新疆,光伏,targeted_capex_grant,0.47768302261829376,0.4624686444014335,407.91484378840437,False
6827,新疆,光伏,targeted_capex_grant,0.5262718386948109,0.5294790575982786,403.3241933456394,False
6831,新疆,光伏,targeted_capex_grant,0.5375416241586208,0.09066452384443574,67.06587964293082,False
6838,新疆,光伏,targeted_capex_grant,0.5619666427373886,0.04502334917861632,31.2941472014022,False
6839,新疆,光伏,targeted_capex_grant,0.49244334921240807,0.09438683500149073,79.89573249501271,False
6842,新疆,光伏,targeted_capex_grant,0.5899486690759659,0.045447473809851625,29.467694856206467,False
6845,新疆,光伏,targeted_capex_grant,0.5363565608859062,0.04449625495188436,33.01475960475083,False
685,甘肃,光伏,targeted_capex_grant,0.562332883477211,0.0733473382535892,50.83535918213886,False
6852,新疆,光伏,targeted_capex_grant,0.5363565608859062,0.04449625495188436,33.01475960475083,False
6854,新疆,光伏,targeted_capex_grant,0.49651458486914635,0.1250906426620233,104.594795014483,False
6860,新疆,光伏,targeted_capex_grant,0.5801768228411674,0.06276992995002502,41.691819342920745,False
6866,新疆,光伏,targeted_capex_grant,0.545542985200882,0.03986869135571044,28.89068829672449,False
6867,新疆,光伏,targeted_capex_grant,0.49651458114385605,0.08339376080908971,69.72986339049166,False
6881,新疆,光伏,targeted_capex_grant,0.5375416278839111,0.03999905515686894,29.587888157146384,False
6883,新疆,光伏,targeted_capex_grant,0.49481993541121483,0.040578252308783834,34.24442417419001,False
6885,新疆,光伏,targeted_capex_grant,0.49651458114385605,0.08339376080908971,69.72986339049166,False
6895,新疆,光伏,targeted_capex_grant,0.45580626279115677,0.045538081575018576,42.77114695076532,False
6898,新疆,光伏,targeted_capex_grant,0.4504181109368801,0.14033525237626834,134.01662710398307,False
6903,新疆,光伏,targeted_capex_grant,0.5563338883221149,0.042723655609523604,30.117236767141595,False
6907,新疆,光伏,targeted_capex_grant,0.5406164601445198,0.12878857874691435,94.5117396061606,False
6911,新疆,光伏,targeted_capex_grant,0.5782188102602959,0.04239155967752357,28.290552090592904,False
6912,新疆,光伏,targeted_capex_grant,0.545542985200882,0.03986869135571044,28.89068829672449,False
6913,新疆,光伏,targeted_capex_grant,0.4527692049741745,0.06915573250254808,65.56513691305824,False
6916,新疆,光伏,targeted_capex_grant,0.4563957192003727,0.4293687485925582,402.6183889353429,False
6918,新疆,光伏,targeted_capex_grant,0.5238413438200951,0.17643063856131166,135.25905198587674,False
6928,新疆,光伏,targeted_capex_grant,0.418339628726244,0.06311326704449707,66.52663886975745,False
6934,新疆,光伏,targeted_capex_grant,0.574435617774725,0.04652035103846985,31.338738135573124,False
6938,新疆,光伏,targeted_capex_grant,0.48583824187517166,0.03650832419101369,31.443795764876548,False
6947,新疆,光伏,targeted_capex_grant,0.5617672838270664,0.04202016400139469,29.21766934728442,False
6953,新疆,光伏,targeted_capex_grant,0.5652823410928249,0.04252256539009111,29.306782754295483,False
6959,新疆,光伏,targeted_capex_grant,0.44005779922008514,0.03803536166487107,37.4592055170553,False
6963,新疆,光伏,targeted_capex_grant,0.4610176756978035,0.08085344379875672,74.84668670542864,False
697,甘肃,光伏,targeted_capex_grant,0.5561124831438065,0.16454548799646948,115.84332798719593,False
6975,新疆,光伏,targeted_capex_grant,0.5794547684490681,0.0430598121531971,28.650229188929288,False
6981,新疆,光伏,targeted_capex_grant,0.4440084360539913,0.06509588775572966,63.35216822434415,False
6998,新疆,光伏,targeted_capex_grant,0.5620728433132172,0.05577214496552811,38.75438422071438,False
6999,新疆,光伏,targeted_capex_grant,0.5596984475851059,0.055385976777607246,38.71720368543064,False
7114,新疆,光伏,targeted_capex_grant,0.542928408831358,0.04007363186649117,29.655864595900503,False
724,甘肃,光伏,targeted_capex_grant,0.5683956481516361,0.0442925078577061,30.235952649847157,False
7274,新疆,光伏,targeted_capex_grant,0.5737674348056316,0.042296432945965336,28.539781364062907,False
7284,新疆,光伏,targeted_capex_grant,0.5737674348056316,0.042296432945965336,28.539781364062907,False
7325,新疆,光伏,targeted_capex_grant,0.5113018341362476,0.04054456651202478,32.5774804005636,False
7332,新疆,光伏,targeted_capex_grant,0.4591122381389141,0.06991321188196972,65.05170097572795,False
7361,新疆,光伏,targeted_capex_grant,0.5829940885305405,0.049764887285678426,32.82198087329732,False
770,甘肃,光伏,targeted_capex_grant,0.5822482891380787,0.04319737922227644,28.490184719447807,False
782,甘肃,光伏,targeted_capex_grant,0.576834749430418,0.04255870169539749,28.446540719782934,False
810,甘肃,光伏,targeted_capex_grant,0.576834749430418,0.08511740337136006,56.893081457079184,False
814,甘肃,光伏,targeted_capex_grant,0.596482940018177,0.04445243013697454,28.315811217264496,False
816,甘肃,光伏,targeted_capex_grant,0.5842382200062275,0.05164762711900359,33.89630342731311,False
8314,青海,光伏,targeted_capex_grant,0.5930750854313374,0.051884808591562026,33.333540518575234,False
8326,青海,光伏,targeted_capex_grant,0.5879508629441261,0.050652855706736284,32.95156406138644,False
886,甘肃,光伏,targeted_capex_grant,0.5617290623486042,0.04424923764299755,30.716131355295637,False
895,甘肃,光伏,targeted_capex_grant,0.5434688739478588,0.07949381861219475,57.80226341972733,False
931,甘肃,光伏,targeted_capex_grant,0.5783007219433784,0.04288899881169193,28.563683185713888,False
935,甘肃,光伏,targeted_capex_grant,0.5842382200062275,0.04303968900896256,28.246919368990937,False
943,甘肃,光伏,targeted_capex_grant,0.5842382200062275,0.04303968900896256,28.246919368990937,False
954,甘肃,光伏,targeted_capex_grant,0.5842382200062275,0.05164762711900359,33.89630342731311,False
957,甘肃,光伏,targeted_capex_grant,0.5822482891380787,0.04319737922227644,28.490184719447807,False
963,甘肃,光伏,targeted_capex_grant,0.5871177315711975,0.04484415800653391,29.225959766625643,False
W1057,广西,风电,targeted_capex_grant,0.4226633720099926,0.04612222941616448,47.99117976125115,False
W1069,广西,风电,targeted_capex_grant,0.4843884967267513,0.050817185719666175,43.974785130558544,False
W1073,广西,风电,targeted_capex_grant,0.48438847437500954,0.040653745987154453,35.17982798050031,False
W113,甘肃,风电,targeted_capex_grant,0.5819662883877754,0.06681219885465879,44.09607640138403,False
W1130,河北,风电,targeted_capex_grant,0.5229418911039829,0.05572657254836561,42.876484059735176,False
W1134,河北,风电,targeted_capex_grant,0.5729051940143108,0.08604646405671891,58.26453533064514,False
W114,甘肃,风电,targeted_capex_grant,0.5819662883877754,0.06681219885465879,44.09607640138403,False
W115,甘肃,风电,targeted_capex_grant,0.5819662883877754,0.06681219885465879,44.09607640138403,False
W116,甘肃,风电,targeted_capex_grant,0.5542603507637978,0.06242126347680339,44.153786631823635,False
W117,甘肃,风电,targeted_capex_grant,0.5542603507637978,0.06242126347680339,44.153786631823635,False
W1223,陕西,风电,targeted_capex_grant,0.5726427882909775,0.04366174861284045,29.563382162906148,False
W123,甘肃,风电,targeted_capex_grant,0.5819663144648075,0.06647980358499045,43.876692681191884,False
W127,甘肃,风电,targeted_capex_grant,0.5542603321373463,0.06211070728311625,43.93411634999245,False
W1273,广西,风电,targeted_capex_grant,0.5200299955904484,0.038371832122413164,30.104073417826417,False
W128,甘肃,风电,targeted_capex_grant,0.5542603321373463,0.06211070728311625,43.93411634999245,False
W1280,河北,风电,targeted_capex_grant,0.4915652610361576,0.03659594736706402,31.12818019824467,False
W1284,河北,风电,targeted_capex_grant,0.5250768736004829,0.0392624355234746,30.468102537151918,False
W129,甘肃,风电,targeted_capex_grant,0.5542603507637978,0.06242126347680339,44.153786631823635,False
W130,甘肃,风电,targeted_capex_grant,0.4175579845905304,0.16254638658373113,171.45067369188357,False
W131,甘肃,风电,targeted_capex_grant,0.5542603507637978,0.06242126347680339,44.153786631823635,False
W132,甘肃,风电,targeted_capex_grant,0.5542603507637978,0.06242126347680339,44.153786631823635,False
W133,甘肃,风电,targeted_capex_grant,0.5542603507637978,0.06242126347680339,44.153786631823635,False
W134,甘肃,风电,targeted_capex_grant,0.5542603507637978,0.06242126347680339,44.153786631823635,False
W1340,河北,风电,targeted_capex_grant,0.5281389132142067,0.04877647219445614,37.62477236243153,False
W1356,河北,风电,targeted_capex_grant,0.5281389281153679,0.049269166128532924,38.00482083019579,False
W1358,河北,风电,targeted_capex_grant,0.5281389281153679,0.049269166128532924,38.00482083019579,False
W136,甘肃,风电,targeted_capex_grant,0.4175579808652401,0.04063659629268894,42.86266856740246,False
W1360,河北,风电,targeted_capex_grant,0.46338487043976784,0.03432261508878808,31.650830606940403,False
W1362,河北,风电,targeted_capex_grant,0.46338487043976784,0.03432261508878808,31.650830606940403,False
W1374,河北,风电,targeted_capex_grant,0.5250768885016441,0.0785248743392875,60.93620532051455,False
W1376,河北,风电,targeted_capex_grant,0.46338484808802605,0.1372904500818359,126.60332096468929,False
W138,甘肃,风电,targeted_capex_grant,0.41975218430161476,0.10405095671877489,108.88222174970903,False
W1387,河北,风电,targeted_capex_grant,0.46338485553860664,0.10022203030153057,92.42042400893689,False
W1389,河北,风电,targeted_capex_grant,0.46338488906621933,0.06795878093165189,62.66864400929133,False
W139,甘肃,风电,targeted_capex_grant,0.41975221410393715,0.10456863035402501,109.42392198133362,False
W140,甘肃,风电,targeted_capex_grant,0.41975217312574387,0.05176664324782722,54.170259499252666,False
W141,甘肃,风电,targeted_capex_grant,0.5510793477296829,0.3995306674574999,284.84479798840414,False
W1482,海南,风电,targeted_capex_grant,0.35269949585199356,0.034708740005709546,45.53831842223893,False
W1483,海南,风电,targeted_capex_grant,0.35269952192902565,0.03332039369407754,43.71678595889166,False
W1502,河北,风电,targeted_capex_grant,0.5362573377788067,0.054686604565092924,41.26737507024954,False
W1509,河北,风电,targeted_capex_grant,0.5394494496285915,0.07767442977834062,57.97013792600571,False
W1529,河北,风电,targeted_capex_grant,0.4915652610361576,0.03659594736706402,31.12818019824467,False
W1603,广西,风电,targeted_capex_grant,0.5831425189971924,0.042972353943829596,28.29391236438338,False
W1612,河北,风电,targeted_capex_grant,0.5281389281153679,0.049269166128532924,38.00482083019579,False
W1686,广西,风电,targeted_capex_grant,0.5831425189971924,0.042972353943829596,28.29391236438338,False
W1769,广西,风电,targeted_capex_grant,0.33559510111808777,0.0247569515702149,34.4399251402042,False
W1774,广西,风电,targeted_capex_grant,0.33559510111808777,0.0247569515702149,34.4399251402042,False
W1866,河北,风电,targeted_capex_grant,0.42574235051870346,0.040642515589789166,42.036743069285365,False
W1875,河北,风电,targeted_capex_grant,0.5484936721622944,0.04895524186738783,35.86048343802459,False
W1883,河北,风电,targeted_capex_grant,0.570489414036274,0.07775811764940958,52.96724730657818,False
W1887,河北,风电,targeted_capex_grant,0.5326149165630341,0.0527191466837246,40.218209907878354,False
W1892,河北,风电,targeted_capex_grant,0.5362573526799679,0.05413974024528074,40.85470105130275,False
W2206,黑龙江,风电,targeted_capex_grant,0.3410159572958946,0.04459529889318448,61.05273288806473,False
W2208,黑龙江,风电,targeted_capex_grant,0.3410159684717655,0.04645343765426859,63.59659607302629,False
W2214,黑龙江,风电,targeted_capex_grant,0.3410159684717655,0.04645343765426859,63.59659607302629,False
W2237,黑龙江,风电,targeted_capex_grant,0.4201972410082817,0.08440290285013866,88.59102775523,False
W2263,河北,风电,targeted_capex_grant,0.5250768773257732,0.04711492262837628,36.561722662965956,False
W2266,河北,风电,targeted_capex_grant,0.5250768736004829,0.0392624355234746,30.468102537151918,False
W2269,黑龙江,风电,targeted_capex_grant,0.39218688383698463,0.07151409130028587,82.13521498907112,False
W2282,黑龙江,风电,targeted_capex_grant,0.36470527201890945,0.04524377160788902,56.854753062642615,False
W2377,河北,风电,targeted_capex_grant,0.3525272011756897,0.033063832760820776,43.54777947086829,False
W2379,黑龙江,风电,targeted_capex_grant,0.3734363242983818,0.0723031389935135,88.3549272328055,False
W2383,黑龙江,风电,targeted_capex_grant,0.5063361749053001,0.04533325735266389,37.06564677630041,False
W2404,黑龙江,风电,targeted_capex_grant,0.5317793786525726,0.04634638080672762,35.347461418382,False
W2420,黑龙江,风电,targeted_capex_grant,0.5156915113329887,0.04280631591085995,34.12525460024352,False
W2431,河北,风电,targeted_capex_grant,0.42574235051870346,0.040642515589789166,42.036743069285365,False
W2436,河北,风电,targeted_capex_grant,0.42574235051870346,0.040642515589789166,42.036743069285365,False
W2441,河北,风电,targeted_capex_grant,0.42574235051870346,0.040642515589789166,42.036743069285365,False
W2455,河北,风电,targeted_capex_grant,0.5484936721622944,0.04895524186738783,35.86048343802459,False
W2456,黑龙江,风电,targeted_capex_grant,0.5156915113329887,0.04280631591085995,34.12525460024352,False
W2461,河北,风电,targeted_capex_grant,0.5484936721622944,0.04895524186738783,35.86048343802459,False
W2465,河北,风电,targeted_capex_grant,0.5484936684370041,0.04797613726759092,35.1432742369632,False
W2466,黑龙江,风电,targeted_capex_grant,0.3455956280231476,0.03415747637754085,45.98940145049251,False
W2471,黑龙江,风电,targeted_capex_grant,0.3455956280231476,0.03415747637754085,45.98940145049251,False
W2475,黑龙江,风电,targeted_capex_grant,0.3455956280231476,0.03415747637754085,45.98940145049251,False
W2482,河北,风电,targeted_capex_grant,0.42574235051870346,0.040642515589789166,42.036743069285365,False
W2488,河北,风电,targeted_capex_grant,0.42574235051870346,0.040642515589789166,42.036743069285365,False
W2495,黑龙江,风电,targeted_capex_grant,0.3455956056714058,0.030058577180720265,40.4706737938531,False
W2497,黑龙江,风电,targeted_capex_grant,0.3455956280231476,0.03415747637754085,45.98940145049251,False
W2504,黑龙江,风电,targeted_capex_grant,0.36942287907004356,0.04326245940412767,53.665894647724315,False
W2507,河北,风电,targeted_capex_grant,0.42574235051870346,0.040642515589789166,42.036743069285365,False
W2515,河北,风电,targeted_capex_grant,0.46999192237854004,0.06417213848775258,57.9749151018142,False
W2524,黑龙江,风电,targeted_capex_grant,0.32514533400535583,0.03107672900327535,45.06300597275242,False
W2525,河北,风电,targeted_capex_grant,0.42574235051870346,0.040642515589789166,42.036743069285365,False
W2553,黑龙江,风电,targeted_capex_grant,0.4112790785729885,0.07463511404548404,80.61147510795159,False
W2567,黑龙江,风电,targeted_capex_grant,0.4353845976293087,0.04221566540171309,42.320831079667904,False
W2577,黑龙江,风电,targeted_capex_grant,0.4505056105554104,0.04174246777717503,39.9836179610713,False
W2590,黑龙江,风电,targeted_capex_grant,0.501608170568943,0.04025465316893411,33.36910259379341,False
W2604,黑龙江,风电,targeted_capex_grant,0.3455956280231476,0.03415747637754085,45.98940145049251,False
W2610,黑龙江,风电,targeted_capex_grant,0.345578882843256,0.032090812100448514,43.2136906382112,False
W2622,黑龙江,风电,targeted_capex_grant,0.3541943095624447,0.03355546769643696,43.777260748426734,False
W2626,黑龙江,风电,targeted_capex_grant,0.3653533086180687,0.04943961841659383,62.1283543449452,False
W2638,黑龙江,风电,targeted_capex_grant,0.3386816829442978,0.04530464107573797,62.50195387967133,False
W2648,黑龙江,风电,targeted_capex_grant,0.3653533086180687,0.04943961841659383,62.1283543449452,False
W2655,黑龙江,风电,targeted_capex_grant,0.32961322739720345,0.04527003162127711,64.5849816300367,False
W2670,黑龙江,风电,targeted_capex_grant,0.5307113863527775,0.04151934627529256,31.27471022766697,False
W2693,黑龙江,风电,targeted_capex_grant,0.3653533086180687,0.04943961841659383,62.1283543449452,False
W2703,黑龙江,风电,targeted_capex_grant,0.3653533086180687,0.04943961841659383,62.1283543449452,False
W2708,黑龙江,风电,targeted_capex_grant,0.3860384114086628,0.052251800439814984,61.26941115297459,False
W2736,黑龙江,风电,targeted_capex_grant,0.3277288116514683,0.030814217482424102,44.286753343584635,False
W2751,黑龙江,风电,targeted_capex_grant,0.32772884145379066,0.031443082260275146,45.19056429031786,False
W2766,黑龙江,风电,targeted_capex_grant,0.327728807926178,0.028927631825922975,41.57531877927895,False
W2780,河北,风电,targeted_capex_grant,0.38133392482995987,0.04506389818156457,53.673138749668205,False
W2781,黑龙江,风电,targeted_capex_grant,0.3860384114086628,0.052251800439814984,61.26941115297459,False
W2786,河北,风电,targeted_capex_grant,0.48977770283818245,0.04629516176786343,39.735166856814295,False
W2790,黑龙江,风电,targeted_capex_grant,0.3860384114086628,0.052251800439814984,61.26941115297459,False
W2792,河北,风电,targeted_capex_grant,0.38133392482995987,0.04506389818156457,53.673138749668205,False
W2797,河北,风电,targeted_capex_grant,0.38133392482995987,0.04506389818156457,53.673138749668205,False
W2803,黑龙江,风电,targeted_capex_grant,0.29818280041217804,0.02674478608064975,43.10297433187421,False
W2813,黑龙江,风电,targeted_capex_grant,0.501608170568943,0.04025465316893411,33.36910259379341,False
W2820,黑龙江,风电,targeted_capex_grant,0.32772884145379066,0.031443082260275146,45.19056429031786,False
W2822,黑龙江,风电,targeted_capex_grant,0.5063361749053001,0.04533325735266389,37.06564677630041,False
W2824,黑龙江,风电,targeted_capex_grant,0.3386816829442978,0.04530464107573797,62.50195387967133,False
W2833,黑龙江,风电,targeted_capex_grant,0.3386816829442978,0.04530464107573797,62.50195387967133,False
W2843,黑龙江,风电,targeted_capex_grant,0.416266530752182,0.070635411987681,75.03409354902088,False
W2845,黑龙江,风电,targeted_capex_grant,0.3653533086180687,0.04943961841659383,62.1283543449452,False
W2869,黑龙江,风电,targeted_capex_grant,0.3770614005625248,0.07178956470972782,86.61764492683278,False
W2877,黑龙江,风电,targeted_capex_grant,0.5168535374104977,0.04079083353470287,32.45064033642456,False
W2902,黑龙江,风电,targeted_capex_grant,0.5850979648530483,0.0437396740764894,28.70749231584131,False
W2907,黑龙江,风电,targeted_capex_grant,0.4576055780053139,0.03919485874108925,36.79545643660214,False
W2911,黑龙江,风电,targeted_capex_grant,0.37364328280091286,0.06156906181272543,75.07088955014092,False
W2919,黑龙江,风电,targeted_capex_grant,0.46142878755927086,0.07048423337170218,65.1428220899846,False
W2924,黑龙江,风电,targeted_capex_grant,0.5063361749053001,0.04533325735266389,37.06564677630041,False
W2934,黑龙江,风电,targeted_capex_grant,0.4041225351393223,0.07496570621842016,82.78777929404794,False
W2966,黑龙江,风电,targeted_capex_grant,0.43251481652259827,0.03920360581028485,39.5271938944981,False
W2967,黑龙江,风电,targeted_capex_grant,0.5932357795536518,0.04510083055877399,29.017374636619294,False
W2970,黑龙江,风电,targeted_capex_grant,0.5850979648530483,0.0437396740764894,28.70749231584131,False
W2972,黑龙江,风电,targeted_capex_grant,0.5932357795536518,0.04510083055877399,29.017374636619294,False
W2975,黑龙江,风电,targeted_capex_grant,0.5932357721030712,0.044198813110037254,28.437027149782512,False
W2978,黑龙江,风电,targeted_capex_grant,0.5932357721030712,0.044198813110037254,28.437027149782512,False
W2979,黑龙江,风电,targeted_capex_grant,0.5932357721030712,0.044198813110037254,28.437027149782512,False
W3240,内蒙古,风电,targeted_capex_grant,0.5942810960114002,0.04301502862120099,27.61408415299714,False
W3243,湖南,风电,targeted_capex_grant,0.34850918129086494,0.028864435213406786,38.37950364601745,False
W3274,内蒙古,风电,targeted_capex_grant,0.4856793209910393,0.06351000810091786,54.69624409956643,False
W3282,内蒙古,风电,targeted_capex_grant,0.5298937745392323,0.07128732742650816,54.460178265761314,False
W3410,湖南,风电,targeted_capex_grant,0.5395014397799969,0.052773852236502806,39.51028672315895,False
W3447,湖南,风电,targeted_capex_grant,0.41845226660370827,0.09392299728325702,99.03575969072759,False
W3449,湖南,风电,targeted_capex_grant,0.5092124864459038,0.05225491532105512,42.43274084771659,False
W3459,湖南,风电,targeted_capex_grant,0.5092124789953232,0.045723048923225776,37.12864739937405,False
W3463,湖南,风电,targeted_capex_grant,0.3394627422094345,0.026589169086926975,36.53473956322609,False
W3983,湖南,风电,targeted_capex_grant,0.49407119676470757,0.03884797726714686,32.8116271923242,False
W4047,内蒙古,风电,targeted_capex_grant,0.3548153340816498,0.051475600829491035,67.14441216331205,False
W4050,内蒙古,风电,targeted_capex_grant,0.4058133400976658,0.04392356130999899,48.31712571041174,False
W4054,内蒙古,风电,targeted_capex_grant,0.4058133400976658,0.04392356130999899,48.31712571041174,False
W4062,内蒙古,风电,targeted_capex_grant,0.3548153340816498,0.051475600829491035,67.14441216331205,False
W4101,内蒙古,风电,targeted_capex_grant,0.3411199226975441,0.03848030905391773,52.610238896921864,False
W4230,内蒙古,风电,targeted_capex_grant,0.3411199226975441,0.0400836554546962,54.80233249329932,False
W4253,内蒙古,风电,targeted_capex_grant,0.3411199226975441,0.0400836554546962,54.80233249329932,False
W4268,内蒙古,风电,targeted_capex_grant,0.3976142965257168,0.05247098369186209,59.13742204157111,False
W4304,内蒙古,风电,targeted_capex_grant,0.3976142965257168,0.05247098369186209,59.13742204157111,False
W4313,内蒙古,风电,targeted_capex_grant,0.3123178109526634,0.03410136667959582,51.96551502560985,False
W4386,内蒙古,风电,targeted_capex_grant,0.4310057535767555,0.037137645719601146,37.75185037250799,False
W4461,内蒙古,风电,targeted_capex_grant,0.495007261633873,0.044646283066097275,37.740864095738154,False
W4475,内蒙古,风电,targeted_capex_grant,0.40603992715477943,0.034737648166224766,38.183841920744094,False
W4484,内蒙古,风电,targeted_capex_grant,0.4330727271735668,0.10998354330141205,110.82695177225239,False
W4505,内蒙古,风电,targeted_capex_grant,0.4788384735584259,0.03976279643144002,35.09762221392214,False
W4510,内蒙古,风电,targeted_capex_grant,0.478838462382555,0.047715354765339876,42.117147165472986,False
W4517,内蒙古,风电,targeted_capex_grant,0.478838462382555,0.047715354765339876,42.117147165472986,False
W4522,内蒙古,风电,targeted_capex_grant,0.4788384586572647,0.04870942433303034,42.99458783329858,False
W4534,内蒙古,风电,targeted_capex_grant,0.3002767935395241,0.023771145295678014,38.17468108025713,False
W4548,内蒙古,风电,targeted_capex_grant,0.36711322888731956,0.04501863103626428,56.17825295124145,False
W4551,内蒙古,风电,targeted_capex_grant,0.4058133400976658,0.04392356130999899,48.31712571041174,False
W4588,内蒙古,风电,targeted_capex_grant,0.47489558532834053,0.039633242914011324,35.47104805845912,False
W4603,内蒙古,风电,targeted_capex_grant,0.37524040043354034,0.10746454109536435,130.28799012848341,False
W4611,内蒙古,风电,targeted_capex_grant,0.44870276749134064,0.06352546529693155,61.115810714407935,False
W4721,内蒙古,风电,targeted_capex_grant,0.594793614000082,0.060929810180039116,39.0608906408137,False
W4736,内蒙古,风电,targeted_capex_grant,0.44870276749134064,0.06352546529693155,61.115810714407935,False
W4753,内蒙古,风电,targeted_capex_grant,0.44870276749134064,0.06352546529693155,61.115810714407935,False
W4783,内蒙古,风电,targeted_capex_grant,0.5303215831518173,0.05799035910073497,44.40774610902978,False
W4791,内蒙古,风电,targeted_capex_grant,0.5303215719759464,0.05917383401438159,45.314026608425564,False
W4807,内蒙古,风电,targeted_capex_grant,0.44752776250243187,0.03329319614607316,32.15268525615688,False
W4808,内蒙古,风电,targeted_capex_grant,0.5303215719759464,0.05917383401438159,45.314026608425564,False
W4814,内蒙古,风电,targeted_capex_grant,0.44752776995301247,0.13121436504745287,126.71940744416304,False
W4815,内蒙古,风电,targeted_capex_grant,0.5303215719759464,0.05917383401438159,45.314026608425564,False
W4832,内蒙古,风电,targeted_capex_grant,0.5303215719759464,0.05917383401438159,45.314026608425564,False
W4837,内蒙古,风电,targeted_capex_grant,0.495007261633873,0.044646283066097275,37.740864095738154,False
W4852,内蒙古,风电,targeted_capex_grant,0.44870276749134064,0.06352546529693155,61.115810714407935,False
W4875,内蒙古,风电,targeted_capex_grant,0.36097681149840355,0.039727112063472396,50.670197392675256,False
W4888,内蒙古,风电,targeted_capex_grant,0.36097681149840355,0.039727112063472396,50.670197392675256,False
W4968,内蒙古,风电,targeted_capex_grant,0.4392501786351204,0.03773104416272131,37.44990078500922,False
W4991,内蒙古,风电,targeted_capex_grant,0.34708327800035477,0.02830113652781619,37.93627991269742,False
W5005,青海,风电,targeted_capex_grant,0.41641172766685486,0.052127524124493584,55.22235967587342,False
W5007,青海,风电,targeted_capex_grant,0.4625005014240742,0.11468842783537539,105.73152052111811,False
W5009,青海,风电,targeted_capex_grant,0.5415330603718758,0.052958716075707984,39.30131025444836,False
W5010,青海,风电,targeted_capex_grant,0.5415330603718758,0.052958716075707984,39.30131025444836,False
W5014,青海,风电,targeted_capex_grant,0.5415330603718758,0.052958716075707984,39.30131025444836,False
W5019,青海,风电,targeted_capex_grant,0.5415330603718758,0.052958716075707984,39.30131025444836,False
W5021,青海,风电,targeted_capex_grant,0.46250051632523537,0.25804897608232746,237.89592374320625,False
W5022,青海,风电,targeted_capex_grant,0.46250051259994507,0.2293768634833914,211.46304168264368,False
W5025,青海,风电,targeted_capex_grant,0.5415330715477467,0.05401789186084076,40.08733637190152,False
W503,甘肃,风电,targeted_capex_grant,0.5450038947165012,0.057136774295216824,41.38216878073994,False
W5035,青海,风电,targeted_capex_grant,0.5796365700662136,0.07989241123400163,53.06798538447763,False
W5112,辽宁,风电,targeted_capex_grant,0.30702000856399536,0.026347053712608398,40.99131544025608,False
W5190,辽宁,风电,targeted_capex_grant,0.48970572650432587,0.03636344879476123,31.399440216130138,False
W5243,辽宁,风电,targeted_capex_grant,0.5481297224760056,0.05162388893618156,37.67998243557901,False
W5305,辽宁,风电,targeted_capex_grant,0.4603155814111233,0.03808926226185247,35.607306389893346,False
W5423,辽宁,风电,targeted_capex_grant,0.5138075836002827,0.040721461363171174,32.913681227572695,False
W5501,山东,风电,targeted_capex_grant,0.30669859424233437,0.02827529353497702,44.054462725839045,False
W5754,青海,风电,targeted_capex_grant,0.46250053122639656,0.1720326559927902,158.59728040404477,False
W5824,吉林,风电,targeted_capex_grant,0.3798194043338299,0.030164549287881037,36.2503712295422,False
W583,甘肃,风电,targeted_capex_grant,0.537811167538166,0.12684058632116346,93.5773471167105,False
W584,甘肃,风电,targeted_capex_grant,0.5378111377358437,0.09513043259912035,70.18301048443712,False
W585,甘肃,风电,targeted_capex_grant,0.5378111377358437,0.09513043259912035,70.18301048443712,False
W5940,青海,风电,targeted_capex_grant,0.5123208947479725,0.10524410906642331,83.06126383131333,False
W5948,吉林,风电,targeted_capex_grant,0.36555350199341774,0.03003022807925307,37.782958031279065,False
W5967,辽宁,风电,targeted_capex_grant,0.35340334847569466,0.03562192856206425,46.61787051467055,False
W6268,山西,风电,targeted_capex_grant,0.44880053400993347,0.03947895713269933,37.985797466591734,False
W6270,山西,风电,targeted_capex_grant,0.5160019472241402,0.05045921961239602,40.17923122016851,False
W6271,山西,风电,targeted_capex_grant,0.44880053400993347,0.03947895713269933,37.985797466591734,False
W629,甘肃,风电,targeted_capex_grant,0.33459988608956337,0.044954959738906564,62.809619620398045,False
W6339,山东,风电,targeted_capex_grant,0.30669859424233437,0.02827529353497702,44.054462725839045,False
W6375,山东,风电,targeted_capex_grant,0.3727771267294884,0.03391287552610096,41.568157589823294,False
W6384,山东,风电,targeted_capex_grant,0.3727771267294884,0.03391287552610096,41.568157589823294,False
W6386,山东,风电,targeted_capex_grant,0.37277713418006897,0.033234619243694835,40.73679493764055,False
W6452,山西,风电,targeted_capex_grant,0.5120414830744267,0.06343994118053786,50.81524531870788,False
W6550,山西,风电,targeted_capex_grant,0.5452622547745705,0.0801148107680807,58.80874261202238,False
W6710,山西,风电,targeted_capex_grant,0.5896946117281914,0.04868840370420222,31.583220568138987,False
W6723,山西,风电,targeted_capex_grant,0.5412210375070572,0.054795265358771106,40.67218690021084,False
W6906,山西,风电,targeted_capex_grant,0.49111248180270195,0.05404328467667133,45.96430800441324,False
W6910,山东,风电,targeted_capex_grant,0.30669859424233437,0.02827529353497702,44.054462725839045,False
W6914,山西,风电,targeted_capex_grant,0.5775896348059177,0.050392516179964326,33.676683603775786,False
W6915,山西,风电,targeted_capex_grant,0.49111248180270195,0.05404328467667133,45.96430800441324,False
W6918,山东,风电,targeted_capex_grant,0.30669859424233437,0.02827529353497702,44.054462725839045,False
W6931,山东,风电,targeted_capex_grant,0.30669859424233437,0.02827529353497702,44.054462725839045,False
W6937,山东,风电,targeted_capex_grant,0.3727771267294884,0.03391287552610096,41.568157589823294,False
W6945,山东,风电,targeted_capex_grant,0.5907046385109425,0.05405684985384575,35.015772892496116,False
W6954,山东,风电,targeted_capex_grant,0.3727771267294884,0.032556360781922665,39.905431645655945,False
W6956,山东,风电,targeted_capex_grant,0.3727771267294884,0.032556360781922665,39.905431645655945,False
W7010,新疆,风电,targeted_capex_grant,0.509784884750843,0.06617858403773234,53.33450909144829,False
W7013,新疆,风电,targeted_capex_grant,0.5097848773002625,0.06584933646384741,53.0691636500371,False
W7016,新疆,风电,targeted_capex_grant,0.5097848773002625,0.06584933646384741,53.0691636500371,False
W7058,山西,风电,targeted_capex_grant,0.5897717587649822,0.04763257960618285,30.896813551527906,False
W7080,山西,风电,targeted_capex_grant,0.4123057685792446,0.03242416535415031,34.76321848352484,False
W7118,山西,风电,targeted_capex_grant,0.5896945893764496,0.06955485818212445,45.118886127532754,False
W7124,山西,风电,targeted_capex_grant,0.5099007450044155,0.04511072104369244,36.461331020158454,False
W7125,山西,风电,targeted_capex_grant,0.5099007450044155,0.04511072104369244,36.461331020158454,False
W7127,山西,风电,targeted_capex_grant,0.5099007450044155,0.04511072104369244,36.461331020158454,False
W7194,新疆,风电,targeted_capex_grant,0.5866471752524376,0.06819854486445659,44.5779158115187,False
W7196,山西,风电,targeted_capex_grant,0.5099007450044155,0.04511072104369244,36.461331020158454,False
W7208,新疆,风电,targeted_capex_grant,0.5356461070477962,0.05184935751585127,38.54788163742956,False
W7213,新疆,风电,targeted_capex_grant,0.4110470823943615,0.05347523155276466,57.83845245422022,False
W7224,新疆,风电,targeted_capex_grant,0.4067062437534332,0.15533140335528953,169.74960673611704,False
W7233,新疆,风电,targeted_capex_grant,0.44660235196352005,0.050644770774732305,49.12520503751835,False
W7243,新疆,风电,targeted_capex_grant,0.44660235196352005,0.050644770774732305,49.12520503751835,False
W7245,新疆,风电,targeted_capex_grant,0.570686798542738,0.06102185019670266,41.50340291957878,False
W7248,山西,风电,targeted_capex_grant,0.445112656801939,0.10084702382686699,97.94563900021964,False
W7253,山西,风电,targeted_capex_grant,0.4999137632548809,0.05578037762609649,46.30021958604415,False
W7256,新疆,风电,targeted_capex_grant,0.4110470823943615,0.05347523155276466,57.83845245422022,False
W7258,新疆,风电,targeted_capex_grant,0.4110470823943615,0.05347523155276466,57.83845245422022,False
W7260,山西,风电,targeted_capex_grant,0.4451126605272293,0.050423512674221786,48.97281967912504,False
W7268,新疆,风电,targeted_capex_grant,0.47387620434165,0.05232493218450252,46.8939002627183,False
W7269,山西,风电,targeted_capex_grant,0.5173437744379044,0.05427546243364696,42.97019518930135,False
W7273,新疆,风电,targeted_capex_grant,0.520890299230814,0.07458254932237274,57.62637278500513,False
W7276,新疆,风电,targeted_capex_grant,0.4110470823943615,0.05347523155276466,57.83845245422022,False
W7277,山西,风电,targeted_capex_grant,0.44880053400993347,0.03947895713269933,37.985797466591734,False
W7285,新疆,风电,targeted_capex_grant,0.4110470823943615,0.05347523155276466,57.83845245422022,False
W7287,新疆,风电,targeted_capex_grant,0.5949216037988663,0.08935043701497351,57.238216674373284,False
W7371,山西,风电,targeted_capex_grant,0.44880057498812675,0.03789980337494423,36.46636557114055,False
W7380,新疆,风电,targeted_capex_grant,0.44660235196352005,0.050644770774732305,49.12520503751835,False
W7381,新疆,风电,targeted_capex_grant,0.5949216075241566,0.04467521854406101,28.619108110262417,False
W7382,山西,风电,targeted_capex_grant,0.49111248180270195,0.05404328467667133,45.96430800441324,False
W7383,新疆,风电,targeted_capex_grant,0.47387620434165,0.05232493218450252,46.8939002627183,False
W7399,新疆,风电,targeted_capex_grant,0.44660235196352005,0.050644770774732305,49.12520503751835,False
W7408,山西,风电,targeted_capex_grant,0.4451126791536808,0.10034279396779971,97.4559095000328,False
W7410,新疆,风电,targeted_capex_grant,0.5359302721917629,0.04539659257789393,34.149407834292624,False
W7421,新疆,风电,targeted_capex_grant,0.47911378368735313,0.059181601931771216,52.109458571329014,False
W7422,新疆,风电,targeted_capex_grant,0.5949215739965439,0.045568719944607865,29.191490696930842,False
W7424,新疆,风电,targeted_capex_grant,0.44660235196352005,0.050644770774732305,49.12520503751835,False
W7431,新疆,风电,targeted_capex_grant,0.44660235196352005,0.050644770774732305,49.12520503751835,False
W7438,新疆,风电,targeted_capex_grant,0.5949215814471245,0.0884569282071958,56.6658347668967,False
W7447,新疆,风电,targeted_capex_grant,0.44660235196352005,0.050644770774732305,49.12520503751835,False
W7460,新疆,风电,targeted_capex_grant,0.44660235196352005,0.050644770774732305,49.12520503751835,False
W7468,新疆,风电,targeted_capex_grant,0.44660235196352005,0.050644770774732305,49.12520503751835,False
W7470,新疆,风电,targeted_capex_grant,0.3832454979419708,0.05592343502081756,65.9447218621167,False
W7474,山西,风电,targeted_capex_grant,0.42917700111866,0.035149337821581715,35.845066966462646,False
W7477,新疆,风电,targeted_capex_grant,0.44660235196352005,0.050644770774732305,49.12520503751835,False
W7480,新疆,风电,targeted_capex_grant,0.44660235196352005,0.050644770774732305,49.12520503751835,False
W7487,新疆,风电,targeted_capex_grant,0.44660235196352005,0.050644770774732305,49.12520503751835,False
W7492,山西,风电,targeted_capex_grant,0.41230570152401924,0.0432322110828987,46.35095749398111,False
W7495,新疆,风电,targeted_capex_grant,0.44660235196352005,0.050644770774732305,49.12520503751835,False
W7508,新疆,风电,targeted_capex_grant,0.44660235196352005,0.050644770774732305,49.12520503751835,False
W7514,山西,风电,targeted_capex_grant,0.4191804453730583,0.03594260950263795,37.82554351657563,False
W7515,山西,风电,targeted_capex_grant,0.5099007673561573,0.044659616363011904,36.09671753831368,False
W7516,新疆,风电,targeted_capex_grant,0.44660235196352005,0.050644770774732305,49.12520503751835,False
W7520,山西,风电,targeted_capex_grant,0.4191804453730583,0.03594260950263795,37.82554351657563,False
W7521,山西,风电,targeted_capex_grant,0.4451126605272293,0.050423512674221786,48.97281967912504,False
W7522,新疆,风电,targeted_capex_grant,0.44660235196352005,0.050644770774732305,49.12520503751835,False
W7535,山西,风电,targeted_capex_grant,0.41918040066957474,0.04478448586333363,47.1306277625002,False
W7545,新疆,风电,targeted_capex_grant,0.44660235196352005,0.050644770774732305,49.12520503751835,False
W7546,新疆,风电,targeted_capex_grant,0.5251968316733837,0.04088154785355059,31.23101482485234,False
W7552,新疆,风电,targeted_capex_grant,0.5949216037988663,0.08935043701497351,57.238216674373284,False
W7559,新疆,风电,targeted_capex_grant,0.520890299230814,0.05565861819293253,43.00475523613103,False
W7560,新疆,风电,targeted_capex_grant,0.44660235196352005,0.050644770774732305,49.12520503751835,False
W7567,新疆,风电,targeted_capex_grant,0.570686798542738,0.1627249303064305,110.67573858994973,False
W7568,新疆,风电,targeted_capex_grant,0.44660235196352005,0.050644770774732305,49.12520503751835,False
W7571,山西,风电,targeted_capex_grant,0.5896946229040623,0.057962386150314404,37.59907158911162,False
W7578,新疆,风电,targeted_capex_grant,0.44660235196352005,0.050644770774732305,49.12520503751835,False
W7592,新疆,风电,targeted_capex_grant,0.44660235196352005,0.050644770774732305,49.12520503751835,False
W7600,新疆,风电,targeted_capex_grant,0.4110470823943615,0.05347523155276466,57.83845245422022,False
W7603,山西,风电,targeted_capex_grant,0.5277398228645325,0.04113988021130666,31.702009678155868,False
W7606,新疆,风电,targeted_capex_grant,0.4110470823943615,0.05347523155276466,57.83845245422022,False
W7611,山西,风电,targeted_capex_grant,0.5277398228645325,0.04113988021130666,31.702009678155868,False
W7626,山西,风电,targeted_capex_grant,0.5277398340404034,0.056361637553198396,43.431753297700354,False
W7639,山西,风电,targeted_capex_grant,0.5277398228645325,0.05759583214932394,44.38281346372743,False
W7661,山西,风电,targeted_capex_grant,0.5277398228645325,0.04113988021130666,31.702009678155868,False
W7664,新疆,风电,targeted_capex_grant,0.38939040899276733,0.029016126515057472,33.56357196967208,False
W7672,新疆,风电,targeted_capex_grant,0.5788866952061653,0.07947129327287498,52.95807048700712,False
W7680,新疆,风电,targeted_capex_grant,0.5788866579532623,0.08027402719133017,53.4930010908584,False
W7683,新疆,风电,targeted_capex_grant,0.44660235196352005,0.050644770774732305,49.12520503751835,False
W7693,山西,风电,targeted_capex_grant,0.4544830471277237,0.04462946313951026,42.17054276671065,False
W7700,山西,风电,targeted_capex_grant,0.4544830471277237,0.04462946313951026,42.17054276671065,False
W7725,新疆,风电,targeted_capex_grant,0.5447380430996418,0.10603025171838458,76.99476601572175,False
W7727,新疆,风电,targeted_capex_grant,0.5097848773002625,0.06584933646384741,53.0691636500371,False
W7735,新疆,风电,targeted_capex_grant,0.4416492208838463,0.06500404458485276,63.675447329489465,False
W7754,山西,风电,targeted_capex_grant,0.5277398228645325,0.04113988021130666,31.702009678155868,False
W7757,新疆,风电,targeted_capex_grant,0.5359302721917629,0.04539659257789393,34.149407834292624,False
W7776,新疆,风电,targeted_capex_grant,0.5097848773002625,0.06584933646384741,53.0691636500371,False
W7784,新疆,风电,targeted_capex_grant,0.4416492357850075,0.1950121385001016,191.02633795401738,False
W7787,新疆,风电,targeted_capex_grant,0.4416492357850075,0.09750606924731882,95.51316909892614,False
W7788,山西,风电,targeted_capex_grant,0.5412210635840893,0.08219290595393595,61.00828207090992,False
W7789,山西,风电,targeted_capex_grant,0.5099007450044155,0.04511072104369244,36.461331020158454,False
W7794,山西,风电,targeted_capex_grant,0.49111248180270195,0.05404328467667133,45.96430800441324,False
W7799,山西,风电,targeted_capex_grant,0.5099007450044155,0.04511072104369244,36.461331020158454,False
W7804,新疆,风电,targeted_capex_grant,0.4660039059817791,0.05848626698013171,53.48673452935113,False
W7806,新疆,风电,targeted_capex_grant,0.4416492208838463,0.06500404458485276,63.675447329489465,False
W7812,山西,风电,targeted_capex_grant,0.5099007450044155,0.04511072104369244,36.461331020158454,False
W7816,新疆,风电,targeted_capex_grant,0.4416492208838463,0.06500404458485276,63.675447329489465,False
W7828,新疆,风电,targeted_capex_grant,0.47387620434165,0.05232493218450252,46.8939002627183,False
W7838,山西,风电,targeted_capex_grant,0.5099007450044155,0.04511072104369244,36.461331020158454,False
W7844,新疆,风电,targeted_capex_grant,0.509784884750843,0.06617858403773234,53.33450909144829,False
W7846,山西,风电,targeted_capex_grant,0.5896946117281914,0.055643890600488105,36.09510962022983,False
W7850,山西,风电,targeted_capex_grant,0.5099007673561573,0.044659616363011904,36.09671753831368,False
W7851,新疆,风电,targeted_capex_grant,0.5097848773002625,0.06584933646384741,53.0691636500371,False
W7852,山西,风电,targeted_capex_grant,0.5099007450044155,0.04511072104369244,36.461331020158454,False
W7865,新疆,风电,targeted_capex_grant,0.5866471789777279,0.13639709124379207,89.15583188092852,False
W7877,山西,风电,targeted_capex_grant,0.5099007450044155,0.04511072104369244,36.461331020158454,False
W7883,新疆,风电,targeted_capex_grant,0.49408625438809395,0.05578733124237718,47.13762624678508,False
W7884,山西,风电,targeted_capex_grant,0.5099007450044155,0.04511072104369244,36.461331020158454,False
W7890,新疆,风电,targeted_capex_grant,0.4657004624605179,0.036174408172806094,33.10075817498212,False
W7927,新疆,风电,targeted_capex_grant,0.49408625438809395,0.05578733124237718,47.13762624678508,False
W7935,山西,风电,targeted_capex_grant,0.5099007450044155,0.04511072104369244,36.461331020158454,False
W7941,山西,风电,targeted_capex_grant,0.5099007450044155,0.04511072104369244,36.461331020158454,False
W7948,山西,风电,targeted_capex_grant,0.4451126605272293,0.050423512674221786,48.97281967912504,False
W7953,山西,风电,targeted_capex_grant,0.5099007450044155,0.04511072104369244,36.461331020158454,False
W7958,山西,风电,targeted_capex_grant,0.4451126605272293,0.050423512674221786,48.97281967912504,False
W7978,山西,风电,targeted_capex_grant,0.5099007450044155,0.04511072104369244,36.461331020158454,False
W8000,新疆,风电,targeted_capex_grant,0.5097848773002625,0.06584933646384741,53.0691636500371,False
W8045,云南,风电,targeted_capex_grant,0.4478990025818348,0.07636506484567111,73.63801423503195,False
W8050,云南,风电,targeted_capex_grant,0.4478989914059639,0.05874235561530073,56.64462628581074,False
W8096,云南,风电,targeted_capex_grant,0.5454795360565186,0.11034694380365218,79.99135730584567,False
W8098,云南,风电,targeted_capex_grant,0.5454795360565186,0.11034694380365218,79.99135730584567,False
W8111,云南,风电,targeted_capex_grant,0.4699018746614456,0.04441847815841515,40.037724401323054,False
W8113,云南,风电,targeted_capex_grant,0.5708243139088154,0.044854345624318205,30.498427062882488,False
W8153,云南,风电,targeted_capex_grant,0.545479454100132,0.07698622412346147,55.80792409244781,False
W8162,云南,风电,targeted_capex_grant,0.5454794690012932,0.1539724528011661,111.61584702997995,False
W8182,云南,风电,targeted_capex_grant,0.5625390447676182,0.06421364806194954,44.5807372937663,False
W8214,云南,风电,targeted_capex_grant,0.4922919012606144,0.0397570153004156,33.75200692469911,False
W912,甘肃,风电,targeted_capex_grant,0.47929613292217255,0.04416929136691575,38.7872143507051,False
W922,甘肃,风电,targeted_capex_grant,0.47929613292217255,0.04416929136691575,38.7872143507051,False
W925,甘肃,风电,targeted_capex_grant,0.41975218430161476,0.10405095671877489,108.88222174970903,False
W994,甘肃,风电,targeted_capex_grant,0.47929613292217255,0.04416929136691575,38.7872143507051,False
