ObjectId,resource_branch,low_return_entry,optimized_h2_t_per_year
1,curtailment_only,False,5.022842417951118
10,curtailment_only,False,10.601411698978527
1000,curtailment_only,False,5.465604289210401
10001,curtailment_only,False,2.8421874846175585
10005,curtailment_only,False,0.009164292894462
1001,curtailment_only,False,3.337491090705523
10013,curtailment_only,False,0.0076369100078424
10015,curtailment_only,False,0.0127964780310021
1002,curtailment_only,False,16.729006058656488
10020,curtailment_only,False,6.709103379612159
10021,curtailment_only,False,6.56757114888868
10022,curtailment_only,False,0.0
10023,curtailment_only,False,0.0
10025,curtailment_only,False,0.0
10027,curtailment_only,False,0.0
1003,curtailment_only,False,16.729006058656488
10030,curtailment_only,True,43.439577433667566
10031,curtailment_only,True,72.86001729111752
10033,curtailment_only,False,20.260898596284854
10034,curtailment_only,False,0.0090384336052445
10036,curtailment_only,False,0.005424456695931
10040,curtailment_only,False,0.8568865298124088
10041,curtailment_only,False,0.0945624354725862
10045,curtailment_only,False,3.260447724804058
10048,curtailment_only,False,0.0070140866515633
10049,curtailment_only,False,4.378528439392996
1005,curtailment_only,False,18.013724904235342
10050,curtailment_only,False,0.6214676257027496
10051,curtailment_only,False,0.0069865823027068
10052,curtailment_only,False,13.694090292385646
10053,curtailment_only,False,3.822249362305975
10054,curtailment_only,False,2.1873374856936567
1006,curtailment_only,False,10.803579463732213
10062,curtailment_only,False,0.0054442896640026
10065,curtailment_only,False,0.0103167022538774
10066,curtailment_only,False,4.50577602969739
10068,curtailment_only,False,0.0063364659311223
10069,curtailment_only,False,0.0025885106132264
1007,curtailment_only,False,10.725002297663933
10070,curtailment_only,False,4.877103219556256
10071,curtailment_only,False,0.005332377241524
10075,curtailment_only,False,2.272183407027013
10076,curtailment_only,False,13.132317419526334
10077,curtailment_only,True,67.02822375096875
10078,curtailment_only,False,11.197131438974344
10079,curtailment_only,False,8.591679643951077
10080,curtailment_only,False,6.715366626445452
10081,curtailment_only,False,14.118274615490442
10082,curtailment_only,False,19.59080729308369
10083,curtailment_only,False,9.044030920436136
10084,curtailment_only,False,7.841225598953614
10085,curtailment_only,False,0.0189773483177406
1010,curtailment_only,False,14.04737288325785
10103,curtailment_only,False,1.9244008527199423
10105,curtailment_only,False,0.0
10106,curtailment_only,False,7.810992280509385
1011,curtailment_only,False,10.802928125107655
10110,curtailment_only,False,0.0041220803647752
10111,curtailment_only,False,0.0
10112,curtailment_only,False,0.0054954378527598
10113,curtailment_only,False,0.0072907492058127
10119,curtailment_only,False,0.0064356359232581
10120,curtailment_only,False,0.0016113372306217
10125,curtailment_only,False,0.0427281758303143
10128,curtailment_only,False,0.2254074074345182
10129,curtailment_only,False,0.0021570935253567
10132,curtailment_only,False,0.4089153503971344
10133,curtailment_only,False,0.0
10135,curtailment_only,False,0.0119204007835014
10137,curtailment_only,False,0.0064712774539636
1014,curtailment_only,False,15.666476378173073
10140,curtailment_only,False,1.7201732285788227
10142,curtailment_only,False,2.5142538284606406
10143,curtailment_only,False,0.0
10144,curtailment_only,False,0.0045538836040959
10145,curtailment_only,False,16.662876167930172
10148,curtailment_only,False,1.7201732285788227
10152,curtailment_only,False,0.0113362186178915
10153,curtailment_only,False,0.0054669794187557
10159,curtailment_only,False,7.216561921746758
1016,curtailment_only,False,13.95255913140166
10160,curtailment_only,False,13.123957581085518
10163,curtailment_only,False,2.2299990694438185
10164,curtailment_only,False,0.0999825318075424
10165,curtailment_only,False,11.334662185412911
10166,curtailment_only,False,2.7361960628185837
10167,curtailment_only,False,0.0
1017,curtailment_only,False,13.95255913140166
10171,curtailment_only,False,6.353409730424534
10173,curtailment_only,False,20.617605798129755
10174,curtailment_only,False,0.2956783642355131
10175,curtailment_only,False,21.29741663567671
10176,curtailment_only,False,1.62736658216405
10180,curtailment_only,False,3.868061370979808
10186,curtailment_only,False,0.0073841997662737
10188,curtailment_only,False,0.0055599312441503
10189,curtailment_only,False,0.0068796056743029
10190,curtailment_only,False,2.5535459512083527
102,curtailment_only,False,26.5485850501391
1020,curtailment_only,False,17.01327404805378
10203,curtailment_only,False,2.4682373180312527
10207,curtailment_only,False,14.776185784418912
10209,curtailment_only,False,3.553413687807258
1021,curtailment_only,False,14.899275428918516
10210,curtailment_only,False,2.487694724747194
10211,curtailment_only,False,18.75772945450129
10213,curtailment_only,False,0.162744317342776
10216,curtailment_only,False,0.0
1022,curtailment_only,False,15.806648787979256
10221,curtailment_only,False,0.0
10226,curtailment_only,False,0.0
10227,curtailment_only,True,102.35033224850332
10228,curtailment_only,False,1.3838985309609493
10229,curtailment_only,False,0.0037195395802068
1023,curtailment_only,False,10.852987190943066
10233,curtailment_only,False,0.0070464247335537
10238,curtailment_only,False,10.741161115939228
1024,curtailment_only,False,16.85478258978344
10241,curtailment_only,False,9.465326098151966
10242,curtailment_only,False,7.0865008727042325
10245,curtailment_only,False,7.859177662780522
10247,curtailment_only,False,0.0
1025,curtailment_only,False,15.82411207389793
10252,curtailment_only,False,22.5495341601935
10253,curtailment_only,False,0.0055791275091474
10256,curtailment_only,False,0.0
10259,curtailment_only,False,13.23473407326803
10264,curtailment_only,False,3.5971887051989637
10266,curtailment_only,False,9.923216304880675
10269,curtailment_only,False,24.32425055502592
1027,curtailment_only,False,13.644574093887378
10271,curtailment_only,False,19.843302751854186
10276,curtailment_only,False,0.0
10277,curtailment_only,False,25.3373861263642
1028,curtailment_only,False,16.14751968627391
10281,curtailment_only,False,0.0092333415646127
10285,curtailment_only,False,0.0
10286,curtailment_only,False,0.0
1029,curtailment_only,False,16.733610149869342
10295,curtailment_only,False,0.0
10297,curtailment_only,False,0.0
10299,curtailment_only,False,0.0
103,curtailment_only,False,25.523848518465435
10300,curtailment_only,False,8.496036671242235
10301,curtailment_only,False,0.2902908934693425
10302,curtailment_only,False,0.0
10307,curtailment_only,False,0.0
10310,curtailment_only,False,0.0
10311,curtailment_only,False,0.0
10312,curtailment_only,False,0.0532807267830387
10313,curtailment_only,False,0.017733248497342
10314,curtailment_only,False,0.0150009132013948
10316,curtailment_only,False,6.691977690866214
10317,curtailment_only,False,14.94205892515417
10318,curtailment_only,False,13.621427887480593
10319,curtailment_only,False,12.718835605128662
10321,curtailment_only,False,11.924186497977836
10322,curtailment_only,False,14.411744861011142
10323,curtailment_only,False,14.071482481995911
10324,curtailment_only,False,0.4552803789687238
10325,curtailment_only,False,0.0158984824196979
10326,curtailment_only,False,14.94205892515417
10327,curtailment_only,False,12.718835605128662
10329,curtailment_only,False,14.94205892515417
10330,curtailment_only,False,12.935786189422236
10331,curtailment_only,False,13.678463904695308
10332,curtailment_only,False,13.678463904695308
10333,curtailment_only,False,13.621427887480593
10341,curtailment_only,False,3.7616282699186607
10342,curtailment_only,False,0.0096240601690788
10343,curtailment_only,False,0.0061433934985827
10345,curtailment_only,False,0.0149537774246981
10346,curtailment_only,False,0.0349663066385396
10347,curtailment_only,False,6.0425887919391545
10351,curtailment_only,False,0.002379082271284
10352,curtailment_only,False,3.7253000331223034
10353,curtailment_only,False,0.0
10354,curtailment_only,False,0.0
10357,curtailment_only,False,0.2323700988218725
10358,curtailment_only,False,0.0
10359,curtailment_only,False,2.0820738693388385
10361,curtailment_only,False,2.9886058151719515
10362,curtailment_only,False,6.53167033193592
10364,curtailment_only,False,3.7997633822004033
10365,curtailment_only,False,0.0110567981154517
10366,curtailment_only,False,0.0463443340262905
10367,curtailment_only,False,0.0460633762705987
10369,curtailment_only,False,0.3093173746205387
1037,curtailment_only,False,12.922951496066393
10374,curtailment_only,False,2.0658143308854657
10377,curtailment_only,False,1.4979362003915595
1038,curtailment_only,False,17.40440767885545
10380,curtailment_only,False,20.81051150947941
10382,curtailment_only,False,18.99287847494389
10384,curtailment_only,False,21.701403850711262
10385,curtailment_only,False,0.0054557735986459
10386,curtailment_only,False,3.9441639035972815
10388,curtailment_only,False,0.0
1039,curtailment_only,False,16.08009969685987
10390,curtailment_only,False,0.0045649806516686
10391,curtailment_only,False,12.26847329724745
10394,curtailment_only,False,0.0
10398,curtailment_only,False,0.0
10399,curtailment_only,False,5.331582606645795
104,curtailment_only,False,26.315020404901063
10403,curtailment_only,False,0.0
10404,curtailment_only,False,2.808895468581032
10408,curtailment_only,False,6.263350751438845
1041,curtailment_only,False,9.545664925396366
10414,curtailment_only,False,0.0060452018615206
10417,curtailment_only,False,0.0
10419,curtailment_only,False,0.0671559547936393
1042,curtailment_only,False,9.631160302651192
10420,curtailment_only,False,0.0024799843761122
10427,curtailment_only,False,0.0072604867251672
1043,curtailment_only,False,16.311361123045334
10436,curtailment_only,False,0.0
10437,curtailment_only,False,0.0122209837728311
10441,curtailment_only,False,0.0108907290411586
10444,curtailment_only,False,9.990479715755022
10446,curtailment_only,False,1.8846397563424595
10448,curtailment_only,False,0.0133922383241887
1045,curtailment_only,False,16.311361123045334
10451,curtailment_only,False,0.0089219731303732
10452,curtailment_only,False,0.4438821896292449
10454,curtailment_only,False,0.010783222383269
10459,curtailment_only,False,0.3257542933784596
1046,curtailment_only,False,13.373340892227118
10466,curtailment_only,False,0.3257542933784596
10470,curtailment_only,False,4.587484042522061
10472,curtailment_only,False,0.0
10476,curtailment_only,False,0.0070877848690373
1048,curtailment_only,False,13.412294313025038
105,curtailment_only,False,25.6362500895784
1050,curtailment_only,False,14.365917426128824
10501,curtailment_only,False,0.0051971667993062
10506,curtailment_only,False,0.0
10509,curtailment_only,False,0.0
10514,curtailment_only,False,0.0019798730132885
1053,curtailment_only,False,18.40518083796829
10533,curtailment_only,False,0.0135462320336025
10539,curtailment_only,False,0.0
1054,curtailment_only,False,11.683757449100185
10546,curtailment_only,False,0.0
10547,curtailment_only,False,0.1266048333047777
10553,curtailment_only,False,0.0093140813997602
10559,curtailment_only,False,0.0080539476435584
1056,curtailment_only,False,16.579006731204007
10562,curtailment_only,False,6.787501998190955
10566,curtailment_only,False,5.5011292870465045
10575,curtailment_only,False,0.0351153335753162
10578,curtailment_only,False,2.0205969589054558
1058,curtailment_only,False,12.202492598096145
10580,curtailment_only,False,0.9657077397913368
10581,curtailment_only,False,14.286851553507065
10582,curtailment_only,False,0.0
10587,curtailment_only,False,0.0113657478562385
10588,curtailment_only,False,0.1227268330838385
10589,curtailment_only,False,0.0142834837442848
1059,curtailment_only,False,15.013171205503756
10593,curtailment_only,False,5.571738658413541
10597,curtailment_only,False,0.0014626384075476
10599,curtailment_only,False,0.005527594939622
106,curtailment_only,False,27.41767719424445
1060,curtailment_only,False,10.28173989482116
10602,curtailment_only,False,0.0
10604,curtailment_only,False,0.0015845240319669
10606,curtailment_only,False,12.057667945816869
10607,curtailment_only,False,2.843632167344768
1061,curtailment_only,False,16.784975412167032
10616,curtailment_only,False,0.0041652551977224
1062,curtailment_only,False,8.621113309534888
10623,curtailment_only,False,0.5112857843826737
10625,curtailment_only,False,1.2008658963092833
10626,curtailment_only,False,0.0
1063,curtailment_only,False,13.859605242004363
10633,curtailment_only,False,0.0048278275468683
1064,curtailment_only,False,13.651230284344791
10641,curtailment_only,False,0.595045412767104
10643,curtailment_only,False,2.279651139971011
10648,curtailment_only,False,0.0029880146099705
10649,curtailment_only,False,0.0042603587206296
1065,curtailment_only,False,9.504719327893415
10650,curtailment_only,False,0.1662891787214668
10651,curtailment_only,False,7.10950832375076
10655,curtailment_only,False,0.0110750767505755
10658,curtailment_only,False,5.7036559232687605
1066,curtailment_only,False,18.4473778785022
10664,curtailment_only,False,5.293129237197684
10665,curtailment_only,False,5.987187336939921
10666,curtailment_only,False,2.90090556080505
10667,curtailment_only,False,0.0112448718602232
10668,curtailment_only,False,0.0018782220847404
10671,curtailment_only,False,2.013028163982284
10676,curtailment_only,False,0.8443887955393854
10679,curtailment_only,True,56.55511612423202
10683,curtailment_only,False,17.374882823750966
10685,curtailment_only,False,0.222562273450408
10686,curtailment_only,False,0.0
10687,curtailment_only,False,21.62393499866676
10688,curtailment_only,False,3.422959969869284
10691,curtailment_only,False,0.0015988217363389
10693,curtailment_only,False,2.629979276243723
10694,curtailment_only,False,0.0060337243782369
10695,curtailment_only,False,0.0
10697,curtailment_only,False,0.011152626097304
107,curtailment_only,False,26.83335313179355
10702,curtailment_only,False,5.662522434526966
10703,curtailment_only,False,0.0
10704,curtailment_only,False,0.0089853100062295
10706,curtailment_only,False,23.5527404073475
10708,curtailment_only,False,2.823781048190533
10709,curtailment_only,False,0.0
10710,curtailment_only,False,4.558200268079093
10711,curtailment_only,False,7.295210178856101
10714,curtailment_only,False,24.02765727677052
10718,curtailment_only,False,0.6967082987925736
1072,curtailment_only,False,16.76695154726146
10720,curtailment_only,False,0.0
10722,curtailment_only,False,0.4978216965869425
10725,curtailment_only,False,0.0
10726,curtailment_only,False,0.0054422816167376
10728,curtailment_only,False,0.0036111256698206
10729,curtailment_only,False,0.1211173361642363
10732,curtailment_only,False,1.4137154901341724
10733,curtailment_only,False,0.0066696597170086
10734,curtailment_only,False,14.229463379016138
1074,curtailment_only,False,11.70676510362755
10740,curtailment_only,False,0.0019866519606355
1075,curtailment_only,False,17.001895231470385
10755,curtailment_only,False,0.0
10757,curtailment_only,False,0.0807655134948429
10761,curtailment_only,False,9.82355957141706
10762,curtailment_only,False,0.0
10767,curtailment_only,False,0.0050410096116657
10768,curtailment_only,False,0.6760798083946619
10772,curtailment_only,False,10.777650621242424
10778,curtailment_only,False,0.0062503082109071
10779,curtailment_only,False,0.0
1078,curtailment_only,False,11.960425800628729
10781,curtailment_only,False,0.0079477496081807
10782,curtailment_only,False,0.0095332109753332
10783,curtailment_only,False,0.0
10796,curtailment_only,False,0.0016208479696051
10799,curtailment_only,False,13.685580608936265
108,curtailment_only,False,26.83335313179355
10802,curtailment_only,False,0.0
10805,curtailment_only,False,0.1986508049951179
10806,curtailment_only,False,6.01929375029421
10807,curtailment_only,False,0.0037397234957957
10808,curtailment_only,False,0.0171792405070599
10811,curtailment_only,False,0.5354994961288779
10813,curtailment_only,False,0.0062132586290133
10818,curtailment_only,False,0.0111018683992116
1082,curtailment_only,False,11.960425800628729
10821,curtailment_only,False,14.382636307925592
10826,curtailment_only,False,0.0072786952201818
10829,curtailment_only,False,1.6859636044698176
10835,curtailment_only,False,8.243995192044647
10841,curtailment_only,False,0.0066231246947084
10844,curtailment_only,False,1.9999420845015816
10846,curtailment_only,False,8.155333179265657
10849,curtailment_only,False,2.080413521884067
10852,curtailment_only,False,15.185636410902257
10854,curtailment_only,True,80.97120158004145
10859,curtailment_only,False,8.155333179265657
1086,curtailment_only,False,11.27093805948854
10862,curtailment_only,False,11.654945126015194
10866,curtailment_only,False,0.009454953213377
10867,curtailment_only,False,1.342314165673558
10868,curtailment_only,False,0.4339239806264446
10871,curtailment_only,False,3.0635005589984283
10873,curtailment_only,False,2.1095931442741405
10880,curtailment_only,False,0.0027005041714374
10882,curtailment_only,False,15.023473542198875
10885,curtailment_only,False,0.2095243991049147
10892,curtailment_only,False,8.638561818709103
10894,curtailment_only,False,0.0
10895,curtailment_only,False,10.57288394175912
10896,curtailment_only,False,6.374646737820492
10897,curtailment_only,False,0.0012591098735618
10898,curtailment_only,False,2.217055898697509
109,curtailment_only,False,25.6362500895784
10900,curtailment_only,False,8.263068992063253
10907,curtailment_only,False,0.8713067350382009
10911,curtailment_only,False,9.734340157498162
10914,curtailment_only,False,0.0040291516029103
10916,curtailment_only,False,5.653597136142567
10917,curtailment_only,False,6.793004901996509
10919,curtailment_only,False,0.0770428835914383
10921,curtailment_only,False,0.0055675748537956
10923,curtailment_only,False,1.7176517005090486
10924,curtailment_only,False,0.023795253892172
10925,curtailment_only,False,6.313276658454693
10930,curtailment_only,False,0.1924088229077375
10931,curtailment_only,False,0.0028959527063809
10934,curtailment_only,False,0.002281127740357
10939,curtailment_only,False,0.0012672931882216
10940,curtailment_only,False,0.0021643299799869
10941,curtailment_only,False,0.8429781551891191
10944,curtailment_only,False,0.8203974204483357
10945,curtailment_only,False,0.0029147743356654
1095,curtailment_only,False,13.622979097877185
10956,curtailment_only,True,35.22507441419636
1096,curtailment_only,False,14.654515937050904
10966,curtailment_only,False,0.4277339986201476
1097,curtailment_only,False,14.123374834262323
10974,curtailment_only,False,0.0123924080150291
10975,curtailment_only,False,0.0031033768621484
10980,curtailment_only,False,0.0535856071578302
10987,curtailment_only,False,0.2472307282466536
1099,curtailment_only,False,12.404563996064738
10990,curtailment_only,False,0.2323700988218725
10992,curtailment_only,False,0.885516743003331
10994,curtailment_only,False,0.3178021653432257
10995,curtailment_only,False,0.0040220416535151
110,curtailment_only,False,25.642998078159117
1100,curtailment_only,False,18.35016012846508
11000,curtailment_only,False,6.547547632235797
11001,curtailment_only,False,5.653099073421451
11003,curtailment_only,False,0.0032555844118378
11008,curtailment_only,True,38.21913335222619
11009,curtailment_only,False,2.6890739125396945
1101,curtailment_only,False,16.82799538468315
11011,curtailment_only,False,0.0
11013,curtailment_only,False,1.4317838338605873
11014,curtailment_only,False,0.0089493545716528
11016,curtailment_only,False,23.107305896010068
11019,curtailment_only,False,21.11791369404125
11021,curtailment_only,False,0.1129561807733243
11022,curtailment_only,False,23.107305896010068
11024,curtailment_only,False,2.2195365240790745
11027,curtailment_only,False,6.3497449564540425
11028,curtailment_only,False,17.55636662267281
11029,curtailment_only,False,0.0357975588926124
11034,curtailment_only,False,0.0110508612326705
11038,curtailment_only,True,51.32755224558101
11039,curtailment_only,False,0.011753618377369
1104,curtailment_only,False,4.271504735321223
11041,curtailment_only,True,33.817288301478285
11042,curtailment_only,False,0.0062818622261642
11043,curtailment_only,False,0.0
11044,curtailment_only,False,8.170908366646193
11045,curtailment_only,True,54.73100302207748
11048,curtailment_only,False,0.0095460840181151
11051,curtailment_only,True,47.83218663102945
11052,curtailment_only,False,2.317587817592084
11055,curtailment_only,False,0.0070885356539729
11056,curtailment_only,False,0.0073862625569926
11061,curtailment_only,False,0.0
11062,curtailment_only,False,0.0304089925085952
11064,curtailment_only,False,0.0
11077,curtailment_only,False,0.0
11081,curtailment_only,False,15.971886315816468
11086,curtailment_only,False,0.0
11088,curtailment_only,False,7.478181880489892
11093,curtailment_only,False,15.971886315816468
11094,curtailment_only,False,0.0015534192738057
11098,curtailment_only,False,5.229898485050803
111,curtailment_only,False,25.31186624828092
1110,curtailment_only,False,14.818575234795835
11101,curtailment_only,False,13.621427887480593
11112,curtailment_only,False,0.0
11113,curtailment_only,False,0.0028832746468064
11116,curtailment_only,False,0.934992228128133
11131,curtailment_only,False,0.0414598134342818
11132,curtailment_only,False,6.471926336862259
11133,curtailment_only,False,0.0
11137,curtailment_only,False,0.0110844320836746
11145,curtailment_only,False,13.849486120367766
1115,curtailment_only,False,11.920492194579523
11154,curtailment_only,False,4.69955662940988
1116,curtailment_only,False,15.29154011872561
11161,curtailment_only,False,0.0075277849465732
11163,curtailment_only,False,4.391175377344942
11169,curtailment_only,False,8.591602979671455
11171,curtailment_only,False,0.0
11172,curtailment_only,False,0.0060919563306839
11174,curtailment_only,False,0.0
11175,curtailment_only,False,0.0
11178,curtailment_only,False,25.637041574541836
11181,curtailment_only,False,2.1835214684693787
11183,curtailment_only,False,1.5495227876623712
11186,curtailment_only,False,15.464727017607885
11187,curtailment_only,True,53.36155434574809
11188,curtailment_only,True,110.99586724863651
11189,curtailment_only,True,59.58404447763546
11191,curtailment_only,False,2.801468043764069
11193,curtailment_only,False,11.234405869178854
112,curtailment_only,False,25.405691325859145
11201,curtailment_only,False,2.496163722115496
11202,curtailment_only,False,0.0079563960303569
11203,curtailment_only,False,0.0103318398272284
11204,curtailment_only,False,0.0
11205,curtailment_only,False,0.0173748850415138
11208,curtailment_only,False,3.456747810927029
11209,curtailment_only,False,2.320145083753416
11210,curtailment_only,False,0.0027526259347729
11211,curtailment_only,False,5.963375202363613
11214,curtailment_only,False,14.234286572288216
11220,curtailment_only,False,0.0
11223,curtailment_only,False,0.0
11226,curtailment_only,False,0.0
11227,curtailment_only,False,0.0
1123,curtailment_only,False,15.697273259217235
11236,curtailment_only,False,2.685117320431862
11239,curtailment_only,False,0.0
1124,curtailment_only,False,18.022663587117293
11241,curtailment_only,False,0.1529293436440089
11243,curtailment_only,False,0.1864627330952666
11245,curtailment_only,False,0.0106791655095401
11247,curtailment_only,False,0.0
1125,curtailment_only,False,4.158697913216445
11251,curtailment_only,False,9.117327372712248
11253,curtailment_only,False,6.715723653070771
11256,curtailment_only,False,5.8225918593093615
11258,curtailment_only,False,0.003249839890985
11262,curtailment_only,False,2.6157228241370176
11264,curtailment_only,False,0.0463266029499699
11267,curtailment_only,False,0.0
11268,curtailment_only,False,0.0066171791703558
1127,curtailment_only,False,1.7109912743230402
11273,curtailment_only,False,6.822844192822027
11277,curtailment_only,False,0.0
11278,curtailment_only,False,0.0
1128,curtailment_only,False,19.1459558112695
11280,curtailment_only,False,8.89316153395907
11282,curtailment_only,False,0.0357989020524165
11283,curtailment_only,False,0.2806606385990635
11286,curtailment_only,False,0.0065776497287477
11290,curtailment_only,False,0.2806606385990635
11291,curtailment_only,False,0.1060563958095704
11298,curtailment_only,False,3.698249121165644
113,curtailment_only,False,24.288940924288728
1130,curtailment_only,False,17.182334840009272
11305,curtailment_only,False,0.2324742712263145
11307,curtailment_only,False,1.1881054086549243
11309,curtailment_only,False,2.922039155769861
1132,curtailment_only,False,19.93242109827221
11320,curtailment_only,False,0.0
11324,curtailment_only,False,0.0
11329,curtailment_only,False,0.8318043081850572
1133,curtailment_only,False,9.230438517658296
11331,curtailment_only,False,0.0
11335,curtailment_only,False,0.0438271593850051
1134,curtailment_only,False,11.719013378933177
11344,curtailment_only,False,0.0
11358,curtailment_only,False,0.0
11363,curtailment_only,False,0.0119204007835014
11373,curtailment_only,True,50.28337727060295
11374,curtailment_only,False,1.9907961280396196
11377,curtailment_only,False,0.0
11383,curtailment_only,False,0.0040233434113216
1139,curtailment_only,False,17.184197526364027
11390,curtailment_only,False,0.0
11392,curtailment_only,False,0.2271383696911798
11393,curtailment_only,False,0.0967161288778394
114,curtailment_only,False,25.455092463744364
1140,curtailment_only,False,16.778328074282868
11400,curtailment_only,False,0.0018348106374618
11404,curtailment_only,False,0.0179930003445654
11410,curtailment_only,False,0.0025540847216429
11421,curtailment_only,False,0.0079854117089355
11424,curtailment_only,False,2.1912382881332078
11425,curtailment_only,False,0.0
11431,curtailment_only,False,16.80755595681287
11436,curtailment_only,False,0.0086028991665403
11438,curtailment_only,False,6.07860892841025
11439,curtailment_only,False,0.0174132421215021
11440,curtailment_only,False,0.0034741603300481
11449,curtailment_only,False,6.19898154599435
11451,curtailment_only,False,0.002137944818494
11453,curtailment_only,False,0.0062802128924756
11459,curtailment_only,False,1.211303338794777
11461,curtailment_only,False,3.939550237067764
11468,curtailment_only,False,6.1278093720143065
1147,curtailment_only,False,19.85335424794999
11473,curtailment_only,False,0.7020270612386538
11474,curtailment_only,False,0.0
11479,curtailment_only,False,0.0013362154993837
11480,curtailment_only,False,0.0
11481,curtailment_only,False,0.0055618898768479
11482,curtailment_only,False,14.179890985416248
11485,curtailment_only,False,0.0
11487,curtailment_only,False,0.019561314196753
11490,curtailment_only,False,6.513993261400964
11493,curtailment_only,False,0.0
115,curtailment_only,False,25.455092463744364
11518,curtailment_only,False,0.0
11526,curtailment_only,False,0.0
11534,curtailment_only,False,0.0
11540,curtailment_only,False,0.8818355888342271
11542,curtailment_only,False,11.86733043446848
11543,curtailment_only,False,14.614041699421172
11544,curtailment_only,False,5.461932236925745
11545,curtailment_only,False,0.7118653193812313
11548,curtailment_only,False,0.0105323141960196
1155,curtailment_only,False,6.273871176191024
11550,curtailment_only,False,0.0
11552,curtailment_only,False,0.2240898582661304
11556,curtailment_only,False,0.0
11558,curtailment_only,False,16.33632610340063
11561,curtailment_only,False,1.3294519953164277
11563,curtailment_only,False,6.1278093720143065
11564,curtailment_only,False,0.0022852352952248
11569,curtailment_only,False,13.713043788292923
11570,curtailment_only,False,0.0014786831966608
11574,curtailment_only,False,14.40466351485455
11576,curtailment_only,False,6.560958415510231
11577,curtailment_only,False,0.211535828919417
11578,curtailment_only,False,0.0686142497825657
11581,curtailment_only,False,0.9726176882939184
11582,curtailment_only,False,0.0075674339571718
11587,curtailment_only,False,4.7342980078281895
11594,curtailment_only,False,5.813477173512057
11598,curtailment_only,False,0.0
116,curtailment_only,False,25.41971645330409
11600,curtailment_only,False,0.0
11603,curtailment_only,False,5.2333567551124816
11605,curtailment_only,False,0.010783222383269
1161,curtailment_only,False,16.75505530168472
11614,curtailment_only,False,0.963235613132126
11616,curtailment_only,False,1.6464233632674732
11619,curtailment_only,False,2.303964680000688
1162,curtailment_only,False,17.058574142193848
11623,curtailment_only,False,0.0285487571825008
11628,curtailment_only,False,0.0091756154023123
1163,curtailment_only,False,9.045801682242375
11634,curtailment_only,False,0.0
11635,curtailment_only,False,2.5543898949913046
11636,curtailment_only,False,0.013433742280165
1164,curtailment_only,False,16.714887204631857
11641,curtailment_only,False,0.4580764748078481
1165,curtailment_only,False,14.111385163512454
11650,curtailment_only,False,0.9887975797060388
11651,curtailment_only,False,0.0
1166,curtailment_only,False,1.1637511600659505
11667,curtailment_only,False,0.0
11685,curtailment_only,False,0.0
11686,curtailment_only,False,0.0094518919134862
1169,curtailment_only,False,14.943703480823622
11692,curtailment_only,False,5.695774923840936
11693,curtailment_only,False,0.6298891804835862
117,curtailment_only,False,25.342617940849227
1170,curtailment_only,False,2.1922050329626206
11706,curtailment_only,False,6.139401205673222
11716,curtailment_only,False,0.9768183531285972
1172,curtailment_only,False,12.532457594890031
11720,curtailment_only,False,0.317463720095523
11729,curtailment_only,False,0.0038549612542404
11737,curtailment_only,False,6.249876649037206
11744,curtailment_only,False,1.5892831670265877
11745,curtailment_only,False,0.0055315721291905
11747,curtailment_only,False,3.310284857506194
1175,curtailment_only,False,4.1026396911182985
11750,curtailment_only,False,0.1278922211464556
11758,curtailment_only,False,0.0
11759,curtailment_only,False,5.682318309642748
11766,curtailment_only,False,5.922904570071547
11772,curtailment_only,False,0.0
11774,curtailment_only,False,1.640082386294643
11780,curtailment_only,False,0.158161124813848
11786,curtailment_only,False,5.408649689909332
1179,curtailment_only,False,15.666605834382612
118,curtailment_only,False,25.342617940849227
1180,curtailment_only,False,12.26238618618722
11801,curtailment_only,False,0.0068212323006654
11807,curtailment_only,False,0.7201550543032972
11810,curtailment_only,False,5.188674793933252
11811,curtailment_only,False,0.0137144432517995
1182,curtailment_only,False,2.188250142957191
1183,curtailment_only,False,18.43169484610425
11833,curtailment_only,False,0.129829304612866
11834,curtailment_only,False,22.45636941600683
1184,curtailment_only,False,17.48156720235789
11841,curtailment_only,False,0.0029545058495613
11845,curtailment_only,False,1.2004705711348382
11847,curtailment_only,False,0.2372706691573822
11849,curtailment_only,False,0.0053718268309082
11850,curtailment_only,False,0.0
11852,curtailment_only,False,7.08801699403847
11856,curtailment_only,False,0.0080577407880978
11858,curtailment_only,False,0.0017778848951549
11859,curtailment_only,False,18.99287847494389
1186,curtailment_only,False,16.992340825691816
11862,curtailment_only,False,0.0075205564435334
11863,curtailment_only,False,0.974675484670962
11865,curtailment_only,False,0.0
11867,curtailment_only,False,5.348844917074211
11868,curtailment_only,False,5.921480427132168
1187,curtailment_only,False,15.91503142709402
11871,curtailment_only,False,13.978960353740478
11872,curtailment_only,False,8.749792540539794
11875,curtailment_only,False,0.0
11877,curtailment_only,False,0.0
11879,curtailment_only,False,8.623818542000752
1188,curtailment_only,False,13.299411568042146
11883,curtailment_only,False,0.1666893058073512
11884,curtailment_only,False,5.926509517779959
11888,curtailment_only,False,2.157132461490107
11891,curtailment_only,False,0.0056095565605083
11892,curtailment_only,False,0.0
11897,curtailment_only,False,0.0
119,curtailment_only,False,26.2251381296122
11900,curtailment_only,False,0.9395364022697388
11905,curtailment_only,False,0.0
11907,curtailment_only,False,0.0055721075032295
1191,curtailment_only,False,14.474767866155382
11912,curtailment_only,False,0.0
11914,curtailment_only,False,0.0074101316042584
11916,curtailment_only,False,0.0
1192,curtailment_only,False,16.206535862410558
11920,curtailment_only,False,0.0032983159141163
11925,curtailment_only,False,3.456747810927029
11927,curtailment_only,False,0.0043687427627627
1193,curtailment_only,False,7.804989278663936
11938,curtailment_only,False,0.0110836379603929
1194,curtailment_only,False,19.85116172267049
11944,curtailment_only,False,0.0069982161603813
11945,curtailment_only,False,3.588661346121017
1195,curtailment_only,False,18.17444393127428
11953,curtailment_only,False,0.7604853717233744
11956,curtailment_only,False,0.0169042242010644
11958,curtailment_only,False,9.838924280676006
11959,curtailment_only,False,0.0481410522111254
1196,curtailment_only,False,15.861282446818482
11965,curtailment_only,False,0.0051311753181182
11969,curtailment_only,False,0.1415576597386564
11976,curtailment_only,False,0.0110828678398987
1198,curtailment_only,False,14.712751978891845
11984,curtailment_only,False,14.94205892515417
11985,curtailment_only,True,43.439577433667566
1199,curtailment_only,False,1.7296026465011938
11990,curtailment_only,True,34.07786379220729
11991,curtailment_only,False,2.877456178921668
11995,curtailment_only,False,13.994384934345412
11996,curtailment_only,False,1.929095323970527
11999,curtailment_only,False,0.0174411683927046
12,curtailment_only,False,4.979180953414354
12003,curtailment_only,False,0.0031326124136108
12004,curtailment_only,False,0.011113957896917
12005,curtailment_only,False,0.0097247121123206
12008,curtailment_only,False,0.011113957896917
12016,curtailment_only,False,15.156049798756609
12018,curtailment_only,False,0.0118031174642279
1202,curtailment_only,False,11.414131813352116
12021,curtailment_only,False,8.450436305675982
12022,curtailment_only,False,0.0295424199491427
1203,curtailment_only,False,6.0405099159213735
12030,curtailment_only,False,0.0097783037508744
12032,curtailment_only,False,1.370384837740378
12033,curtailment_only,False,0.0086918250538411
12037,curtailment_only,False,1.08165987809914
12038,curtailment_only,False,1.2268369489398172
12039,curtailment_only,False,1.08165987809914
1204,curtailment_only,False,18.926373969922352
12040,curtailment_only,False,9.001338649554931
12042,curtailment_only,False,1.2919377769172364
12043,curtailment_only,False,8.991539051511229
12044,curtailment_only,False,5.545988184212348
12046,curtailment_only,False,0.21144878529394
12047,curtailment_only,False,3.755225987626609
12054,curtailment_only,False,8.826931605913519
12055,curtailment_only,False,7.098788179907027
12057,curtailment_only,False,0.0
12061,curtailment_only,False,0.0105880274589341
12062,curtailment_only,False,0.0517492500462885
12066,curtailment_only,False,0.3321292931507594
12067,curtailment_only,False,0.0416338685487845
12068,curtailment_only,False,0.0
12069,curtailment_only,False,0.0
12070,curtailment_only,False,0.0
12073,curtailment_only,False,0.0
1208,curtailment_only,False,15.332958256714626
12083,curtailment_only,False,3.9839454840108366
12088,curtailment_only,False,7.1213185575084506
12090,curtailment_only,False,6.960909129316726
12096,curtailment_only,False,0.5807157472030281
121,curtailment_only,False,26.969515685385776
12100,curtailment_only,False,0.0120468595105029
12101,curtailment_only,False,2.2360512666619186
1211,curtailment_only,False,5.996765341601003
12114,curtailment_only,False,0.9668761593540393
12116,curtailment_only,False,0.0
12118,curtailment_only,False,3.9167662898957127
12128,curtailment_only,False,18.080393724214773
12132,curtailment_only,False,0.0092935230271715
12138,curtailment_only,False,0.0046584948829444
12139,curtailment_only,False,0.002923765099705
1214,curtailment_only,False,18.99984123991617
12143,curtailment_only,False,0.0169424875147397
1215,curtailment_only,False,19.32776948432989
12150,curtailment_only,False,0.0017709877296857
12151,curtailment_only,False,0.003717077440385
12155,curtailment_only,False,0.069318316642727
12157,curtailment_only,False,0.0078825854535074
12158,curtailment_only,False,0.0018564922420968
12160,curtailment_only,False,0.408014295077456
12164,curtailment_only,False,5.994036929854089
12167,curtailment_only,False,8.095719327324952
12168,curtailment_only,False,2.350595724114418
12171,curtailment_only,False,0.0468528310711734
12173,curtailment_only,False,6.650127060402284
12178,curtailment_only,False,0.0078012545052207
12182,curtailment_only,False,0.7150067534272788
12183,curtailment_only,False,0.0
12184,curtailment_only,False,2.791118608061845
12185,curtailment_only,False,0.5112230087426156
12186,curtailment_only,False,0.4598542393696095
12187,curtailment_only,False,12.742896305351024
12188,curtailment_only,False,5.734902844616888
12189,curtailment_only,False,5.0649100169376045
1219,curtailment_only,False,3.9656583559251297
12192,curtailment_only,False,5.22152150657651
12196,curtailment_only,False,4.923470251147185
12198,curtailment_only,False,2.3735778213834213
122,curtailment_only,False,26.990831297418858
12200,curtailment_only,False,0.0121217139862324
12201,curtailment_only,False,1.4132655040111184
12205,curtailment_only,False,0.0093071793165667
12207,curtailment_only,False,2.079393529969367
12209,curtailment_only,False,0.014559431405553
1221,curtailment_only,False,17.664156269115065
12214,curtailment_only,False,1.704036041782103
12215,curtailment_only,False,0.0
12229,curtailment_only,False,0.0033768389799927
1223,curtailment_only,False,15.78132321725314
1224,curtailment_only,False,17.28102221494112
1225,curtailment_only,False,4.574460092771066
12253,curtailment_only,False,0.0077215412752464
12254,curtailment_only,False,2.7239081381199703
12256,curtailment_only,False,0.0852387697571935
12262,curtailment_only,False,0.0092548844998232
12266,curtailment_only,False,1.493121802221763
12267,curtailment_only,False,0.0063249594044242
1227,curtailment_only,False,17.388892599601423
12275,curtailment_only,False,0.0038842219040827
12283,curtailment_only,False,0.6049114295700588
12285,curtailment_only,False,16.988149546116677
12286,curtailment_only,False,0.0
1229,curtailment_only,False,13.73396221401107
12290,curtailment_only,False,0.0
12292,curtailment_only,False,0.0080696204195429
12293,curtailment_only,False,0.0
12294,curtailment_only,False,0.0080738168724471
12296,curtailment_only,False,2.510986658625777
12297,curtailment_only,False,4.335357652465215
12302,curtailment_only,False,0.3880788377830653
12303,curtailment_only,False,0.0
12304,curtailment_only,False,5.922904570071547
12308,curtailment_only,False,0.029860001494685
12312,curtailment_only,False,0.3364005211574082
12315,curtailment_only,False,0.0
12316,curtailment_only,False,0.004109562565645
12317,curtailment_only,False,0.0074045299815006
1232,curtailment_only,False,10.469521984216245
12321,curtailment_only,False,0.0070417967780286
12324,curtailment_only,False,0.0
12326,curtailment_only,False,6.355537386701782
12327,curtailment_only,False,2.904116614514607
12328,curtailment_only,False,0.0070417967780286
1234,curtailment_only,False,15.158028535201613
12341,curtailment_only,False,0.0
12343,curtailment_only,False,2.5722922188693462
12344,curtailment_only,False,0.0062407213774568
12345,curtailment_only,False,1.319871728427566
1235,curtailment_only,False,1.1138323885502373
12351,curtailment_only,False,0.0053469581061389
12352,curtailment_only,False,0.0012576189754823
12354,curtailment_only,False,0.0037728569154417
12355,curtailment_only,False,0.0
12356,curtailment_only,False,14.771576635227255
12358,curtailment_only,False,0.0
12359,curtailment_only,False,0.0075437415768885
12362,curtailment_only,False,0.0075437415768885
12365,curtailment_only,False,0.0018585398125158
1238,curtailment_only,False,17.35971309037843
1239,curtailment_only,False,10.379644917244866
1240,curtailment_only,False,14.535833992678636
1242,curtailment_only,False,16.29090178718955
12428,curtailment_only,False,0.0
12429,curtailment_only,False,0.0014997607725277
1243,curtailment_only,False,12.795049366889035
12433,curtailment_only,False,0.0063687825516666
12434,curtailment_only,False,0.0
12435,curtailment_only,False,0.0052314956672078
12436,curtailment_only,False,0.0
12437,curtailment_only,False,0.6754930563666742
12440,curtailment_only,False,0.534088685617908
12445,curtailment_only,False,0.0074633314044994
12446,curtailment_only,False,0.0047695752581288
12448,curtailment_only,False,2.47713588542332
1245,curtailment_only,False,13.106728212500244
12452,curtailment_only,False,7.6049015475387955
12454,curtailment_only,False,0.3028577064353109
12455,curtailment_only,False,0.0
12462,curtailment_only,False,0.00524670315663
12463,curtailment_only,False,2.4542964955022613
12466,curtailment_only,False,0.0066850793495689
12469,curtailment_only,False,26.685325427099595
1247,curtailment_only,False,17.498401180907198
12470,curtailment_only,False,3.2650155857486665
12475,curtailment_only,False,0.008086542695982
1248,curtailment_only,False,10.57117517384336
12484,curtailment_only,False,0.0040432713630798
12485,curtailment_only,False,0.0
1249,curtailment_only,False,18.261991602529594
12490,curtailment_only,False,14.83268680508353
12491,curtailment_only,False,0.0
12492,curtailment_only,False,4.761447427214544
12493,curtailment_only,False,0.0170246501078159
125,curtailment_only,False,25.814048318919266
12502,curtailment_only,False,2.8365711430466543
1251,curtailment_only,False,16.10779275428081
12510,curtailment_only,False,0.0157209552289421
12516,curtailment_only,False,0.0031647901978405
12517,curtailment_only,False,0.0013477567926409
12520,curtailment_only,False,0.0069017249604393
12521,curtailment_only,False,8.559954783163723
12527,curtailment_only,False,0.0054576356868422
12532,curtailment_only,False,0.9707262554186432
12535,curtailment_only,False,0.0236181629901081
12542,curtailment_only,False,2.348799220375253
12547,curtailment_only,False,3.301657531449799
12548,curtailment_only,False,4.051964651762703
12549,curtailment_only,False,0.5561052789433927
12553,curtailment_only,False,0.0839284000159773
12554,curtailment_only,False,1.8291141485510212
1256,curtailment_only,False,8.127868504051916
12560,curtailment_only,False,0.0163168635032017
12561,curtailment_only,False,13.809747549116691
12567,curtailment_only,False,2.282136227857809
1257,curtailment_only,False,13.074932123896303
12570,curtailment_only,False,4.796962126834834
12575,curtailment_only,False,1.1943467011448383
12577,curtailment_only,False,0.1471221644328084
12579,curtailment_only,False,0.0067574514352955
12581,curtailment_only,False,0.0
12584,curtailment_only,False,6.772921349580588
12585,curtailment_only,False,3.4668545893369003
12586,curtailment_only,False,0.0036488357943929
12588,curtailment_only,False,1.5845298907825824
12589,curtailment_only,False,1.3720554767452082
1259,curtailment_only,False,13.754139491947996
12594,curtailment_only,False,12.80166849813489
126,curtailment_only,False,26.412220098681825
12600,curtailment_only,False,1.3203836778761289
12605,curtailment_only,False,0.0066629577490451
12612,curtailment_only,False,12.57825186859552
12613,curtailment_only,False,6.718003953342418
12614,curtailment_only,False,0.0481379499246267
12626,curtailment_only,False,1.5201594252390394
12627,curtailment_only,False,0.0076253766720674
12628,curtailment_only,False,25.964388887347496
1263,curtailment_only,False,17.339342391398013
12634,curtailment_only,False,20.701478122829936
1264,curtailment_only,False,13.65031283981731
12648,curtailment_only,False,0.0070308623517927
12649,curtailment_only,False,0.0082275745008283
12653,curtailment_only,False,0.0018772362346381
12658,curtailment_only,False,0.0039289242599801
1266,curtailment_only,False,16.116829506398272
12660,curtailment_only,False,4.6658195619851925
12661,curtailment_only,False,0.5660348230857136
12663,curtailment_only,False,1.8296599875439028
12664,curtailment_only,False,0.0083701980223439
12669,curtailment_only,False,0.2609708152960656
12674,curtailment_only,False,0.0026855620577472
12682,curtailment_only,False,14.39872278762884
12686,curtailment_only,False,0.0082001083102868
12689,curtailment_only,False,9.460786851182398
12693,curtailment_only,False,0.2534758254726793
127,curtailment_only,False,28.008529237046865
1270,curtailment_only,False,18.349186732367688
12702,curtailment_only,False,0.0
12704,curtailment_only,False,2.6842007036237625
12705,curtailment_only,False,0.0027984415505426
12710,curtailment_only,False,5.615886303429074
12713,curtailment_only,False,0.2618726026591236
12717,curtailment_only,False,0.0
12718,curtailment_only,False,6.482963694734568
12720,curtailment_only,False,22.39035569317571
12722,curtailment_only,False,0.00674636123297
12726,curtailment_only,False,0.2686154788922041
12728,curtailment_only,False,0.7972676388581138
12729,curtailment_only,False,0.0026855620577472
1273,curtailment_only,False,15.892173995978744
12730,curtailment_only,False,0.2635881582780933
12738,curtailment_only,False,0.0082716345749091
1274,curtailment_only,False,13.535291134269134
12741,curtailment_only,False,0.0554330922136011
12742,curtailment_only,False,0.0465237301784362
12743,curtailment_only,False,0.0066844208724206
12744,curtailment_only,False,0.0040335571916885
12745,curtailment_only,False,0.0034465144186687
12746,curtailment_only,False,2.612438143181845
12748,curtailment_only,False,0.0
12750,curtailment_only,False,2.2378936521580237
12751,curtailment_only,False,18.363416765071143
12752,curtailment_only,False,0.1982449757300369
12754,curtailment_only,False,1.150143055656293
12757,curtailment_only,False,0.005663258274032
1276,curtailment_only,False,15.79184459968109
12760,curtailment_only,False,7.02108695998604
12761,curtailment_only,False,2.619996542912792
12762,curtailment_only,False,0.0055355210212327
12763,curtailment_only,False,2.664256346746817
12767,curtailment_only,False,0.0336858337280553
12768,curtailment_only,False,0.0
12772,curtailment_only,False,0.0025566767438882
12774,curtailment_only,False,0.0064836480578147
12777,curtailment_only,False,0.4381906931818657
12780,curtailment_only,False,6.9161203461707785
12781,curtailment_only,False,0.0460834767792576
12786,curtailment_only,False,0.0104561373348537
1279,curtailment_only,False,17.130336415107784
12792,curtailment_only,False,19.66156313808424
128,curtailment_only,False,23.16917949249516
1280,curtailment_only,False,16.81333246017229
12801,curtailment_only,False,0.0042373330030787
12804,curtailment_only,False,0.0071692490314855
12808,curtailment_only,False,0.0
12809,curtailment_only,False,0.007605815196128
1281,curtailment_only,False,4.889747007692884
12811,curtailment_only,False,1.458362767467859
12812,curtailment_only,False,9.329260780078224
12815,curtailment_only,False,0.0058173553101888
12835,curtailment_only,False,0.0
12839,curtailment_only,False,0.0012783359040079
1284,curtailment_only,False,1.9992747679911824
12840,curtailment_only,False,15.3706446861749
12843,curtailment_only,False,14.1024419056545
12848,curtailment_only,False,0.0074741083203066
12851,curtailment_only,False,0.0
12853,curtailment_only,False,0.0
12860,curtailment_only,False,1.652348523603997
12862,curtailment_only,False,0.0039663788489433
12865,curtailment_only,False,13.407042351467489
12868,curtailment_only,False,0.0
12869,curtailment_only,False,0.0096250440732843
12871,curtailment_only,False,0.0078493854223816
12872,curtailment_only,False,2.769457483882172
12874,curtailment_only,False,7.721134443877561
12878,curtailment_only,False,4.773654697015035
12880,curtailment_only,False,2.7122607154882434
12881,curtailment_only,False,0.0612054068545278
12882,curtailment_only,False,4.314570353582331
12889,curtailment_only,False,0.0072666414426252
1289,curtailment_only,False,23.08241463138172
12893,curtailment_only,False,0.0098432902127687
12899,curtailment_only,False,22.819138924029723
1290,curtailment_only,False,17.123970112236968
12900,curtailment_only,False,0.005359322132275
12906,curtailment_only,False,0.0272019292014654
12907,curtailment_only,False,9.642468870825006
12909,curtailment_only,False,0.0082750129506412
12912,curtailment_only,False,4.647803556104386
12917,curtailment_only,False,12.178951232438036
1292,curtailment_only,False,12.779570400430789
12924,curtailment_only,False,9.340476956963192
12925,curtailment_only,False,0.0
12928,curtailment_only,False,1.2387075144440904
12936,curtailment_only,False,0.0309621368081286
1294,curtailment_only,False,22.444961118423397
12940,curtailment_only,False,14.141375840815712
12942,curtailment_only,False,0.0085705145828705
12947,curtailment_only,False,0.0717437146643553
1295,curtailment_only,False,15.690179161565515
12953,curtailment_only,False,0.0
12965,curtailment_only,False,0.0066816741584895
1297,curtailment_only,False,12.884840706685932
12975,curtailment_only,False,0.7021274075172872
12976,curtailment_only,False,0.0060092521272009
12978,curtailment_only,False,0.0
12982,curtailment_only,False,0.0057087895485836
12984,curtailment_only,False,17.796224940866367
12987,curtailment_only,False,0.0444676468111647
12992,curtailment_only,False,17.553808571977157
13,curtailment_only,False,5.096000520566551
130,curtailment_only,False,27.198103267012826
13003,curtailment_only,False,0.0017474773997733
13004,curtailment_only,False,0.158161124813848
13007,curtailment_only,False,0.0036674795127095
1301,curtailment_only,False,23.85807904712724
13012,curtailment_only,False,0.0063457878218573
13025,curtailment_only,False,1.4949364951969344
13039,curtailment_only,False,0.0
13041,curtailment_only,False,0.0
13043,curtailment_only,False,0.0040236806332984
13044,curtailment_only,False,18.98679330775008
13045,curtailment_only,False,18.68359103428893
13048,curtailment_only,False,0.8747754976671407
1305,curtailment_only,False,14.287613419826863
13050,curtailment_only,False,0.940990207570398
1306,curtailment_only,False,21.81288326021861
13064,curtailment_only,False,0.0
13066,curtailment_only,False,0.0
13068,curtailment_only,False,0.0
1307,curtailment_only,False,14.314159738892611
13070,curtailment_only,False,0.4012147980628035
13075,curtailment_only,False,2.686356418868165
13076,curtailment_only,False,0.0205691061014109
13080,curtailment_only,False,0.42283476074124
13082,curtailment_only,False,0.0051123556976134
13085,curtailment_only,False,4.853159420746891
13087,curtailment_only,False,0.1529293436440089
13092,curtailment_only,False,0.2201372256532152
13098,curtailment_only,False,0.0071185929286022
13099,curtailment_only,False,0.0125130015720707
131,curtailment_only,False,27.41396302326499
1310,curtailment_only,False,18.89665012873929
13118,curtailment_only,False,0.1793468814716242
13119,curtailment_only,False,2.8131030417236342
13120,curtailment_only,False,1.9303082201206496
13121,curtailment_only,False,0.0129523022138484
13148,curtailment_only,False,0.0
13163,curtailment_only,False,0.0
13170,curtailment_only,False,0.0
13172,curtailment_only,False,0.0
13187,curtailment_only,False,9.853864717149705
13189,curtailment_only,False,0.5931043171864191
1319,curtailment_only,False,21.91637903019831
13190,curtailment_only,False,6.529554887897827
13192,curtailment_only,False,14.336087265276095
13193,curtailment_only,False,4.488261746913388
13195,curtailment_only,False,0.2724625853260856
13208,curtailment_only,False,0.0015101345874993
13210,curtailment_only,False,0.0012584440272117
13214,curtailment_only,False,0.0025168875235908
13221,curtailment_only,False,0.0076059307607899
13227,curtailment_only,False,8.777841051686122
13230,curtailment_only,False,8.863410257252847
13231,curtailment_only,False,0.5547758811637519
13233,curtailment_only,False,0.0
13235,curtailment_only,False,0.0013629284837203
13249,curtailment_only,False,0.0
1325,curtailment_only,False,21.616620421170506
13279,curtailment_only,False,0.0
1329,curtailment_only,False,22.469755488455533
13298,curtailment_only,False,0.0
1330,curtailment_only,False,21.42571058095861
13310,curtailment_only,False,0.0
13324,curtailment_only,False,0.0
13330,curtailment_only,False,0.0
13335,curtailment_only,False,0.0
13342,curtailment_only,False,0.0
1336,curtailment_only,False,16.95781677587648
13370,curtailment_only,False,0.0
13385,curtailment_only,False,0.0
1339,curtailment_only,False,16.878121555699323
13402,curtailment_only,False,0.0
1342,curtailment_only,False,17.005731130842484
13420,curtailment_only,False,0.0
1343,curtailment_only,False,21.43385424753908
13435,curtailment_only,False,0.0
13438,curtailment_only,False,0.0
13439,curtailment_only,False,0.0
13451,curtailment_only,False,0.0
13461,curtailment_only,False,0.0
13464,curtailment_only,False,0.0
13477,curtailment_only,False,0.0
1351,curtailment_only,False,21.03013931087772
1354,curtailment_only,False,17.342421005222604
1355,curtailment_only,False,17.203123048555202
1357,curtailment_only,False,22.012999834417485
1358,curtailment_only,False,16.8990224276878
1361,curtailment_only,False,17.923646069582038
1362,curtailment_only,False,16.272832938268746
1363,curtailment_only,False,21.236964462865807
1364,curtailment_only,False,20.427765243245226
1367,curtailment_only,False,19.68193055076895
1368,curtailment_only,False,19.594311080923934
1372,curtailment_only,False,16.272628064051705
1373,curtailment_only,False,21.66208074204007
1376,curtailment_only,False,17.655296542779393
1380,curtailment_only,False,16.390379021029577
1393,curtailment_only,False,20.99564243735718
1394,curtailment_only,False,19.1001986660514
1395,curtailment_only,False,18.931244931294053
1405,curtailment_only,False,10.144659996178271
1407,curtailment_only,False,14.269558889055544
1408,curtailment_only,False,6.021296680506225
1411,curtailment_only,False,3.591345451402748
1412,curtailment_only,False,15.25244112156815
1413,curtailment_only,False,10.685372752639564
1419,curtailment_only,False,12.642575048446224
142,curtailment_only,False,26.731596793291285
1423,curtailment_only,False,17.633486824195934
1428,curtailment_only,False,15.51341753618474
1430,curtailment_only,False,8.35649715282243
1433,curtailment_only,False,5.4707076629546725
1434,curtailment_only,False,16.843452347409553
1435,curtailment_only,False,11.383750226754666
1438,curtailment_only,False,4.908949005541976
1439,curtailment_only,False,16.45151573051405
1440,curtailment_only,False,14.778501016224611
1443,curtailment_only,False,14.222970410980237
1444,curtailment_only,False,3.774485235735165
1446,curtailment_only,False,14.038206667983488
1450,curtailment_only,False,1.2390979866643757
1451,curtailment_only,False,13.56132655002198
1454,curtailment_only,False,15.225775258169229
1456,curtailment_only,False,18.58213763422442
1457,curtailment_only,False,12.996573987544922
1459,curtailment_only,False,12.264071452378008
146,curtailment_only,False,25.88793583550729
1462,curtailment_only,False,11.014877458667804
1464,curtailment_only,False,1.1602116842451564
1465,curtailment_only,False,15.64303416268783
1466,curtailment_only,False,16.58230656911381
1473,curtailment_only,False,5.982188548327496
1474,curtailment_only,False,13.462348940888452
1478,curtailment_only,False,18.208433214962827
1482,curtailment_only,False,6.366321164647959
1483,curtailment_only,False,5.117935457881578
1484,curtailment_only,False,17.797865466046474
1486,curtailment_only,False,18.20527131731
1487,curtailment_only,False,3.7627251625706033
1489,curtailment_only,False,14.023960020622464
149,curtailment_only,False,26.619095875940538
1492,curtailment_only,False,5.01224563178347
1497,curtailment_only,False,15.388326919270806
1503,curtailment_only,False,16.03365886916058
1504,curtailment_only,False,15.6029533049239
1506,curtailment_only,False,12.261016610397034
1507,curtailment_only,False,18.38491687000552
151,curtailment_only,False,26.699305443949974
1511,curtailment_only,False,12.372264593145037
1512,curtailment_only,False,9.577553155085672
1513,curtailment_only,False,8.197663498718702
1514,curtailment_only,False,9.577553155085672
1515,curtailment_only,False,15.152908565085916
1518,curtailment_only,False,1.895923156422951
1520,curtailment_only,False,19.029229885234752
1521,curtailment_only,False,14.886140292165976
1522,curtailment_only,False,17.258357424141504
1524,curtailment_only,False,12.586766534777874
1527,curtailment_only,False,14.010886520535363
1528,curtailment_only,False,2.472931502057327
1529,curtailment_only,False,18.125774213558863
1531,curtailment_only,False,17.428281884335835
1533,curtailment_only,False,1.0406574446141432
1534,curtailment_only,False,9.82272888652954
1535,curtailment_only,False,13.848987257449538
1536,curtailment_only,False,17.653337037576367
154,curtailment_only,False,25.829023068397092
1540,curtailment_only,False,15.032132530275945
1542,curtailment_only,False,9.998374478498745
1545,curtailment_only,False,14.836587864607562
1546,curtailment_only,False,12.989632679165576
1547,curtailment_only,False,9.998374478498745
155,curtailment_only,False,27.032412302767312
1550,curtailment_only,False,17.978608813054702
1552,curtailment_only,False,18.865071665610586
1553,curtailment_only,False,15.404770337389694
1554,curtailment_only,False,12.672989016206271
1559,curtailment_only,False,12.989632679165576
156,curtailment_only,False,27.032412302767312
1561,curtailment_only,False,19.132868733840784
1563,curtailment_only,False,14.508287390114525
1565,curtailment_only,False,15.334255294075096
1567,curtailment_only,False,14.892341006957334
1569,curtailment_only,False,3.2387983388907444
157,curtailment_only,False,26.806440090731872
1571,curtailment_only,False,7.38675793557217
1573,curtailment_only,False,11.267307397437952
1576,curtailment_only,False,14.07497826040811
1578,curtailment_only,False,12.421392959748712
158,curtailment_only,False,27.91163137121808
1580,curtailment_only,False,17.342146973069443
1583,curtailment_only,False,16.618590716947793
1587,curtailment_only,False,16.073413154287117
1588,curtailment_only,False,12.708427297587903
1589,curtailment_only,False,14.991020226681323
159,curtailment_only,False,27.33171782336076
1590,curtailment_only,False,16.940968506202527
1591,curtailment_only,False,18.965336699257183
1593,curtailment_only,False,7.482715435593715
1595,curtailment_only,False,12.375778698782891
1596,curtailment_only,False,14.94154170406132
1597,curtailment_only,False,12.522597137148184
160,curtailment_only,False,23.81304117523044
1603,curtailment_only,False,14.17544019702946
1608,curtailment_only,False,17.468991698721883
1609,curtailment_only,False,9.35194666447328
161,curtailment_only,False,26.14290277959113
1611,curtailment_only,False,3.0587432520472952
1612,curtailment_only,False,16.48453615057635
1615,curtailment_only,False,12.246840137236228
1617,curtailment_only,False,16.26693798856295
162,curtailment_only,False,23.775289652137445
1621,curtailment_only,False,15.255800256647058
1625,curtailment_only,False,17.39663031557693
1626,curtailment_only,False,14.94154170406132
1627,curtailment_only,False,12.322157178161936
1629,curtailment_only,False,14.705199372614407
163,curtailment_only,False,26.15632672007389
1631,curtailment_only,False,18.191233885210117
1634,curtailment_only,False,12.322157178161936
1638,curtailment_only,False,11.535750840150468
1639,curtailment_only,False,17.42894898751701
164,curtailment_only,False,23.775289652137445
1640,curtailment_only,False,17.799733808697226
1645,curtailment_only,False,13.81092288931992
1648,curtailment_only,False,4.325624953709622
1649,curtailment_only,False,17.29878894280521
1650,curtailment_only,False,13.17481768203908
1652,curtailment_only,False,10.593507165648395
1653,curtailment_only,False,10.902916962622765
1660,curtailment_only,False,19.03075818478534
1664,curtailment_only,False,12.504535411832876
1665,curtailment_only,False,18.725438986314117
1666,curtailment_only,False,17.284971191130836
1667,curtailment_only,False,18.26641532108531
167,curtailment_only,False,24.84319518062888
1673,curtailment_only,False,13.951851859478362
1674,curtailment_only,False,1.7515230291096715
1676,curtailment_only,False,16.721476777819472
1678,curtailment_only,False,2.256597040898924
1682,curtailment_only,False,17.027327371963878
1683,curtailment_only,False,16.66993427988399
1685,curtailment_only,False,16.64789533083849
1698,curtailment_only,False,13.990687786190705
1699,curtailment_only,False,19.38349406373528
17,curtailment_only,False,9.147507782751108
170,curtailment_only,False,27.21488545053895
1700,curtailment_only,False,5.648919265815838
1701,curtailment_only,False,19.9467081704406
1702,curtailment_only,False,15.043351292351543
1704,curtailment_only,False,7.993019442671763
1708,curtailment_only,False,17.665075150089947
1709,curtailment_only,False,14.749245641940314
171,curtailment_only,False,26.44245380701509
1715,curtailment_only,False,17.503182465220245
1716,curtailment_only,False,17.048022334883182
1717,curtailment_only,False,13.217606882265242
172,curtailment_only,False,27.151265910126103
1720,curtailment_only,False,15.594458625386997
1722,curtailment_only,False,17.977408887607936
1724,curtailment_only,False,12.918362437717246
1725,curtailment_only,False,18.99992732805068
1726,curtailment_only,False,17.19404561650099
1729,curtailment_only,False,5.759874933045968
1733,curtailment_only,False,13.47922639420952
1734,curtailment_only,False,17.441246648753957
1736,curtailment_only,False,5.819208794083063
1738,curtailment_only,False,13.519575877731372
1741,curtailment_only,False,5.756435054461993
1742,curtailment_only,False,16.9382666983887
1744,curtailment_only,False,9.85216839922494
1745,curtailment_only,False,14.0277834379837
1746,curtailment_only,False,9.823281479457636
1747,curtailment_only,False,2.696496709766726
175,curtailment_only,False,28.143301492631
1750,curtailment_only,False,10.92241550020491
1753,curtailment_only,False,16.656448942742376
1756,curtailment_only,False,14.625057156642145
1757,curtailment_only,False,18.83407801667845
176,curtailment_only,False,26.051935807791565
1765,curtailment_only,False,16.51479296847197
1767,curtailment_only,False,15.608321272940838
1769,curtailment_only,False,17.230507605849844
1771,curtailment_only,False,14.756048785558358
1772,curtailment_only,False,10.992310555046323
1774,curtailment_only,False,12.143926380009544
1776,curtailment_only,False,11.24083837236911
1777,curtailment_only,False,15.489080827896103
1778,curtailment_only,False,10.20946551253348
178,curtailment_only,False,26.32311891448525
1780,curtailment_only,False,15.536118571742293
1782,curtailment_only,False,15.902719097964155
1786,curtailment_only,False,11.207001083755165
1789,curtailment_only,False,13.602410719873998
179,curtailment_only,False,27.654609942408253
1791,curtailment_only,False,11.207713065548209
1792,curtailment_only,False,12.599454446175224
1793,curtailment_only,False,9.745287933709312
1794,curtailment_only,False,14.909577350046352
1797,curtailment_only,False,12.351772603898103
1798,curtailment_only,True,99.70342745717228
18,curtailment_only,False,10.507436748073555
1800,curtailment_only,True,433.493161156016
1802,curtailment_only,False,11.837526236768287
1804,curtailment_only,False,13.4710612143535
1805,curtailment_only,False,17.219456728610286
1806,curtailment_only,False,15.104380575922844
1807,curtailment_only,False,18.51213981813717
1808,curtailment_only,False,15.104380575922844
181,curtailment_only,False,28.74268010894149
1810,curtailment_only,False,14.901113497376134
1812,curtailment_only,False,10.936586525355722
1814,curtailment_only,False,15.301474407151922
1816,curtailment_only,False,12.449520746204264
1818,curtailment_only,False,15.167197482202129
1819,curtailment_only,False,15.025725471440328
1820,curtailment_only,False,15.02810200683996
1821,curtailment_only,False,16.21134448519411
1822,curtailment_only,False,17.242793961689557
1824,curtailment_only,False,19.31982235036349
1825,curtailment_only,False,9.516165930723943
1826,curtailment_only,False,14.756048785558358
1827,curtailment_only,False,14.580454262162425
1828,curtailment_only,False,12.41455464844065
1829,curtailment_only,False,15.235125951056869
183,curtailment_only,False,24.78422408701125
1830,curtailment_only,False,17.68960681257201
1831,curtailment_only,False,16.149874564314047
1832,curtailment_only,False,15.29119730325984
1833,curtailment_only,False,17.89165140008932
1834,curtailment_only,False,15.483730032924818
1835,curtailment_only,False,14.252375054972676
1836,curtailment_only,False,14.818882010884009
1837,curtailment_only,False,12.857053862044053
1838,curtailment_only,False,15.40503729937051
1839,curtailment_only,False,14.519423504174087
1840,curtailment_only,False,14.519423504174087
1841,curtailment_only,False,11.58133029178637
1842,curtailment_only,False,14.775229373656536
1844,curtailment_only,False,13.55032964440235
1845,curtailment_only,False,15.168236865105374
1846,curtailment_only,False,16.35149319759761
1848,curtailment_only,False,17.251416701200885
185,curtailment_only,False,24.485314162615744
1851,curtailment_only,False,17.80706663752813
1856,curtailment_only,False,22.19769150196776
1858,curtailment_only,False,11.183509452425842
1867,curtailment_only,False,16.31240619585042
187,curtailment_only,False,27.539884487054348
1873,curtailment_only,False,20.147664849299044
1876,curtailment_only,False,22.80860768759537
1878,curtailment_only,False,19.0839448661135
188,curtailment_only,False,26.694273636938487
1881,curtailment_only,False,17.456904078915162
1882,curtailment_only,False,17.66296481892186
1888,curtailment_only,False,13.724120360316592
1889,curtailment_only,False,16.768150537563862
189,curtailment_only,False,27.539884487054348
19,curtailment_only,False,9.985385829713293
190,curtailment_only,False,24.420504221271248
1900,curtailment_only,False,15.89760412772843
1901,curtailment_only,False,16.200626881895673
1902,curtailment_only,False,16.400724360774195
1903,curtailment_only,False,15.162271847228862
1905,curtailment_only,False,23.32878610553331
1907,curtailment_only,False,23.744248761269866
1908,curtailment_only,False,16.891519055479304
1909,curtailment_only,False,21.351384551195352
1910,curtailment_only,False,16.980636247351935
1911,curtailment_only,False,15.771206673543857
1913,curtailment_only,False,22.25783233115252
1914,curtailment_only,False,16.52123939548982
1915,curtailment_only,False,17.09442733656915
1916,curtailment_only,False,17.12265760469657
1917,curtailment_only,False,17.864823970027444
1918,curtailment_only,False,19.252693514030675
1919,curtailment_only,False,19.219465151229404
1923,curtailment_only,False,16.42040285953122
1924,curtailment_only,False,21.753052614296863
1925,curtailment_only,False,20.01344963432253
1926,curtailment_only,False,22.89113908323831
1928,curtailment_only,False,20.00051495008717
1932,curtailment_only,False,22.10118911226334
1936,curtailment_only,False,17.193893235430338
1937,curtailment_only,False,16.012549372681036
1938,curtailment_only,False,15.885030166499924
194,curtailment_only,False,21.88791075067686
1941,curtailment_only,False,19.4805827064798
1945,curtailment_only,False,20.450709469976594
1946,curtailment_only,False,16.22224760365223
1947,curtailment_only,False,17.335331256964004
1948,curtailment_only,False,15.72446192894071
195,curtailment_only,False,24.547692584740705
1950,curtailment_only,False,17.19396431305206
1951,curtailment_only,False,20.809059146249638
1952,curtailment_only,False,16.714982763381816
1953,curtailment_only,False,17.098582854479236
1954,curtailment_only,False,20.965536863808275
1955,curtailment_only,False,18.5183065582974
1956,curtailment_only,False,17.11357569327009
1957,curtailment_only,False,16.86947117419248
1958,curtailment_only,False,18.61549437143812
1966,curtailment_only,False,17.506635706936066
1967,curtailment_only,False,18.57695401779882
1968,curtailment_only,False,21.5173575515358
1969,curtailment_only,False,18.656954738966096
1970,curtailment_only,False,19.172596069119088
1973,curtailment_only,False,19.925688315235963
1975,curtailment_only,False,17.99233889366712
1976,curtailment_only,False,17.705379637367418
1980,curtailment_only,False,17.77835315491814
1982,curtailment_only,False,17.989842130615216
1984,curtailment_only,False,23.002179958308314
1986,curtailment_only,False,16.925384826719032
1989,curtailment_only,False,23.21589471603623
199,curtailment_only,False,27.96868180566228
1992,curtailment_only,False,20.02557188285916
1993,curtailment_only,False,17.02333021043284
1994,curtailment_only,False,17.122756303597864
1995,curtailment_only,False,21.340556759229795
1996,curtailment_only,False,16.55113615677241
20,curtailment_only,False,11.256523646607592
2000,curtailment_only,False,16.77308355312833
2002,curtailment_only,False,15.73693077939828
2003,curtailment_only,False,14.715619010761287
2004,curtailment_only,False,20.276837313284908
2006,curtailment_only,False,14.59743850721702
2007,curtailment_only,False,13.563339281731128
2008,curtailment_only,False,18.045548663301787
2011,curtailment_only,False,12.35670410678701
2012,curtailment_only,False,12.423635035453708
2013,curtailment_only,False,12.456003252487678
2014,curtailment_only,False,20.07774948231215
2015,curtailment_only,False,12.815026275028789
2018,curtailment_only,False,12.606050091350053
2023,curtailment_only,False,8.238425074680677
2024,curtailment_only,False,6.56334153195089
2025,curtailment_only,False,12.427569989623136
2026,curtailment_only,False,11.775295582883553
2027,curtailment_only,False,5.488603951765045
2028,curtailment_only,False,8.21370231134709
2029,curtailment_only,False,5.209823337745199
203,curtailment_only,False,11.942856156914004
2030,curtailment_only,False,7.844785367690268
2031,curtailment_only,False,9.34127005698921
2032,curtailment_only,False,8.842383511142001
2033,curtailment_only,False,6.362905570326313
2034,curtailment_only,False,6.348206125266288
2035,curtailment_only,False,12.61623031478366
2037,curtailment_only,False,9.277565225761832
2038,curtailment_only,False,6.01960172804991
2043,curtailment_only,False,9.614731137397191
2044,curtailment_only,False,16.699023324786964
2045,curtailment_only,False,5.683585404605566
2046,curtailment_only,False,5.693522752729995
2047,curtailment_only,False,6.078689215294244
2049,curtailment_only,False,11.702898764249786
2050,curtailment_only,False,6.330013365893296
2051,curtailment_only,False,6.422996765032107
2052,curtailment_only,False,12.0673461803848
2056,curtailment_only,False,5.693522752729995
2058,curtailment_only,False,5.656461297868948
2059,curtailment_only,False,5.576102972860496
2060,curtailment_only,False,5.6016746153781884
2061,curtailment_only,False,13.301226829482
2063,curtailment_only,False,6.559056051273646
2069,curtailment_only,False,5.443866988873181
2070,curtailment_only,False,5.443866988873181
2071,curtailment_only,False,5.478753613994141
2072,curtailment_only,False,5.309705296993029
2074,curtailment_only,False,5.484672400354547
2076,curtailment_only,False,7.519087533114098
2077,curtailment_only,False,6.538495797856725
2078,curtailment_only,False,10.72247257710035
2079,curtailment_only,False,12.353923335797424
2080,curtailment_only,False,12.647016464226745
2081,curtailment_only,False,12.574552001074952
2082,curtailment_only,False,12.466533052318129
2083,curtailment_only,False,10.807319582001831
2084,curtailment_only,False,12.074012853271572
2085,curtailment_only,False,12.224892529234417
2086,curtailment_only,False,10.164820626831226
2087,curtailment_only,False,11.750379473266612
2088,curtailment_only,False,13.153873068855178
2089,curtailment_only,False,6.303298809013487
2090,curtailment_only,False,6.315996792197462
2091,curtailment_only,False,10.026624983645473
2092,curtailment_only,False,10.132120311791468
2093,curtailment_only,False,6.543364081823319
2094,curtailment_only,False,10.164820626831226
2095,curtailment_only,False,7.629798958646393
2096,curtailment_only,False,11.434286877099266
2098,curtailment_only,False,8.287426390754884
2099,curtailment_only,False,10.577191713325949
21,curtailment_only,False,8.080282788459812
210,curtailment_only,False,5.106810978285538
2102,curtailment_only,False,5.662907595499063
2103,curtailment_only,False,6.638302693599076
2106,curtailment_only,False,22.363379626498634
2108,curtailment_only,False,8.356382178237832
211,curtailment_only,False,11.083042844886304
2110,curtailment_only,False,23.494649202813616
2112,curtailment_only,False,8.377797147930865
2113,curtailment_only,False,20.193313864060077
2114,curtailment_only,False,14.633277640210718
2115,curtailment_only,False,21.320069450352065
2119,curtailment_only,False,16.09771135042762
212,curtailment_only,False,5.141136331816249
2121,curtailment_only,False,5.895931224008058
2122,curtailment_only,False,13.370655452874692
2123,curtailment_only,False,18.563152560630588
2125,curtailment_only,False,19.373466470452676
2126,curtailment_only,False,19.107771869697423
2128,curtailment_only,False,10.088346269656158
213,curtailment_only,False,5.118489589781532
2130,curtailment_only,False,12.4007188416009
2131,curtailment_only,False,14.22456359172946
2132,curtailment_only,False,21.945462024974884
2133,curtailment_only,False,14.739663335333134
2134,curtailment_only,False,21.92597034764665
2136,curtailment_only,False,19.1140864263832
2137,curtailment_only,False,14.739663335333134
2138,curtailment_only,False,7.790706598049311
2139,curtailment_only,False,16.99387460307295
214,curtailment_only,False,5.045499895170893
2140,curtailment_only,False,23.863729350377447
2141,curtailment_only,False,7.790706598049311
2142,curtailment_only,False,18.658163344022853
2144,curtailment_only,False,17.92190026402571
2146,curtailment_only,False,21.331141178972672
2147,curtailment_only,False,15.118518550537887
2148,curtailment_only,False,16.24549867216804
2149,curtailment_only,False,14.942424731186382
2150,curtailment_only,False,9.57937082641112
2151,curtailment_only,False,18.52641734580744
2152,curtailment_only,False,20.87846503159154
2154,curtailment_only,False,15.033384107555005
2155,curtailment_only,False,14.92033476661227
2157,curtailment_only,False,19.380820275685355
2158,curtailment_only,False,5.84874089281474
2159,curtailment_only,False,14.665842990247842
216,curtailment_only,False,5.077848038418553
2160,curtailment_only,False,16.224334336830296
2161,curtailment_only,False,11.922925180719664
2163,curtailment_only,False,16.472101461090965
2164,curtailment_only,False,20.789499372138422
2165,curtailment_only,False,11.682029266606817
2167,curtailment_only,False,22.717270255475512
2169,curtailment_only,False,22.25638020445272
217,curtailment_only,False,5.128025119582683
2170,curtailment_only,False,20.285115644322367
2172,curtailment_only,False,21.08585158606541
2173,curtailment_only,False,20.572914343344795
2175,curtailment_only,False,6.124222130592099
2176,curtailment_only,False,15.032689010087186
2177,curtailment_only,False,12.300082465842635
2181,curtailment_only,False,18.43965200140188
2182,curtailment_only,False,21.23686768245079
2184,curtailment_only,False,19.60101635364884
2185,curtailment_only,False,12.442762751618588
2187,curtailment_only,False,15.772980470065416
219,curtailment_only,False,5.1847305763169125
2190,curtailment_only,False,5.753066350163108
2191,curtailment_only,False,18.20728265505463
2194,curtailment_only,False,16.552703123887728
2195,curtailment_only,False,15.423180954512578
2196,curtailment_only,False,22.856056826507206
2199,curtailment_only,False,18.26560509570955
220,curtailment_only,False,5.045499895170893
2200,curtailment_only,False,12.332105758038573
2201,curtailment_only,False,15.780025681278646
2202,curtailment_only,False,16.198493868594888
2204,curtailment_only,False,15.423180954512578
2205,curtailment_only,False,17.563599368388463
2206,curtailment_only,False,19.63732292658448
2207,curtailment_only,False,10.640437808359888
2208,curtailment_only,False,14.454108848901424
221,curtailment_only,False,5.171283814443145
2210,curtailment_only,False,15.963348083232724
2211,curtailment_only,False,12.556344384371949
2212,curtailment_only,False,15.795801525527846
2213,curtailment_only,False,20.65959934821029
2215,curtailment_only,False,10.68852444456296
2218,curtailment_only,False,16.261437445340537
222,curtailment_only,False,5.1847305763169125
2220,curtailment_only,False,12.957208332254414
2221,curtailment_only,False,16.459623859313634
2222,curtailment_only,False,18.178042091132657
2223,curtailment_only,False,19.9584818863319
2224,curtailment_only,False,15.006741280232616
2225,curtailment_only,False,18.21581954103456
2226,curtailment_only,False,11.71136497953526
2228,curtailment_only,False,20.764166362776965
2229,curtailment_only,False,6.427729755205666
223,curtailment_only,False,5.015274905183398
2230,curtailment_only,False,14.89386894242063
2231,curtailment_only,False,19.015719619264267
2232,curtailment_only,False,20.24779634789021
2234,curtailment_only,False,9.442194248919307
2237,curtailment_only,False,15.839427439330768
224,curtailment_only,False,8.441767302997459
2240,curtailment_only,False,15.490306021870444
2241,curtailment_only,False,18.29636659056969
2243,curtailment_only,False,16.573623141312346
2244,curtailment_only,False,6.373237746402495
2246,curtailment_only,False,12.24738432622756
2247,curtailment_only,False,16.00873037401942
2248,curtailment_only,False,8.875119052736993
2249,curtailment_only,False,19.42295465084621
225,curtailment_only,False,5.046987220521381
2250,curtailment_only,False,16.35112012745045
2252,curtailment_only,False,8.70595027228671
2253,curtailment_only,False,18.252290632608844
2255,curtailment_only,False,5.814371591319935
2256,curtailment_only,False,18.82721623587696
2257,curtailment_only,False,15.490306021870444
2260,curtailment_only,False,15.486556078422357
2261,curtailment_only,False,16.865693629845225
2265,curtailment_only,False,5.704526795996551
2266,curtailment_only,False,7.649943742859673
2268,curtailment_only,False,18.909488758512985
2270,curtailment_only,False,10.990558055554104
2271,curtailment_only,False,11.612234489668936
2274,curtailment_only,False,5.791039009143577
2275,curtailment_only,False,15.04677986082186
2279,curtailment_only,False,8.70595027228671
228,curtailment_only,False,10.003033007748307
2281,curtailment_only,False,16.152045752016516
2282,curtailment_only,False,8.530627884611821
2283,curtailment_only,False,5.912079134989677
2288,curtailment_only,False,16.001162657685843
229,curtailment_only,False,8.005451793571732
2291,curtailment_only,False,11.693537464304011
2292,curtailment_only,False,13.86061608108429
2294,curtailment_only,False,12.654153058217576
2298,curtailment_only,False,18.96900060760544
23,curtailment_only,False,5.272235609682643
2302,curtailment_only,False,5.247554705677754
2303,curtailment_only,False,13.796126209429968
2305,curtailment_only,False,17.606968086755664
2307,curtailment_only,False,15.911594690573237
2309,curtailment_only,False,12.455439974702802
231,curtailment_only,False,5.533622196554013
2311,curtailment_only,False,15.899395409370914
2312,curtailment_only,False,5.239922314309659
2313,curtailment_only,False,16.000607648945135
2314,curtailment_only,False,8.692295123552507
2315,curtailment_only,False,15.772796171044876
2316,curtailment_only,False,11.852484371336844
2318,curtailment_only,False,17.607427620383646
2319,curtailment_only,False,17.425691454328025
232,curtailment_only,False,12.56394791500524
2321,curtailment_only,False,18.563822445111075
2323,curtailment_only,False,4.654033885761057
2327,curtailment_only,False,10.122433575170978
2329,curtailment_only,False,5.662256002767176
233,curtailment_only,False,6.689302340164343
2331,curtailment_only,False,7.873735251939294
2333,curtailment_only,False,13.390396128714006
2334,curtailment_only,False,20.54950452626696
2336,curtailment_only,False,5.663594636064594
2337,curtailment_only,False,21.937622302511997
2341,curtailment_only,False,13.463637784072102
2344,curtailment_only,False,9.8650320929898
2346,curtailment_only,False,12.601333846862044
2349,curtailment_only,False,16.070427446558497
235,curtailment_only,False,6.808369829798011
2350,curtailment_only,False,17.615682007069267
2352,curtailment_only,False,12.468422014685906
2353,curtailment_only,False,20.540386379755624
2354,curtailment_only,False,19.83375211041476
2357,curtailment_only,False,5.65967542102318
2358,curtailment_only,False,8.687584876221631
2360,curtailment_only,False,15.556802731344732
2364,curtailment_only,False,15.772796171044876
2365,curtailment_only,False,18.413229434297023
2366,curtailment_only,False,5.756902956360856
2367,curtailment_only,False,15.378798934182884
2369,curtailment_only,False,15.742561782497946
237,curtailment_only,False,6.808838569061168
2370,curtailment_only,False,17.73215016804162
2372,curtailment_only,False,8.687584876221631
2373,curtailment_only,False,15.111426116936691
2374,curtailment_only,False,10.26203569477414
2375,curtailment_only,False,15.32790335169879
2377,curtailment_only,False,16.481116148366667
2378,curtailment_only,False,17.855452493853246
2379,curtailment_only,False,15.646811063175557
238,curtailment_only,False,5.285040479838194
2380,curtailment_only,False,11.093851473114157
2381,curtailment_only,False,15.56579153166036
2382,curtailment_only,False,15.138484353317368
2383,curtailment_only,False,17.02741266008106
2384,curtailment_only,False,16.01740194005701
2386,curtailment_only,False,15.74407265213848
2387,curtailment_only,False,21.395368443537567
2389,curtailment_only,False,5.752259426011564
2390,curtailment_only,False,15.63496904180668
2391,curtailment_only,False,15.556802731344732
2392,curtailment_only,False,20.953724540511477
2398,curtailment_only,False,20.46946292880563
2399,curtailment_only,False,17.42984214718714
24,curtailment_only,False,5.323534624123081
2404,curtailment_only,False,21.236964462865807
2405,curtailment_only,False,19.64219846083967
2406,curtailment_only,False,17.828568650965014
2407,curtailment_only,False,13.179486830661652
2408,curtailment_only,False,17.38409001247551
2409,curtailment_only,False,19.96657035288049
2410,curtailment_only,False,13.392604606386788
2414,curtailment_only,False,13.86991485425176
2416,curtailment_only,False,21.189013432930125
2418,curtailment_only,False,13.602473936812864
2419,curtailment_only,False,13.86991485425176
2420,curtailment_only,False,13.86991485425176
2421,curtailment_only,False,13.719101832974925
2422,curtailment_only,False,19.83174602264653
2423,curtailment_only,False,16.818081625029915
2424,curtailment_only,False,19.83174602264653
2426,curtailment_only,False,20.55713127364482
2427,curtailment_only,False,20.341535847268315
2429,curtailment_only,False,17.481009857203894
243,curtailment_only,False,8.059724362988945
2430,curtailment_only,False,17.288138546742932
2431,curtailment_only,False,13.072826024960008
2432,curtailment_only,False,19.5510113994087
2435,curtailment_only,False,13.839942031513532
2437,curtailment_only,False,18.775967126077173
2438,curtailment_only,False,19.382971806450605
2439,curtailment_only,False,19.484973079502677
244,curtailment_only,False,8.059724362988945
2440,curtailment_only,False,16.573556342973013
2441,curtailment_only,False,19.76050505366171
2442,curtailment_only,False,12.866272614888327
2443,curtailment_only,False,21.26255123303067
2444,curtailment_only,False,20.802734937102237
2445,curtailment_only,False,19.772148053679167
2446,curtailment_only,False,13.86991485425176
2447,curtailment_only,False,18.775967126077173
2448,curtailment_only,False,19.200609933152677
2449,curtailment_only,False,13.793373768400873
245,curtailment_only,False,7.338134662001069
2450,curtailment_only,False,13.742105768079153
2451,curtailment_only,False,13.839782264012726
2454,curtailment_only,False,19.512467070669523
2455,curtailment_only,False,19.512565888603135
2458,curtailment_only,False,17.44458853097768
246,curtailment_only,False,4.913603620647203
2460,curtailment_only,False,11.75182141396714
2461,curtailment_only,False,15.74407265213848
2463,curtailment_only,False,19.50222061073584
2464,curtailment_only,False,9.57937082641112
2465,curtailment_only,False,18.57690813812908
2466,curtailment_only,False,8.217300341580344
2467,curtailment_only,False,5.793881639435536
2469,curtailment_only,False,15.190428220459374
2472,curtailment_only,False,22.01233104832061
2475,curtailment_only,False,12.222654156103422
2476,curtailment_only,False,19.50222061073584
2477,curtailment_only,False,9.69073900331643
2478,curtailment_only,False,8.316095742523652
2479,curtailment_only,False,17.685486559589297
2480,curtailment_only,False,5.725211959989897
2481,curtailment_only,False,7.635216248364466
2484,curtailment_only,False,16.44296379224027
2486,curtailment_only,False,19.560051219588168
249,curtailment_only,False,8.689191648052178
2491,curtailment_only,False,15.158027436454397
2495,curtailment_only,False,8.316095742523652
2496,curtailment_only,False,19.978312661118217
2499,curtailment_only,False,10.688294102467736
25,curtailment_only,False,8.22280736702492
250,curtailment_only,False,4.965994537184772
2500,curtailment_only,False,20.978546414373746
2503,curtailment_only,False,8.66560242402365
2504,curtailment_only,False,17.7450698869613
2505,curtailment_only,False,10.63607201436218
2506,curtailment_only,False,22.86529947133256
2507,curtailment_only,False,18.92073686571313
251,curtailment_only,False,4.965994537184772
2510,curtailment_only,False,6.376988317548621
2515,curtailment_only,False,8.66560242402365
2518,curtailment_only,False,16.949647829370132
2519,curtailment_only,False,22.013457822890757
252,curtailment_only,False,10.533907917919326
2522,curtailment_only,False,22.48732067368744
2530,curtailment_only,False,21.37604571004942
2533,curtailment_only,False,17.75050265086819
2534,curtailment_only,False,20.16146510424471
2535,curtailment_only,False,15.677646160017042
2537,curtailment_only,False,18.29441126037888
254,curtailment_only,False,10.370155140996827
2541,curtailment_only,False,11.544274899917502
2542,curtailment_only,False,15.869668254883312
2543,curtailment_only,False,15.94252874724217
2544,curtailment_only,False,11.400341835129296
2545,curtailment_only,False,14.03606688175214
2547,curtailment_only,False,18.931244931294053
2550,curtailment_only,False,18.29508919371473
2551,curtailment_only,False,10.40455152552223
2552,curtailment_only,False,15.112515030833114
2554,curtailment_only,False,23.58874431572533
2555,curtailment_only,False,12.126914322558848
2557,curtailment_only,False,22.758202833010884
2559,curtailment_only,False,12.815626411766724
2560,curtailment_only,False,9.190178994416168
2561,curtailment_only,False,23.1744792947294
2562,curtailment_only,False,10.614018270334606
2566,curtailment_only,False,23.237318831214107
2568,curtailment_only,False,12.687525601848384
2569,curtailment_only,False,10.422986825918764
257,curtailment_only,False,4.920539139841296
2570,curtailment_only,False,15.46117173973422
2571,curtailment_only,False,22.66106761775466
2573,curtailment_only,False,12.605928056983627
2574,curtailment_only,False,23.016808402527097
2577,curtailment_only,False,14.604735414724336
2578,curtailment_only,False,5.447646333116234
258,curtailment_only,False,4.921465544827102
2581,curtailment_only,False,5.495289223010159
2582,curtailment_only,False,12.849031745666602
2585,curtailment_only,False,17.642946079394566
2588,curtailment_only,False,21.38386861956511
2589,curtailment_only,False,17.083464269166615
259,curtailment_only,False,12.540838878151805
2590,curtailment_only,False,12.849031745666602
2593,curtailment_only,False,17.525682828633034
2596,curtailment_only,False,19.01416642105711
2597,curtailment_only,False,15.107770214489912
26,curtailment_only,False,5.2500165757572725
260,curtailment_only,False,5.279234963676535
2600,curtailment_only,False,16.743793530854557
2601,curtailment_only,False,14.433249300828653
2602,curtailment_only,False,14.826097017168587
2603,curtailment_only,False,19.19106498635501
2606,curtailment_only,False,14.434051514699616
2607,curtailment_only,False,15.795886232233562
2609,curtailment_only,False,15.09202823649556
261,curtailment_only,False,5.279234963676535
2610,curtailment_only,False,14.63698638506164
2614,curtailment_only,False,15.55063876218182
2615,curtailment_only,False,16.11635673829486
2616,curtailment_only,False,18.341742384773664
2617,curtailment_only,False,13.443702040681265
2618,curtailment_only,False,14.973225354413644
2619,curtailment_only,False,14.923094582168623
262,curtailment_only,False,7.888772817632242
2620,curtailment_only,False,9.677924288963014
2621,curtailment_only,False,8.799211439670982
2622,curtailment_only,False,16.073412192939706
2623,curtailment_only,False,17.469380268568216
2627,curtailment_only,False,16.028378469170374
2630,curtailment_only,False,15.608276970434169
2631,curtailment_only,False,12.8716302594801
2632,curtailment_only,False,16.069386788465
2636,curtailment_only,False,17.994119280709278
2637,curtailment_only,False,16.03198917696344
2638,curtailment_only,False,16.775730267154035
2640,curtailment_only,False,15.608276970434169
2641,curtailment_only,False,12.46141423000623
2643,curtailment_only,False,17.994119280709278
2647,curtailment_only,False,17.734225741824492
2650,curtailment_only,False,5.513449640921723
2651,curtailment_only,False,20.285115644322367
2655,curtailment_only,False,15.27698042635989
2656,curtailment_only,False,16.21534444663055
2657,curtailment_only,False,19.233195999115363
2659,curtailment_only,False,15.2866716805952
266,curtailment_only,False,8.64058425077892
2660,curtailment_only,False,13.949656014712488
2664,curtailment_only,False,15.97034143560926
2669,curtailment_only,False,12.477284030088455
2670,curtailment_only,False,17.994119280709278
2672,curtailment_only,False,16.11400884193846
2673,curtailment_only,False,15.608276970434169
2674,curtailment_only,False,17.99233889366712
2675,curtailment_only,False,14.762590171034423
2679,curtailment_only,False,17.299887807358083
2681,curtailment_only,False,12.574660950021268
2683,curtailment_only,False,17.65924496603174
2684,curtailment_only,False,15.661719317205456
2685,curtailment_only,False,22.276904081796857
2687,curtailment_only,False,8.7640237814365
2689,curtailment_only,False,12.15194894679325
269,curtailment_only,False,5.201671138343733
2690,curtailment_only,False,16.688534574092376
2691,curtailment_only,False,20.111921216632677
2694,curtailment_only,False,15.172157149933811
2696,curtailment_only,False,14.87518081284738
2698,curtailment_only,False,16.447649745734587
27,curtailment_only,False,5.2500165757572725
2701,curtailment_only,False,12.42198468193962
2703,curtailment_only,False,22.280528755939816
2705,curtailment_only,False,14.49771912509214
2706,curtailment_only,False,18.162561021323505
2709,curtailment_only,False,12.42198468193962
2714,curtailment_only,False,16.3550942839842
2715,curtailment_only,False,15.280388676445105
2718,curtailment_only,False,17.683233381414805
2719,curtailment_only,False,15.98229857198976
272,curtailment_only,False,12.89235870615314
2722,curtailment_only,False,15.72351121039581
2723,curtailment_only,False,19.362453646658345
2724,curtailment_only,False,23.30716856997105
2726,curtailment_only,False,20.584670186850666
2727,curtailment_only,False,17.115743357548606
273,curtailment_only,False,13.524159916585615
2731,curtailment_only,False,12.104326345598304
2732,curtailment_only,False,8.121349096123401
2738,curtailment_only,False,18.154073283361274
2743,curtailment_only,False,12.29794820614053
2744,curtailment_only,False,19.106835272974607
2749,curtailment_only,False,8.43264404007691
275,curtailment_only,False,5.1118767158497205
2750,curtailment_only,False,15.029597557525664
2752,curtailment_only,False,16.553849996148358
2753,curtailment_only,False,16.77388053728632
2756,curtailment_only,False,20.267312510717623
2758,curtailment_only,False,19.398172246648308
2759,curtailment_only,False,16.651742588126744
276,curtailment_only,False,9.237402863641218
2760,curtailment_only,False,19.68966139726653
2762,curtailment_only,False,15.084039424794527
2763,curtailment_only,False,15.180824401094492
2764,curtailment_only,False,23.19574355876821
2767,curtailment_only,False,15.309540019473268
2769,curtailment_only,False,17.823427776716812
277,curtailment_only,False,6.314173716412718
2770,curtailment_only,False,18.03603082653256
2772,curtailment_only,False,15.12918846632292
2773,curtailment_only,False,15.396182470415631
2774,curtailment_only,False,17.507829850182766
2778,curtailment_only,False,19.24514183767425
278,curtailment_only,False,9.448483223509356
2781,curtailment_only,False,15.141862220183272
2782,curtailment_only,False,8.163538826074678
2784,curtailment_only,False,16.760464132006447
2785,curtailment_only,False,11.847678431365969
2786,curtailment_only,False,15.6842345991832
2787,curtailment_only,False,16.173143210535596
2790,curtailment_only,False,15.556802731344732
2791,curtailment_only,False,21.82442446231394
2795,curtailment_only,False,17.188597685920154
2797,curtailment_only,False,14.754554124547903
2799,curtailment_only,False,14.827820787394938
28,curtailment_only,False,10.777903091747651
2803,curtailment_only,False,11.95786307799249
2805,curtailment_only,False,19.524359980060375
2806,curtailment_only,False,14.826347050492334
2808,curtailment_only,False,15.31226293006399
2810,curtailment_only,False,14.782915361546108
2811,curtailment_only,False,20.89478144971261
2813,curtailment_only,False,15.354430427768248
2816,curtailment_only,False,10.667758629415824
2818,curtailment_only,False,15.44862543575453
2819,curtailment_only,False,13.864860613046131
2820,curtailment_only,False,20.06735714485288
2821,curtailment_only,False,9.844743309567564
2823,curtailment_only,False,8.581757248387566
2826,curtailment_only,False,20.52746735315176
2828,curtailment_only,False,10.524085159018652
2829,curtailment_only,False,11.546596162743665
283,curtailment_only,False,7.429925939950957
2831,curtailment_only,False,16.78480346245693
2833,curtailment_only,False,16.93752519208794
2838,curtailment_only,False,10.437359839073848
2839,curtailment_only,False,8.700477205040096
2841,curtailment_only,False,10.484909085010386
2842,curtailment_only,False,14.2368340653113
2844,curtailment_only,False,12.551239526364098
2848,curtailment_only,False,5.72604149449391
2849,curtailment_only,False,17.041603465434434
285,curtailment_only,False,5.214917286749761
2854,curtailment_only,False,10.758226995479667
2856,curtailment_only,False,16.696780031875992
2857,curtailment_only,False,19.60290820415547
286,curtailment_only,False,10.576216422878543
2860,curtailment_only,False,11.843795095227303
2861,curtailment_only,False,11.962855175676513
2863,curtailment_only,False,20.23853447799379
2865,curtailment_only,False,16.181025177618356
2867,curtailment_only,False,19.98280407487436
2869,curtailment_only,False,8.769855119947223
2871,curtailment_only,False,8.762499788934841
2875,curtailment_only,False,10.02628121475994
2877,curtailment_only,False,7.438461006711465
2878,curtailment_only,False,18.06619773213934
288,curtailment_only,False,10.447699074235384
2881,curtailment_only,False,12.819371664962237
2882,curtailment_only,False,8.179963945114547
2883,curtailment_only,False,19.673497426575214
2884,curtailment_only,False,21.179832801989868
2886,curtailment_only,False,7.54882864573969
2889,curtailment_only,False,5.46666512553974
289,curtailment_only,False,8.23186694800801
2890,curtailment_only,False,16.45241421733591
2892,curtailment_only,False,8.87010971436252
2893,curtailment_only,False,12.425271913164336
2898,curtailment_only,False,19.247541081793894
2899,curtailment_only,False,10.192642520122668
29,curtailment_only,False,8.227376975107566
290,curtailment_only,False,4.9373936509463725
2901,curtailment_only,False,21.29956124280248
2902,curtailment_only,False,12.261127521167298
2906,curtailment_only,False,18.041563519213884
2907,curtailment_only,False,18.02641044984551
2908,curtailment_only,False,13.908533970101193
291,curtailment_only,False,7.732229956181217
2910,curtailment_only,False,14.625181374328292
2913,curtailment_only,False,14.087490845120028
2914,curtailment_only,False,5.381452737444982
2915,curtailment_only,False,16.289627220193417
2916,curtailment_only,False,14.998655270468976
2918,curtailment_only,False,15.29402395883356
2919,curtailment_only,False,16.00038085238587
292,curtailment_only,False,6.569390722145116
2921,curtailment_only,False,13.581491631314286
2923,curtailment_only,False,12.38100300020104
2925,curtailment_only,False,16.219415805018507
2926,curtailment_only,False,14.900190892971342
2928,curtailment_only,False,15.196153974337877
2929,curtailment_only,False,19.96533037354236
293,curtailment_only,False,5.10710437749243
2930,curtailment_only,False,17.859955275873876
2932,curtailment_only,False,5.060352922497968
2935,curtailment_only,False,15.145595965594676
2936,curtailment_only,False,15.626663105939008
2938,curtailment_only,False,13.318576098799449
294,curtailment_only,False,5.093464047700018
2940,curtailment_only,False,5.165223117873667
2941,curtailment_only,False,12.5588417751753
2942,curtailment_only,False,12.08314973218731
2944,curtailment_only,False,8.548913524494527
2945,curtailment_only,False,15.089736416843555
2946,curtailment_only,False,5.228713532038933
2947,curtailment_only,False,18.41547369286221
2948,curtailment_only,False,18.02884981398937
295,curtailment_only,False,4.951963891957194
2950,curtailment_only,False,12.275973998008912
2954,curtailment_only,False,19.51409215648132
2955,curtailment_only,False,12.275973998008912
2962,curtailment_only,False,17.64903705925986
2963,curtailment_only,False,18.968520800333422
2964,curtailment_only,False,20.118598323153563
2965,curtailment_only,False,11.479552598262917
2967,curtailment_only,False,11.64030744063729
2968,curtailment_only,False,16.12542228435251
2971,curtailment_only,False,23.93110366711637
2972,curtailment_only,False,14.5913344884373
2975,curtailment_only,False,16.35759563209213
2977,curtailment_only,False,9.583202087671769
2979,curtailment_only,False,9.352572485209878
2980,curtailment_only,False,16.723552584531365
2986,curtailment_only,False,5.520083004713131
2987,curtailment_only,False,19.330803423841143
2993,curtailment_only,False,11.642443610752036
2995,curtailment_only,False,14.66851473016391
2998,curtailment_only,False,8.650066755724033
30,curtailment_only,False,5.49472631973049
300,curtailment_only,False,11.504511233463829
3000,curtailment_only,False,8.356382178237832
3002,curtailment_only,False,9.663446772532422
3005,curtailment_only,False,6.023384364855842
3006,curtailment_only,False,6.065668716225596
301,curtailment_only,False,5.145673758605311
3011,curtailment_only,False,14.15170521162114
3012,curtailment_only,False,16.126110835153128
3015,curtailment_only,False,5.651186010747351
3016,curtailment_only,False,5.655119518731375
3017,curtailment_only,False,5.404421902008022
302,curtailment_only,False,5.212817343481839
3026,curtailment_only,False,6.694749146849862
303,curtailment_only,False,5.224585105506202
3037,curtailment_only,False,9.28006220156178
3039,curtailment_only,False,12.04503182606032
304,curtailment_only,False,9.720342743854852
3042,curtailment_only,False,12.25809292068092
3043,curtailment_only,False,9.281654569931376
3044,curtailment_only,False,5.159476878617835
3046,curtailment_only,False,12.279889196238225
3047,curtailment_only,False,12.294520810586288
305,curtailment_only,False,11.37231144135381
3052,curtailment_only,False,5.410943031642645
3055,curtailment_only,False,1.927140857564212
3057,curtailment_only,False,7.26647186953294
3058,curtailment_only,False,5.439642449342776
306,curtailment_only,False,4.6657873131170975
3066,curtailment_only,False,12.800630481973222
3068,curtailment_only,False,9.023518006109782
3071,curtailment_only,False,9.32685873116036
3087,curtailment_only,False,4.957016780845434
309,curtailment_only,False,11.072471995507003
3090,curtailment_only,False,10.11698768037765
3092,curtailment_only,False,4.789565915061843
3098,curtailment_only,False,21.677008955051747
3099,curtailment_only,False,8.513312778144826
3101,curtailment_only,False,8.945391658379373
3104,curtailment_only,False,12.623582394227082
3107,curtailment_only,False,25.79895811050724
3108,curtailment_only,False,3.436485541119376
3109,curtailment_only,False,21.70419483757908
311,curtailment_only,False,4.988773938644555
3112,curtailment_only,False,20.31273939899592
3114,curtailment_only,False,4.870797027197951
3117,curtailment_only,False,22.46217026069605
3118,curtailment_only,False,7.246902908383045
3123,curtailment_only,False,22.46217026069605
3125,curtailment_only,False,27.151518395956977
3128,curtailment_only,False,3.512543043753007
313,curtailment_only,False,10.667942924606756
3130,curtailment_only,False,5.777706227731969
3132,curtailment_only,False,22.395699672497702
3133,curtailment_only,False,5.806586223806957
3135,curtailment_only,False,9.606068077863684
3136,curtailment_only,False,20.35927691343432
3138,curtailment_only,False,24.87249622453936
314,curtailment_only,False,8.348373974623483
3141,curtailment_only,False,24.247293920573064
3143,curtailment_only,False,22.591681551655512
3145,curtailment_only,False,3.4322745542087465
3146,curtailment_only,False,20.317095301022423
3147,curtailment_only,False,21.10624353972032
3149,curtailment_only,False,7.374735477713858
3151,curtailment_only,False,20.6790598899096
3152,curtailment_only,False,19.19106498635501
3153,curtailment_only,False,1.7850138762565888
3155,curtailment_only,False,25.572146138685035
3156,curtailment_only,False,14.148215438496958
3157,curtailment_only,False,19.19106498635501
3158,curtailment_only,False,6.716341598790508
3159,curtailment_only,False,23.941787629040352
316,curtailment_only,False,10.191241498725468
3161,curtailment_only,False,22.46217026069605
3164,curtailment_only,False,24.77010832066036
3166,curtailment_only,False,23.75909555492151
3167,curtailment_only,False,4.986787274230895
3169,curtailment_only,False,24.64405943484672
3172,curtailment_only,False,2.4415329295722388
3173,curtailment_only,False,22.01128965005312
3175,curtailment_only,False,21.943219496096283
3176,curtailment_only,False,8.758574132512406
3177,curtailment_only,False,19.878929844336515
3178,curtailment_only,False,7.278200032825729
3181,curtailment_only,False,22.49957774871896
3182,curtailment_only,False,22.64951080236373
3184,curtailment_only,False,7.097987778062093
3186,curtailment_only,False,22.24454151178517
3188,curtailment_only,False,19.716412776180817
3189,curtailment_only,False,23.396989494322145
319,curtailment_only,False,8.005451793571732
3190,curtailment_only,False,3.548915375123845
3192,curtailment_only,False,6.988285384688764
3193,curtailment_only,False,24.64405943484672
3195,curtailment_only,False,20.30920119478132
3196,curtailment_only,False,20.10730389814329
3198,curtailment_only,False,6.368610105226122
32,curtailment_only,False,10.214385081606416
320,curtailment_only,False,9.70683429861844
3200,curtailment_only,False,6.244716509104086
3201,curtailment_only,False,3.354363483416217
3203,curtailment_only,False,6.69769906588345
3204,curtailment_only,False,5.424037153650146
3205,curtailment_only,False,19.75548479435197
3207,curtailment_only,False,8.592252718346204
3210,curtailment_only,False,21.71959602460716
3211,curtailment_only,False,6.847942167805679
3214,curtailment_only,False,24.27455182722704
3215,curtailment_only,False,19.794979259723696
3216,curtailment_only,False,23.97905962668579
3218,curtailment_only,False,23.72799552671029
3219,curtailment_only,False,3.0566873898203744
3221,curtailment_only,False,9.102566799324258
3228,curtailment_only,False,3.401816817909031
3230,curtailment_only,False,21.191938807046466
3231,curtailment_only,False,1.890607628035184
3233,curtailment_only,False,10.12758374123934
3235,curtailment_only,False,24.91462221727441
3238,curtailment_only,False,24.62713179503757
3239,curtailment_only,False,1.881247010082277
3242,curtailment_only,False,1.7579676582795578
3245,curtailment_only,False,7.411646707454779
3246,curtailment_only,False,1.890607628035184
3249,curtailment_only,False,25.124227034801365
3250,curtailment_only,False,24.86610619980392
3251,curtailment_only,False,3.2573281283475635
3254,curtailment_only,False,24.62582024851054
3256,curtailment_only,False,5.456696689063609
3257,curtailment_only,False,7.015005199958712
3258,curtailment_only,False,24.535320118729185
326,curtailment_only,False,10.542989373407016
3260,curtailment_only,False,3.234589110938236
3262,curtailment_only,False,25.15172908434142
3263,curtailment_only,False,24.59445041947125
3266,curtailment_only,False,20.86082423772606
3267,curtailment_only,False,21.203859220137225
3268,curtailment_only,False,3.367807436815431
3274,curtailment_only,False,25.84366270813847
3275,curtailment_only,False,7.018239608274349
3276,curtailment_only,False,8.577673616967473
3279,curtailment_only,False,24.548133612510725
3282,curtailment_only,False,21.45113039847194
3285,curtailment_only,False,24.102455548277867
3288,curtailment_only,False,1.8480110980241808
329,curtailment_only,False,10.598405735259457
3290,curtailment_only,False,6.315529850768948
3292,curtailment_only,False,23.959369369593414
3293,curtailment_only,False,20.86082423772606
3295,curtailment_only,False,23.256344164873703
3297,curtailment_only,False,3.372624742789027
3298,curtailment_only,False,25.34718586209612
3299,curtailment_only,False,22.45048264737852
33,curtailment_only,False,10.155919176830375
3300,curtailment_only,False,24.23746234269165
3301,curtailment_only,False,6.356243575536079
3303,curtailment_only,False,23.263037807873907
3306,curtailment_only,False,21.80704641159809
3311,curtailment_only,False,23.471401551674305
3315,curtailment_only,False,22.110660674314644
3316,curtailment_only,False,24.102455548277867
3317,curtailment_only,False,6.9090697532763
332,curtailment_only,False,9.678631962730249
3321,curtailment_only,False,8.155299627945892
3322,curtailment_only,False,6.977424789179514
3323,curtailment_only,False,3.30574393339646
3325,curtailment_only,False,25.826734457279205
3328,curtailment_only,False,10.212174285237737
3330,curtailment_only,False,6.968574203107704
3332,curtailment_only,False,3.2853500580295965
3335,curtailment_only,False,21.076755075926357
3336,curtailment_only,False,25.02345185368032
3337,curtailment_only,False,25.23757628229
3340,curtailment_only,False,25.003802995283344
3343,curtailment_only,False,7.018239608274349
3344,curtailment_only,False,5.842428719043409
3345,curtailment_only,False,3.508122213169765
3346,curtailment_only,False,8.111820050837915
3348,curtailment_only,False,3.493502081820333
3349,curtailment_only,False,24.218698483716647
3350,curtailment_only,False,24.43686720528249
3351,curtailment_only,False,6.9090697532763
3353,curtailment_only,False,20.160432529818813
3354,curtailment_only,False,3.448091704209191
3355,curtailment_only,False,3.300282870982485
3356,curtailment_only,False,6.705789316479199
3359,curtailment_only,False,6.307772426277747
3360,curtailment_only,False,24.64565461146428
3362,curtailment_only,False,8.703825579359782
3363,curtailment_only,False,22.95602349274328
3364,curtailment_only,False,25.11451529581944
3367,curtailment_only,False,7.549491148521876
3370,curtailment_only,False,23.53822881775062
3371,curtailment_only,False,23.37947230987351
3372,curtailment_only,False,1.8990326044195989
3373,curtailment_only,False,5.844629255992432
3376,curtailment_only,False,20.04455253286156
3377,curtailment_only,False,7.535372475431109
3378,curtailment_only,False,24.232411978657083
3381,curtailment_only,False,3.496681715006169
3382,curtailment_only,False,20.167162582845
3383,curtailment_only,False,7.822918044657912
3384,curtailment_only,False,23.204203061209952
3386,curtailment_only,False,24.891480587286058
3387,curtailment_only,False,1.7028200290066302
339,curtailment_only,False,5.210402294544045
3391,curtailment_only,False,2.5008402247785906
3393,curtailment_only,False,22.141870818436796
3394,curtailment_only,False,9.185654542431148
3395,curtailment_only,False,23.71754911103591
3397,curtailment_only,False,21.13478977021213
3398,curtailment_only,False,6.601876170059415
340,curtailment_only,False,5.210402294544045
3400,curtailment_only,False,23.065820133235523
3401,curtailment_only,False,22.610056249638163
3402,curtailment_only,False,24.146494553860045
3403,curtailment_only,False,23.586136829813285
3405,curtailment_only,False,9.51771649320656
3406,curtailment_only,False,23.436382481966525
3407,curtailment_only,False,4.830113554724197
341,curtailment_only,False,5.047671077575618
3410,curtailment_only,False,9.818241754814627
3413,curtailment_only,False,11.924494035355794
3417,curtailment_only,False,4.929171268629786
3419,curtailment_only,False,8.924566892929066
342,curtailment_only,False,5.047671077575618
3420,curtailment_only,False,7.119795134478277
3421,curtailment_only,False,23.134334013038792
3422,curtailment_only,False,25.262282004619603
3425,curtailment_only,False,23.57461963584955
3427,curtailment_only,False,23.134334013038792
3428,curtailment_only,False,25.45869043250556
3432,curtailment_only,False,12.279889196238225
3433,curtailment_only,False,3.384736384854849
3435,curtailment_only,False,22.958158107175333
3437,curtailment_only,False,1.8072982111097389
3438,curtailment_only,False,12.204530757671902
3439,curtailment_only,False,5.755239647761491
344,curtailment_only,False,5.411297278012318
3441,curtailment_only,False,25.81152553561118
3444,curtailment_only,False,9.066930730363726
3446,curtailment_only,False,19.808355524515605
3447,curtailment_only,False,24.090456494885064
3448,curtailment_only,False,24.59445041947125
345,curtailment_only,False,5.359749081160492
3450,curtailment_only,False,3.34175869389405
3451,curtailment_only,False,23.847711997361746
3452,curtailment_only,False,25.50426460794233
3457,curtailment_only,False,19.610607681184675
3458,curtailment_only,False,21.10624353972032
3459,curtailment_only,False,6.052956227436388
3460,curtailment_only,False,20.316656579421565
3461,curtailment_only,False,24.932252771510107
3462,curtailment_only,False,7.992655696347984
3463,curtailment_only,False,26.35728752901876
3468,curtailment_only,False,8.677129799439676
3469,curtailment_only,False,25.68984661194448
3470,curtailment_only,False,8.312824621591195
3471,curtailment_only,False,23.3193484905608
3473,curtailment_only,False,25.00667391841128
3474,curtailment_only,False,23.611976114795496
3475,curtailment_only,False,23.507913801939157
348,curtailment_only,False,9.10787908682355
3482,curtailment_only,False,1.8763873714828327
3484,curtailment_only,False,5.058179755885341
3485,curtailment_only,False,23.48147189128205
3487,curtailment_only,False,1.6200163748268812
3488,curtailment_only,False,25.64346251869947
349,curtailment_only,False,8.488153252966354
3494,curtailment_only,False,23.314070725834565
3495,curtailment_only,False,22.565087225450068
3498,curtailment_only,False,9.627620314815625
35,curtailment_only,False,8.453936097404558
350,curtailment_only,False,9.116742368259697
3500,curtailment_only,False,21.10624353972032
3501,curtailment_only,False,19.850431492801697
3503,curtailment_only,False,3.369829860309244
3506,curtailment_only,False,7.207290018609775
3507,curtailment_only,False,25.085225748271327
351,curtailment_only,False,4.8626582649130645
3511,curtailment_only,False,24.732710556873588
3512,curtailment_only,False,1.8801691328637853
3513,curtailment_only,False,24.45772178616992
3514,curtailment_only,False,6.364842576480925
3516,curtailment_only,False,22.318375001926164
3517,curtailment_only,False,3.29156033899061
3519,curtailment_only,False,21.10624353972032
352,curtailment_only,False,4.965421830526622
3521,curtailment_only,False,23.738944658922048
3523,curtailment_only,False,26.153174133423185
3525,curtailment_only,False,19.788444100715285
3527,curtailment_only,False,9.133418882484255
3528,curtailment_only,False,6.959521273907932
3529,curtailment_only,False,24.34501697911305
353,curtailment_only,False,4.823196374962969
3531,curtailment_only,False,22.252976185740383
3532,curtailment_only,False,19.95506515212458
3537,curtailment_only,False,3.3254921508967983
3538,curtailment_only,False,1.941569936180332
3539,curtailment_only,False,20.454127926806944
3540,curtailment_only,False,20.87229060720156
3542,curtailment_only,False,6.583772729317567
3543,curtailment_only,False,23.56574785560753
3545,curtailment_only,False,7.625142842599406
3547,curtailment_only,False,21.84638830557476
3548,curtailment_only,False,24.301064270267823
3549,curtailment_only,False,6.313385435044655
3552,curtailment_only,False,20.0413002659485
3554,curtailment_only,False,2.6914740401579755
3555,curtailment_only,False,24.301064270267823
3556,curtailment_only,False,20.55345999367693
356,curtailment_only,False,4.823196374962969
3561,curtailment_only,False,3.341540781086596
3562,curtailment_only,False,6.600178623111301
3563,curtailment_only,False,19.71618594288478
3565,curtailment_only,False,24.93287177435583
3566,curtailment_only,False,21.70419483757908
3567,curtailment_only,False,9.40438668969071
3569,curtailment_only,False,23.669620061874387
357,curtailment_only,False,4.826100690799022
3572,curtailment_only,False,20.39229033949362
3573,curtailment_only,False,24.93287177435583
3574,curtailment_only,False,20.510771500515865
3576,curtailment_only,False,4.95393384972171
3579,curtailment_only,False,20.33736367038687
358,curtailment_only,False,4.853617105111738
3580,curtailment_only,False,23.611976114795496
3581,curtailment_only,False,3.989545570426504
3582,curtailment_only,False,8.11610693249255
3584,curtailment_only,False,25.888805539550702
3585,curtailment_only,False,23.353827617495625
3586,curtailment_only,False,3.493364833277353
3587,curtailment_only,False,21.51914831368429
3589,curtailment_only,False,23.353827617495625
359,curtailment_only,False,4.865334988177846
3590,curtailment_only,False,26.857764222043564
3591,curtailment_only,False,22.00109493937196
3594,curtailment_only,False,5.248793449254206
3596,curtailment_only,False,21.70564252024884
3597,curtailment_only,False,19.88011676707464
3598,curtailment_only,False,20.510771500515865
36,curtailment_only,False,8.187187492650855
360,curtailment_only,False,4.865334988177846
3601,curtailment_only,False,23.859915162735884
3603,curtailment_only,False,7.197454415599359
3605,curtailment_only,False,5.1343915392017605
3607,curtailment_only,False,7.893725477813405
3609,curtailment_only,False,19.00178380310056
361,curtailment_only,False,7.089381907932275
3611,curtailment_only,False,20.077245813405376
3613,curtailment_only,False,6.508657628375837
3615,curtailment_only,False,22.804064230277085
3617,curtailment_only,False,3.3335137585840484
362,curtailment_only,False,9.301291937749882
3620,curtailment_only,False,20.94531990250991
3621,curtailment_only,False,6.692431504739128
3624,curtailment_only,False,24.62407000644253
3626,curtailment_only,False,21.727913801206007
3628,curtailment_only,False,24.691901484663248
3630,curtailment_only,False,3.753923771970754
3632,curtailment_only,False,3.5510480394062687
3634,curtailment_only,False,3.5510480394062687
3637,curtailment_only,False,25.820579400269768
3638,curtailment_only,False,19.45933723201481
3639,curtailment_only,False,26.530630710926054
364,curtailment_only,False,5.346174798856365
3641,curtailment_only,False,7.778542610020721
3645,curtailment_only,False,19.370467730161035
3648,curtailment_only,False,2.0029933253050864
3649,curtailment_only,False,23.89452297944811
3651,curtailment_only,False,23.70417664817333
3653,curtailment_only,False,4.947209704717137
3654,curtailment_only,False,18.74340036822433
366,curtailment_only,False,7.622247658508479
3661,curtailment_only,False,6.215507485095683
3665,curtailment_only,False,19.718291706652508
3666,curtailment_only,False,20.831107112076246
3667,curtailment_only,False,9.364224963119089
3668,curtailment_only,False,9.112033878410092
3669,curtailment_only,False,24.745210092270387
367,curtailment_only,False,5.0967783052348885
3673,curtailment_only,False,7.071472806221212
3674,curtailment_only,False,19.77886252719226
3676,curtailment_only,False,10.350343997267856
3677,curtailment_only,False,23.30511973582357
3678,curtailment_only,False,24.89750589973361
368,curtailment_only,False,5.0967783052348885
3680,curtailment_only,False,22.66657916598616
3681,curtailment_only,False,21.865483129507894
3682,curtailment_only,False,25.24683022850561
3683,curtailment_only,False,24.823253781963015
3685,curtailment_only,False,11.069866682187778
3686,curtailment_only,False,1.9345529810295612
3687,curtailment_only,False,3.3896581801167565
3689,curtailment_only,False,8.886260924469303
369,curtailment_only,False,5.015274905183398
3690,curtailment_only,False,26.430952868654785
3691,curtailment_only,False,24.0253257644178
3693,curtailment_only,False,24.17008005426746
3696,curtailment_only,False,24.07346204451084
3699,curtailment_only,False,11.205905258885442
37,curtailment_only,False,4.978546878380561
370,curtailment_only,False,5.015274905183398
3700,curtailment_only,False,24.398700489042557
3701,curtailment_only,False,8.500298852139794
3702,curtailment_only,False,26.23035138174148
3707,curtailment_only,False,3.408865594029624
371,curtailment_only,False,5.046736005759167
3710,curtailment_only,False,22.673178132758707
3713,curtailment_only,False,24.398700489042557
3715,curtailment_only,False,6.61729139179889
3716,curtailment_only,False,19.685440071071973
3718,curtailment_only,False,18.730285380986626
3719,curtailment_only,False,25.391444159525797
372,curtailment_only,False,8.53309705311167
3720,curtailment_only,False,19.97287020600715
3721,curtailment_only,False,5.249945868889064
3722,curtailment_only,False,19.97287020600715
3723,curtailment_only,False,24.946995819624693
3724,curtailment_only,False,3.522622058728607
3725,curtailment_only,False,24.640916673021927
3727,curtailment_only,False,7.808381094928941
3729,curtailment_only,False,25.07069483868502
373,curtailment_only,False,4.878427970581561
3731,curtailment_only,False,3.330842833089668
3732,curtailment_only,False,5.228675301987868
3733,curtailment_only,False,20.873319125168837
3734,curtailment_only,False,23.754801719950212
3736,curtailment_only,False,3.50373333593425
3737,curtailment_only,False,22.949736851981683
3739,curtailment_only,False,3.330842833089668
3740,curtailment_only,False,20.92021130639887
3742,curtailment_only,False,8.023377972570621
3743,curtailment_only,False,24.952318582950504
3744,curtailment_only,False,25.46362355872764
3745,curtailment_only,False,23.833885280438025
3746,curtailment_only,False,21.887657282119743
3747,curtailment_only,False,6.789571278252453
3748,curtailment_only,False,23.32533437330496
375,curtailment_only,False,11.05765298233994
3751,curtailment_only,False,20.158741620826984
3752,curtailment_only,False,1.9253323710429675
3753,curtailment_only,False,3.5000992436197245
3754,curtailment_only,False,26.88798389200048
3755,curtailment_only,False,8.450392040191316
3756,curtailment_only,False,19.631986510010154
3758,curtailment_only,False,19.151636214237268
3759,curtailment_only,False,22.44497416578362
376,curtailment_only,False,9.14842627063044
3760,curtailment_only,False,25.351938940747363
3761,curtailment_only,False,6.636311187376466
3763,curtailment_only,False,18.58432868603897
3764,curtailment_only,False,18.48270787381304
3767,curtailment_only,False,24.98923943517586
3768,curtailment_only,False,5.552232452843478
377,curtailment_only,False,8.151251601465587
3771,curtailment_only,False,2.000613697116549
3772,curtailment_only,False,25.98283645858292
3774,curtailment_only,False,22.44497416578362
3776,curtailment_only,False,19.380303142527502
3777,curtailment_only,False,22.6049651480845
3778,curtailment_only,False,4.947209704717137
3779,curtailment_only,False,7.507584781906508
378,curtailment_only,False,9.600317947660706
3780,curtailment_only,False,23.40506126877041
3781,curtailment_only,False,8.799765366805708
3782,curtailment_only,False,21.45988200168001
3783,curtailment_only,False,1.806095823097252
3785,curtailment_only,False,25.686335327489218
3786,curtailment_only,False,6.586379432367131
3787,curtailment_only,False,25.24122525791734
3788,curtailment_only,False,20.39119109125237
3789,curtailment_only,False,20.50633303377109
379,curtailment_only,False,12.166510201297958
3790,curtailment_only,False,21.801997403823886
3791,curtailment_only,False,1.890607628035184
3792,curtailment_only,False,5.898778423983753
3795,curtailment_only,False,24.1957781158993
3797,curtailment_only,False,18.93614462299212
3798,curtailment_only,False,24.433374174772663
3799,curtailment_only,False,24.301064270267823
380,curtailment_only,False,11.040221795292087
3801,curtailment_only,False,1.9215624919310204
3802,curtailment_only,False,24.62407000644253
3803,curtailment_only,False,22.673898618776143
3808,curtailment_only,False,24.597705939190515
3809,curtailment_only,False,5.07115286233789
381,curtailment_only,False,11.706111810276427
3810,curtailment_only,False,25.29150380605689
3812,curtailment_only,False,1.8498905470095564
3813,curtailment_only,False,5.153787789886607
3814,curtailment_only,False,19.900452195768622
3816,curtailment_only,False,7.01998604736753
3819,curtailment_only,False,20.149247190326022
382,curtailment_only,False,10.569345943904658
3820,curtailment_only,False,20.937277670065946
3821,curtailment_only,False,1.9087453654601043
3822,curtailment_only,False,19.45229360453183
3823,curtailment_only,False,3.4620944912941964
3828,curtailment_only,False,22.936555905722795
3829,curtailment_only,False,23.707970092125784
383,curtailment_only,False,10.542989373407016
3835,curtailment_only,False,25.079018982155173
3836,curtailment_only,False,20.149247190326022
3838,curtailment_only,False,21.85395865373192
384,curtailment_only,False,4.79223411155898
3840,curtailment_only,False,24.26554696486789
3841,curtailment_only,False,6.931723702736694
3844,curtailment_only,False,23.10607397354087
3845,curtailment_only,False,25.02345185368032
3847,curtailment_only,False,6.694590856778945
3848,curtailment_only,False,19.80141049445974
385,curtailment_only,False,10.716476747177474
3851,curtailment_only,False,6.469550932094808
3853,curtailment_only,False,23.608210220786148
3854,curtailment_only,False,21.26671643907868
3856,curtailment_only,False,24.864407439909364
3857,curtailment_only,False,24.14163158527124
3859,curtailment_only,False,24.51157150089981
386,curtailment_only,False,11.633676955189888
3862,curtailment_only,False,3.4393616327702508
3863,curtailment_only,False,24.51157150089981
3864,curtailment_only,False,22.44497416578362
387,curtailment_only,False,4.8324817082114375
3870,curtailment_only,False,1.763923356842959
3871,curtailment_only,False,25.03076028614096
3872,curtailment_only,False,26.0686359000582
3873,curtailment_only,False,24.76835442324456
3874,curtailment_only,False,20.451391390347897
3875,curtailment_only,False,20.676934420569783
3879,curtailment_only,False,1.9056426875704997
388,curtailment_only,False,10.601411698978527
3882,curtailment_only,False,11.069866682187778
3883,curtailment_only,False,7.734689787006711
3884,curtailment_only,False,21.78655548413336
3885,curtailment_only,False,26.183057455883677
3886,curtailment_only,False,3.505228595858384
3887,curtailment_only,False,22.9189257722009
3888,curtailment_only,False,3.599427405883369
3889,curtailment_only,False,3.3743599738482746
389,curtailment_only,False,8.986227693857689
3890,curtailment_only,False,4.906243627986329
3891,curtailment_only,False,19.69535181774753
3892,curtailment_only,False,26.88798389200048
3894,curtailment_only,False,1.6608447271426423
3895,curtailment_only,False,9.29170624773367
3898,curtailment_only,False,18.71058891607984
390,curtailment_only,False,11.2200443463471
3901,curtailment_only,False,22.44497416578362
3902,curtailment_only,False,26.88798389200048
3903,curtailment_only,False,21.110884678738365
3904,curtailment_only,False,24.780810357323556
3905,curtailment_only,False,1.6631576387058058
3906,curtailment_only,False,4.7038698819406815
3907,curtailment_only,False,6.377122390435767
391,curtailment_only,False,10.116947680018194
3910,curtailment_only,False,25.612817118498636
3913,curtailment_only,False,3.6397274297578894
3914,curtailment_only,False,5.155514147503281
3915,curtailment_only,False,3.3826241014965186
3919,curtailment_only,False,25.311139866424018
392,curtailment_only,False,10.085742121914528
3921,curtailment_only,False,7.5795283727949
3922,curtailment_only,False,3.4205467023847262
3923,curtailment_only,False,21.846845931216954
3924,curtailment_only,False,20.87229060720156
3925,curtailment_only,False,3.3397109909473666
3926,curtailment_only,False,5.030086371585989
3928,curtailment_only,False,4.874230330224419
3936,curtailment_only,False,6.062041855923
3937,curtailment_only,False,9.308945155364729
3939,curtailment_only,False,8.606159152501439
3941,curtailment_only,False,3.567488098257055
3943,curtailment_only,False,3.493606972387599
3946,curtailment_only,False,20.75527415742538
3947,curtailment_only,False,1.97976820938646
3948,curtailment_only,False,4.855482127293973
395,curtailment_only,False,10.325701734274842
3951,curtailment_only,False,20.317095301022423
3953,curtailment_only,False,3.923331062532101
3955,curtailment_only,False,20.35927691343432
3956,curtailment_only,False,8.339684741609926
3957,curtailment_only,False,5.737013140578377
3959,curtailment_only,False,24.72336248108318
396,curtailment_only,False,10.025527290161012
3961,curtailment_only,False,7.731499499366004
3963,curtailment_only,False,3.401816817909031
3966,curtailment_only,False,3.653943214425032
397,curtailment_only,False,8.062884774755464
3970,curtailment_only,False,24.386156809687456
3971,curtailment_only,False,5.632292913213674
3972,curtailment_only,False,21.675359240414974
3973,curtailment_only,False,3.491524869626045
3974,curtailment_only,False,8.567802161250237
3976,curtailment_only,False,22.04817453154539
3979,curtailment_only,False,10.835682140039474
398,curtailment_only,False,6.392480968984893
3981,curtailment_only,False,3.448091704209191
3986,curtailment_only,False,7.888801093178771
3987,curtailment_only,False,3.4723591117223944
3988,curtailment_only,False,9.536460523664692
3989,curtailment_only,False,8.380287057628292
399,curtailment_only,False,11.350499481214554
3990,curtailment_only,False,3.420296486243139
3991,curtailment_only,False,3.3564531410411087
3992,curtailment_only,False,5.11174360569628
3995,curtailment_only,False,3.429622047361168
3996,curtailment_only,False,5.11174360569628
3999,curtailment_only,False,5.131708505178569
4,curtailment_only,False,9.048151037913495
40,curtailment_only,False,5.370425817404319
400,curtailment_only,False,9.389017344247382
4000,curtailment_only,False,8.452293518942392
4002,curtailment_only,False,22.134996443794808
4003,curtailment_only,False,20.56116791513974
4005,curtailment_only,False,24.164883878559653
4006,curtailment_only,True,84.77793977802926
4007,curtailment_only,False,24.09922956163384
4008,curtailment_only,False,24.09922956163384
4009,curtailment_only,False,24.09922956163384
4010,curtailment_only,False,22.03197528171314
4011,curtailment_only,False,24.164883878559653
4012,curtailment_only,False,25.868498587731683
4016,curtailment_only,False,20.98516767654991
4018,curtailment_only,False,22.91257241491345
4019,curtailment_only,False,24.873767731747765
4021,curtailment_only,False,24.979373600345266
4022,curtailment_only,False,26.237700953403905
4028,curtailment_only,False,22.36259302443754
4029,curtailment_only,False,23.74445258132033
4030,curtailment_only,False,22.87801247914487
4032,curtailment_only,False,23.725306468136047
4034,curtailment_only,False,19.80561837158349
4035,curtailment_only,False,24.784921112387348
4036,curtailment_only,False,24.502089932435663
4037,curtailment_only,False,26.855368443329947
4038,curtailment_only,False,22.16161933940549
404,curtailment_only,False,26.49153344161455
4040,curtailment_only,True,29.44770715433067
4045,curtailment_only,False,19.41401840418346
4046,curtailment_only,False,22.699007636330037
4048,curtailment_only,False,24.17444757487896
405,curtailment_only,False,26.989883030917166
4052,curtailment_only,False,3.212769488034079
4057,curtailment_only,False,26.569881683883978
4058,curtailment_only,False,26.569881683883978
4059,curtailment_only,False,24.204147062878377
4060,curtailment_only,False,24.37521735306581
4061,curtailment_only,False,18.97916308687812
4062,curtailment_only,False,19.06112803704882
4063,curtailment_only,False,26.72539384877505
4069,curtailment_only,False,27.73416956855971
407,curtailment_only,False,23.315010665548574
4072,curtailment_only,False,25.875547277128497
4073,curtailment_only,False,26.478660399389145
4074,curtailment_only,False,24.77834733055789
4075,curtailment_only,False,23.555709437069464
4076,curtailment_only,False,23.645224442865725
4077,curtailment_only,False,25.93501743334637
4080,curtailment_only,False,23.714140690209053
4081,curtailment_only,False,23.65127487104653
4082,curtailment_only,False,24.95945805735053
4083,curtailment_only,False,25.261736664997905
4084,curtailment_only,False,23.645224442865725
4085,curtailment_only,False,24.936912520695675
4086,curtailment_only,False,23.83905888711941
4087,curtailment_only,False,23.83905888711941
4088,curtailment_only,False,23.494391474042807
4089,curtailment_only,False,25.35102990961956
4090,curtailment_only,False,26.063215432296907
4091,curtailment_only,False,24.564661177308828
4092,curtailment_only,False,26.637994614854023
4093,curtailment_only,False,27.182533470644813
4094,curtailment_only,False,24.568662279889427
4095,curtailment_only,False,25.67383926702488
4096,curtailment_only,False,25.637058384803133
4097,curtailment_only,False,25.922934435897915
4098,curtailment_only,False,25.73469967617605
4099,curtailment_only,False,25.862140170679204
4100,curtailment_only,False,24.159487990024036
4101,curtailment_only,False,24.32235560908597
4102,curtailment_only,False,24.383371672784847
4103,curtailment_only,False,27.465318471438277
4104,curtailment_only,False,24.06994032023646
4105,curtailment_only,False,24.80289137807611
4107,curtailment_only,False,25.6389372894097
4108,curtailment_only,False,24.80559733176181
4109,curtailment_only,False,23.97217601212449
4111,curtailment_only,False,21.62570665972521
4117,curtailment_only,True,29.44770715433067
4125,curtailment_only,False,22.06903271624056
4126,curtailment_only,True,30.51025494926288
4127,curtailment_only,True,29.44770715433067
4128,curtailment_only,True,29.44770715433067
4129,curtailment_only,True,29.44770715433067
413,curtailment_only,False,27.747995663859204
4130,curtailment_only,True,29.701316827564614
4132,curtailment_only,True,29.701316827564614
4133,curtailment_only,True,29.701316827564614
4134,curtailment_only,True,29.44770715433067
4135,curtailment_only,True,29.44770715433067
4136,curtailment_only,True,30.51025494926288
4137,curtailment_only,True,32.90938100393676
4138,curtailment_only,True,52.960906796747885
4139,curtailment_only,True,29.680397414036463
4140,curtailment_only,True,85.0663810897123
4141,curtailment_only,True,29.459883843455675
4143,curtailment_only,True,42.53319047509246
4144,curtailment_only,True,29.239777303737203
4145,curtailment_only,True,29.239777303737203
4146,curtailment_only,True,30.512578149506496
4147,curtailment_only,True,29.44770715433067
4148,curtailment_only,True,29.44770715433067
4149,curtailment_only,True,41.13672666191771
4151,curtailment_only,True,29.51027771852696
4153,curtailment_only,True,86.69863174542289
4154,curtailment_only,True,29.704816221665663
4155,curtailment_only,True,173.3972635850945
4156,curtailment_only,True,130.0479484944896
4157,curtailment_only,True,173.3972635850945
4159,curtailment_only,True,459.5027519919197
4160,curtailment_only,True,46.15138216621063
4161,curtailment_only,True,31.166670382256893
4163,curtailment_only,True,31.099888882075398
4165,curtailment_only,True,47.14348955161445
4167,curtailment_only,True,31.166670382256893
4173,curtailment_only,True,29.151442163745724
4176,curtailment_only,True,29.551171791084386
4179,curtailment_only,True,29.704816221665663
418,curtailment_only,False,26.792686717127733
4180,curtailment_only,True,31.070328538105414
4182,curtailment_only,True,46.15138216621063
4189,curtailment_only,True,46.15138216621063
4190,curtailment_only,True,92.30276430692172
4191,curtailment_only,False,27.54813778082215
4192,curtailment_only,True,29.977367584366814
4193,curtailment_only,False,28.552832868317235
4195,curtailment_only,False,28.7185048599271
4197,curtailment_only,True,37.035015442851005
4199,curtailment_only,False,28.386824680061792
42,curtailment_only,False,7.520467062322054
420,curtailment_only,False,26.792686717127733
4204,curtailment_only,True,85.0511492030115
4205,curtailment_only,True,294.05760198448826
4208,curtailment_only,True,177.79013015711018
421,curtailment_only,False,25.47396688013316
4218,curtailment_only,False,26.406922048524503
4219,curtailment_only,False,25.328677055587967
422,curtailment_only,False,26.974686637999937
4225,curtailment_only,True,737.0393071508719
4228,curtailment_only,True,92.30276430692172
4229,curtailment_only,False,19.966322868914844
423,curtailment_only,False,24.303622791734
4232,curtailment_only,False,21.28378930226578
4233,curtailment_only,True,73.70393057333989
4241,curtailment_only,False,26.413063125384053
4242,curtailment_only,True,29.15283082995675
4243,curtailment_only,False,22.789615175121373
4247,curtailment_only,False,22.77619293786753
4248,curtailment_only,False,25.633953824521505
4250,curtailment_only,True,29.15283082995675
4254,curtailment_only,False,26.58248181446873
4256,curtailment_only,True,30.38724808895517
4263,curtailment_only,True,88.89506515679983
4266,curtailment_only,False,11.79026224399394
4267,curtailment_only,False,17.69889278771532
4268,curtailment_only,True,50.86676430368544
427,curtailment_only,False,23.91595722522116
4273,curtailment_only,False,11.79026224399394
4274,curtailment_only,True,49.61680059387553
4275,curtailment_only,False,19.966322868914844
4276,curtailment_only,False,22.83825563801436
428,curtailment_only,False,27.37805734044188
4281,curtailment_only,False,7.07529007762958
4283,curtailment_only,True,42.38896997172044
4284,curtailment_only,False,26.196808401038595
4286,curtailment_only,False,18.210938168125843
4287,curtailment_only,False,22.1983497355338
4288,curtailment_only,True,86.69863174542289
4289,curtailment_only,False,8.720649796105691
4291,curtailment_only,True,39.23600570495086
4292,curtailment_only,False,21.36245487363718
4294,curtailment_only,False,21.46835929757988
4296,curtailment_only,False,3.1519598761789966
4297,curtailment_only,False,18.55889130028793
4298,curtailment_only,True,29.327740024991236
4299,curtailment_only,False,23.897454266093128
430,curtailment_only,False,27.02690029927946
4301,curtailment_only,True,87.04120356084296
4304,curtailment_only,False,18.9481071233041
4305,curtailment_only,False,18.88229235124996
4306,curtailment_only,False,27.070295617729894
4307,curtailment_only,False,20.606500455214864
4309,curtailment_only,True,29.551171791084386
4313,curtailment_only,False,20.924954792107705
4315,curtailment_only,False,19.494209180083576
4316,curtailment_only,False,19.064803523926468
4317,curtailment_only,True,95.0062439188986
4318,curtailment_only,False,25.70119820109465
4319,curtailment_only,False,9.924404328396925
4320,curtailment_only,True,42.38896997172044
4323,curtailment_only,False,20.08310963522606
4324,curtailment_only,False,24.07945883048937
4326,curtailment_only,True,30.571286273481057
4327,curtailment_only,False,8.452940748591084
4329,curtailment_only,False,20.924954792107705
433,curtailment_only,False,27.519331203615295
4332,curtailment_only,False,26.08158398151604
4333,curtailment_only,False,19.92694337709893
4335,curtailment_only,False,24.345543138152287
434,curtailment_only,False,23.460386371228527
4341,curtailment_only,False,23.99130405420773
4342,curtailment_only,False,19.67425797787136
4346,curtailment_only,False,26.179731189113426
4347,curtailment_only,False,19.282988853952588
4349,curtailment_only,False,24.072650094221327
435,curtailment_only,False,24.479558757688824
4352,curtailment_only,False,26.01045852805274
4353,curtailment_only,False,19.85450167846509
4355,curtailment_only,False,25.00373330326034
4357,curtailment_only,False,25.350547109580617
4359,curtailment_only,False,23.77124747438943
4360,curtailment_only,False,23.69215710576099
4361,curtailment_only,False,21.947518816401665
4363,curtailment_only,False,24.42091963980051
4364,curtailment_only,False,26.338757886825665
4367,curtailment_only,False,22.26544160730792
4368,curtailment_only,False,20.48793804918712
4369,curtailment_only,False,26.375574125946088
437,curtailment_only,False,27.107077485804016
4370,curtailment_only,False,23.641377082450077
4371,curtailment_only,False,23.50118159796828
4372,curtailment_only,False,22.190187180250867
4373,curtailment_only,False,21.98378705683801
4374,curtailment_only,False,22.13103927938937
4378,curtailment_only,False,21.90833666189121
438,curtailment_only,False,25.990453352902904
4381,curtailment_only,False,24.30944300552601
4383,curtailment_only,False,24.36684289934062
4385,curtailment_only,False,23.50118159796828
4386,curtailment_only,False,24.394200221704708
4387,curtailment_only,False,24.394200221704708
4388,curtailment_only,False,23.08885828018897
4389,curtailment_only,False,23.606294095205584
439,curtailment_only,False,23.35411293573589
4390,curtailment_only,False,18.63362710681504
4394,curtailment_only,False,26.163604307954856
4397,curtailment_only,False,24.175009205943155
4398,curtailment_only,False,23.03884281557001
440,curtailment_only,False,27.349004992150043
4404,curtailment_only,False,25.53553732134495
4407,curtailment_only,False,21.764600390523952
4414,curtailment_only,False,11.770109281245796
4415,curtailment_only,False,8.886260924469303
4416,curtailment_only,False,17.492790826953208
4418,curtailment_only,False,22.833028597936057
4419,curtailment_only,False,12.409842971056666
4420,curtailment_only,True,29.15283082995675
4421,curtailment_only,False,17.937873423823365
4423,curtailment_only,False,17.123909945743257
4424,curtailment_only,False,12.074091321443666
4426,curtailment_only,False,18.903824705408365
4427,curtailment_only,False,18.1405000431365
4428,curtailment_only,False,6.896291121516852
443,curtailment_only,False,27.02690029927946
4432,curtailment_only,False,18.937188459564744
4433,curtailment_only,False,3.5787711656854646
4434,curtailment_only,True,145.7642101918477
4437,curtailment_only,False,18.431820570922707
4438,curtailment_only,False,18.937188459564744
4440,curtailment_only,True,76.60724294530172
4442,curtailment_only,False,20.164695988555025
4443,curtailment_only,False,19.606103189166603
4444,curtailment_only,False,5.232895032116651
4445,curtailment_only,False,22.26511669153958
4446,curtailment_only,True,145.7642101918477
4449,curtailment_only,False,19.385676752042446
4451,curtailment_only,False,18.17699750426202
4452,curtailment_only,True,538.9238506084965
4455,curtailment_only,False,19.340947645202515
4456,curtailment_only,True,29.16869827108702
4457,curtailment_only,False,4.957184815945802
4458,curtailment_only,False,11.072610871061428
4459,curtailment_only,False,19.768796253906515
4460,curtailment_only,False,21.14942350737411
4462,curtailment_only,False,4.957184815945802
4463,curtailment_only,True,538.9238506084965
4464,curtailment_only,False,19.768796253906515
447,curtailment_only,False,25.41474596008838
4472,curtailment_only,False,17.954086723483126
4473,curtailment_only,False,21.00805705581303
4479,curtailment_only,True,29.658363033256745
4480,curtailment_only,False,22.782989040682025
4482,curtailment_only,False,17.66542537673376
4485,curtailment_only,False,11.14775041378335
4487,curtailment_only,False,19.598952380383903
4488,curtailment_only,False,19.20613533818745
4490,curtailment_only,True,55.930967894922965
4493,curtailment_only,False,17.567647569832804
4499,curtailment_only,False,21.80704641159809
45,curtailment_only,False,10.334420768994752
4502,curtailment_only,False,17.315077116818042
4505,curtailment_only,False,21.67275804407099
4507,curtailment_only,False,21.9731671579622
4509,curtailment_only,False,19.146006735103835
4510,curtailment_only,True,51.51414846933018
4511,curtailment_only,False,18.05331017017644
4512,curtailment_only,False,21.799240873698626
4514,curtailment_only,False,4.882209942309935
4516,curtailment_only,True,42.52557460896224
4517,curtailment_only,False,18.106935989809333
4518,curtailment_only,False,22.68884580605941
4519,curtailment_only,False,21.707008523458445
4521,curtailment_only,False,21.28378930226578
4522,curtailment_only,True,42.52557460896224
4523,curtailment_only,False,17.442361351922376
4527,curtailment_only,False,3.7237055611551
4528,curtailment_only,False,17.44960729138785
4529,curtailment_only,False,20.32615921800345
4532,curtailment_only,False,21.279933002881883
4534,curtailment_only,False,1.8851375826454764
4535,curtailment_only,True,29.652239851491125
4539,curtailment_only,False,20.370936096315265
454,curtailment_only,False,24.20648118762833
4540,curtailment_only,False,17.710500380756695
4541,curtailment_only,True,29.551171791084386
4542,curtailment_only,False,21.28378930226578
4543,curtailment_only,True,85.0511492030115
4545,curtailment_only,False,13.119874648983853
4547,curtailment_only,False,12.145368007030145
4548,curtailment_only,False,12.095376472893433
4549,curtailment_only,False,16.991771046787214
4550,curtailment_only,False,12.14894255783214
4551,curtailment_only,False,12.137918672675951
4556,curtailment_only,False,12.06467831454334
4557,curtailment_only,False,18.44145901172289
4559,curtailment_only,False,11.151175112503848
4562,curtailment_only,False,16.57119198324652
4564,curtailment_only,False,12.269030277670652
4565,curtailment_only,False,12.275418246697368
4568,curtailment_only,False,12.03340457802478
457,curtailment_only,False,26.057411162137544
4572,curtailment_only,False,15.853390482119664
4573,curtailment_only,False,15.801033754083472
4577,curtailment_only,False,17.156125183053412
4579,curtailment_only,False,11.291469513789306
4580,curtailment_only,False,11.291469513789306
4583,curtailment_only,False,11.870644612499682
4584,curtailment_only,False,11.908994777563844
4585,curtailment_only,False,11.249072479677787
4587,curtailment_only,False,13.367828205394929
459,curtailment_only,False,28.239608184028583
4591,curtailment_only,False,12.965500952556546
4593,curtailment_only,False,14.460693967543284
4594,curtailment_only,False,11.8488264563051
4595,curtailment_only,False,12.0250668892862
4599,curtailment_only,False,11.605197168799398
4601,curtailment_only,False,19.546265721226884
4602,curtailment_only,False,10.95118090418828
4603,curtailment_only,True,29.704816221665663
4607,curtailment_only,False,17.639348817738252
4608,curtailment_only,False,21.956537350889132
4609,curtailment_only,True,29.75276623819687
461,curtailment_only,False,28.13821264914541
4615,curtailment_only,True,30.571286273481057
4616,curtailment_only,False,22.52127343967343
4618,curtailment_only,False,19.062140194497157
4619,curtailment_only,False,10.42838917801985
4622,curtailment_only,True,88.89506515679983
4623,curtailment_only,False,19.383090521856527
4624,curtailment_only,False,10.420494679784106
4625,curtailment_only,False,22.113451220566745
4627,curtailment_only,False,21.16875041316475
4629,curtailment_only,False,10.42838917801985
463,curtailment_only,False,27.74309369495482
4631,curtailment_only,True,86.69863174542289
4632,curtailment_only,False,20.86384847155592
4639,curtailment_only,False,17.803562646677843
464,curtailment_only,False,28.128954682794895
4641,curtailment_only,True,40.38142039059842
4642,curtailment_only,True,30.210555830015004
4646,curtailment_only,False,20.2396050773915
4647,curtailment_only,True,94.28697917385044
4648,curtailment_only,True,85.0511492030115
4649,curtailment_only,False,15.654413613112885
465,curtailment_only,False,25.584609326226225
4650,curtailment_only,False,17.333868182774463
4651,curtailment_only,False,20.10514776661715
4652,curtailment_only,False,21.4174156742222
4654,curtailment_only,True,85.0511492030115
4656,curtailment_only,False,18.553242919680045
4658,curtailment_only,False,21.931853549343487
466,curtailment_only,False,26.781469782592897
4660,curtailment_only,False,19.383090521856527
4661,curtailment_only,False,15.011286960679763
4662,curtailment_only,False,18.19508454497375
4664,curtailment_only,False,17.503379968972983
4665,curtailment_only,False,21.48660038436488
4667,curtailment_only,False,21.28378930226578
4669,curtailment_only,False,20.204863086144943
467,curtailment_only,False,27.53366034511442
4670,curtailment_only,False,29.026378737394957
4674,curtailment_only,False,20.79106168423636
4675,curtailment_only,False,22.25374556376156
4677,curtailment_only,False,28.83824916327627
4678,curtailment_only,False,15.233768566383096
4679,curtailment_only,False,22.000934564455164
468,curtailment_only,False,27.74309369495482
4681,curtailment_only,False,21.36295746548989
4682,curtailment_only,True,157.5217965714973
4683,curtailment_only,False,17.509245567436377
4684,curtailment_only,False,10.16298843826835
4685,curtailment_only,False,19.31948896358918
4687,curtailment_only,False,28.83824916327627
4689,curtailment_only,False,11.576026801234333
4690,curtailment_only,True,30.210555830015004
4691,curtailment_only,False,17.623852094163293
4693,curtailment_only,True,29.28417615659286
4694,curtailment_only,False,19.209268668426034
4695,curtailment_only,False,10.12467850424494
4696,curtailment_only,False,19.246460850132927
4697,curtailment_only,False,16.58582412601497
4698,curtailment_only,False,22.14929918518579
47,curtailment_only,False,4.8789228874041095
470,curtailment_only,False,27.155665426533616
4701,curtailment_only,False,22.45930949855417
4702,curtailment_only,False,17.695141953905175
4704,curtailment_only,False,21.805422665293733
4705,curtailment_only,True,429.2341682033298
4706,curtailment_only,False,17.360069702789904
4709,curtailment_only,False,28.705948485669087
4710,curtailment_only,True,30.89328822607507
4711,curtailment_only,False,17.69889278771532
4712,curtailment_only,True,30.645710166782013
4713,curtailment_only,False,17.360069702789904
4714,curtailment_only,False,21.405377073959954
4715,curtailment_only,False,17.673610966102142
4716,curtailment_only,True,31.24816402755167
4718,curtailment_only,True,31.27833946096096
4719,curtailment_only,False,19.326948521697638
4721,curtailment_only,False,19.11372462486795
4722,curtailment_only,True,151.62972994083856
4724,curtailment_only,True,31.27833946096096
4725,curtailment_only,False,17.421893275835895
4726,curtailment_only,True,29.65956621585417
4727,curtailment_only,False,20.79443769843754
4728,curtailment_only,False,20.68497488141199
4729,curtailment_only,False,17.623852094163293
4730,curtailment_only,False,17.78817565809829
4732,curtailment_only,False,17.623852094163293
4733,curtailment_only,False,17.330733679540764
4734,curtailment_only,False,22.038022220750463
4737,curtailment_only,False,17.78817565809829
4739,curtailment_only,False,17.495421818518338
474,curtailment_only,False,26.34443657236545
4740,curtailment_only,False,17.46201291157165
4741,curtailment_only,False,17.938655862043593
4742,curtailment_only,False,18.8004866888129
4744,curtailment_only,True,112.7836727462063
4746,curtailment_only,True,30.440424931861138
4747,curtailment_only,False,20.40911179675995
4749,curtailment_only,False,18.8004866888129
475,curtailment_only,False,24.60435072724771
4750,curtailment_only,False,17.495421818518338
4752,curtailment_only,True,30.440424931861138
4753,curtailment_only,False,17.439601014640925
4754,curtailment_only,False,21.860776201408548
4756,curtailment_only,True,33.259771097955976
4757,curtailment_only,True,32.830808904952946
4758,curtailment_only,False,15.846445050188192
4759,curtailment_only,False,21.523481012933388
4761,curtailment_only,False,12.293069006489324
4762,curtailment_only,False,22.635719137666506
4763,curtailment_only,False,19.373618469582677
4765,curtailment_only,False,21.95218405622669
4766,curtailment_only,False,29.06841159992812
4767,curtailment_only,True,57.26019082888275
4768,curtailment_only,False,10.43794844747847
4769,curtailment_only,False,20.71115277210207
4770,curtailment_only,False,17.623852094163293
4771,curtailment_only,False,22.0441898619466
4773,curtailment_only,False,27.456334504121607
4774,curtailment_only,False,15.694739804322976
4775,curtailment_only,False,19.326948521697638
4776,curtailment_only,False,21.53397710827347
4777,curtailment_only,False,19.470619451249483
4779,curtailment_only,False,15.439501724520484
4780,curtailment_only,False,20.214646600263364
4781,curtailment_only,False,20.40911179675995
4782,curtailment_only,False,19.262279332845115
4785,curtailment_only,False,28.922707818137862
4787,curtailment_only,False,18.936103454467133
4788,curtailment_only,False,17.623852094163293
479,curtailment_only,False,21.85577202672621
4792,curtailment_only,False,14.339660175865028
4794,curtailment_only,False,16.793787813606215
4795,curtailment_only,True,29.505848925728834
4798,curtailment_only,False,22.712882749521256
4799,curtailment_only,False,20.62437145479161
4801,curtailment_only,False,20.695774732223093
4802,curtailment_only,False,27.91982323552762
4803,curtailment_only,False,19.326948521697638
4804,curtailment_only,True,35.38063412671152
4805,curtailment_only,False,21.905631339267263
4807,curtailment_only,False,12.907607870627729
4809,curtailment_only,False,27.91982323552762
4810,curtailment_only,False,17.623852094163293
4811,curtailment_only,True,260.09589697910855
4814,curtailment_only,False,22.785720706282117
4815,curtailment_only,False,22.279568329009944
4816,curtailment_only,False,19.182257605814776
4817,curtailment_only,True,30.114873798277472
4819,curtailment_only,False,10.365044705399988
4820,curtailment_only,False,16.798508985053466
4822,curtailment_only,False,17.646876309206824
4823,curtailment_only,False,21.16692369044971
4824,curtailment_only,True,29.418017403261544
4829,curtailment_only,False,22.432363692748744
483,curtailment_only,False,27.18479408504507
4830,curtailment_only,False,19.148270510094207
4831,curtailment_only,False,27.91982323552762
4832,curtailment_only,False,10.38715210537594
4834,curtailment_only,False,17.838179984838824
4836,curtailment_only,False,21.440829148315668
4837,curtailment_only,False,21.935662147091765
4838,curtailment_only,False,27.91982323552762
4840,curtailment_only,False,10.922751981257756
4842,curtailment_only,False,20.62437145479161
4843,curtailment_only,False,27.93529229591921
4844,curtailment_only,False,21.79932000485055
4845,curtailment_only,False,21.78034515153584
4846,curtailment_only,False,16.21447296607537
485,curtailment_only,False,27.15085774634779
4850,curtailment_only,True,29.486765212346047
4851,curtailment_only,False,21.905492502949368
4852,curtailment_only,False,18.15927773410491
4853,curtailment_only,False,18.393262755829134
4854,curtailment_only,True,389.762056819693
4855,curtailment_only,False,16.91960572119462
4857,curtailment_only,True,29.486765212346047
4858,curtailment_only,False,15.95148408716652
4859,curtailment_only,False,21.9624951703705
486,curtailment_only,False,25.09456955170586
4860,curtailment_only,False,22.724632372072318
4863,curtailment_only,True,29.486765212346047
4864,curtailment_only,False,22.64018951446542
4865,curtailment_only,True,477.34104004106
4866,curtailment_only,False,17.482214656776783
4867,curtailment_only,False,22.345042635098284
4868,curtailment_only,True,30.512578149506496
4869,curtailment_only,False,22.58421751426616
4872,curtailment_only,False,21.935662147091765
4873,curtailment_only,False,20.999913910885883
4874,curtailment_only,True,30.512578149506496
4877,curtailment_only,False,20.574733990022143
4879,curtailment_only,True,29.44770715433067
4881,curtailment_only,False,22.24634103810201
4882,curtailment_only,True,29.652239851491125
4883,curtailment_only,False,21.76685586813159
4887,curtailment_only,False,22.62732494224079
4888,curtailment_only,False,22.24634103810201
4889,curtailment_only,True,29.652239851491125
4890,curtailment_only,False,22.447899578457573
4891,curtailment_only,True,94.72709649913062
4892,curtailment_only,False,13.726059887443007
4895,curtailment_only,False,20.715795636204103
4896,curtailment_only,False,21.390407330318403
4897,curtailment_only,True,51.80594714859016
4898,curtailment_only,False,11.153481216107972
4899,curtailment_only,True,42.38896997172044
49,curtailment_only,False,11.025096063714464
4900,curtailment_only,False,19.297610161145798
4901,curtailment_only,False,17.913394817882565
4903,curtailment_only,True,29.551171791084386
4904,curtailment_only,False,11.3284965043389
4905,curtailment_only,True,32.90938100393676
4906,curtailment_only,False,21.52771436611013
4909,curtailment_only,False,15.977011826292616
491,curtailment_only,False,27.018947882593363
4910,curtailment_only,False,18.07794202705944
4911,curtailment_only,True,29.44770715433067
4915,curtailment_only,False,10.918766284653342
4916,curtailment_only,True,41.13672666191771
492,curtailment_only,False,23.07884749976244
4920,curtailment_only,False,15.232714767853306
4921,curtailment_only,False,18.924056742241483
4925,curtailment_only,False,9.960022817860947
4927,curtailment_only,False,18.192633015959437
4928,curtailment_only,True,29.44770715433067
4929,curtailment_only,False,16.110994605333765
4930,curtailment_only,False,20.939785046906717
4931,curtailment_only,True,72.8821051256337
4932,curtailment_only,True,310.8356833953559
4933,curtailment_only,True,30.51025494926288
4934,curtailment_only,False,18.291251512255503
4935,curtailment_only,False,18.12408010739433
494,curtailment_only,False,22.954217807301887
4940,curtailment_only,False,18.24550221780681
4942,curtailment_only,False,20.54828071394215
4943,curtailment_only,True,170.132762107253
4944,curtailment_only,True,799.4371134054145
4945,curtailment_only,False,22.16161933940549
4949,curtailment_only,False,22.000934564455164
495,curtailment_only,False,24.30818656193032
4951,curtailment_only,False,22.270376381166727
4952,curtailment_only,True,127.59957161082755
4953,curtailment_only,False,11.021167635668602
4955,curtailment_only,False,22.270376381166727
4956,curtailment_only,True,42.53319047509246
4957,curtailment_only,True,29.44770715433067
496,curtailment_only,False,21.61516396457415
4960,curtailment_only,True,32.19256241347175
4961,curtailment_only,False,21.694440214095124
4966,curtailment_only,True,67.30236696840579
4977,curtailment_only,True,30.839338094239523
4980,curtailment_only,False,28.13340427246572
4981,curtailment_only,False,27.930116559768624
4983,curtailment_only,False,28.14724723238468
4986,curtailment_only,False,27.930116559768624
4987,curtailment_only,False,27.93529229591921
499,curtailment_only,False,24.52983537533113
4992,curtailment_only,True,599.6202609006336
4994,curtailment_only,True,573.5342550631643
4997,curtailment_only,True,29.151442163745724
4998,curtailment_only,True,29.44770715433067
5,curtailment_only,False,6.325276818939048
50,curtailment_only,False,5.512410471500804
500,curtailment_only,False,23.34820580490648
5001,curtailment_only,False,10.368347461340068
5002,curtailment_only,False,10.2582006684238
5004,curtailment_only,False,14.754305247333429
5005,curtailment_only,False,14.878782051930854
5006,curtailment_only,False,13.408630158930936
5007,curtailment_only,False,14.754305247333429
5009,curtailment_only,False,13.193956054489568
501,curtailment_only,False,24.357117228993488
5011,curtailment_only,False,16.609866458686433
5013,curtailment_only,False,10.544259265280916
5014,curtailment_only,False,12.586851176797
5015,curtailment_only,False,10.631878682808887
5027,curtailment_only,False,16.40622915745177
5028,curtailment_only,False,9.70309140806706
5031,curtailment_only,False,10.489798709351838
5032,curtailment_only,False,14.754305247333429
5033,curtailment_only,False,18.14840453855965
5034,curtailment_only,False,14.84932093993386
5036,curtailment_only,False,14.878782051930854
5040,curtailment_only,False,27.810632960752837
5042,curtailment_only,False,13.961241272218109
5043,curtailment_only,False,10.349207668873447
5046,curtailment_only,False,12.929431038599835
5049,curtailment_only,False,18.61556265969834
505,curtailment_only,False,0.0
5050,curtailment_only,False,12.461699012728538
5051,curtailment_only,False,10.34316899401409
5052,curtailment_only,False,10.327986976055774
5054,curtailment_only,False,10.544400730044709
5055,curtailment_only,False,10.060353147399011
5056,curtailment_only,False,10.712603378566024
5057,curtailment_only,False,10.66822583229283
5058,curtailment_only,False,11.315729024930947
5060,curtailment_only,False,12.70491603472308
5061,curtailment_only,False,10.634708233480987
5063,curtailment_only,False,11.047939909196032
5065,curtailment_only,False,14.04515168732916
5066,curtailment_only,False,16.63884886311305
5069,curtailment_only,False,11.021365064693295
507,curtailment_only,False,0.0
5070,curtailment_only,False,18.382509594477888
5071,curtailment_only,False,10.723269146864997
5073,curtailment_only,False,11.033125864678114
5074,curtailment_only,False,13.882541839983814
5075,curtailment_only,False,13.882541839983814
5076,curtailment_only,False,15.939197643794458
5077,curtailment_only,False,15.906497974244406
5078,curtailment_only,False,16.526783968335003
5079,curtailment_only,False,10.618724306817402
5080,curtailment_only,False,10.629463816127856
5081,curtailment_only,False,10.629463816127856
5082,curtailment_only,False,14.88019025808422
5083,curtailment_only,False,10.43123240781672
5084,curtailment_only,False,10.43123240781672
5085,curtailment_only,False,10.455861921748332
5087,curtailment_only,False,17.7678944761255
5088,curtailment_only,False,16.327954083775904
5089,curtailment_only,False,14.430414889966231
5090,curtailment_only,False,16.327954083775904
5091,curtailment_only,False,16.362237966642184
5092,curtailment_only,False,14.560074136932457
5093,curtailment_only,False,16.360962148373716
5094,curtailment_only,False,16.327954083775904
5095,curtailment_only,False,16.160758272921953
5097,curtailment_only,False,12.56747244798756
5098,curtailment_only,False,14.19384486286577
5099,curtailment_only,False,13.882541839983814
51,curtailment_only,False,5.664667610430404
5100,curtailment_only,False,16.424977102737284
5101,curtailment_only,False,10.49177306829818
5102,curtailment_only,False,16.904750999219974
5104,curtailment_only,False,10.940968337025978
5109,curtailment_only,False,13.284374832063367
5110,curtailment_only,False,15.170215068344008
5111,curtailment_only,False,10.389207553055387
5112,curtailment_only,False,14.679074061850182
5113,curtailment_only,False,11.288245912143816
5117,curtailment_only,False,20.32956281815788
512,curtailment_only,False,0.0
5120,curtailment_only,False,13.718310684656627
5124,curtailment_only,False,14.51581418861097
5125,curtailment_only,False,9.49434195106386
5130,curtailment_only,False,11.995730421560609
5132,curtailment_only,False,14.2959115223064
5134,curtailment_only,False,14.245399371452114
5136,curtailment_only,False,8.598740070519332
5138,curtailment_only,False,11.112494239540023
514,curtailment_only,False,0.0
5141,curtailment_only,False,15.583666062262488
5142,curtailment_only,False,14.41303822262176
5144,curtailment_only,False,15.202739987895695
5148,curtailment_only,False,10.630105669642557
5149,curtailment_only,False,13.811565578946515
5150,curtailment_only,False,14.577197248642962
5152,curtailment_only,False,12.017051560153329
5153,curtailment_only,False,11.137150011918369
5154,curtailment_only,False,9.164580280506868
5155,curtailment_only,False,14.55451253462168
5156,curtailment_only,False,12.959215400146512
5158,curtailment_only,False,13.582616779995684
5159,curtailment_only,False,13.137536735796722
516,curtailment_only,False,0.0
5160,curtailment_only,False,13.8702881277921
5162,curtailment_only,False,14.979883706552217
5164,curtailment_only,False,12.348605325519465
5165,curtailment_only,False,10.516803577322724
5168,curtailment_only,False,14.688052932141058
517,curtailment_only,False,0.0
5171,curtailment_only,False,11.497389079239214
5173,curtailment_only,False,7.482302507966156
5174,curtailment_only,False,10.837663188180958
5175,curtailment_only,False,13.784837219765611
5176,curtailment_only,False,14.044784249239145
5177,curtailment_only,False,11.080699353832571
5178,curtailment_only,False,10.797198801658924
5179,curtailment_only,False,15.407164444883174
518,curtailment_only,False,28.04700179448048
5180,curtailment_only,False,13.614079529215504
5181,curtailment_only,False,10.794522807968326
5185,curtailment_only,False,14.143910809403542
5186,curtailment_only,False,14.011108009400957
5187,curtailment_only,False,14.659653905803127
5189,curtailment_only,False,11.336475140918722
5190,curtailment_only,False,11.41880058208582
5193,curtailment_only,False,14.529920615495689
5199,curtailment_only,False,14.190525874101938
52,curtailment_only,False,7.146415218711287
520,curtailment_only,False,0.0
5201,curtailment_only,False,11.29674147506844
5209,curtailment_only,False,8.814432798396401
521,curtailment_only,False,28.163151999392667
5212,curtailment_only,False,14.832808914937312
5213,curtailment_only,False,14.402697486421934
5214,curtailment_only,False,15.54321888552393
5215,curtailment_only,False,9.982050551165283
5216,curtailment_only,False,14.763920454789009
5217,curtailment_only,False,9.90245173421631
5218,curtailment_only,False,11.840454587003766
5219,curtailment_only,False,14.567077928536309
5222,curtailment_only,False,12.920612485376816
5223,curtailment_only,False,14.804049807926084
5224,curtailment_only,False,11.161013983347395
5226,curtailment_only,False,14.58328048298396
5228,curtailment_only,False,13.420967127275569
5229,curtailment_only,False,17.239625339486786
523,curtailment_only,False,0.0
5230,curtailment_only,False,14.26359340350749
5232,curtailment_only,False,10.832305215934763
5233,curtailment_only,False,13.689247794330974
5235,curtailment_only,False,9.794439233759984
5236,curtailment_only,False,20.337431163322663
5237,curtailment_only,False,12.62586869409516
5242,curtailment_only,False,0.0
5243,curtailment_only,False,24.247034827115957
5244,curtailment_only,False,11.88063016420167
5246,curtailment_only,False,11.48448058329358
5248,curtailment_only,False,11.25916910688679
525,curtailment_only,False,25.41426726901018
5253,curtailment_only,False,15.304634135585127
5254,curtailment_only,False,12.72106409927498
5255,curtailment_only,False,15.449997451516612
5256,curtailment_only,False,9.41535088920786
5257,curtailment_only,False,14.237268884490868
5258,curtailment_only,False,14.413405305530691
5259,curtailment_only,False,14.743639503402168
5261,curtailment_only,False,14.519763272007628
5262,curtailment_only,False,14.267805514413842
5263,curtailment_only,False,12.604597347197188
5264,curtailment_only,False,12.66026241370019
5265,curtailment_only,False,13.062241537063851
5266,curtailment_only,False,13.858290406321796
5267,curtailment_only,False,12.607635181608783
5268,curtailment_only,False,12.363076843332012
527,curtailment_only,False,27.07707054595276
5270,curtailment_only,False,14.141321880644746
5271,curtailment_only,False,15.583666062262488
5272,curtailment_only,False,14.463158323811998
5273,curtailment_only,False,14.454649247657064
5274,curtailment_only,False,14.290554074899452
5275,curtailment_only,False,14.612492157633149
5276,curtailment_only,False,14.672740146055386
5277,curtailment_only,False,13.089084580079495
5278,curtailment_only,False,13.498947097182583
5279,curtailment_only,False,13.498947097182583
528,curtailment_only,False,25.594085776186
5280,curtailment_only,False,14.733606958145709
5281,curtailment_only,False,13.228915398869187
5282,curtailment_only,False,12.557903552748217
5283,curtailment_only,False,13.712461722787223
5285,curtailment_only,False,12.595326379105718
5286,curtailment_only,False,12.590360231987203
5287,curtailment_only,False,13.257681422088098
5288,curtailment_only,False,13.626123352704573
5289,curtailment_only,False,14.28176379976052
5290,curtailment_only,False,14.284061889734422
5291,curtailment_only,False,13.25495191924145
5292,curtailment_only,False,12.962422559069704
5293,curtailment_only,False,14.73832242266623
5294,curtailment_only,False,12.804733971380474
5295,curtailment_only,False,12.856487396733469
5296,curtailment_only,False,14.32475585868594
5297,curtailment_only,False,14.320176697499178
5298,curtailment_only,False,12.08928506195301
5299,curtailment_only,False,12.755727138897168
53,curtailment_only,False,8.299383826890976
5301,curtailment_only,False,14.162418164618114
5302,curtailment_only,False,12.954336514393322
5303,curtailment_only,False,13.018723008154518
5304,curtailment_only,False,14.378303684680349
5305,curtailment_only,False,13.227611202295352
5306,curtailment_only,False,14.712160922026332
5307,curtailment_only,False,13.002045496277582
5308,curtailment_only,False,14.430831337554617
5309,curtailment_only,False,14.453539350292264
5310,curtailment_only,False,14.554731344725454
5311,curtailment_only,False,13.23174095836715
5315,curtailment_only,False,15.253830450629392
532,curtailment_only,False,0.0
5321,curtailment_only,False,13.888535780636603
5322,curtailment_only,False,12.42757711407696
5323,curtailment_only,False,13.635055830420455
5325,curtailment_only,False,14.03952639223519
5329,curtailment_only,False,9.156605552516224
533,curtailment_only,False,28.004975369160483
5331,curtailment_only,False,9.836031282084017
5332,curtailment_only,False,12.749006238674708
5336,curtailment_only,False,15.04567233733096
5337,curtailment_only,False,9.577562720096822
5338,curtailment_only,False,12.17217173693954
5339,curtailment_only,False,0.0
5340,curtailment_only,False,20.337431163322663
5341,curtailment_only,False,11.929152944934492
5342,curtailment_only,False,0.0
5344,curtailment_only,False,24.45409424119595
5348,curtailment_only,False,14.011424153110813
5351,curtailment_only,False,13.318180499177396
5352,curtailment_only,False,13.704557649684578
5354,curtailment_only,False,14.842071958570765
5356,curtailment_only,False,27.27980390398261
5357,curtailment_only,False,0.0
5358,curtailment_only,False,15.789229957807132
5359,curtailment_only,False,15.40825073826628
536,curtailment_only,False,24.36055416712163
5361,curtailment_only,False,8.246727692243132
5362,curtailment_only,False,8.221406807674995
5363,curtailment_only,False,14.543210883583429
5364,curtailment_only,False,14.543210883583429
5368,curtailment_only,False,14.644481914866285
5369,curtailment_only,False,14.543210883583429
537,curtailment_only,False,24.00807252104857
5370,curtailment_only,False,14.789692902065338
5371,curtailment_only,False,14.444728498211887
5372,curtailment_only,False,13.69520659665586
5373,curtailment_only,False,14.556970148295449
5374,curtailment_only,False,14.566328077179522
5375,curtailment_only,False,14.145978370696008
5376,curtailment_only,False,13.249093583191032
5377,curtailment_only,False,14.145978370696008
5382,curtailment_only,False,11.71640198220013
5384,curtailment_only,False,11.114519170286773
5385,curtailment_only,False,12.434834771034357
5386,curtailment_only,False,14.290554074899452
5387,curtailment_only,False,14.476217361523965
5388,curtailment_only,False,14.262897594990529
5389,curtailment_only,False,11.274891974567254
539,curtailment_only,False,25.28357629700314
5392,curtailment_only,False,9.815901590520808
5394,curtailment_only,False,12.666077602960486
5395,curtailment_only,False,12.666077602960486
5396,curtailment_only,False,13.771713642201576
5397,curtailment_only,False,14.48539271231934
54,curtailment_only,False,7.2796975070030365
540,curtailment_only,False,27.896861513210283
5402,curtailment_only,False,9.304670137687983
5406,curtailment_only,False,11.046264260336793
5407,curtailment_only,False,13.574881313390025
5408,curtailment_only,False,12.062108545055176
5409,curtailment_only,False,10.010963050036183
541,curtailment_only,False,27.754397304045263
5411,curtailment_only,False,9.89413316799621
5412,curtailment_only,False,12.628709788972651
5413,curtailment_only,False,12.722443371579407
5417,curtailment_only,False,12.187669433624247
542,curtailment_only,False,27.07707054595276
5425,curtailment_only,False,9.875821605173767
5428,curtailment_only,False,11.382488319746132
5429,curtailment_only,False,14.049827145581878
5436,curtailment_only,False,14.049827145581878
5437,curtailment_only,False,14.210391588940734
5438,curtailment_only,False,12.642253653907687
544,curtailment_only,False,26.77614665973295
5440,curtailment_only,False,11.235848332034694
5441,curtailment_only,False,14.511881937923
5444,curtailment_only,False,11.875687999691356
5445,curtailment_only,False,14.295961120204865
5446,curtailment_only,False,13.899200664190738
5449,curtailment_only,False,8.821879779310445
545,curtailment_only,False,27.07707054595276
5459,curtailment_only,False,12.038362092876888
546,curtailment_only,False,24.15454533300775
5460,curtailment_only,False,17.369829267486935
5463,curtailment_only,False,12.16093115258066
5465,curtailment_only,False,14.040088822053256
5467,curtailment_only,False,20.60915355067018
5468,curtailment_only,False,19.08550999381541
5469,curtailment_only,False,10.50012469852305
547,curtailment_only,False,24.36055416712163
5475,curtailment_only,False,14.596258767439792
5476,curtailment_only,False,23.980990847235464
5477,curtailment_only,False,13.301942073118076
5478,curtailment_only,False,12.458638682094604
5479,curtailment_only,False,23.906003081072363
548,curtailment_only,False,25.62358380520645
5480,curtailment_only,False,14.536322836859163
5481,curtailment_only,False,16.362237966642184
5485,curtailment_only,False,23.906003081072363
5486,curtailment_only,False,9.192308168258378
5489,curtailment_only,False,10.611911462566775
5490,curtailment_only,False,20.51813548622418
5491,curtailment_only,False,14.519763272007628
5496,curtailment_only,False,20.51098320232102
5498,curtailment_only,False,12.66026241370019
55,curtailment_only,False,10.10728308327842
5500,curtailment_only,False,14.618701105076756
5502,curtailment_only,False,16.641894210840785
5504,curtailment_only,False,10.415630422428189
5506,curtailment_only,False,25.77892191099048
5508,curtailment_only,False,23.250457178801053
5511,curtailment_only,False,14.766964441086351
5516,curtailment_only,False,12.169612202981908
5517,curtailment_only,False,26.915157411502385
5518,curtailment_only,False,13.59592821255811
5519,curtailment_only,False,13.888940838794632
5522,curtailment_only,False,15.43747796636918
5523,curtailment_only,False,18.898440687866557
5524,curtailment_only,False,10.524629149891611
5526,curtailment_only,False,26.09225694603461
5534,curtailment_only,False,15.417582299336503
5537,curtailment_only,False,18.09000292492077
5538,curtailment_only,False,10.412178824865704
5540,curtailment_only,False,14.310503908328094
5541,curtailment_only,False,11.541497072242336
5542,curtailment_only,False,18.052749557951397
5547,curtailment_only,False,14.567082794973278
5548,curtailment_only,False,12.380015950732169
555,curtailment_only,False,25.97253602538583
5550,curtailment_only,False,14.127556826654644
5552,curtailment_only,False,24.781701885312696
5556,curtailment_only,False,13.931717140633069
5558,curtailment_only,False,15.638647543286467
556,curtailment_only,False,24.78579335656025
5562,curtailment_only,False,26.906395361445536
5564,curtailment_only,False,23.989525941928967
5566,curtailment_only,False,10.930214113298163
5568,curtailment_only,False,11.468439854671724
557,curtailment_only,False,21.30729075817601
5570,curtailment_only,False,25.53254580428256
5574,curtailment_only,False,10.73149454058982
5575,curtailment_only,False,26.64861293401184
5576,curtailment_only,False,24.23218824282703
5577,curtailment_only,False,17.45063787375247
5579,curtailment_only,False,10.931238960177875
5581,curtailment_only,False,24.13856523999566
5590,curtailment_only,False,12.934148256098176
5593,curtailment_only,False,16.019488400386123
5597,curtailment_only,False,15.70855742383559
5598,curtailment_only,False,13.75169266920259
5599,curtailment_only,False,17.317318354357283
56,curtailment_only,False,9.912654945483204
560,curtailment_only,False,5.921474602027599
5602,curtailment_only,False,24.23218824282703
5604,curtailment_only,False,11.713246985520954
5605,curtailment_only,False,9.439389172073907
5607,curtailment_only,False,14.960590373506774
5610,curtailment_only,False,22.588763035240365
5611,curtailment_only,False,14.058197929993574
5612,curtailment_only,False,17.44482697146252
5616,curtailment_only,False,24.84433064863688
5618,curtailment_only,False,24.13856523999566
5619,curtailment_only,False,14.9960736777673
562,curtailment_only,False,5.907753880843011
5625,curtailment_only,False,24.13856523999566
5626,curtailment_only,False,14.058197929993574
5627,curtailment_only,False,21.394248563569555
5628,curtailment_only,False,10.846159974919194
5630,curtailment_only,False,24.008985895932824
5631,curtailment_only,False,10.94892336328473
5634,curtailment_only,False,15.120247319893217
5637,curtailment_only,False,14.300310397613083
5638,curtailment_only,False,17.317318354357283
5639,curtailment_only,False,11.16644971182938
564,curtailment_only,False,5.832077028805207
5642,curtailment_only,False,14.058197929993574
5644,curtailment_only,False,12.810351698282403
5645,curtailment_only,False,18.29726429002206
5647,curtailment_only,False,10.564653193748727
5649,curtailment_only,False,12.136507701578925
565,curtailment_only,False,7.904606657918202
5651,curtailment_only,False,14.2355599291582
5652,curtailment_only,False,13.061601706789377
5654,curtailment_only,False,14.848920504250072
5656,curtailment_only,False,21.230443948611164
5657,curtailment_only,False,12.694472830772613
5658,curtailment_only,False,17.470458805222616
5659,curtailment_only,False,14.169342337908096
5660,curtailment_only,False,14.904367161306558
5661,curtailment_only,False,10.575297300118688
5662,curtailment_only,False,10.380608801192716
5663,curtailment_only,False,13.534889600251446
5665,curtailment_only,False,15.808567769655587
5668,curtailment_only,False,16.554359339658674
567,curtailment_only,False,5.799330542496142
5671,curtailment_only,False,11.910485406392308
5675,curtailment_only,False,13.875638648669335
5677,curtailment_only,False,10.233957942072989
5679,curtailment_only,False,14.218396449622386
5680,curtailment_only,False,21.580485253076365
5681,curtailment_only,False,14.48229773770664
5685,curtailment_only,False,13.922632043377634
5686,curtailment_only,False,24.19547270387101
5687,curtailment_only,False,11.545414177499426
569,curtailment_only,False,1.0415681783767332
5691,curtailment_only,False,17.632194489336705
5692,curtailment_only,False,24.19547270387101
5696,curtailment_only,False,15.223055032066323
57,curtailment_only,False,9.896833180310695
5700,curtailment_only,False,10.769072966833985
5702,curtailment_only,False,10.67671824307758
5706,curtailment_only,False,12.441981461766275
5708,curtailment_only,False,10.672978599618483
5709,curtailment_only,False,14.24209579221384
5712,curtailment_only,False,10.694323533339206
5713,curtailment_only,False,12.783522440122171
5715,curtailment_only,False,9.700061797795884
5716,curtailment_only,False,12.436353145275232
5718,curtailment_only,False,10.80444260897721
572,curtailment_only,False,6.0639274474923885
5720,curtailment_only,False,12.858004133248334
5722,curtailment_only,False,12.607635181608783
5723,curtailment_only,False,14.655788924182412
5726,curtailment_only,False,16.327954083775904
5729,curtailment_only,False,13.952909274154084
5730,curtailment_only,False,14.934636079656617
5731,curtailment_only,False,15.225738105395909
5739,curtailment_only,False,10.557928102334111
5742,curtailment_only,False,14.092209202244604
5744,curtailment_only,False,10.499272021663394
5746,curtailment_only,False,8.781059796114299
5749,curtailment_only,False,12.383420313229209
575,curtailment_only,False,5.753141866092772
5750,curtailment_only,False,24.33955372345901
5752,curtailment_only,False,14.89638781254929
5753,curtailment_only,False,10.964768120906728
5754,curtailment_only,False,16.80684209446771
5756,curtailment_only,False,10.083311606979548
576,curtailment_only,False,5.801753771948001
5762,curtailment_only,False,12.852503883101658
5764,curtailment_only,False,11.36436209283286
5766,curtailment_only,False,10.584286876304493
5774,curtailment_only,False,15.011811650004493
5776,curtailment_only,False,14.296937372641
5777,curtailment_only,False,10.352254840862605
578,curtailment_only,False,4.762766932422158
5783,curtailment_only,False,16.360962148373716
5784,curtailment_only,False,11.080699353832571
5786,curtailment_only,False,17.999017009538466
5787,curtailment_only,False,13.882541839983814
5789,curtailment_only,False,14.598286900369889
5790,curtailment_only,False,13.570404507263769
5792,curtailment_only,False,14.609893265569331
5796,curtailment_only,False,14.75072421232977
5798,curtailment_only,False,23.958664375485903
5799,curtailment_only,False,10.603181703434949
58,curtailment_only,False,7.590277891197486
5802,curtailment_only,False,16.725684664335958
5803,curtailment_only,False,10.060353147399011
5804,curtailment_only,False,18.5932126131549
5805,curtailment_only,False,10.603181703434949
5806,curtailment_only,False,13.811089918719423
5807,curtailment_only,False,21.60517920071032
5808,curtailment_only,False,12.189831431666072
581,curtailment_only,False,2.0693686233532813
5810,curtailment_only,False,10.047377293566075
5811,curtailment_only,False,12.453396005366992
5813,curtailment_only,False,8.210034557195812
5814,curtailment_only,False,23.06914142015117
5820,curtailment_only,False,21.99239408103707
5821,curtailment_only,False,11.426349468279044
5823,curtailment_only,False,9.971479753977526
5826,curtailment_only,False,11.51773557470686
5827,curtailment_only,False,14.6562596235005
5828,curtailment_only,False,16.904750999219974
5830,curtailment_only,False,17.81464357891295
5831,curtailment_only,False,17.106194237038807
5832,curtailment_only,False,27.146921102024272
5834,curtailment_only,False,11.67768804270143
5836,curtailment_only,False,14.511657943403744
5841,curtailment_only,False,16.095407551893754
5845,curtailment_only,False,13.117652517480677
5846,curtailment_only,False,27.23352983788172
5849,curtailment_only,False,10.020169717133712
585,curtailment_only,False,5.84642977514106
5850,curtailment_only,False,10.58327334082352
5856,curtailment_only,False,10.405554693023516
5857,curtailment_only,False,14.533328179297602
5858,curtailment_only,False,16.327954083775904
5859,curtailment_only,False,24.568662279889427
586,curtailment_only,False,5.862872879348707
5860,curtailment_only,False,14.52629037681021
5862,curtailment_only,False,10.696760278325034
5866,curtailment_only,False,16.526783968335003
5867,curtailment_only,False,24.568662279889427
587,curtailment_only,False,5.702010401796786
5871,curtailment_only,False,16.160758272921953
5872,curtailment_only,False,12.13163518457554
5873,curtailment_only,False,15.605543381310154
5876,curtailment_only,False,22.23270237984627
5877,curtailment_only,False,16.895248430797192
5882,curtailment_only,False,26.96365555882068
5884,curtailment_only,False,12.97415486466265
5885,curtailment_only,False,14.080523281841174
5886,curtailment_only,False,18.17291818052049
5887,curtailment_only,False,11.02438473998268
5889,curtailment_only,False,26.77773068346515
589,curtailment_only,False,5.747604053631359
5894,curtailment_only,False,27.0161080837252
5895,curtailment_only,False,13.007102747166677
5897,curtailment_only,False,10.92583371930656
59,curtailment_only,False,8.633228939033476
5900,curtailment_only,False,14.125979851916746
5901,curtailment_only,False,19.99745798662469
5902,curtailment_only,False,8.144369028838923
5904,curtailment_only,False,12.137607840883575
5910,curtailment_only,False,10.752770996470773
5912,curtailment_only,False,15.554254875421458
5914,curtailment_only,False,25.67383926702488
5919,curtailment_only,False,25.862140170679204
5921,curtailment_only,False,18.14830666232129
5925,curtailment_only,False,15.399817513972252
5926,curtailment_only,False,13.882541839983814
5928,curtailment_only,False,14.14851859486559
593,curtailment_only,False,3.76567376635657
5931,curtailment_only,False,10.870600938627089
5934,curtailment_only,False,10.739513203959532
5937,curtailment_only,False,16.09568133666647
5938,curtailment_only,False,11.782827791220512
5939,curtailment_only,False,10.324311626335843
594,curtailment_only,False,5.7685323152209085
5942,curtailment_only,False,10.82898593470212
5943,curtailment_only,False,10.50775737670206
5944,curtailment_only,False,11.782827791220512
5945,curtailment_only,False,10.357685357133066
5949,curtailment_only,False,10.68857665565788
5951,curtailment_only,False,14.581101383307637
5953,curtailment_only,False,14.481384814499243
5954,curtailment_only,False,10.851120896479582
5955,curtailment_only,False,26.58853004465611
5957,curtailment_only,False,13.882541839983814
5959,curtailment_only,False,14.57063751999518
596,curtailment_only,False,7.058515902971878
5962,curtailment_only,False,14.076921896468566
5963,curtailment_only,False,10.199480567330616
5965,curtailment_only,False,14.57063751999518
5966,curtailment_only,False,25.595329934108417
5968,curtailment_only,False,11.869438937873024
5972,curtailment_only,False,10.642662734527066
5973,curtailment_only,False,22.21615563773065
5976,curtailment_only,False,10.564229776443046
5977,curtailment_only,False,14.678253984945796
5981,curtailment_only,False,17.163658618476862
5982,curtailment_only,False,13.321477127251242
5983,curtailment_only,False,21.910272912375707
5984,curtailment_only,False,10.545324511646063
5985,curtailment_only,False,10.400077666497255
5986,curtailment_only,False,15.192108265900671
5988,curtailment_only,False,14.249698664862596
5989,curtailment_only,False,14.249698664862596
5990,curtailment_only,False,14.365300993619998
5994,curtailment_only,False,22.218049111950165
5995,curtailment_only,False,24.110268963276692
5996,curtailment_only,False,26.14716328214609
5997,curtailment_only,False,26.13341701468449
5998,curtailment_only,False,19.46180639970252
6,curtailment_only,False,6.452882414366217
60,curtailment_only,False,11.324705933437691
600,curtailment_only,False,6.429214268594851
6001,curtailment_only,False,27.159638997834293
6003,curtailment_only,False,8.629640898711562
6004,curtailment_only,False,27.100093712985945
6005,curtailment_only,False,27.159638997834293
6006,curtailment_only,False,27.112921956070696
6007,curtailment_only,False,28.53219953902301
6008,curtailment_only,False,13.814205219489894
6014,curtailment_only,False,27.3021381367098
6016,curtailment_only,False,28.81646881320556
6017,curtailment_only,True,36.695103105477386
6018,curtailment_only,False,14.547682265378048
6020,curtailment_only,False,27.221846281918616
6021,curtailment_only,False,27.3021381367098
6022,curtailment_only,False,27.3021381367098
6024,curtailment_only,False,27.291908578663648
6025,curtailment_only,False,28.81646881320556
6026,curtailment_only,False,26.8417181395542
6027,curtailment_only,False,28.81646881320556
6030,curtailment_only,True,29.3173917059386
6031,curtailment_only,True,42.40966493826082
6032,curtailment_only,True,29.774597620047007
6035,curtailment_only,False,27.159638997834293
6036,curtailment_only,True,105.25837080994066
6037,curtailment_only,True,65.14777734923996
6047,curtailment_only,False,28.13910204170262
6048,curtailment_only,True,111.60629927740868
6056,curtailment_only,False,28.36027830835108
6057,curtailment_only,True,29.989942670443003
6059,curtailment_only,True,30.35083466000991
6060,curtailment_only,True,30.500813242896893
6061,curtailment_only,True,29.43390389862595
6063,curtailment_only,True,31.02445716524637
6065,curtailment_only,False,27.51888999959722
6066,curtailment_only,True,58.12015184054919
6067,curtailment_only,True,30.844307051366407
6068,curtailment_only,True,30.027688616064623
6069,curtailment_only,True,31.22205873556984
6070,curtailment_only,True,51.8338852934741
6071,curtailment_only,False,27.537394348893976
6072,curtailment_only,False,27.37319604223225
6074,curtailment_only,False,27.37319604223225
6076,curtailment_only,True,42.61731550939613
6078,curtailment_only,False,27.76547950897027
6079,curtailment_only,False,27.49483419001283
6081,curtailment_only,False,29.12089477038652
6082,curtailment_only,True,169.18695659494296
6083,curtailment_only,True,47.39717659356285
6085,curtailment_only,False,27.55615076674591
6086,curtailment_only,True,99.1628129019405
6089,curtailment_only,True,29.631561800223277
6091,curtailment_only,False,26.333925324778797
6092,curtailment_only,False,26.086047360991888
6093,curtailment_only,False,27.377806379838084
6096,curtailment_only,False,27.112921956070696
6097,curtailment_only,False,28.57255499906569
6098,curtailment_only,True,37.82234510771485
6099,curtailment_only,False,28.433864533410944
6100,curtailment_only,False,27.49646871762759
6101,curtailment_only,True,30.097873037344083
6102,curtailment_only,True,197.9012718801668
6103,curtailment_only,False,27.539543342214078
6104,curtailment_only,True,29.723527651299023
6105,curtailment_only,False,28.245185083477995
6106,curtailment_only,False,28.97825919105172
6107,curtailment_only,False,28.913911250477465
6108,curtailment_only,False,27.87195670818568
6109,curtailment_only,False,27.570908032583677
6110,curtailment_only,False,27.17120800270348
6111,curtailment_only,True,30.856596117633558
6112,curtailment_only,True,122.23098832517827
6113,curtailment_only,False,10.163644480347989
6114,curtailment_only,True,38.04510259245382
6117,curtailment_only,False,27.596548268146478
6120,curtailment_only,True,30.85803354066645
6121,curtailment_only,True,167.40944896316256
6122,curtailment_only,False,6.870464697089001
6123,curtailment_only,True,29.54257357511978
6124,curtailment_only,True,38.04510259245382
6125,curtailment_only,False,28.49218626046088
6126,curtailment_only,False,14.169035016627175
6128,curtailment_only,True,125.37623252434074
6129,curtailment_only,True,182.75630494050256
6130,curtailment_only,False,11.211868235379546
6131,curtailment_only,True,384.8491925157933
6133,curtailment_only,True,86.40707877227715
6134,curtailment_only,True,137.8428497142165
6138,curtailment_only,False,12.989294820099532
614,curtailment_only,False,1.5799415813095858
6140,curtailment_only,True,32.1506099104819
6142,curtailment_only,False,26.869022971263604
6143,curtailment_only,True,64.14153211156068
6145,curtailment_only,True,112.989180919476
6149,curtailment_only,True,137.9186413412861
6151,curtailment_only,False,28.04685646406188
6152,curtailment_only,True,224.65944358552423
6154,curtailment_only,False,27.55152038328422
6158,curtailment_only,False,27.119819735103533
6159,curtailment_only,True,256.56612845847525
6160,curtailment_only,True,225.34034956214083
6163,curtailment_only,True,91.17783801459753
6165,curtailment_only,True,144.7052038639583
6167,curtailment_only,False,27.02740689282736
6169,curtailment_only,False,27.14740648879252
617,curtailment_only,False,2.6553837437244283
6170,curtailment_only,False,10.735527881650157
6171,curtailment_only,True,439.0260060175078
6172,curtailment_only,False,28.989191999045
6175,curtailment_only,False,28.23493741771431
6176,curtailment_only,False,29.04668294836577
6177,curtailment_only,False,14.125135455459176
6178,curtailment_only,True,54.047787605704976
6179,curtailment_only,False,15.367025251143575
6183,curtailment_only,True,31.24225182524382
6185,curtailment_only,True,322.89079656651785
6186,curtailment_only,False,28.23493741771431
6187,curtailment_only,False,9.649832858050504
6189,curtailment_only,True,42.50256690393814
6190,curtailment_only,True,41.23149740936059
6191,curtailment_only,True,30.285184515507098
6192,curtailment_only,False,11.838681602266744
6197,curtailment_only,True,288.25486684995855
6199,curtailment_only,True,680.0410703106695
62,curtailment_only,False,9.891839112981138
620,curtailment_only,False,2.236157769161596
6203,curtailment_only,False,12.78613557765386
6205,curtailment_only,False,27.450364367658867
6208,curtailment_only,True,606.9672313143953
6209,curtailment_only,False,12.596085439087018
6211,curtailment_only,False,14.134444446672134
6212,curtailment_only,False,27.119819735103533
6214,curtailment_only,True,72.35260192860848
6215,curtailment_only,True,41.495619333360025
6219,curtailment_only,True,30.703081369225377
622,curtailment_only,False,7.016571582295056
6220,curtailment_only,True,85.92812930939328
6222,curtailment_only,False,9.27050813162652
6224,curtailment_only,True,93.0963028926392
6230,curtailment_only,True,30.83202927902133
6232,curtailment_only,False,13.441325510970792
6233,curtailment_only,False,27.33083462274024
6239,curtailment_only,False,27.558637439907773
6242,curtailment_only,False,11.882502074668924
6245,curtailment_only,False,12.626736182351245
6247,curtailment_only,True,197.42261687205345
6249,curtailment_only,True,326.1970833634093
6250,curtailment_only,False,13.33622782594446
6251,curtailment_only,False,28.641941555206326
6252,curtailment_only,False,12.705062464514048
6253,curtailment_only,True,72.35260192860848
6259,curtailment_only,True,184.7124676508089
626,curtailment_only,False,3.825457723819371
6260,curtailment_only,False,27.02740689282736
6261,curtailment_only,False,28.309613555857908
6262,curtailment_only,False,11.229348491015
6263,curtailment_only,False,27.78354617471354
6268,curtailment_only,True,255.28895266322476
6269,curtailment_only,True,314.7826813043374
627,curtailment_only,False,3.86459394801886
6270,curtailment_only,True,38.04510259245382
6271,curtailment_only,False,14.55451253462168
6272,curtailment_only,False,28.08732311136988
6273,curtailment_only,False,13.052486755821972
6276,curtailment_only,True,170.20506989129112
6277,curtailment_only,False,27.02740689282736
6280,curtailment_only,False,27.268846483527938
6281,curtailment_only,False,11.46226336557173
6284,curtailment_only,True,328.6160843981823
6286,curtailment_only,False,27.588325686132716
6287,curtailment_only,False,9.141428848434463
6288,curtailment_only,True,392.3532713729536
6289,curtailment_only,False,27.435117586922537
629,curtailment_only,False,5.85289651015947
6290,curtailment_only,True,29.79376772244172
6293,curtailment_only,True,210.99051538940947
6294,curtailment_only,True,35.74194240537535
6295,curtailment_only,True,29.23605729100773
6297,curtailment_only,False,11.377384784583375
6299,curtailment_only,False,17.615001522625967
63,curtailment_only,False,10.515290205442074
630,curtailment_only,False,7.2954926823213935
6300,curtailment_only,False,8.034489617422247
6301,curtailment_only,False,28.04298387209121
6302,curtailment_only,True,205.68825901278743
6303,curtailment_only,True,102.84412949101711
6304,curtailment_only,True,107.96160238259584
6306,curtailment_only,True,126.50316777219508
6308,curtailment_only,True,135.45926161658144
6309,curtailment_only,True,160.02148201058444
6310,curtailment_only,True,160.02148201058444
6311,curtailment_only,True,102.65510429108896
6312,curtailment_only,True,294.02950173301303
6314,curtailment_only,True,145.75183351393548
6315,curtailment_only,True,113.9618239747236
6316,curtailment_only,True,113.86529488654914
6317,curtailment_only,True,169.22930580428604
6318,curtailment_only,True,112.03912738389369
6319,curtailment_only,True,113.9618239747236
6320,curtailment_only,False,0.0
6321,curtailment_only,True,30.061676514383368
6322,curtailment_only,True,53.00738235307836
6323,curtailment_only,True,29.296159664202285
6324,curtailment_only,False,27.96389220684448
6325,curtailment_only,False,27.96389220684448
6326,curtailment_only,False,27.96389220684448
6327,curtailment_only,False,27.96389220684448
6328,curtailment_only,True,29.296159664202285
6329,curtailment_only,False,25.78268096097139
6331,curtailment_only,False,26.79124524737643
6332,curtailment_only,False,27.041762631098383
6334,curtailment_only,False,28.54644995581348
6335,curtailment_only,False,27.041762631098383
6336,curtailment_only,False,27.041762631098383
6337,curtailment_only,False,28.54644995581348
6339,curtailment_only,False,28.641941555206326
6341,curtailment_only,False,27.041762631098383
6342,curtailment_only,False,27.515117490923675
6344,curtailment_only,False,28.765246048275767
6345,curtailment_only,False,27.922973825652605
6347,curtailment_only,False,27.34801631808578
6349,curtailment_only,False,26.79124524737643
635,curtailment_only,False,6.722052505915557
6350,curtailment_only,False,28.20635449813213
6351,curtailment_only,False,25.479662955475096
6352,curtailment_only,False,27.5589999150088
6353,curtailment_only,False,26.14850850889449
6356,curtailment_only,False,27.16982845687607
6358,curtailment_only,True,36.50788956980493
6360,curtailment_only,True,29.66265589448028
6361,curtailment_only,True,46.725852408788725
6362,curtailment_only,True,212.8693110163605
6363,curtailment_only,False,28.654515835854944
6364,curtailment_only,False,26.937566088410485
6365,curtailment_only,True,29.640060061318927
6366,curtailment_only,False,26.63872719151656
6367,curtailment_only,False,27.084294052070355
6368,curtailment_only,False,27.210074668156956
6369,curtailment_only,False,26.11601192689161
637,curtailment_only,False,8.1127260425963
6371,curtailment_only,False,27.734969335860235
6372,curtailment_only,False,29.0468586675352
6374,curtailment_only,False,29.04271065886929
6375,curtailment_only,False,29.0468586675352
6376,curtailment_only,False,27.247273343431782
6377,curtailment_only,False,27.61123975564719
6378,curtailment_only,False,27.19776521640088
6379,curtailment_only,False,27.19776521640088
6380,curtailment_only,True,29.335621845624
6381,curtailment_only,False,28.53219953902301
6382,curtailment_only,False,15.526399988619216
6383,curtailment_only,False,6.801759525576342
6384,curtailment_only,False,17.960029032951034
6385,curtailment_only,False,27.775071002419523
6386,curtailment_only,False,27.5573024893585
6387,curtailment_only,True,30.161246629679702
6388,curtailment_only,True,60.013652017176085
6389,curtailment_only,True,57.39438590497792
6390,curtailment_only,False,27.247273343431782
6391,curtailment_only,False,14.466051868852151
6392,curtailment_only,False,6.293197839899519
6394,curtailment_only,True,75.58691504574384
6395,curtailment_only,False,26.8055260223087
64,curtailment_only,False,5.053645170694346
6400,curtailment_only,False,6.293197839899519
6402,curtailment_only,False,28.641941555206326
6403,curtailment_only,False,26.890705690673634
6405,curtailment_only,True,348.7209108438819
6406,curtailment_only,False,27.52021539515377
6407,curtailment_only,False,26.9966218252116
641,curtailment_only,False,0.0
6411,curtailment_only,False,27.92551234784781
6412,curtailment_only,False,27.02740689282736
6413,curtailment_only,False,14.378181046533827
6414,curtailment_only,False,27.375632467522493
6415,curtailment_only,True,29.208811411028805
6416,curtailment_only,False,10.363806544177647
6417,curtailment_only,False,27.92551234784781
6418,curtailment_only,False,28.08897977221556
6419,curtailment_only,False,27.02740689282736
642,curtailment_only,False,24.237278024493893
6420,curtailment_only,False,27.846643044474398
6421,curtailment_only,False,15.582091791334554
6423,curtailment_only,False,27.949615509405422
6424,curtailment_only,False,28.25092067462117
6426,curtailment_only,False,12.428041932906671
6427,curtailment_only,False,26.890705690673634
6428,curtailment_only,True,29.944560923703676
6429,curtailment_only,False,27.92551234784781
6430,curtailment_only,False,27.100093712985945
6431,curtailment_only,False,10.259773956334652
6433,curtailment_only,False,14.675694021553609
6434,curtailment_only,False,28.25092067462117
6435,curtailment_only,True,71.94074896299782
6436,curtailment_only,False,28.78872592649201
6437,curtailment_only,False,26.767490651172736
6440,curtailment_only,False,27.649627514799
6441,curtailment_only,False,15.142965354694702
6443,curtailment_only,True,29.200106359091897
6444,curtailment_only,False,26.767490651172736
6447,curtailment_only,True,84.11628386819388
6448,curtailment_only,False,27.166341080848326
6451,curtailment_only,True,34.351076869192894
6453,curtailment_only,False,26.58576163789188
6454,curtailment_only,False,12.46626049965411
6456,curtailment_only,False,27.166341080848326
6459,curtailment_only,False,18.722109758864125
6460,curtailment_only,False,26.33156668309596
6462,curtailment_only,False,11.126524026700467
6465,curtailment_only,True,30.01593175550288
6467,curtailment_only,True,29.285459896819845
6468,curtailment_only,True,30.331806195107088
6470,curtailment_only,False,18.12330734631212
6475,curtailment_only,True,55.43613064501905
6476,curtailment_only,True,30.331806195107088
6477,curtailment_only,False,27.04046348943853
6478,curtailment_only,False,18.648308718507163
6479,curtailment_only,False,13.96618828179954
6480,curtailment_only,False,28.204086323874407
6481,curtailment_only,False,8.55442818992875
6484,curtailment_only,False,9.331582277743722
6485,curtailment_only,True,29.68036765317168
6486,curtailment_only,False,8.042618143513511
6487,curtailment_only,False,28.734260785720338
6488,curtailment_only,False,27.04046348943853
6489,curtailment_only,False,27.42902394409726
6491,curtailment_only,False,17.946165274845875
6492,curtailment_only,False,14.733606958145709
6493,curtailment_only,False,27.42902394409726
6494,curtailment_only,False,26.984369070956085
6495,curtailment_only,False,8.764920750431063
6496,curtailment_only,False,28.11660912650562
6498,curtailment_only,False,28.02819478629688
6501,curtailment_only,False,14.733606958145709
6502,curtailment_only,False,26.029229412408597
6503,curtailment_only,False,9.34134820507298
6504,curtailment_only,False,10.76842246265188
6505,curtailment_only,False,26.984369070956085
6507,curtailment_only,False,28.2554983631141
6508,curtailment_only,False,27.5573024893585
651,curtailment_only,False,5.401233826485424
6510,curtailment_only,False,14.16179102098252
6513,curtailment_only,False,12.447256313274153
6514,curtailment_only,False,26.984369070956085
6516,curtailment_only,False,28.36027830835108
6518,curtailment_only,False,29.08584636267277
6520,curtailment_only,False,8.913515378507752
6521,curtailment_only,False,6.9157141632978805
6522,curtailment_only,False,28.72814271292177
6523,curtailment_only,False,16.371204838087415
6527,curtailment_only,False,10.37603560473338
6528,curtailment_only,True,54.26671438725729
6529,curtailment_only,False,28.36027830835108
653,curtailment_only,False,5.563068181338967
6530,curtailment_only,False,11.313165225121017
6531,curtailment_only,False,28.512901890547468
6532,curtailment_only,False,27.61375905322284
6536,curtailment_only,True,51.8338852934741
6537,curtailment_only,False,28.02819478629688
6538,curtailment_only,True,29.962551235210714
6539,curtailment_only,False,27.61375905322284
6542,curtailment_only,False,7.018308586649943
6544,curtailment_only,False,11.49160058482054
6546,curtailment_only,False,26.925820003035994
6547,curtailment_only,False,14.245269399850017
6548,curtailment_only,True,29.962551235210714
6550,curtailment_only,False,6.284988320561352
6551,curtailment_only,False,11.49160058482054
6552,curtailment_only,False,28.94202389485361
6553,curtailment_only,False,28.02143013911246
6555,curtailment_only,False,6.223686335207256
6557,curtailment_only,False,28.125201600404672
6559,curtailment_only,True,51.40128068527715
6560,curtailment_only,False,27.83534218980801
6562,curtailment_only,False,8.565674671943817
6564,curtailment_only,True,29.94525871223872
6565,curtailment_only,True,74.88613475119422
6566,curtailment_only,True,30.15089582592902
6568,curtailment_only,False,28.09921572445637
657,curtailment_only,False,26.586772320344952
6570,curtailment_only,False,12.443766744985156
6572,curtailment_only,False,10.531436070631074
6573,curtailment_only,False,12.919677506377754
6574,curtailment_only,True,30.362254425254587
6576,curtailment_only,True,70.55335176827985
6578,curtailment_only,False,28.93896380915133
6579,curtailment_only,True,325.802783521422
6580,curtailment_only,False,14.657110928295335
6582,curtailment_only,True,303.0937820188902
6585,curtailment_only,False,27.49874306833091
6586,curtailment_only,False,6.663399899078738
6590,curtailment_only,True,30.57224576216878
6592,curtailment_only,False,11.398364167871572
6597,curtailment_only,False,26.17274988669623
6598,curtailment_only,True,241.48837011410723
66,curtailment_only,False,10.825263530368783
6602,curtailment_only,True,30.15198792587981
6604,curtailment_only,False,16.618958424864488
6605,curtailment_only,False,27.588325686132716
6606,curtailment_only,False,27.846643044474398
6607,curtailment_only,True,40.17108336858203
6609,curtailment_only,True,307.4768306792287
6612,curtailment_only,False,8.904713983157299
6616,curtailment_only,False,28.857106138280148
6619,curtailment_only,False,28.02819478629688
6620,curtailment_only,False,11.042526028803664
6621,curtailment_only,False,13.582575507477108
6625,curtailment_only,True,47.50506674528046
6626,curtailment_only,False,27.136999349418645
6627,curtailment_only,False,12.919677506377754
6628,curtailment_only,True,41.66351343915377
6629,curtailment_only,False,12.507290701847063
663,curtailment_only,False,26.586772320344952
6631,curtailment_only,False,11.430532213575924
6632,curtailment_only,False,27.076314308343274
6633,curtailment_only,False,28.02819478629688
6634,curtailment_only,True,29.418657750789475
6635,curtailment_only,False,27.041762631098383
6636,curtailment_only,False,12.575144250828927
6638,curtailment_only,True,48.29636196041467
6639,curtailment_only,False,11.098028518914957
6640,curtailment_only,False,15.428255374619768
6641,curtailment_only,False,29.08229588785493
6643,curtailment_only,False,27.02740689282736
6644,curtailment_only,True,30.351268663277157
6645,curtailment_only,False,10.313371170052791
6648,curtailment_only,False,7.223644114656968
6650,curtailment_only,False,26.869022971263604
6652,curtailment_only,False,27.344614205454825
6654,curtailment_only,False,28.23493741771431
6655,curtailment_only,False,6.510012665744265
6657,curtailment_only,False,26.869022971263604
6658,curtailment_only,False,9.775407584036609
6659,curtailment_only,True,29.166997313159992
666,curtailment_only,False,0.0
6661,curtailment_only,False,27.02740689282736
6664,curtailment_only,False,8.025001636561774
6666,curtailment_only,False,28.421497008081964
6667,curtailment_only,False,13.595137930200696
6668,curtailment_only,False,27.344614205454825
6669,curtailment_only,True,32.1937110953689
6670,curtailment_only,False,27.589561621683988
6672,curtailment_only,True,35.4837246825097
6673,curtailment_only,False,27.344614205454825
6674,curtailment_only,False,8.025001636561774
6675,curtailment_only,True,30.51604749706868
6677,curtailment_only,False,8.602461858383899
6679,curtailment_only,False,12.00431355232606
668,curtailment_only,False,24.636280057590643
6684,curtailment_only,False,27.02740689282736
6685,curtailment_only,False,26.493516878351244
6687,curtailment_only,False,7.043278420302561
6689,curtailment_only,False,27.14888956978853
669,curtailment_only,False,0.0
6691,curtailment_only,False,27.589561621683988
6693,curtailment_only,False,27.131112927326733
6694,curtailment_only,False,28.641941555206326
6695,curtailment_only,False,8.69948236702577
6696,curtailment_only,False,27.14888956978853
6697,curtailment_only,False,16.74472544337248
6698,curtailment_only,False,27.25698895739239
6699,curtailment_only,False,27.131112927326733
67,curtailment_only,False,5.185131445849177
6701,curtailment_only,False,29.045179081011977
6702,curtailment_only,False,11.792835975717102
6704,curtailment_only,False,27.02740689282736
6707,curtailment_only,True,29.861764340586102
6709,curtailment_only,False,12.524072147664
6712,curtailment_only,False,15.261252834741496
6713,curtailment_only,False,7.957105988024389
6717,curtailment_only,False,27.583629966418627
6718,curtailment_only,False,13.614591907221577
6719,curtailment_only,False,13.739076822769606
6720,curtailment_only,True,30.113936769627045
6722,curtailment_only,False,7.285859678061469
6723,curtailment_only,False,27.771064261174605
6726,curtailment_only,False,12.522316718693476
6727,curtailment_only,False,16.099139158258982
6728,curtailment_only,False,28.50605783240614
6729,curtailment_only,False,8.294026457343493
6731,curtailment_only,True,29.173056036584104
6733,curtailment_only,False,27.02740689282736
6735,curtailment_only,False,15.13569983844748
6736,curtailment_only,False,28.50605783240614
6737,curtailment_only,False,10.356809163507709
6738,curtailment_only,False,28.548392229406303
6739,curtailment_only,True,303.7282878784447
6740,curtailment_only,True,30.57763576507768
6741,curtailment_only,False,29.07664390653238
6743,curtailment_only,False,14.344602783760967
6745,curtailment_only,True,30.27274162304045
6746,curtailment_only,False,8.615212182292398
6747,curtailment_only,True,226.55028166959136
6750,curtailment_only,False,27.02740689282736
6753,curtailment_only,True,32.48606413210636
6754,curtailment_only,False,7.017010044753813
6755,curtailment_only,True,30.076320483338144
6757,curtailment_only,False,27.02740689282736
676,curtailment_only,False,6.887308106496119
6760,curtailment_only,True,39.87236665448207
6761,curtailment_only,False,8.045419844419998
6764,curtailment_only,True,30.06116277739694
6766,curtailment_only,True,241.07382561344608
6768,curtailment_only,False,28.23493741771431
6769,curtailment_only,False,27.68909806193401
6770,curtailment_only,False,14.28712892174386
6774,curtailment_only,False,28.51668686882656
6776,curtailment_only,False,27.20526505321121
6777,curtailment_only,True,29.616726773247706
678,curtailment_only,False,27.031997470413963
6781,curtailment_only,False,11.989605366000086
6782,curtailment_only,False,28.51668686882656
6783,curtailment_only,False,8.58798769738437
6784,curtailment_only,False,28.989191999045
6785,curtailment_only,False,28.71394432224035
6788,curtailment_only,False,11.989605366000086
6789,curtailment_only,True,84.75879316387176
6790,curtailment_only,True,109.8275078180518
6791,curtailment_only,False,6.708629097492433
6792,curtailment_only,False,28.50998317582396
6793,curtailment_only,True,29.3762928795384
6794,curtailment_only,False,27.53501563465074
6796,curtailment_only,True,269.6356477459637
6797,curtailment_only,False,13.942299895278689
6798,curtailment_only,True,490.65155181435136
6799,curtailment_only,True,105.86123320315156
68,curtailment_only,False,5.114926253285304
6800,curtailment_only,False,8.55792087412035
6801,curtailment_only,False,26.40673154611952
6802,curtailment_only,True,29.81331091678224
6803,curtailment_only,False,27.593008806956064
6804,curtailment_only,True,58.44056162637421
6805,curtailment_only,False,27.868641219789826
6806,curtailment_only,True,32.14543720365835
6807,curtailment_only,False,12.97369609341458
6808,curtailment_only,True,137.40339898633468
6809,curtailment_only,False,27.1118461484764
681,curtailment_only,False,0.9327164806880812
6810,curtailment_only,False,10.125623400095042
6811,curtailment_only,False,27.35757993137788
6812,curtailment_only,True,506.9864066247761
6813,curtailment_only,False,28.992897299993476
6814,curtailment_only,False,28.49218626046088
6815,curtailment_only,True,30.04834296944219
6816,curtailment_only,False,28.49218626046088
6817,curtailment_only,False,7.166050303229127
6818,curtailment_only,True,111.88413291406418
6819,curtailment_only,True,92.57276083037384
682,curtailment_only,False,0.0
6820,curtailment_only,False,27.67060909193977
6823,curtailment_only,False,27.039307142045583
6824,curtailment_only,True,356.99455977984513
6825,curtailment_only,False,28.49218626046088
6826,curtailment_only,False,10.44188692068089
6827,curtailment_only,True,211.72246627507965
683,curtailment_only,False,5.998421028146441
6830,curtailment_only,False,27.429879304371298
6831,curtailment_only,True,31.00761228626154
6832,curtailment_only,False,27.96413572255692
6834,curtailment_only,False,27.751730009746264
6835,curtailment_only,True,89.27121470398292
6838,curtailment_only,False,28.49000421987117
6839,curtailment_only,True,55.00026771086392
684,curtailment_only,False,26.20675070847381
6840,curtailment_only,False,9.528430980949622
6842,curtailment_only,False,27.9932731826348
6843,curtailment_only,True,84.75879316387176
6845,curtailment_only,True,29.23126175055905
6846,curtailment_only,False,27.430091148161647
6847,curtailment_only,False,9.669394169930152
6848,curtailment_only,False,27.751730009746264
6849,curtailment_only,False,27.53404197575414
685,curtailment_only,False,28.63294961913405
6852,curtailment_only,True,29.23126175055905
6853,curtailment_only,False,27.35757993137788
6854,curtailment_only,True,78.60307032237792
6855,curtailment_only,False,6.96635161676143
6857,curtailment_only,True,910.3529550000296
6859,curtailment_only,False,27.812757738862263
6860,curtailment_only,False,28.921163094226024
6862,curtailment_only,False,6.96635161676143
6863,curtailment_only,True,128.044451511189
6866,curtailment_only,False,28.66009794665874
6867,curtailment_only,True,52.40204698835903
6868,curtailment_only,False,14.51581418861097
6869,curtailment_only,False,8.876389881176921
6870,curtailment_only,True,85.36296778214972
6871,curtailment_only,False,26.30864877211862
6872,curtailment_only,True,91.03529504950896
6874,curtailment_only,False,27.02740689282736
6875,curtailment_only,False,11.995730421560609
6878,curtailment_only,False,6.870464697089001
6881,curtailment_only,False,28.858743031622197
6882,curtailment_only,True,79.8096380303772
6883,curtailment_only,True,30.41828794679634
6885,curtailment_only,True,52.40204698835903
6886,curtailment_only,False,27.373989344236872
6888,curtailment_only,False,27.02740689282736
6890,curtailment_only,True,81.9294257272059
6892,curtailment_only,False,10.175017371278289
6894,curtailment_only,False,13.867038680403846
6895,curtailment_only,True,46.6956543550476
6897,curtailment_only,True,85.54156356461533
6898,curtailment_only,True,141.90410429911745
6900,curtailment_only,False,27.789518321908563
6902,curtailment_only,False,9.173158009762243
6903,curtailment_only,False,28.641941555206326
6907,curtailment_only,True,43.61082527032576
6908,curtailment_only,False,28.68826755765233
6909,curtailment_only,False,10.307232899756771
6910,curtailment_only,False,11.145670759384789
6911,curtailment_only,False,28.02143013911246
6912,curtailment_only,False,28.66009794665874
6913,curtailment_only,True,67.43206023381715
6914,curtailment_only,True,145.75183351393548
6916,curtailment_only,True,426.9965848790443
6918,curtailment_only,True,68.11583023153705
6921,curtailment_only,True,119.1680889375597
6924,curtailment_only,False,7.574796134820373
6926,curtailment_only,False,14.479378310606076
6927,curtailment_only,False,27.14740648879252
6928,curtailment_only,True,65.94315368689674
6929,curtailment_only,True,146.6471366765454
6934,curtailment_only,False,28.447177501079764
6935,curtailment_only,False,14.53845617694742
6937,curtailment_only,True,107.53106960032304
6938,curtailment_only,True,30.222622247128548
6939,curtailment_only,False,27.37000284503061
6940,curtailment_only,False,11.089032708974251
6943,curtailment_only,False,14.353201328433572
6944,curtailment_only,False,27.14888956978853
6945,curtailment_only,False,27.37000284503061
6946,curtailment_only,False,12.975422674152798
6947,curtailment_only,False,28.420288785260883
6949,curtailment_only,True,183.99433395823564
6950,curtailment_only,False,7.258052363355705
6953,curtailment_only,False,28.377158660780054
6954,curtailment_only,False,27.373989344236872
6957,curtailment_only,False,7.252646452478215
6959,curtailment_only,True,38.45825765948378
696,curtailment_only,False,1.6640604791457412
6960,curtailment_only,False,14.320176697499178
6961,curtailment_only,False,27.373989344236872
6962,curtailment_only,True,131.63784444710694
6963,curtailment_only,True,72.35260192860848
6965,curtailment_only,False,27.584844475062468
6967,curtailment_only,False,14.162418164618114
6968,curtailment_only,False,27.373989344236872
6969,curtailment_only,False,26.17274988669623
697,curtailment_only,True,29.30253490976733
6970,curtailment_only,False,12.914618923691064
6973,curtailment_only,False,27.373989344236872
6975,curtailment_only,False,28.013812100514954
6976,curtailment_only,False,9.51527199998862
6977,curtailment_only,False,27.02740689282736
6980,curtailment_only,True,81.9294257272059
6981,curtailment_only,True,63.10378326207099
6984,curtailment_only,True,82.22569787282862
6987,curtailment_only,True,161.44539825580762
6989,curtailment_only,True,134.59846163509775
699,curtailment_only,False,26.82914682562529
6990,curtailment_only,False,27.03628733043355
6991,curtailment_only,True,316.9784266856596
6995,curtailment_only,False,27.159638997834293
6996,curtailment_only,False,27.159638997834293
6997,curtailment_only,False,27.03628733043355
6998,curtailment_only,False,28.96270205969466
6999,curtailment_only,False,29.01798989781836
70,curtailment_only,False,5.069373214443404
7000,curtailment_only,False,27.159638997834293
7001,curtailment_only,False,27.61375905322284
7007,curtailment_only,False,19.495789574365688
7009,curtailment_only,False,23.312618228693676
7013,curtailment_only,False,20.75688309541567
7014,curtailment_only,False,20.46269635122066
7016,curtailment_only,False,23.697996299826357
7018,curtailment_only,False,22.46329618397152
7020,curtailment_only,False,22.41601892139692
7021,curtailment_only,False,19.320937110566653
7026,curtailment_only,False,19.387282971879475
7027,curtailment_only,False,19.387282971879475
7028,curtailment_only,False,20.38985301077697
7030,curtailment_only,False,21.767859773987485
7031,curtailment_only,False,22.99198271112318
7032,curtailment_only,False,23.93524066207979
7033,curtailment_only,False,18.791170733701733
7034,curtailment_only,False,22.90143260575589
7035,curtailment_only,False,22.207716882768345
7036,curtailment_only,False,23.40967902756628
7038,curtailment_only,False,21.89585090145611
7039,curtailment_only,False,22.648923347805844
7040,curtailment_only,False,24.88668297806242
7041,curtailment_only,False,0.0
7042,curtailment_only,False,22.42274416021737
7043,curtailment_only,False,0.2808185941670421
7044,curtailment_only,False,23.07258060736209
7045,curtailment_only,False,20.083056575974293
7047,curtailment_only,False,21.66857413029839
7048,curtailment_only,False,23.550320025816056
7051,curtailment_only,False,23.218794549293637
7052,curtailment_only,False,19.364683755795667
7056,curtailment_only,False,23.01596843475067
7057,curtailment_only,False,20.59621616030046
7058,curtailment_only,False,19.008153059771065
706,curtailment_only,False,6.885828767257316
7061,curtailment_only,False,18.19105412906232
7062,curtailment_only,False,19.82606812576903
7063,curtailment_only,False,23.05733074579849
7066,curtailment_only,False,22.891112250052405
7067,curtailment_only,False,23.9443185271093
7069,curtailment_only,False,23.64682324477927
7070,curtailment_only,False,18.894459671625366
7076,curtailment_only,False,22.90230837693104
7080,curtailment_only,False,22.676854195953272
7081,curtailment_only,False,24.84489397628434
7082,curtailment_only,False,24.53166778685179
7083,curtailment_only,False,25.543537671082017
7086,curtailment_only,False,24.557427084174115
7087,curtailment_only,False,24.49720547712121
7089,curtailment_only,False,24.46272973817664
7090,curtailment_only,False,22.51661872755492
7092,curtailment_only,False,24.06893241703314
7098,curtailment_only,False,21.372495649604467
71,curtailment_only,False,5.098726658300588
710,curtailment_only,False,26.399521336568508
7100,curtailment_only,False,22.186099056064283
7102,curtailment_only,False,21.17395405194385
7104,curtailment_only,False,24.94631749896548
7105,curtailment_only,False,24.33883141523892
7107,curtailment_only,False,19.290751105688084
7108,curtailment_only,False,24.13194286114097
7109,curtailment_only,False,22.48729408732115
7110,curtailment_only,False,0.002195035387206
7111,curtailment_only,False,21.553245965492444
7113,curtailment_only,False,0.0
7114,curtailment_only,False,29.049575541445453
7117,curtailment_only,False,0.0014633560073551
7119,curtailment_only,False,25.00005296361568
712,curtailment_only,False,7.820856885286913
7120,curtailment_only,False,0.4160012042968085
7122,curtailment_only,False,0.0
7124,curtailment_only,False,21.39522325213137
7127,curtailment_only,False,27.450364367658867
7129,curtailment_only,False,0.0
7130,curtailment_only,False,0.0014633560073551
7131,curtailment_only,False,20.94684095347376
7134,curtailment_only,False,0.0
7135,curtailment_only,False,22.58427111547121
7136,curtailment_only,False,22.663699594456585
7137,curtailment_only,False,21.034361016777783
7139,curtailment_only,False,23.811319777055715
714,curtailment_only,False,0.952167194895106
7142,curtailment_only,False,21.364328204922977
7145,curtailment_only,False,27.450364367658867
7146,curtailment_only,False,0.8616069579234228
7147,curtailment_only,False,0.0
7149,curtailment_only,False,23.95149264595728
7152,curtailment_only,False,18.94055174860426
7153,curtailment_only,False,23.217033237097816
7154,curtailment_only,False,23.28950491398852
7155,curtailment_only,False,23.46227125257925
7156,curtailment_only,False,22.61963198522038
7168,curtailment_only,False,23.400075082402324
717,curtailment_only,False,25.699033488153507
7180,curtailment_only,False,21.278585432650303
7183,curtailment_only,False,21.716029793167174
7186,curtailment_only,False,19.430821439964355
7187,curtailment_only,False,22.27884509324144
7188,curtailment_only,False,23.07628247112493
7189,curtailment_only,False,21.7471120884605
7192,curtailment_only,False,24.528470074901684
7193,curtailment_only,False,23.422301598975206
7194,curtailment_only,False,20.329537422242563
7195,curtailment_only,False,22.80591744193174
7198,curtailment_only,False,21.606985709454325
72,curtailment_only,False,5.148549233889843
720,curtailment_only,False,27.016654923385836
7201,curtailment_only,False,18.85001103806122
7203,curtailment_only,False,23.044406895850265
7204,curtailment_only,False,17.81990560125838
7206,curtailment_only,False,22.84463200089189
7207,curtailment_only,False,24.719047352530787
7209,curtailment_only,False,20.00591250345601
7211,curtailment_only,False,20.48491907955086
7212,curtailment_only,False,24.001035375752704
7213,curtailment_only,False,22.368031787632518
7214,curtailment_only,False,20.99436694972779
7215,curtailment_only,False,22.43685796717685
7216,curtailment_only,False,21.21210127857971
7217,curtailment_only,False,18.996726913018897
7219,curtailment_only,False,23.61876238633297
722,curtailment_only,False,7.212584262034191
7220,curtailment_only,False,22.58492317376896
7221,curtailment_only,False,20.34946883041774
7222,curtailment_only,False,23.77513826316703
7223,curtailment_only,False,21.361629480960005
7224,curtailment_only,False,22.04201295744444
7227,curtailment_only,False,24.31744098261238
7229,curtailment_only,False,24.182147054200883
723,curtailment_only,False,25.964969802397988
7230,curtailment_only,False,22.726561822372062
7236,curtailment_only,False,9.279728017967695
7238,curtailment_only,False,0.0
7239,curtailment_only,False,24.84807146889841
724,curtailment_only,False,28.14303490785128
7240,curtailment_only,False,0.0
7243,curtailment_only,False,23.649226570606984
7245,curtailment_only,False,0.0
7246,curtailment_only,False,23.90923135960965
7248,curtailment_only,False,0.0
7249,curtailment_only,True,50.28337727060295
7250,curtailment_only,False,22.95010002309507
7251,curtailment_only,False,9.172506116439743
7252,curtailment_only,False,22.982896038002643
7255,curtailment_only,False,0.0
7257,curtailment_only,False,5.173216183345962
726,curtailment_only,False,23.603585751755517
7261,curtailment_only,False,23.13315880598129
7262,curtailment_only,False,0.0
7263,curtailment_only,False,8.82518774019885
7267,curtailment_only,False,0.0
7269,curtailment_only,False,22.54790710898645
7270,curtailment_only,False,24.80533459526583
7272,curtailment_only,False,0.00136116263329
7273,curtailment_only,False,2.928775503084694
7274,curtailment_only,False,28.135178802079075
7277,curtailment_only,False,0.0012390248076126
728,curtailment_only,False,25.29604005682946
7280,curtailment_only,False,0.0
7282,curtailment_only,False,18.247764358361447
7283,curtailment_only,False,0.0079459546365314
7284,curtailment_only,False,28.135178802079075
7285,curtailment_only,False,0.0
7287,curtailment_only,False,0.0040887856033369
7292,curtailment_only,False,0.0072854429970751
7294,curtailment_only,False,28.16109419198905
7295,curtailment_only,False,0.0066163253078169
7296,curtailment_only,False,2.427038465090789
73,curtailment_only,False,8.19085268320923
730,curtailment_only,False,5.122534558415283
7301,curtailment_only,False,0.0
7305,curtailment_only,False,0.0040404839842467
7307,curtailment_only,False,21.087814039183357
7309,curtailment_only,False,0.0
731,curtailment_only,False,27.009391579576253
7313,curtailment_only,False,21.63244037287794
7317,curtailment_only,False,0.0023301286365232
7321,curtailment_only,False,0.0082649302785756
7322,curtailment_only,False,22.34930972739906
7325,curtailment_only,True,29.864316333209228
7326,curtailment_only,False,0.0039650697288295
7328,curtailment_only,False,19.41249979006086
733,curtailment_only,False,2.61339339867252
7331,curtailment_only,False,1.2736698113484115
7332,curtailment_only,True,64.92314946770409
7333,curtailment_only,False,14.55684246579451
7335,curtailment_only,False,0.0
734,curtailment_only,False,26.43437566558857
7340,curtailment_only,False,0.0
7341,curtailment_only,False,28.57255499906569
7342,curtailment_only,False,1.6758587588131268
7343,curtailment_only,False,0.0
7345,curtailment_only,False,21.34732161992049
7346,curtailment_only,False,28.57255499906569
7349,curtailment_only,False,2.350463979751317
735,curtailment_only,False,4.6261986047847845
7350,curtailment_only,False,0.0
7353,curtailment_only,False,0.0
7356,curtailment_only,False,0.2334207116217426
7358,curtailment_only,False,0.0287159616042805
736,curtailment_only,False,26.43437566558857
7361,curtailment_only,False,28.531489830174834
7362,curtailment_only,False,2.6262559424506717
7364,curtailment_only,False,0.1016969167250229
7365,curtailment_only,False,5.989118985140126
7366,curtailment_only,False,0.0
7369,curtailment_only,False,0.0
7370,curtailment_only,False,0.0
7371,curtailment_only,False,5.989118985140126
7375,curtailment_only,False,12.17217173693954
7376,curtailment_only,False,18.831603312282063
7377,curtailment_only,False,21.729225365165924
7378,curtailment_only,False,0.0092098061813919
7379,curtailment_only,False,7.074216768613285
738,curtailment_only,False,7.099757191826836
7380,curtailment_only,False,9.461656955591158
7382,curtailment_only,False,0.0
7384,curtailment_only,False,11.995730421560609
7386,curtailment_only,False,14.83268680508353
7388,curtailment_only,False,11.74104416766533
7389,curtailment_only,False,2.177778739635412
739,curtailment_only,False,25.552967654014868
7390,curtailment_only,False,2.666735016301784
7391,curtailment_only,False,21.41602549603501
7393,curtailment_only,False,11.996647287848504
7394,curtailment_only,False,0.0
7395,curtailment_only,False,14.26359340350749
7397,curtailment_only,False,0.0023715755129206
7398,curtailment_only,False,6.223356001955942
7399,curtailment_only,False,0.0085068387367758
74,curtailment_only,False,6.983494613180374
740,curtailment_only,False,6.024441345439025
7400,curtailment_only,False,0.0138147092618389
7401,curtailment_only,False,23.258929147543743
7403,curtailment_only,False,22.526375999628325
7405,curtailment_only,False,0.0022273575699378
7406,curtailment_only,False,0.0096951388287776
7408,curtailment_only,False,4.117083682640989
7411,curtailment_only,False,0.0
7412,curtailment_only,False,20.599857402526727
7413,curtailment_only,False,0.0
7414,curtailment_only,False,0.0022273575699378
7415,curtailment_only,False,18.99287847494389
742,curtailment_only,False,25.59622659084405
7420,curtailment_only,False,0.235988471491216
7422,curtailment_only,False,22.952121408683198
7424,curtailment_only,False,3.3453726045976966
7426,curtailment_only,False,0.0022544921152712
7427,curtailment_only,False,0.0587866726088232
7428,curtailment_only,False,0.0
743,curtailment_only,False,22.99009947122632
7430,curtailment_only,False,0.0
7431,curtailment_only,False,22.49698790632061
7432,curtailment_only,False,18.74389782453744
7433,curtailment_only,False,8.881517088066705
7435,curtailment_only,False,0.0062534047756892
7437,curtailment_only,False,0.0036778752844714
7438,curtailment_only,False,22.21301566877243
744,curtailment_only,False,7.218720947771711
7440,curtailment_only,False,0.0
7442,curtailment_only,False,0.0106778903379061
7444,curtailment_only,False,2.392152468031814
7445,curtailment_only,False,2.804734502530741
7446,curtailment_only,False,21.63136241748913
7447,curtailment_only,False,0.0230445193380452
7449,curtailment_only,False,0.0119324784732048
745,curtailment_only,False,24.34803923600726
7451,curtailment_only,False,0.1997137029041096
7452,curtailment_only,False,0.0161807393580029
7454,curtailment_only,False,0.01799037322331
7457,curtailment_only,False,0.0013402785467916
7463,curtailment_only,False,0.4830791616260861
7464,curtailment_only,False,21.44470113226217
7465,curtailment_only,True,50.28337727060295
7468,curtailment_only,False,19.132838022300213
747,curtailment_only,False,25.59961612990857
7471,curtailment_only,False,0.0115079710236863
7477,curtailment_only,False,20.821843954958585
7478,curtailment_only,False,21.619602840053517
7479,curtailment_only,False,18.65719288794976
748,curtailment_only,False,4.836362276016703
7481,curtailment_only,False,2.743356479751227
7483,curtailment_only,False,0.0080416717970425
7484,curtailment_only,False,20.821843954958585
7485,curtailment_only,False,23.68866833522436
7487,curtailment_only,False,4.155462611493435
7489,curtailment_only,False,0.0063012608323499
7491,curtailment_only,False,3.413474258442871
7493,curtailment_only,False,22.44516571036459
7496,curtailment_only,False,2.1508318452656017
7499,curtailment_only,False,6.248439454601091
75,curtailment_only,False,5.16750412771014
750,curtailment_only,False,26.4649664855206
7502,curtailment_only,False,8.662383892148734
7505,curtailment_only,False,0.0
7509,curtailment_only,False,21.71949411281594
751,curtailment_only,False,4.3012112937346725
7511,curtailment_only,False,0.0115455978350741
7514,curtailment_only,False,18.57228811542284
7517,curtailment_only,False,23.027063665791975
7518,curtailment_only,False,0.252435791074665
752,curtailment_only,False,6.22825445453356
7523,curtailment_only,False,23.298545159071708
7527,curtailment_only,False,8.150630104747616
7528,curtailment_only,False,22.76549385654864
7530,curtailment_only,False,18.158196044907445
7532,curtailment_only,False,22.80782400121589
7533,curtailment_only,False,20.648103562863007
7535,curtailment_only,False,0.0
7537,curtailment_only,False,0.0
7538,curtailment_only,False,0.7183186160453507
7539,curtailment_only,False,6.697936819426287
754,curtailment_only,False,27.19541629094713
7540,curtailment_only,False,0.0
7543,curtailment_only,False,22.90665440453453
7544,curtailment_only,False,0.0073684264879344
7546,curtailment_only,False,0.013483950483565
7547,curtailment_only,False,0.0
7550,curtailment_only,False,24.40441779879562
7551,curtailment_only,False,0.0
7554,curtailment_only,False,0.0
7556,curtailment_only,False,0.01799037322331
7557,curtailment_only,False,0.01327236626401
7559,curtailment_only,False,22.851331499166385
756,curtailment_only,False,6.83552491743439
7560,curtailment_only,False,19.36384567792471
7561,curtailment_only,False,0.0
7563,curtailment_only,False,0.0064249391806952
7565,curtailment_only,False,1.929168450762204
7566,curtailment_only,False,0.0
7568,curtailment_only,False,20.026304786059985
7569,curtailment_only,False,0.0066985700582589
757,curtailment_only,False,7.997746277279069
7574,curtailment_only,False,23.707385244401863
7575,curtailment_only,False,23.428839673138143
7577,curtailment_only,False,23.686317408945552
7578,curtailment_only,False,0.008275220133029
758,curtailment_only,False,21.56500190947871
7581,curtailment_only,False,0.0
7582,curtailment_only,False,24.36615954679596
7583,curtailment_only,False,19.97786198094132
7588,curtailment_only,False,0.0
759,curtailment_only,False,5.94599096522015
7591,curtailment_only,False,0.0
7595,curtailment_only,False,0.1030207016064341
7597,curtailment_only,False,20.84084855892164
7598,curtailment_only,False,0.0038887242144948
7600,curtailment_only,False,0.0
7601,curtailment_only,False,23.06126311612111
7603,curtailment_only,False,0.0080382862173591
7605,curtailment_only,False,20.301777426788743
7606,curtailment_only,False,0.0
761,curtailment_only,False,26.381910803621462
7614,curtailment_only,False,23.027063665791975
7615,curtailment_only,False,0.0
7616,curtailment_only,False,0.6232144765596124
762,curtailment_only,False,20.58378366704164
7621,curtailment_only,False,23.027063665791975
7622,curtailment_only,False,0.0
7624,curtailment_only,False,23.54811119850211
7628,curtailment_only,False,23.12679444617206
7629,curtailment_only,False,23.12679444617206
763,curtailment_only,False,2.4269510991171126
7630,curtailment_only,False,23.148702819670167
7631,curtailment_only,False,0.0020095734865139
7634,curtailment_only,False,6.0230053698739
7635,curtailment_only,False,21.71588693811209
7636,curtailment_only,False,0.0
7639,curtailment_only,False,0.0
764,curtailment_only,False,26.92072422206988
7640,curtailment_only,False,0.0
7643,curtailment_only,False,12.076656276533967
7644,curtailment_only,False,0.037500858620384
7646,curtailment_only,False,0.0
7647,curtailment_only,False,23.50811415041317
7648,curtailment_only,False,0.0078033183207445
7649,curtailment_only,False,0.0088092341973254
7651,curtailment_only,False,0.0048655744273876
7653,curtailment_only,False,21.10383355896955
7655,curtailment_only,False,0.0
7657,curtailment_only,False,23.537553655849297
7658,curtailment_only,False,0.0099825158172107
7659,curtailment_only,False,23.118399925681825
766,curtailment_only,False,26.94715916974073
7660,curtailment_only,False,0.0286047300019878
7661,curtailment_only,False,24.002177740919976
7664,curtailment_only,False,0.0
7666,curtailment_only,False,19.47824089505181
7669,curtailment_only,False,0.0102774419404791
767,curtailment_only,False,1.2085445046640808
7672,curtailment_only,False,0.22298297195244
7673,curtailment_only,False,0.0102357915070406
7674,curtailment_only,False,0.0
7675,curtailment_only,False,0.0
7676,curtailment_only,False,21.10383355896955
7677,curtailment_only,False,24.57544690707714
7678,curtailment_only,False,0.0
7679,curtailment_only,False,22.114406285422568
7680,curtailment_only,False,0.0031182869313499
7683,curtailment_only,False,20.07796048147902
7684,curtailment_only,False,23.234854993478383
7688,curtailment_only,False,19.11026977682417
7689,curtailment_only,False,0.0069382522959653
769,curtailment_only,False,27.052347221809
7690,curtailment_only,False,0.0085817081762325
7692,curtailment_only,False,21.31877982557545
7693,curtailment_only,False,24.08954659934406
7694,curtailment_only,False,23.592104687793423
7698,curtailment_only,False,0.0040832179215239
770,curtailment_only,False,27.837501968180327
7700,curtailment_only,False,22.24681075953268
7701,curtailment_only,False,22.18558191643317
7703,curtailment_only,False,23.63741560669501
7704,curtailment_only,False,23.371797639784067
7709,curtailment_only,False,22.11527321448455
771,curtailment_only,False,3.981404537146219
7710,curtailment_only,False,0.0
7711,curtailment_only,False,22.149717753018216
7713,curtailment_only,False,25.00178436751301
7718,curtailment_only,False,0.0
7719,curtailment_only,False,22.519202591515647
772,curtailment_only,False,26.396971737042445
7721,curtailment_only,False,24.43918608981367
7722,curtailment_only,False,0.0053843850970167
7723,curtailment_only,False,23.82040192690353
7728,curtailment_only,False,21.78621361128465
773,curtailment_only,False,3.981404537146219
7730,curtailment_only,False,0.0097277662390405
7732,curtailment_only,False,23.19023816969152
7734,curtailment_only,False,22.83313679420789
7737,curtailment_only,False,18.55883934640121
774,curtailment_only,False,25.631926608513805
7741,curtailment_only,False,0.5470596493454853
7744,curtailment_only,False,0.0
7745,curtailment_only,False,15.822451763075
7748,curtailment_only,False,0.0069382522959653
775,curtailment_only,False,24.200866427877912
7751,curtailment_only,False,23.32613507348732
7753,curtailment_only,False,24.622235034952745
7758,curtailment_only,False,22.443099402545247
7759,curtailment_only,False,4.601661538219156
776,curtailment_only,False,7.654460058445744
7760,curtailment_only,False,0.0
7762,curtailment_only,False,0.0867646199130518
7766,curtailment_only,False,2.4042530576727765
7769,curtailment_only,False,0.0
777,curtailment_only,False,3.2422894142219123
7771,curtailment_only,False,24.77917985773551
7772,curtailment_only,False,21.204893225757235
7773,curtailment_only,False,0.0087527362630469
7774,curtailment_only,False,24.27254883430717
7776,curtailment_only,False,0.0089219731303732
7777,curtailment_only,False,24.598143668295595
778,curtailment_only,False,26.69295960332844
7785,curtailment_only,False,0.0
7786,curtailment_only,False,1.9002700157468568
7788,curtailment_only,False,0.0079570332366712
7789,curtailment_only,False,24.889273050383952
7793,curtailment_only,False,18.09183084104022
7794,curtailment_only,False,0.0
7795,curtailment_only,False,17.891324024226712
7796,curtailment_only,False,23.93519977209764
7799,curtailment_only,False,0.0079570332366712
78,curtailment_only,False,9.03571009161259
7800,curtailment_only,False,18.120902437586413
7801,curtailment_only,False,0.0012481978502108
7802,curtailment_only,False,0.0
7803,curtailment_only,False,23.40719131727181
7804,curtailment_only,False,19.91354813998621
7806,curtailment_only,False,16.461866199447158
7808,curtailment_only,False,15.272764458093308
7809,curtailment_only,False,0.0
781,curtailment_only,False,26.83335313179355
7810,curtailment_only,False,20.72529635625761
7813,curtailment_only,False,22.2163321579225
7814,curtailment_only,False,2.799554435923828
7815,curtailment_only,False,16.78670174469186
7817,curtailment_only,False,22.203767688858687
7819,curtailment_only,False,18.741109033177526
782,curtailment_only,False,27.94500270302518
7824,curtailment_only,False,16.450644775771384
7825,curtailment_only,False,0.0054775396100776
783,curtailment_only,False,7.453871950506715
7832,curtailment_only,False,19.43115245788051
7833,curtailment_only,False,0.0
7834,curtailment_only,False,21.6243009578178
784,curtailment_only,False,27.92176458222193
7840,curtailment_only,False,0.0
7841,curtailment_only,False,1.4950941459122855
7842,curtailment_only,False,23.06313170623455
7846,curtailment_only,False,0.0
7847,curtailment_only,False,0.0172568465693477
7848,curtailment_only,False,0.0073167811635832
7849,curtailment_only,False,22.74516272532865
785,curtailment_only,False,5.731967846114132
7850,curtailment_only,False,0.286100114742538
7852,curtailment_only,False,0.0
7858,curtailment_only,False,22.6434981672673
7859,curtailment_only,False,0.0060317620485513
7861,curtailment_only,False,0.0
7863,curtailment_only,False,0.0023715755129206
7865,curtailment_only,False,21.94921317952755
7869,curtailment_only,False,0.0030408900581963
787,curtailment_only,False,7.198293994699246
7871,curtailment_only,False,0.0
7874,curtailment_only,False,0.0
7875,curtailment_only,False,0.0066594875679537
7877,curtailment_only,False,0.0
7878,curtailment_only,False,5.277240487775362
7881,curtailment_only,False,23.741180613174155
7883,curtailment_only,False,0.0052960083644776
7885,curtailment_only,False,24.102779676734414
7886,curtailment_only,False,0.0
7887,curtailment_only,False,0.0
789,curtailment_only,False,26.83335313179355
7890,curtailment_only,False,18.38540125825814
7891,curtailment_only,False,0.0095990123618277
7892,curtailment_only,False,0.0
7893,curtailment_only,False,22.53853409233781
7894,curtailment_only,False,0.0012626511106074
7895,curtailment_only,False,23.91515935525862
7897,curtailment_only,False,0.0
7898,curtailment_only,False,23.36575865697361
7900,curtailment_only,False,0.0
7902,curtailment_only,False,0.0055428876754305
7905,curtailment_only,False,0.0
7907,curtailment_only,False,1.4254466151538103
7909,curtailment_only,False,20.3054831442596
791,curtailment_only,False,5.882794568766107
7910,curtailment_only,False,10.978184713778049
7911,curtailment_only,False,0.0
7913,curtailment_only,False,19.805485276229792
7915,curtailment_only,False,0.7497645353726002
7916,curtailment_only,False,0.0
7917,curtailment_only,False,3.744196156182429
7918,curtailment_only,False,20.80667360303841
7922,curtailment_only,False,21.831977163242037
7923,curtailment_only,False,0.0
7925,curtailment_only,False,23.45448233041989
7926,curtailment_only,False,23.58494701443957
7929,curtailment_only,False,6.275477714503938
7930,curtailment_only,False,21.909854076059823
7932,curtailment_only,False,0.2199440062047727
7934,curtailment_only,False,0.0
794,curtailment_only,False,3.973374669314999
7947,curtailment_only,False,21.707529242892264
795,curtailment_only,False,25.731465157645427
7953,curtailment_only,False,20.66333296555682
7955,curtailment_only,False,0.0164956174952446
7956,curtailment_only,False,6.111762815298672
796,curtailment_only,False,25.531550016098485
7960,curtailment_only,False,2.720930683529376
7962,curtailment_only,False,0.0179512870963673
7965,curtailment_only,False,0.1585704142692888
7966,curtailment_only,False,23.312643582410363
7967,curtailment_only,False,0.0
7968,curtailment_only,False,0.0
797,curtailment_only,False,27.20938166005942
7970,curtailment_only,False,0.0
7971,curtailment_only,False,0.0289825058939085
7973,curtailment_only,False,19.484401998143667
7975,curtailment_only,False,0.0
7976,curtailment_only,False,0.0
7977,curtailment_only,False,5.464041699610224
798,curtailment_only,False,27.326193961406357
7980,curtailment_only,False,0.0
7981,curtailment_only,False,14.94205892515417
7982,curtailment_only,False,0.0
7983,curtailment_only,False,19.520852257149663
7984,curtailment_only,False,0.0024996006109596
7985,curtailment_only,False,0.0067387846640011
7986,curtailment_only,False,1.129229244842794
7987,curtailment_only,False,26.21939949874661
7988,curtailment_only,False,0.2616184227187683
799,curtailment_only,False,26.85581638454472
7991,curtailment_only,False,13.221202564821516
7998,curtailment_only,False,0.0
7999,curtailment_only,False,5.921480427132168
80,curtailment_only,False,4.782884506036549
800,curtailment_only,False,25.60875473935204
8000,curtailment_only,False,0.0181407711927886
8001,curtailment_only,False,0.5601320108522946
8002,curtailment_only,False,0.0
8003,curtailment_only,False,0.1800756224037111
8005,curtailment_only,False,0.0032720045988394
801,curtailment_only,False,6.078460883705402
8010,curtailment_only,False,0.0058665704684218
8015,curtailment_only,False,7.29917619139798
802,curtailment_only,False,26.838610050820225
8020,curtailment_only,False,0.0
8021,curtailment_only,False,0.2216360822394035
8022,curtailment_only,False,0.0064751218610279
8026,curtailment_only,False,0.0037631052949381
8028,curtailment_only,False,0.2109977363247141
8029,curtailment_only,False,0.0012543678799079
803,curtailment_only,False,27.326193961406357
8034,curtailment_only,False,0.0
8036,curtailment_only,False,0.0038743838242201
8037,curtailment_only,False,0.0013747803353884
8039,curtailment_only,False,0.0
8040,curtailment_only,False,0.0
8042,curtailment_only,False,0.010309527189095
8045,curtailment_only,False,0.9166424988691808
8047,curtailment_only,False,0.01101230508457
8049,curtailment_only,False,0.01101230508457
805,curtailment_only,False,7.576308591779898
8050,curtailment_only,False,0.8956172055046331
8051,curtailment_only,False,7.0647146962203
8058,curtailment_only,False,0.645584848460212
806,curtailment_only,False,3.920552173105349
8060,curtailment_only,False,0.0118607725117301
8061,curtailment_only,False,0.0024869796767993
8062,curtailment_only,False,0.0026113286538825
8063,curtailment_only,False,0.0013678388204836
8065,curtailment_only,False,0.0039791674538773
807,curtailment_only,False,25.60875473935204
8075,curtailment_only,False,0.0032399301611142
808,curtailment_only,False,5.583947680325032
809,curtailment_only,False,27.20938166005942
81,curtailment_only,False,4.941414802433015
810,curtailment_only,False,28.66204715979722
8101,curtailment_only,False,0.0017408857618377
811,curtailment_only,False,3.949870615340175
8110,curtailment_only,False,0.0
8112,curtailment_only,False,1.805047753048697
8113,curtailment_only,False,0.0070576718823906
8114,curtailment_only,False,1.725569185506628
8117,curtailment_only,False,0.0
8120,curtailment_only,False,2.3694066539687157
8122,curtailment_only,False,0.0
8124,curtailment_only,False,0.0019895837332252
8126,curtailment_only,False,0.0
8127,curtailment_only,False,11.63123370340918
8129,curtailment_only,False,6.713010111950471
813,curtailment_only,False,25.7262547934752
8131,curtailment_only,False,6.081479317454057
8132,curtailment_only,False,6.332396235165107
8133,curtailment_only,False,2.241373729576856
8134,curtailment_only,False,0.0069100077791601
814,curtailment_only,False,27.524592846768485
8141,curtailment_only,False,0.3335409265061042
8142,curtailment_only,False,1.002642296078134
8145,curtailment_only,False,8.519873111905236
8146,curtailment_only,False,0.0024748407241983
8147,curtailment_only,False,0.0067490440066761
8149,curtailment_only,False,6.225995233258247
815,curtailment_only,False,6.963322548526717
8150,curtailment_only,False,0.0075877392081661
8151,curtailment_only,False,1.383418160731407
8152,curtailment_only,False,17.93695950172924
8153,curtailment_only,False,2.2406701000912017
8154,curtailment_only,False,0.1851162140123515
8157,curtailment_only,False,0.5232892273424832
8159,curtailment_only,False,12.459755625284746
816,curtailment_only,False,28.038322560370368
8160,curtailment_only,False,14.435354333965613
8161,curtailment_only,False,0.1880285116787778
8162,curtailment_only,False,8.020283873490367
8163,curtailment_only,False,0.0073395921988808
8164,curtailment_only,False,0.0
8165,curtailment_only,False,18.373183992894333
8166,curtailment_only,False,23.58494701443957
8167,curtailment_only,False,23.58494701443957
817,curtailment_only,False,26.790575332579664
8170,curtailment_only,False,0.5488513259297961
8171,curtailment_only,False,0.6777994401007755
8172,curtailment_only,False,0.0238329577035164
8175,curtailment_only,False,0.0
8178,curtailment_only,False,0.0
818,curtailment_only,False,5.694711291019583
8180,curtailment_only,False,0.0
8185,curtailment_only,False,0.0012498003084206
8186,curtailment_only,False,0.0064700422895683
8189,curtailment_only,False,0.0081828104189996
819,curtailment_only,False,6.273147080169155
8191,curtailment_only,False,0.0074389185652844
8194,curtailment_only,False,0.0165787463481551
8197,curtailment_only,False,6.275477714503938
821,curtailment_only,False,26.69295960332844
8211,curtailment_only,False,6.412524633646394
8213,curtailment_only,False,23.66264985456607
8214,curtailment_only,False,23.75569936328541
8215,curtailment_only,False,23.75569936328541
8216,curtailment_only,False,26.476468922305383
8217,curtailment_only,False,25.105446515966715
8218,curtailment_only,False,22.82752186933012
8219,curtailment_only,False,0.0045303974731405
822,curtailment_only,False,4.914252754096679
8220,curtailment_only,False,0.0
8221,curtailment_only,False,0.0018988744654633
8222,curtailment_only,False,8.508766127085858
8223,curtailment_only,False,0.0105592209878112
8224,curtailment_only,False,3.875492706791281
8228,curtailment_only,False,5.253249192815939
8229,curtailment_only,False,10.271837809433745
8230,curtailment_only,False,0.0088955764408698
8233,curtailment_only,False,0.0098833612248433
8235,curtailment_only,False,0.0
8237,curtailment_only,False,0.0139305796355473
8238,curtailment_only,False,6.316903402039458
824,curtailment_only,False,26.805218307695405
8243,curtailment_only,False,0.0
8245,curtailment_only,False,0.0042126877970603
8248,curtailment_only,False,20.64305242057738
8249,curtailment_only,False,0.002055762090158
8250,curtailment_only,False,0.0082727242120789
8252,curtailment_only,False,1.0821258522222028
8254,curtailment_only,False,21.90923553465634
8255,curtailment_only,False,0.0
8256,curtailment_only,False,0.0
8259,curtailment_only,False,0.0165593400503415
826,curtailment_only,False,6.589211716656468
8260,curtailment_only,False,0.0052087540777276
8261,curtailment_only,False,0.0044242506414025
8262,curtailment_only,False,4.561935266157039
8263,curtailment_only,False,0.1123372450181418
8265,curtailment_only,False,25.62194440691728
8268,curtailment_only,False,2.70969791548162
827,curtailment_only,False,27.21293512193861
8271,curtailment_only,False,0.0080440833104373
8272,curtailment_only,False,1.138880196540562
8273,curtailment_only,False,26.381514940369108
8275,curtailment_only,False,0.0976152583833983
8276,curtailment_only,False,0.0
8277,curtailment_only,False,0.8094617049478326
8278,curtailment_only,False,0.0064242565152902
828,curtailment_only,False,5.67751738902245
8281,curtailment_only,False,26.389619446186227
8282,curtailment_only,False,0.2430614839668332
8285,curtailment_only,False,0.0042444630650352
829,curtailment_only,False,4.158697913216445
8290,curtailment_only,False,26.509221919970354
8292,curtailment_only,False,0.001474305333297
8295,curtailment_only,False,0.5290709479128772
8298,curtailment_only,False,16.793529758384523
8299,curtailment_only,True,53.87389896962489
83,curtailment_only,False,2.2725389881417755
8300,curtailment_only,False,2.7920881683631444
8303,curtailment_only,False,0.0079100238637404
8305,curtailment_only,False,26.4339879423544
8306,curtailment_only,False,1.3180646308716866
8308,curtailment_only,False,3.1042453875527896
8309,curtailment_only,False,26.46072342471476
831,curtailment_only,False,3.935409168459005
8311,curtailment_only,False,0.0
8312,curtailment_only,False,0.0589493633143914
8314,curtailment_only,False,28.513815427606307
8316,curtailment_only,False,0.0019985286100851
8317,curtailment_only,False,26.454257884739043
832,curtailment_only,False,26.1042688418338
8321,curtailment_only,False,2.6715132386312503
8323,curtailment_only,False,11.56908128094913
8324,curtailment_only,False,0.0
8325,curtailment_only,False,0.0
8326,curtailment_only,False,28.496797177284364
8327,curtailment_only,False,7.074216768613285
8328,curtailment_only,False,0.0134240405458077
8329,curtailment_only,False,0.0
8331,curtailment_only,False,0.1831099295882683
8332,curtailment_only,False,0.0085197788080802
8336,curtailment_only,False,4.02551671989121
8339,curtailment_only,False,0.0079435248140649
8341,curtailment_only,False,0.0
8342,curtailment_only,False,0.0
8343,curtailment_only,False,0.1232917088791047
8345,curtailment_only,False,5.696512564855997
8349,curtailment_only,False,0.2124417570586129
8350,curtailment_only,False,0.0034974525325794
8353,curtailment_only,False,0.0
8354,curtailment_only,False,0.0
8357,curtailment_only,False,0.0909145009127794
8358,curtailment_only,False,3.0542561405721
8359,curtailment_only,True,74.06395667483775
836,curtailment_only,False,24.588218567336696
8361,curtailment_only,False,0.0
8363,curtailment_only,False,0.0
8366,curtailment_only,False,19.68812821292375
8368,curtailment_only,False,0.0066760584563443
8370,curtailment_only,False,0.0
8372,curtailment_only,False,25.55292427212192
8374,curtailment_only,False,0.0
8375,curtailment_only,False,1.0974292628734683
8376,curtailment_only,False,0.4316380033362423
8378,curtailment_only,False,0.0
8379,curtailment_only,False,1.628873284667728
838,curtailment_only,False,23.460386371228527
8380,curtailment_only,False,28.25695046322579
8382,curtailment_only,False,0.0094290748584044
8384,curtailment_only,False,0.0
8385,curtailment_only,False,0.0069146535898421
8386,curtailment_only,False,0.0037716292053552
8387,curtailment_only,False,0.0
8388,curtailment_only,False,0.004550974825831
8389,curtailment_only,False,0.0
839,curtailment_only,False,3.548025540276117
8390,curtailment_only,False,0.0040958773393093
8392,curtailment_only,False,2.220335015810291
8393,curtailment_only,False,25.024806983488126
8394,curtailment_only,False,2.680479457868611
8395,curtailment_only,False,0.0060224246478446
8397,curtailment_only,False,0.4266007968322239
8398,curtailment_only,False,25.773797359283755
8399,curtailment_only,False,25.79890867969347
84,curtailment_only,False,4.404310514391505
8400,curtailment_only,False,25.637041574541836
8401,curtailment_only,False,16.67046472070085
8402,curtailment_only,False,3.5151843071622464
8403,curtailment_only,False,17.31109802905195
8404,curtailment_only,False,15.042770696775673
8405,curtailment_only,False,18.686993610885175
8406,curtailment_only,False,20.25441120698995
8407,curtailment_only,False,18.637964353794757
8408,curtailment_only,False,19.34801315509891
8409,curtailment_only,False,4.754866855700834
8410,curtailment_only,False,19.519523675793707
8411,curtailment_only,False,19.519523675793707
8412,curtailment_only,False,7.159066926659327
8414,curtailment_only,False,15.709265174651646
8416,curtailment_only,False,19.35289269714071
8417,curtailment_only,False,7.159066926659327
8419,curtailment_only,False,21.02330355315942
842,curtailment_only,False,5.06701986788299
8420,curtailment_only,False,21.02330355315942
8422,curtailment_only,False,19.59080729308369
8423,curtailment_only,False,20.514023061418104
8424,curtailment_only,False,19.779968616449292
8425,curtailment_only,False,19.49002963126392
8426,curtailment_only,False,20.260898596284854
8427,curtailment_only,False,8.137215677163304
8429,curtailment_only,False,0.0045155339696653
843,curtailment_only,False,27.02690029927946
8430,curtailment_only,False,0.0033866499728313
8433,curtailment_only,False,0.0072248576567563
8434,curtailment_only,False,0.0022577675159487
8439,curtailment_only,False,3.9333516890242097
844,curtailment_only,False,23.53189994141639
8440,curtailment_only,False,13.567408424919805
8441,curtailment_only,False,1.7683373438728098
8442,curtailment_only,False,1.7683373438728098
8447,curtailment_only,False,0.0095731318027107
8450,curtailment_only,False,0.0
8451,curtailment_only,False,1.3797482134227894
8452,curtailment_only,False,0.8895579903497377
8454,curtailment_only,False,15.98088407036714
8455,curtailment_only,False,0.0033325424599698
8456,curtailment_only,False,0.0066650827406385
8457,curtailment_only,False,0.0013330155047943
8459,curtailment_only,False,3.174498975032805
8460,curtailment_only,False,3.3440321204539463
8462,curtailment_only,False,7.042707508776546
8463,curtailment_only,False,0.0
8464,curtailment_only,False,0.0078559492335772
8466,curtailment_only,False,25.55292427212192
8467,curtailment_only,False,0.0
8469,curtailment_only,False,0.0048972713649899
847,curtailment_only,False,25.34248421081858
8471,curtailment_only,False,0.0
8473,curtailment_only,False,0.6187774882048496
8475,curtailment_only,False,9.40390825678169
8479,curtailment_only,False,0.0066760584563443
848,curtailment_only,False,26.1042688418338
8481,curtailment_only,False,13.794336764381706
8482,curtailment_only,False,13.41444938156874
8483,curtailment_only,False,10.795803729615132
8484,curtailment_only,False,0.0021765627433895
8486,curtailment_only,False,0.0
8487,curtailment_only,False,7.242951676782164
8490,curtailment_only,False,0.0354252095852861
8492,curtailment_only,False,23.28540046328307
8493,curtailment_only,False,0.2063942129296569
8495,curtailment_only,False,0.0
8498,curtailment_only,False,0.4652351918872269
85,curtailment_only,False,0.0
850,curtailment_only,False,26.69519543816236
8500,curtailment_only,False,4.699132385236424
8501,curtailment_only,False,3.1548902659148705
8503,curtailment_only,False,0.0
8505,curtailment_only,False,25.637041574541836
8506,curtailment_only,False,0.0082873172125467
8509,curtailment_only,False,0.0310238485518058
851,curtailment_only,False,27.45566633195688
8511,curtailment_only,False,0.0065795484431832
8514,curtailment_only,False,0.0015017887969332
8517,curtailment_only,False,0.0041069680903097
8518,curtailment_only,False,7.08801699403847
8519,curtailment_only,False,0.0017346358519694
852,curtailment_only,False,3.793771129303406
8521,curtailment_only,False,0.0
8526,curtailment_only,False,0.0107538726375507
8527,curtailment_only,False,0.5902295457030411
8528,curtailment_only,False,0.0062747378143594
8531,curtailment_only,False,0.0015790900428114
8534,curtailment_only,False,0.0115949308166992
8535,curtailment_only,False,0.0106814777956131
8536,curtailment_only,False,0.0
854,curtailment_only,False,25.14761155362917
8547,curtailment_only,False,0.2431876301295215
8548,curtailment_only,False,5.900634459596246
8551,curtailment_only,False,10.851015675979951
8553,curtailment_only,False,0.0063367643666234
8556,curtailment_only,False,1.1114435351727514
8558,curtailment_only,False,6.7761785829111005
856,curtailment_only,False,26.268209822077317
8560,curtailment_only,False,0.0
8561,curtailment_only,False,0.0
8563,curtailment_only,False,0.0078954568302893
8564,curtailment_only,False,0.0121114220183952
8567,curtailment_only,False,0.0
8568,curtailment_only,False,0.0
8569,curtailment_only,False,0.0228107919928504
8573,curtailment_only,False,0.0
8574,curtailment_only,False,5.737198177884434
8575,curtailment_only,False,0.002161080079569
8581,curtailment_only,False,0.0071041466742173
8582,curtailment_only,False,0.0
8587,curtailment_only,False,0.0
859,curtailment_only,False,26.69801835827194
8590,curtailment_only,False,0.0
8596,curtailment_only,False,0.0
8598,curtailment_only,False,0.0
8599,curtailment_only,False,0.0113130145766876
8601,curtailment_only,False,0.0052970555771415
8602,curtailment_only,False,0.0
8603,curtailment_only,False,13.03866489347546
8604,curtailment_only,False,0.0
8606,curtailment_only,False,0.2050286591642064
8607,curtailment_only,False,0.3532479955669311
8608,curtailment_only,False,30.491644433477248
8614,curtailment_only,False,6.781207927592747
8617,curtailment_only,False,0.0
862,curtailment_only,False,24.269973366842677
8622,curtailment_only,False,8.726118218570242
8623,curtailment_only,False,0.0
8627,curtailment_only,False,0.0112768361135542
8628,curtailment_only,False,8.181867797158723
863,curtailment_only,False,25.01235426273556
8634,curtailment_only,False,0.0
8635,curtailment_only,False,1.7822948997550512
8636,curtailment_only,False,0.0072388867412691
8637,curtailment_only,False,0.0
8640,curtailment_only,False,2.1179735398687467
8642,curtailment_only,False,0.0
8652,curtailment_only,False,0.0
8653,curtailment_only,False,0.0
8654,curtailment_only,False,0.0061665641426181
8657,curtailment_only,False,0.0
8659,curtailment_only,False,0.0101267054391683
866,curtailment_only,False,5.175666634232948
8660,curtailment_only,False,0.4931474795743369
8662,curtailment_only,False,0.0833532409939205
8666,curtailment_only,False,14.552209108107863
867,curtailment_only,False,26.15787961279739
8672,curtailment_only,False,0.001342358219956
8674,curtailment_only,False,0.5900055759669043
8679,curtailment_only,False,2.1195209061623244
8681,curtailment_only,False,0.0
8682,curtailment_only,False,0.7124700247166981
8683,curtailment_only,False,1.0266488560179436
8686,curtailment_only,False,0.9673483948259292
8689,curtailment_only,False,0.0058526538699232
869,curtailment_only,False,3.7923533580655424
8690,curtailment_only,False,18.637964353794757
8695,curtailment_only,False,0.0
8696,curtailment_only,False,2.3278900514504834
8697,curtailment_only,False,0.0113494601760147
870,curtailment_only,False,25.650976369806592
8700,curtailment_only,False,1.9147994265990271
8701,curtailment_only,False,0.0
8703,curtailment_only,False,10.088793847173225
8704,curtailment_only,False,0.0
8706,curtailment_only,False,0.0079201813929694
8710,curtailment_only,False,15.38568621094597
8713,curtailment_only,False,0.0067490440066761
8714,curtailment_only,False,25.55292427212192
8716,curtailment_only,False,0.7990455248469189
8721,curtailment_only,False,0.0067490440066761
8725,curtailment_only,False,0.0037071869303793
8727,curtailment_only,False,0.0080988529887371
873,curtailment_only,False,24.269973366842677
8730,curtailment_only,False,1.6438191334451908
8736,curtailment_only,False,0.0676329641195464
8739,curtailment_only,False,24.1406392617505
8741,curtailment_only,False,0.0066629577490451
8747,curtailment_only,False,0.260135758762529
875,curtailment_only,False,27.3454545563357
8755,curtailment_only,False,0.2215325712682337
876,curtailment_only,False,26.20838314503224
8766,curtailment_only,False,0.1894278848723626
8767,curtailment_only,False,0.0
8768,curtailment_only,False,1.6880279948741703
8769,curtailment_only,False,0.0
8773,curtailment_only,False,4.9474134801065786
8774,curtailment_only,False,0.0
8775,curtailment_only,False,22.596330423704828
8776,curtailment_only,False,6.011197829016286
8782,curtailment_only,False,0.0013402785467916
8783,curtailment_only,False,20.025855040115037
8786,curtailment_only,False,1.7566070621650824
879,curtailment_only,False,23.32874927702653
8795,curtailment_only,False,0.0
880,curtailment_only,False,26.1042688418338
8802,curtailment_only,False,13.621427887480593
8808,curtailment_only,False,0.0
8817,curtailment_only,False,5.547976459861489
882,curtailment_only,False,26.15787961279739
8820,curtailment_only,False,24.4302632681589
8824,curtailment_only,False,0.0
8825,curtailment_only,False,23.48317892013637
8829,curtailment_only,False,2.9771089351335256
883,curtailment_only,False,26.1042688418338
8832,curtailment_only,False,0.26040285270973
8833,curtailment_only,False,11.16216628954212
8845,curtailment_only,False,15.240772983892676
8846,curtailment_only,False,0.0
885,curtailment_only,False,5.117855008413412
8851,curtailment_only,False,0.0
8852,curtailment_only,False,15.737999536754163
8854,curtailment_only,False,15.206980029565347
8855,curtailment_only,False,0.0
8859,curtailment_only,False,0.0
886,curtailment_only,False,28.251052177121824
8861,curtailment_only,False,1.421281506561083
8863,curtailment_only,False,5.967443464377036
8864,curtailment_only,False,1.0078180421279863
8867,curtailment_only,False,0.0022851450848605
8869,curtailment_only,False,0.088167161222413
8871,curtailment_only,False,0.0
8872,curtailment_only,False,7.242951676782164
8874,curtailment_only,False,1.0976175937504908
8875,curtailment_only,False,3.781169240147837
8876,curtailment_only,False,0.0
888,curtailment_only,False,27.02690029927946
8880,curtailment_only,False,0.0084296684745865
8881,curtailment_only,False,5.134455838958439
8886,curtailment_only,False,0.0105370856690938
8888,curtailment_only,False,0.005469781779162
8893,curtailment_only,False,0.0406934927067822
8894,curtailment_only,False,0.0
8897,curtailment_only,False,13.817343834913704
89,curtailment_only,False,0.0
890,curtailment_only,False,24.587505783382674
8900,curtailment_only,False,1.0614075871539064
8903,curtailment_only,False,17.759765669345093
8904,curtailment_only,False,5.784471567507152
8906,curtailment_only,False,0.3797213565764019
8907,curtailment_only,False,0.0
8910,curtailment_only,False,7.7192631912969185
8912,curtailment_only,False,0.0
8915,curtailment_only,False,14.95275671388907
8918,curtailment_only,False,0.0
8919,curtailment_only,False,5.92217275115484
8925,curtailment_only,False,1.894638357256759
8927,curtailment_only,False,0.0
8931,curtailment_only,False,0.0078804244599826
8932,curtailment_only,False,13.221202564821516
8933,curtailment_only,False,0.0
8934,curtailment_only,False,0.0
8935,curtailment_only,False,0.0
8936,curtailment_only,False,0.0042635235329269
8938,curtailment_only,False,12.099033094453455
894,curtailment_only,False,26.1042688418338
8941,curtailment_only,False,0.6679187905857651
8943,curtailment_only,False,0.0
8944,curtailment_only,False,0.0
8946,curtailment_only,False,0.4558760948998265
8949,curtailment_only,False,0.0
895,curtailment_only,False,28.889646540007224
8954,curtailment_only,False,0.251610189787688
8956,curtailment_only,False,19.514498996893725
8957,curtailment_only,False,0.0
896,curtailment_only,False,6.020329142411737
8963,curtailment_only,False,6.133533386941639
8966,curtailment_only,False,1.2755175780982215
8969,curtailment_only,False,0.0
897,curtailment_only,False,26.1042688418338
8970,curtailment_only,False,0.1306863640940823
8971,curtailment_only,False,0.0402790092462633
8973,curtailment_only,False,9.8576831143087
8974,curtailment_only,False,0.0122513742181319
8975,curtailment_only,False,3.3883762457555435
8977,curtailment_only,False,17.92025577840137
8979,curtailment_only,False,0.1724636929068834
8980,curtailment_only,False,8.550442830033962
8982,curtailment_only,False,3.3883762457555435
8983,curtailment_only,False,0.0078980155565041
8986,curtailment_only,False,2.102567908915508
8989,curtailment_only,False,0.0043352727719418
8990,curtailment_only,False,0.0044161204282478
8994,curtailment_only,False,0.008156806837089
8997,curtailment_only,False,7.604908612059974
8999,curtailment_only,False,0.0
9004,curtailment_only,False,1.5486839733718143
9009,curtailment_only,False,0.0
901,curtailment_only,False,5.180183493523576
9010,curtailment_only,False,0.0013286029226174
902,curtailment_only,False,24.140586420529
9033,curtailment_only,False,0.0026883393426164
9034,curtailment_only,False,0.0047045938520957
9038,curtailment_only,False,0.0
904,curtailment_only,False,3.918127402149133
9041,curtailment_only,False,3.593753105138872
9042,curtailment_only,False,0.0086212115018089
9043,curtailment_only,False,0.1428988317102328
9049,curtailment_only,False,0.0107813877313607
9052,curtailment_only,False,0.0
9053,curtailment_only,False,0.0
9057,curtailment_only,False,0.0
906,curtailment_only,False,27.861443367425966
9060,curtailment_only,False,0.001486831218665
9061,curtailment_only,False,0.0
9066,curtailment_only,False,0.0
907,curtailment_only,False,4.199622553746506
9073,curtailment_only,False,0.0
9075,curtailment_only,False,0.0
908,curtailment_only,False,27.02690029927946
9080,curtailment_only,False,0.0
9091,curtailment_only,False,0.0
9096,curtailment_only,False,0.0
9107,curtailment_only,False,0.0
911,curtailment_only,False,6.075610623023152
9110,curtailment_only,False,9.26758577189982
9111,curtailment_only,False,0.0053611130788867
9112,curtailment_only,False,0.4343722161854018
9118,curtailment_only,False,0.0081337740331759
912,curtailment_only,False,27.47851489168846
9125,curtailment_only,False,0.0039927039269285
9135,curtailment_only,False,10.382910340223871
9139,curtailment_only,False,0.0018763900679799
914,curtailment_only,False,3.916825493819301
9142,curtailment_only,False,0.0086109214230781
9148,curtailment_only,False,0.9516645303084856
9149,curtailment_only,False,0.0060329329886842
915,curtailment_only,False,0.8985685481420904
9150,curtailment_only,False,1.981029024165464
9151,curtailment_only,False,0.0
9152,curtailment_only,False,0.0065160808262621
9160,curtailment_only,False,8.687175610527733
9163,curtailment_only,False,22.69981744537524
9168,curtailment_only,False,0.0038799640425048
917,curtailment_only,False,6.476960697450897
9171,curtailment_only,False,0.2329617378223837
9172,curtailment_only,False,0.0110783270141601
9175,curtailment_only,False,0.0068777407708616
9177,curtailment_only,False,0.0039096481785531
9178,curtailment_only,False,0.0043718164290469
918,curtailment_only,False,27.47851489168846
9180,curtailment_only,False,0.0043440537933828
919,curtailment_only,False,7.448853172897166
9192,curtailment_only,False,0.6443825978406945
9193,curtailment_only,False,2.9865741124761
9194,curtailment_only,False,0.3041274557497515
9195,curtailment_only,False,0.0021849062911534
92,curtailment_only,False,0.0
9205,curtailment_only,False,0.0021546030945061
9208,curtailment_only,False,0.0049898889270675
9214,curtailment_only,False,1.702529723861086
9216,curtailment_only,False,0.0014997607725277
9219,curtailment_only,False,0.0012498003084206
922,curtailment_only,False,26.20838314503224
923,curtailment_only,False,3.3158798194160104
9261,curtailment_only,False,0.0117514744684426
9264,curtailment_only,False,13.870482083119308
927,curtailment_only,False,26.325928887668688
9271,curtailment_only,False,17.571479681726835
9272,curtailment_only,False,11.528207839129315
928,curtailment_only,False,2.653330921619128
9281,curtailment_only,False,0.0036516855452895
9290,curtailment_only,False,2.2942800477820136
9291,curtailment_only,False,8.09440015866415
9293,curtailment_only,False,0.0038674107617859
9296,curtailment_only,False,0.0
9302,curtailment_only,False,0.1995406161852549
9306,curtailment_only,False,2.3549074070474094
9307,curtailment_only,False,8.451912686521982
931,curtailment_only,False,27.923841825588084
9310,curtailment_only,False,0.0
9318,curtailment_only,False,0.4053115473946002
932,curtailment_only,False,6.652759523322734
9320,curtailment_only,False,0.0761039777040789
9321,curtailment_only,False,0.1560001223323061
9323,curtailment_only,False,7.217700144597254
9325,curtailment_only,False,0.168387450079373
9326,curtailment_only,False,0.0043686917963114
9329,curtailment_only,False,2.76961070635685
933,curtailment_only,False,27.55517621870098
934,curtailment_only,False,6.592211739296865
9341,curtailment_only,False,8.034967793620964
9342,curtailment_only,False,0.2343962093590144
9348,curtailment_only,False,0.2343962093590144
9349,curtailment_only,False,4.692231307630959
935,curtailment_only,False,27.791458680722453
9354,curtailment_only,False,0.8771246037871223
9355,curtailment_only,False,0.2431584391970838
9356,curtailment_only,False,8.034967793620964
9358,curtailment_only,False,0.0
9360,curtailment_only,False,17.413570001868848
9365,curtailment_only,False,1.0641979510077768
9367,curtailment_only,False,3.34674664997573
9369,curtailment_only,False,0.4423452967297172
9370,curtailment_only,False,0.006181078783472
9371,curtailment_only,False,2.712414397236951
9374,curtailment_only,False,0.0
9377,curtailment_only,False,2.695667788954493
9384,curtailment_only,False,1.1460601439665337
9386,curtailment_only,False,0.5461891894793882
939,curtailment_only,False,1.0701606589412704
9392,curtailment_only,False,2.455450824981829
9393,curtailment_only,False,3.0594708106004456
9394,curtailment_only,False,0.0012591098735618
9395,curtailment_only,False,5.926509517779959
9397,curtailment_only,False,0.0012591098735618
9399,curtailment_only,False,0.0015229890874884
9402,curtailment_only,False,0.5427290366669872
9406,curtailment_only,False,17.700336529696877
9409,curtailment_only,False,5.265001520982768
9416,curtailment_only,False,2.44144685571797
9418,curtailment_only,False,0.0025151077475412
9420,curtailment_only,False,0.0122710376105628
9423,curtailment_only,False,0.2816108316899586
943,curtailment_only,False,27.791458680722453
9430,curtailment_only,False,0.0
9438,curtailment_only,False,18.11926709734438
944,curtailment_only,False,3.8174655070530297
9440,curtailment_only,False,0.0066875524969795
9445,curtailment_only,False,4.684374060363303
9449,curtailment_only,False,0.0241324676773712
9452,curtailment_only,False,0.0
9456,curtailment_only,False,0.0027880450132455
9459,curtailment_only,False,0.0
946,curtailment_only,False,25.53025628138433
9460,curtailment_only,False,0.0
9461,curtailment_only,False,0.7066575383023417
9463,curtailment_only,False,0.0081917918144767
9466,curtailment_only,False,0.0053875421712885
9467,curtailment_only,False,0.0091197854822937
9471,curtailment_only,False,0.012424881588713
9473,curtailment_only,False,0.0
9477,curtailment_only,False,20.108140279730247
9479,curtailment_only,False,0.9491092401681054
948,curtailment_only,False,26.69084448988582
9481,curtailment_only,False,0.0062996582267699
9483,curtailment_only,False,1.6649091607612374
9485,curtailment_only,False,19.205628911291875
9488,curtailment_only,False,0.2699884575445617
9494,curtailment_only,False,14.358939721240262
9495,curtailment_only,False,1.1330078857119563
9496,curtailment_only,False,0.0042770021974822
9498,curtailment_only,False,13.224003977194048
9499,curtailment_only,False,0.0043995956210796
95,curtailment_only,False,0.0
9504,curtailment_only,False,0.0042326880683142
9505,curtailment_only,False,0.4195446371405508
9507,curtailment_only,False,0.0064231567141923
9512,curtailment_only,False,0.0035272400470737
9513,curtailment_only,False,1.3805133721473213
9515,curtailment_only,False,3.600365568859374
9518,curtailment_only,False,0.573670890339104
9519,curtailment_only,False,4.239102986556039
9521,curtailment_only,False,0.366387566223997
9523,curtailment_only,False,5.792550386046826
9524,curtailment_only,False,6.0913370068537125
9526,curtailment_only,False,5.7065017275271055
9528,curtailment_only,False,0.0289191136396578
9529,curtailment_only,False,1.2736602268320123
9531,curtailment_only,False,13.137535690160853
9532,curtailment_only,False,4.093259927042115
9533,curtailment_only,False,25.0490421189303
9534,curtailment_only,False,0.2199440062047727
9537,curtailment_only,False,28.483623221331747
9538,curtailment_only,False,0.0085161439679446
954,curtailment_only,False,28.038322560370368
9540,curtailment_only,False,7.93510718471774
9542,curtailment_only,False,4.653422910514612
9545,curtailment_only,False,19.59080729308369
9550,curtailment_only,False,18.351424838050235
9553,curtailment_only,False,1.60316593319611
9554,curtailment_only,False,20.514023061418104
9556,curtailment_only,False,5.019696729728016
9557,curtailment_only,False,3.0563089906980228
956,curtailment_only,False,0.7841465555029987
9561,curtailment_only,False,1.575675960500262
9563,curtailment_only,False,5.958669089134363
9564,curtailment_only,False,4.861616792800205
9565,curtailment_only,False,0.0087303552827627
9567,curtailment_only,False,0.2931601594633476
9568,curtailment_only,False,0.0017520868557094
957,curtailment_only,False,27.837501968180327
9570,curtailment_only,False,12.600690010996123
9574,curtailment_only,False,0.0015340041791716
9575,curtailment_only,False,1.4824419499010848
9579,curtailment_only,False,26.21939949874661
9580,curtailment_only,False,0.0519308381912951
9582,curtailment_only,False,0.0136868322881544
9583,curtailment_only,False,0.1457666185094177
9589,curtailment_only,False,0.1888311711704626
959,curtailment_only,False,27.46205463304777
9591,curtailment_only,False,19.40338911781966
9592,curtailment_only,False,0.0095463604995451
9593,curtailment_only,False,12.212118359476108
9594,curtailment_only,False,3.779894791275784
9597,curtailment_only,False,19.26423475292261
9599,curtailment_only,False,19.40338911781966
96,curtailment_only,False,0.0
9601,curtailment_only,False,0.014918388539624
9602,curtailment_only,False,3.7814498893675377
9603,curtailment_only,False,0.2144964144558185
9605,curtailment_only,False,0.4998431286591944
9607,curtailment_only,False,0.0077817180945389
9608,curtailment_only,False,20.263846287392088
9609,curtailment_only,False,0.0017509526038241
961,curtailment_only,False,26.82088538809224
9611,curtailment_only,False,0.0013216902673291
9613,curtailment_only,False,0.004949683105222
9616,curtailment_only,False,20.263846287392088
9618,curtailment_only,False,0.0149662545510081
9623,curtailment_only,False,23.58494701443957
9624,curtailment_only,False,20.263846287392088
9625,curtailment_only,False,0.00532360580771
9627,curtailment_only,False,0.0054728454833005
963,curtailment_only,False,27.74309369495482
9630,curtailment_only,False,0.0032837073053155
9632,curtailment_only,False,23.58494701443957
9634,curtailment_only,False,22.450706551094083
9637,curtailment_only,False,14.220822180317922
964,curtailment_only,False,0.9524989005007496
9640,curtailment_only,False,0.0591558104077552
9642,curtailment_only,False,22.830920467281835
9646,curtailment_only,False,0.0060943267841995
9648,curtailment_only,False,3.6695502025961897
9649,curtailment_only,False,20.263846287392088
965,curtailment_only,False,6.735257134593073
9650,curtailment_only,False,0.0136868322881544
9652,curtailment_only,False,1.1403247207278489
9653,curtailment_only,False,0.014169818603288
9657,curtailment_only,False,8.95527597508871
9658,curtailment_only,False,13.51364146468018
9663,curtailment_only,False,0.0077896351050517
9668,curtailment_only,False,0.1510459751847301
9673,curtailment_only,False,6.429422117605231
9674,curtailment_only,False,3.4207444913075307
9679,curtailment_only,False,1.354417933938704
9680,curtailment_only,False,0.0
9681,curtailment_only,False,0.1997137029041096
9683,curtailment_only,False,0.0174356811214871
9684,curtailment_only,False,0.7245870514335744
969,curtailment_only,False,26.14290277959113
9699,curtailment_only,False,0.4406920629801761
970,curtailment_only,False,26.14290277959113
9700,curtailment_only,False,3.4207444913075307
9702,curtailment_only,False,1.5556386997408431
9707,curtailment_only,False,0.0058298460115535
971,curtailment_only,False,25.523848518465435
9710,curtailment_only,False,21.965857856218516
9715,curtailment_only,False,14.351340779918552
9717,curtailment_only,False,1.488374123862345
9718,curtailment_only,False,0.0034200102356389
972,curtailment_only,False,22.954217807301887
9720,curtailment_only,False,0.0024772985770264
9725,curtailment_only,False,2.1115742531064874
973,curtailment_only,False,4.744167529985658
9731,curtailment_only,False,1.9504253010084989
9732,curtailment_only,False,2.8083461665561087
9734,curtailment_only,False,0.0053244908421027
9740,curtailment_only,False,0.5594210160398319
9743,curtailment_only,False,0.7382784779747237
9744,curtailment_only,False,4.93712455291417
9748,curtailment_only,False,0.0063578216101099
9750,curtailment_only,False,1.5828630673166877
9764,curtailment_only,False,0.0120492357588322
9766,curtailment_only,False,0.0069399925317745
9770,curtailment_only,False,0.5582935886918902
9778,curtailment_only,False,4.557362485525285
9779,curtailment_only,False,0.6496951482841763
978,curtailment_only,False,1.758272850331425
9784,curtailment_only,False,0.0236281868987497
9786,curtailment_only,False,1.68813066585758
979,curtailment_only,False,0.8516312630823625
9790,curtailment_only,False,0.0
9791,curtailment_only,False,0.3119966817354235
9793,curtailment_only,False,0.0
9796,curtailment_only,False,0.009290322418909
9799,curtailment_only,False,2.9900670984271223
98,curtailment_only,False,0.0
980,curtailment_only,False,5.289275717257493
9804,curtailment_only,False,0.8591898615069341
9806,curtailment_only,False,0.0044741825811294
981,curtailment_only,False,6.691718170410215
9813,curtailment_only,False,0.622462535715626
9814,curtailment_only,False,0.0361520177108009
9815,curtailment_only,False,2.117415813857201
982,curtailment_only,False,2.427566254059579
9820,curtailment_only,False,0.006430072756008
9821,curtailment_only,False,4.632067756585031
9825,curtailment_only,False,3.3375383523665074
9828,curtailment_only,False,0.6090427342144282
9830,curtailment_only,False,3.6001151690713
9832,curtailment_only,False,1.0409958863880215
9834,curtailment_only,False,0.0064214503580357
9839,curtailment_only,False,0.0089638886364516
9841,curtailment_only,False,0.9664172463878652
9848,curtailment_only,False,2.903419295826741
9849,curtailment_only,False,0.4619684061422721
9853,curtailment_only,False,0.0031287269623339
9856,curtailment_only,False,0.10912026437012
9857,curtailment_only,False,0.0037227947662916
986,curtailment_only,False,4.333700269620225
9863,curtailment_only,False,4.075306971442124
9868,curtailment_only,False,4.71080046760383
9872,curtailment_only,False,0.0040898436484014
9877,curtailment_only,False,0.0357554366022506
9879,curtailment_only,False,0.001979699227422
9881,curtailment_only,False,6.460029452084544
9882,curtailment_only,False,7.791685786265942
9885,curtailment_only,False,0.00570816560506
9886,curtailment_only,False,8.727309001540837
9887,curtailment_only,False,0.0072983665657265
989,curtailment_only,False,6.716374266850119
990,curtailment_only,False,24.380373946163463
9902,curtailment_only,False,1.1130040669994057
9906,curtailment_only,False,0.0
9907,curtailment_only,False,2.9488863119220268
9908,curtailment_only,False,17.38856241764541
991,curtailment_only,False,24.25213181762545
9910,curtailment_only,False,0.0049370020130944
9917,curtailment_only,False,0.0058504261939703
992,curtailment_only,False,26.227084243846704
9922,curtailment_only,False,4.74364435660141
9925,curtailment_only,False,0.0
9928,curtailment_only,False,5.026266673792055
993,curtailment_only,False,6.716374266850119
9931,curtailment_only,False,0.0
9932,curtailment_only,False,0.4637410122798599
9943,curtailment_only,False,2.1242908062699475
9947,curtailment_only,False,0.0113993577176217
995,curtailment_only,False,6.144662081306679
9950,curtailment_only,False,1.6025706697379782
9958,curtailment_only,False,0.2573741074692009
9963,curtailment_only,False,0.0
9964,curtailment_only,False,0.16164373283837
9965,curtailment_only,False,0.0025140518217085
9967,curtailment_only,False,0.0
9968,curtailment_only,False,16.880097256440745
997,curtailment_only,False,5.2783851330582126
9974,curtailment_only,False,7.45199768232009
9983,curtailment_only,False,0.0019890808343972
9992,curtailment_only,False,0.0036491849028716
W100,curtailment_only,True,213.78296894271472
W1017,curtailment_only,False,21.428535422366505
W1018,curtailment_only,False,21.428535422366505
W102,curtailment_only,False,18.66538261976606
W1024,curtailment_only,False,24.422279846828552
W1030,curtailment_only,False,23.26545398036108
W1031,curtailment_only,False,23.784972235885892
W1037,curtailment_only,False,11.129937026171634
W1038,curtailment_only,False,24.312763291538428
W104,curtailment_only,True,339.74598231988114
W1040,curtailment_only,False,24.68669968647174
W1046,curtailment_only,False,20.048969855526
W1049,curtailment_only,False,21.029250536753004
W1052,curtailment_only,False,22.771198191142105
W1057,curtailment_only,True,36.75742089134923
W106,curtailment_only,True,341.4447129878432
W1066,curtailment_only,False,26.4525940892996
W1069,curtailment_only,True,31.61060202151533
W107,curtailment_only,False,26.798164510420257
W1070,curtailment_only,False,29.04409674132282
W1071,curtailment_only,False,26.88406630208479
W1072,curtailment_only,False,29.04409674132282
W1073,curtailment_only,True,30.474869723037035
W108,curtailment_only,False,26.798164510420257
W1083,curtailment_only,True,29.83305526202697
W109,curtailment_only,False,26.798164510420257
W11,curtailment_only,False,8.321669131775415
W110,curtailment_only,False,26.798164510420257
W1100,curtailment_only,False,24.497789263623243
W1101,curtailment_only,False,15.412226967157766
W1102,curtailment_only,False,15.991374432791044
W1103,curtailment_only,False,15.100969364890815
W1104,curtailment_only,False,10.988551915692982
W1105,curtailment_only,False,16.619828885667083
W1108,curtailment_only,False,16.619828885667083
W1111,curtailment_only,False,7.126317293154936
W1113,curtailment_only,False,1.853051528172912
W1117,curtailment_only,False,7.126317293154936
W1118,curtailment_only,False,7.126317293154936
W1120,curtailment_only,False,6.905518532575465
W1122,curtailment_only,False,7.126317293154936
W1123,curtailment_only,False,5.73604434859494
W1126,curtailment_only,False,22.79040926600897
W1127,curtailment_only,False,9.671194751527556
W1129,curtailment_only,False,7.685144832124033
W113,curtailment_only,False,28.2902142439299
W1130,curtailment_only,True,29.63007216599593
W1134,curtailment_only,True,29.395188160654
W1136,curtailment_only,False,10.853415556157708
W1137,curtailment_only,True,76.12481001409161
W114,curtailment_only,False,28.2902142439299
W1140,curtailment_only,False,10.030693762138648
W1141,curtailment_only,False,7.220813389380576
W1144,curtailment_only,False,5.085083910409801
W115,curtailment_only,False,28.2902142439299
W1150,curtailment_only,False,8.278664465237188
W1153,curtailment_only,False,8.534305876982845
W1155,curtailment_only,False,9.095926323307715
W1156,curtailment_only,False,7.620654390238383
W1157,curtailment_only,False,10.29308152168196
W1159,curtailment_only,False,1.8152841226592125
W116,curtailment_only,False,28.791924132445438
W1160,curtailment_only,False,7.103573039134188
W1162,curtailment_only,False,7.220813389380576
W1164,curtailment_only,False,11.780054765605064
W1165,curtailment_only,False,11.780054765605064
W1166,curtailment_only,False,13.537790020996562
W1167,curtailment_only,False,12.088190941027667
W1168,curtailment_only,False,11.780054765605064
W1169,curtailment_only,False,4.268425763865866
W117,curtailment_only,False,28.791924132445438
W1170,curtailment_only,False,11.780054765605064
W1171,curtailment_only,False,11.780054765605064
W1172,curtailment_only,False,8.016030067257933
W1174,curtailment_only,False,6.412383927924235
W1178,curtailment_only,False,10.182509329637751
W1185,curtailment_only,False,12.643952185541444
W1186,curtailment_only,False,12.102847309105808
W1187,curtailment_only,False,1.0916611068003714
W1188,curtailment_only,False,15.526594313299162
W1189,curtailment_only,False,12.45179294005647
W119,curtailment_only,False,27.511864968234363
W1190,curtailment_only,False,16.013689556542218
W1191,curtailment_only,False,16.013689556542218
W1192,curtailment_only,False,10.315432295660074
W1193,curtailment_only,False,10.315432295660074
W1194,curtailment_only,False,9.412738391130322
W1199,curtailment_only,False,11.365545040006596
W1200,curtailment_only,False,10.953735077443016
W1205,curtailment_only,False,5.989543903731867
W1209,curtailment_only,False,9.146188166360004
W121,curtailment_only,False,26.1863617703071
W1211,curtailment_only,False,8.960811833688023
W122,curtailment_only,False,26.1863617703071
W1220,curtailment_only,False,12.654650112225935
W1223,curtailment_only,False,28.14132373757592
W1225,curtailment_only,True,94.82301464153352
W1227,curtailment_only,True,151.4109427885156
W1229,curtailment_only,True,734.1136626132434
W123,curtailment_only,False,28.28657922535444
W1231,curtailment_only,True,305.8806942961402
W1232,curtailment_only,True,305.8806942961402
W1233,curtailment_only,True,152.9403478554434
W124,curtailment_only,True,212.71937223759235
W1240,curtailment_only,True,309.5837734737993
W1242,curtailment_only,True,611.76138816467
W1244,curtailment_only,True,152.9403478554434
W1245,curtailment_only,False,26.27330838228551
W1247,curtailment_only,True,611.76138816467
W1248,curtailment_only,False,26.38842816346341
W1249,curtailment_only,True,151.69605042605102
W125,curtailment_only,True,212.71937223759235
W1251,curtailment_only,True,183.5284156501829
W1252,curtailment_only,False,17.819493601816337
W1253,curtailment_only,True,148.7140280615698
W1254,curtailment_only,True,611.76138816467
W1255,curtailment_only,True,152.9403478554434
W1257,curtailment_only,True,151.69605042605102
W1259,curtailment_only,True,154.7918865973872
W126,curtailment_only,False,26.70775615999445
W1260,curtailment_only,False,25.55651091034032
W1261,curtailment_only,True,122.9473661234258
W1268,curtailment_only,True,149.027110232167
W1269,curtailment_only,True,248.37851717015263
W127,curtailment_only,False,28.78931158809913
W1270,curtailment_only,True,154.7918865973872
W1271,curtailment_only,False,26.4525940892996
W1273,curtailment_only,True,29.488453155350246
W1274,curtailment_only,False,24.131096215915807
W1275,curtailment_only,True,152.9403478554434
W1279,curtailment_only,False,26.06894757141672
W128,curtailment_only,False,28.78931158809913
W1280,curtailment_only,True,30.142829713519664
W1284,curtailment_only,True,29.490111596897204
W1287,curtailment_only,False,28.23453325490443
W129,curtailment_only,False,28.791924132445438
W1297,curtailment_only,False,14.47088907364918
W1299,curtailment_only,False,14.47088907364918
W130,curtailment_only,True,148.9642493308424
W1301,curtailment_only,False,17.84991466763785
W131,curtailment_only,False,28.791924132445438
W1318,curtailment_only,True,373.9304338509388
W132,curtailment_only,False,28.791924132445438
W1320,curtailment_only,True,373.9304338509388
W1327,curtailment_only,False,6.407618296052634
W133,curtailment_only,False,28.791924132445438
W1339,curtailment_only,False,6.393372648195927
W134,curtailment_only,False,28.791924132445438
W1340,curtailment_only,True,30.34069712869292
W135,curtailment_only,False,26.70775615999445
W1353,curtailment_only,False,7.620654390238383
W1355,curtailment_only,False,10.537215165684032
W1356,curtailment_only,True,30.375703295929743
W1358,curtailment_only,True,30.375703295929743
W136,curtailment_only,True,37.24106244481737
W1360,curtailment_only,True,30.69286221872544
W1362,curtailment_only,True,30.69286221872544
W137,curtailment_only,False,19.070277846137227
W1372,curtailment_only,False,24.009609344678072
W1373,curtailment_only,False,9.792322953558925
W1374,curtailment_only,True,36.34530224893695
W1376,curtailment_only,True,90.82951259281444
W1379,curtailment_only,False,11.733627650807142
W138,curtailment_only,True,111.48610638573652
W1380,curtailment_only,False,14.107215253003885
W1383,curtailment_only,False,19.311352298942985
W1387,curtailment_only,True,66.30554341390938
W1389,curtailment_only,True,44.96060862716958
W139,curtailment_only,True,112.04076127267388
W1396,curtailment_only,False,5.642500471992852
W1397,curtailment_only,False,11.493848254381438
W1399,curtailment_only,False,11.493848254381438
W14,curtailment_only,False,10.12884908173323
W140,curtailment_only,True,55.46572448660063
W1403,curtailment_only,False,11.395488421059982
W1405,curtailment_only,False,9.596113886362492
W141,curtailment_only,True,120.22489939872176
W1411,curtailment_only,False,1.7684253506410683
W1443,curtailment_only,False,7.623352583280992
W1444,curtailment_only,False,5.820560372540425
W1448,curtailment_only,False,3.784204082132095
W145,curtailment_only,False,19.844597306965888
W1452,curtailment_only,False,6.21162398443142
W1456,curtailment_only,False,6.417669427476064
W1467,curtailment_only,False,10.305279323908934
W147,curtailment_only,False,23.242696998949977
W1471,curtailment_only,False,6.574199087388204
W1472,curtailment_only,False,4.096817309088331
W1479,curtailment_only,False,23.41865634121977
W148,curtailment_only,False,10.410040926237802
W1480,curtailment_only,False,23.41865634121977
W1482,curtailment_only,True,45.77273032999172
W1483,curtailment_only,True,43.94182136814959
W1487,curtailment_only,False,24.692363569373494
W149,curtailment_only,False,9.232114983023864
W1492,curtailment_only,False,26.618710102572724
W1493,curtailment_only,False,26.618710102572724
W150,curtailment_only,False,6.690182278005786
W1502,curtailment_only,True,30.369743813056637
W1506,curtailment_only,False,24.009609344678072
W1509,curtailment_only,True,30.464947445488463
W1520,curtailment_only,False,27.63236136818476
W1522,curtailment_only,False,7.020588567142105
W1528,curtailment_only,False,9.412738391130322
W1529,curtailment_only,True,30.142829713519664
W153,curtailment_only,False,9.788419861067856
W1531,curtailment_only,False,7.0303056356107785
W1533,curtailment_only,False,27.63236136818476
W1548,curtailment_only,False,22.382261403239266
W155,curtailment_only,False,9.308079375987491
W1555,curtailment_only,False,26.612222909831164
W1556,curtailment_only,False,7.501038874409948
W1559,curtailment_only,False,20.49409322347888
W1561,curtailment_only,False,25.27781745248344
W1564,curtailment_only,False,21.53602615155445
W1567,curtailment_only,False,22.382261403239266
W1569,curtailment_only,False,20.048969855526
W1572,curtailment_only,True,152.9403478554434
W1575,curtailment_only,False,20.048969855526
W1576,curtailment_only,True,154.7918865973872
W1577,curtailment_only,False,22.382261403239266
W1580,curtailment_only,True,81.86527542351544
W1581,curtailment_only,False,21.743459492092363
W1584,curtailment_only,True,149.88154104948046
W1588,curtailment_only,True,152.9403478554434
W1592,curtailment_only,True,81.86527542351544
W1594,curtailment_only,False,25.526748999928877
W1603,curtailment_only,False,27.903440160319352
W1607,curtailment_only,True,81.86527542351544
W161,curtailment_only,False,10.153536985698215
W1611,curtailment_only,False,22.74274565376724
W1612,curtailment_only,True,30.375703295929743
W1613,curtailment_only,True,124.18925902772388
W1614,curtailment_only,False,26.125633191877743
W1615,curtailment_only,False,3.5863374599515385
W1619,curtailment_only,False,24.389128774180502
W162,curtailment_only,False,10.153536985698215
W1620,curtailment_only,True,98.05304540499124
W1625,curtailment_only,True,80.22797078897887
W1626,curtailment_only,True,1121.7912978901502
W1628,curtailment_only,False,21.076680406148217
W1629,curtailment_only,True,80.22797078897887
W1630,curtailment_only,True,934.8260803507004
W1634,curtailment_only,True,60.852737278921
W1635,curtailment_only,True,974.4503714577744
W1639,curtailment_only,True,163.73055000130267
W164,curtailment_only,False,10.021896910815938
W1640,curtailment_only,True,892.2841635525687
W1643,curtailment_only,False,21.007234490315312
W1644,curtailment_only,True,81.86527542351544
W1645,curtailment_only,True,588.5108209346499
W1647,curtailment_only,False,21.743459492092363
W1649,curtailment_only,True,78.59066496278665
W1652,curtailment_only,True,373.9304338509388
W1655,curtailment_only,False,21.743459492092363
W1656,curtailment_only,True,392.34054563604974
W1659,curtailment_only,False,21.939003406212592
W1664,curtailment_only,True,148.7140280615698
W1665,curtailment_only,False,8.593577746141964
W1671,curtailment_only,False,20.95044568392077
W1674,curtailment_only,False,8.593577746141964
W1676,curtailment_only,False,21.811877502049303
W1679,curtailment_only,False,3.924908032536901
W168,curtailment_only,False,10.021896910815938
W1685,curtailment_only,True,196.1702732924108
W1686,curtailment_only,False,27.903440160319352
W1688,curtailment_only,False,21.794680150352427
W1689,curtailment_only,True,1177.021636693396
W169,curtailment_only,False,10.46835085495042
W1690,curtailment_only,False,25.27781745248344
W1693,curtailment_only,False,29.10588025585964
W1698,curtailment_only,True,196.1702732924108
W1699,curtailment_only,False,23.93231338056608
W1701,curtailment_only,True,196.1702732924108
W1703,curtailment_only,True,324.8167919880875
W1705,curtailment_only,True,148.7140280615698
W1707,curtailment_only,False,3.706266683314929
W1708,curtailment_only,True,147.22688688628716
W1709,curtailment_only,True,188.67426318489
W171,curtailment_only,False,11.12841285284962
W1714,curtailment_only,True,160.78431150332244
W172,curtailment_only,False,7.968743393173951
W1722,curtailment_only,True,162.40839654458972
W1723,curtailment_only,False,21.17651331433056
W1728,curtailment_only,False,4.160402717474518
W1729,curtailment_only,True,196.1702732924108
W1735,curtailment_only,True,196.1702732924108
W174,curtailment_only,False,2.7140443271125045
W1741,curtailment_only,False,28.390462717226374
W1746,curtailment_only,True,381.4090394748839
W1750,curtailment_only,True,328.6995920295396
W1751,curtailment_only,False,23.7844849744641
W1759,curtailment_only,True,373.9304338509388
W176,curtailment_only,False,26.438962855616165
W1761,curtailment_only,True,148.60021098329744
W1764,curtailment_only,True,1121.7912978901502
W1766,curtailment_only,True,148.60021098329744
W1768,curtailment_only,True,117.70216348371866
W1769,curtailment_only,True,39.10363836412603
W177,curtailment_only,False,7.824439278470066
W1771,curtailment_only,True,392.34054563604974
W1772,curtailment_only,True,85.33266595987725
W1774,curtailment_only,True,39.10363836412603
W1775,curtailment_only,True,154.7918865973872
W1777,curtailment_only,False,7.583010524042441
W1778,curtailment_only,False,26.67517361402029
W178,curtailment_only,True,29.77316318162201
W1780,curtailment_only,False,25.105182088746258
W1782,curtailment_only,False,7.5352801902700515
W1784,curtailment_only,False,23.96968501232583
W1787,curtailment_only,False,26.364952434194663
W1788,curtailment_only,True,1121.7912978901502
W1790,curtailment_only,False,23.86904873775389
W1791,curtailment_only,False,26.161229490158732
W1792,curtailment_only,True,196.1702732924108
W1794,curtailment_only,False,2.1275771295074004
W1795,curtailment_only,True,403.5394827611709
W1797,curtailment_only,True,155.91206065777936
W1798,curtailment_only,False,0.0116210400258808
W1799,curtailment_only,False,23.72866400947785
W18,curtailment_only,False,8.526869949437428
W180,curtailment_only,True,29.77316318162201
W1800,curtailment_only,True,193.69895229860657
W1801,curtailment_only,False,27.532962962883214
W1802,curtailment_only,True,179.48660866290982
W1803,curtailment_only,False,5.514624918519744
W1806,curtailment_only,False,5.73604434859494
W1807,curtailment_only,True,169.06613113152414
W1808,curtailment_only,True,142.7654675617243
W181,curtailment_only,True,29.77316318162201
W1810,curtailment_only,True,155.91206065777936
W1812,curtailment_only,False,3.5096241025600614
W1814,curtailment_only,True,201.7697422178668
W1816,curtailment_only,True,148.60021098329744
W1817,curtailment_only,True,59.610844243806326
W1818,curtailment_only,False,8.147110799511584
W1820,curtailment_only,True,784.6810895885051
W1821,curtailment_only,False,24.91259112515647
W1824,curtailment_only,False,8.932357848466761
W1825,curtailment_only,True,148.60021098329744
W1828,curtailment_only,True,196.1702732924108
W1829,curtailment_only,False,3.5096241025600614
W183,curtailment_only,False,28.3567702465383
W1831,curtailment_only,True,154.7918865973872
W1833,curtailment_only,False,9.13992082465754
W1837,curtailment_only,True,605.3092307700215
W184,curtailment_only,False,3.219601876948177
W1841,curtailment_only,True,619.167545733791
W1842,curtailment_only,False,8.932357848466761
W1844,curtailment_only,False,25.998402730248216
W1846,curtailment_only,False,12.090758452934107
W1849,curtailment_only,True,201.7697422178668
W1850,curtailment_only,False,27.953998892167565
W1851,curtailment_only,False,7.727682610253186
W1853,curtailment_only,False,15.593982975136209
W1854,curtailment_only,True,233.7090652577817
W1855,curtailment_only,False,24.567583990594997
W1857,curtailment_only,True,605.3092307700215
W1859,curtailment_only,False,5.73604434859494
W1863,curtailment_only,False,23.84473489984014
W1864,curtailment_only,False,5.73604434859494
W1865,curtailment_only,True,533.3291563438411
W1866,curtailment_only,True,32.60138737362779
W1868,curtailment_only,False,5.73604434859494
W187,curtailment_only,False,0.0
W1870,curtailment_only,False,25.4895334251252
W1874,curtailment_only,False,5.73604434859494
W1875,curtailment_only,True,29.993622469725107
W188,curtailment_only,False,9.865138713904072
W1880,curtailment_only,False,5.73604434859494
W1883,curtailment_only,True,29.420687083481276
W1884,curtailment_only,False,5.73604434859494
W1887,curtailment_only,True,30.539013355989766
W1888,curtailment_only,False,16.619828885667083
W189,curtailment_only,False,0.0
W1892,curtailment_only,True,30.329829256231715
W1895,curtailment_only,False,15.67819585047133
W1896,curtailment_only,False,5.73604434859494
W190,curtailment_only,False,13.009280447917828
W1900,curtailment_only,False,14.672892129219278
W1901,curtailment_only,False,16.619828885667083
W1902,curtailment_only,False,5.514624918519744
W191,curtailment_only,False,0.0
W1910,curtailment_only,False,5.514624918519744
W1913,curtailment_only,False,5.73604434859494
W1914,curtailment_only,False,23.976614344127704
W1918,curtailment_only,False,5.73604434859494
W1929,curtailment_only,False,9.13992082465754
W193,curtailment_only,False,0.0
W1933,curtailment_only,False,7.727682610253186
W1937,curtailment_only,False,13.376367867465934
W194,curtailment_only,False,9.530930762953789
W1941,curtailment_only,False,26.563375322998176
W195,curtailment_only,False,0.0
W196,curtailment_only,False,7.701981092541509
W197,curtailment_only,False,0.0
W1977,curtailment_only,False,24.179022206083932
W1981,curtailment_only,False,24.497789263623243
W1983,curtailment_only,False,16.619828885667083
W199,curtailment_only,False,0.0
W1990,curtailment_only,False,9.412738391130322
W1992,curtailment_only,False,9.146188166360004
W1996,curtailment_only,False,16.619828885667083
W2,curtailment_only,False,6.907750421699946
W20,curtailment_only,False,8.526869949437428
W2001,curtailment_only,False,24.479690566067863
W2003,curtailment_only,False,26.607844083631388
W2006,curtailment_only,False,16.087026868699105
W2009,curtailment_only,False,17.832360931778634
W2010,curtailment_only,False,23.47598683166449
W2011,curtailment_only,False,21.22338429844213
W2013,curtailment_only,False,15.07510893454093
W2014,curtailment_only,False,14.429236824969944
W2015,curtailment_only,False,15.07510893454093
W2016,curtailment_only,False,25.743965641114844
W2017,curtailment_only,False,24.88970398383533
W2020,curtailment_only,False,22.87363252586953
W2023,curtailment_only,False,23.19152794708304
W2024,curtailment_only,False,14.92924724864134
W2026,curtailment_only,False,20.76105256780722
W2027,curtailment_only,False,20.511967958428755
W2028,curtailment_only,False,10.742907817533656
W2029,curtailment_only,False,20.0582646625685
W2032,curtailment_only,False,19.071604173171394
W2037,curtailment_only,False,22.842702816997303
W2038,curtailment_only,False,19.58715974244316
W2040,curtailment_only,False,23.19152794708304
W2041,curtailment_only,False,20.72562692106956
W2042,curtailment_only,False,24.293924734072096
W2043,curtailment_only,False,16.910111876702125
W2044,curtailment_only,False,19.82319122076762
W2045,curtailment_only,False,18.517497628989663
W2048,curtailment_only,False,14.368859493504484
W2049,curtailment_only,False,13.864166464413708
W2050,curtailment_only,False,8.185235620589923
W2051,curtailment_only,False,10.63894804619783
W2053,curtailment_only,False,16.9685587088947
W2054,curtailment_only,False,20.464328177528994
W2055,curtailment_only,False,21.22338429844213
W2057,curtailment_only,False,15.811508943867242
W2058,curtailment_only,False,15.7162195631229
W2059,curtailment_only,False,14.368859493504484
W2060,curtailment_only,False,21.794680150352427
W2065,curtailment_only,False,22.326519487172185
W2069,curtailment_only,False,12.269342565687651
W207,curtailment_only,False,11.556186361267414
W2070,curtailment_only,False,20.31465106901073
W2072,curtailment_only,False,19.03546715188677
W2073,curtailment_only,False,17.52460044218614
W2074,curtailment_only,False,16.803567926020854
W2075,curtailment_only,False,20.19005960501058
W2076,curtailment_only,False,17.52460044218614
W2077,curtailment_only,False,16.402814501069113
W2078,curtailment_only,False,23.686004090137622
W2080,curtailment_only,False,9.968211097650611
W2081,curtailment_only,False,19.415921280167183
W2082,curtailment_only,False,13.33169304792914
W2083,curtailment_only,False,16.468859147271328
W2085,curtailment_only,False,14.123980104157791
W2088,curtailment_only,False,14.123980104157791
W2089,curtailment_only,False,13.03111153379612
W2090,curtailment_only,False,12.405117625851185
W2094,curtailment_only,False,14.123980104157791
W2095,curtailment_only,False,14.378267439577655
W2096,curtailment_only,False,14.378267439577655
W2097,curtailment_only,False,17.976330981875115
W2099,curtailment_only,False,10.180665206042418
W21,curtailment_only,False,10.153536985698215
W2100,curtailment_only,False,18.99385009124932
W212,curtailment_only,False,0.0
W2132,curtailment_only,False,22.646417016067915
W2134,curtailment_only,False,22.74274565376724
W2135,curtailment_only,False,24.50254628142604
W2145,curtailment_only,False,25.649693150363383
W2147,curtailment_only,True,110.32581177723353
W2148,curtailment_only,True,110.32581177723353
W2152,curtailment_only,True,162.40839654458972
W2154,curtailment_only,True,162.40839654458972
W2155,curtailment_only,True,162.40839654458972
W2157,curtailment_only,True,162.40839654458972
W2158,curtailment_only,True,110.32581177723353
W2159,curtailment_only,True,110.32581177723353
W2160,curtailment_only,True,105.91278034568836
W2161,curtailment_only,True,649.6335834426748
W2162,curtailment_only,True,110.32581177723353
W2163,curtailment_only,True,110.32581177723353
W2164,curtailment_only,True,110.32581177723353
W2165,curtailment_only,True,110.32581177723353
W2166,curtailment_only,True,110.32581177723353
W2168,curtailment_only,True,162.40839654458972
W217,curtailment_only,False,0.0
W2170,curtailment_only,True,330.97744018978267
W2171,curtailment_only,True,262.4498820462788
W2174,curtailment_only,True,162.40839654458972
W2175,curtailment_only,True,160.78431150332244
W2176,curtailment_only,True,62.09462958160373
W2177,curtailment_only,True,57.36942254791979
W2178,curtailment_only,True,162.40839654458972
W2179,curtailment_only,True,162.40839654458972
W2180,curtailment_only,True,162.40839654458972
W2181,curtailment_only,True,110.32581177723353
W219,curtailment_only,False,0.0
W220,curtailment_only,False,7.968743393173951
W2206,curtailment_only,True,63.50362335717792
W2208,curtailment_only,True,66.14960690883714
W221,curtailment_only,False,0.0
W2211,curtailment_only,True,105.91278034568836
W2213,curtailment_only,True,98.05304540499124
W2214,curtailment_only,True,66.14960690883714
W2216,curtailment_only,False,18.98366572091654
W2217,curtailment_only,True,458.8210429092617
W2220,curtailment_only,False,20.37803502559204
W2222,curtailment_only,True,98.05304540499124
W2223,curtailment_only,False,11.208738028589122
W2225,curtailment_only,True,110.32581177723353
W2226,curtailment_only,False,18.85576080886344
W2228,curtailment_only,False,24.809400664434417
W2230,curtailment_only,False,19.102462223048427
W2231,curtailment_only,True,193.72370097231172
W2235,curtailment_only,True,99.0434801518322
W2237,curtailment_only,True,74.27125674745585
W224,curtailment_only,False,7.968743393173951
W2242,curtailment_only,False,16.606821934865366
W2247,curtailment_only,False,25.11971382957285
W2249,curtailment_only,True,165.70090145932122
W225,curtailment_only,False,0.0
W2250,curtailment_only,False,13.945890882974934
W2251,curtailment_only,False,25.11971382957285
W2252,curtailment_only,False,14.368859493504484
W2255,curtailment_only,True,176.5374045038611
W2257,curtailment_only,False,24.73883900565949
W226,curtailment_only,False,0.0
W2260,curtailment_only,True,176.5374045038611
W2262,curtailment_only,False,25.11971382957285
W2263,curtailment_only,True,30.01235551949373
W2265,curtailment_only,False,19.44380570462863
W2266,curtailment_only,True,29.490111596897204
W2268,curtailment_only,True,134.1243991862391
W2269,curtailment_only,True,72.63465390964204
W2270,curtailment_only,True,176.5374045038611
W2273,curtailment_only,False,18.08496410368274
W2274,curtailment_only,True,305.8806942961402
W2275,curtailment_only,True,176.5374045038611
W2276,curtailment_only,False,19.674624319635303
W2277,curtailment_only,False,17.623818775672135
W228,curtailment_only,False,0.0
W2281,curtailment_only,False,11.190616981655644
W2282,curtailment_only,True,69.96063758175143
W2286,curtailment_only,False,17.832360931778634
W2287,curtailment_only,False,18.587650736210875
W2290,curtailment_only,False,11.681658745333532
W2291,curtailment_only,False,13.320619889870695
W2295,curtailment_only,False,20.388211982171523
W2296,curtailment_only,False,14.40391691805232
W2301,curtailment_only,False,17.644781852705986
W2305,curtailment_only,False,17.01028331480101
W2309,curtailment_only,False,7.671424144592945
W231,curtailment_only,False,5.104759143914852
W2310,curtailment_only,False,17.768264117406417
W2312,curtailment_only,False,18.833465920974227
W2313,curtailment_only,False,9.2437611397643
W2315,curtailment_only,False,20.45150960184752
W2316,curtailment_only,False,23.828846954644806
W2317,curtailment_only,False,20.15129653654453
W2326,curtailment_only,False,22.023328304405812
W2327,curtailment_only,False,10.363939571241962
W233,curtailment_only,False,7.215083052097722
W2330,curtailment_only,False,19.46721077336485
W2332,curtailment_only,False,20.0582646625685
W2336,curtailment_only,False,21.79303834662457
W2337,curtailment_only,False,22.43294907634864
W2339,curtailment_only,False,19.571381125977137
W234,curtailment_only,False,0.0
W2342,curtailment_only,False,13.025386616301688
W2348,curtailment_only,False,18.344871460042537
W235,curtailment_only,False,7.807504130511031
W2351,curtailment_only,False,20.409459871548037
W2352,curtailment_only,False,16.069872597998383
W2354,curtailment_only,False,20.409459871548037
W2356,curtailment_only,False,17.61941412536015
W2357,curtailment_only,False,15.18458756031609
W2358,curtailment_only,False,15.18458756031609
W236,curtailment_only,False,0.0
W2360,curtailment_only,False,19.699773669655457
W2361,curtailment_only,False,17.413346942733913
W2362,curtailment_only,False,13.22713805324864
W2363,curtailment_only,False,15.09435333852307
W2367,curtailment_only,False,20.66464221496062
W2368,curtailment_only,False,20.66464221496062
W237,curtailment_only,False,9.788419861067856
W2370,curtailment_only,False,20.381987633979858
W2375,curtailment_only,True,176.5374045038611
W2377,curtailment_only,True,48.63751120979122
W2378,curtailment_only,True,190.05259792433915
W2379,curtailment_only,True,79.75628029796763
W238,curtailment_only,False,0.0
W2381,curtailment_only,True,148.7140280615698
W2383,curtailment_only,True,30.59802959362307
W2384,curtailment_only,True,297.42805615537577
W2387,curtailment_only,False,27.58224071305241
W2392,curtailment_only,True,190.05259792433915
W2395,curtailment_only,False,26.151400602623536
W2397,curtailment_only,False,23.24737576624181
W24,curtailment_only,False,10.244673558768929
W240,curtailment_only,False,0.0
W2400,curtailment_only,True,355.1809487285557
W2402,curtailment_only,True,176.5374045038611
W2404,curtailment_only,True,29.89720933831632
W2405,curtailment_only,True,190.05259792433915
W2407,curtailment_only,False,22.857602087727027
W2409,curtailment_only,False,18.39744769532552
W2410,curtailment_only,True,77.25391481415464
W2412,curtailment_only,False,11.162583715029347
W2417,curtailment_only,False,21.79303834662457
W2418,curtailment_only,True,169.47590896004797
W2420,curtailment_only,True,30.157479826067284
W2422,curtailment_only,False,21.87410401184706
W2423,curtailment_only,True,29.612104076312846
W2424,curtailment_only,True,706.1496163259902
W2427,curtailment_only,False,18.39466036640089
W2428,curtailment_only,False,13.96915452295364
W2429,curtailment_only,False,28.09679418107754
W2431,curtailment_only,True,32.60138737362779
W2432,curtailment_only,True,72.82796276669875
W2435,curtailment_only,False,28.09679418107754
W2436,curtailment_only,True,32.60138737362779
W2437,curtailment_only,False,21.87410401184706
W2439,curtailment_only,False,18.39466036640089
W2440,curtailment_only,True,68.29509232152397
W2441,curtailment_only,True,32.60138737362779
W2443,curtailment_only,False,22.71170568168784
W2445,curtailment_only,False,18.18697619729401
W2446,curtailment_only,False,12.846027595209982
W2447,curtailment_only,True,29.612104076312846
W2448,curtailment_only,False,23.955363356020467
W2449,curtailment_only,True,190.05259792433915
W245,curtailment_only,False,6.907750421699946
W2451,curtailment_only,False,27.61916744192813
W2455,curtailment_only,True,29.993622469725107
W2456,curtailment_only,True,30.157479826067284
W2457,curtailment_only,False,13.069180610104697
W2459,curtailment_only,True,176.5374045038611
W2461,curtailment_only,True,29.993622469725107
W2463,curtailment_only,False,17.329619038222525
W2464,curtailment_only,False,13.069180610104697
W2465,curtailment_only,True,29.871932506774552
W2466,curtailment_only,True,46.05431595807231
W2468,curtailment_only,True,29.433057383011683
W2469,curtailment_only,True,81.95411108971382
W247,curtailment_only,False,0.0
W2471,curtailment_only,True,46.05431595807231
W2474,curtailment_only,False,14.955818043176356
W2475,curtailment_only,True,46.05431595807231
W2476,curtailment_only,True,29.433057383011683
W2477,curtailment_only,True,29.612104076312846
W2478,curtailment_only,True,92.1086317153896
W2479,curtailment_only,True,1065.5428438360834
W2481,curtailment_only,False,15.567314315850163
W2482,curtailment_only,True,32.60138737362779
W2484,curtailment_only,False,21.32016615358927
W2485,curtailment_only,True,69.9148444554641
W2486,curtailment_only,False,9.408803356172122
W2487,curtailment_only,False,19.27668126603564
W2488,curtailment_only,True,32.60138737362779
W2489,curtailment_only,True,176.5374045038611
W249,curtailment_only,False,0.0
W2490,curtailment_only,False,9.380489519464122
W2492,curtailment_only,False,25.769197204320182
W2495,curtailment_only,True,40.52779856259617
W2496,curtailment_only,True,190.05259792433915
W2497,curtailment_only,True,46.05431595807231
W2498,curtailment_only,False,26.0149783750056
W25,curtailment_only,False,3.4076972253005797
W2504,curtailment_only,True,53.4698137369802
W2507,curtailment_only,True,32.60138737362779
W2509,curtailment_only,True,121.54302929531842
W251,curtailment_only,False,0.0
W2510,curtailment_only,False,18.98366572091654
W2513,curtailment_only,True,169.47590896004797
W2515,curtailment_only,True,48.883223255413895
W2519,curtailment_only,True,29.612104076312846
W2522,curtailment_only,True,72.82796276669875
W2523,curtailment_only,False,26.44369387783647
W2524,curtailment_only,True,48.773872593432
W2525,curtailment_only,True,32.60138737362779
W2527,curtailment_only,False,25.11971382957285
W2530,curtailment_only,False,19.99663141949671
W2534,curtailment_only,False,28.09679418107754
W2536,curtailment_only,False,16.501955038294543
W2537,curtailment_only,False,22.022863281037043
W2539,curtailment_only,True,570.1577973815239
W2546,curtailment_only,True,176.5374045038611
W2548,curtailment_only,False,10.68835145166819
W2552,curtailment_only,False,17.08512257143383
W2553,curtailment_only,True,63.26671263308787
W2556,curtailment_only,True,176.5374045038611
W2557,curtailment_only,True,136.15900255987216
W2560,curtailment_only,False,17.741796668434397
W2565,curtailment_only,True,119.63442141618314
W2567,curtailment_only,True,34.9803188273507
W2568,curtailment_only,False,21.030941453198697
W2570,curtailment_only,True,176.5374045038611
W2574,curtailment_only,False,21.171116358447303
W2575,curtailment_only,True,169.47590896004797
W2577,curtailment_only,True,31.644359720623505
W2579,curtailment_only,False,14.34421672205257
W2580,curtailment_only,True,436.9677792552924
W2583,curtailment_only,False,14.34421672205257
W2586,curtailment_only,True,176.5374045038611
W2590,curtailment_only,True,30.196931797539875
W2592,curtailment_only,True,706.1496163259902
W2593,curtailment_only,True,71.31130519219434
W2595,curtailment_only,False,13.043359430161676
W2597,curtailment_only,True,189.12432242861289
W2598,curtailment_only,True,79.23478465992991
W2599,curtailment_only,False,27.61916744192813
W2600,curtailment_only,False,9.559373166609271
W2601,curtailment_only,True,710.361897179667
W2602,curtailment_only,False,20.89635031411574
W2603,curtailment_only,True,62.09462958160373
W2604,curtailment_only,True,46.05431595807231
W2605,curtailment_only,False,27.61916744192813
W2607,curtailment_only,True,291.3118519401793
W2608,curtailment_only,False,11.18312549226806
W2610,curtailment_only,True,44.11832155262015
W2611,curtailment_only,False,23.719815750804244
W2615,curtailment_only,True,176.5374045038611
W2616,curtailment_only,False,19.192305775989567
W262,curtailment_only,False,0.0
W2622,curtailment_only,True,43.95475170153194
W2623,curtailment_only,True,99.0434801518322
W2624,curtailment_only,True,190.05259792433915
W2625,curtailment_only,False,21.126642298207894
W2626,curtailment_only,True,59.119608201444215
W2627,curtailment_only,False,21.69561731246458
W2628,curtailment_only,True,190.05259792433915
W2632,curtailment_only,True,99.0434801518322
W2635,curtailment_only,True,70.76292390128661
W2638,curtailment_only,True,62.30125308547954
W2642,curtailment_only,True,283.0516959901915
W2646,curtailment_only,False,24.096187118141923
W2648,curtailment_only,True,59.119608201444215
W265,curtailment_only,False,0.0
W2650,curtailment_only,True,594.2608833256896
W2651,curtailment_only,False,17.99415885587897
W2652,curtailment_only,False,18.146831117379456
W2653,curtailment_only,True,94.92423997624496
W2655,curtailment_only,True,73.19945076636847
W2658,curtailment_only,False,13.03111153379612
W2659,curtailment_only,True,99.0434801518322
W2660,curtailment_only,False,11.681658745333532
W2663,curtailment_only,True,94.92423997624496
W2665,curtailment_only,True,71.80108282751239
W2666,curtailment_only,False,17.99415885587897
W2667,curtailment_only,False,23.26300576273021
W267,curtailment_only,False,0.0
W2670,curtailment_only,False,29.04298888297867
W2671,curtailment_only,True,295.59803961236474
W2672,curtailment_only,False,16.62200223792289
W2676,curtailment_only,False,19.113074085898905
W2677,curtailment_only,False,26.13267855717289
W2679,curtailment_only,True,68.92903950251623
W2681,curtailment_only,False,12.919501471960691
W2683,curtailment_only,False,23.16463929945345
W2685,curtailment_only,True,99.0434801518322
W2687,curtailment_only,True,118.2392170613928
W2689,curtailment_only,True,99.0434801518322
W269,curtailment_only,False,0.0
W2692,curtailment_only,False,21.075134730671675
W2693,curtailment_only,True,59.119608201444215
W2694,curtailment_only,True,99.0434801518322
W2697,curtailment_only,True,218.4451063250682
W2698,curtailment_only,False,18.662085433579588
W27,curtailment_only,False,10.73622035849148
W270,curtailment_only,False,7.968743393173951
W2700,curtailment_only,True,68.3171817409404
W2703,curtailment_only,True,59.119608201444215
W2707,curtailment_only,False,19.40072386412741
W2708,curtailment_only,True,50.950711234633744
W271,curtailment_only,False,0.0
W2710,curtailment_only,True,68.80783354164447
W2712,curtailment_only,True,79.23478465992991
W2713,curtailment_only,True,68.80783354164447
W2715,curtailment_only,False,25.21476489287633
W2719,curtailment_only,True,81.86527542351544
W2720,curtailment_only,True,68.80783354164447
W2722,curtailment_only,False,22.69411515951126
W2724,curtailment_only,True,68.80783354164447
W2725,curtailment_only,True,152.9403478554434
W2730,curtailment_only,False,13.945890882974934
W2734,curtailment_only,True,71.80108282751239
W2735,curtailment_only,True,441.30324964026187
W2736,curtailment_only,True,49.59157357416878
W274,curtailment_only,False,10.327296268993022
W2740,curtailment_only,False,21.98658707510753
W2741,curtailment_only,True,162.40839654458972
W2743,curtailment_only,False,5.556588064643219
W2746,curtailment_only,False,12.919501471960691
W2747,curtailment_only,True,110.32581177723353
W275,curtailment_only,False,0.0
W2750,curtailment_only,False,22.899374447885744
W2751,curtailment_only,True,50.60364623046291
W2752,curtailment_only,False,16.07662196848801
W2753,curtailment_only,False,26.1472642727364
W2758,curtailment_only,False,14.240928114105971
W276,curtailment_only,False,10.327296268993022
W2761,curtailment_only,False,28.7690895190102
W2766,curtailment_only,True,46.55535401567257
W2767,curtailment_only,True,72.61503825420542
W2768,curtailment_only,False,9.789578897792175
W277,curtailment_only,False,0.0
W2771,curtailment_only,True,99.0434801518322
W2774,curtailment_only,False,11.439114674402347
W2778,curtailment_only,True,71.80108282751239
W2779,curtailment_only,True,152.9403478554434
W278,curtailment_only,False,10.12884908173323
W2780,curtailment_only,True,49.63240080103868
W2781,curtailment_only,True,50.950711234633744
W2786,curtailment_only,True,31.34456253335781
W2788,curtailment_only,False,25.11971382957285
W2789,curtailment_only,False,9.789578897792175
W2790,curtailment_only,True,50.950711234633744
W2791,curtailment_only,False,26.28932578336701
W2792,curtailment_only,True,49.63240080103868
W2794,curtailment_only,True,71.80108282751239
W2795,curtailment_only,False,20.7527608996429
W2797,curtailment_only,True,49.63240080103868
W28,curtailment_only,False,8.2491979688464
W280,curtailment_only,False,10.327296268993022
W2800,curtailment_only,True,70.76292390128661
W2801,curtailment_only,True,99.0434801518322
W2803,curtailment_only,True,55.750167899025854
W2804,curtailment_only,False,26.973388598598984
W2805,curtailment_only,True,99.0434801518322
W2806,curtailment_only,False,18.774157942374824
W281,curtailment_only,False,10.327296268993022
W2812,curtailment_only,True,72.61503825420542
W2813,curtailment_only,True,30.196931797539875
W2814,curtailment_only,True,297.42805615537577
W2816,curtailment_only,False,16.713341945109896
W2818,curtailment_only,True,594.2608833256896
W2820,curtailment_only,True,50.60364623046291
W2822,curtailment_only,True,30.59802959362307
W2824,curtailment_only,True,62.30125308547954
W2825,curtailment_only,False,10.68804521524097
W2827,curtailment_only,True,68.92903950251623
W2828,curtailment_only,True,99.0434801518322
W283,curtailment_only,False,10.12884908173323
W2833,curtailment_only,True,62.30125308547954
W2835,curtailment_only,True,220.65162327056004
W2837,curtailment_only,True,68.92903950251623
W2838,curtailment_only,True,198.0869590761468
W284,curtailment_only,False,0.0
W2840,curtailment_only,False,20.21137774008365
W2842,curtailment_only,False,20.037977903995767
W2843,curtailment_only,True,67.37889347563657
W2845,curtailment_only,True,59.119608201444215
W2846,curtailment_only,True,99.29323120982971
W2850,curtailment_only,False,19.042827099374016
W2851,curtailment_only,True,110.32581177723353
W2853,curtailment_only,True,72.61503825420542
W2855,curtailment_only,False,10.19833303049882
W2856,curtailment_only,False,19.175817247025208
W2857,curtailment_only,True,70.76292390128661
W2859,curtailment_only,True,99.0434801518322
W286,curtailment_only,False,0.0
W2861,curtailment_only,False,19.04899657834351
W2863,curtailment_only,True,110.32581177723353
W2865,curtailment_only,False,21.069004222870618
W2866,curtailment_only,True,72.61503825420542
W2868,curtailment_only,True,29.250941333278007
W2869,curtailment_only,True,78.31423383090656
W2870,curtailment_only,False,14.476344194137267
W2872,curtailment_only,True,458.8210429092617
W2873,curtailment_only,False,15.6282796453993
W2874,curtailment_only,True,305.8806942961402
W2876,curtailment_only,False,18.146831117379456
W2877,curtailment_only,True,29.95089575119609
W288,curtailment_only,False,0.0
W2880,curtailment_only,True,71.80108282751239
W2881,curtailment_only,False,26.44369387783647
W2883,curtailment_only,False,13.835594267954354
W2884,curtailment_only,True,284.3322860670541
W2885,curtailment_only,False,13.682078530187397
W2886,curtailment_only,True,198.44882354247852
W2887,curtailment_only,True,71.80108282751239
W2888,curtailment_only,True,108.119295948764
W2889,curtailment_only,False,18.348955387523937
W2892,curtailment_only,True,71.80108282751239
W2893,curtailment_only,True,882.6064912666739
W2894,curtailment_only,False,17.975982550537495
W2895,curtailment_only,False,9.747456524177151
W2897,curtailment_only,False,27.288075149346383
W2898,curtailment_only,True,63.33652182052819
W2900,curtailment_only,False,19.175817247025208
W2902,curtailment_only,False,27.962580197826863
W2903,curtailment_only,True,162.40839654458972
W2904,curtailment_only,False,23.19152794708304
W2907,curtailment_only,True,31.36402984417628
W2910,curtailment_only,False,27.792266295824565
W2911,curtailment_only,True,76.34365997902876
W2913,curtailment_only,True,162.40839654458972
W2914,curtailment_only,False,28.72817540665397
W2916,curtailment_only,False,22.6221954203582
W2917,curtailment_only,True,62.09462958160373
W2918,curtailment_only,False,22.252986628762667
W2919,curtailment_only,True,69.13379534516943
W292,curtailment_only,False,6.581102627520277
W2920,curtailment_only,False,22.023328304405812
W2921,curtailment_only,False,22.326519487172185
W2923,curtailment_only,False,25.319777856144427
W2924,curtailment_only,True,30.59802959362307
W2925,curtailment_only,False,16.911456419883564
W2927,curtailment_only,True,45.49793635550516
W2929,curtailment_only,False,25.319777856144427
W2930,curtailment_only,True,54.59752305418935
W2933,curtailment_only,False,13.07134658940283
W2934,curtailment_only,True,70.08674955409703
W2936,curtailment_only,False,14.480691561947626
W2938,curtailment_only,False,24.2393107826778
W2939,curtailment_only,False,4.107535303051643
W2941,curtailment_only,True,207.28219373293817
W2942,curtailment_only,False,24.40722339354079
W2944,curtailment_only,False,13.56393151936474
W2945,curtailment_only,False,18.53829496341728
W2946,curtailment_only,False,20.41570823321805
W2947,curtailment_only,False,9.879534148984476
W2948,curtailment_only,False,17.628551362166768
W295,curtailment_only,False,0.0
W2950,curtailment_only,False,23.058379870651823
W2951,curtailment_only,False,24.275167463963832
W2952,curtailment_only,False,24.275167463963832
W2954,curtailment_only,False,18.62252540788909
W2958,curtailment_only,False,22.842702816997303
W2959,curtailment_only,False,20.0958081743507
W296,curtailment_only,False,0.0
W2963,curtailment_only,False,22.505577422357128
W2964,curtailment_only,False,23.828846954644806
W2966,curtailment_only,True,41.77869879373524
W2967,curtailment_only,False,27.878038815656144
W2968,curtailment_only,False,24.001189623486407
W2970,curtailment_only,False,27.962580197826863
W2971,curtailment_only,False,26.44369387783647
W2972,curtailment_only,False,27.878038815656144
W2973,curtailment_only,False,27.141444320153017
W2974,curtailment_only,False,27.792266295824565
W2975,curtailment_only,False,27.785370563084825
W2978,curtailment_only,False,27.785370563084825
W2979,curtailment_only,False,27.785370563084825
W298,curtailment_only,False,0.0
W2982,curtailment_only,True,90.87422183329252
W2983,curtailment_only,False,24.479690566067863
W2985,curtailment_only,False,15.447673498983995
W2986,curtailment_only,False,21.53726419926201
W2987,curtailment_only,False,22.408588361969223
W299,curtailment_only,False,10.482960673566824
W2991,curtailment_only,False,16.684540635318736
W2992,curtailment_only,False,20.127336423607044
W2995,curtailment_only,False,14.799846208390353
W2996,curtailment_only,False,18.38879577976344
W2997,curtailment_only,False,16.33026457376103
W2998,curtailment_only,False,19.21976120343968
W2999,curtailment_only,False,21.671509020204432
W3,curtailment_only,False,2.418239817158414
W30,curtailment_only,False,8.290779442546654
W300,curtailment_only,False,10.208119340794228
W301,curtailment_only,False,10.208119340794228
W3012,curtailment_only,False,9.109471047726538
W3013,curtailment_only,False,11.194370670477232
W3020,curtailment_only,False,25.89001283474873
W3021,curtailment_only,False,12.524159624498893
W3024,curtailment_only,False,10.180944127229369
W3029,curtailment_only,False,8.400691189072537
W3030,curtailment_only,False,1.502433581572837
W3031,curtailment_only,False,9.088903855748551
W3032,curtailment_only,False,9.088903855748551
W3034,curtailment_only,False,2.363471636698609
W3035,curtailment_only,False,11.47361100060993
W3038,curtailment_only,False,3.7701196387190015
W3039,curtailment_only,False,3.065601999347471
W3042,curtailment_only,False,27.220704382551453
W3043,curtailment_only,False,14.24661219438716
W3046,curtailment_only,False,14.314673861036908
W3047,curtailment_only,False,15.823730274156317
W3050,curtailment_only,False,13.702197738102706
W3052,curtailment_only,False,6.503729028888293
W3054,curtailment_only,False,10.381352337694455
W3055,curtailment_only,False,5.2610879073441765
W3056,curtailment_only,False,10.986329029961553
W3058,curtailment_only,False,5.2610879073441765
W3059,curtailment_only,False,11.287588609772088
W3060,curtailment_only,False,3.6098479381676456
W3061,curtailment_only,False,11.102706013536466
W3062,curtailment_only,False,12.838897167985213
W3063,curtailment_only,False,7.852691486133555
W3066,curtailment_only,False,7.560112223503642
W3067,curtailment_only,False,15.16618955627604
W3071,curtailment_only,False,1.8646877247118856
W3074,curtailment_only,False,20.260570716152657
W3075,curtailment_only,False,20.260570716152657
W3079,curtailment_only,False,24.47307278779372
W3085,curtailment_only,False,24.531915237346656
W3086,curtailment_only,False,26.74442687464988
W309,curtailment_only,False,11.847450694848344
W3094,curtailment_only,False,19.965290576059378
W3095,curtailment_only,True,29.46450984866167
W3096,curtailment_only,False,19.965290576059378
W3102,curtailment_only,True,29.68995171602076
W3103,curtailment_only,False,20.260570716152657
W3105,curtailment_only,False,15.33987633962352
W3107,curtailment_only,True,29.718444018759985
W311,curtailment_only,False,9.66581812197172
W3110,curtailment_only,False,26.74442687464988
W3115,curtailment_only,False,17.49027241296593
W3117,curtailment_only,False,26.74442687464988
W3119,curtailment_only,False,20.596176339701987
W312,curtailment_only,False,9.66581812197172
W3123,curtailment_only,True,85.5279047032598
W3124,curtailment_only,False,9.657067692488074
W3125,curtailment_only,True,72.00385849550042
W3127,curtailment_only,False,15.522652086687872
W3128,curtailment_only,False,17.881591688078345
W3129,curtailment_only,False,26.461378293488757
W3130,curtailment_only,False,17.036920412301892
W3133,curtailment_only,False,27.801826379623428
W3134,curtailment_only,False,13.839157262988117
W3136,curtailment_only,True,342.11161810260364
W3137,curtailment_only,False,20.596176339701987
W314,curtailment_only,False,3.2801361417463397
W3141,curtailment_only,True,283.6175034328495
W3143,curtailment_only,False,15.670054632281047
W3152,curtailment_only,False,16.926535269003416
W3155,curtailment_only,False,17.593443278134167
W3156,curtailment_only,False,17.66737089388697
W3157,curtailment_only,False,13.813523307241526
W3160,curtailment_only,True,269.92484545766223
W3164,curtailment_only,True,201.2010855182301
W3166,curtailment_only,False,16.231218434606884
W3168,curtailment_only,False,16.926535269003416
W3169,curtailment_only,True,804.8043421763516
W3174,curtailment_only,False,17.741796668434397
W3175,curtailment_only,True,603.603255733943
W3177,curtailment_only,False,20.260570716152657
W3180,curtailment_only,False,10.177660688926377
W3181,curtailment_only,False,19.592330623229948
W3185,curtailment_only,False,21.794680150352427
W3190,curtailment_only,False,10.177660688926377
W3191,curtailment_only,True,194.36136694752784
W3194,curtailment_only,False,17.741796668434397
W3197,curtailment_only,False,19.965290576059378
W3198,curtailment_only,False,12.49899100075653
W3199,curtailment_only,False,21.794680150352427
W3206,curtailment_only,False,20.470500147814505
W3211,curtailment_only,False,14.501698026380852
W3215,curtailment_only,False,10.177660688926377
W3216,curtailment_only,False,27.702665765142942
W3222,curtailment_only,False,6.442007152316681
W3223,curtailment_only,True,402.4021691650489
W3224,curtailment_only,False,19.82319122076762
W3230,curtailment_only,False,28.57900336607364
W3232,curtailment_only,False,15.23767809648098
W3235,curtailment_only,False,28.57900336607364
W3238,curtailment_only,False,5.228962339851108
W324,curtailment_only,False,10.46835085495042
W3240,curtailment_only,False,27.629791237274915
W3243,curtailment_only,True,36.567144451479535
W3244,curtailment_only,False,10.177660688926377
W3247,curtailment_only,False,17.771329303255435
W3248,curtailment_only,False,12.067376487472322
W3254,curtailment_only,False,27.97809226783935
W3255,curtailment_only,True,100.6005426483899
W3256,curtailment_only,False,27.532391239726337
W3262,curtailment_only,False,25.16949101554539
W3266,curtailment_only,False,21.84546608867052
W3267,curtailment_only,False,17.94921964689223
W3268,curtailment_only,False,17.66737089388697
W327,curtailment_only,False,9.787266925055096
W3274,curtailment_only,True,61.70528122546428
W3276,curtailment_only,False,22.79308558848955
W3277,curtailment_only,False,18.53475626724789
W3281,curtailment_only,False,18.809843900006232
W3282,curtailment_only,True,30.129000771668544
W3283,curtailment_only,False,18.074497208950728
W3285,curtailment_only,False,24.46112360454308
W3287,curtailment_only,False,18.8906331056679
W3290,curtailment_only,False,23.26300576273021
W3292,curtailment_only,False,19.018184286364693
W3293,curtailment_only,False,20.799936043012607
W3294,curtailment_only,False,17.897883185497854
W3296,curtailment_only,False,25.10232823275723
W3299,curtailment_only,False,20.863479138698587
W33,curtailment_only,False,9.230485346374854
W330,curtailment_only,False,10.119582616165808
W3301,curtailment_only,False,18.46946018026668
W3305,curtailment_only,False,28.45494981143551
W3308,curtailment_only,False,19.611325499819834
W3311,curtailment_only,False,23.63275656043569
W3314,curtailment_only,False,28.853768848380867
W3315,curtailment_only,False,28.853768848380867
W3321,curtailment_only,False,19.298854590938724
W3323,curtailment_only,False,18.910341453643337
W333,curtailment_only,False,10.327296268993022
W3335,curtailment_only,False,23.620697629101645
W3336,curtailment_only,False,17.23466849860035
W3338,curtailment_only,True,29.186107415188427
W334,curtailment_only,False,10.410040926237802
W3340,curtailment_only,False,28.750714917853063
W3345,curtailment_only,False,23.636646530600363
W3348,curtailment_only,False,16.753483616210808
W3350,curtailment_only,False,16.62200223792289
W3351,curtailment_only,True,29.186107415188427
W3354,curtailment_only,False,5.007508713122919
W3358,curtailment_only,True,29.68995171602076
W3360,curtailment_only,True,269.92484545766223
W3364,curtailment_only,False,6.401573021963047
W3365,curtailment_only,False,17.186026968690694
W337,curtailment_only,False,10.19519911621646
W3373,curtailment_only,False,12.87161460613014
W3374,curtailment_only,False,5.107878338056655
W3375,curtailment_only,False,23.45846820924826
W3377,curtailment_only,False,7.077826866366928
W338,curtailment_only,False,9.96071215169353
W3380,curtailment_only,False,27.532391239726337
W3384,curtailment_only,True,29.68995171602076
W3389,curtailment_only,False,5.899955656199764
W3392,curtailment_only,False,20.886055010914816
W3393,curtailment_only,False,14.155811593864438
W3394,curtailment_only,False,27.78640031006916
W3395,curtailment_only,False,23.45846820924826
W3396,curtailment_only,False,20.20761768545664
W3398,curtailment_only,False,21.84546608867052
W340,curtailment_only,False,9.898629715498611
W3400,curtailment_only,False,14.876053997067784
W3401,curtailment_only,False,4.058437766302026
W3406,curtailment_only,False,27.78640031006916
W3408,curtailment_only,False,8.231287789572752
W341,curtailment_only,False,9.693014224556938
W3410,curtailment_only,True,30.61811518041835
W3411,curtailment_only,False,15.469811798230683
W3413,curtailment_only,True,29.68995171602076
W3423,curtailment_only,False,8.143025749397772
W3425,curtailment_only,False,11.91531188545216
W3428,curtailment_only,False,20.409459871548037
W343,curtailment_only,False,11.900235132867026
W3436,curtailment_only,False,16.231218434606884
W3438,curtailment_only,False,13.068268279345109
W3440,curtailment_only,False,22.828568579607072
W3442,curtailment_only,False,16.069872597998383
W3446,curtailment_only,False,14.669629701366071
W3447,curtailment_only,True,79.76749446676352
W3449,curtailment_only,True,31.446099117311253
W3453,curtailment_only,False,21.58312198974148
W3456,curtailment_only,False,21.58312198974148
W3459,curtailment_only,True,30.800614367851384
W3463,curtailment_only,True,36.98217610001543
W3464,curtailment_only,False,21.587487647280454
W3465,curtailment_only,False,10.321402702511032
W3468,curtailment_only,False,24.479690566067863
W3472,curtailment_only,True,29.92120036739913
W3476,curtailment_only,False,28.78043906438333
W3477,curtailment_only,False,28.853768848380867
W3479,curtailment_only,False,16.629698404759758
W348,curtailment_only,False,11.677426095496775
W3482,curtailment_only,False,28.85719325447385
W3484,curtailment_only,False,9.109471047726538
W3485,curtailment_only,False,18.344871460042537
W349,curtailment_only,False,9.788419861067856
W3497,curtailment_only,False,21.81790789546614
W3501,curtailment_only,False,28.973487947171687
W3502,curtailment_only,False,28.750714917853063
W3503,curtailment_only,False,24.12082670546585
W3506,curtailment_only,False,21.84546608867052
W351,curtailment_only,False,9.96071215169353
W352,curtailment_only,False,9.96071215169353
W3521,curtailment_only,False,6.263377262236078
W3522,curtailment_only,True,72.00385849550042
W3525,curtailment_only,False,21.587487647280454
W3531,curtailment_only,False,10.91662001636372
W3534,curtailment_only,False,22.43479492472541
W3535,curtailment_only,False,22.00898770945597
W3539,curtailment_only,True,64.80347265627601
W3540,curtailment_only,False,18.298914167510244
W3543,curtailment_only,False,15.83718495880612
W3545,curtailment_only,False,13.01367392894085
W3548,curtailment_only,True,72.00385849550042
W3551,curtailment_only,False,21.587487647280454
W3557,curtailment_only,True,70.56378161377465
W3560,curtailment_only,False,25.894153275894656
W3561,curtailment_only,False,12.263525805885536
W3566,curtailment_only,False,9.545892363638576
W3567,curtailment_only,False,22.579927611034087
W3568,curtailment_only,False,27.217959974037548
W3569,curtailment_only,True,100.6005426483899
W357,curtailment_only,False,1.9084453379546535
W3571,curtailment_only,False,25.500241654482032
W3572,curtailment_only,True,29.312603966602595
W3573,curtailment_only,False,21.794680150352427
W3577,curtailment_only,False,13.84013202959783
W3578,curtailment_only,False,28.37278177678152
W3581,curtailment_only,False,27.488358360385245
W3592,curtailment_only,False,4.2674674425110215
W36,curtailment_only,False,8.482714911586296
W3602,curtailment_only,False,25.16949101554539
W3605,curtailment_only,True,657.433319601303
W3610,curtailment_only,True,29.792466188331257
W3611,curtailment_only,False,14.095769694640012
W3614,curtailment_only,False,14.240928114105971
W3615,curtailment_only,False,23.63275656043569
W3616,curtailment_only,True,202.01173915534525
W3619,curtailment_only,False,13.100312489087482
W3627,curtailment_only,False,13.716569193503403
W3629,curtailment_only,False,9.09170975480188
W363,curtailment_only,False,6.422692660112447
W3635,curtailment_only,False,14.186493616822103
W3636,curtailment_only,False,12.69499646102454
W3638,curtailment_only,False,16.36509513220733
W364,curtailment_only,False,12.583900065758275
W3643,curtailment_only,False,12.69499646102454
W3647,curtailment_only,False,23.45846820924826
W365,curtailment_only,False,11.799063927671067
W3650,curtailment_only,False,8.302366136087741
W3657,curtailment_only,False,25.553120200467205
W3658,curtailment_only,False,13.53964243619966
W3660,curtailment_only,False,7.008515000596655
W3663,curtailment_only,False,10.222230377554412
W3667,curtailment_only,True,41.52957240076206
W367,curtailment_only,False,10.021896910815938
W3670,curtailment_only,False,8.693378694874639
W3671,curtailment_only,False,9.09170975480188
W3672,curtailment_only,False,20.26504060016581
W3676,curtailment_only,False,10.334735069116164
W3677,curtailment_only,False,14.563628320904394
W368,curtailment_only,False,10.021896910815938
W3682,curtailment_only,False,20.21137774008365
W3683,curtailment_only,False,8.302366136087741
W3684,curtailment_only,False,1.8528572914492425
W3685,curtailment_only,False,15.28325495393338
W3687,curtailment_only,False,5.215273505871132
W369,curtailment_only,False,10.021896910815938
W3691,curtailment_only,False,11.24380250518636
W3692,curtailment_only,False,12.886758475002772
W3693,curtailment_only,False,23.45846820924826
W3697,curtailment_only,False,8.32385370218762
W3699,curtailment_only,False,12.69499646102454
W37,curtailment_only,False,9.898629715498611
W370,curtailment_only,False,5.330316723028575
W3705,curtailment_only,False,10.222230377554412
W3707,curtailment_only,True,266.18508883047144
W3711,curtailment_only,False,15.025707123243627
W3712,curtailment_only,False,29.060679351875983
W3713,curtailment_only,False,27.488358360385245
W3714,curtailment_only,False,11.24380250518636
W3715,curtailment_only,True,133.61531673468463
W3717,curtailment_only,False,14.942871760949435
W3722,curtailment_only,False,9.806552783449526
W3723,curtailment_only,False,27.488358360385245
W3730,curtailment_only,False,20.409459871548037
W3731,curtailment_only,False,5.331624249487248
W3738,curtailment_only,False,10.986329029961553
W3739,curtailment_only,True,1069.0491676761017
W374,curtailment_only,False,10.198717372662244
W3740,curtailment_only,False,22.517069788252524
W3743,curtailment_only,False,20.127336423607044
W3744,curtailment_only,False,26.31524174947989
W3745,curtailment_only,False,5.107878338056655
W3746,curtailment_only,False,27.388238787657887
W3747,curtailment_only,False,16.714489062042674
W3748,curtailment_only,False,11.24380250518636
W375,curtailment_only,False,13.029066457258049
W3751,curtailment_only,False,5.047483708139518
W3753,curtailment_only,True,429.7577693853541
W3759,curtailment_only,True,479.1331627635493
W3760,curtailment_only,False,11.24380250518636
W3764,curtailment_only,False,18.7490868570198
W3765,curtailment_only,False,11.617377357435528
W3769,curtailment_only,True,408.15047419272713
W3771,curtailment_only,False,5.243177683379228
W3773,curtailment_only,False,5.007508713122919
W3775,curtailment_only,False,16.659039823097967
W3777,curtailment_only,False,16.71160432667916
W378,curtailment_only,False,8.276124576759512
W3781,curtailment_only,False,22.517069788252524
W3789,curtailment_only,False,11.24380250518636
W379,curtailment_only,False,10.482960673566824
W3791,curtailment_only,False,22.326519487172185
W3792,curtailment_only,False,12.526436555715112
W3794,curtailment_only,False,27.78640031006916
W3796,curtailment_only,False,20.260570716152657
W3800,curtailment_only,False,10.488815234789858
W3802,curtailment_only,False,28.95295968396388
W3803,curtailment_only,True,133.61531673468463
W3805,curtailment_only,False,14.236989285662505
W3807,curtailment_only,False,11.24380250518636
W3808,curtailment_only,False,10.321402702511032
W3814,curtailment_only,False,25.38556000896893
W3815,curtailment_only,False,21.07507994106294
W3816,curtailment_only,True,133.61531673468463
W382,curtailment_only,False,4.721387201795535
W3820,curtailment_only,False,25.28703110381999
W3821,curtailment_only,False,16.643805950933228
W3822,curtailment_only,True,128.2707048671542
W3823,curtailment_only,False,12.284834392772948
W3825,curtailment_only,False,27.388238787657887
W3826,curtailment_only,False,23.567484006635144
W3827,curtailment_only,False,25.99314800597665
W3828,curtailment_only,False,18.7490868570198
W3829,curtailment_only,False,24.57821217110685
W3831,curtailment_only,False,18.356533904577176
W3832,curtailment_only,False,27.388238787657887
W3834,curtailment_only,True,133.61531673468463
W3835,curtailment_only,False,14.966356962605907
W3837,curtailment_only,False,26.212423149060463
W3838,curtailment_only,False,17.281922905270367
W3840,curtailment_only,False,7.963826058686831
W3841,curtailment_only,False,26.40548333831378
W3844,curtailment_only,False,27.388238787657887
W3845,curtailment_only,False,14.966356962605907
W3846,curtailment_only,True,106.90491777499363
W3847,curtailment_only,False,4.0572985450078365
W3848,curtailment_only,False,22.81850344131936
W385,curtailment_only,False,10.52807171069491
W3850,curtailment_only,False,18.63228409649143
W3854,curtailment_only,True,88.72836335610391
W3856,curtailment_only,False,13.764965448985816
W3857,curtailment_only,False,24.117359623859087
W3858,curtailment_only,False,17.2349793274417
W386,curtailment_only,False,10.043757498897216
W3860,curtailment_only,False,8.677475840458408
W3861,curtailment_only,True,174.38768621936384
W3865,curtailment_only,False,18.63228409649143
W3869,curtailment_only,False,12.69499646102454
W3874,curtailment_only,False,28.37278177678152
W3876,curtailment_only,False,12.042538082493468
W3877,curtailment_only,True,88.72836335610391
W3878,curtailment_only,False,14.966356962605907
W388,curtailment_only,False,5.782998963613568
W3880,curtailment_only,True,133.61531673468463
W3884,curtailment_only,False,18.7490868570198
W3888,curtailment_only,True,133.61531673468463
W3894,curtailment_only,False,18.7490868570198
W3895,curtailment_only,True,130.9430115560107
W3896,curtailment_only,False,11.90804887446811
W3897,curtailment_only,True,1306.5801652045438
W3902,curtailment_only,False,20.596176339701987
W3905,curtailment_only,True,133.61531673468463
W3912,curtailment_only,True,641.4295051418993
W3915,curtailment_only,True,88.72836335610391
W3916,curtailment_only,False,25.550844086065226
W3918,curtailment_only,False,21.58312198974148
W3919,curtailment_only,False,20.634542376697212
W3924,curtailment_only,False,28.37278177678152
W3925,curtailment_only,True,130.9430115560107
W3926,curtailment_only,False,3.716910238259111
W3927,curtailment_only,True,100.6005426483899
W3929,curtailment_only,True,133.61531673468463
W3932,curtailment_only,False,13.31782867569097
W3935,curtailment_only,False,22.31522307972625
W3937,curtailment_only,True,65.12371639573023
W3941,curtailment_only,False,20.923662303539995
W3944,curtailment_only,False,10.45891434988227
W3945,curtailment_only,True,133.61531673468463
W3946,curtailment_only,True,65.12371639573023
W3948,curtailment_only,False,3.3278219102516284
W3949,curtailment_only,False,24.20821161096444
W3953,curtailment_only,True,65.12371639573023
W3958,curtailment_only,True,65.12371639573023
W3960,curtailment_only,True,342.11161810260364
W3963,curtailment_only,False,29.060679351875983
W3964,curtailment_only,False,24.899020400330496
W3969,curtailment_only,True,65.12371639573023
W3973,curtailment_only,True,29.312603966602595
W3975,curtailment_only,False,25.89001283474873
W3976,curtailment_only,False,9.657067692488074
W3978,curtailment_only,True,177.4387552965015
W3979,curtailment_only,False,10.165458703498006
W3981,curtailment_only,True,118.48550731216754
W3983,curtailment_only,True,30.25292166151497
W3985,curtailment_only,True,170.3412060601258
W3986,curtailment_only,False,8.231287789572752
W3988,curtailment_only,True,177.4387552965015
W3989,curtailment_only,False,8.372337062037582
W3990,curtailment_only,False,14.094619127260904
W3994,curtailment_only,True,100.6005426483899
W3995,curtailment_only,False,11.539156296791692
W3996,curtailment_only,True,100.6005426483899
W3998,curtailment_only,True,65.12371639573023
W3999,curtailment_only,True,177.4387552965015
W4000,curtailment_only,True,100.6005426483899
W4009,curtailment_only,True,102.8694444510944
W4011,curtailment_only,False,20.055911988803743
W4016,curtailment_only,True,54.29405711370973
W4019,curtailment_only,True,236.17467533854787
W402,curtailment_only,False,10.715570724206126
W4026,curtailment_only,True,194.11988092406364
W4027,curtailment_only,True,776.4795207926321
W4028,curtailment_only,True,194.11988092406364
W4029,curtailment_only,True,183.0451282516896
W403,curtailment_only,False,12.05263619820379
W4031,curtailment_only,True,194.11988092406364
W4032,curtailment_only,False,13.979248639638584
W4033,curtailment_only,True,225.5172078593285
W4034,curtailment_only,True,183.0451282516896
W4035,curtailment_only,True,183.0451282516896
W4036,curtailment_only,True,65.56328956338237
W4037,curtailment_only,True,183.0451282516896
W4038,curtailment_only,True,183.0451282516896
W4039,curtailment_only,True,186.35508660896684
W404,curtailment_only,False,9.13349798508241
W4040,curtailment_only,True,186.35508660896684
W4041,curtailment_only,True,186.35508660896684
W4042,curtailment_only,True,217.42938872357703
W4043,curtailment_only,True,217.42938872357703
W4045,curtailment_only,True,1252.8505884797637
W4047,curtailment_only,True,69.90890851546246
W4049,curtailment_only,True,150.10306774872427
W405,curtailment_only,False,5.7383418924019685
W4050,curtailment_only,True,38.85544213207642
W4051,curtailment_only,True,100.6005426483899
W4052,curtailment_only,True,102.61255358506637
W4053,curtailment_only,True,83.41095784659484
W4054,curtailment_only,True,38.85544213207642
W4055,curtailment_only,True,83.41095784659484
W4056,curtailment_only,True,83.41095784659484
W406,curtailment_only,False,4.7916420255369445
W4060,curtailment_only,True,83.41095784659484
W4061,curtailment_only,False,26.097196431302923
W4062,curtailment_only,True,69.90890851546246
W4064,curtailment_only,True,153.16639390503212
W4065,curtailment_only,True,153.16639390503212
W4067,curtailment_only,True,153.16639390503212
W4068,curtailment_only,True,83.41095784659484
W4076,curtailment_only,True,78.39480919141639
W4080,curtailment_only,True,2195.657676970636
W4082,curtailment_only,True,2326.912086490908
W4084,curtailment_only,True,1637.8600333232837
W4085,curtailment_only,True,2408.617652496638
W4087,curtailment_only,True,136.43960046145818
W4088,curtailment_only,True,136.43960046145818
W4089,curtailment_only,True,545.758402111074
W4090,curtailment_only,True,110.63470696444884
W4091,curtailment_only,True,53.64652570984397
W4092,curtailment_only,True,225.2900988243989
W4093,curtailment_only,True,215.6590321623487
W4095,curtailment_only,True,378.4940535744933
W4097,curtailment_only,True,810.8403696716273
W4098,curtailment_only,True,102.8694444510944
W4099,curtailment_only,True,102.8694444510944
W4100,curtailment_only,True,98.7546666842321
W4101,curtailment_only,True,53.80062047388802
W4103,curtailment_only,True,91.7787151554182
W4104,curtailment_only,True,102.8694444510944
W4105,curtailment_only,True,100.6005426483899
W4106,curtailment_only,True,102.8694444510944
W4107,curtailment_only,True,102.8694444510944
W4108,curtailment_only,True,1121.8903509880715
W4109,curtailment_only,True,182.91438814147764
W411,curtailment_only,False,10.631841514571406
W4110,curtailment_only,True,173.55888215166507
W4111,curtailment_only,True,116.11579821295918
W4115,curtailment_only,True,473.9420282755055
W4116,curtailment_only,True,100.8120560294771
W4119,curtailment_only,True,208.41714954338136
W412,curtailment_only,False,10.631841514571406
W4121,curtailment_only,True,236.17467533854787
W413,curtailment_only,False,10.631841514571406
W4130,curtailment_only,True,182.91438814147764
W4131,curtailment_only,True,102.8694444510944
W4132,curtailment_only,True,65.12371639573023
W4133,curtailment_only,False,15.851838939229603
W4134,curtailment_only,False,18.75048634640232
W4135,curtailment_only,False,12.185678685417818
W4137,curtailment_only,False,18.387203087934765
W4138,curtailment_only,False,14.99309922268148
W4139,curtailment_only,False,14.118431816672592
W4140,curtailment_only,False,16.023332729573163
W4141,curtailment_only,False,16.938293500679922
W4148,curtailment_only,False,14.99309922268148
W4149,curtailment_only,False,15.960112097252583
W415,curtailment_only,False,6.397727215561159
W4150,curtailment_only,False,15.941119009748189
W4151,curtailment_only,False,14.99309922268148
W4152,curtailment_only,False,13.75481030448863
W4154,curtailment_only,False,13.62235032097754
W4155,curtailment_only,False,14.737378280103211
W4156,curtailment_only,False,11.934842351590056
W4157,curtailment_only,False,14.786734365107328
W4158,curtailment_only,False,13.438515400142158
W4159,curtailment_only,False,13.32798288812505
W4160,curtailment_only,False,13.708773964407197
W4162,curtailment_only,False,16.864587266511396
W4164,curtailment_only,False,14.369634108394967
W4166,curtailment_only,False,14.419951818043968
W4167,curtailment_only,False,16.771680255651024
W4168,curtailment_only,False,16.740006170798413
W4169,curtailment_only,False,14.048116135474944
W4171,curtailment_only,False,12.648213665435971
W4174,curtailment_only,False,15.524002556065884
W4175,curtailment_only,False,13.537079303879423
W4176,curtailment_only,False,14.40008970487212
W4177,curtailment_only,False,13.537079303879423
W4178,curtailment_only,False,13.537079303879423
W4179,curtailment_only,False,15.28941066772251
W4180,curtailment_only,False,13.591930111950514
W4181,curtailment_only,False,13.124605047653452
W4183,curtailment_only,False,14.545946032231242
W4191,curtailment_only,False,2.740344193903061
W4192,curtailment_only,False,1.6312772717697932
W4196,curtailment_only,False,3.683650001058907
W420,curtailment_only,False,9.56077386216736
W4200,curtailment_only,False,0.3181015156668223
W4201,curtailment_only,False,0.417898272651539
W4203,curtailment_only,False,1.472389429000133
W4204,curtailment_only,False,1.0408331763475258
W4206,curtailment_only,False,4.121972986663836
W4207,curtailment_only,False,5.8535538563226375
W4208,curtailment_only,False,5.9517907463937725
W4209,curtailment_only,False,7.014478775041182
W4211,curtailment_only,False,4.298603978201848
W4212,curtailment_only,False,4.300608570874597
W4215,curtailment_only,False,0.8792731416317602
W4216,curtailment_only,False,2.325655031204068
W4217,curtailment_only,False,1.1757888529353024
W4218,curtailment_only,False,2.469297060661136
W4226,curtailment_only,False,15.734293290820238
W4228,curtailment_only,True,197.6431770700587
W4229,curtailment_only,True,236.17467533854787
W4230,curtailment_only,True,56.04231335369702
W4234,curtailment_only,False,18.0674363044697
W4238,curtailment_only,False,18.256129243271577
W4240,curtailment_only,True,208.41714954338136
W4241,curtailment_only,True,102.8694444510944
W4245,curtailment_only,True,191.5799771042047
W4247,curtailment_only,True,111.62240571734976
W4248,curtailment_only,False,26.097196431302923
W4249,curtailment_only,True,108.02168286757512
W4251,curtailment_only,True,176.04155800312705
W4252,curtailment_only,True,191.5799771042047
W4253,curtailment_only,True,56.04231335369702
W4255,curtailment_only,True,180.036140491163
W4256,curtailment_only,True,187.74837811249105
W4257,curtailment_only,True,173.55888215166507
W4258,curtailment_only,True,3476.6797659847134
W4259,curtailment_only,True,167.7292438007388
W426,curtailment_only,False,12.652074595972085
W4260,curtailment_only,True,187.74837811249105
W4261,curtailment_only,True,347.1177646989841
W4262,curtailment_only,True,160.76301488554756
W4265,curtailment_only,True,205.73888898291432
W4266,curtailment_only,True,188.6742633590977
W4267,curtailment_only,True,102.8694444510944
W4268,curtailment_only,True,56.66528562306206
W4269,curtailment_only,True,197.6431770700587
W427,curtailment_only,False,8.102067310452371
W4270,curtailment_only,True,69.57622521256944
W4271,curtailment_only,True,173.8339888061933
W4272,curtailment_only,True,157.5459120826668
W4273,curtailment_only,False,15.941119009748189
W4274,curtailment_only,False,27.84205107588559
W4275,curtailment_only,True,167.01989682676287
W4276,curtailment_only,True,182.91438814147764
W4277,curtailment_only,True,81.46651874493193
W428,curtailment_only,False,12.578175405534951
W4280,curtailment_only,True,633.5558449460938
W4282,curtailment_only,True,153.53666120549815
W4283,curtailment_only,True,41.58608197094886
W4284,curtailment_only,True,156.60632344178342
W4286,curtailment_only,True,151.6545775761937
W4287,curtailment_only,True,636.7078596697055
W4289,curtailment_only,True,102.8694444510944
W4290,curtailment_only,True,151.6545775761937
W4291,curtailment_only,True,102.8694444510944
W4293,curtailment_only,True,173.8339888061933
W4295,curtailment_only,True,188.6742633590977
W4299,curtailment_only,True,182.9714728269536
W4301,curtailment_only,True,680.156990259542
W4303,curtailment_only,True,133.97817336727303
W4304,curtailment_only,True,56.66528562306206
W4305,curtailment_only,True,180.036140491163
W4306,curtailment_only,True,182.91438814147764
W4308,curtailment_only,True,388.6611375781753
W4309,curtailment_only,True,188.6742633590977
W4311,curtailment_only,False,11.574407710467472
W4312,curtailment_only,True,1257.655627718614
W4313,curtailment_only,True,63.380258257849405
W4314,curtailment_only,True,153.0933787763816
W4316,curtailment_only,True,177.4387552965015
W4317,curtailment_only,False,13.97621022889585
W4319,curtailment_only,True,153.0933787763816
W4320,curtailment_only,True,183.0451282516896
W4321,curtailment_only,True,188.6742633590977
W4323,curtailment_only,True,66.43108002444342
W4324,curtailment_only,False,14.048116135474944
W4325,curtailment_only,True,183.0451282516896
W4326,curtailment_only,True,153.0933787763816
W4328,curtailment_only,True,85.7322916065766
W4330,curtailment_only,True,140.94167205772615
W4332,curtailment_only,True,66.43108002444342
W4333,curtailment_only,False,13.29843152605872
W4335,curtailment_only,True,182.91438814147764
W4336,curtailment_only,True,194.3305687038975
W4337,curtailment_only,True,151.6545775761937
W4340,curtailment_only,True,152.2244581267861
W4341,curtailment_only,True,179.38422760595415
W4342,curtailment_only,True,182.91438814147764
W4343,curtailment_only,True,140.94167205772615
W4344,curtailment_only,True,839.4750811125573
W4345,curtailment_only,True,183.0451282516896
W4346,curtailment_only,True,194.3305687038975
W4347,curtailment_only,True,55.22569667609722
W4348,curtailment_only,True,38.829182316641294
W4350,curtailment_only,True,140.94167205772615
W4353,curtailment_only,True,357.19594073052053
W4355,curtailment_only,True,202.34559607597615
W4356,curtailment_only,True,703.8861195744089
W4358,curtailment_only,True,147.75768873433336
W4361,curtailment_only,True,183.0451282516896
W4362,curtailment_only,True,188.6742633590977
W4364,curtailment_only,True,147.75768873433336
W4366,curtailment_only,True,188.6742633590977
W4367,curtailment_only,True,217.42938872357703
W4368,curtailment_only,True,151.6545775761937
W4369,curtailment_only,False,13.643567247649267
W4371,curtailment_only,True,188.6742633590977
W4372,curtailment_only,True,267.95634728603
W4374,curtailment_only,True,197.7581173797828
W4376,curtailment_only,True,2926.6302270939623
W4377,curtailment_only,True,42.930423283687766
W4379,curtailment_only,True,37.98059123488824
W4380,curtailment_only,True,183.0451282516896
W4381,curtailment_only,False,22.38477689989664
W4385,curtailment_only,True,183.0451282516896
W4386,curtailment_only,True,31.94401436811776
W4389,curtailment_only,False,13.328642200169512
W4391,curtailment_only,True,99.30609254957656
W4393,curtailment_only,False,6.693033325980167
W4396,curtailment_only,True,197.7581173797828
W4397,curtailment_only,True,183.0451282516896
W4398,curtailment_only,False,15.325337967130084
W4399,curtailment_only,True,99.30609254957656
W4400,curtailment_only,True,197.6431770700587
W4403,curtailment_only,True,196.1245424986588
W4404,curtailment_only,True,194.9664832113364
W4405,curtailment_only,True,102.21529295358415
W4406,curtailment_only,True,183.0451282516896
W4407,curtailment_only,True,102.21529295358415
W4409,curtailment_only,True,178.59796995282082
W4411,curtailment_only,False,5.658172536382769
W4412,curtailment_only,True,98.06227154594444
W4413,curtailment_only,True,183.0451282516896
W4415,curtailment_only,True,183.0451282516896
W4416,curtailment_only,True,67.76492157492247
W4419,curtailment_only,False,26.913763934688397
W442,curtailment_only,False,9.184852530568929
W4420,curtailment_only,True,350.1920993701253
W4424,curtailment_only,True,106.90491777499363
W4428,curtailment_only,True,113.75664249995984
W4431,curtailment_only,True,98.06227154594444
W4432,curtailment_only,True,175.09604936662586
W4435,curtailment_only,False,13.789248114845243
W4438,curtailment_only,True,372.9824218377958
W4439,curtailment_only,False,13.62235032097754
W4441,curtailment_only,True,198.29868495042615
W4442,curtailment_only,False,28.911163981945624
W4443,curtailment_only,True,83.03179114972195
W4445,curtailment_only,False,23.31808491915355
W4447,curtailment_only,False,26.913763934688397
W4448,curtailment_only,True,83.03179114972195
W4449,curtailment_only,True,163.7275202029426
W4452,curtailment_only,True,66.92919038040381
W4455,curtailment_only,True,39.4562828996943
W4457,curtailment_only,True,197.7581173797828
W4458,curtailment_only,False,15.062597491321782
W4459,curtailment_only,True,83.03179114972195
W4461,curtailment_only,True,31.14630247940278
W4464,curtailment_only,True,83.03179114972195
W4466,curtailment_only,True,198.29868495042615
W4468,curtailment_only,True,175.09604936662586
W4469,curtailment_only,True,197.7581173797828
W4471,curtailment_only,True,163.67949837934236
W4473,curtailment_only,True,83.03179114972195
W4474,curtailment_only,True,296.0928804776648
W4475,curtailment_only,True,32.45676433890404
W4476,curtailment_only,True,167.01989682676287
W4477,curtailment_only,True,64.80347265627601
W4481,curtailment_only,True,36.76593561079451
W4484,curtailment_only,True,110.06344743158584
W4485,curtailment_only,True,196.0208824077292
W4487,curtailment_only,True,83.03179114972195
W4488,curtailment_only,True,197.7581173797828
W4490,curtailment_only,True,196.0208824077292
W4491,curtailment_only,False,11.36458991967753
W4495,curtailment_only,True,179.38422760595415
W4499,curtailment_only,True,72.00385849550042
W4500,curtailment_only,True,188.18004758077123
W4502,curtailment_only,True,179.38422760595415
W4503,curtailment_only,True,845.6500403990855
W4505,curtailment_only,True,30.81125174030029
W4506,curtailment_only,True,67.76492157492247
W4509,curtailment_only,True,139.95667918012796
W4510,curtailment_only,True,31.46496851528973
W4513,curtailment_only,True,272.41498490647365
W4516,curtailment_only,True,146.852722873869
W4517,curtailment_only,True,31.46496851528973
W4519,curtailment_only,True,398.2848514831258
W452,curtailment_only,False,8.42917179793005
W4520,curtailment_only,True,72.00385849550042
W4522,curtailment_only,True,31.535957809080287
W4523,curtailment_only,True,146.852722873869
W4524,curtailment_only,True,196.0208824077292
W4525,curtailment_only,True,62.51876821124117
W4526,curtailment_only,True,476.3310368543316
W4528,curtailment_only,True,196.0208824077292
W4530,curtailment_only,True,277.0250805669859
W4531,curtailment_only,True,139.912513943202
W4532,curtailment_only,False,14.048116135474944
W4533,curtailment_only,True,54.29405711370973
W4534,curtailment_only,True,35.36051645229661
W4536,curtailment_only,True,373.06612185815976
W4537,curtailment_only,False,14.466433765612972
W4538,curtailment_only,True,281.8833440553544
W4539,curtailment_only,True,110.63470696444884
W4540,curtailment_only,True,69.12370428689061
W4541,curtailment_only,False,15.518626082461136
W4542,curtailment_only,True,183.0451282516896
W4543,curtailment_only,True,196.0208824077292
W4545,curtailment_only,False,14.168546093557776
W4548,curtailment_only,True,55.31735332731854
W4549,curtailment_only,True,183.0451282516896
W4550,curtailment_only,True,192.1004647764624
W4551,curtailment_only,True,38.85544213207642
W4553,curtailment_only,True,189.64338689704263
W4554,curtailment_only,False,15.402898673989366
W4557,curtailment_only,True,1582.0649418984294
W4558,curtailment_only,True,845.6500403990855
W4561,curtailment_only,True,130.65801762748364
W4562,curtailment_only,True,138.03446479679812
W4563,curtailment_only,True,196.0208824077292
W4565,curtailment_only,False,13.638796372189272
W4570,curtailment_only,True,196.0208824077292
W4571,curtailment_only,True,809.3823839095223
W4572,curtailment_only,False,16.18250387382447
W4574,curtailment_only,True,140.94167205772615
W4575,curtailment_only,True,52.590139244640845
W4578,curtailment_only,False,14.168546093557776
W4579,curtailment_only,True,587.9610714046469
W4583,curtailment_only,True,1691.3000788642105
W4584,curtailment_only,False,14.208140134607868
W4588,curtailment_only,True,30.984109150661112
W4590,curtailment_only,True,794.9876394918381
W4591,curtailment_only,True,839.4750811125573
W4593,curtailment_only,True,783.9480902975134
W4596,curtailment_only,True,65.0836505521561
W4597,curtailment_only,False,14.800744793546992
W4598,curtailment_only,True,422.8250185585777
W4599,curtailment_only,False,16.18250387382447
W46,curtailment_only,False,0.0
W4601,curtailment_only,False,16.26137983396481
W4603,curtailment_only,True,152.68504975401686
W4606,curtailment_only,True,78.39480919141639
W4607,curtailment_only,False,16.176802868166618
W4609,curtailment_only,True,1214.0735696890993
W4610,curtailment_only,True,208.23872525485692
W4611,curtailment_only,True,49.35849093091224
W4612,curtailment_only,False,14.21330878844044
W4616,curtailment_only,True,140.94167205772615
W4618,curtailment_only,True,140.94167205772615
W4619,curtailment_only,True,208.23872525485692
W4620,curtailment_only,True,235.783864248527
W4621,curtailment_only,False,14.043740794458143
W4622,curtailment_only,True,144.00771683109966
W4624,curtailment_only,True,446.8715499085245
W4626,curtailment_only,True,54.29405711370973
W4629,curtailment_only,True,993.060915661737
W4634,curtailment_only,True,174.10559327318612
W4636,curtailment_only,True,560.9451756415214
W4637,curtailment_only,True,66.43108002444342
W4642,curtailment_only,True,100.6005426483899
W4643,curtailment_only,True,182.91438814147764
W4647,curtailment_only,True,1164.7192799630764
W4648,curtailment_only,False,25.19206129316895
W4649,curtailment_only,True,74.59648444415306
W465,curtailment_only,False,9.86269156613137
W4650,curtailment_only,True,1463.315103656009
W4651,curtailment_only,True,78.19216932594645
W4652,curtailment_only,False,15.596692970735546
W4653,curtailment_only,True,313.2126467831092
W4656,curtailment_only,True,183.0451282516896
W4657,curtailment_only,True,178.74861991604055
W4659,curtailment_only,True,186.4912109052112
W4660,curtailment_only,True,184.60002720265376
W4663,curtailment_only,False,13.180585615894865
W4664,curtailment_only,True,183.0451282516896
W4665,curtailment_only,True,357.49724168343914
W4667,curtailment_only,True,186.4912109052112
W4671,curtailment_only,False,12.862860303123338
W4672,curtailment_only,True,102.73455853740208
W4675,curtailment_only,False,16.023332729573163
W4677,curtailment_only,False,8.67095967869249
W4678,curtailment_only,False,13.180585615894865
W4679,curtailment_only,True,211.54818161436611
W4680,curtailment_only,True,149.1308124052934
W4683,curtailment_only,True,1118.947267925305
W4686,curtailment_only,False,14.088180965816075
W4687,curtailment_only,True,211.54818161436611
W469,curtailment_only,False,12.33274925275244
W4690,curtailment_only,True,274.0906281620384
W4692,curtailment_only,True,149.1308124052934
W4694,curtailment_only,False,14.315734620137624
W4696,curtailment_only,False,21.104164754891613
W470,curtailment_only,False,12.107988656792694
W4700,curtailment_only,True,162.87923182417205
W4702,curtailment_only,False,21.154410805821755
W4704,curtailment_only,True,100.6005426483899
W4705,curtailment_only,False,15.15866781920534
W4707,curtailment_only,True,186.4912109052112
W4708,curtailment_only,True,133.61531673468463
W471,curtailment_only,False,16.154547941899235
W4714,curtailment_only,True,74.59648444415306
W4715,curtailment_only,True,2839.594116058201
W4716,curtailment_only,False,20.109512467767797
W4718,curtailment_only,True,194.11988092406364
W472,curtailment_only,False,14.067748187557257
W4721,curtailment_only,False,28.96578247085125
W4724,curtailment_only,True,394.0902619213692
W4725,curtailment_only,True,801.6918979596585
W4727,curtailment_only,False,23.31808491915355
W4728,curtailment_only,False,21.30862872517155
W4729,curtailment_only,True,384.3573639539201
W473,curtailment_only,False,10.414673525219468
W4730,curtailment_only,False,25.19206129316895
W4733,curtailment_only,False,15.301813969726412
W4734,curtailment_only,True,156.60632344178342
W4735,curtailment_only,True,133.61531673468463
W4736,curtailment_only,True,49.35849093091224
W4737,curtailment_only,True,133.61531673468463
W4739,curtailment_only,True,183.0451282516896
W474,curtailment_only,False,16.174093758210713
W4741,curtailment_only,True,203.08625425257176
W4743,curtailment_only,False,16.430950283687515
W4744,curtailment_only,True,801.6918979596585
W4746,curtailment_only,True,49.65539825738399
W4747,curtailment_only,True,1399.1251327700595
W4748,curtailment_only,False,17.839233303484328
W4751,curtailment_only,True,125.43169699352084
W4752,curtailment_only,True,133.61531673468463
W4753,curtailment_only,True,49.35849093091224
W4754,curtailment_only,True,1164.7192799630764
W4755,curtailment_only,True,1617.0684640441716
W4756,curtailment_only,False,4.546344301895535
W4757,curtailment_only,False,13.897497713183604
W4759,curtailment_only,False,17.848224191634355
W4760,curtailment_only,True,39.07422998109692
W4765,curtailment_only,True,211.54818161436611
W4767,curtailment_only,False,17.160274668436966
W4770,curtailment_only,True,165.7009022444588
W4775,curtailment_only,True,177.34070839148455
W4780,curtailment_only,False,17.848224191634355
W4782,curtailment_only,False,16.081850781670685
W4783,curtailment_only,True,30.75800934058569
W4784,curtailment_only,True,1067.5910514836196
W4787,curtailment_only,False,17.848224191634355
W4789,curtailment_only,True,217.17622812788636
W4791,curtailment_only,True,30.81618456304458
W4792,curtailment_only,True,162.3868849124456
W4794,curtailment_only,False,21.47063010619313
W4796,curtailment_only,False,18.56907595036076
W4797,curtailment_only,True,289.4555097633308
W4798,curtailment_only,True,394.0902619213692
W4799,curtailment_only,True,110.36678093476132
W4802,curtailment_only,True,441.46712363150255
W4805,curtailment_only,True,289.4555097633308
W4806,curtailment_only,True,290.89558607621615
W4807,curtailment_only,True,30.98346584002994
W4808,curtailment_only,True,30.81618456304458
W481,curtailment_only,False,10.631841514571406
W4810,curtailment_only,True,289.4555097633308
W4811,curtailment_only,True,309.2160787956403
W4813,curtailment_only,True,83.03179114972195
W4814,curtailment_only,True,106.25993379189256
W4815,curtailment_only,True,30.81618456304458
W4817,curtailment_only,True,846.1927238875915
W4819,curtailment_only,True,151.5158792085507
W4821,curtailment_only,True,101.33230303329351
W4822,curtailment_only,True,113.3454229221656
W4827,curtailment_only,True,54.76316088173395
W4828,curtailment_only,True,64.45537376070548
W4829,curtailment_only,True,47.04501200581284
W483,curtailment_only,False,21.24197797976601
W4831,curtailment_only,True,1739.405641214173
W4832,curtailment_only,True,30.81618456304458
W4833,curtailment_only,True,723.5781387195942
W4834,curtailment_only,False,8.457016925951564
W4835,curtailment_only,True,108.15944619996178
W4836,curtailment_only,True,110.36678093476132
W4837,curtailment_only,True,31.14630247940278
W4840,curtailment_only,True,110.36678093476132
W4841,curtailment_only,True,4275.2724746123085
W4842,curtailment_only,False,15.851838939229603
W4846,curtailment_only,True,154.6080394276194
W4849,curtailment_only,True,695.7622536102716
W485,curtailment_only,False,16.171464827556434
W4850,curtailment_only,False,16.97849824690931
W4851,curtailment_only,True,180.06548107065493
W4852,curtailment_only,True,49.35849093091224
W4853,curtailment_only,True,163.9867744660448
W4854,curtailment_only,True,61.26655692677633
W4855,curtailment_only,True,777.3222725995703
W4857,curtailment_only,False,15.707673380447885
W4858,curtailment_only,True,65.12371639573023
W486,curtailment_only,False,16.014341044707447
W4860,curtailment_only,True,180.06548107065493
W4862,curtailment_only,True,163.9867744660448
W4865,curtailment_only,False,13.442629982169858
W4869,curtailment_only,True,847.0616767678163
W487,curtailment_only,False,18.046326346247028
W4870,curtailment_only,True,180.06548107065493
W4871,curtailment_only,True,185.2194210553656
W4875,curtailment_only,True,45.71098119929852
W4878,curtailment_only,True,163.9867744660448
W488,curtailment_only,False,18.046326346247028
W4882,curtailment_only,True,1417.048034035308
W4884,curtailment_only,True,132.04841094554317
W4888,curtailment_only,True,45.71098119929852
W489,curtailment_only,False,18.046326346247028
W4890,curtailment_only,True,163.9867744660448
W4892,curtailment_only,True,182.91438814147764
W4893,curtailment_only,True,180.06548107065493
W4895,curtailment_only,True,499.77293316882486
W4899,curtailment_only,True,163.9867744660448
W49,curtailment_only,False,0.0
W490,curtailment_only,False,18.046326346247028
W4900,curtailment_only,True,118.48550731216754
W4901,curtailment_only,True,182.91438814147764
W4907,curtailment_only,True,163.9867744660448
W491,curtailment_only,False,16.171464827556434
W4913,curtailment_only,True,147.75768873433336
W4914,curtailment_only,True,160.4145279764428
W4915,curtailment_only,True,4498.225579500214
W4916,curtailment_only,True,178.77634322094892
W4918,curtailment_only,True,147.75768873433336
W4919,curtailment_only,False,24.38841738327916
W492,curtailment_only,False,19.75012512548464
W4920,curtailment_only,True,96.2487160533478
W4921,curtailment_only,True,6559.470958719801
W4923,curtailment_only,True,211.54818161436611
W4924,curtailment_only,False,26.06895753081036
W4926,curtailment_only,True,160.4145279764428
W4928,curtailment_only,True,72.00385849550042
W493,curtailment_only,False,16.171464827556434
W4930,curtailment_only,True,183.9167792769873
W4932,curtailment_only,True,72.00385849550042
W4934,curtailment_only,True,186.12103570045696
W4939,curtailment_only,True,186.54768215296696
W4944,curtailment_only,True,138.3113439809232
W4945,curtailment_only,True,138.3113439809232
W4946,curtailment_only,True,165.50126059261848
W4947,curtailment_only,False,12.676216271855871
W4949,curtailment_only,True,189.64338689704263
W4950,curtailment_only,True,166.61652839368426
W4952,curtailment_only,False,12.794069576331532
W4957,curtailment_only,False,12.794069576331532
W4958,curtailment_only,True,92.45065083185295
W496,curtailment_only,False,18.046326346247028
W4964,curtailment_only,True,54.29405711370973
W4967,curtailment_only,True,231.87672794586115
W4968,curtailment_only,True,31.932678830510422
W4969,curtailment_only,False,18.975883145008165
W497,curtailment_only,False,18.046326346247028
W4973,curtailment_only,True,55.324537374064704
W4974,curtailment_only,True,52.26320654286241
W4976,curtailment_only,True,1011.1460991407156
W4979,curtailment_only,True,66.56034346729298
W4984,curtailment_only,True,162.36852602260967
W4988,curtailment_only,True,229.99619877809656
W4990,curtailment_only,True,168.5243508963165
W4991,curtailment_only,True,40.186209673445006
W4992,curtailment_only,True,185.2194210553656
W4993,curtailment_only,True,185.2194210553656
W4994,curtailment_only,False,24.49964306018312
W4997,curtailment_only,True,168.5243508963165
W4998,curtailment_only,True,168.5243508963165
W4999,curtailment_only,True,168.5243508963165
W5002,curtailment_only,True,136.5370857467895
W5005,curtailment_only,True,47.98112904327606
W5007,curtailment_only,True,79.17076519194174
W5008,curtailment_only,False,26.24198926655297
W5009,curtailment_only,True,30.128309951747266
W5010,curtailment_only,True,30.128309951747266
W5013,curtailment_only,False,26.24198926655297
W5014,curtailment_only,True,30.128309951747266
W5015,curtailment_only,False,26.24198926655297
W5016,curtailment_only,False,26.212666164751514
W5018,curtailment_only,False,10.843130163856872
W5019,curtailment_only,True,30.128309951747266
W5020,curtailment_only,False,26.24198926655297
W5021,curtailment_only,True,178.13422427275117
W5022,curtailment_only,True,158.3415311449566
W5025,curtailment_only,True,30.17688042791432
W5028,curtailment_only,False,24.71155296576867
W5029,curtailment_only,False,19.767111170942183
W503,curtailment_only,False,28.818566104341755
W5030,curtailment_only,False,19.806364054538275
W5031,curtailment_only,False,21.727481434737445
W5032,curtailment_only,False,21.727481434737445
W5033,curtailment_only,False,13.664872594293149
W5034,curtailment_only,False,18.70062842447521
W5035,curtailment_only,False,28.0624250216989
W5037,curtailment_only,False,15.716076771566888
W504,curtailment_only,False,24.708700886986648
W5040,curtailment_only,False,13.214188534595586
W5045,curtailment_only,False,18.454267210829784
W5048,curtailment_only,False,21.453141195432536
W5049,curtailment_only,False,18.357588720753014
W505,curtailment_only,False,25.77041742641314
W5050,curtailment_only,False,26.212666164751514
W5053,curtailment_only,False,26.212666164751514
W5055,curtailment_only,False,26.212666164751514
W5056,curtailment_only,False,27.30407477218232
W5057,curtailment_only,False,27.30407477218232
W5058,curtailment_only,False,26.212666164751514
W5059,curtailment_only,False,24.361104073417973
W506,curtailment_only,False,25.77041742641314
W5062,curtailment_only,False,26.76057423859593
W5063,curtailment_only,False,23.078028888254615
W5064,curtailment_only,False,23.078028888254615
W5065,curtailment_only,False,23.078028888254615
W5066,curtailment_only,False,20.560969444130613
W5067,curtailment_only,False,23.078028888254615
W507,curtailment_only,False,25.77041742641314
W5073,curtailment_only,False,25.51921465119677
W5076,curtailment_only,False,25.384806219275625
W5084,curtailment_only,False,17.584620669994283
W5087,curtailment_only,False,16.421877114742077
W509,curtailment_only,False,25.77041742641314
W51,curtailment_only,False,22.403326673449467
W5103,curtailment_only,True,126.76647379228864
W5104,curtailment_only,True,171.93306064310767
W5106,curtailment_only,False,23.259766421220576
W5108,curtailment_only,False,22.055076908692563
W5110,curtailment_only,True,253.3897936040637
W5112,curtailment_only,True,34.699883441422905
W5113,curtailment_only,False,18.33115526094844
W5117,curtailment_only,False,23.942740845241097
W5118,curtailment_only,True,127.97464365147589
W512,curtailment_only,False,15.82645480361534
W5121,curtailment_only,True,64.6880598030345
W5123,curtailment_only,False,23.942740845241097
W5125,curtailment_only,False,1.7674574100232487
W513,curtailment_only,False,19.97784091258171
W5132,curtailment_only,True,83.70761697365549
W5134,curtailment_only,False,13.338295790116929
W5137,curtailment_only,False,23.31917144113565
W5138,curtailment_only,True,653.5932296284429
W514,curtailment_only,False,22.065353063567084
W5142,curtailment_only,True,346.51661562328337
W5146,curtailment_only,False,23.259766421220576
W515,curtailment_only,False,26.96982606917941
W5151,curtailment_only,True,71.69053635062379
W5155,curtailment_only,False,23.259766421220576
W5157,curtailment_only,False,18.33115526094844
W5158,curtailment_only,False,2.2397395599868983
W516,curtailment_only,False,19.96725478978579
W5162,curtailment_only,False,3.265947084766162
W5163,curtailment_only,False,20.024111690430686
W5165,curtailment_only,True,61.42782961456496
W5166,curtailment_only,True,127.97464365147589
W5167,curtailment_only,True,127.97464365147589
W5168,curtailment_only,True,127.97464365147589
W5169,curtailment_only,True,127.97464365147589
W5170,curtailment_only,True,127.97464365147589
W5171,curtailment_only,True,83.70761697365549
W5173,curtailment_only,True,127.97464365147589
W5174,curtailment_only,True,66.54681538481717
W5176,curtailment_only,True,127.97464365147589
W5177,curtailment_only,True,127.97464365147589
W5178,curtailment_only,True,127.97464365147589
W5179,curtailment_only,True,127.97464365147589
W518,curtailment_only,False,26.96982606917941
W5180,curtailment_only,True,127.97464365147589
W5181,curtailment_only,True,127.97464365147589
W5189,curtailment_only,True,95.96755801740936
W519,curtailment_only,False,22.065353063567084
W5190,curtailment_only,False,30.306398646641448
W5191,curtailment_only,True,50.551168782284165
W5192,curtailment_only,True,50.551168782284165
W5193,curtailment_only,True,75.94242945312007
W5194,curtailment_only,True,171.02283471104033
W5195,curtailment_only,True,95.96755801740936
W5196,curtailment_only,True,66.38210414891121
W5197,curtailment_only,True,87.64608443727326
W5198,curtailment_only,True,392.1559366419192
W5201,curtailment_only,True,66.38210414891121
W5203,curtailment_only,True,162.93303677167316
W5205,curtailment_only,True,40.54801342936938
W5209,curtailment_only,True,81.46651851302843
W5213,curtailment_only,True,83.70761697365549
W5214,curtailment_only,True,78.20785731940383
W5215,curtailment_only,True,64.6880598030345
W5216,curtailment_only,True,128.80317825442273
W5219,curtailment_only,True,80.359312076995
W5220,curtailment_only,True,80.359312076995
W5221,curtailment_only,True,80.359312076995
W5222,curtailment_only,True,68.01178681294591
W5223,curtailment_only,True,70.84561153565167
W5224,curtailment_only,True,88.88312178580438
W5226,curtailment_only,True,53.32987277917806
W5227,curtailment_only,True,140.27431118973425
W5228,curtailment_only,True,88.88312178580438
W5229,curtailment_only,True,88.88312178580438
W5230,curtailment_only,True,88.88312178580438
W5233,curtailment_only,True,104.94124044233324
W5234,curtailment_only,True,85.32779629017045
W5240,curtailment_only,True,197.29412731149952
W5243,curtailment_only,True,29.96829299565148
W5244,curtailment_only,False,28.012922885871003
W5247,curtailment_only,True,87.64608443727326
W5248,curtailment_only,True,92.1288561090196
W5249,curtailment_only,True,87.64608443727326
W5250,curtailment_only,True,95.96755801740936
W5251,curtailment_only,True,101.10233752664315
W5254,curtailment_only,True,36.41806803678483
W5256,curtailment_only,True,127.97464365147589
W5259,curtailment_only,True,127.97464365147589
W5260,curtailment_only,False,23.31917144113565
W5266,curtailment_only,True,127.97464365147589
W5268,curtailment_only,False,0.982627253086795
W5270,curtailment_only,True,127.97464365147589
W5271,curtailment_only,False,22.117817780889165
W5272,curtailment_only,False,19.854763955497056
W5273,curtailment_only,True,125.4899005338094
W5274,curtailment_only,False,0.4179396921373255
W5275,curtailment_only,False,21.354489309964105
W5276,curtailment_only,False,23.942740845241097
W5280,curtailment_only,False,20.220796626403672
W5281,curtailment_only,True,127.97464365147589
W5283,curtailment_only,False,23.942740845241097
W5286,curtailment_only,True,127.97464365147589
W5287,curtailment_only,True,132.04841096934416
W5288,curtailment_only,False,20.603487312670925
W5289,curtailment_only,False,23.31917144113565
W5290,curtailment_only,True,451.034415243028
W5292,curtailment_only,False,6.008299082712819
W5293,curtailment_only,False,0.5156885282863872
W5294,curtailment_only,False,20.220796626403672
W5295,curtailment_only,True,644.0158926549494
W5297,curtailment_only,False,20.603487312670925
W5298,curtailment_only,True,66.54681538481717
W5299,curtailment_only,True,132.04841096934416
W530,curtailment_only,False,20.855634545251824
W5301,curtailment_only,False,5.647624560178983
W5302,curtailment_only,False,3.2359142780911982
W5303,curtailment_only,True,1118.6038899024486
W5305,curtailment_only,True,31.97129757517488
W5306,curtailment_only,False,2.453897891287629
W5307,curtailment_only,True,132.04841096934416
W5309,curtailment_only,False,20.603487312670925
W531,curtailment_only,False,20.855634545251824
W5312,curtailment_only,False,24.84854594623218
W5313,curtailment_only,False,20.603487312670925
W5314,curtailment_only,False,4.413576763683187
W5315,curtailment_only,True,145.4245330251974
W5316,curtailment_only,False,4.626790155496363
W5319,curtailment_only,False,24.84854594623218
W532,curtailment_only,False,20.855634545251824
W5321,curtailment_only,False,20.09489023780873
W5323,curtailment_only,True,132.04841096934416
W5325,curtailment_only,False,20.09489023780873
W5329,curtailment_only,False,23.259766421220576
W533,curtailment_only,False,20.855634545251824
W5330,curtailment_only,True,132.04841096934416
W5332,curtailment_only,False,20.220796626403672
W5336,curtailment_only,False,22.117817780889165
W5337,curtailment_only,True,93.78688675552536
W5339,curtailment_only,True,133.375971330397
W534,curtailment_only,False,20.855634545251824
W5341,curtailment_only,True,142.85222438217616
W5342,curtailment_only,True,36.098193088928376
W5344,curtailment_only,False,6.931218594821514
W5345,curtailment_only,False,20.603487312670925
W5346,curtailment_only,True,142.85222438217616
W5348,curtailment_only,False,22.45444389437884
W535,curtailment_only,False,15.443039079884034
W5353,curtailment_only,False,18.921266335880453
W5354,curtailment_only,True,142.85222438217616
W5356,curtailment_only,False,21.518104148858846
W536,curtailment_only,False,16.97516046612824
W5364,curtailment_only,True,83.70761697365549
W5365,curtailment_only,True,83.70761697365549
W5366,curtailment_only,True,83.70761697365549
W5368,curtailment_only,True,62.7211007036078
W5369,curtailment_only,True,85.09144333327214
W537,curtailment_only,False,20.795872294771712
W5371,curtailment_only,True,83.70761697365549
W5372,curtailment_only,True,125.41515122639932
W5373,curtailment_only,True,82.03346539420745
W5374,curtailment_only,True,127.97464365147589
W5375,curtailment_only,True,127.97464365147589
W5376,curtailment_only,True,83.70761697365549
W5377,curtailment_only,True,122.8556590947044
W5378,curtailment_only,True,36.83135188395368
W5379,curtailment_only,True,35.40132975757855
W538,curtailment_only,False,20.49814289323842
W5380,curtailment_only,True,127.97464365147589
W5381,curtailment_only,True,80.359312076995
W5382,curtailment_only,True,127.97464365147589
W5383,curtailment_only,True,128.80317825442273
W5385,curtailment_only,True,181.67762878064067
W5386,curtailment_only,True,128.80317825442273
W5387,curtailment_only,True,81.46651851302843
W5388,curtailment_only,True,189.44205351410088
W5390,curtailment_only,True,182.9460633329991
W5391,curtailment_only,True,575.1460747451425
W5392,curtailment_only,True,189.44205351410088
W5393,curtailment_only,True,149.08225398768613
W5395,curtailment_only,True,187.5476332215925
W5396,curtailment_only,True,143.11896329978987
W5397,curtailment_only,True,128.80317825442273
W54,curtailment_only,False,9.530930762953789
W540,curtailment_only,False,20.855634545251824
W5402,curtailment_only,True,1097.6763787417851
W5403,curtailment_only,True,372.8679625538685
W5404,curtailment_only,True,189.44205351410088
W5405,curtailment_only,True,181.67762878064067
W5406,curtailment_only,True,143.11896329978987
W5408,curtailment_only,True,298.1645066067381
W5410,curtailment_only,True,72.68853087049975
W5411,curtailment_only,True,72.68853087049975
W5412,curtailment_only,True,72.68853087049975
W5415,curtailment_only,True,515.2127142454394
W5416,curtailment_only,True,515.2127142454394
W5417,curtailment_only,True,123.65105195011098
W5418,curtailment_only,True,149.08225398768613
W5419,curtailment_only,True,143.11896329978987
W542,curtailment_only,False,18.60472510262887
W5420,curtailment_only,True,123.65105195011098
W5421,curtailment_only,True,128.80317825442273
W5423,curtailment_only,True,30.739063222288657
W5424,curtailment_only,False,24.87895383049821
W5425,curtailment_only,True,48.52912174173529
W5428,curtailment_only,True,48.52912174173529
W5429,curtailment_only,True,130.71864641568172
W543,curtailment_only,False,18.60472510262887
W5430,curtailment_only,True,86.73563290223225
W5431,curtailment_only,True,131.07560349163575
W5432,curtailment_only,True,94.27786228574492
W5436,curtailment_only,True,90.5067485563562
W5438,curtailment_only,True,94.27786228574492
W544,curtailment_only,False,18.60472510262887
W5440,curtailment_only,False,5.671675458612977
W5441,curtailment_only,False,18.116301616036747
W5442,curtailment_only,True,142.85222438217616
W5445,curtailment_only,False,19.064430697296643
W5446,curtailment_only,False,21.85952613777494
W5447,curtailment_only,False,21.16884323753748
W5449,curtailment_only,True,36.34156606846933
W545,curtailment_only,False,18.60472510262887
W5450,curtailment_only,False,5.983176062744772
W5451,curtailment_only,False,3.021676009304598
W5452,curtailment_only,False,21.5681753280164
W5453,curtailment_only,True,115.50553743268252
W5454,curtailment_only,False,21.16884323753748
W5455,curtailment_only,False,2.8205128741992014
W5456,curtailment_only,True,51.31600964485981
W5457,curtailment_only,False,21.518104148858846
W5461,curtailment_only,False,21.40459414647777
W5462,curtailment_only,False,20.603487312670925
W5464,curtailment_only,True,67.84319931348844
W5466,curtailment_only,False,21.16884323753748
W5467,curtailment_only,False,19.283977065768973
W5468,curtailment_only,False,2.716121295665708
W547,curtailment_only,False,18.60472510262887
W5470,curtailment_only,True,226.14400125903853
W5472,curtailment_only,False,21.16884323753748
W5473,curtailment_only,True,124.14190031233
W5479,curtailment_only,False,19.64122372926901
W5480,curtailment_only,False,21.16884323753748
W5481,curtailment_only,True,124.14190031233
W5482,curtailment_only,False,19.283977065768973
W5483,curtailment_only,True,132.0567406660991
W5484,curtailment_only,False,19.64122372926901
W5486,curtailment_only,False,3.3972021681982505
W5488,curtailment_only,False,19.283977065768973
W5489,curtailment_only,True,132.0567406660991
W5490,curtailment_only,False,19.64122372926901
W5491,curtailment_only,False,21.7927138611033
W5493,curtailment_only,True,124.14190031233
W5494,curtailment_only,False,19.283977065768973
W5495,curtailment_only,True,111.0442717742596
W5497,curtailment_only,False,21.16884323753748
W550,curtailment_only,False,18.60472510262887
W5500,curtailment_only,False,21.16884323753748
W5501,curtailment_only,True,53.53896028624135
W5502,curtailment_only,True,113.07199993361571
W5503,curtailment_only,True,111.0442717742596
W5506,curtailment_only,False,21.16884323753748
W5507,curtailment_only,True,113.07199993361571
W551,curtailment_only,False,18.60472510262887
W5510,curtailment_only,True,111.0442717742596
W5511,curtailment_only,False,2.027866011047279
W5512,curtailment_only,False,21.16884323753748
W5513,curtailment_only,False,1.770870876997222
W5514,curtailment_only,True,93.78688675552536
W5515,curtailment_only,True,248.2838010118354
W5517,curtailment_only,True,132.04841096934416
W5519,curtailment_only,False,23.31917144113565
W552,curtailment_only,False,18.60472510262887
W5521,curtailment_only,False,21.90671954875704
W5522,curtailment_only,True,248.2838010118354
W5523,curtailment_only,False,21.470300361941224
W5524,curtailment_only,False,21.470300361941224
W5525,curtailment_only,True,240.64078535143287
W5526,curtailment_only,False,3.7885127033740527
W553,curtailment_only,False,18.60472510262887
W5532,curtailment_only,True,132.0567406660991
W5533,curtailment_only,False,22.75639949729684
W5535,curtailment_only,False,21.16884323753748
W5538,curtailment_only,True,132.0567406660991
W5539,curtailment_only,False,21.42107778479903
W5540,curtailment_only,True,96.64554531817194
W5542,curtailment_only,False,21.42107778479903
W5543,curtailment_only,True,145.80052914864478
W5545,curtailment_only,False,5.671675458612977
W5548,curtailment_only,False,20.603487312670925
W5549,curtailment_only,False,20.603487312670925
W5552,curtailment_only,True,44.42259055412931
W5553,curtailment_only,False,1.874894910866532
W5554,curtailment_only,True,1130.7199962557654
W5556,curtailment_only,False,20.603487312670925
W5559,curtailment_only,False,3.4745497733001813
W5564,curtailment_only,True,132.0567406660991
W557,curtailment_only,False,23.721882545556078
W5576,curtailment_only,False,1.423701464577218
W5577,curtailment_only,False,21.91809458748796
W5579,curtailment_only,False,21.90671954875704
W5584,curtailment_only,True,113.07199993361571
W5585,curtailment_only,False,2.2397395599868983
W5586,curtailment_only,True,143.83526710878266
W5588,curtailment_only,False,23.64935705813485
W5589,curtailment_only,True,181.67762878064067
W5590,curtailment_only,False,20.709964951802387
W5591,curtailment_only,True,57.98732724076095
W5592,curtailment_only,True,143.83526710878266
W5593,curtailment_only,False,1.4248951248708863
W5595,curtailment_only,True,176.56166108689038
W5597,curtailment_only,False,22.117817780889165
W5598,curtailment_only,False,23.375752444765336
W56,curtailment_only,False,19.1770048709492
W5600,curtailment_only,False,20.583548520681237
W5601,curtailment_only,False,0.4835008384428416
W5602,curtailment_only,True,142.85222438217616
W5603,curtailment_only,False,25.287853625624496
W5605,curtailment_only,True,139.47246886884312
W5606,curtailment_only,False,24.60741768413058
W5607,curtailment_only,True,181.67762878064067
W5608,curtailment_only,True,152.0990491004171
W5609,curtailment_only,False,19.283977065768973
W5610,curtailment_only,False,0.5465455087953502
W5613,curtailment_only,True,174.41052492470726
W5614,curtailment_only,False,19.283977065768973
W5615,curtailment_only,False,24.318356678874817
W5616,curtailment_only,True,143.83526710878266
W5618,curtailment_only,True,1309.8197267255468
W5619,curtailment_only,True,155.20311075045862
W5622,curtailment_only,False,23.31917144113565
W5623,curtailment_only,False,19.283977065768973
W5625,curtailment_only,True,60.77563581669535
W5628,curtailment_only,True,181.67762878064067
W5629,curtailment_only,False,4.159042813389847
W5630,curtailment_only,False,19.283977065768973
W5631,curtailment_only,True,1394.7246939675256
W5634,curtailment_only,False,22.117817780889165
W5636,curtailment_only,False,19.081195062887588
W5637,curtailment_only,False,19.283977065768973
W5638,curtailment_only,False,4.72396720424596
W5639,curtailment_only,True,142.47800644955058
W5641,curtailment_only,True,159.8763143957843
W5642,curtailment_only,False,19.081195062887588
W5643,curtailment_only,True,155.20311075045862
W5644,curtailment_only,False,19.283977065768973
W5646,curtailment_only,True,142.47800644955058
W5647,curtailment_only,True,181.67762878064067
W5648,curtailment_only,False,19.081195062887588
W5649,curtailment_only,True,148.99498553766696
W565,curtailment_only,False,19.407920187905944
W5650,curtailment_only,True,124.15717352572472
W5651,curtailment_only,False,22.00805123947093
W5653,curtailment_only,True,143.83526710878266
W5654,curtailment_only,False,15.499733275365548
W5656,curtailment_only,True,143.83526710878266
W5658,curtailment_only,False,19.05686581718047
W5659,curtailment_only,True,169.49919422980446
W566,curtailment_only,False,20.923946024229696
W5661,curtailment_only,False,22.45444389437884
W5662,curtailment_only,False,21.739192827599336
W5664,curtailment_only,False,22.117817780889165
W5665,curtailment_only,True,142.85222438217616
W5666,curtailment_only,True,143.83526710878266
W5667,curtailment_only,False,21.16884323753748
W5668,curtailment_only,False,19.05686581718047
W5670,curtailment_only,True,181.67762878064067
W5672,curtailment_only,True,93.78688675552536
W5673,curtailment_only,True,138.08185657303468
W5674,curtailment_only,False,20.603487312670925
W5675,curtailment_only,False,19.05686581718047
W5676,curtailment_only,False,22.45444389437884
W5677,curtailment_only,False,4.693208123700365
W5678,curtailment_only,False,20.603487312670925
W5679,curtailment_only,True,199.44319080440104
W5680,curtailment_only,True,143.83526710878266
W5681,curtailment_only,False,22.039816240030728
W5683,curtailment_only,True,176.56166108689038
W5684,curtailment_only,False,22.45444389437884
W5685,curtailment_only,True,1241.4190002712196
W5686,curtailment_only,True,143.83526710878266
W5688,curtailment_only,False,22.76662863685824
W5689,curtailment_only,True,92.1288561090196
W569,curtailment_only,False,19.201154973045742
W5690,curtailment_only,False,22.117817780889165
W5691,curtailment_only,True,181.67762878064067
W5692,curtailment_only,False,22.45444389437884
W5695,curtailment_only,False,3.564100683299096
W5696,curtailment_only,False,15.499733275365548
W5697,curtailment_only,True,359.72170625945284
W5698,curtailment_only,False,22.45444389437884
W5699,curtailment_only,False,22.117817780889165
W57,curtailment_only,False,19.1770048709492
W570,curtailment_only,False,18.235648462756924
W5700,curtailment_only,False,24.84854594623218
W5701,curtailment_only,False,19.081195062887588
W5702,curtailment_only,True,84.14024116178996
W5703,curtailment_only,True,99.72159544007908
W5707,curtailment_only,False,3.034321297449514
W5708,curtailment_only,True,126.46635441040092
W5709,curtailment_only,False,24.84854594623218
W5710,curtailment_only,True,99.72159544007908
W5711,curtailment_only,False,21.518104148858846
W5712,curtailment_only,True,87.64608443727326
W5716,curtailment_only,False,20.603487312670925
W5717,curtailment_only,False,20.603487312670925
W5718,curtailment_only,True,87.64608443727326
W5722,curtailment_only,True,99.72159544007908
W5723,curtailment_only,True,100.544485993788
W5724,curtailment_only,False,22.45444389437884
W5729,curtailment_only,True,301.63346060097587
W5730,curtailment_only,True,99.72159544007908
W5731,curtailment_only,False,20.603487312670925
W5736,curtailment_only,False,22.039816240030728
W5737,curtailment_only,True,99.72159544007908
W5740,curtailment_only,True,84.4081983492675
W5742,curtailment_only,False,22.039816240030728
W5743,curtailment_only,True,95.73273202357936
W5744,curtailment_only,True,130.21354239865462
W5746,curtailment_only,True,91.91114999687912
W5748,curtailment_only,False,22.724729527515635
W5749,curtailment_only,False,21.518104148858846
W5751,curtailment_only,True,99.72159544007908
W5752,curtailment_only,True,132.0567406660991
W5753,curtailment_only,False,4.531011544720473
W5754,curtailment_only,True,118.7561481370734
W5756,curtailment_only,False,21.518104148858846
W5757,curtailment_only,True,100.544485993788
W5758,curtailment_only,True,124.14190031233
W5759,curtailment_only,False,4.531011544720473
W5761,curtailment_only,True,99.72159544007908
W5762,curtailment_only,True,132.0567406660991
W5765,curtailment_only,False,21.16884323753748
W5767,curtailment_only,False,22.039816240030728
W5768,curtailment_only,True,99.72159544007908
W5769,curtailment_only,True,132.0567406660991
W5771,curtailment_only,False,21.16884323753748
W5773,curtailment_only,False,21.16884323753748
W5774,curtailment_only,True,83.7661402294496
W5775,curtailment_only,True,120.320392486339
W5776,curtailment_only,True,248.2838010118354
W5778,curtailment_only,False,24.722044681599
W5779,curtailment_only,False,20.603487312670925
W578,curtailment_only,False,21.079021287670127
W5780,curtailment_only,True,78.20785731940383
W5783,curtailment_only,True,99.72159544007908
W5786,curtailment_only,False,21.16884323753748
W5788,curtailment_only,False,2.1250591541291963
W5789,curtailment_only,True,124.14190031233
W5791,curtailment_only,True,100.544485993788
W5792,curtailment_only,True,124.14190031233
W5794,curtailment_only,False,20.603487312670925
W5797,curtailment_only,True,152.63027299496645
W5798,curtailment_only,False,23.078028888254615
W5799,curtailment_only,False,21.16884323753748
W5801,curtailment_only,False,23.078028888254615
W5802,curtailment_only,True,525.0210007275215
W5803,curtailment_only,True,124.14190031233
W5804,curtailment_only,False,20.603487312670925
W5806,curtailment_only,False,17.78084294340338
W5807,curtailment_only,True,98.53359677422416
W5808,curtailment_only,False,20.603487312670925
W5809,curtailment_only,False,17.78084294340338
W5810,curtailment_only,True,127.47431184334242
W5811,curtailment_only,True,924.0442939603564
W5813,curtailment_only,False,3.256570012417615
W5817,curtailment_only,False,20.603487312670925
W5818,curtailment_only,True,1125.4426483187617
W5819,curtailment_only,True,95.73273202357936
W5821,curtailment_only,False,20.603487312670925
W5822,curtailment_only,False,20.739520070304717
W5823,curtailment_only,True,263.4469108477862
W5824,curtailment_only,True,33.17084498985646
W5825,curtailment_only,True,236.34167558641036
W5828,curtailment_only,False,21.853562902772325
W5829,curtailment_only,True,98.53359677422416
W583,curtailment_only,True,37.77484939118982
W5833,curtailment_only,True,99.72159544007908
W5834,curtailment_only,True,152.63027299496645
W5835,curtailment_only,False,2.61419250647973
W5837,curtailment_only,False,23.31917144113565
W5838,curtailment_only,False,17.78084294340338
W5839,curtailment_only,False,23.695846558070745
W584,curtailment_only,True,29.66793762583437
W5840,curtailment_only,False,23.31917144113565
W5841,curtailment_only,True,108.82338709819338
W5842,curtailment_only,True,64.6880598030345
W5844,curtailment_only,False,2.697807335725587
W5845,curtailment_only,True,61.89934549836872
W5848,curtailment_only,True,99.72159544007908
W5849,curtailment_only,False,23.31917144113565
W585,curtailment_only,True,29.66793762583437
W5850,curtailment_only,True,64.6880598030345
W5851,curtailment_only,False,23.695846558070745
W5852,curtailment_only,True,100.544485993788
W5853,curtailment_only,False,17.78084294340338
W5855,curtailment_only,True,99.72159544007908
W5856,curtailment_only,False,27.30407477218232
W5857,curtailment_only,False,3.9007125018553386
W5858,curtailment_only,True,296.88687469466674
W5859,curtailment_only,False,22.707694677187543
W586,curtailment_only,False,26.96982606917941
W5864,curtailment_only,False,22.45444389437884
W5865,curtailment_only,False,24.71155296576867
W5866,curtailment_only,False,23.31917144113565
W5868,curtailment_only,False,17.78084294340338
W587,curtailment_only,False,19.96725478978579
W5870,curtailment_only,False,2.1743245986896844
W5873,curtailment_only,False,21.16884323753748
W5875,curtailment_only,False,3.5445169627626423
W5876,curtailment_only,False,27.194543375956165
W5878,curtailment_only,False,17.78084294340338
W588,curtailment_only,False,22.536866589664385
W5880,curtailment_only,False,21.115223360918925
W5881,curtailment_only,True,285.7044489268493
W5882,curtailment_only,False,1.991261609675812
W5883,curtailment_only,False,27.194543375956165
W5886,curtailment_only,True,264.0968223153178
W5888,curtailment_only,False,26.884625473375955
W5889,curtailment_only,False,3.365868126747728
W589,curtailment_only,False,22.536866589664385
W5891,curtailment_only,False,23.942740845241097
W5893,curtailment_only,True,113.19542714472576
W5894,curtailment_only,False,22.750063341817675
W5895,curtailment_only,False,21.16884323753748
W5896,curtailment_only,True,264.0968223153178
W5897,curtailment_only,False,24.71155296576867
W5898,curtailment_only,False,2.5286469985153834
W59,curtailment_only,False,13.506058368888477
W590,curtailment_only,False,26.96982606917941
W5902,curtailment_only,False,21.16884323753748
W5903,curtailment_only,False,21.16884323753748
W5904,curtailment_only,False,24.71155296576867
W5906,curtailment_only,True,81.46651851302843
W5907,curtailment_only,False,21.115223360918925
W5908,curtailment_only,True,1155.0553798508558
W5909,curtailment_only,False,24.71155296576867
W591,curtailment_only,False,19.577570654324163
W5910,curtailment_only,False,21.16884323753748
W5911,curtailment_only,True,103.8371037875583
W5915,curtailment_only,False,24.71155296576867
W5916,curtailment_only,False,1.888000959157852
W5917,curtailment_only,False,21.16884323753748
W5918,curtailment_only,True,103.8371037875583
W5920,curtailment_only,True,136.5370857467895
W5921,curtailment_only,False,16.423985828606746
W5922,curtailment_only,True,103.8371037875583
W5924,curtailment_only,True,133.80634390034987
W5925,curtailment_only,False,24.71155296576867
W5928,curtailment_only,True,103.8371037875583
W5929,curtailment_only,False,1.893280065040628
W5930,curtailment_only,True,136.5370857467895
W5931,curtailment_only,True,136.5370857467895
W5932,curtailment_only,False,22.055076908692563
W5935,curtailment_only,False,4.667429314021344
W5936,curtailment_only,False,27.194543375956165
W594,curtailment_only,False,18.19468657989444
W5940,curtailment_only,True,47.01512340593825
W5941,curtailment_only,True,98.7150677290454
W5947,curtailment_only,False,27.194543375956165
W5948,curtailment_only,True,40.72989222248575
W5949,curtailment_only,False,24.71155296576867
W595,curtailment_only,False,18.60472510262887
W5953,curtailment_only,True,231.01107620618123
W5956,curtailment_only,False,22.67743832062275
W5957,curtailment_only,False,23.023137274432216
W5958,curtailment_only,False,3.5695036915087663
W5960,curtailment_only,False,18.921266335880453
W5961,curtailment_only,False,21.115223360918925
W5962,curtailment_only,True,125.4899005338094
W5963,curtailment_only,False,2.1146044537083086
W5964,curtailment_only,False,21.11903727860461
W5966,curtailment_only,False,20.513585050843663
W5967,curtailment_only,True,44.82828324556751
W5968,curtailment_only,False,2.958257626942533
W5969,curtailment_only,False,22.477057940830203
W597,curtailment_only,False,20.59281301247734
W5970,curtailment_only,True,145.4245330251974
W5973,curtailment_only,True,78.43118728027004
W5974,curtailment_only,False,23.942740845241097
W5975,curtailment_only,False,22.477057940830203
W5979,curtailment_only,True,176.56166108689038
W598,curtailment_only,False,21.752574400467708
W5981,curtailment_only,False,22.477057940830203
W5983,curtailment_only,False,22.67743832062275
W5984,curtailment_only,True,231.01107620618123
W5986,curtailment_only,False,7.054390009486039
W5988,curtailment_only,False,22.477057940830203
W5989,curtailment_only,False,22.67743832062275
W599,curtailment_only,False,14.91286893329213
W5992,curtailment_only,False,4.92502052143923
W5993,curtailment_only,False,6.532201865965168
W5994,curtailment_only,True,151.62000471332965
W5996,curtailment_only,True,132.04841096934416
W5997,curtailment_only,False,19.966382781688544
W5998,curtailment_only,True,132.04841096934416
W5999,curtailment_only,True,126.76647379228864
W6,curtailment_only,False,4.309392634008088
W60,curtailment_only,False,22.831509007695463
W6000,curtailment_only,True,126.76647379228864
W6002,curtailment_only,False,23.699116492190416
W6004,curtailment_only,False,21.817699901991908
W6005,curtailment_only,False,21.698749702646804
W6008,curtailment_only,False,25.64729125127044
W6010,curtailment_only,False,26.537446051020893
W6015,curtailment_only,False,23.91773888095881
W6016,curtailment_only,False,22.403135311267462
W6017,curtailment_only,False,25.64729125127044
W6020,curtailment_only,False,24.901166031428573
W6021,curtailment_only,False,21.792163475140004
W6023,curtailment_only,False,23.91773888095881
W603,curtailment_only,False,18.86267204836401
W6032,curtailment_only,False,23.98854960206565
W6034,curtailment_only,False,23.31163928339113
W6036,curtailment_only,False,23.30015114524887
W6039,curtailment_only,False,24.84293907558506
W6040,curtailment_only,False,23.80047389765587
W6041,curtailment_only,False,23.582542066450987
W6045,curtailment_only,False,23.850426543357266
W6048,curtailment_only,False,23.582542066450987
W6049,curtailment_only,False,23.582542066450987
W6050,curtailment_only,False,23.482230847577554
W6056,curtailment_only,False,23.582542066450987
W6057,curtailment_only,False,21.958716402122874
W6058,curtailment_only,False,22.041658902374856
W606,curtailment_only,False,10.631841514571406
W6065,curtailment_only,False,22.9872519906229
W6067,curtailment_only,False,23.98854960206565
W6068,curtailment_only,False,23.542604265317696
W6069,curtailment_only,False,23.6462688233056
W607,curtailment_only,False,12.546595514890283
W6070,curtailment_only,False,23.6462688233056
W6072,curtailment_only,False,24.21079880313064
W6076,curtailment_only,False,21.248342276617176
W6077,curtailment_only,False,21.97274737444382
W6079,curtailment_only,False,22.17950445513114
W6081,curtailment_only,False,21.548531833155412
W6083,curtailment_only,False,22.64522817312306
W6088,curtailment_only,False,22.65533528770348
W6089,curtailment_only,False,22.66373851995467
W6090,curtailment_only,False,22.66373851995467
W6091,curtailment_only,False,22.66373851995467
W6092,curtailment_only,False,23.582542066450987
W6093,curtailment_only,False,23.582542066450987
W6094,curtailment_only,False,25.63035739859193
W6095,curtailment_only,False,23.582542066450987
W6096,curtailment_only,False,23.582542066450987
W6097,curtailment_only,False,23.582542066450987
W6098,curtailment_only,False,25.63035739859193
W6099,curtailment_only,False,25.63035739859193
W61,curtailment_only,False,19.97784091258171
W610,curtailment_only,False,3.3711087540225457
W6100,curtailment_only,False,25.63035739859193
W6101,curtailment_only,False,25.63035739859193
W6102,curtailment_only,False,25.63035739859193
W6103,curtailment_only,False,25.63035739859193
W6104,curtailment_only,False,25.52566817653497
W6105,curtailment_only,False,25.63035739859193
W6106,curtailment_only,False,25.63035739859193
W6107,curtailment_only,False,25.63035739859193
W6108,curtailment_only,False,25.63035739859193
W6109,curtailment_only,False,21.962410331377605
W6111,curtailment_only,False,21.62020304112209
W6112,curtailment_only,False,23.98854960206565
W6113,curtailment_only,False,22.1217957937401
W6115,curtailment_only,False,23.345396124487745
W6116,curtailment_only,False,24.14798393963743
W6117,curtailment_only,False,23.345396124487745
W6119,curtailment_only,False,26.94884126704337
W612,curtailment_only,False,19.525713469303827
W6120,curtailment_only,False,19.91291119204263
W6121,curtailment_only,False,0.0
W6126,curtailment_only,False,23.6462688233056
W6127,curtailment_only,False,21.26858502919744
W6129,curtailment_only,False,23.345396124487745
W6130,curtailment_only,False,0.0
W6131,curtailment_only,False,23.542604265317696
W6132,curtailment_only,False,22.169809969031363
W6133,curtailment_only,False,28.059820937306966
W6135,curtailment_only,False,23.747217454348565
W6136,curtailment_only,False,26.537446051020893
W6138,curtailment_only,False,19.920686081367386
W6140,curtailment_only,False,0.0
W6141,curtailment_only,False,23.542604265317696
W6142,curtailment_only,False,17.19550044488111
W6143,curtailment_only,False,22.65533528770348
W6144,curtailment_only,False,26.537446051020893
W6149,curtailment_only,False,0.0
W6150,curtailment_only,False,23.6462688233056
W6151,curtailment_only,False,0.0
W6159,curtailment_only,False,22.820427861090348
W6160,curtailment_only,False,23.54448353354613
W6161,curtailment_only,False,0.0
W6162,curtailment_only,False,22.286301111091944
W6163,curtailment_only,False,24.29854428596136
W6164,curtailment_only,False,26.305387164155384
W6166,curtailment_only,False,23.139446731894736
W6168,curtailment_only,False,26.08116707903519
W6169,curtailment_only,False,21.857275648833507
W617,curtailment_only,False,24.56949617679529
W6170,curtailment_only,False,0.0
W6172,curtailment_only,False,24.29854428596136
W6173,curtailment_only,False,26.06393052378369
W6175,curtailment_only,False,23.345396124487745
W6177,curtailment_only,False,23.19233423294532
W6180,curtailment_only,False,21.493479109827277
W6181,curtailment_only,False,23.345396124487745
W6190,curtailment_only,False,25.593911109933547
W6193,curtailment_only,False,25.542538871539318
W6196,curtailment_only,False,23.31163928339113
W6199,curtailment_only,False,24.29854428596136
W620,curtailment_only,False,23.546315012378678
W6200,curtailment_only,False,21.721378104542804
W6201,curtailment_only,False,15.642762390511855
W6205,curtailment_only,False,24.29854428596136
W6206,curtailment_only,False,23.6462688233056
W6208,curtailment_only,False,18.378392720302067
W621,curtailment_only,False,6.359555903435059
W6211,curtailment_only,False,16.266591384076587
W6213,curtailment_only,False,23.139446731894736
W6215,curtailment_only,False,25.11155732702561
W6216,curtailment_only,False,23.64747836476733
W6219,curtailment_only,False,25.669908318187527
W6220,curtailment_only,False,25.70856178123889
W6224,curtailment_only,False,22.66373851995467
W6226,curtailment_only,False,23.83178475518481
W6227,curtailment_only,False,24.29854428596136
W6230,curtailment_only,False,15.362612473359611
W6232,curtailment_only,False,11.240812826581552
W6233,curtailment_only,False,21.67449628750985
W6236,curtailment_only,False,28.970680243164733
W6239,curtailment_only,False,21.445063280722284
W6241,curtailment_only,False,20.086955508279495
W6242,curtailment_only,False,23.186886257384565
W6246,curtailment_only,False,22.130156576253505
W6247,curtailment_only,False,19.769988929829758
W6251,curtailment_only,False,26.962506851988
W6252,curtailment_only,False,24.087423949470256
W6253,curtailment_only,False,23.381818825564917
W6256,curtailment_only,False,22.266276985549133
W6257,curtailment_only,False,19.78769719106807
W6258,curtailment_only,False,21.601513101496906
W6260,curtailment_only,False,24.607786602618766
W6261,curtailment_only,False,19.623493430628773
W6265,curtailment_only,False,16.973487615431218
W6268,curtailment_only,True,31.54181218894431
W6270,curtailment_only,True,30.73083304518369
W6271,curtailment_only,True,31.54181218894431
W6276,curtailment_only,False,21.806288756391293
W6277,curtailment_only,False,23.033150981715806
W6278,curtailment_only,False,25.15089287273148
W6280,curtailment_only,False,23.31163928339113
W6282,curtailment_only,False,23.354075138744065
W6284,curtailment_only,False,24.21995473080496
W6285,curtailment_only,False,21.66402273220016
W6287,curtailment_only,False,21.66402273220016
W6288,curtailment_only,False,21.66402273220016
W6289,curtailment_only,False,21.66402273220016
W629,curtailment_only,True,67.36167176848181
W6290,curtailment_only,False,25.817508559232305
W6291,curtailment_only,False,25.817508559232305
W6292,curtailment_only,False,21.66402273220016
W6293,curtailment_only,False,21.46236882588721
W6295,curtailment_only,False,19.89797811915283
W6296,curtailment_only,False,21.90105957219014
W6299,curtailment_only,False,19.568729495448235
W6300,curtailment_only,False,18.77350855991716
W6301,curtailment_only,False,16.927958223026707
W6307,curtailment_only,False,23.49007226087516
W6308,curtailment_only,False,22.50930127604072
W6310,curtailment_only,False,26.53939334553723
W6311,curtailment_only,False,23.31163928339113
W6313,curtailment_only,False,27.708802469272843
W6314,curtailment_only,False,27.666561103259088
W6323,curtailment_only,False,21.978046172788865
W6325,curtailment_only,False,20.67159746061741
W6327,curtailment_only,False,23.345396124487745
W6337,curtailment_only,False,19.769988929829758
W6338,curtailment_only,False,26.783125809522332
W6339,curtailment_only,True,53.53896028624135
W6340,curtailment_only,False,26.470008414465568
W6345,curtailment_only,False,26.37322501900208
W6346,curtailment_only,False,24.812843952337044
W6350,curtailment_only,False,23.98854960206565
W6352,curtailment_only,True,29.600421789674847
W6355,curtailment_only,False,17.6474417424799
W6357,curtailment_only,False,23.83557993340801
W6360,curtailment_only,True,29.600421789674847
W6362,curtailment_only,False,24.29854428596136
W6363,curtailment_only,False,24.812843952337044
W6364,curtailment_only,False,25.23617229753767
W6368,curtailment_only,False,27.41115760982637
W6375,curtailment_only,True,37.71998560083358
W6378,curtailment_only,False,22.88293588300625
W6381,curtailment_only,False,26.01232908278304
W6384,curtailment_only,True,37.71998560083358
W6385,curtailment_only,False,0.0
W6386,curtailment_only,True,36.96558631258454
W6387,curtailment_only,False,22.311460687422297
W6388,curtailment_only,False,13.2619588287822
W6389,curtailment_only,False,27.31560861303358
W639,curtailment_only,False,0.0
W6390,curtailment_only,False,13.2619588287822
W6391,curtailment_only,False,25.876795679748287
W6392,curtailment_only,False,0.0
W6393,curtailment_only,False,24.55503962674644
W6394,curtailment_only,False,27.41115760982637
W6396,curtailment_only,False,21.66402273220016
W6398,curtailment_only,False,27.146240028858937
W640,curtailment_only,False,24.634838565656107
W6400,curtailment_only,False,24.247860641622623
W6401,curtailment_only,False,0.0
W6402,curtailment_only,False,23.98854960206565
W6403,curtailment_only,False,25.876795679748287
W6408,curtailment_only,False,24.812843952337044
W6409,curtailment_only,False,17.9976934591818
W641,curtailment_only,False,0.0
W6410,curtailment_only,False,22.730870762554005
W6413,curtailment_only,False,25.4895334251252
W6414,curtailment_only,False,26.331333784751884
W6415,curtailment_only,False,21.66402273220016
W6416,curtailment_only,False,22.730870762554005
W6417,curtailment_only,False,25.876795679748287
W6420,curtailment_only,False,24.812843952337044
W6422,curtailment_only,False,24.812843952337044
W6423,curtailment_only,False,26.01232908278304
W6424,curtailment_only,False,25.876795679748287
W6425,curtailment_only,False,25.4895334251252
W6427,curtailment_only,False,26.94884126704337
W6429,curtailment_only,False,19.31388508597404
W6431,curtailment_only,False,24.812843952337044
W6432,curtailment_only,False,26.01232908278304
W6435,curtailment_only,False,27.542433221416356
W6437,curtailment_only,False,23.033150981715806
W6438,curtailment_only,False,24.55503962674644
W6439,curtailment_only,False,26.17493927121004
W644,curtailment_only,False,0.0
W6440,curtailment_only,False,22.65533528770348
W6441,curtailment_only,False,19.91511230890785
W6442,curtailment_only,False,25.38018437426021
W6444,curtailment_only,False,11.69697907237768
W6447,curtailment_only,False,24.55503962674644
W645,curtailment_only,False,18.86267204836401
W6450,curtailment_only,False,27.59055496974294
W6451,curtailment_only,False,23.635221723928595
W6452,curtailment_only,True,31.922582327099065
W6453,curtailment_only,False,27.13395640917093
W6454,curtailment_only,False,25.876795679748287
W6457,curtailment_only,False,23.80047389765587
W646,curtailment_only,False,0.0
W6460,curtailment_only,False,25.542538871539318
W6461,curtailment_only,False,23.49057289999507
W6462,curtailment_only,False,24.040479861874697
W6464,curtailment_only,False,23.805772860191013
W6465,curtailment_only,False,26.526206102535404
W6469,curtailment_only,False,27.13395640917093
W6470,curtailment_only,False,18.051432560942715
W6472,curtailment_only,False,24.812843952337044
W6473,curtailment_only,False,26.482767016977945
W6474,curtailment_only,False,23.747217454348565
W6477,curtailment_only,False,19.973083178098303
W6478,curtailment_only,False,18.127110386836407
W648,curtailment_only,False,0.0
W6481,curtailment_only,False,23.747217454348565
W6483,curtailment_only,False,27.13395640917093
W6485,curtailment_only,False,15.504288889614816
W6486,curtailment_only,False,25.669908318187527
W6490,curtailment_only,False,26.127281388519915
W6492,curtailment_only,False,17.23772190512892
W6493,curtailment_only,False,22.790829435465284
W6494,curtailment_only,False,25.542538871539318
W6495,curtailment_only,False,23.747217454348565
W6497,curtailment_only,False,24.55503962674644
W650,curtailment_only,False,18.86267204836401
W6500,curtailment_only,False,10.688351475167098
W6502,curtailment_only,False,22.790829435465284
W6510,curtailment_only,False,22.790829435465284
W6511,curtailment_only,False,24.632344083644416
W6516,curtailment_only,False,23.675568907182093
W6517,curtailment_only,False,22.65533528770348
W6519,curtailment_only,False,25.863642616118437
W652,curtailment_only,False,0.0
W6520,curtailment_only,False,21.52495987408808
W6521,curtailment_only,False,24.632344083644416
W6522,curtailment_only,False,25.397814306581843
W6524,curtailment_only,False,24.812843952337044
W6528,curtailment_only,False,25.876795679748287
W6529,curtailment_only,False,22.790829435465284
W6530,curtailment_only,False,17.16945367960051
W6532,curtailment_only,False,23.675568907182093
W6533,curtailment_only,False,24.777409090202816
W6534,curtailment_only,False,21.747837393608584
W6536,curtailment_only,False,25.817508559232305
W6537,curtailment_only,False,25.51921465119677
W6538,curtailment_only,False,23.84375748366177
W6540,curtailment_only,False,24.632344083644416
W6541,curtailment_only,False,25.51921465119677
W6542,curtailment_only,False,25.89988352560633
W6543,curtailment_only,False,25.51921465119677
W6545,curtailment_only,False,23.023445197742628
W6546,curtailment_only,False,23.46037590399116
W6547,curtailment_only,False,25.817508559232305
W6549,curtailment_only,False,23.84375748366177
W655,curtailment_only,False,0.0
W6550,curtailment_only,True,30.629489325038524
W6551,curtailment_only,False,25.51921465119677
W6553,curtailment_only,False,23.198457759233538
W6555,curtailment_only,False,19.37511215460061
W6556,curtailment_only,False,26.127281388519915
W6560,curtailment_only,False,23.561245964544707
W6562,curtailment_only,False,22.65533528770348
W6568,curtailment_only,False,24.812843952337044
W6569,curtailment_only,False,24.26686901682462
W657,curtailment_only,False,0.0
W6570,curtailment_only,False,22.65533528770348
W6571,curtailment_only,False,24.855409066710838
W6575,curtailment_only,False,22.91898035361179
W6576,curtailment_only,False,21.857275648833507
W6577,curtailment_only,False,25.51921465119677
W6583,curtailment_only,False,21.857275648833507
W6584,curtailment_only,False,25.51921465119677
W6585,curtailment_only,False,21.97274737444382
W6588,curtailment_only,False,23.675568907182093
W6590,curtailment_only,False,21.857275648833507
W6592,curtailment_only,False,21.85482208023377
W6595,curtailment_only,False,23.73403514838517
W6597,curtailment_only,False,17.36477381982678
W6598,curtailment_only,False,25.51921465119677
W6599,curtailment_only,False,19.529006174322834
W6600,curtailment_only,False,23.84375748366177
W6602,curtailment_only,False,27.25956307610265
W6604,curtailment_only,False,21.857275648833507
W6605,curtailment_only,False,25.57959448226602
W6607,curtailment_only,False,26.470008414465568
W6609,curtailment_only,False,15.773419657812155
W661,curtailment_only,False,0.0
W6611,curtailment_only,False,22.09775462842757
W6612,curtailment_only,False,22.65533528770348
W6613,curtailment_only,False,21.85135621515266
W6615,curtailment_only,False,24.87045786588715
W6617,curtailment_only,False,24.812843952337044
W6620,curtailment_only,False,22.65533528770348
W6621,curtailment_only,False,20.79259828405849
W6624,curtailment_only,False,26.127281388519915
W6627,curtailment_only,False,25.51921465119677
W6628,curtailment_only,False,23.30015114524887
W663,curtailment_only,False,0.0
W6630,curtailment_only,False,22.65533528770348
W6632,curtailment_only,False,24.812843952337044
W6635,curtailment_only,False,15.69215806446932
W6637,curtailment_only,False,22.64364212132045
W6638,curtailment_only,False,11.744913730563308
W6639,curtailment_only,False,23.80895760459099
W6643,curtailment_only,False,25.51921465119677
W6647,curtailment_only,False,21.40453173853427
W6648,curtailment_only,False,24.812843952337044
W665,curtailment_only,False,0.0
W6650,curtailment_only,False,26.13401879457664
W6651,curtailment_only,False,25.57959448226602
W6653,curtailment_only,False,25.51921465119677
W6655,curtailment_only,False,23.31163928339113
W6656,curtailment_only,False,27.708802469272843
W6658,curtailment_only,False,25.51921465119677
W6659,curtailment_only,False,23.50267891781486
W666,curtailment_only,False,19.678964945330893
W6660,curtailment_only,False,22.64364212132045
W6661,curtailment_only,False,25.51921465119677
W6664,curtailment_only,False,27.708802469272843
W6666,curtailment_only,False,25.51921465119677
W6667,curtailment_only,False,24.62458295711403
W6668,curtailment_only,False,24.2962709157812
W6669,curtailment_only,False,22.65533528770348
W6673,curtailment_only,False,24.3884170924776
W6674,curtailment_only,False,25.51921465119677
W6675,curtailment_only,False,24.2962709157812
W6676,curtailment_only,False,24.777409090202816
W6678,curtailment_only,False,24.458699538247853
W668,curtailment_only,False,0.0
W6680,curtailment_only,False,19.039958606798947
W6681,curtailment_only,False,24.812843952337044
W6682,curtailment_only,False,26.13401879457664
W6684,curtailment_only,False,25.51921465119677
W6686,curtailment_only,False,24.632344083644416
W6688,curtailment_only,False,22.80579215972243
W669,curtailment_only,False,25.91981701875715
W6691,curtailment_only,False,24.812843952337044
W6693,curtailment_only,False,24.812843952337044
W6694,curtailment_only,False,25.51921465119677
W6697,curtailment_only,False,23.676550060571763
W6698,curtailment_only,False,24.777409090202816
W670,curtailment_only,False,14.692670169451535
W6700,curtailment_only,False,23.11370670045136
W6702,curtailment_only,False,27.708802469272843
W6706,curtailment_only,False,24.812843952337044
W6707,curtailment_only,False,25.51921465119677
W6708,curtailment_only,False,19.85944491596858
W6709,curtailment_only,False,18.051432560942715
W6710,curtailment_only,False,28.112503678209343
W6712,curtailment_only,False,26.13401879457664
W6714,curtailment_only,False,26.59609249850834
W6715,curtailment_only,False,20.7601272506896
W6716,curtailment_only,False,24.55503962674644
W6717,curtailment_only,False,17.00634569629308
W6720,curtailment_only,False,26.34382096148069
W6721,curtailment_only,False,24.86047578493172
W6723,curtailment_only,True,29.9581275476208
W6725,curtailment_only,False,24.55503962674644
W6726,curtailment_only,False,24.458699538247853
W6728,curtailment_only,False,24.86047578493172
W6729,curtailment_only,False,25.51921465119677
W673,curtailment_only,False,18.44151796250127
W6730,curtailment_only,False,23.460294640116324
W6733,curtailment_only,False,24.55503962674644
W6736,curtailment_only,False,20.063190449474664
W6738,curtailment_only,False,25.542538871539318
W6739,curtailment_only,False,21.66402273220016
W674,curtailment_only,False,10.262021775848648
W6740,curtailment_only,False,24.777409090202816
W6743,curtailment_only,True,67.0785976046325
W6745,curtailment_only,False,23.46037590399116
W6747,curtailment_only,False,25.542538871539318
W6748,curtailment_only,False,21.66402273220016
W6749,curtailment_only,False,24.632344083644416
W6750,curtailment_only,False,23.84375748366177
W6752,curtailment_only,False,23.84375748366177
W6754,curtailment_only,False,26.537446051020893
W6755,curtailment_only,False,26.94884126704337
W6756,curtailment_only,False,23.94434601663133
W6757,curtailment_only,False,25.542538871539318
W6759,curtailment_only,False,26.205125480052324
W676,curtailment_only,False,0.0
W6764,curtailment_only,False,24.535855931829367
W6765,curtailment_only,False,23.404696859484613
W6766,curtailment_only,False,25.542538871539318
W6769,curtailment_only,False,24.70958610334343
W677,curtailment_only,False,17.616478063635288
W6771,curtailment_only,False,25.542538871539318
W6772,curtailment_only,False,24.62458295711403
W6774,curtailment_only,False,25.542538871539318
W6775,curtailment_only,False,25.51921465119677
W6776,curtailment_only,False,24.8242965307202
W6778,curtailment_only,False,15.41864729359822
W6779,curtailment_only,False,25.542538871539318
W678,curtailment_only,False,10.125220713948982
W6781,curtailment_only,False,25.06256603580721
W6783,curtailment_only,False,25.51921465119677
W6785,curtailment_only,False,13.297363551797668
W6786,curtailment_only,False,26.975384382512807
W6788,curtailment_only,False,24.458699538247853
W6789,curtailment_only,False,20.366659805802637
W6790,curtailment_only,False,22.433047940300245
W6792,curtailment_only,False,25.452111804835678
W6793,curtailment_only,False,24.777409090202816
W6795,curtailment_only,False,24.458699538247853
W6797,curtailment_only,False,27.13395640917093
W680,curtailment_only,False,0.0
W6800,curtailment_only,False,13.297363551797668
W6802,curtailment_only,False,24.458699538247853
W6803,curtailment_only,False,25.707703105181384
W6805,curtailment_only,False,24.62458295711403
W6806,curtailment_only,False,24.34243833675433
W6808,curtailment_only,False,23.565014706374484
W6809,curtailment_only,False,25.51921465119677
W681,curtailment_only,False,22.24514080810915
W6810,curtailment_only,False,25.303964164446327
W6812,curtailment_only,False,27.167678637742306
W6813,curtailment_only,False,25.707703105181384
W6814,curtailment_only,False,24.766159504471677
W6817,curtailment_only,False,25.233314155615272
W6818,curtailment_only,False,24.167829540603844
W6819,curtailment_only,False,26.537446051020893
W682,curtailment_only,False,12.987795969838697
W6823,curtailment_only,False,25.233314155615272
W6824,curtailment_only,False,24.45357687326809
W6825,curtailment_only,False,23.564555400258712
W6826,curtailment_only,False,27.647132657006424
W6828,curtailment_only,False,25.876795679748287
W683,curtailment_only,False,0.0
W6830,curtailment_only,False,27.13395640917093
W6831,curtailment_only,False,26.488799475547864
W6833,curtailment_only,False,14.718351922392662
W6835,curtailment_only,False,23.98854960206565
W6837,curtailment_only,False,23.850426543357266
W6838,curtailment_only,False,26.231548852042764
W6839,curtailment_only,False,24.777409090202816
W6841,curtailment_only,False,19.25519441232898
W6842,curtailment_only,False,26.17493927121004
W6844,curtailment_only,False,23.98854960206565
W6846,curtailment_only,False,24.777409090202816
W6847,curtailment_only,False,18.953362488229377
W6848,curtailment_only,False,25.75537995431358
W6849,curtailment_only,False,27.647132657006424
W6851,curtailment_only,False,21.857275648833507
W6852,curtailment_only,False,25.876795679748287
W6855,curtailment_only,False,24.040479861874697
W6856,curtailment_only,False,25.876795679748287
W6858,curtailment_only,False,23.646173109170764
W6859,curtailment_only,False,23.98854960206565
W686,curtailment_only,True,79.82213724574328
W6860,curtailment_only,False,21.857275648833507
W6864,curtailment_only,False,19.36080557103065
W6866,curtailment_only,True,29.15816263251397
W6867,curtailment_only,False,22.797230907445243
W6868,curtailment_only,False,19.812561301542644
W6869,curtailment_only,False,21.792163475140004
W6870,curtailment_only,False,10.836644346302256
W6875,curtailment_only,False,23.850426543357266
W6877,curtailment_only,False,24.458699538247853
W688,curtailment_only,False,0.0
W6882,curtailment_only,False,10.836644346302256
W6883,curtailment_only,False,23.22764630932873
W6886,curtailment_only,False,21.85482208023377
W689,curtailment_only,False,10.033002115525642
W6890,curtailment_only,False,22.794235871260195
W6894,curtailment_only,False,22.64364212132045
W6897,curtailment_only,False,24.169709002742906
W6901,curtailment_only,False,21.85482208023377
W6903,curtailment_only,False,22.64364212132045
W6904,curtailment_only,False,25.772342949565527
W6905,curtailment_only,False,22.16884737427332
W6906,curtailment_only,True,31.100789020500365
W6908,curtailment_only,False,21.84486491153485
W6909,curtailment_only,False,22.09581482281769
W691,curtailment_only,False,0.0
W6910,curtailment_only,True,53.53896028624135
W6911,curtailment_only,False,22.16884737427332
W6914,curtailment_only,False,28.5754063183088
W6915,curtailment_only,True,31.100789020500365
W6916,curtailment_only,False,21.84486491153485
W6918,curtailment_only,True,53.53896028624135
W6920,curtailment_only,False,22.16884737427332
W6921,curtailment_only,False,23.404696859484613
W6924,curtailment_only,False,27.41115760982637
W6925,curtailment_only,False,20.7601272506896
W6926,curtailment_only,False,26.87326600677474
W6927,curtailment_only,False,21.238996215826603
W6929,curtailment_only,False,21.248342276617176
W693,curtailment_only,True,287.3158197757214
W6930,curtailment_only,False,25.066639382525885
W6931,curtailment_only,True,53.53896028624135
W6933,curtailment_only,False,25.4895334251252
W6936,curtailment_only,False,26.87326600677474
W6937,curtailment_only,True,37.71998560083358
W6938,curtailment_only,False,21.248342276617176
W6942,curtailment_only,False,21.989838024504948
W6945,curtailment_only,False,28.557108825446928
W6946,curtailment_only,False,19.099969270013258
W6948,curtailment_only,False,25.75537995431358
W6953,curtailment_only,False,24.49977765127593
W6954,curtailment_only,True,36.2111864122285
W6956,curtailment_only,True,36.2111864122285
W6958,curtailment_only,False,23.608186732720306
W6959,curtailment_only,False,25.4895334251252
W6960,curtailment_only,False,24.76000374296902
W6966,curtailment_only,False,21.66402273220016
W6967,curtailment_only,False,25.4895334251252
W6968,curtailment_only,False,26.657976853272626
W6969,curtailment_only,False,24.49977765127593
W6970,curtailment_only,False,23.85191887794976
W6972,curtailment_only,False,24.122274466000835
W6973,curtailment_only,False,25.4895334251252
W6975,curtailment_only,False,23.49057289999507
W6976,curtailment_only,False,23.127307166214635
W6980,curtailment_only,False,27.015394108268488
W6981,curtailment_only,False,18.378392720302067
W699,curtailment_only,False,0.0
W6994,curtailment_only,False,27.25956307610265
W6997,curtailment_only,False,21.721378104542804
W6998,curtailment_only,False,23.11703982849182
W6999,curtailment_only,False,24.004052477757977
W7,curtailment_only,False,8.526869949437428
W70,curtailment_only,False,16.256796227834013
W700,curtailment_only,False,12.546595514890283
W7002,curtailment_only,True,80.56908908396657
W7003,curtailment_only,False,24.8242965307202
W7005,curtailment_only,False,24.885436288774667
W7006,curtailment_only,False,19.381270362546893
W7007,curtailment_only,False,26.32836654828065
W701,curtailment_only,True,322.48143337638567
W7010,curtailment_only,True,36.85775112453369
W7011,curtailment_only,True,318.91356108822686
W7013,curtailment_only,True,36.674379786443005
W7014,curtailment_only,False,24.86047578493172
W7015,curtailment_only,False,26.32836654828065
W7016,curtailment_only,True,36.674379786443005
W7017,curtailment_only,False,25.91139717455409
W7018,curtailment_only,False,24.3884170924776
W7019,curtailment_only,True,29.15816263251397
W702,curtailment_only,False,0.0
W7022,curtailment_only,True,90.08505348541333
W7023,curtailment_only,False,20.73366809354172
W7024,curtailment_only,False,25.91139717455409
W7027,curtailment_only,True,90.08505348541333
W7028,curtailment_only,False,5.590452214410871
W7029,curtailment_only,True,29.15816263251397
W703,curtailment_only,False,9.828384050757284
W7030,curtailment_only,False,20.46224259337546
W7032,curtailment_only,False,18.99001754112695
W7033,curtailment_only,False,19.717675555484423
W7034,curtailment_only,False,24.3884170924776
W7038,curtailment_only,False,21.35359788918401
W7041,curtailment_only,True,90.08505348541333
W7042,curtailment_only,False,25.91139717455409
W7048,curtailment_only,False,24.86047578493172
W7049,curtailment_only,False,21.846407659857032
W705,curtailment_only,False,0.0
W7050,curtailment_only,False,25.91139717455409
W7053,curtailment_only,False,7.688785203457907
W7054,curtailment_only,True,679.0620779867003
W7055,curtailment_only,False,26.13401879457664
W7056,curtailment_only,False,21.846407659857032
W7057,curtailment_only,False,8.252338376569549
W7058,curtailment_only,False,27.859769784894755
W7059,curtailment_only,False,25.91139717455409
W7062,curtailment_only,False,26.13401879457664
W7064,curtailment_only,False,27.02544054205787
W7067,curtailment_only,False,1.8160083602535808
W7073,curtailment_only,True,169.76552002026745
W7075,curtailment_only,False,6.506119336883558
W7078,curtailment_only,False,13.748261929061288
W7079,curtailment_only,False,27.02544054205787
W708,curtailment_only,False,0.0
W7080,curtailment_only,True,45.30429999433451
W7081,curtailment_only,True,169.76552002026745
W7082,curtailment_only,False,13.947531713277542
W7085,curtailment_only,False,13.695780734647023
W7086,curtailment_only,False,13.748261929061288
W7099,curtailment_only,False,21.041811381673615
W710,curtailment_only,True,159.64427458050574
W7100,curtailment_only,False,18.61757446544045
W7101,curtailment_only,False,21.041811381673615
W7102,curtailment_only,False,20.86978649197594
W7103,curtailment_only,False,16.107431399594546
W7105,curtailment_only,False,23.2925360941473
W7108,curtailment_only,False,12.631513669417805
W7117,curtailment_only,False,22.424765009199984
W7118,curtailment_only,False,28.993958526523038
W712,curtailment_only,False,0.0
W7122,curtailment_only,False,26.49030505023464
W7123,curtailment_only,False,20.96436752701667
W7124,curtailment_only,True,30.300751475822494
W7125,curtailment_only,True,30.300751475822494
W7126,curtailment_only,False,26.571018567417784
W7127,curtailment_only,True,30.300751475822494
W713,curtailment_only,False,10.298990365292063
W7130,curtailment_only,False,2.14180613083089
W7132,curtailment_only,False,2.14180613083089
W7133,curtailment_only,False,2.14180613083089
W7135,curtailment_only,False,1.7535240172829831
W7136,curtailment_only,False,0.8742459052359954
W7137,curtailment_only,False,2.814607310192966
W7138,curtailment_only,False,5.087804492621069
W7139,curtailment_only,False,2.897947002699212
W714,curtailment_only,True,79.82213724574328
W7140,curtailment_only,False,2.7617936015700866
W7141,curtailment_only,False,6.666223838274261
W7142,curtailment_only,False,3.5848928150137644
W7143,curtailment_only,False,2.897947002699212
W7144,curtailment_only,False,7.085177899861811
W7145,curtailment_only,False,5.1401141642857935
W7146,curtailment_only,False,6.414874483729545
W7147,curtailment_only,False,5.252367548036068
W7149,curtailment_only,False,5.368267850873793
W7150,curtailment_only,False,0.8916220472404881
W7151,curtailment_only,False,8.658310049354505
W7152,curtailment_only,False,8.658310049354505
W7153,curtailment_only,False,8.658310049354505
W7154,curtailment_only,False,10.213324896446494
W7155,curtailment_only,False,7.834569498066378
W7157,curtailment_only,False,10.52178404471514
W7159,curtailment_only,False,2.8976825700293936
W716,curtailment_only,False,25.24476443627509
W7160,curtailment_only,False,2.8976825700293936
W7161,curtailment_only,False,2.8976825700293936
W7163,curtailment_only,False,2.81174797798892
W7164,curtailment_only,False,2.8976825700293936
W7166,curtailment_only,False,4.683613884927343
W7167,curtailment_only,False,8.252338376569549
W717,curtailment_only,False,14.814615343062654
W7170,curtailment_only,False,8.269282467957176
W7175,curtailment_only,False,13.748261929061288
W7176,curtailment_only,True,497.93194897214033
W7177,curtailment_only,True,29.15816263251397
W7178,curtailment_only,False,2.32580384231104
W7180,curtailment_only,True,99.5863899336927
W7182,curtailment_only,False,15.71911160214793
W7183,curtailment_only,True,29.15816263251397
W7185,curtailment_only,True,99.5863899336927
W7187,curtailment_only,False,21.891637654656275
W7188,curtailment_only,False,13.59059801959273
W719,curtailment_only,False,10.631841514571406
W7192,curtailment_only,True,71.70220019472306
W7193,curtailment_only,True,75.64290530649397
W7194,curtailment_only,True,29.16341080726705
W7195,curtailment_only,True,79.66911195610304
W7196,curtailment_only,True,30.300751475822494
W7197,curtailment_only,False,2.6354623897353946
W7199,curtailment_only,False,6.576885073459335
W7201,curtailment_only,False,22.425370403146083
W7202,curtailment_only,False,8.660892319540443
W7203,curtailment_only,True,80.56908908396657
W7204,curtailment_only,False,3.19732196420394
W7205,curtailment_only,False,25.00996219899857
W7208,curtailment_only,False,29.029830695146977
W7212,curtailment_only,False,25.91139717455409
W7213,curtailment_only,True,44.05112949676943
W7214,curtailment_only,False,26.943464242303627
W7218,curtailment_only,False,4.516530898875621
W7219,curtailment_only,False,25.91139717455409
W7220,curtailment_only,False,13.164472112491262
W7221,curtailment_only,False,25.91139717455409
W7222,curtailment_only,True,97.45839163376824
W7223,curtailment_only,False,22.820427861090348
W7224,curtailment_only,True,184.0539467972923
W7226,curtailment_only,False,4.846449883110355
W7228,curtailment_only,False,13.59059801959273
W7229,curtailment_only,False,25.91139717455409
W7230,curtailment_only,False,13.59059801959273
W7232,curtailment_only,False,1.81509529896968
W7233,curtailment_only,True,35.66119678049342
W7235,curtailment_only,True,93.56005645352327
W7237,curtailment_only,False,25.91139717455409
W7239,curtailment_only,False,27.2478664688717
W724,curtailment_only,False,14.814615343062654
W7242,curtailment_only,False,25.91139717455409
W7243,curtailment_only,True,35.66119678049342
W7244,curtailment_only,False,25.91139717455409
W7245,curtailment_only,False,28.3618480245398
W7246,curtailment_only,False,20.5822450475304
W7248,curtailment_only,True,85.29070781655858
W7249,curtailment_only,False,2.8474025332093857
W725,curtailment_only,False,0.0
W7250,curtailment_only,False,25.91139717455409
W7253,curtailment_only,True,30.822078717256804
W7254,curtailment_only,False,2.8976825700293936
W7256,curtailment_only,True,44.05112949676943
W7257,curtailment_only,True,80.56908908396657
W7258,curtailment_only,True,44.05112949676943
W7260,curtailment_only,True,42.645354083874544
W7261,curtailment_only,False,6.199034537097181
W7265,curtailment_only,True,80.56908908396657
W7268,curtailment_only,True,32.150052428004955
W7269,curtailment_only,True,30.662149509166785
W7270,curtailment_only,False,5.213926899118715
W7272,curtailment_only,True,80.56908908396657
W7273,curtailment_only,True,29.898812897112798
W7276,curtailment_only,True,44.05112949676943
W7277,curtailment_only,True,31.54181218894431
W7278,curtailment_only,False,8.658310049354505
W7279,curtailment_only,False,26.516112773785363
W7281,curtailment_only,True,59.58219772182094
W7284,curtailment_only,False,3.513628594748284
W7285,curtailment_only,True,44.05112949676943
W7287,curtailment_only,False,29.119234014188024
W7288,curtailment_only,True,130.43449951832417
W729,curtailment_only,False,0.0
W7294,curtailment_only,False,19.47552727443784
W7295,curtailment_only,False,16.369084173270295
W7299,curtailment_only,False,17.99504436936372
W73,curtailment_only,False,18.44151796250127
W730,curtailment_only,False,11.529122236950814
W7300,curtailment_only,False,19.99461955167172
W7302,curtailment_only,False,17.63861331703995
W7306,curtailment_only,False,15.515262866921285
W7307,curtailment_only,False,17.63861331703995
W731,curtailment_only,False,10.451931405210209
W7314,curtailment_only,False,18.559924516773304
W7317,curtailment_only,False,12.67695238851841
W7318,curtailment_only,False,18.52258024414219
W7319,curtailment_only,False,16.632936795808362
W732,curtailment_only,False,15.138289277364024
W7324,curtailment_only,False,11.226321754225571
W734,curtailment_only,False,8.836245137956992
W7346,curtailment_only,False,20.55454889744043
W7353,curtailment_only,True,57.99784162214771
W7355,curtailment_only,True,131.81327556406367
W7356,curtailment_only,True,508.1667035550376
W7357,curtailment_only,True,1151.2052741464313
W7363,curtailment_only,False,5.590452214410871
W7364,curtailment_only,False,21.07991241385585
W7365,curtailment_only,False,4.919894013702237
W7369,curtailment_only,True,97.45839163376824
W7370,curtailment_only,False,26.995422832891776
W7371,curtailment_only,True,31.4097530588159
W7372,curtailment_only,False,2.9905034240217327
W7374,curtailment_only,False,5.59855282258548
W7376,curtailment_only,False,25.91139717455409
W7379,curtailment_only,False,24.356318319542225
W7380,curtailment_only,True,35.66119678049342
W7381,curtailment_only,False,27.6913540922946
W7382,curtailment_only,True,31.100789020500365
W7383,curtailment_only,True,32.150052428004955
W7384,curtailment_only,False,10.366766241103749
W7386,curtailment_only,False,25.91139717455409
W7388,curtailment_only,False,25.91139717455409
W7390,curtailment_only,False,26.995422832891776
W7393,curtailment_only,False,7.052552540360441
W7395,curtailment_only,False,27.83608601772928
W7396,curtailment_only,False,25.91139717455409
W7399,curtailment_only,True,35.66119678049342
W7402,curtailment_only,False,27.83608601772928
W7403,curtailment_only,False,12.903094210536969
W7405,curtailment_only,False,25.91139717455409
W7408,curtailment_only,True,84.86425314179232
W7409,curtailment_only,False,27.740287262138253
W741,curtailment_only,False,0.0
W7410,curtailment_only,True,29.524933817707737
W7411,curtailment_only,False,7.052552540360441
W7412,curtailment_only,False,24.166813441926703
W7414,curtailment_only,False,17.01332546865296
W7415,curtailment_only,False,20.97461341660995
W7416,curtailment_only,False,21.041811381673615
W7417,curtailment_only,False,13.722462963759538
W7418,curtailment_only,False,6.82194734424341
W7419,curtailment_only,True,99.5863899336927
W7421,curtailment_only,True,35.812070985992285
W7422,curtailment_only,False,27.753871155840837
W7423,curtailment_only,False,18.129839851041083
W7424,curtailment_only,True,35.66119678049342
W7425,curtailment_only,False,13.748261929061288
W7426,curtailment_only,False,15.013612448789852
W7427,curtailment_only,False,2.897947002699212
W743,curtailment_only,True,263.3031363806398
W7430,curtailment_only,False,18.28681031822221
W7431,curtailment_only,True,35.66119678049342
W7437,curtailment_only,False,15.443457248608023
W7438,curtailment_only,False,29.104094593890864
W7439,curtailment_only,True,213.96717808641327
W7442,curtailment_only,False,11.722378956028413
W7443,curtailment_only,False,12.125887050088885
W7444,curtailment_only,False,18.664104897513425
W7445,curtailment_only,False,16.00912981861358
W7446,curtailment_only,False,27.83608601772928
W7447,curtailment_only,True,35.66119678049342
W7448,curtailment_only,False,21.041811381673615
W7449,curtailment_only,False,18.664104897513425
W745,curtailment_only,False,0.0
W7450,curtailment_only,False,12.165815573611876
W7451,curtailment_only,False,23.831713008880172
W7453,curtailment_only,False,26.149270971622308
W7455,curtailment_only,False,22.50930127604072
W7456,curtailment_only,False,5.590452214410871
W7458,curtailment_only,False,26.149270971622308
W7460,curtailment_only,True,35.66119678049342
W7463,curtailment_only,False,12.125887050088885
W7465,curtailment_only,False,26.149270971622308
W7466,curtailment_only,False,2.236538967372342
W7468,curtailment_only,True,35.66119678049342
W7470,curtailment_only,True,89.53017843423751
W7472,curtailment_only,False,2.236538967372342
W7473,curtailment_only,False,5.590452214410871
W7474,curtailment_only,True,31.669938330079056
W7476,curtailment_only,False,27.785872985137665
W7477,curtailment_only,True,35.66119678049342
W7479,curtailment_only,True,29.15816263251397
W748,curtailment_only,True,120.4513395130378
W7480,curtailment_only,True,35.66119678049342
W7485,curtailment_only,False,21.43632308789676
W7486,curtailment_only,False,2.236538967372342
W7487,curtailment_only,True,35.66119678049342
W7489,curtailment_only,False,26.35192872968889
W7490,curtailment_only,True,99.5863899336927
W7491,curtailment_only,False,27.29984461331508
W7492,curtailment_only,True,60.4057321507501
W7493,curtailment_only,False,27.83608601772928
W7494,curtailment_only,False,20.096178293687647
W7495,curtailment_only,True,35.66119678049342
W7497,curtailment_only,False,2.236538967372342
W7498,curtailment_only,True,169.76552002026745
W7500,curtailment_only,False,26.13401879457664
W7502,curtailment_only,False,21.43632308789676
W7504,curtailment_only,False,6.794769989918611
W7505,curtailment_only,False,27.381744855363703
W7507,curtailment_only,False,26.32836654828065
W7508,curtailment_only,True,35.66119678049342
W7509,curtailment_only,False,16.59376850844151
W7511,curtailment_only,False,9.313685638412435
W7512,curtailment_only,True,90.08505348541333
W7514,curtailment_only,True,34.34030354608406
W7515,curtailment_only,True,30.276504822250345
W7516,curtailment_only,True,35.66119678049342
W7518,curtailment_only,False,4.168949194949793
W7519,curtailment_only,False,20.564442271838445
W7520,curtailment_only,True,34.34030354608406
W7521,curtailment_only,True,42.645354083874544
W7522,curtailment_only,True,35.66119678049342
W7523,curtailment_only,False,18.664104897513425
W7525,curtailment_only,False,18.945381609328496
W7526,curtailment_only,False,7.881890631199752
W7527,curtailment_only,False,21.14635984490799
W7530,curtailment_only,False,15.034597687338268
W7532,curtailment_only,True,90.08505348541333
W7533,curtailment_only,False,4.810751921688482
W7534,curtailment_only,False,24.3884170924776
W7535,curtailment_only,True,42.78801904022665
W7536,curtailment_only,False,20.371431357445104
W7537,curtailment_only,False,18.89263468468754
W7539,curtailment_only,False,18.664104897513425
W7540,curtailment_only,False,5.072228813208958
W7541,curtailment_only,True,90.08505348541333
W7543,curtailment_only,False,25.65701858107992
W7544,curtailment_only,False,19.55795661683346
W7545,curtailment_only,True,35.66119678049342
W7546,curtailment_only,True,29.155066383994026
W7547,curtailment_only,False,18.664104897513425
W7548,curtailment_only,False,7.881890631199752
W7549,curtailment_only,False,3.1479990935469897
W7552,curtailment_only,False,29.119234014188024
W7554,curtailment_only,True,169.76552002026745
W7557,curtailment_only,False,7.206232792959403
W7559,curtailment_only,True,29.654815279959625
W756,curtailment_only,False,12.413329568814786
W7560,curtailment_only,True,35.66119678049342
W7562,curtailment_only,False,25.65701858107992
W7563,curtailment_only,False,3.1479990935469897
W7564,curtailment_only,False,26.199213074341703
W7565,curtailment_only,False,21.794793365450804
W7567,curtailment_only,False,28.679558373026893
W7568,curtailment_only,True,35.66119678049342
W7571,curtailment_only,False,28.56561191123189
W7572,curtailment_only,True,75.64290530649397
W7574,curtailment_only,False,25.593911109933547
W7578,curtailment_only,True,35.66119678049342
W7579,curtailment_only,True,169.76552002026745
W7580,curtailment_only,False,3.1479990935469897
W7586,curtailment_only,True,169.76552002026745
W7587,curtailment_only,False,4.865344164772334
W759,curtailment_only,False,3.831063674000788
W7592,curtailment_only,True,35.66119678049342
W7593,curtailment_only,True,429.5605618893466
W7594,curtailment_only,False,7.283477334906979
W7595,curtailment_only,True,339.5310403258029
W7600,curtailment_only,True,44.05112949676943
W7601,curtailment_only,False,4.691802248784442
W7602,curtailment_only,False,15.034597687338268
W7603,curtailment_only,True,29.549776720443436
W7604,curtailment_only,False,12.56166115436082
W7606,curtailment_only,True,44.05112949676943
W7608,curtailment_only,False,23.2925360941473
W761,curtailment_only,False,10.262021775848648
W7610,curtailment_only,False,3.1479990935469897
W7611,curtailment_only,True,29.549776720443436
W7612,curtailment_only,False,17.088279925639515
W7613,curtailment_only,False,18.664104897513425
W7615,curtailment_only,False,27.574777605998257
W7617,curtailment_only,False,3.478243625700825
W7619,curtailment_only,False,12.56166115436082
W7620,curtailment_only,False,18.664104897513425
W7621,curtailment_only,True,391.7827379083532
W7624,curtailment_only,False,8.551612936452958
W7625,curtailment_only,False,18.664104897513425
W7626,curtailment_only,True,30.584122902604687
W7628,curtailment_only,True,380.9400536574837
W763,curtailment_only,False,16.109968449164683
W7631,curtailment_only,False,9.15086221122753
W7632,curtailment_only,False,18.664104897513425
W7634,curtailment_only,False,18.664104897513425
W7636,curtailment_only,False,11.522458947386188
W7637,curtailment_only,True,389.83356633054666
W7638,curtailment_only,False,23.2925360941473
W7639,curtailment_only,True,30.645553118181983
W764,curtailment_only,False,13.527529351508006
W7641,curtailment_only,False,18.664104897513425
W7642,curtailment_only,False,12.573105115164916
W7644,curtailment_only,False,26.149270971622308
W7645,curtailment_only,False,17.841271696476444
W7649,curtailment_only,True,192.14187223631012
W7650,curtailment_only,True,81.27398996509609
W7651,curtailment_only,False,22.60032941645671
W7653,curtailment_only,False,22.8934124539871
W7654,curtailment_only,False,13.722462963759538
W7655,curtailment_only,False,18.664104897513425
W7657,curtailment_only,False,26.281886292362035
W7658,curtailment_only,False,2.236538967372342
W7660,curtailment_only,False,18.664104897513425
W7661,curtailment_only,True,29.549776720443436
W7663,curtailment_only,False,18.664104897513425
W7664,curtailment_only,True,32.14264595102042
W7665,curtailment_only,False,13.722462963759538
W7666,curtailment_only,False,6.879003517718617
W7668,curtailment_only,False,18.664104897513425
W7669,curtailment_only,False,23.899018265734696
W7670,curtailment_only,True,162.54798045260674
W7671,curtailment_only,False,18.664104897513425
W7672,curtailment_only,False,28.77218462060456
W7674,curtailment_only,False,18.664104897513425
W7675,curtailment_only,False,8.697447447295632
W7676,curtailment_only,False,18.945381609328496
W7678,curtailment_only,False,22.1158484390926
W7679,curtailment_only,False,18.664104897513425
W7680,curtailment_only,False,28.79082466348402
W7681,curtailment_only,False,18.664104897513425
W7683,curtailment_only,True,35.66119678049342
W7684,curtailment_only,False,4.7276592827672586
W7687,curtailment_only,False,14.18739604460643
W7688,curtailment_only,False,24.516527074268325
W7690,curtailment_only,False,13.11787172564637
W7691,curtailment_only,False,18.664104897513425
W7692,curtailment_only,False,4.7276592827672586
W7693,curtailment_only,True,34.16107862727755
W7695,curtailment_only,True,29.69699314124173
W7696,curtailment_only,True,81.27398996509609
W7698,curtailment_only,False,18.664104897513425
W770,curtailment_only,False,12.987795969838697
W7700,curtailment_only,True,34.16107862727755
W7705,curtailment_only,False,18.664104897513425
W7710,curtailment_only,False,23.564555400258712
W7712,curtailment_only,False,18.664104897513425
W7714,curtailment_only,False,4.604889723244268
W7717,curtailment_only,False,27.028718893403397
W7718,curtailment_only,False,9.484144199031167
W7720,curtailment_only,False,21.46236882588721
W7721,curtailment_only,False,7.6467682928329985
W7723,curtailment_only,False,18.664104897513425
W7725,curtailment_only,True,34.00293988826534
W7727,curtailment_only,True,36.674379786443005
W7729,curtailment_only,True,62.67709293839805
W773,curtailment_only,False,18.86267204836401
W7731,curtailment_only,False,18.664104897513425
W7733,curtailment_only,False,4.669665485240769
W7734,curtailment_only,False,13.018030936041152
W7735,curtailment_only,True,83.26781214885325
W7736,curtailment_only,False,8.980408760695045
W7737,curtailment_only,False,22.143265314090343
W7741,curtailment_only,False,7.1733627557791495
W7742,curtailment_only,False,22.16884737427332
W7744,curtailment_only,False,18.664104897513425
W7746,curtailment_only,False,18.664104897513425
W7748,curtailment_only,False,21.46236882588721
W7749,curtailment_only,False,22.600273339039063
W775,curtailment_only,False,10.262021775848648
W7750,curtailment_only,False,20.7276332296895
W7753,curtailment_only,False,26.273387321749897
W7754,curtailment_only,True,29.549776720443436
W7756,curtailment_only,False,22.143265314090343
W7757,curtailment_only,True,29.524933817707737
W7758,curtailment_only,False,18.52258024414219
W7759,curtailment_only,False,20.86978649197594
W776,curtailment_only,False,5.437473953749481
W7760,curtailment_only,False,27.02544054205787
W7761,curtailment_only,False,18.664104897513425
W7764,curtailment_only,False,23.46037590399116
W7765,curtailment_only,False,22.143265314090343
W7769,curtailment_only,False,27.785872985137665
W7770,curtailment_only,False,18.664104897513425
W7772,curtailment_only,True,107.39014074281224
W7773,curtailment_only,False,22.143265314090343
W7775,curtailment_only,False,23.899018265734696
W7776,curtailment_only,True,36.674379786443005
W7777,curtailment_only,False,27.785872985137665
W7778,curtailment_only,True,107.39014074281224
W7779,curtailment_only,False,18.664104897513425
W7780,curtailment_only,False,22.143265314090343
W7784,curtailment_only,True,249.8034309823364
W7785,curtailment_only,False,19.82040773776508
W7787,curtailment_only,True,124.90171586071102
W7788,curtailment_only,True,30.784254313568347
W7789,curtailment_only,True,30.300751475822494
W7791,curtailment_only,False,22.143265314090343
W7792,curtailment_only,False,18.664104897513425
W7793,curtailment_only,True,62.67709293839805
W7794,curtailment_only,True,31.100789020500365
W7796,curtailment_only,False,21.984512897513877
W7799,curtailment_only,True,30.300751475822494
W7804,curtailment_only,True,36.71742765397944
W7805,curtailment_only,False,25.776094308777065
W7806,curtailment_only,True,83.26781214885325
W7807,curtailment_only,False,23.708890428166875
W7808,curtailment_only,False,14.27277706866761
W7809,curtailment_only,False,14.8999281771089
W7812,curtailment_only,True,30.300751475822494
W7813,curtailment_only,False,22.09272813333775
W7814,curtailment_only,False,20.05591192596585
W7815,curtailment_only,False,14.51073942992284
W7816,curtailment_only,True,83.26781214885325
W7819,curtailment_only,True,29.15816263251397
W7820,curtailment_only,False,27.25956307610265
W7821,curtailment_only,False,23.31163928339113
W7822,curtailment_only,False,18.664104897513425
W7824,curtailment_only,False,27.02544054205787
W7825,curtailment_only,False,18.664104897513425
W7826,curtailment_only,True,97.45839163376824
W7828,curtailment_only,True,32.150052428004955
W7829,curtailment_only,True,29.15816263251397
W7830,curtailment_only,True,29.15816263251397
W7832,curtailment_only,True,413.7680632352626
W7833,curtailment_only,False,18.664104897513425
W7834,curtailment_only,False,15.633419280856067
W7835,curtailment_only,True,413.7680632352626
W7837,curtailment_only,True,130.43449951832417
W7838,curtailment_only,True,30.300751475822494
W7840,curtailment_only,True,29.665376838598934
W7844,curtailment_only,True,36.85775112453369
W7845,curtailment_only,True,130.43449951832417
W7846,curtailment_only,False,28.470310819601576
W7848,curtailment_only,False,5.345607769305915
W7849,curtailment_only,False,18.664104897513425
W785,curtailment_only,False,13.47581841007096
W7850,curtailment_only,True,30.276504822250345
W7851,curtailment_only,True,36.674379786443005
W7852,curtailment_only,True,30.300751475822494
W7853,curtailment_only,True,125.21711907730668
W7854,curtailment_only,False,24.3884170924776
W7855,curtailment_only,False,18.52258024414219
W7856,curtailment_only,False,11.64417270035488
W7857,curtailment_only,False,21.364165060433027
W7861,curtailment_only,True,125.21711907730668
W7862,curtailment_only,False,26.13401879457664
W7863,curtailment_only,True,130.43449951832417
W7864,curtailment_only,False,13.14807254393007
W7865,curtailment_only,True,30.491599555294226
W7866,curtailment_only,False,18.557842694561163
W7867,curtailment_only,False,21.879760673204007
W7868,curtailment_only,False,21.984512897513877
W7869,curtailment_only,False,23.989516712839517
W7870,curtailment_only,False,18.656827201320223
W7872,curtailment_only,False,22.797557044902653
W7873,curtailment_only,False,22.659251635050985
W7875,curtailment_only,False,26.13401879457664
W7876,curtailment_only,True,59.58219772182094
W7877,curtailment_only,True,30.300751475822494
W7878,curtailment_only,False,17.57679458972267
W788,curtailment_only,False,0.0
W7880,curtailment_only,True,229.067981713417
W7883,curtailment_only,True,32.405244034115604
W7884,curtailment_only,True,30.300751475822494
W7885,curtailment_only,False,21.90105957219014
W7886,curtailment_only,False,16.60897782486835
W7887,curtailment_only,True,81.27398996509609
W7888,curtailment_only,False,8.194197718520316
W7889,curtailment_only,False,22.143265314090343
W7890,curtailment_only,True,30.74307636872887
W7891,curtailment_only,False,19.50857787949326
W7893,curtailment_only,False,10.278477994632404
W7894,curtailment_only,True,483.4145323859964
W7896,curtailment_only,False,8.365298653724437
W7897,curtailment_only,True,62.67709293839805
W7898,curtailment_only,False,26.32836654828065
W7899,curtailment_only,False,25.91139717455409
W7900,curtailment_only,False,10.941365846489951
W7901,curtailment_only,False,18.068483216868007
W7903,curtailment_only,False,17.072697816152605
W7904,curtailment_only,True,59.58219772182094
W7906,curtailment_only,False,9.513601125962596
W7907,curtailment_only,False,25.91139717455409
W7909,curtailment_only,False,28.003175046756407
W7911,curtailment_only,True,59.58219772182094
W7913,curtailment_only,False,25.91139717455409
W7914,curtailment_only,True,59.58219772182094
W7916,curtailment_only,False,19.11730683570175
W7919,curtailment_only,False,23.394114740818583
W7921,curtailment_only,True,59.58219772182094
W7923,curtailment_only,True,229.067981713417
W7925,curtailment_only,False,27.792228782477487
W7926,curtailment_only,False,19.43127249164448
W7927,curtailment_only,True,32.405244034115604
W7931,curtailment_only,False,24.8242965307202
W7932,curtailment_only,False,17.63861331703995
W7933,curtailment_only,False,25.91139717455409
W7935,curtailment_only,True,30.300751475822494
W7937,curtailment_only,True,198.78810065039144
W7938,curtailment_only,False,18.538592784271728
W794,curtailment_only,False,22.720153524850684
W7941,curtailment_only,True,30.300751475822494
W7945,curtailment_only,False,21.35359788918401
W7946,curtailment_only,False,26.199213074341703
W7948,curtailment_only,True,42.645354083874544
W7949,curtailment_only,False,25.91139717455409
W7950,curtailment_only,False,19.43127249164448
W7951,curtailment_only,False,26.199213074341703
W7952,curtailment_only,True,198.78810065039144
W7953,curtailment_only,True,30.300751475822494
W7955,curtailment_only,False,18.230322295241976
W7956,curtailment_only,False,19.43127249164448
W7957,curtailment_only,True,229.067981713417
W7958,curtailment_only,True,42.645354083874544
W7962,curtailment_only,False,21.79456337575521
W7964,curtailment_only,False,19.43127249164448
W7965,curtailment_only,True,198.78810065039144
W7968,curtailment_only,True,109.10636578405332
W7969,curtailment_only,False,19.43127249164448
W797,curtailment_only,False,15.443039079884034
W7970,curtailment_only,False,27.56658897681065
W7972,curtailment_only,True,109.10636578405332
W7973,curtailment_only,True,198.78810065039144
W7974,curtailment_only,False,21.978046172788865
W7976,curtailment_only,True,198.78810065039144
W7977,curtailment_only,False,21.978046172788865
W7978,curtailment_only,True,30.300751475822494
W7981,curtailment_only,True,229.067981713417
W7982,curtailment_only,False,26.299831038796462
W7983,curtailment_only,False,19.765810745448185
W7984,curtailment_only,True,198.78810065039144
W7987,curtailment_only,False,27.30675410769985
W7988,curtailment_only,True,229.067981713417
W7990,curtailment_only,True,229.067981713417
W7991,curtailment_only,True,229.067981713417
W7998,curtailment_only,False,21.846407659857032
W7999,curtailment_only,False,21.846407659857032
W8000,curtailment_only,True,36.674379786443005
W8001,curtailment_only,False,8.365298653724437
W8002,curtailment_only,False,24.87679010226415
W8003,curtailment_only,False,8.365298653724437
W8004,curtailment_only,False,11.82368799651225
W8005,curtailment_only,False,3.032157968425778
W8006,curtailment_only,False,27.53056528326217
W8007,curtailment_only,False,27.53056528326217
W8009,curtailment_only,False,27.53056528326217
W8010,curtailment_only,False,8.365298653724437
W8011,curtailment_only,False,26.13915291202436
W8012,curtailment_only,False,8.365298653724437
W8013,curtailment_only,False,26.096195068184034
W8014,curtailment_only,False,8.365298653724437
W8015,curtailment_only,False,8.365298653724437
W8016,curtailment_only,False,6.283212804091772
W8017,curtailment_only,False,0.6999206428598252
W8018,curtailment_only,False,14.344954098389408
W8020,curtailment_only,False,8.319047922900793
W8022,curtailment_only,False,22.00604240457674
W8023,curtailment_only,False,25.16882467757776
W8026,curtailment_only,False,12.646210934424277
W8027,curtailment_only,False,10.65270395207235
W8028,curtailment_only,False,3.032157968425778
W8029,curtailment_only,False,3.032157968425778
W8030,curtailment_only,False,3.032157968425778
W8031,curtailment_only,False,2.98950748340085
W8032,curtailment_only,False,2.382200036843288
W8033,curtailment_only,False,2.3080711634360034
W8034,curtailment_only,False,3.032157968425778
W8035,curtailment_only,False,2.98950748340085
W8036,curtailment_only,False,3.032157968425778
W8037,curtailment_only,False,2.98950748340085
W8038,curtailment_only,False,3.032157968425778
W8039,curtailment_only,False,21.044361051539564
W8040,curtailment_only,False,16.598818688652333
W8041,curtailment_only,False,18.967225528247887
W8042,curtailment_only,False,18.01004304074971
W8043,curtailment_only,False,17.74459333888592
W8045,curtailment_only,True,62.882264364991805
W8047,curtailment_only,False,24.87679010226415
W8048,curtailment_only,False,23.931865996603413
W8050,curtailment_only,True,48.3709724993514
W8053,curtailment_only,False,24.87679010226415
W8054,curtailment_only,False,12.959288243003131
W8056,curtailment_only,False,10.819629664715675
W8058,curtailment_only,False,9.154519458421262
W8059,curtailment_only,False,12.17247387551574
W8061,curtailment_only,False,19.68213353659468
W8062,curtailment_only,False,23.26211058950455
W8064,curtailment_only,False,8.881368717824728
W8065,curtailment_only,False,12.646210934424277
W8066,curtailment_only,False,13.411774542334165
W8070,curtailment_only,False,11.82368799651225
W8071,curtailment_only,False,4.045959770545244
W8072,curtailment_only,False,2.7153354917982564
W8073,curtailment_only,False,2.7803562765056915
W8074,curtailment_only,False,4.045959770545244
W8075,curtailment_only,False,4.045959770545244
W8076,curtailment_only,False,12.866187161008405
W8077,curtailment_only,False,12.6517998919523
W8078,curtailment_only,False,11.624566738343049
W8079,curtailment_only,False,22.334829274649763
W8081,curtailment_only,False,11.624566738343049
W8082,curtailment_only,False,11.624566738343049
W8083,curtailment_only,False,20.869011086751296
W8085,curtailment_only,False,10.545880964445898
W8087,curtailment_only,False,16.058194198992283
W8088,curtailment_only,False,2.4490097152567425
W8089,curtailment_only,False,4.045959770545244
W809,curtailment_only,False,0.0
W8090,curtailment_only,False,20.759308693040005
W8091,curtailment_only,False,20.048309774104982
W8092,curtailment_only,False,20.048309774104982
W8093,curtailment_only,False,26.74893096017615
W8094,curtailment_only,False,27.53056528326217
W8095,curtailment_only,False,27.53056528326217
W8096,curtailment_only,True,33.64733670870073
W8098,curtailment_only,True,33.64733670870073
W8099,curtailment_only,False,10.714284989183074
W8100,curtailment_only,False,17.693163921333074
W8101,curtailment_only,False,19.084668584604035
W8102,curtailment_only,False,13.294051062124687
W8103,curtailment_only,False,20.419010719978026
W8104,curtailment_only,False,20.419010719978026
W8105,curtailment_only,False,20.173177568506883
W8107,curtailment_only,False,26.312490261011757
W8108,curtailment_only,False,20.173177568506883
W8109,curtailment_only,False,6.795010395839793
W811,curtailment_only,False,0.0
W8110,curtailment_only,False,9.903385640254058
W8111,curtailment_only,True,45.05830801945254
W8113,curtailment_only,False,28.374937737573298
W8115,curtailment_only,False,4.523784862924253
W8116,curtailment_only,False,11.88359818889706
W8117,curtailment_only,False,13.294051062124687
W8118,curtailment_only,False,13.294051062124687
W8119,curtailment_only,False,13.294051062124687
W8120,curtailment_only,False,13.517379675371998
W8121,curtailment_only,False,23.001376758003424
W8124,curtailment_only,False,7.974913521933353
W8125,curtailment_only,False,25.915401781502123
W8126,curtailment_only,False,14.901890955077622
W8128,curtailment_only,False,14.344954098389408
W8129,curtailment_only,False,17.341565839781953
W8130,curtailment_only,False,10.903888681245528
W8132,curtailment_only,False,14.344954098389408
W8133,curtailment_only,False,7.70354368773937
W8135,curtailment_only,False,6.919726669697485
W8136,curtailment_only,False,6.372147302164987
W8137,curtailment_only,False,5.4647370581185735
W8138,curtailment_only,False,12.994693082454166
W8139,curtailment_only,False,6.372147302164987
W814,curtailment_only,False,0.0
W8141,curtailment_only,False,14.901890955077622
W8143,curtailment_only,False,25.051439955684973
W8144,curtailment_only,False,16.787119686113837
W8145,curtailment_only,False,16.787119686113837
W8146,curtailment_only,False,16.787119686113837
W8147,curtailment_only,False,26.13915291202436
W8148,curtailment_only,False,23.527859228626465
W8150,curtailment_only,False,16.787119686113837
W8151,curtailment_only,False,20.419010719978026
W8152,curtailment_only,False,18.7402804406744
W8153,curtailment_only,True,30.062591102648327
W8154,curtailment_only,False,3.6713931080777935
W8155,curtailment_only,False,2.369809048987097
W8156,curtailment_only,False,20.419010719978026
W8157,curtailment_only,False,27.53056528326217
W8158,curtailment_only,False,5.832028198935248
W816,curtailment_only,False,0.0
W8160,curtailment_only,False,5.981240497341823
W8161,curtailment_only,False,26.74893096017615
W8162,curtailment_only,True,42.285164940094816
W8164,curtailment_only,False,26.486026365651824
W8166,curtailment_only,False,6.92381807155574
W8167,curtailment_only,False,8.194197718520316
W817,curtailment_only,False,18.3386714507473
W8170,curtailment_only,False,6.554131207199906
W8173,curtailment_only,False,22.797557044902653
W8174,curtailment_only,False,8.365298653724437
W8175,curtailment_only,False,19.429946005133388
W8176,curtailment_only,False,12.550691694854994
W8177,curtailment_only,False,14.344954098389408
W8178,curtailment_only,False,6.579927102275984
W818,curtailment_only,False,25.32705433717993
W8180,curtailment_only,False,6.52916843258721
W8182,curtailment_only,False,29.091692979642204
W8183,curtailment_only,False,12.646210934424277
W8184,curtailment_only,False,21.044361051539564
W8186,curtailment_only,False,18.915194309453657
W8187,curtailment_only,False,18.967764297683555
W8189,curtailment_only,False,21.775743543140862
W8192,curtailment_only,False,21.274657440248166
W8193,curtailment_only,False,18.967764297683555
W8194,curtailment_only,False,18.967764297683555
W8195,curtailment_only,False,18.967764297683555
W8196,curtailment_only,False,14.971048385780648
W8197,curtailment_only,False,14.12788614475382
W8198,curtailment_only,False,14.344954098389408
W820,curtailment_only,False,0.0
W8200,curtailment_only,False,14.12788614475382
W8201,curtailment_only,False,13.656522329364778
W8202,curtailment_only,False,13.916591140035184
W8203,curtailment_only,False,24.699779522528274
W8205,curtailment_only,False,14.901890955077622
W8206,curtailment_only,False,13.7271066686552
W8207,curtailment_only,False,17.442712375249606
W8208,curtailment_only,False,22.95846143259765
W8210,curtailment_only,False,2.465542577959065
W8211,curtailment_only,False,2.465542577959065
W8212,curtailment_only,False,17.02972121911948
W8213,curtailment_only,False,13.294051062124687
W8214,curtailment_only,True,30.45239573672008
W8215,curtailment_only,False,25.92281752029272
W8216,curtailment_only,False,16.22759748095876
W8217,curtailment_only,False,3.8807898405545855
W8218,curtailment_only,False,5.351098346644546
W8222,curtailment_only,False,0.0956690905281106
W8223,curtailment_only,False,0.0937225941473945
W8224,curtailment_only,False,2.160453191035617
W8225,curtailment_only,False,6.752944802790202
W8229,curtailment_only,False,0.2010947934641571
W823,curtailment_only,False,0.0
W8230,curtailment_only,False,0.4422174915284302
W8231,curtailment_only,False,1.723828671466558
W8232,curtailment_only,False,5.190596690484087
W8233,curtailment_only,False,3.901672794520137
W8234,curtailment_only,False,0.3458654976865604
W8235,curtailment_only,False,5.080868829206103
W8236,curtailment_only,False,2.046605173286796
W8237,curtailment_only,False,2.551874269017285
W8240,curtailment_only,False,4.315089407388279
W8241,curtailment_only,False,5.063749715965071
W8242,curtailment_only,False,4.451011637199803
W8243,curtailment_only,False,2.911447001401781
W8244,curtailment_only,False,1.351390485901408
W8245,curtailment_only,False,1.0631865201074515
W8246,curtailment_only,False,0.3992299452218527
W8247,curtailment_only,False,0.6906682932238789
W8248,curtailment_only,False,0.6638192478508111
W8250,curtailment_only,False,3.3524053520861803
W8252,curtailment_only,False,0.0956690905281106
W8254,curtailment_only,False,5.05259326811486
W8255,curtailment_only,False,1.924710450988224
W8258,curtailment_only,False,5.579639101198122
W826,curtailment_only,False,0.0
W8261,curtailment_only,False,2.4671074041987384
W8263,curtailment_only,False,4.040619634495053
W8266,curtailment_only,False,1.072178284452536
W8267,curtailment_only,False,1.9527180807828437
W8270,curtailment_only,False,4.451011637199803
W8273,curtailment_only,False,2.409265773802863
W8275,curtailment_only,False,0.3542263838613491
W8276,curtailment_only,False,5.351098346644546
W8277,curtailment_only,False,0.5703212739722215
W8278,curtailment_only,False,2.7110150803099526
W8279,curtailment_only,False,6.282460731564237
W828,curtailment_only,False,0.0
W8280,curtailment_only,False,0.0549998476125542
W831,curtailment_only,False,0.0
W833,curtailment_only,False,24.076145044828976
W834,curtailment_only,False,19.97784091258171
W837,curtailment_only,False,19.91139711809212
W840,curtailment_only,False,27.298512582866863
W844,curtailment_only,False,27.298512582866863
W856,curtailment_only,False,24.497789263623243
W86,curtailment_only,False,24.999865362952026
W861,curtailment_only,False,0.0
W863,curtailment_only,False,0.0
W864,curtailment_only,False,27.03102120145325
W866,curtailment_only,False,0.0
W867,curtailment_only,False,16.494278648799103
W868,curtailment_only,False,0.0
W869,curtailment_only,False,27.03102120145325
W87,curtailment_only,False,15.913242118037008
W870,curtailment_only,False,0.0
W873,curtailment_only,False,0.0
W875,curtailment_only,False,17.647312879995404
W877,curtailment_only,False,0.0
W878,curtailment_only,False,17.647312879995404
W879,curtailment_only,False,20.29664649571133
W881,curtailment_only,False,0.0
W883,curtailment_only,False,15.138289277364024
W884,curtailment_only,False,0.0
W885,curtailment_only,False,16.171464827556434
W887,curtailment_only,False,0.0
W889,curtailment_only,False,24.497789263623243
W89,curtailment_only,True,212.71937223759235
W892,curtailment_only,False,15.362534511904135
W894,curtailment_only,False,1.55913832095189
W895,curtailment_only,False,14.964062407404375
W897,curtailment_only,False,15.443039079884034
W898,curtailment_only,False,0.0
W9,curtailment_only,False,9.188526100311853
W90,curtailment_only,False,18.66538261976606
W900,curtailment_only,False,21.6494033715767
W901,curtailment_only,False,25.100532325862797
W902,curtailment_only,False,0.0
W906,curtailment_only,False,0.0
W909,curtailment_only,False,27.227895255694225
W91,curtailment_only,False,17.47278165201283
W910,curtailment_only,False,0.0
W911,curtailment_only,False,21.6494033715767
W912,curtailment_only,True,30.90887809435079
W914,curtailment_only,False,1.9333165095583789
W915,curtailment_only,False,23.08365386216028
W917,curtailment_only,False,17.575837072938725
W920,curtailment_only,False,28.47989777663612
W922,curtailment_only,True,30.90887809435079
W925,curtailment_only,True,111.48610638573652
W928,curtailment_only,False,0.0
W929,curtailment_only,False,27.227895255694225
W93,curtailment_only,True,425.4387455684852
W932,curtailment_only,False,6.855339317459649
W934,curtailment_only,False,27.227895255694225
W935,curtailment_only,False,0.0
W936,curtailment_only,False,24.493015110335143
W939,curtailment_only,False,24.493015110335143
W943,curtailment_only,False,0.0
W948,curtailment_only,False,0.0
W950,curtailment_only,False,0.0
W954,curtailment_only,False,24.634838565656107
W955,curtailment_only,False,24.634838565656107
W957,curtailment_only,False,24.634838565656107
W958,curtailment_only,False,0.0
W96,curtailment_only,False,19.30184612255403
W960,curtailment_only,False,0.0
W963,curtailment_only,False,10.863083249065888
W964,curtailment_only,False,10.863083249065888
W965,curtailment_only,False,11.111046601216056
W966,curtailment_only,False,10.863083249065888
W967,curtailment_only,False,9.828384050757284
W969,curtailment_only,False,8.42917179793005
W97,curtailment_only,True,213.78296894271472
W970,curtailment_only,False,10.00741505107098
W971,curtailment_only,False,8.42917179793005
W972,curtailment_only,False,8.42917179793005
W975,curtailment_only,False,13.661724551946556
W976,curtailment_only,False,14.774150419182554
W977,curtailment_only,False,14.774150419182554
W978,curtailment_only,False,12.036298219084635
W979,curtailment_only,False,13.029066457258049
W981,curtailment_only,False,15.403988629071836
W982,curtailment_only,False,24.493015110335143
W983,curtailment_only,False,24.493015110335143
W984,curtailment_only,False,24.56949617679529
W985,curtailment_only,True,175.7400002187701
W99,curtailment_only,True,341.4447129878432
W990,curtailment_only,True,561.347262575078
W991,curtailment_only,True,280.67363064163453
W992,curtailment_only,False,25.18366676843883
W993,curtailment_only,True,280.67363064163453
W994,curtailment_only,True,30.90887809435079
W995,curtailment_only,False,17.454319985269166
W996,curtailment_only,False,10.996352653626548
W998,curtailment_only,True,282.0769976464186
