ObjectId,merge_province_cn,power_type_cn,component,source_optimistic_multiple,critical_learning_multiple,right_censored_at_20,implied_2060_energy_kwh_per_kg,implied_2060_stack_life_hours,implied_2060_stack_cost_factor,implied_2060_replacement_share_of_initial_capex,equivalent_energy_improvement_per_doubling,equivalent_stack_life_progress_per_doubling,equivalent_stack_learning_rate
11041,西藏,光伏,energy_only,1.4000000000000017,4.4,False,33.000000000000014,60000.0,1.0,0.11,0.054569036985107844,0.0,0.0
11990,西藏,光伏,energy_only,1.4000000000000017,1.7,False,46.50000000000001,60000.0,1.0,0.11,0.018272775398961882,0.0,0.0
175,甘肃,光伏,energy_only,1.4000000000000017,20.0,True,33.0,60000.0,1.0,0.11,0.054569036985107955,0.0,0.0
179,甘肃,光伏,energy_only,1.4000000000000017,20.0,True,33.0,60000.0,1.0,0.11,0.054569036985107955,0.0,0.0
1798,青海,光伏,energy_only,1.4000000000000017,20.0,True,33.0,60000.0,1.0,0.11,0.054569036985107955,0.0,0.0
1800,青海,光伏,energy_only,1.4000000000000017,20.0,True,33.0,60000.0,1.0,0.11,0.054569036985107955,0.0,0.0
181,甘肃,光伏,energy_only,1.4000000000000017,20.0,True,33.0,60000.0,1.0,0.11,0.054569036985107955,0.0,0.0
199,甘肃,光伏,energy_only,1.4000000000000017,20.0,True,33.0,60000.0,1.0,0.11,0.054569036985107955,0.0,0.0
4006,青海,光伏,energy_only,1.4000000000000017,20.0,True,33.0,60000.0,1.0,0.11,0.054569036985107955,0.0,0.0
4126,青海,光伏,energy_only,1.4000000000000017,20.0,True,33.0,60000.0,1.0,0.11,0.054569036985107955,0.0,0.0
413,甘肃,光伏,energy_only,1.4000000000000017,20.0,True,33.0,60000.0,1.0,0.11,0.054569036985107955,0.0,0.0
4130,青海,光伏,energy_only,1.4000000000000017,20.0,True,33.0,60000.0,1.0,0.11,0.054569036985107955,0.0,0.0
4132,青海,光伏,energy_only,1.4000000000000017,20.0,True,33.0,60000.0,1.0,0.11,0.054569036985107955,0.0,0.0
4133,青海,光伏,energy_only,1.4000000000000017,20.0,True,33.0,60000.0,1.0,0.11,0.054569036985107955,0.0,0.0
4136,青海,光伏,energy_only,1.4000000000000017,20.0,True,33.0,60000.0,1.0,0.11,0.054569036985107955,0.0,0.0
4137,青海,光伏,energy_only,1.4000000000000017,20.0,True,33.0,60000.0,1.0,0.11,0.054569036985107955,0.0,0.0
4138,青海,光伏,energy_only,1.4000000000000017,20.0,True,33.0,60000.0,1.0,0.11,0.054569036985107955,0.0,0.0
4140,青海,光伏,energy_only,1.4000000000000017,20.0,True,33.0,60000.0,1.0,0.11,0.054569036985107955,0.0,0.0
4143,青海,光伏,energy_only,1.4000000000000017,20.0,True,33.0,60000.0,1.0,0.11,0.054569036985107955,0.0,0.0
4146,青海,光伏,energy_only,1.4000000000000017,20.0,True,33.0,60000.0,1.0,0.11,0.054569036985107955,0.0,0.0
4149,青海,光伏,energy_only,1.4000000000000017,20.0,True,33.0,60000.0,1.0,0.11,0.054569036985107955,0.0,0.0
4153,青海,光伏,energy_only,1.4000000000000017,20.0,True,33.0,60000.0,1.0,0.11,0.054569036985107955,0.0,0.0
4155,青海,光伏,energy_only,1.4000000000000017,20.0,True,33.0,60000.0,1.0,0.11,0.054569036985107955,0.0,0.0
4156,青海,光伏,energy_only,1.4000000000000017,20.0,True,33.0,60000.0,1.0,0.11,0.054569036985107955,0.0,0.0
4157,青海,光伏,energy_only,1.4000000000000017,20.0,True,33.0,60000.0,1.0,0.11,0.054569036985107955,0.0,0.0
4159,青海,光伏,energy_only,1.4000000000000017,20.0,True,33.0,60000.0,1.0,0.11,0.054569036985107955,0.0,0.0
4160,青海,光伏,energy_only,1.4000000000000017,20.0,True,33.0,60000.0,1.0,0.11,0.054569036985107955,0.0,0.0
4161,青海,光伏,energy_only,1.4000000000000017,20.0,True,33.0,60000.0,1.0,0.11,0.054569036985107955,0.0,0.0
4163,青海,光伏,energy_only,1.4000000000000017,20.0,True,33.0,60000.0,1.0,0.11,0.054569036985107955,0.0,0.0
4165,青海,光伏,energy_only,1.4000000000000017,20.0,True,33.0,60000.0,1.0,0.11,0.054569036985107955,0.0,0.0
4167,青海,光伏,energy_only,1.4000000000000017,20.0,True,33.0,60000.0,1.0,0.11,0.054569036985107955,0.0,0.0
4180,青海,光伏,energy_only,1.4000000000000017,20.0,True,33.0,60000.0,1.0,0.11,0.054569036985107955,0.0,0.0
4182,青海,光伏,energy_only,1.4000000000000017,20.0,True,33.0,60000.0,1.0,0.11,0.054569036985107955,0.0,0.0
4189,青海,光伏,energy_only,1.4000000000000017,20.0,True,33.0,60000.0,1.0,0.11,0.054569036985107955,0.0,0.0
4190,青海,光伏,energy_only,1.4000000000000017,20.0,True,33.0,60000.0,1.0,0.11,0.054569036985107955,0.0,0.0
4192,青海,光伏,energy_only,1.4000000000000017,20.0,True,33.0,60000.0,1.0,0.11,0.054569036985107955,0.0,0.0
4197,青海,光伏,energy_only,1.4000000000000017,20.0,True,33.0,60000.0,1.0,0.11,0.054569036985107955,0.0,0.0
4199,青海,光伏,energy_only,1.4000000000000017,20.0,True,33.0,60000.0,1.0,0.11,0.054569036985107955,0.0,0.0
4204,青海,光伏,energy_only,1.4000000000000017,20.0,True,33.0,60000.0,1.0,0.11,0.054569036985107955,0.0,0.0
4205,青海,光伏,energy_only,1.4000000000000017,20.0,True,33.0,60000.0,1.0,0.11,0.054569036985107955,0.0,0.0
4208,青海,光伏,energy_only,1.4000000000000017,20.0,True,33.0,60000.0,1.0,0.11,0.054569036985107955,0.0,0.0
4225,青海,光伏,energy_only,1.4000000000000017,20.0,True,33.0,60000.0,1.0,0.11,0.054569036985107955,0.0,0.0
4228,青海,光伏,energy_only,1.4000000000000017,20.0,True,33.0,60000.0,1.0,0.11,0.054569036985107955,0.0,0.0
4233,青海,光伏,energy_only,1.4000000000000017,20.0,True,33.0,60000.0,1.0,0.11,0.054569036985107955,0.0,0.0
4242,青海,光伏,energy_only,1.4000000000000017,20.0,True,33.0,60000.0,1.0,0.11,0.054569036985107955,0.0,0.0
4250,青海,光伏,energy_only,1.4000000000000017,20.0,True,33.0,60000.0,1.0,0.11,0.054569036985107955,0.0,0.0
4256,青海,光伏,energy_only,1.4000000000000017,20.0,True,33.0,60000.0,1.0,0.11,0.054569036985107955,0.0,0.0
4263,青海,光伏,energy_only,1.4000000000000017,20.0,True,33.0,60000.0,1.0,0.11,0.054569036985107955,0.0,0.0
4268,青海,光伏,energy_only,1.4000000000000017,20.0,True,33.0,60000.0,1.0,0.11,0.054569036985107955,0.0,0.0
4274,青海,光伏,energy_only,1.4000000000000017,20.0,True,33.0,60000.0,1.0,0.11,0.054569036985107955,0.0,0.0
4283,青海,光伏,energy_only,1.4000000000000017,20.0,True,33.0,60000.0,1.0,0.11,0.054569036985107955,0.0,0.0
4288,青海,光伏,energy_only,1.4000000000000017,20.0,True,33.0,60000.0,1.0,0.11,0.054569036985107955,0.0,0.0
4291,青海,光伏,energy_only,1.4000000000000017,20.0,True,33.0,60000.0,1.0,0.11,0.054569036985107955,0.0,0.0
4301,青海,光伏,energy_only,1.4000000000000017,20.0,True,33.0,60000.0,1.0,0.11,0.054569036985107955,0.0,0.0
4317,青海,光伏,energy_only,1.4000000000000017,20.0,True,33.0,60000.0,1.0,0.11,0.054569036985107955,0.0,0.0
4320,青海,光伏,energy_only,1.4000000000000017,20.0,True,33.0,60000.0,1.0,0.11,0.054569036985107955,0.0,0.0
4326,青海,光伏,energy_only,1.4000000000000017,20.0,True,33.0,60000.0,1.0,0.11,0.054569036985107955,0.0,0.0
4420,青海,光伏,energy_only,1.4000000000000017,20.0,True,33.0,60000.0,1.0,0.11,0.054569036985107955,0.0,0.0
4434,青海,光伏,energy_only,1.4000000000000017,20.0,True,33.0,60000.0,1.0,0.11,0.054569036985107955,0.0,0.0
4440,青海,光伏,energy_only,1.4000000000000017,20.0,True,33.0,60000.0,1.0,0.11,0.054569036985107955,0.0,0.0
4446,青海,光伏,energy_only,1.4000000000000017,20.0,True,33.0,60000.0,1.0,0.11,0.054569036985107955,0.0,0.0
4452,青海,光伏,energy_only,1.4000000000000017,20.0,True,33.0,60000.0,1.0,0.11,0.054569036985107955,0.0,0.0
4463,青海,光伏,energy_only,1.4000000000000017,20.0,True,33.0,60000.0,1.0,0.11,0.054569036985107955,0.0,0.0
4479,青海,光伏,energy_only,1.4000000000000017,20.0,True,33.0,60000.0,1.0,0.11,0.054569036985107955,0.0,0.0
4490,青海,光伏,energy_only,1.4000000000000017,20.0,True,33.0,60000.0,1.0,0.11,0.054569036985107955,0.0,0.0
4510,青海,光伏,energy_only,1.4000000000000017,20.0,True,33.0,60000.0,1.0,0.11,0.054569036985107955,0.0,0.0
4516,青海,光伏,energy_only,1.4000000000000017,20.0,True,33.0,60000.0,1.0,0.11,0.054569036985107955,0.0,0.0
4522,青海,光伏,energy_only,1.4000000000000017,20.0,True,33.0,60000.0,1.0,0.11,0.054569036985107955,0.0,0.0
4543,青海,光伏,energy_only,1.4000000000000017,20.0,True,33.0,60000.0,1.0,0.11,0.054569036985107955,0.0,0.0
459,甘肃,光伏,energy_only,1.4000000000000017,20.0,True,33.0,60000.0,1.0,0.11,0.054569036985107955,0.0,0.0
4609,青海,光伏,energy_only,1.4000000000000017,20.0,True,33.0,60000.0,1.0,0.11,0.054569036985107955,0.0,0.0
461,甘肃,光伏,energy_only,1.4000000000000017,20.0,True,33.0,60000.0,1.0,0.11,0.054569036985107955,0.0,0.0
4615,青海,光伏,energy_only,1.4000000000000017,20.0,True,33.0,60000.0,1.0,0.11,0.054569036985107955,0.0,0.0
4622,青海,光伏,energy_only,1.4000000000000017,20.0,True,33.0,60000.0,1.0,0.11,0.054569036985107955,0.0,0.0
463,甘肃,光伏,energy_only,1.4000000000000017,20.0,True,33.0,60000.0,1.0,0.11,0.054569036985107955,0.0,0.0
4631,青海,光伏,energy_only,1.4000000000000017,20.0,True,33.0,60000.0,1.0,0.11,0.054569036985107955,0.0,0.0
464,甘肃,光伏,energy_only,1.4000000000000017,20.0,True,33.0,60000.0,1.0,0.11,0.054569036985107955,0.0,0.0
4641,青海,光伏,energy_only,1.4000000000000017,20.0,True,33.0,60000.0,1.0,0.11,0.054569036985107955,0.0,0.0
4642,青海,光伏,energy_only,1.4000000000000017,20.0,True,33.0,60000.0,1.0,0.11,0.054569036985107955,0.0,0.0
4647,青海,光伏,energy_only,1.4000000000000017,20.0,True,33.0,60000.0,1.0,0.11,0.054569036985107955,0.0,0.0
4648,青海,光伏,energy_only,1.4000000000000017,20.0,True,33.0,60000.0,1.0,0.11,0.054569036985107955,0.0,0.0
4654,青海,光伏,energy_only,1.4000000000000017,20.0,True,33.0,60000.0,1.0,0.11,0.054569036985107955,0.0,0.0
468,甘肃,光伏,energy_only,1.4000000000000017,20.0,True,33.0,60000.0,1.0,0.11,0.054569036985107955,0.0,0.0
4682,青海,光伏,energy_only,1.4000000000000017,20.0,True,33.0,60000.0,1.0,0.11,0.054569036985107955,0.0,0.0
4690,青海,光伏,energy_only,1.4000000000000017,20.0,True,33.0,60000.0,1.0,0.11,0.054569036985107955,0.0,0.0
4705,青海,光伏,energy_only,1.4000000000000017,20.0,True,33.0,60000.0,1.0,0.11,0.054569036985107955,0.0,0.0
4709,青海,光伏,energy_only,1.4000000000000017,20.0,True,33.0,60000.0,1.0,0.11,0.054569036985107955,0.0,0.0
4710,青海,光伏,energy_only,1.4000000000000017,20.0,True,33.0,60000.0,1.0,0.11,0.054569036985107955,0.0,0.0
4712,青海,光伏,energy_only,1.4000000000000017,20.0,True,33.0,60000.0,1.0,0.11,0.054569036985107955,0.0,0.0
4716,青海,光伏,energy_only,1.4000000000000017,20.0,True,33.0,60000.0,1.0,0.11,0.054569036985107955,0.0,0.0
4718,青海,光伏,energy_only,1.4000000000000017,20.0,True,33.0,60000.0,1.0,0.11,0.054569036985107955,0.0,0.0
4722,青海,光伏,energy_only,1.4000000000000017,20.0,True,33.0,60000.0,1.0,0.11,0.054569036985107955,0.0,0.0
4724,青海,光伏,energy_only,1.4000000000000017,20.0,True,33.0,60000.0,1.0,0.11,0.054569036985107955,0.0,0.0
4744,青海,光伏,energy_only,1.4000000000000017,20.0,True,33.0,60000.0,1.0,0.11,0.054569036985107955,0.0,0.0
4746,青海,光伏,energy_only,1.4000000000000017,20.0,True,33.0,60000.0,1.0,0.11,0.054569036985107955,0.0,0.0
4752,青海,光伏,energy_only,1.4000000000000017,20.0,True,33.0,60000.0,1.0,0.11,0.054569036985107955,0.0,0.0
4756,青海,光伏,energy_only,1.4000000000000017,20.0,True,33.0,60000.0,1.0,0.11,0.054569036985107955,0.0,0.0
4757,青海,光伏,energy_only,1.4000000000000017,20.0,True,33.0,60000.0,1.0,0.11,0.054569036985107955,0.0,0.0
4767,青海,光伏,energy_only,1.4000000000000017,20.0,True,33.0,60000.0,1.0,0.11,0.054569036985107955,0.0,0.0
4795,青海,光伏,energy_only,1.4000000000000017,20.0,True,33.0,60000.0,1.0,0.11,0.054569036985107955,0.0,0.0
4804,青海,光伏,energy_only,1.4000000000000017,20.0,True,33.0,60000.0,1.0,0.11,0.054569036985107955,0.0,0.0
4811,青海,光伏,energy_only,1.4000000000000017,20.0,True,33.0,60000.0,1.0,0.11,0.054569036985107955,0.0,0.0
4817,青海,光伏,energy_only,1.4000000000000017,20.0,True,33.0,60000.0,1.0,0.11,0.054569036985107955,0.0,0.0
4824,青海,光伏,energy_only,1.4000000000000017,20.0,True,33.0,60000.0,1.0,0.11,0.054569036985107955,0.0,0.0
4854,青海,光伏,energy_only,1.4000000000000017,20.0,True,33.0,60000.0,1.0,0.11,0.054569036985107955,0.0,0.0
4865,青海,光伏,energy_only,1.4000000000000017,20.0,True,33.0,60000.0,1.0,0.11,0.054569036985107955,0.0,0.0
4868,青海,光伏,energy_only,1.4000000000000017,20.0,True,33.0,60000.0,1.0,0.11,0.054569036985107955,0.0,0.0
4874,青海,光伏,energy_only,1.4000000000000017,20.0,True,33.0,60000.0,1.0,0.11,0.054569036985107955,0.0,0.0
4891,青海,光伏,energy_only,1.4000000000000017,20.0,True,33.0,60000.0,1.0,0.11,0.054569036985107955,0.0,0.0
4897,青海,光伏,energy_only,1.4000000000000017,20.0,True,33.0,60000.0,1.0,0.11,0.054569036985107955,0.0,0.0
4899,青海,光伏,energy_only,1.4000000000000017,20.0,True,33.0,60000.0,1.0,0.11,0.054569036985107955,0.0,0.0
4905,青海,光伏,energy_only,1.4000000000000017,20.0,True,33.0,60000.0,1.0,0.11,0.054569036985107955,0.0,0.0
4916,青海,光伏,energy_only,1.4000000000000017,20.0,True,33.0,60000.0,1.0,0.11,0.054569036985107955,0.0,0.0
4931,青海,光伏,energy_only,1.4000000000000017,20.0,True,33.0,60000.0,1.0,0.11,0.054569036985107955,0.0,0.0
4932,青海,光伏,energy_only,1.4000000000000017,20.0,True,33.0,60000.0,1.0,0.11,0.054569036985107955,0.0,0.0
4933,青海,光伏,energy_only,1.4000000000000017,20.0,True,33.0,60000.0,1.0,0.11,0.054569036985107955,0.0,0.0
4943,青海,光伏,energy_only,1.4000000000000017,20.0,True,33.0,60000.0,1.0,0.11,0.054569036985107955,0.0,0.0
4944,青海,光伏,energy_only,1.4000000000000017,20.0,True,33.0,60000.0,1.0,0.11,0.054569036985107955,0.0,0.0
4952,青海,光伏,energy_only,1.4000000000000017,20.0,True,33.0,60000.0,1.0,0.11,0.054569036985107955,0.0,0.0
4956,青海,光伏,energy_only,1.4000000000000017,20.0,True,33.0,60000.0,1.0,0.11,0.054569036985107955,0.0,0.0
4960,青海,光伏,energy_only,1.4000000000000017,20.0,True,33.0,60000.0,1.0,0.11,0.054569036985107955,0.0,0.0
4966,青海,光伏,energy_only,1.4000000000000017,20.0,True,33.0,60000.0,1.0,0.11,0.054569036985107955,0.0,0.0
4977,青海,光伏,energy_only,1.4000000000000017,20.0,True,33.0,60000.0,1.0,0.11,0.054569036985107955,0.0,0.0
4980,青海,光伏,energy_only,1.4000000000000017,20.0,True,33.0,60000.0,1.0,0.11,0.054569036985107955,0.0,0.0
4983,青海,光伏,energy_only,1.4000000000000017,20.0,True,33.0,60000.0,1.0,0.11,0.054569036985107955,0.0,0.0
4992,青海,光伏,energy_only,1.4000000000000017,20.0,True,33.0,60000.0,1.0,0.11,0.054569036985107955,0.0,0.0
4994,青海,光伏,energy_only,1.4000000000000017,20.0,True,33.0,60000.0,1.0,0.11,0.054569036985107955,0.0,0.0
518,甘肃,光伏,energy_only,1.4000000000000017,20.0,True,33.0,60000.0,1.0,0.11,0.054569036985107955,0.0,0.0
521,甘肃,光伏,energy_only,1.4000000000000017,20.0,True,33.0,60000.0,1.0,0.11,0.054569036985107955,0.0,0.0
533,甘肃,光伏,energy_only,1.4000000000000017,20.0,True,33.0,60000.0,1.0,0.11,0.054569036985107955,0.0,0.0
540,甘肃,光伏,energy_only,1.4000000000000017,20.0,True,33.0,60000.0,1.0,0.11,0.054569036985107955,0.0,0.0
541,甘肃,光伏,energy_only,1.4000000000000017,20.0,True,33.0,60000.0,1.0,0.11,0.054569036985107955,0.0,0.0
6017,新疆,光伏,energy_only,1.4000000000000017,20.0,True,33.0,60000.0,1.0,0.11,0.054569036985107955,0.0,0.0
6030,新疆,光伏,energy_only,1.4000000000000017,20.0,True,33.0,60000.0,1.0,0.11,0.054569036985107955,0.0,0.0
6031,新疆,光伏,energy_only,1.4000000000000017,20.0,True,33.0,60000.0,1.0,0.11,0.054569036985107955,0.0,0.0
6032,新疆,光伏,energy_only,1.4000000000000017,20.0,True,33.0,60000.0,1.0,0.11,0.054569036985107955,0.0,0.0
6036,新疆,光伏,energy_only,1.4000000000000017,20.0,True,33.0,60000.0,1.0,0.11,0.054569036985107955,0.0,0.0
6037,新疆,光伏,energy_only,1.4000000000000017,20.0,True,33.0,60000.0,1.0,0.11,0.054569036985107955,0.0,0.0
6057,新疆,光伏,energy_only,1.4000000000000017,20.0,True,33.0,60000.0,1.0,0.11,0.054569036985107955,0.0,0.0
6059,新疆,光伏,energy_only,1.4000000000000017,20.0,True,33.0,60000.0,1.0,0.11,0.054569036985107955,0.0,0.0
6060,新疆,光伏,energy_only,1.4000000000000017,20.0,True,33.0,60000.0,1.0,0.11,0.054569036985107955,0.0,0.0
6063,新疆,光伏,energy_only,1.4000000000000017,20.0,True,33.0,60000.0,1.0,0.11,0.054569036985107955,0.0,0.0
6066,新疆,光伏,energy_only,1.4000000000000017,20.0,True,33.0,60000.0,1.0,0.11,0.054569036985107955,0.0,0.0
6067,新疆,光伏,energy_only,1.4000000000000017,20.0,True,33.0,60000.0,1.0,0.11,0.054569036985107955,0.0,0.0
6068,新疆,光伏,energy_only,1.4000000000000017,20.0,True,33.0,60000.0,1.0,0.11,0.054569036985107955,0.0,0.0
6069,新疆,光伏,energy_only,1.4000000000000017,20.0,True,33.0,60000.0,1.0,0.11,0.054569036985107955,0.0,0.0
6070,新疆,光伏,energy_only,1.4000000000000017,20.0,True,33.0,60000.0,1.0,0.11,0.054569036985107955,0.0,0.0
6076,新疆,光伏,energy_only,1.4000000000000017,20.0,True,33.0,60000.0,1.0,0.11,0.054569036985107955,0.0,0.0
6081,新疆,光伏,energy_only,1.4000000000000017,20.0,True,33.0,60000.0,1.0,0.11,0.054569036985107955,0.0,0.0
6082,新疆,光伏,energy_only,1.4000000000000017,20.0,True,33.0,60000.0,1.0,0.11,0.054569036985107955,0.0,0.0
6083,新疆,光伏,energy_only,1.4000000000000017,20.0,True,33.0,60000.0,1.0,0.11,0.054569036985107955,0.0,0.0
6086,新疆,光伏,energy_only,1.4000000000000017,20.0,True,33.0,60000.0,1.0,0.11,0.054569036985107955,0.0,0.0
6089,新疆,光伏,energy_only,1.4000000000000017,20.0,True,33.0,60000.0,1.0,0.11,0.054569036985107955,0.0,0.0
6098,新疆,光伏,energy_only,1.4000000000000017,20.0,True,33.0,60000.0,1.0,0.11,0.054569036985107955,0.0,0.0
6101,新疆,光伏,energy_only,1.4000000000000017,20.0,True,33.0,60000.0,1.0,0.11,0.054569036985107955,0.0,0.0
6102,新疆,光伏,energy_only,1.4000000000000017,20.0,True,33.0,60000.0,1.0,0.11,0.054569036985107955,0.0,0.0
6104,新疆,光伏,energy_only,1.4000000000000017,20.0,True,33.0,60000.0,1.0,0.11,0.054569036985107955,0.0,0.0
6106,新疆,光伏,energy_only,1.4000000000000017,20.0,True,33.0,60000.0,1.0,0.11,0.054569036985107955,0.0,0.0
6111,新疆,光伏,energy_only,1.4000000000000017,20.0,True,33.0,60000.0,1.0,0.11,0.054569036985107955,0.0,0.0
6112,新疆,光伏,energy_only,1.4000000000000017,20.0,True,33.0,60000.0,1.0,0.11,0.054569036985107955,0.0,0.0
6114,新疆,光伏,energy_only,1.4000000000000017,20.0,True,33.0,60000.0,1.0,0.11,0.054569036985107955,0.0,0.0
6117,甘肃,光伏,energy_only,1.4000000000000017,20.0,True,33.0,60000.0,1.0,0.11,0.054569036985107955,0.0,0.0
6120,新疆,光伏,energy_only,1.4000000000000017,20.0,True,33.0,60000.0,1.0,0.11,0.054569036985107955,0.0,0.0
6124,新疆,光伏,energy_only,1.4000000000000017,20.0,True,33.0,60000.0,1.0,0.11,0.054569036985107955,0.0,0.0
6129,新疆,光伏,energy_only,1.4000000000000017,20.0,True,33.0,60000.0,1.0,0.11,0.054569036985107955,0.0,0.0
6131,新疆,光伏,energy_only,1.4000000000000017,20.0,True,33.0,60000.0,1.0,0.11,0.054569036985107955,0.0,0.0
6133,新疆,光伏,energy_only,1.4000000000000017,20.0,True,33.0,60000.0,1.0,0.11,0.054569036985107955,0.0,0.0
6140,新疆,光伏,energy_only,1.4000000000000017,20.0,True,33.0,60000.0,1.0,0.11,0.054569036985107955,0.0,0.0
6143,新疆,光伏,energy_only,1.4000000000000017,20.0,True,33.0,60000.0,1.0,0.11,0.054569036985107955,0.0,0.0
6149,新疆,光伏,energy_only,1.4000000000000017,20.0,True,33.0,60000.0,1.0,0.11,0.054569036985107955,0.0,0.0
6151,新疆,光伏,energy_only,1.4000000000000017,20.0,True,33.0,60000.0,1.0,0.11,0.054569036985107955,0.0,0.0
6159,新疆,光伏,energy_only,1.4000000000000017,20.0,True,33.0,60000.0,1.0,0.11,0.054569036985107955,0.0,0.0
6160,新疆,光伏,energy_only,1.4000000000000017,20.0,True,33.0,60000.0,1.0,0.11,0.054569036985107955,0.0,0.0
6165,新疆,光伏,energy_only,1.4000000000000017,20.0,True,33.0,60000.0,1.0,0.11,0.054569036985107955,0.0,0.0
6175,新疆,光伏,energy_only,1.4000000000000017,20.0,True,33.0,60000.0,1.0,0.11,0.054569036985107955,0.0,0.0
6176,新疆,光伏,energy_only,1.4000000000000017,20.0,True,33.0,60000.0,1.0,0.11,0.054569036985107955,0.0,0.0
6178,新疆,光伏,energy_only,1.4000000000000017,20.0,True,33.0,60000.0,1.0,0.11,0.054569036985107955,0.0,0.0
6183,新疆,光伏,energy_only,1.4000000000000017,20.0,True,33.0,60000.0,1.0,0.11,0.054569036985107955,0.0,0.0
6186,新疆,光伏,energy_only,1.4000000000000017,20.0,True,33.0,60000.0,1.0,0.11,0.054569036985107955,0.0,0.0
6189,新疆,光伏,energy_only,1.4000000000000017,20.0,True,33.0,60000.0,1.0,0.11,0.054569036985107955,0.0,0.0
6190,新疆,光伏,energy_only,1.4000000000000017,20.0,True,33.0,60000.0,1.0,0.11,0.054569036985107955,0.0,0.0
6191,新疆,光伏,energy_only,1.4000000000000017,20.0,True,33.0,60000.0,1.0,0.11,0.054569036985107955,0.0,0.0
6197,新疆,光伏,energy_only,1.4000000000000017,20.0,True,33.0,60000.0,1.0,0.11,0.054569036985107955,0.0,0.0
6199,新疆,光伏,energy_only,1.4000000000000017,20.0,True,33.0,60000.0,1.0,0.11,0.054569036985107955,0.0,0.0
6214,新疆,光伏,energy_only,1.4000000000000017,20.0,True,33.0,60000.0,1.0,0.11,0.054569036985107955,0.0,0.0
6215,新疆,光伏,energy_only,1.4000000000000017,20.0,True,33.0,60000.0,1.0,0.11,0.054569036985107955,0.0,0.0
6219,新疆,光伏,energy_only,1.4000000000000017,20.0,True,33.0,60000.0,1.0,0.11,0.054569036985107955,0.0,0.0
6224,新疆,光伏,energy_only,1.4000000000000017,20.0,True,33.0,60000.0,1.0,0.11,0.054569036985107955,0.0,0.0
6230,新疆,光伏,energy_only,1.4000000000000017,20.0,True,33.0,60000.0,1.0,0.11,0.054569036985107955,0.0,0.0
6247,新疆,光伏,energy_only,1.4000000000000017,20.0,True,33.0,60000.0,1.0,0.11,0.054569036985107955,0.0,0.0
6251,新疆,光伏,energy_only,1.4000000000000017,20.0,True,33.0,60000.0,1.0,0.11,0.054569036985107955,0.0,0.0
6253,新疆,光伏,energy_only,1.4000000000000017,20.0,True,33.0,60000.0,1.0,0.11,0.054569036985107955,0.0,0.0
6259,新疆,光伏,energy_only,1.4000000000000017,20.0,True,33.0,60000.0,1.0,0.11,0.054569036985107955,0.0,0.0
6261,新疆,光伏,energy_only,1.4000000000000017,20.0,True,33.0,60000.0,1.0,0.11,0.054569036985107955,0.0,0.0
6263,新疆,光伏,energy_only,1.4000000000000017,20.0,True,33.0,60000.0,1.0,0.11,0.054569036985107955,0.0,0.0
6268,新疆,光伏,energy_only,1.4000000000000017,20.0,True,33.0,60000.0,1.0,0.11,0.054569036985107955,0.0,0.0
6270,新疆,光伏,energy_only,1.4000000000000017,20.0,True,33.0,60000.0,1.0,0.11,0.054569036985107955,0.0,0.0
6272,新疆,光伏,energy_only,1.4000000000000017,20.0,True,33.0,60000.0,1.0,0.11,0.054569036985107955,0.0,0.0
6276,新疆,光伏,energy_only,1.4000000000000017,20.0,True,33.0,60000.0,1.0,0.11,0.054569036985107955,0.0,0.0
6288,新疆,光伏,energy_only,1.4000000000000017,20.0,True,33.0,60000.0,1.0,0.11,0.054569036985107955,0.0,0.0
6290,新疆,光伏,energy_only,1.4000000000000017,20.0,True,33.0,60000.0,1.0,0.11,0.054569036985107955,0.0,0.0
6294,新疆,光伏,energy_only,1.4000000000000017,20.0,True,33.0,60000.0,1.0,0.11,0.054569036985107955,0.0,0.0
6295,新疆,光伏,energy_only,1.4000000000000017,20.0,True,33.0,60000.0,1.0,0.11,0.054569036985107955,0.0,0.0
6321,新疆,光伏,energy_only,1.4000000000000017,20.0,True,33.0,60000.0,1.0,0.11,0.054569036985107955,0.0,0.0
6322,新疆,光伏,energy_only,1.4000000000000017,20.0,True,33.0,60000.0,1.0,0.11,0.054569036985107955,0.0,0.0
6323,新疆,光伏,energy_only,1.4000000000000017,20.0,True,33.0,60000.0,1.0,0.11,0.054569036985107955,0.0,0.0
6328,新疆,光伏,energy_only,1.4000000000000017,20.0,True,33.0,60000.0,1.0,0.11,0.054569036985107955,0.0,0.0
6334,新疆,光伏,energy_only,1.4000000000000017,20.0,True,33.0,60000.0,1.0,0.11,0.054569036985107955,0.0,0.0
6337,新疆,光伏,energy_only,1.4000000000000017,20.0,True,33.0,60000.0,1.0,0.11,0.054569036985107955,0.0,0.0
6339,新疆,光伏,energy_only,1.4000000000000017,20.0,True,33.0,60000.0,1.0,0.11,0.054569036985107955,0.0,0.0
6344,新疆,光伏,energy_only,1.4000000000000017,20.0,True,33.0,60000.0,1.0,0.11,0.054569036985107955,0.0,0.0
6345,新疆,光伏,energy_only,1.4000000000000017,20.0,True,33.0,60000.0,1.0,0.11,0.054569036985107955,0.0,0.0
6350,新疆,光伏,energy_only,1.4000000000000017,20.0,True,33.0,60000.0,1.0,0.11,0.054569036985107955,0.0,0.0
6358,新疆,光伏,energy_only,1.4000000000000017,20.0,True,33.0,60000.0,1.0,0.11,0.054569036985107955,0.0,0.0
6360,新疆,光伏,energy_only,1.4000000000000017,20.0,True,33.0,60000.0,1.0,0.11,0.054569036985107955,0.0,0.0
6361,新疆,光伏,energy_only,1.4000000000000017,20.0,True,33.0,60000.0,1.0,0.11,0.054569036985107955,0.0,0.0
6362,新疆,光伏,energy_only,1.4000000000000017,20.0,True,33.0,60000.0,1.0,0.11,0.054569036985107955,0.0,0.0
6372,新疆,光伏,energy_only,1.4000000000000017,20.0,True,33.0,60000.0,1.0,0.11,0.054569036985107955,0.0,0.0
6374,新疆,光伏,energy_only,1.4000000000000017,20.0,True,33.0,60000.0,1.0,0.11,0.054569036985107955,0.0,0.0
6375,新疆,光伏,energy_only,1.4000000000000017,20.0,True,33.0,60000.0,1.0,0.11,0.054569036985107955,0.0,0.0
6380,新疆,光伏,energy_only,1.4000000000000017,20.0,True,33.0,60000.0,1.0,0.11,0.054569036985107955,0.0,0.0
6385,新疆,光伏,energy_only,1.4000000000000017,20.0,True,33.0,60000.0,1.0,0.11,0.054569036985107955,0.0,0.0
6387,新疆,光伏,energy_only,1.4000000000000017,20.0,True,33.0,60000.0,1.0,0.11,0.054569036985107955,0.0,0.0
6388,新疆,光伏,energy_only,1.4000000000000017,20.0,True,33.0,60000.0,1.0,0.11,0.054569036985107955,0.0,0.0
6389,新疆,光伏,energy_only,1.4000000000000017,20.0,True,33.0,60000.0,1.0,0.11,0.054569036985107955,0.0,0.0
6394,新疆,光伏,energy_only,1.4000000000000017,20.0,True,33.0,60000.0,1.0,0.11,0.054569036985107955,0.0,0.0
6402,新疆,光伏,energy_only,1.4000000000000017,20.0,True,33.0,60000.0,1.0,0.11,0.054569036985107955,0.0,0.0
6405,新疆,光伏,energy_only,1.4000000000000017,20.0,True,33.0,60000.0,1.0,0.11,0.054569036985107955,0.0,0.0
6411,新疆,光伏,energy_only,1.4000000000000017,20.0,True,33.0,60000.0,1.0,0.11,0.054569036985107955,0.0,0.0
6415,新疆,光伏,energy_only,1.4000000000000017,20.0,True,33.0,60000.0,1.0,0.11,0.054569036985107955,0.0,0.0
6417,新疆,光伏,energy_only,1.4000000000000017,20.0,True,33.0,60000.0,1.0,0.11,0.054569036985107955,0.0,0.0
6424,新疆,光伏,energy_only,1.4000000000000017,20.0,True,33.0,60000.0,1.0,0.11,0.054569036985107955,0.0,0.0
6428,新疆,光伏,energy_only,1.4000000000000017,20.0,True,33.0,60000.0,1.0,0.11,0.054569036985107955,0.0,0.0
6429,新疆,光伏,energy_only,1.4000000000000017,20.0,True,33.0,60000.0,1.0,0.11,0.054569036985107955,0.0,0.0
6434,新疆,光伏,energy_only,1.4000000000000017,20.0,True,33.0,60000.0,1.0,0.11,0.054569036985107955,0.0,0.0
6435,新疆,光伏,energy_only,1.4000000000000017,20.0,True,33.0,60000.0,1.0,0.11,0.054569036985107955,0.0,0.0
6436,新疆,光伏,energy_only,1.4000000000000017,20.0,True,33.0,60000.0,1.0,0.11,0.054569036985107955,0.0,0.0
6440,新疆,光伏,energy_only,1.4000000000000017,20.0,True,33.0,60000.0,1.0,0.11,0.054569036985107955,0.0,0.0
6447,新疆,光伏,energy_only,1.4000000000000017,20.0,True,33.0,60000.0,1.0,0.11,0.054569036985107955,0.0,0.0
6451,新疆,光伏,energy_only,1.4000000000000017,20.0,True,33.0,60000.0,1.0,0.11,0.054569036985107955,0.0,0.0
6465,新疆,光伏,energy_only,1.4000000000000017,20.0,True,33.0,60000.0,1.0,0.11,0.054569036985107955,0.0,0.0
6467,新疆,光伏,energy_only,1.4000000000000017,20.0,True,33.0,60000.0,1.0,0.11,0.054569036985107955,0.0,0.0
6468,新疆,光伏,energy_only,1.4000000000000017,20.0,True,33.0,60000.0,1.0,0.11,0.054569036985107955,0.0,0.0
6475,新疆,光伏,energy_only,1.4000000000000017,20.0,True,33.0,60000.0,1.0,0.11,0.054569036985107955,0.0,0.0
6476,新疆,光伏,energy_only,1.4000000000000017,20.0,True,33.0,60000.0,1.0,0.11,0.054569036985107955,0.0,0.0
6480,新疆,光伏,energy_only,1.4000000000000017,20.0,True,33.0,60000.0,1.0,0.11,0.054569036985107955,0.0,0.0
6485,新疆,光伏,energy_only,1.4000000000000017,20.0,True,33.0,60000.0,1.0,0.11,0.054569036985107955,0.0,0.0
6487,新疆,光伏,energy_only,1.4000000000000017,20.0,True,33.0,60000.0,1.0,0.11,0.054569036985107955,0.0,0.0
6496,新疆,光伏,energy_only,1.4000000000000017,20.0,True,33.0,60000.0,1.0,0.11,0.054569036985107955,0.0,0.0
6498,新疆,光伏,energy_only,1.4000000000000017,20.0,True,33.0,60000.0,1.0,0.11,0.054569036985107955,0.0,0.0
6507,新疆,光伏,energy_only,1.4000000000000017,20.0,True,33.0,60000.0,1.0,0.11,0.054569036985107955,0.0,0.0
6518,新疆,光伏,energy_only,1.4000000000000017,20.0,True,33.0,60000.0,1.0,0.11,0.054569036985107955,0.0,0.0
6522,新疆,光伏,energy_only,1.4000000000000017,20.0,True,33.0,60000.0,1.0,0.11,0.054569036985107955,0.0,0.0
6528,新疆,光伏,energy_only,1.4000000000000017,20.0,True,33.0,60000.0,1.0,0.11,0.054569036985107955,0.0,0.0
6531,新疆,光伏,energy_only,1.4000000000000017,20.0,True,33.0,60000.0,1.0,0.11,0.054569036985107955,0.0,0.0
6536,新疆,光伏,energy_only,1.4000000000000017,20.0,True,33.0,60000.0,1.0,0.11,0.054569036985107955,0.0,0.0
6537,新疆,光伏,energy_only,1.4000000000000017,20.0,True,33.0,60000.0,1.0,0.11,0.054569036985107955,0.0,0.0
6538,新疆,光伏,energy_only,1.4000000000000017,20.0,True,33.0,60000.0,1.0,0.11,0.054569036985107955,0.0,0.0
6548,新疆,光伏,energy_only,1.4000000000000017,20.0,True,33.0,60000.0,1.0,0.11,0.054569036985107955,0.0,0.0
6553,新疆,光伏,energy_only,1.4000000000000017,20.0,True,33.0,60000.0,1.0,0.11,0.054569036985107955,0.0,0.0
6559,新疆,光伏,energy_only,1.4000000000000017,20.0,True,33.0,60000.0,1.0,0.11,0.054569036985107955,0.0,0.0
6564,新疆,光伏,energy_only,1.4000000000000017,20.0,True,33.0,60000.0,1.0,0.11,0.054569036985107955,0.0,0.0
6565,新疆,光伏,energy_only,1.4000000000000017,20.0,True,33.0,60000.0,1.0,0.11,0.054569036985107955,0.0,0.0
6566,新疆,光伏,energy_only,1.4000000000000017,20.0,True,33.0,60000.0,1.0,0.11,0.054569036985107955,0.0,0.0
6568,新疆,光伏,energy_only,1.4000000000000017,20.0,True,33.0,60000.0,1.0,0.11,0.054569036985107955,0.0,0.0
6574,新疆,光伏,energy_only,1.4000000000000017,20.0,True,33.0,60000.0,1.0,0.11,0.054569036985107955,0.0,0.0
6576,新疆,光伏,energy_only,1.4000000000000017,20.0,True,33.0,60000.0,1.0,0.11,0.054569036985107955,0.0,0.0
6578,新疆,光伏,energy_only,1.4000000000000017,20.0,True,33.0,60000.0,1.0,0.11,0.054569036985107955,0.0,0.0
6579,新疆,光伏,energy_only,1.4000000000000017,20.0,True,33.0,60000.0,1.0,0.11,0.054569036985107955,0.0,0.0
6582,新疆,光伏,energy_only,1.4000000000000017,20.0,True,33.0,60000.0,1.0,0.11,0.054569036985107955,0.0,0.0
6590,新疆,光伏,energy_only,1.4000000000000017,20.0,True,33.0,60000.0,1.0,0.11,0.054569036985107955,0.0,0.0
6598,新疆,光伏,energy_only,1.4000000000000017,20.0,True,33.0,60000.0,1.0,0.11,0.054569036985107955,0.0,0.0
6602,新疆,光伏,energy_only,1.4000000000000017,20.0,True,33.0,60000.0,1.0,0.11,0.054569036985107955,0.0,0.0
6607,新疆,光伏,energy_only,1.4000000000000017,20.0,True,33.0,60000.0,1.0,0.11,0.054569036985107955,0.0,0.0
6609,新疆,光伏,energy_only,1.4000000000000017,20.0,True,33.0,60000.0,1.0,0.11,0.054569036985107955,0.0,0.0
6616,新疆,光伏,energy_only,1.4000000000000017,20.0,True,33.0,60000.0,1.0,0.11,0.054569036985107955,0.0,0.0
6619,新疆,光伏,energy_only,1.4000000000000017,20.0,True,33.0,60000.0,1.0,0.11,0.054569036985107955,0.0,0.0
6625,新疆,光伏,energy_only,1.4000000000000017,20.0,True,33.0,60000.0,1.0,0.11,0.054569036985107955,0.0,0.0
6628,新疆,光伏,energy_only,1.4000000000000017,20.0,True,33.0,60000.0,1.0,0.11,0.054569036985107955,0.0,0.0
6633,新疆,光伏,energy_only,1.4000000000000017,20.0,True,33.0,60000.0,1.0,0.11,0.054569036985107955,0.0,0.0
6634,新疆,光伏,energy_only,1.4000000000000017,20.0,True,33.0,60000.0,1.0,0.11,0.054569036985107955,0.0,0.0
6638,新疆,光伏,energy_only,1.4000000000000017,20.0,True,33.0,60000.0,1.0,0.11,0.054569036985107955,0.0,0.0
6641,新疆,光伏,energy_only,1.4000000000000017,20.0,True,33.0,60000.0,1.0,0.11,0.054569036985107955,0.0,0.0
6644,新疆,光伏,energy_only,1.4000000000000017,20.0,True,33.0,60000.0,1.0,0.11,0.054569036985107955,0.0,0.0
6654,新疆,光伏,energy_only,1.4000000000000017,20.0,True,33.0,60000.0,1.0,0.11,0.054569036985107955,0.0,0.0
6659,新疆,光伏,energy_only,1.4000000000000017,20.0,True,33.0,60000.0,1.0,0.11,0.054569036985107955,0.0,0.0
6666,新疆,光伏,energy_only,1.4000000000000017,20.0,True,33.0,60000.0,1.0,0.11,0.054569036985107955,0.0,0.0
6669,新疆,光伏,energy_only,1.4000000000000017,20.0,True,33.0,60000.0,1.0,0.11,0.054569036985107955,0.0,0.0
6672,新疆,光伏,energy_only,1.4000000000000017,20.0,True,33.0,60000.0,1.0,0.11,0.054569036985107955,0.0,0.0
6675,新疆,光伏,energy_only,1.4000000000000017,20.0,True,33.0,60000.0,1.0,0.11,0.054569036985107955,0.0,0.0
6694,新疆,光伏,energy_only,1.4000000000000017,20.0,True,33.0,60000.0,1.0,0.11,0.054569036985107955,0.0,0.0
6720,新疆,光伏,energy_only,1.4000000000000017,20.0,True,33.0,60000.0,1.0,0.11,0.054569036985107955,0.0,0.0
6723,新疆,光伏,energy_only,1.4000000000000017,20.0,True,33.0,60000.0,1.0,0.11,0.054569036985107955,0.0,0.0
6728,新疆,光伏,energy_only,1.4000000000000017,20.0,True,33.0,60000.0,1.0,0.11,0.054569036985107955,0.0,0.0
6731,新疆,光伏,energy_only,1.4000000000000017,20.0,True,33.0,60000.0,1.0,0.11,0.054569036985107955,0.0,0.0
6736,新疆,光伏,energy_only,1.4000000000000017,20.0,True,33.0,60000.0,1.0,0.11,0.054569036985107955,0.0,0.0
6738,新疆,光伏,energy_only,1.4000000000000017,20.0,True,33.0,60000.0,1.0,0.11,0.054569036985107955,0.0,0.0
6739,新疆,光伏,energy_only,1.4000000000000017,20.0,True,33.0,60000.0,1.0,0.11,0.054569036985107955,0.0,0.0
6740,新疆,光伏,energy_only,1.4000000000000017,20.0,True,33.0,60000.0,1.0,0.11,0.054569036985107955,0.0,0.0
6741,新疆,光伏,energy_only,1.4000000000000017,20.0,True,33.0,60000.0,1.0,0.11,0.054569036985107955,0.0,0.0
6745,新疆,光伏,energy_only,1.4000000000000017,20.0,True,33.0,60000.0,1.0,0.11,0.054569036985107955,0.0,0.0
6747,新疆,光伏,energy_only,1.4000000000000017,20.0,True,33.0,60000.0,1.0,0.11,0.054569036985107955,0.0,0.0
6753,新疆,光伏,energy_only,1.4000000000000017,20.0,True,33.0,60000.0,1.0,0.11,0.054569036985107955,0.0,0.0
6755,新疆,光伏,energy_only,1.4000000000000017,20.0,True,33.0,60000.0,1.0,0.11,0.054569036985107955,0.0,0.0
6760,新疆,光伏,energy_only,1.4000000000000017,20.0,True,33.0,60000.0,1.0,0.11,0.054569036985107955,0.0,0.0
6766,新疆,光伏,energy_only,1.4000000000000017,20.0,True,33.0,60000.0,1.0,0.11,0.054569036985107955,0.0,0.0
6768,新疆,光伏,energy_only,1.4000000000000017,20.0,True,33.0,60000.0,1.0,0.11,0.054569036985107955,0.0,0.0
6774,新疆,光伏,energy_only,1.4000000000000017,20.0,True,33.0,60000.0,1.0,0.11,0.054569036985107955,0.0,0.0
6777,新疆,光伏,energy_only,1.4000000000000017,20.0,True,33.0,60000.0,1.0,0.11,0.054569036985107955,0.0,0.0
6782,新疆,光伏,energy_only,1.4000000000000017,20.0,True,33.0,60000.0,1.0,0.11,0.054569036985107955,0.0,0.0
6785,新疆,光伏,energy_only,1.4000000000000017,20.0,True,33.0,60000.0,1.0,0.11,0.054569036985107955,0.0,0.0
6790,新疆,光伏,energy_only,1.4000000000000017,20.0,True,33.0,60000.0,1.0,0.11,0.054569036985107955,0.0,0.0
6792,新疆,光伏,energy_only,1.4000000000000017,20.0,True,33.0,60000.0,1.0,0.11,0.054569036985107955,0.0,0.0
6793,新疆,光伏,energy_only,1.4000000000000017,20.0,True,33.0,60000.0,1.0,0.11,0.054569036985107955,0.0,0.0
6799,新疆,光伏,energy_only,1.4000000000000017,20.0,True,33.0,60000.0,1.0,0.11,0.054569036985107955,0.0,0.0
6802,新疆,光伏,energy_only,1.4000000000000017,20.0,True,33.0,60000.0,1.0,0.11,0.054569036985107955,0.0,0.0
6804,新疆,光伏,energy_only,1.4000000000000017,20.0,True,33.0,60000.0,1.0,0.11,0.054569036985107955,0.0,0.0
6806,新疆,光伏,energy_only,1.4000000000000017,20.0,True,33.0,60000.0,1.0,0.11,0.054569036985107955,0.0,0.0
6812,新疆,光伏,energy_only,1.4000000000000017,20.0,True,33.0,60000.0,1.0,0.11,0.054569036985107955,0.0,0.0
6813,新疆,光伏,energy_only,1.4000000000000017,20.0,True,33.0,60000.0,1.0,0.11,0.054569036985107955,0.0,0.0
6819,新疆,光伏,energy_only,1.4000000000000017,20.0,True,33.0,60000.0,1.0,0.11,0.054569036985107955,0.0,0.0
6824,新疆,光伏,energy_only,1.4000000000000017,20.0,True,33.0,60000.0,1.0,0.11,0.054569036985107955,0.0,0.0
6827,新疆,光伏,energy_only,1.4000000000000017,20.0,True,33.0,60000.0,1.0,0.11,0.054569036985107955,0.0,0.0
6831,新疆,光伏,energy_only,1.4000000000000017,20.0,True,33.0,60000.0,1.0,0.11,0.054569036985107955,0.0,0.0
6838,新疆,光伏,energy_only,1.4000000000000017,20.0,True,33.0,60000.0,1.0,0.11,0.054569036985107955,0.0,0.0
6839,新疆,光伏,energy_only,1.4000000000000017,20.0,True,33.0,60000.0,1.0,0.11,0.054569036985107955,0.0,0.0
6842,新疆,光伏,energy_only,1.4000000000000017,20.0,True,33.0,60000.0,1.0,0.11,0.054569036985107955,0.0,0.0
6845,新疆,光伏,energy_only,1.4000000000000017,20.0,True,33.0,60000.0,1.0,0.11,0.054569036985107955,0.0,0.0
685,甘肃,光伏,energy_only,1.4000000000000017,20.0,True,33.0,60000.0,1.0,0.11,0.054569036985107955,0.0,0.0
6852,新疆,光伏,energy_only,1.4000000000000017,20.0,True,33.0,60000.0,1.0,0.11,0.054569036985107955,0.0,0.0
6854,新疆,光伏,energy_only,1.4000000000000017,20.0,True,33.0,60000.0,1.0,0.11,0.054569036985107955,0.0,0.0
6860,新疆,光伏,energy_only,1.4000000000000017,20.0,True,33.0,60000.0,1.0,0.11,0.054569036985107955,0.0,0.0
6866,新疆,光伏,energy_only,1.4000000000000017,20.0,True,33.0,60000.0,1.0,0.11,0.054569036985107955,0.0,0.0
6867,新疆,光伏,energy_only,1.4000000000000017,20.0,True,33.0,60000.0,1.0,0.11,0.054569036985107955,0.0,0.0
6881,新疆,光伏,energy_only,1.4000000000000017,20.0,True,33.0,60000.0,1.0,0.11,0.054569036985107955,0.0,0.0
6883,新疆,光伏,energy_only,1.4000000000000017,20.0,True,33.0,60000.0,1.0,0.11,0.054569036985107955,0.0,0.0
6885,新疆,光伏,energy_only,1.4000000000000017,20.0,True,33.0,60000.0,1.0,0.11,0.054569036985107955,0.0,0.0
6895,新疆,光伏,energy_only,1.4000000000000017,20.0,True,33.0,60000.0,1.0,0.11,0.054569036985107955,0.0,0.0
6898,新疆,光伏,energy_only,1.4000000000000017,20.0,True,33.0,60000.0,1.0,0.11,0.054569036985107955,0.0,0.0
6903,新疆,光伏,energy_only,1.4000000000000017,20.0,True,33.0,60000.0,1.0,0.11,0.054569036985107955,0.0,0.0
6907,新疆,光伏,energy_only,1.4000000000000017,20.0,True,33.0,60000.0,1.0,0.11,0.054569036985107955,0.0,0.0
6911,新疆,光伏,energy_only,1.4000000000000017,20.0,True,33.0,60000.0,1.0,0.11,0.054569036985107955,0.0,0.0
6912,新疆,光伏,energy_only,1.4000000000000017,20.0,True,33.0,60000.0,1.0,0.11,0.054569036985107955,0.0,0.0
6913,新疆,光伏,energy_only,1.4000000000000017,20.0,True,33.0,60000.0,1.0,0.11,0.054569036985107955,0.0,0.0
6916,新疆,光伏,energy_only,1.4000000000000017,20.0,True,33.0,60000.0,1.0,0.11,0.054569036985107955,0.0,0.0
6918,新疆,光伏,energy_only,1.4000000000000017,20.0,True,33.0,60000.0,1.0,0.11,0.054569036985107955,0.0,0.0
6928,新疆,光伏,energy_only,1.4000000000000017,20.0,True,33.0,60000.0,1.0,0.11,0.054569036985107955,0.0,0.0
6934,新疆,光伏,energy_only,1.4000000000000017,20.0,True,33.0,60000.0,1.0,0.11,0.054569036985107955,0.0,0.0
6938,新疆,光伏,energy_only,1.4000000000000017,20.0,True,33.0,60000.0,1.0,0.11,0.054569036985107955,0.0,0.0
6947,新疆,光伏,energy_only,1.4000000000000017,20.0,True,33.0,60000.0,1.0,0.11,0.054569036985107955,0.0,0.0
6953,新疆,光伏,energy_only,1.4000000000000017,20.0,True,33.0,60000.0,1.0,0.11,0.054569036985107955,0.0,0.0
6959,新疆,光伏,energy_only,1.4000000000000017,20.0,True,33.0,60000.0,1.0,0.11,0.054569036985107955,0.0,0.0
6963,新疆,光伏,energy_only,1.4000000000000017,20.0,True,33.0,60000.0,1.0,0.11,0.054569036985107955,0.0,0.0
697,甘肃,光伏,energy_only,1.4000000000000017,20.0,True,33.0,60000.0,1.0,0.11,0.054569036985107955,0.0,0.0
6975,新疆,光伏,energy_only,1.4000000000000017,20.0,True,33.0,60000.0,1.0,0.11,0.054569036985107955,0.0,0.0
6981,新疆,光伏,energy_only,1.4000000000000017,20.0,True,33.0,60000.0,1.0,0.11,0.054569036985107955,0.0,0.0
6998,新疆,光伏,energy_only,1.4000000000000017,20.0,True,33.0,60000.0,1.0,0.11,0.054569036985107955,0.0,0.0
6999,新疆,光伏,energy_only,1.4000000000000017,20.0,True,33.0,60000.0,1.0,0.11,0.054569036985107955,0.0,0.0
7114,新疆,光伏,energy_only,1.4000000000000017,20.0,True,33.0,60000.0,1.0,0.11,0.054569036985107955,0.0,0.0
724,甘肃,光伏,energy_only,1.4000000000000017,20.0,True,33.0,60000.0,1.0,0.11,0.054569036985107955,0.0,0.0
7274,新疆,光伏,energy_only,1.4000000000000017,20.0,True,33.0,60000.0,1.0,0.11,0.054569036985107955,0.0,0.0
7284,新疆,光伏,energy_only,1.4000000000000017,20.0,True,33.0,60000.0,1.0,0.11,0.054569036985107955,0.0,0.0
7325,新疆,光伏,energy_only,1.4000000000000017,20.0,True,33.0,60000.0,1.0,0.11,0.054569036985107955,0.0,0.0
7332,新疆,光伏,energy_only,1.4000000000000017,20.0,True,33.0,60000.0,1.0,0.11,0.054569036985107955,0.0,0.0
7361,新疆,光伏,energy_only,1.4000000000000017,20.0,True,33.0,60000.0,1.0,0.11,0.054569036985107955,0.0,0.0
770,甘肃,光伏,energy_only,1.4000000000000017,20.0,True,33.0,60000.0,1.0,0.11,0.054569036985107955,0.0,0.0
782,甘肃,光伏,energy_only,1.4000000000000017,20.0,True,33.0,60000.0,1.0,0.11,0.054569036985107955,0.0,0.0
810,甘肃,光伏,energy_only,1.4000000000000017,20.0,True,33.0,60000.0,1.0,0.11,0.054569036985107955,0.0,0.0
814,甘肃,光伏,energy_only,1.4000000000000017,20.0,True,33.0,60000.0,1.0,0.11,0.054569036985107955,0.0,0.0
816,甘肃,光伏,energy_only,1.4000000000000017,20.0,True,33.0,60000.0,1.0,0.11,0.054569036985107955,0.0,0.0
8314,青海,光伏,energy_only,1.4000000000000017,20.0,True,33.0,60000.0,1.0,0.11,0.054569036985107955,0.0,0.0
8326,青海,光伏,energy_only,1.4000000000000017,20.0,True,33.0,60000.0,1.0,0.11,0.054569036985107955,0.0,0.0
886,甘肃,光伏,energy_only,1.4000000000000017,20.0,True,33.0,60000.0,1.0,0.11,0.054569036985107955,0.0,0.0
895,甘肃,光伏,energy_only,1.4000000000000017,20.0,True,33.0,60000.0,1.0,0.11,0.054569036985107955,0.0,0.0
931,甘肃,光伏,energy_only,1.4000000000000017,20.0,True,33.0,60000.0,1.0,0.11,0.054569036985107955,0.0,0.0
935,甘肃,光伏,energy_only,1.4000000000000017,20.0,True,33.0,60000.0,1.0,0.11,0.054569036985107955,0.0,0.0
943,甘肃,光伏,energy_only,1.4000000000000017,20.0,True,33.0,60000.0,1.0,0.11,0.054569036985107955,0.0,0.0
954,甘肃,光伏,energy_only,1.4000000000000017,20.0,True,33.0,60000.0,1.0,0.11,0.054569036985107955,0.0,0.0
957,甘肃,光伏,energy_only,1.4000000000000017,20.0,True,33.0,60000.0,1.0,0.11,0.054569036985107955,0.0,0.0
963,甘肃,光伏,energy_only,1.4000000000000017,20.0,True,33.0,60000.0,1.0,0.11,0.054569036985107955,0.0,0.0
W1057,广西,风电,energy_only,1.4000000000000017,20.0,True,33.0,60000.0,1.0,0.11,0.054569036985107955,0.0,0.0
W1069,广西,风电,energy_only,1.4000000000000017,20.0,True,33.0,60000.0,1.0,0.11,0.054569036985107955,0.0,0.0
W1073,广西,风电,energy_only,1.4000000000000017,20.0,True,33.0,60000.0,1.0,0.11,0.054569036985107955,0.0,0.0
W113,甘肃,风电,energy_only,1.4000000000000017,20.0,True,33.0,60000.0,1.0,0.11,0.054569036985107955,0.0,0.0
W1130,河北,风电,energy_only,1.4000000000000017,20.0,True,33.0,60000.0,1.0,0.11,0.054569036985107955,0.0,0.0
W1134,河北,风电,energy_only,1.4000000000000017,20.0,True,33.0,60000.0,1.0,0.11,0.054569036985107955,0.0,0.0
W114,甘肃,风电,energy_only,1.4000000000000017,20.0,True,33.0,60000.0,1.0,0.11,0.054569036985107955,0.0,0.0
W115,甘肃,风电,energy_only,1.4000000000000017,20.0,True,33.0,60000.0,1.0,0.11,0.054569036985107955,0.0,0.0
W116,甘肃,风电,energy_only,1.4000000000000017,20.0,True,33.0,60000.0,1.0,0.11,0.054569036985107955,0.0,0.0
W117,甘肃,风电,energy_only,1.4000000000000017,20.0,True,33.0,60000.0,1.0,0.11,0.054569036985107955,0.0,0.0
W1223,陕西,风电,energy_only,1.4000000000000017,20.0,True,33.0,60000.0,1.0,0.11,0.054569036985107955,0.0,0.0
W123,甘肃,风电,energy_only,1.4000000000000017,20.0,True,33.0,60000.0,1.0,0.11,0.054569036985107955,0.0,0.0
W127,甘肃,风电,energy_only,1.4000000000000017,20.0,True,33.0,60000.0,1.0,0.11,0.054569036985107955,0.0,0.0
W1273,广西,风电,energy_only,1.4000000000000017,20.0,True,33.0,60000.0,1.0,0.11,0.054569036985107955,0.0,0.0
W128,甘肃,风电,energy_only,1.4000000000000017,20.0,True,33.0,60000.0,1.0,0.11,0.054569036985107955,0.0,0.0
W1280,河北,风电,energy_only,1.4000000000000017,20.0,True,33.0,60000.0,1.0,0.11,0.054569036985107955,0.0,0.0
W1284,河北,风电,energy_only,1.4000000000000017,20.0,True,33.0,60000.0,1.0,0.11,0.054569036985107955,0.0,0.0
W129,甘肃,风电,energy_only,1.4000000000000017,20.0,True,33.0,60000.0,1.0,0.11,0.054569036985107955,0.0,0.0
W130,甘肃,风电,energy_only,1.4000000000000017,20.0,True,33.0,60000.0,1.0,0.11,0.054569036985107955,0.0,0.0
W131,甘肃,风电,energy_only,1.4000000000000017,20.0,True,33.0,60000.0,1.0,0.11,0.054569036985107955,0.0,0.0
W132,甘肃,风电,energy_only,1.4000000000000017,20.0,True,33.0,60000.0,1.0,0.11,0.054569036985107955,0.0,0.0
W133,甘肃,风电,energy_only,1.4000000000000017,20.0,True,33.0,60000.0,1.0,0.11,0.054569036985107955,0.0,0.0
W134,甘肃,风电,energy_only,1.4000000000000017,20.0,True,33.0,60000.0,1.0,0.11,0.054569036985107955,0.0,0.0
W1340,河北,风电,energy_only,1.4000000000000017,20.0,True,33.0,60000.0,1.0,0.11,0.054569036985107955,0.0,0.0
W1356,河北,风电,energy_only,1.4000000000000017,20.0,True,33.0,60000.0,1.0,0.11,0.054569036985107955,0.0,0.0
W1358,河北,风电,energy_only,1.4000000000000017,20.0,True,33.0,60000.0,1.0,0.11,0.054569036985107955,0.0,0.0
W136,甘肃,风电,energy_only,1.4000000000000017,20.0,True,33.0,60000.0,1.0,0.11,0.054569036985107955,0.0,0.0
W1360,河北,风电,energy_only,1.4000000000000017,20.0,True,33.0,60000.0,1.0,0.11,0.054569036985107955,0.0,0.0
W1362,河北,风电,energy_only,1.4000000000000017,20.0,True,33.0,60000.0,1.0,0.11,0.054569036985107955,0.0,0.0
W1374,河北,风电,energy_only,1.4000000000000017,20.0,True,33.0,60000.0,1.0,0.11,0.054569036985107955,0.0,0.0
W1376,河北,风电,energy_only,1.4000000000000017,20.0,True,33.0,60000.0,1.0,0.11,0.054569036985107955,0.0,0.0
W138,甘肃,风电,energy_only,1.4000000000000017,20.0,True,33.0,60000.0,1.0,0.11,0.054569036985107955,0.0,0.0
W1387,河北,风电,energy_only,1.4000000000000017,20.0,True,33.0,60000.0,1.0,0.11,0.054569036985107955,0.0,0.0
W1389,河北,风电,energy_only,1.4000000000000017,20.0,True,33.0,60000.0,1.0,0.11,0.054569036985107955,0.0,0.0
W139,甘肃,风电,energy_only,1.4000000000000017,20.0,True,33.0,60000.0,1.0,0.11,0.054569036985107955,0.0,0.0
W140,甘肃,风电,energy_only,1.4000000000000017,20.0,True,33.0,60000.0,1.0,0.11,0.054569036985107955,0.0,0.0
W141,甘肃,风电,energy_only,1.4000000000000017,20.0,True,33.0,60000.0,1.0,0.11,0.054569036985107955,0.0,0.0
W1482,海南,风电,energy_only,1.4000000000000017,4.5,False,33.0,60000.0,1.0,0.11,0.054569036985107955,0.0,0.0
W1483,海南,风电,energy_only,1.4000000000000017,4.5,False,33.0,60000.0,1.0,0.11,0.054569036985107955,0.0,0.0
W1502,河北,风电,energy_only,1.4000000000000017,20.0,True,33.0,60000.0,1.0,0.11,0.054569036985107955,0.0,0.0
W1509,河北,风电,energy_only,1.4000000000000017,20.0,True,33.0,60000.0,1.0,0.11,0.054569036985107955,0.0,0.0
W1529,河北,风电,energy_only,1.4000000000000017,20.0,True,33.0,60000.0,1.0,0.11,0.054569036985107955,0.0,0.0
W1603,广西,风电,energy_only,1.4000000000000017,20.0,True,33.0,60000.0,1.0,0.11,0.054569036985107955,0.0,0.0
W1612,河北,风电,energy_only,1.4000000000000017,20.0,True,33.0,60000.0,1.0,0.11,0.054569036985107955,0.0,0.0
W1686,广西,风电,energy_only,1.4000000000000017,20.0,True,33.0,60000.0,1.0,0.11,0.054569036985107955,0.0,0.0
W1769,广西,风电,energy_only,1.4000000000000017,4.1,False,34.50000000000002,60000.0,1.0,0.11,0.04994116534169557,0.0,0.0
W1774,广西,风电,energy_only,1.4000000000000017,4.1,False,34.50000000000002,60000.0,1.0,0.11,0.04994116534169557,0.0,0.0
W1866,河北,风电,energy_only,1.4000000000000017,20.0,True,33.0,60000.0,1.0,0.11,0.054569036985107955,0.0,0.0
W1875,河北,风电,energy_only,1.4000000000000017,20.0,True,33.0,60000.0,1.0,0.11,0.054569036985107955,0.0,0.0
W1883,河北,风电,energy_only,1.4000000000000017,20.0,True,33.0,60000.0,1.0,0.11,0.054569036985107955,0.0,0.0
W1887,河北,风电,energy_only,1.4000000000000017,20.0,True,33.0,60000.0,1.0,0.11,0.054569036985107955,0.0,0.0
W1892,河北,风电,energy_only,1.4000000000000017,20.0,True,33.0,60000.0,1.0,0.11,0.054569036985107955,0.0,0.0
W2206,黑龙江,风电,energy_only,1.4000000000000017,4.0,False,35.000000000000014,60000.0,1.0,0.11,0.0484383065179268,0.0,0.0
W2208,黑龙江,风电,energy_only,1.4000000000000017,4.0,False,35.000000000000014,60000.0,1.0,0.11,0.0484383065179268,0.0,0.0
W2214,黑龙江,风电,energy_only,1.4000000000000017,4.0,False,35.000000000000014,60000.0,1.0,0.11,0.0484383065179268,0.0,0.0
W2237,黑龙江,风电,energy_only,1.4000000000000017,20.0,True,33.0,60000.0,1.0,0.11,0.054569036985107955,0.0,0.0
W2263,河北,风电,energy_only,1.4000000000000017,20.0,True,33.0,60000.0,1.0,0.11,0.054569036985107955,0.0,0.0
W2266,河北,风电,energy_only,1.4000000000000017,20.0,True,33.0,60000.0,1.0,0.11,0.054569036985107955,0.0,0.0
W2269,黑龙江,风电,energy_only,1.4000000000000017,20.0,True,33.0,60000.0,1.0,0.11,0.054569036985107955,0.0,0.0
W2282,黑龙江,风电,energy_only,1.4000000000000017,20.0,True,33.0,60000.0,1.0,0.11,0.054569036985107955,0.0,0.0
W2377,河北,风电,energy_only,1.4000000000000017,4.2,False,34.000000000000014,60000.0,1.0,0.11,0.05146353871659415,0.0,0.0
W2379,黑龙江,风电,energy_only,1.4000000000000017,20.0,True,33.0,60000.0,1.0,0.11,0.054569036985107955,0.0,0.0
W2383,黑龙江,风电,energy_only,1.4000000000000017,20.0,True,33.0,60000.0,1.0,0.11,0.054569036985107955,0.0,0.0
W2404,黑龙江,风电,energy_only,1.4000000000000017,20.0,True,33.0,60000.0,1.0,0.11,0.054569036985107955,0.0,0.0
W2420,黑龙江,风电,energy_only,1.4000000000000017,20.0,True,33.0,60000.0,1.0,0.11,0.054569036985107955,0.0,0.0
W2431,河北,风电,energy_only,1.4000000000000017,20.0,True,33.0,60000.0,1.0,0.11,0.054569036985107955,0.0,0.0
W2436,河北,风电,energy_only,1.4000000000000017,20.0,True,33.0,60000.0,1.0,0.11,0.054569036985107955,0.0,0.0
W2441,河北,风电,energy_only,1.4000000000000017,20.0,True,33.0,60000.0,1.0,0.11,0.054569036985107955,0.0,0.0
W2455,河北,风电,energy_only,1.4000000000000017,20.0,True,33.0,60000.0,1.0,0.11,0.054569036985107955,0.0,0.0
W2456,黑龙江,风电,energy_only,1.4000000000000017,20.0,True,33.0,60000.0,1.0,0.11,0.054569036985107955,0.0,0.0
W2461,河北,风电,energy_only,1.4000000000000017,20.0,True,33.0,60000.0,1.0,0.11,0.054569036985107955,0.0,0.0
W2465,河北,风电,energy_only,1.4000000000000017,20.0,True,33.0,60000.0,1.0,0.11,0.054569036985107955,0.0,0.0
W2466,黑龙江,风电,energy_only,1.4000000000000017,4.2,False,34.000000000000014,60000.0,1.0,0.11,0.05146353871659415,0.0,0.0
W2471,黑龙江,风电,energy_only,1.4000000000000017,4.2,False,34.000000000000014,60000.0,1.0,0.11,0.05146353871659415,0.0,0.0
W2475,黑龙江,风电,energy_only,1.4000000000000017,4.2,False,34.000000000000014,60000.0,1.0,0.11,0.05146353871659415,0.0,0.0
W2482,河北,风电,energy_only,1.4000000000000017,20.0,True,33.0,60000.0,1.0,0.11,0.054569036985107955,0.0,0.0
W2488,河北,风电,energy_only,1.4000000000000017,20.0,True,33.0,60000.0,1.0,0.11,0.054569036985107955,0.0,0.0
W2495,黑龙江,风电,energy_only,1.4000000000000017,4.2,False,34.000000000000014,60000.0,1.0,0.11,0.05146353871659415,0.0,0.0
W2497,黑龙江,风电,energy_only,1.4000000000000017,4.2,False,34.000000000000014,60000.0,1.0,0.11,0.05146353871659415,0.0,0.0
W2504,黑龙江,风电,energy_only,1.4000000000000017,20.0,True,33.0,60000.0,1.0,0.11,0.054569036985107955,0.0,0.0
W2507,河北,风电,energy_only,1.4000000000000017,20.0,True,33.0,60000.0,1.0,0.11,0.054569036985107955,0.0,0.0
W2515,河北,风电,energy_only,1.4000000000000017,20.0,True,33.0,60000.0,1.0,0.11,0.054569036985107955,0.0,0.0
W2524,黑龙江,风电,energy_only,1.4000000000000017,3.3,False,38.500000000000014,60000.0,1.0,0.11,0.0384232489180073,0.0,0.0
W2525,河北,风电,energy_only,1.4000000000000017,20.0,True,33.0,60000.0,1.0,0.11,0.054569036985107955,0.0,0.0
W2553,黑龙江,风电,energy_only,1.4000000000000017,20.0,True,33.0,60000.0,1.0,0.11,0.054569036985107955,0.0,0.0
W2567,黑龙江,风电,energy_only,1.4000000000000017,20.0,True,33.0,60000.0,1.0,0.11,0.054569036985107955,0.0,0.0
W2577,黑龙江,风电,energy_only,1.4000000000000017,20.0,True,33.0,60000.0,1.0,0.11,0.054569036985107955,0.0,0.0
W2590,黑龙江,风电,energy_only,1.4000000000000017,20.0,True,33.0,60000.0,1.0,0.11,0.054569036985107955,0.0,0.0
W2604,黑龙江,风电,energy_only,1.4000000000000017,4.2,False,34.000000000000014,60000.0,1.0,0.11,0.05146353871659415,0.0,0.0
W2610,黑龙江,风电,energy_only,1.4000000000000017,4.2,False,34.000000000000014,60000.0,1.0,0.11,0.05146353871659415,0.0,0.0
W2622,黑龙江,风电,energy_only,1.4000000000000017,20.0,True,33.0,60000.0,1.0,0.11,0.054569036985107955,0.0,0.0
W2626,黑龙江,风电,energy_only,1.4000000000000017,20.0,True,33.0,60000.0,1.0,0.11,0.054569036985107955,0.0,0.0
W2638,黑龙江,风电,energy_only,1.4000000000000017,4.0,False,35.000000000000014,60000.0,1.0,0.11,0.0484383065179268,0.0,0.0
W2648,黑龙江,风电,energy_only,1.4000000000000017,20.0,True,33.0,60000.0,1.0,0.11,0.054569036985107955,0.0,0.0
W2655,黑龙江,风电,energy_only,1.4000000000000017,3.5,False,37.500000000000014,60000.0,1.0,0.11,0.04119912154922811,0.0,0.0
W2670,黑龙江,风电,energy_only,1.4000000000000017,20.0,True,33.0,60000.0,1.0,0.11,0.054569036985107955,0.0,0.0
W2693,黑龙江,风电,energy_only,1.4000000000000017,20.0,True,33.0,60000.0,1.0,0.11,0.054569036985107955,0.0,0.0
W2703,黑龙江,风电,energy_only,1.4000000000000017,20.0,True,33.0,60000.0,1.0,0.11,0.054569036985107955,0.0,0.0
W2708,黑龙江,风电,energy_only,1.4000000000000017,20.0,True,33.0,60000.0,1.0,0.11,0.054569036985107955,0.0,0.0
W2736,黑龙江,风电,energy_only,1.4000000000000017,3.3,False,38.500000000000014,60000.0,1.0,0.11,0.0384232489180073,0.0,0.0
W2751,黑龙江,风电,energy_only,1.4000000000000017,3.3,False,38.500000000000014,60000.0,1.0,0.11,0.0384232489180073,0.0,0.0
W2766,黑龙江,风电,energy_only,1.4000000000000017,3.3,False,38.500000000000014,60000.0,1.0,0.11,0.0384232489180073,0.0,0.0
W2780,河北,风电,energy_only,1.4000000000000017,20.0,True,33.0,60000.0,1.0,0.11,0.054569036985107955,0.0,0.0
W2781,黑龙江,风电,energy_only,1.4000000000000017,20.0,True,33.0,60000.0,1.0,0.11,0.054569036985107955,0.0,0.0
W2786,河北,风电,energy_only,1.4000000000000017,20.0,True,33.0,60000.0,1.0,0.11,0.054569036985107955,0.0,0.0
W2790,黑龙江,风电,energy_only,1.4000000000000017,20.0,True,33.0,60000.0,1.0,0.11,0.054569036985107955,0.0,0.0
W2792,河北,风电,energy_only,1.4000000000000017,20.0,True,33.0,60000.0,1.0,0.11,0.054569036985107955,0.0,0.0
W2797,河北,风电,energy_only,1.4000000000000017,20.0,True,33.0,60000.0,1.0,0.11,0.054569036985107955,0.0,0.0
W2803,黑龙江,风电,energy_only,1.4000000000000017,1.7,False,46.50000000000001,60000.0,1.0,0.11,0.018272775398961882,0.0,0.0
W2813,黑龙江,风电,energy_only,1.4000000000000017,20.0,True,33.0,60000.0,1.0,0.11,0.054569036985107955,0.0,0.0
W2820,黑龙江,风电,energy_only,1.4000000000000017,3.3,False,38.500000000000014,60000.0,1.0,0.11,0.0384232489180073,0.0,0.0
W2822,黑龙江,风电,energy_only,1.4000000000000017,20.0,True,33.0,60000.0,1.0,0.11,0.054569036985107955,0.0,0.0
W2824,黑龙江,风电,energy_only,1.4000000000000017,4.0,False,35.000000000000014,60000.0,1.0,0.11,0.0484383065179268,0.0,0.0
W2833,黑龙江,风电,energy_only,1.4000000000000017,4.0,False,35.000000000000014,60000.0,1.0,0.11,0.0484383065179268,0.0,0.0
W2843,黑龙江,风电,energy_only,1.4000000000000017,20.0,True,33.0,60000.0,1.0,0.11,0.054569036985107955,0.0,0.0
W2845,黑龙江,风电,energy_only,1.4000000000000017,20.0,True,33.0,60000.0,1.0,0.11,0.054569036985107955,0.0,0.0
W2869,黑龙江,风电,energy_only,1.4000000000000017,20.0,True,33.0,60000.0,1.0,0.11,0.054569036985107955,0.0,0.0
W2877,黑龙江,风电,energy_only,1.4000000000000017,20.0,True,33.0,60000.0,1.0,0.11,0.054569036985107955,0.0,0.0
W2902,黑龙江,风电,energy_only,1.4000000000000017,20.0,True,33.0,60000.0,1.0,0.11,0.054569036985107955,0.0,0.0
W2907,黑龙江,风电,energy_only,1.4000000000000017,20.0,True,33.0,60000.0,1.0,0.11,0.054569036985107955,0.0,0.0
W2911,黑龙江,风电,energy_only,1.4000000000000017,20.0,True,33.0,60000.0,1.0,0.11,0.054569036985107955,0.0,0.0
W2919,黑龙江,风电,energy_only,1.4000000000000017,20.0,True,33.0,60000.0,1.0,0.11,0.054569036985107955,0.0,0.0
W2924,黑龙江,风电,energy_only,1.4000000000000017,20.0,True,33.0,60000.0,1.0,0.11,0.054569036985107955,0.0,0.0
W2934,黑龙江,风电,energy_only,1.4000000000000017,20.0,True,33.0,60000.0,1.0,0.11,0.054569036985107955,0.0,0.0
W2966,黑龙江,风电,energy_only,1.4000000000000017,20.0,True,33.0,60000.0,1.0,0.11,0.054569036985107955,0.0,0.0
W2967,黑龙江,风电,energy_only,1.4000000000000017,20.0,True,33.0,60000.0,1.0,0.11,0.054569036985107955,0.0,0.0
W2970,黑龙江,风电,energy_only,1.4000000000000017,20.0,True,33.0,60000.0,1.0,0.11,0.054569036985107955,0.0,0.0
W2972,黑龙江,风电,energy_only,1.4000000000000017,20.0,True,33.0,60000.0,1.0,0.11,0.054569036985107955,0.0,0.0
W2975,黑龙江,风电,energy_only,1.4000000000000017,20.0,True,33.0,60000.0,1.0,0.11,0.054569036985107955,0.0,0.0
W2978,黑龙江,风电,energy_only,1.4000000000000017,20.0,True,33.0,60000.0,1.0,0.11,0.054569036985107955,0.0,0.0
W2979,黑龙江,风电,energy_only,1.4000000000000017,20.0,True,33.0,60000.0,1.0,0.11,0.054569036985107955,0.0,0.0
W3240,内蒙古,风电,energy_only,1.4000000000000017,20.0,True,33.0,60000.0,1.0,0.11,0.054569036985107955,0.0,0.0
W3243,湖南,风电,energy_only,1.4000000000000017,4.5,False,33.0,60000.0,1.0,0.11,0.054569036985107955,0.0,0.0
W3274,内蒙古,风电,energy_only,1.4000000000000017,20.0,True,33.0,60000.0,1.0,0.11,0.054569036985107955,0.0,0.0
W3282,内蒙古,风电,energy_only,1.4000000000000017,20.0,True,33.0,60000.0,1.0,0.11,0.054569036985107955,0.0,0.0
W3410,湖南,风电,energy_only,1.4000000000000017,20.0,True,33.0,60000.0,1.0,0.11,0.054569036985107955,0.0,0.0
W3447,湖南,风电,energy_only,1.4000000000000017,20.0,True,33.0,60000.0,1.0,0.11,0.054569036985107955,0.0,0.0
W3449,湖南,风电,energy_only,1.4000000000000017,20.0,True,33.0,60000.0,1.0,0.11,0.054569036985107955,0.0,0.0
W3459,湖南,风电,energy_only,1.4000000000000017,20.0,True,33.0,60000.0,1.0,0.11,0.054569036985107955,0.0,0.0
W3463,湖南,风电,energy_only,1.4000000000000017,4.0,False,35.000000000000014,60000.0,1.0,0.11,0.0484383065179268,0.0,0.0
W3983,湖南,风电,energy_only,1.4000000000000017,20.0,True,33.0,60000.0,1.0,0.11,0.054569036985107955,0.0,0.0
W4047,内蒙古,风电,energy_only,1.4000000000000017,4.5,False,33.0,60000.0,1.0,0.11,0.054569036985107955,0.0,0.0
W4050,内蒙古,风电,energy_only,1.4000000000000017,20.0,True,33.0,60000.0,1.0,0.11,0.054569036985107955,0.0,0.0
W4054,内蒙古,风电,energy_only,1.4000000000000017,20.0,True,33.0,60000.0,1.0,0.11,0.054569036985107955,0.0,0.0
W4062,内蒙古,风电,energy_only,1.4000000000000017,4.5,False,33.0,60000.0,1.0,0.11,0.054569036985107955,0.0,0.0
W4101,内蒙古,风电,energy_only,1.4000000000000017,4.2,False,34.000000000000014,60000.0,1.0,0.11,0.05146353871659415,0.0,0.0
W4230,内蒙古,风电,energy_only,1.4000000000000017,4.2,False,34.000000000000014,60000.0,1.0,0.11,0.05146353871659415,0.0,0.0
W4253,内蒙古,风电,energy_only,1.4000000000000017,4.2,False,34.000000000000014,60000.0,1.0,0.11,0.05146353871659415,0.0,0.0
W4268,内蒙古,风电,energy_only,1.4000000000000017,20.0,True,33.0,60000.0,1.0,0.11,0.054569036985107955,0.0,0.0
W4304,内蒙古,风电,energy_only,1.4000000000000017,20.0,True,33.0,60000.0,1.0,0.11,0.054569036985107955,0.0,0.0
W4313,内蒙古,风电,energy_only,1.4000000000000017,2.5,False,42.500000000000014,60000.0,1.0,0.11,0.027925310333144604,0.0,0.0
W4386,内蒙古,风电,energy_only,1.4000000000000017,20.0,True,33.0,60000.0,1.0,0.11,0.054569036985107955,0.0,0.0
W4461,内蒙古,风电,energy_only,1.4000000000000017,20.0,True,33.0,60000.0,1.0,0.11,0.054569036985107955,0.0,0.0
W4475,内蒙古,风电,energy_only,1.4000000000000017,20.0,True,33.0,60000.0,1.0,0.11,0.054569036985107955,0.0,0.0
W4484,内蒙古,风电,energy_only,1.4000000000000017,20.0,True,33.0,60000.0,1.0,0.11,0.054569036985107955,0.0,0.0
W4505,内蒙古,风电,energy_only,1.4000000000000017,20.0,True,33.0,60000.0,1.0,0.11,0.054569036985107955,0.0,0.0
W4510,内蒙古,风电,energy_only,1.4000000000000017,20.0,True,33.0,60000.0,1.0,0.11,0.054569036985107955,0.0,0.0
W4517,内蒙古,风电,energy_only,1.4000000000000017,20.0,True,33.0,60000.0,1.0,0.11,0.054569036985107955,0.0,0.0
W4522,内蒙古,风电,energy_only,1.4000000000000017,20.0,True,33.0,60000.0,1.0,0.11,0.054569036985107955,0.0,0.0
W4534,内蒙古,风电,energy_only,1.4000000000000017,1.6,False,47.00000000000001,60000.0,1.0,0.11,0.017118683911955923,0.0,0.0
W4548,内蒙古,风电,energy_only,1.4000000000000017,20.0,True,33.0,60000.0,1.0,0.11,0.054569036985107955,0.0,0.0
W4551,内蒙古,风电,energy_only,1.4000000000000017,20.0,True,33.0,60000.0,1.0,0.11,0.054569036985107955,0.0,0.0
W4588,内蒙古,风电,energy_only,1.4000000000000017,20.0,True,33.0,60000.0,1.0,0.11,0.054569036985107955,0.0,0.0
W4603,内蒙古,风电,energy_only,1.4000000000000017,20.0,True,33.0,60000.0,1.0,0.11,0.054569036985107955,0.0,0.0
W4611,内蒙古,风电,energy_only,1.4000000000000017,20.0,True,33.0,60000.0,1.0,0.11,0.054569036985107955,0.0,0.0
W4721,内蒙古,风电,energy_only,1.4000000000000017,20.0,True,33.0,60000.0,1.0,0.11,0.054569036985107955,0.0,0.0
W4736,内蒙古,风电,energy_only,1.4000000000000017,20.0,True,33.0,60000.0,1.0,0.11,0.054569036985107955,0.0,0.0
W4753,内蒙古,风电,energy_only,1.4000000000000017,20.0,True,33.0,60000.0,1.0,0.11,0.054569036985107955,0.0,0.0
W4783,内蒙古,风电,energy_only,1.4000000000000017,20.0,True,33.0,60000.0,1.0,0.11,0.054569036985107955,0.0,0.0
W4791,内蒙古,风电,energy_only,1.4000000000000017,20.0,True,33.0,60000.0,1.0,0.11,0.054569036985107955,0.0,0.0
W4807,内蒙古,风电,energy_only,1.4000000000000017,20.0,True,33.0,60000.0,1.0,0.11,0.054569036985107955,0.0,0.0
W4808,内蒙古,风电,energy_only,1.4000000000000017,20.0,True,33.0,60000.0,1.0,0.11,0.054569036985107955,0.0,0.0
W4814,内蒙古,风电,energy_only,1.4000000000000017,20.0,True,33.0,60000.0,1.0,0.11,0.054569036985107955,0.0,0.0
W4815,内蒙古,风电,energy_only,1.4000000000000017,20.0,True,33.0,60000.0,1.0,0.11,0.054569036985107955,0.0,0.0
W4832,内蒙古,风电,energy_only,1.4000000000000017,20.0,True,33.0,60000.0,1.0,0.11,0.054569036985107955,0.0,0.0
W4837,内蒙古,风电,energy_only,1.4000000000000017,20.0,True,33.0,60000.0,1.0,0.11,0.054569036985107955,0.0,0.0
W4852,内蒙古,风电,energy_only,1.4000000000000017,20.0,True,33.0,60000.0,1.0,0.11,0.054569036985107955,0.0,0.0
W4875,内蒙古,风电,energy_only,1.4000000000000017,20.0,True,33.0,60000.0,1.0,0.11,0.054569036985107955,0.0,0.0
W4888,内蒙古,风电,energy_only,1.4000000000000017,20.0,True,33.0,60000.0,1.0,0.11,0.054569036985107955,0.0,0.0
W4968,内蒙古,风电,energy_only,1.4000000000000017,20.0,True,33.0,60000.0,1.0,0.11,0.054569036985107955,0.0,0.0
W4991,内蒙古,风电,energy_only,1.4000000000000017,4.2,False,34.000000000000014,60000.0,1.0,0.11,0.05146353871659415,0.0,0.0
W5005,青海,风电,energy_only,1.4000000000000017,20.0,True,33.0,60000.0,1.0,0.11,0.054569036985107955,0.0,0.0
W5007,青海,风电,energy_only,1.4000000000000017,20.0,True,33.0,60000.0,1.0,0.11,0.054569036985107955,0.0,0.0
W5009,青海,风电,energy_only,1.4000000000000017,20.0,True,33.0,60000.0,1.0,0.11,0.054569036985107955,0.0,0.0
W5010,青海,风电,energy_only,1.4000000000000017,20.0,True,33.0,60000.0,1.0,0.11,0.054569036985107955,0.0,0.0
W5014,青海,风电,energy_only,1.4000000000000017,20.0,True,33.0,60000.0,1.0,0.11,0.054569036985107955,0.0,0.0
W5019,青海,风电,energy_only,1.4000000000000017,20.0,True,33.0,60000.0,1.0,0.11,0.054569036985107955,0.0,0.0
W5021,青海,风电,energy_only,1.4000000000000017,20.0,True,33.0,60000.0,1.0,0.11,0.054569036985107955,0.0,0.0
W5022,青海,风电,energy_only,1.4000000000000017,20.0,True,33.0,60000.0,1.0,0.11,0.054569036985107955,0.0,0.0
W5025,青海,风电,energy_only,1.4000000000000017,20.0,True,33.0,60000.0,1.0,0.11,0.054569036985107955,0.0,0.0
W503,甘肃,风电,energy_only,1.4000000000000017,20.0,True,33.0,60000.0,1.0,0.11,0.054569036985107955,0.0,0.0
W5035,青海,风电,energy_only,1.4000000000000017,20.0,True,33.0,60000.0,1.0,0.11,0.054569036985107955,0.0,0.0
W5112,辽宁,风电,energy_only,1.4000000000000017,2.2,False,44.00000000000001,60000.0,1.0,0.11,0.024214423679230324,0.0,0.0
W5190,辽宁,风电,energy_only,1.4000000000000017,20.0,True,33.0,60000.0,1.0,0.11,0.054569036985107955,0.0,0.0
W5243,辽宁,风电,energy_only,1.4000000000000017,20.0,True,33.0,60000.0,1.0,0.11,0.054569036985107955,0.0,0.0
W5305,辽宁,风电,energy_only,1.4000000000000017,20.0,True,33.0,60000.0,1.0,0.11,0.054569036985107955,0.0,0.0
W5423,辽宁,风电,energy_only,1.4000000000000017,20.0,True,33.0,60000.0,1.0,0.11,0.054569036985107955,0.0,0.0
W5501,山东,风电,energy_only,1.4000000000000017,2.2,False,44.00000000000001,60000.0,1.0,0.11,0.024214423679230324,0.0,0.0
W5754,青海,风电,energy_only,1.4000000000000017,20.0,True,33.0,60000.0,1.0,0.11,0.054569036985107955,0.0,0.0
W5824,吉林,风电,energy_only,1.4000000000000017,20.0,True,33.0,60000.0,1.0,0.11,0.054569036985107955,0.0,0.0
W583,甘肃,风电,energy_only,1.4000000000000017,20.0,True,33.0,60000.0,1.0,0.11,0.054569036985107955,0.0,0.0
W584,甘肃,风电,energy_only,1.4000000000000017,20.0,True,33.0,60000.0,1.0,0.11,0.054569036985107955,0.0,0.0
W585,甘肃,风电,energy_only,1.4000000000000017,20.0,True,33.0,60000.0,1.0,0.11,0.054569036985107955,0.0,0.0
W5940,青海,风电,energy_only,1.4000000000000017,20.0,True,33.0,60000.0,1.0,0.11,0.054569036985107955,0.0,0.0
W5948,吉林,风电,energy_only,1.4000000000000017,20.0,True,33.0,60000.0,1.0,0.11,0.054569036985107955,0.0,0.0
W5967,辽宁,风电,energy_only,1.4000000000000017,20.0,True,33.0,60000.0,1.0,0.11,0.054569036985107955,0.0,0.0
W6268,山西,风电,energy_only,1.4000000000000017,20.0,True,33.0,60000.0,1.0,0.11,0.054569036985107955,0.0,0.0
W6270,山西,风电,energy_only,1.4000000000000017,20.0,True,33.0,60000.0,1.0,0.11,0.054569036985107955,0.0,0.0
W6271,山西,风电,energy_only,1.4000000000000017,20.0,True,33.0,60000.0,1.0,0.11,0.054569036985107955,0.0,0.0
W629,甘肃,风电,energy_only,1.4000000000000017,3.8,False,36.00000000000002,60000.0,1.0,0.11,0.045489059171820334,0.0,0.0
W6339,山东,风电,energy_only,1.4000000000000017,2.2,False,44.00000000000001,60000.0,1.0,0.11,0.024214423679230324,0.0,0.0
W6375,山东,风电,energy_only,1.4000000000000017,20.0,True,33.0,60000.0,1.0,0.11,0.054569036985107955,0.0,0.0
W6384,山东,风电,energy_only,1.4000000000000017,20.0,True,33.0,60000.0,1.0,0.11,0.054569036985107955,0.0,0.0
W6386,山东,风电,energy_only,1.4000000000000017,20.0,True,33.0,60000.0,1.0,0.11,0.054569036985107955,0.0,0.0
W6452,山西,风电,energy_only,1.4000000000000017,20.0,True,33.0,60000.0,1.0,0.11,0.054569036985107955,0.0,0.0
W6550,山西,风电,energy_only,1.4000000000000017,20.0,True,33.0,60000.0,1.0,0.11,0.054569036985107955,0.0,0.0
W6710,山西,风电,energy_only,1.4000000000000017,20.0,True,33.0,60000.0,1.0,0.11,0.054569036985107955,0.0,0.0
W6723,山西,风电,energy_only,1.4000000000000017,20.0,True,33.0,60000.0,1.0,0.11,0.054569036985107955,0.0,0.0
W6906,山西,风电,energy_only,1.4000000000000017,20.0,True,33.0,60000.0,1.0,0.11,0.054569036985107955,0.0,0.0
W6910,山东,风电,energy_only,1.4000000000000017,2.2,False,44.00000000000001,60000.0,1.0,0.11,0.024214423679230324,0.0,0.0
W6914,山西,风电,energy_only,1.4000000000000017,20.0,True,33.0,60000.0,1.0,0.11,0.054569036985107955,0.0,0.0
W6915,山西,风电,energy_only,1.4000000000000017,20.0,True,33.0,60000.0,1.0,0.11,0.054569036985107955,0.0,0.0
W6918,山东,风电,energy_only,1.4000000000000017,2.2,False,44.00000000000001,60000.0,1.0,0.11,0.024214423679230324,0.0,0.0
W6931,山东,风电,energy_only,1.4000000000000017,2.2,False,44.00000000000001,60000.0,1.0,0.11,0.024214423679230324,0.0,0.0
W6937,山东,风电,energy_only,1.4000000000000017,20.0,True,33.0,60000.0,1.0,0.11,0.054569036985107955,0.0,0.0
W6945,山东,风电,energy_only,1.4000000000000017,20.0,True,33.0,60000.0,1.0,0.11,0.054569036985107955,0.0,0.0
W6954,山东,风电,energy_only,1.4000000000000017,20.0,True,33.0,60000.0,1.0,0.11,0.054569036985107955,0.0,0.0
W6956,山东,风电,energy_only,1.4000000000000017,20.0,True,33.0,60000.0,1.0,0.11,0.054569036985107955,0.0,0.0
W7010,新疆,风电,energy_only,1.4000000000000017,20.0,True,33.0,60000.0,1.0,0.11,0.054569036985107955,0.0,0.0
W7013,新疆,风电,energy_only,1.4000000000000017,20.0,True,33.0,60000.0,1.0,0.11,0.054569036985107955,0.0,0.0
W7016,新疆,风电,energy_only,1.4000000000000017,20.0,True,33.0,60000.0,1.0,0.11,0.054569036985107955,0.0,0.0
W7058,山西,风电,energy_only,1.4000000000000017,20.0,True,33.0,60000.0,1.0,0.11,0.054569036985107955,0.0,0.0
W7080,山西,风电,energy_only,1.4000000000000017,20.0,True,33.0,60000.0,1.0,0.11,0.054569036985107955,0.0,0.0
W7118,山西,风电,energy_only,1.4000000000000017,20.0,True,33.0,60000.0,1.0,0.11,0.054569036985107955,0.0,0.0
W7124,山西,风电,energy_only,1.4000000000000017,20.0,True,33.0,60000.0,1.0,0.11,0.054569036985107955,0.0,0.0
W7125,山西,风电,energy_only,1.4000000000000017,20.0,True,33.0,60000.0,1.0,0.11,0.054569036985107955,0.0,0.0
W7127,山西,风电,energy_only,1.4000000000000017,20.0,True,33.0,60000.0,1.0,0.11,0.054569036985107955,0.0,0.0
W7194,新疆,风电,energy_only,1.4000000000000017,20.0,True,33.0,60000.0,1.0,0.11,0.054569036985107955,0.0,0.0
W7196,山西,风电,energy_only,1.4000000000000017,20.0,True,33.0,60000.0,1.0,0.11,0.054569036985107955,0.0,0.0
W7208,新疆,风电,energy_only,1.4000000000000017,20.0,True,33.0,60000.0,1.0,0.11,0.054569036985107955,0.0,0.0
W7213,新疆,风电,energy_only,1.4000000000000017,20.0,True,33.0,60000.0,1.0,0.11,0.054569036985107955,0.0,0.0
W7224,新疆,风电,energy_only,1.4000000000000017,20.0,True,33.0,60000.0,1.0,0.11,0.054569036985107955,0.0,0.0
W7233,新疆,风电,energy_only,1.4000000000000017,20.0,True,33.0,60000.0,1.0,0.11,0.054569036985107955,0.0,0.0
W7243,新疆,风电,energy_only,1.4000000000000017,20.0,True,33.0,60000.0,1.0,0.11,0.054569036985107955,0.0,0.0
W7245,新疆,风电,energy_only,1.4000000000000017,20.0,True,33.0,60000.0,1.0,0.11,0.054569036985107955,0.0,0.0
W7248,山西,风电,energy_only,1.4000000000000017,20.0,True,33.0,60000.0,1.0,0.11,0.054569036985107955,0.0,0.0
W7253,山西,风电,energy_only,1.4000000000000017,20.0,True,33.0,60000.0,1.0,0.11,0.054569036985107955,0.0,0.0
W7256,新疆,风电,energy_only,1.4000000000000017,20.0,True,33.0,60000.0,1.0,0.11,0.054569036985107955,0.0,0.0
W7258,新疆,风电,energy_only,1.4000000000000017,20.0,True,33.0,60000.0,1.0,0.11,0.054569036985107955,0.0,0.0
W7260,山西,风电,energy_only,1.4000000000000017,20.0,True,33.0,60000.0,1.0,0.11,0.054569036985107955,0.0,0.0
W7268,新疆,风电,energy_only,1.4000000000000017,20.0,True,33.0,60000.0,1.0,0.11,0.054569036985107955,0.0,0.0
W7269,山西,风电,energy_only,1.4000000000000017,20.0,True,33.0,60000.0,1.0,0.11,0.054569036985107955,0.0,0.0
W7273,新疆,风电,energy_only,1.4000000000000017,20.0,True,33.0,60000.0,1.0,0.11,0.054569036985107955,0.0,0.0
W7276,新疆,风电,energy_only,1.4000000000000017,20.0,True,33.0,60000.0,1.0,0.11,0.054569036985107955,0.0,0.0
W7277,山西,风电,energy_only,1.4000000000000017,20.0,True,33.0,60000.0,1.0,0.11,0.054569036985107955,0.0,0.0
W7285,新疆,风电,energy_only,1.4000000000000017,20.0,True,33.0,60000.0,1.0,0.11,0.054569036985107955,0.0,0.0
W7287,新疆,风电,energy_only,1.4000000000000017,20.0,True,33.0,60000.0,1.0,0.11,0.054569036985107955,0.0,0.0
W7371,山西,风电,energy_only,1.4000000000000017,20.0,True,33.0,60000.0,1.0,0.11,0.054569036985107955,0.0,0.0
W7380,新疆,风电,energy_only,1.4000000000000017,20.0,True,33.0,60000.0,1.0,0.11,0.054569036985107955,0.0,0.0
W7381,新疆,风电,energy_only,1.4000000000000017,20.0,True,33.0,60000.0,1.0,0.11,0.054569036985107955,0.0,0.0
W7382,山西,风电,energy_only,1.4000000000000017,20.0,True,33.0,60000.0,1.0,0.11,0.054569036985107955,0.0,0.0
W7383,新疆,风电,energy_only,1.4000000000000017,20.0,True,33.0,60000.0,1.0,0.11,0.054569036985107955,0.0,0.0
W7399,新疆,风电,energy_only,1.4000000000000017,20.0,True,33.0,60000.0,1.0,0.11,0.054569036985107955,0.0,0.0
W7408,山西,风电,energy_only,1.4000000000000017,20.0,True,33.0,60000.0,1.0,0.11,0.054569036985107955,0.0,0.0
W7410,新疆,风电,energy_only,1.4000000000000017,20.0,True,33.0,60000.0,1.0,0.11,0.054569036985107955,0.0,0.0
W7421,新疆,风电,energy_only,1.4000000000000017,20.0,True,33.0,60000.0,1.0,0.11,0.054569036985107955,0.0,0.0
W7422,新疆,风电,energy_only,1.4000000000000017,20.0,True,33.0,60000.0,1.0,0.11,0.054569036985107955,0.0,0.0
W7424,新疆,风电,energy_only,1.4000000000000017,20.0,True,33.0,60000.0,1.0,0.11,0.054569036985107955,0.0,0.0
W7431,新疆,风电,energy_only,1.4000000000000017,20.0,True,33.0,60000.0,1.0,0.11,0.054569036985107955,0.0,0.0
W7438,新疆,风电,energy_only,1.4000000000000017,20.0,True,33.0,60000.0,1.0,0.11,0.054569036985107955,0.0,0.0
W7447,新疆,风电,energy_only,1.4000000000000017,20.0,True,33.0,60000.0,1.0,0.11,0.054569036985107955,0.0,0.0
W7460,新疆,风电,energy_only,1.4000000000000017,20.0,True,33.0,60000.0,1.0,0.11,0.054569036985107955,0.0,0.0
W7468,新疆,风电,energy_only,1.4000000000000017,20.0,True,33.0,60000.0,1.0,0.11,0.054569036985107955,0.0,0.0
W7470,新疆,风电,energy_only,1.4000000000000017,20.0,True,33.0,60000.0,1.0,0.11,0.054569036985107955,0.0,0.0
W7474,山西,风电,energy_only,1.4000000000000017,20.0,True,33.0,60000.0,1.0,0.11,0.054569036985107955,0.0,0.0
W7477,新疆,风电,energy_only,1.4000000000000017,20.0,True,33.0,60000.0,1.0,0.11,0.054569036985107955,0.0,0.0
W7480,新疆,风电,energy_only,1.4000000000000017,20.0,True,33.0,60000.0,1.0,0.11,0.054569036985107955,0.0,0.0
W7487,新疆,风电,energy_only,1.4000000000000017,20.0,True,33.0,60000.0,1.0,0.11,0.054569036985107955,0.0,0.0
W7492,山西,风电,energy_only,1.4000000000000017,20.0,True,33.0,60000.0,1.0,0.11,0.054569036985107955,0.0,0.0
W7495,新疆,风电,energy_only,1.4000000000000017,20.0,True,33.0,60000.0,1.0,0.11,0.054569036985107955,0.0,0.0
W7508,新疆,风电,energy_only,1.4000000000000017,20.0,True,33.0,60000.0,1.0,0.11,0.054569036985107955,0.0,0.0
W7514,山西,风电,energy_only,1.4000000000000017,20.0,True,33.0,60000.0,1.0,0.11,0.054569036985107955,0.0,0.0
W7515,山西,风电,energy_only,1.4000000000000017,20.0,True,33.0,60000.0,1.0,0.11,0.054569036985107955,0.0,0.0
W7516,新疆,风电,energy_only,1.4000000000000017,20.0,True,33.0,60000.0,1.0,0.11,0.054569036985107955,0.0,0.0
W7520,山西,风电,energy_only,1.4000000000000017,20.0,True,33.0,60000.0,1.0,0.11,0.054569036985107955,0.0,0.0
W7521,山西,风电,energy_only,1.4000000000000017,20.0,True,33.0,60000.0,1.0,0.11,0.054569036985107955,0.0,0.0
W7522,新疆,风电,energy_only,1.4000000000000017,20.0,True,33.0,60000.0,1.0,0.11,0.054569036985107955,0.0,0.0
W7535,山西,风电,energy_only,1.4000000000000017,20.0,True,33.0,60000.0,1.0,0.11,0.054569036985107955,0.0,0.0
W7545,新疆,风电,energy_only,1.4000000000000017,20.0,True,33.0,60000.0,1.0,0.11,0.054569036985107955,0.0,0.0
W7546,新疆,风电,energy_only,1.4000000000000017,20.0,True,33.0,60000.0,1.0,0.11,0.054569036985107955,0.0,0.0
W7552,新疆,风电,energy_only,1.4000000000000017,20.0,True,33.0,60000.0,1.0,0.11,0.054569036985107955,0.0,0.0
W7559,新疆,风电,energy_only,1.4000000000000017,20.0,True,33.0,60000.0,1.0,0.11,0.054569036985107955,0.0,0.0
W7560,新疆,风电,energy_only,1.4000000000000017,20.0,True,33.0,60000.0,1.0,0.11,0.054569036985107955,0.0,0.0
W7567,新疆,风电,energy_only,1.4000000000000017,20.0,True,33.0,60000.0,1.0,0.11,0.054569036985107955,0.0,0.0
W7568,新疆,风电,energy_only,1.4000000000000017,20.0,True,33.0,60000.0,1.0,0.11,0.054569036985107955,0.0,0.0
W7571,山西,风电,energy_only,1.4000000000000017,20.0,True,33.0,60000.0,1.0,0.11,0.054569036985107955,0.0,0.0
W7578,新疆,风电,energy_only,1.4000000000000017,20.0,True,33.0,60000.0,1.0,0.11,0.054569036985107955,0.0,0.0
W7592,新疆,风电,energy_only,1.4000000000000017,20.0,True,33.0,60000.0,1.0,0.11,0.054569036985107955,0.0,0.0
W7600,新疆,风电,energy_only,1.4000000000000017,20.0,True,33.0,60000.0,1.0,0.11,0.054569036985107955,0.0,0.0
W7603,山西,风电,energy_only,1.4000000000000017,20.0,True,33.0,60000.0,1.0,0.11,0.054569036985107955,0.0,0.0
W7606,新疆,风电,energy_only,1.4000000000000017,20.0,True,33.0,60000.0,1.0,0.11,0.054569036985107955,0.0,0.0
W7611,山西,风电,energy_only,1.4000000000000017,20.0,True,33.0,60000.0,1.0,0.11,0.054569036985107955,0.0,0.0
W7626,山西,风电,energy_only,1.4000000000000017,20.0,True,33.0,60000.0,1.0,0.11,0.054569036985107955,0.0,0.0
W7639,山西,风电,energy_only,1.4000000000000017,20.0,True,33.0,60000.0,1.0,0.11,0.054569036985107955,0.0,0.0
W7661,山西,风电,energy_only,1.4000000000000017,20.0,True,33.0,60000.0,1.0,0.11,0.054569036985107955,0.0,0.0
W7664,新疆,风电,energy_only,1.4000000000000017,20.0,True,33.0,60000.0,1.0,0.11,0.054569036985107955,0.0,0.0
W7672,新疆,风电,energy_only,1.4000000000000017,20.0,True,33.0,60000.0,1.0,0.11,0.054569036985107955,0.0,0.0
W7680,新疆,风电,energy_only,1.4000000000000017,20.0,True,33.0,60000.0,1.0,0.11,0.054569036985107955,0.0,0.0
W7683,新疆,风电,energy_only,1.4000000000000017,20.0,True,33.0,60000.0,1.0,0.11,0.054569036985107955,0.0,0.0
W7693,山西,风电,energy_only,1.4000000000000017,20.0,True,33.0,60000.0,1.0,0.11,0.054569036985107955,0.0,0.0
W7700,山西,风电,energy_only,1.4000000000000017,20.0,True,33.0,60000.0,1.0,0.11,0.054569036985107955,0.0,0.0
W7725,新疆,风电,energy_only,1.4000000000000017,20.0,True,33.0,60000.0,1.0,0.11,0.054569036985107955,0.0,0.0
W7727,新疆,风电,energy_only,1.4000000000000017,20.0,True,33.0,60000.0,1.0,0.11,0.054569036985107955,0.0,0.0
W7735,新疆,风电,energy_only,1.4000000000000017,20.0,True,33.0,60000.0,1.0,0.11,0.054569036985107955,0.0,0.0
W7754,山西,风电,energy_only,1.4000000000000017,20.0,True,33.0,60000.0,1.0,0.11,0.054569036985107955,0.0,0.0
W7757,新疆,风电,energy_only,1.4000000000000017,20.0,True,33.0,60000.0,1.0,0.11,0.054569036985107955,0.0,0.0
W7776,新疆,风电,energy_only,1.4000000000000017,20.0,True,33.0,60000.0,1.0,0.11,0.054569036985107955,0.0,0.0
W7784,新疆,风电,energy_only,1.4000000000000017,20.0,True,33.0,60000.0,1.0,0.11,0.054569036985107955,0.0,0.0
W7787,新疆,风电,energy_only,1.4000000000000017,20.0,True,33.0,60000.0,1.0,0.11,0.054569036985107955,0.0,0.0
W7788,山西,风电,energy_only,1.4000000000000017,20.0,True,33.0,60000.0,1.0,0.11,0.054569036985107955,0.0,0.0
W7789,山西,风电,energy_only,1.4000000000000017,20.0,True,33.0,60000.0,1.0,0.11,0.054569036985107955,0.0,0.0
W7794,山西,风电,energy_only,1.4000000000000017,20.0,True,33.0,60000.0,1.0,0.11,0.054569036985107955,0.0,0.0
W7799,山西,风电,energy_only,1.4000000000000017,20.0,True,33.0,60000.0,1.0,0.11,0.054569036985107955,0.0,0.0
W7804,新疆,风电,energy_only,1.4000000000000017,20.0,True,33.0,60000.0,1.0,0.11,0.054569036985107955,0.0,0.0
W7806,新疆,风电,energy_only,1.4000000000000017,20.0,True,33.0,60000.0,1.0,0.11,0.054569036985107955,0.0,0.0
W7812,山西,风电,energy_only,1.4000000000000017,20.0,True,33.0,60000.0,1.0,0.11,0.054569036985107955,0.0,0.0
W7816,新疆,风电,energy_only,1.4000000000000017,20.0,True,33.0,60000.0,1.0,0.11,0.054569036985107955,0.0,0.0
W7828,新疆,风电,energy_only,1.4000000000000017,20.0,True,33.0,60000.0,1.0,0.11,0.054569036985107955,0.0,0.0
W7838,山西,风电,energy_only,1.4000000000000017,20.0,True,33.0,60000.0,1.0,0.11,0.054569036985107955,0.0,0.0
W7844,新疆,风电,energy_only,1.4000000000000017,20.0,True,33.0,60000.0,1.0,0.11,0.054569036985107955,0.0,0.0
W7846,山西,风电,energy_only,1.4000000000000017,20.0,True,33.0,60000.0,1.0,0.11,0.054569036985107955,0.0,0.0
W7850,山西,风电,energy_only,1.4000000000000017,20.0,True,33.0,60000.0,1.0,0.11,0.054569036985107955,0.0,0.0
W7851,新疆,风电,energy_only,1.4000000000000017,20.0,True,33.0,60000.0,1.0,0.11,0.054569036985107955,0.0,0.0
W7852,山西,风电,energy_only,1.4000000000000017,20.0,True,33.0,60000.0,1.0,0.11,0.054569036985107955,0.0,0.0
W7865,新疆,风电,energy_only,1.4000000000000017,20.0,True,33.0,60000.0,1.0,0.11,0.054569036985107955,0.0,0.0
W7877,山西,风电,energy_only,1.4000000000000017,20.0,True,33.0,60000.0,1.0,0.11,0.054569036985107955,0.0,0.0
W7883,新疆,风电,energy_only,1.4000000000000017,20.0,True,33.0,60000.0,1.0,0.11,0.054569036985107955,0.0,0.0
W7884,山西,风电,energy_only,1.4000000000000017,20.0,True,33.0,60000.0,1.0,0.11,0.054569036985107955,0.0,0.0
W7890,新疆,风电,energy_only,1.4000000000000017,20.0,True,33.0,60000.0,1.0,0.11,0.054569036985107955,0.0,0.0
W7927,新疆,风电,energy_only,1.4000000000000017,20.0,True,33.0,60000.0,1.0,0.11,0.054569036985107955,0.0,0.0
W7935,山西,风电,energy_only,1.4000000000000017,20.0,True,33.0,60000.0,1.0,0.11,0.054569036985107955,0.0,0.0
W7941,山西,风电,energy_only,1.4000000000000017,20.0,True,33.0,60000.0,1.0,0.11,0.054569036985107955,0.0,0.0
W7948,山西,风电,energy_only,1.4000000000000017,20.0,True,33.0,60000.0,1.0,0.11,0.054569036985107955,0.0,0.0
W7953,山西,风电,energy_only,1.4000000000000017,20.0,True,33.0,60000.0,1.0,0.11,0.054569036985107955,0.0,0.0
W7958,山西,风电,energy_only,1.4000000000000017,20.0,True,33.0,60000.0,1.0,0.11,0.054569036985107955,0.0,0.0
W7978,山西,风电,energy_only,1.4000000000000017,20.0,True,33.0,60000.0,1.0,0.11,0.054569036985107955,0.0,0.0
W8000,新疆,风电,energy_only,1.4000000000000017,20.0,True,33.0,60000.0,1.0,0.11,0.054569036985107955,0.0,0.0
W8045,云南,风电,energy_only,1.4000000000000017,20.0,True,33.0,60000.0,1.0,0.11,0.054569036985107955,0.0,0.0
W8050,云南,风电,energy_only,1.4000000000000017,20.0,True,33.0,60000.0,1.0,0.11,0.054569036985107955,0.0,0.0
W8096,云南,风电,energy_only,1.4000000000000017,20.0,True,33.0,60000.0,1.0,0.11,0.054569036985107955,0.0,0.0
W8098,云南,风电,energy_only,1.4000000000000017,20.0,True,33.0,60000.0,1.0,0.11,0.054569036985107955,0.0,0.0
W8111,云南,风电,energy_only,1.4000000000000017,20.0,True,33.0,60000.0,1.0,0.11,0.054569036985107955,0.0,0.0
W8113,云南,风电,energy_only,1.4000000000000017,20.0,True,33.0,60000.0,1.0,0.11,0.054569036985107955,0.0,0.0
W8153,云南,风电,energy_only,1.4000000000000017,20.0,True,33.0,60000.0,1.0,0.11,0.054569036985107955,0.0,0.0
W8162,云南,风电,energy_only,1.4000000000000017,20.0,True,33.0,60000.0,1.0,0.11,0.054569036985107955,0.0,0.0
W8182,云南,风电,energy_only,1.4000000000000017,20.0,True,33.0,60000.0,1.0,0.11,0.054569036985107955,0.0,0.0
W8214,云南,风电,energy_only,1.4000000000000017,20.0,True,33.0,60000.0,1.0,0.11,0.054569036985107955,0.0,0.0
W912,甘肃,风电,energy_only,1.4000000000000017,20.0,True,33.0,60000.0,1.0,0.11,0.054569036985107955,0.0,0.0
W922,甘肃,风电,energy_only,1.4000000000000017,20.0,True,33.0,60000.0,1.0,0.11,0.054569036985107955,0.0,0.0
W925,甘肃,风电,energy_only,1.4000000000000017,20.0,True,33.0,60000.0,1.0,0.11,0.054569036985107955,0.0,0.0
W994,甘肃,风电,energy_only,1.4000000000000017,20.0,True,33.0,60000.0,1.0,0.11,0.054569036985107955,0.0,0.0
11041,西藏,光伏,life_only,1.3333333333333333,20.0,True,55.0,660000.0,1.0,0.11,0.0,0.30135991439500387,0.0
11990,西藏,光伏,life_only,1.3333333333333333,20.0,True,55.0,660000.0,1.0,0.11,0.0,0.30135991439500387,0.0
175,甘肃,光伏,life_only,1.3333333333333333,20.0,True,55.0,660000.0,1.0,0.11,0.0,0.30135991439500387,0.0
179,甘肃,光伏,life_only,1.3333333333333333,20.0,True,55.0,660000.0,1.0,0.11,0.0,0.30135991439500387,0.0
1798,青海,光伏,life_only,1.3333333333333333,20.0,True,55.0,660000.0,1.0,0.11,0.0,0.30135991439500387,0.0
1800,青海,光伏,life_only,1.3333333333333333,20.0,True,55.0,660000.0,1.0,0.11,0.0,0.30135991439500387,0.0
181,甘肃,光伏,life_only,1.3333333333333333,20.0,True,55.0,660000.0,1.0,0.11,0.0,0.30135991439500387,0.0
199,甘肃,光伏,life_only,1.3333333333333333,20.0,True,55.0,660000.0,1.0,0.11,0.0,0.30135991439500387,0.0
4006,青海,光伏,life_only,1.3333333333333333,20.0,True,55.0,660000.0,1.0,0.11,0.0,0.30135991439500387,0.0
4126,青海,光伏,life_only,1.3333333333333333,20.0,True,55.0,660000.0,1.0,0.11,0.0,0.30135991439500387,0.0
413,甘肃,光伏,life_only,1.3333333333333333,20.0,True,55.0,660000.0,1.0,0.11,0.0,0.30135991439500387,0.0
4130,青海,光伏,life_only,1.3333333333333333,20.0,True,55.0,660000.0,1.0,0.11,0.0,0.30135991439500387,0.0
4132,青海,光伏,life_only,1.3333333333333333,20.0,True,55.0,660000.0,1.0,0.11,0.0,0.30135991439500387,0.0
4133,青海,光伏,life_only,1.3333333333333333,20.0,True,55.0,660000.0,1.0,0.11,0.0,0.30135991439500387,0.0
4136,青海,光伏,life_only,1.3333333333333333,20.0,True,55.0,660000.0,1.0,0.11,0.0,0.30135991439500387,0.0
4137,青海,光伏,life_only,1.3333333333333333,20.0,True,55.0,660000.0,1.0,0.11,0.0,0.30135991439500387,0.0
4138,青海,光伏,life_only,1.3333333333333333,20.0,True,55.0,660000.0,1.0,0.11,0.0,0.30135991439500387,0.0
4140,青海,光伏,life_only,1.3333333333333333,20.0,True,55.0,660000.0,1.0,0.11,0.0,0.30135991439500387,0.0
4143,青海,光伏,life_only,1.3333333333333333,20.0,True,55.0,660000.0,1.0,0.11,0.0,0.30135991439500387,0.0
4146,青海,光伏,life_only,1.3333333333333333,20.0,True,55.0,660000.0,1.0,0.11,0.0,0.30135991439500387,0.0
4149,青海,光伏,life_only,1.3333333333333333,20.0,True,55.0,660000.0,1.0,0.11,0.0,0.30135991439500387,0.0
4153,青海,光伏,life_only,1.3333333333333333,20.0,True,55.0,660000.0,1.0,0.11,0.0,0.30135991439500387,0.0
4155,青海,光伏,life_only,1.3333333333333333,20.0,True,55.0,660000.0,1.0,0.11,0.0,0.30135991439500387,0.0
4156,青海,光伏,life_only,1.3333333333333333,20.0,True,55.0,660000.0,1.0,0.11,0.0,0.30135991439500387,0.0
4157,青海,光伏,life_only,1.3333333333333333,20.0,True,55.0,660000.0,1.0,0.11,0.0,0.30135991439500387,0.0
4159,青海,光伏,life_only,1.3333333333333333,20.0,True,55.0,660000.0,1.0,0.11,0.0,0.30135991439500387,0.0
4160,青海,光伏,life_only,1.3333333333333333,20.0,True,55.0,660000.0,1.0,0.11,0.0,0.30135991439500387,0.0
4161,青海,光伏,life_only,1.3333333333333333,20.0,True,55.0,660000.0,1.0,0.11,0.0,0.30135991439500387,0.0
4163,青海,光伏,life_only,1.3333333333333333,20.0,True,55.0,660000.0,1.0,0.11,0.0,0.30135991439500387,0.0
4165,青海,光伏,life_only,1.3333333333333333,20.0,True,55.0,660000.0,1.0,0.11,0.0,0.30135991439500387,0.0
4167,青海,光伏,life_only,1.3333333333333333,20.0,True,55.0,660000.0,1.0,0.11,0.0,0.30135991439500387,0.0
4180,青海,光伏,life_only,1.3333333333333333,20.0,True,55.0,660000.0,1.0,0.11,0.0,0.30135991439500387,0.0
4182,青海,光伏,life_only,1.3333333333333333,20.0,True,55.0,660000.0,1.0,0.11,0.0,0.30135991439500387,0.0
4189,青海,光伏,life_only,1.3333333333333333,20.0,True,55.0,660000.0,1.0,0.11,0.0,0.30135991439500387,0.0
4190,青海,光伏,life_only,1.3333333333333333,20.0,True,55.0,660000.0,1.0,0.11,0.0,0.30135991439500387,0.0
4192,青海,光伏,life_only,1.3333333333333333,20.0,True,55.0,660000.0,1.0,0.11,0.0,0.30135991439500387,0.0
4197,青海,光伏,life_only,1.3333333333333333,20.0,True,55.0,660000.0,1.0,0.11,0.0,0.30135991439500387,0.0
4199,青海,光伏,life_only,1.3333333333333333,20.0,True,55.0,660000.0,1.0,0.11,0.0,0.30135991439500387,0.0
4204,青海,光伏,life_only,1.3333333333333333,20.0,True,55.0,660000.0,1.0,0.11,0.0,0.30135991439500387,0.0
4205,青海,光伏,life_only,1.3333333333333333,20.0,True,55.0,660000.0,1.0,0.11,0.0,0.30135991439500387,0.0
4208,青海,光伏,life_only,1.3333333333333333,20.0,True,55.0,660000.0,1.0,0.11,0.0,0.30135991439500387,0.0
4225,青海,光伏,life_only,1.3333333333333333,20.0,True,55.0,660000.0,1.0,0.11,0.0,0.30135991439500387,0.0
4228,青海,光伏,life_only,1.3333333333333333,20.0,True,55.0,660000.0,1.0,0.11,0.0,0.30135991439500387,0.0
4233,青海,光伏,life_only,1.3333333333333333,20.0,True,55.0,660000.0,1.0,0.11,0.0,0.30135991439500387,0.0
4242,青海,光伏,life_only,1.3333333333333333,20.0,True,55.0,660000.0,1.0,0.11,0.0,0.30135991439500387,0.0
4250,青海,光伏,life_only,1.3333333333333333,20.0,True,55.0,660000.0,1.0,0.11,0.0,0.30135991439500387,0.0
4256,青海,光伏,life_only,1.3333333333333333,20.0,True,55.0,660000.0,1.0,0.11,0.0,0.30135991439500387,0.0
4263,青海,光伏,life_only,1.3333333333333333,20.0,True,55.0,660000.0,1.0,0.11,0.0,0.30135991439500387,0.0
4268,青海,光伏,life_only,1.3333333333333333,20.0,True,55.0,660000.0,1.0,0.11,0.0,0.30135991439500387,0.0
4274,青海,光伏,life_only,1.3333333333333333,20.0,True,55.0,660000.0,1.0,0.11,0.0,0.30135991439500387,0.0
4283,青海,光伏,life_only,1.3333333333333333,20.0,True,55.0,660000.0,1.0,0.11,0.0,0.30135991439500387,0.0
4288,青海,光伏,life_only,1.3333333333333333,20.0,True,55.0,660000.0,1.0,0.11,0.0,0.30135991439500387,0.0
4291,青海,光伏,life_only,1.3333333333333333,20.0,True,55.0,660000.0,1.0,0.11,0.0,0.30135991439500387,0.0
4301,青海,光伏,life_only,1.3333333333333333,20.0,True,55.0,660000.0,1.0,0.11,0.0,0.30135991439500387,0.0
4317,青海,光伏,life_only,1.3333333333333333,20.0,True,55.0,660000.0,1.0,0.11,0.0,0.30135991439500387,0.0
4320,青海,光伏,life_only,1.3333333333333333,20.0,True,55.0,660000.0,1.0,0.11,0.0,0.30135991439500387,0.0
4326,青海,光伏,life_only,1.3333333333333333,20.0,True,55.0,660000.0,1.0,0.11,0.0,0.30135991439500387,0.0
4420,青海,光伏,life_only,1.3333333333333333,20.0,True,55.0,660000.0,1.0,0.11,0.0,0.30135991439500387,0.0
4434,青海,光伏,life_only,1.3333333333333333,20.0,True,55.0,660000.0,1.0,0.11,0.0,0.30135991439500387,0.0
4440,青海,光伏,life_only,1.3333333333333333,20.0,True,55.0,660000.0,1.0,0.11,0.0,0.30135991439500387,0.0
4446,青海,光伏,life_only,1.3333333333333333,20.0,True,55.0,660000.0,1.0,0.11,0.0,0.30135991439500387,0.0
4452,青海,光伏,life_only,1.3333333333333333,20.0,True,55.0,660000.0,1.0,0.11,0.0,0.30135991439500387,0.0
4463,青海,光伏,life_only,1.3333333333333333,20.0,True,55.0,660000.0,1.0,0.11,0.0,0.30135991439500387,0.0
4479,青海,光伏,life_only,1.3333333333333333,20.0,True,55.0,660000.0,1.0,0.11,0.0,0.30135991439500387,0.0
4490,青海,光伏,life_only,1.3333333333333333,20.0,True,55.0,660000.0,1.0,0.11,0.0,0.30135991439500387,0.0
4510,青海,光伏,life_only,1.3333333333333333,20.0,True,55.0,660000.0,1.0,0.11,0.0,0.30135991439500387,0.0
4516,青海,光伏,life_only,1.3333333333333333,20.0,True,55.0,660000.0,1.0,0.11,0.0,0.30135991439500387,0.0
4522,青海,光伏,life_only,1.3333333333333333,20.0,True,55.0,660000.0,1.0,0.11,0.0,0.30135991439500387,0.0
4543,青海,光伏,life_only,1.3333333333333333,20.0,True,55.0,660000.0,1.0,0.11,0.0,0.30135991439500387,0.0
459,甘肃,光伏,life_only,1.3333333333333333,20.0,True,55.0,660000.0,1.0,0.11,0.0,0.30135991439500387,0.0
4609,青海,光伏,life_only,1.3333333333333333,20.0,True,55.0,660000.0,1.0,0.11,0.0,0.30135991439500387,0.0
461,甘肃,光伏,life_only,1.3333333333333333,20.0,True,55.0,660000.0,1.0,0.11,0.0,0.30135991439500387,0.0
4615,青海,光伏,life_only,1.3333333333333333,20.0,True,55.0,660000.0,1.0,0.11,0.0,0.30135991439500387,0.0
4622,青海,光伏,life_only,1.3333333333333333,20.0,True,55.0,660000.0,1.0,0.11,0.0,0.30135991439500387,0.0
463,甘肃,光伏,life_only,1.3333333333333333,20.0,True,55.0,660000.0,1.0,0.11,0.0,0.30135991439500387,0.0
4631,青海,光伏,life_only,1.3333333333333333,20.0,True,55.0,660000.0,1.0,0.11,0.0,0.30135991439500387,0.0
464,甘肃,光伏,life_only,1.3333333333333333,20.0,True,55.0,660000.0,1.0,0.11,0.0,0.30135991439500387,0.0
4641,青海,光伏,life_only,1.3333333333333333,20.0,True,55.0,660000.0,1.0,0.11,0.0,0.30135991439500387,0.0
4642,青海,光伏,life_only,1.3333333333333333,20.0,True,55.0,660000.0,1.0,0.11,0.0,0.30135991439500387,0.0
4647,青海,光伏,life_only,1.3333333333333333,20.0,True,55.0,660000.0,1.0,0.11,0.0,0.30135991439500387,0.0
4648,青海,光伏,life_only,1.3333333333333333,20.0,True,55.0,660000.0,1.0,0.11,0.0,0.30135991439500387,0.0
4654,青海,光伏,life_only,1.3333333333333333,20.0,True,55.0,660000.0,1.0,0.11,0.0,0.30135991439500387,0.0
468,甘肃,光伏,life_only,1.3333333333333333,20.0,True,55.0,660000.0,1.0,0.11,0.0,0.30135991439500387,0.0
4682,青海,光伏,life_only,1.3333333333333333,20.0,True,55.0,660000.0,1.0,0.11,0.0,0.30135991439500387,0.0
4690,青海,光伏,life_only,1.3333333333333333,20.0,True,55.0,660000.0,1.0,0.11,0.0,0.30135991439500387,0.0
4705,青海,光伏,life_only,1.3333333333333333,20.0,True,55.0,660000.0,1.0,0.11,0.0,0.30135991439500387,0.0
4709,青海,光伏,life_only,1.3333333333333333,20.0,True,55.0,660000.0,1.0,0.11,0.0,0.30135991439500387,0.0
4710,青海,光伏,life_only,1.3333333333333333,20.0,True,55.0,660000.0,1.0,0.11,0.0,0.30135991439500387,0.0
4712,青海,光伏,life_only,1.3333333333333333,20.0,True,55.0,660000.0,1.0,0.11,0.0,0.30135991439500387,0.0
4716,青海,光伏,life_only,1.3333333333333333,20.0,True,55.0,660000.0,1.0,0.11,0.0,0.30135991439500387,0.0
4718,青海,光伏,life_only,1.3333333333333333,20.0,True,55.0,660000.0,1.0,0.11,0.0,0.30135991439500387,0.0
4722,青海,光伏,life_only,1.3333333333333333,20.0,True,55.0,660000.0,1.0,0.11,0.0,0.30135991439500387,0.0
4724,青海,光伏,life_only,1.3333333333333333,20.0,True,55.0,660000.0,1.0,0.11,0.0,0.30135991439500387,0.0
4744,青海,光伏,life_only,1.3333333333333333,20.0,True,55.0,660000.0,1.0,0.11,0.0,0.30135991439500387,0.0
4746,青海,光伏,life_only,1.3333333333333333,20.0,True,55.0,660000.0,1.0,0.11,0.0,0.30135991439500387,0.0
4752,青海,光伏,life_only,1.3333333333333333,20.0,True,55.0,660000.0,1.0,0.11,0.0,0.30135991439500387,0.0
4756,青海,光伏,life_only,1.3333333333333333,20.0,True,55.0,660000.0,1.0,0.11,0.0,0.30135991439500387,0.0
4757,青海,光伏,life_only,1.3333333333333333,20.0,True,55.0,660000.0,1.0,0.11,0.0,0.30135991439500387,0.0
4767,青海,光伏,life_only,1.3333333333333333,20.0,True,55.0,660000.0,1.0,0.11,0.0,0.30135991439500387,0.0
4795,青海,光伏,life_only,1.3333333333333333,20.0,True,55.0,660000.0,1.0,0.11,0.0,0.30135991439500387,0.0
4804,青海,光伏,life_only,1.3333333333333333,20.0,True,55.0,660000.0,1.0,0.11,0.0,0.30135991439500387,0.0
4811,青海,光伏,life_only,1.3333333333333333,20.0,True,55.0,660000.0,1.0,0.11,0.0,0.30135991439500387,0.0
4817,青海,光伏,life_only,1.3333333333333333,20.0,True,55.0,660000.0,1.0,0.11,0.0,0.30135991439500387,0.0
4824,青海,光伏,life_only,1.3333333333333333,20.0,True,55.0,660000.0,1.0,0.11,0.0,0.30135991439500387,0.0
4854,青海,光伏,life_only,1.3333333333333333,20.0,True,55.0,660000.0,1.0,0.11,0.0,0.30135991439500387,0.0
4865,青海,光伏,life_only,1.3333333333333333,20.0,True,55.0,660000.0,1.0,0.11,0.0,0.30135991439500387,0.0
4868,青海,光伏,life_only,1.3333333333333333,20.0,True,55.0,660000.0,1.0,0.11,0.0,0.30135991439500387,0.0
4874,青海,光伏,life_only,1.3333333333333333,20.0,True,55.0,660000.0,1.0,0.11,0.0,0.30135991439500387,0.0
4891,青海,光伏,life_only,1.3333333333333333,20.0,True,55.0,660000.0,1.0,0.11,0.0,0.30135991439500387,0.0
4897,青海,光伏,life_only,1.3333333333333333,20.0,True,55.0,660000.0,1.0,0.11,0.0,0.30135991439500387,0.0
4899,青海,光伏,life_only,1.3333333333333333,20.0,True,55.0,660000.0,1.0,0.11,0.0,0.30135991439500387,0.0
4905,青海,光伏,life_only,1.3333333333333333,20.0,True,55.0,660000.0,1.0,0.11,0.0,0.30135991439500387,0.0
4916,青海,光伏,life_only,1.3333333333333333,20.0,True,55.0,660000.0,1.0,0.11,0.0,0.30135991439500387,0.0
4931,青海,光伏,life_only,1.3333333333333333,20.0,True,55.0,660000.0,1.0,0.11,0.0,0.30135991439500387,0.0
4932,青海,光伏,life_only,1.3333333333333333,20.0,True,55.0,660000.0,1.0,0.11,0.0,0.30135991439500387,0.0
4933,青海,光伏,life_only,1.3333333333333333,20.0,True,55.0,660000.0,1.0,0.11,0.0,0.30135991439500387,0.0
4943,青海,光伏,life_only,1.3333333333333333,20.0,True,55.0,660000.0,1.0,0.11,0.0,0.30135991439500387,0.0
4944,青海,光伏,life_only,1.3333333333333333,20.0,True,55.0,660000.0,1.0,0.11,0.0,0.30135991439500387,0.0
4952,青海,光伏,life_only,1.3333333333333333,20.0,True,55.0,660000.0,1.0,0.11,0.0,0.30135991439500387,0.0
4956,青海,光伏,life_only,1.3333333333333333,20.0,True,55.0,660000.0,1.0,0.11,0.0,0.30135991439500387,0.0
4960,青海,光伏,life_only,1.3333333333333333,20.0,True,55.0,660000.0,1.0,0.11,0.0,0.30135991439500387,0.0
4966,青海,光伏,life_only,1.3333333333333333,20.0,True,55.0,660000.0,1.0,0.11,0.0,0.30135991439500387,0.0
4977,青海,光伏,life_only,1.3333333333333333,20.0,True,55.0,660000.0,1.0,0.11,0.0,0.30135991439500387,0.0
4980,青海,光伏,life_only,1.3333333333333333,20.0,True,55.0,660000.0,1.0,0.11,0.0,0.30135991439500387,0.0
4983,青海,光伏,life_only,1.3333333333333333,20.0,True,55.0,660000.0,1.0,0.11,0.0,0.30135991439500387,0.0
4992,青海,光伏,life_only,1.3333333333333333,20.0,True,55.0,660000.0,1.0,0.11,0.0,0.30135991439500387,0.0
4994,青海,光伏,life_only,1.3333333333333333,20.0,True,55.0,660000.0,1.0,0.11,0.0,0.30135991439500387,0.0
518,甘肃,光伏,life_only,1.3333333333333333,20.0,True,55.0,660000.0,1.0,0.11,0.0,0.30135991439500387,0.0
521,甘肃,光伏,life_only,1.3333333333333333,20.0,True,55.0,660000.0,1.0,0.11,0.0,0.30135991439500387,0.0
533,甘肃,光伏,life_only,1.3333333333333333,20.0,True,55.0,660000.0,1.0,0.11,0.0,0.30135991439500387,0.0
540,甘肃,光伏,life_only,1.3333333333333333,20.0,True,55.0,660000.0,1.0,0.11,0.0,0.30135991439500387,0.0
541,甘肃,光伏,life_only,1.3333333333333333,20.0,True,55.0,660000.0,1.0,0.11,0.0,0.30135991439500387,0.0
6017,新疆,光伏,life_only,1.3333333333333333,20.0,True,55.0,660000.0,1.0,0.11,0.0,0.30135991439500387,0.0
6030,新疆,光伏,life_only,1.3333333333333333,20.0,True,55.0,660000.0,1.0,0.11,0.0,0.30135991439500387,0.0
6031,新疆,光伏,life_only,1.3333333333333333,20.0,True,55.0,660000.0,1.0,0.11,0.0,0.30135991439500387,0.0
6032,新疆,光伏,life_only,1.3333333333333333,20.0,True,55.0,660000.0,1.0,0.11,0.0,0.30135991439500387,0.0
6036,新疆,光伏,life_only,1.3333333333333333,20.0,True,55.0,660000.0,1.0,0.11,0.0,0.30135991439500387,0.0
6037,新疆,光伏,life_only,1.3333333333333333,20.0,True,55.0,660000.0,1.0,0.11,0.0,0.30135991439500387,0.0
6057,新疆,光伏,life_only,1.3333333333333333,20.0,True,55.0,660000.0,1.0,0.11,0.0,0.30135991439500387,0.0
6059,新疆,光伏,life_only,1.3333333333333333,20.0,True,55.0,660000.0,1.0,0.11,0.0,0.30135991439500387,0.0
6060,新疆,光伏,life_only,1.3333333333333333,20.0,True,55.0,660000.0,1.0,0.11,0.0,0.30135991439500387,0.0
6063,新疆,光伏,life_only,1.3333333333333333,20.0,True,55.0,660000.0,1.0,0.11,0.0,0.30135991439500387,0.0
6066,新疆,光伏,life_only,1.3333333333333333,20.0,True,55.0,660000.0,1.0,0.11,0.0,0.30135991439500387,0.0
6067,新疆,光伏,life_only,1.3333333333333333,20.0,True,55.0,660000.0,1.0,0.11,0.0,0.30135991439500387,0.0
6068,新疆,光伏,life_only,1.3333333333333333,20.0,True,55.0,660000.0,1.0,0.11,0.0,0.30135991439500387,0.0
6069,新疆,光伏,life_only,1.3333333333333333,20.0,True,55.0,660000.0,1.0,0.11,0.0,0.30135991439500387,0.0
6070,新疆,光伏,life_only,1.3333333333333333,20.0,True,55.0,660000.0,1.0,0.11,0.0,0.30135991439500387,0.0
6076,新疆,光伏,life_only,1.3333333333333333,20.0,True,55.0,660000.0,1.0,0.11,0.0,0.30135991439500387,0.0
6081,新疆,光伏,life_only,1.3333333333333333,20.0,True,55.0,660000.0,1.0,0.11,0.0,0.30135991439500387,0.0
6082,新疆,光伏,life_only,1.3333333333333333,20.0,True,55.0,660000.0,1.0,0.11,0.0,0.30135991439500387,0.0
6083,新疆,光伏,life_only,1.3333333333333333,20.0,True,55.0,660000.0,1.0,0.11,0.0,0.30135991439500387,0.0
6086,新疆,光伏,life_only,1.3333333333333333,20.0,True,55.0,660000.0,1.0,0.11,0.0,0.30135991439500387,0.0
6089,新疆,光伏,life_only,1.3333333333333333,20.0,True,55.0,660000.0,1.0,0.11,0.0,0.30135991439500387,0.0
6098,新疆,光伏,life_only,1.3333333333333333,20.0,True,55.0,660000.0,1.0,0.11,0.0,0.30135991439500387,0.0
6101,新疆,光伏,life_only,1.3333333333333333,20.0,True,55.0,660000.0,1.0,0.11,0.0,0.30135991439500387,0.0
6102,新疆,光伏,life_only,1.3333333333333333,20.0,True,55.0,660000.0,1.0,0.11,0.0,0.30135991439500387,0.0
6104,新疆,光伏,life_only,1.3333333333333333,20.0,True,55.0,660000.0,1.0,0.11,0.0,0.30135991439500387,0.0
6106,新疆,光伏,life_only,1.3333333333333333,20.0,True,55.0,660000.0,1.0,0.11,0.0,0.30135991439500387,0.0
6111,新疆,光伏,life_only,1.3333333333333333,20.0,True,55.0,660000.0,1.0,0.11,0.0,0.30135991439500387,0.0
6112,新疆,光伏,life_only,1.3333333333333333,20.0,True,55.0,660000.0,1.0,0.11,0.0,0.30135991439500387,0.0
6114,新疆,光伏,life_only,1.3333333333333333,20.0,True,55.0,660000.0,1.0,0.11,0.0,0.30135991439500387,0.0
6117,甘肃,光伏,life_only,1.3333333333333333,20.0,True,55.0,660000.0,1.0,0.11,0.0,0.30135991439500387,0.0
6120,新疆,光伏,life_only,1.3333333333333333,20.0,True,55.0,660000.0,1.0,0.11,0.0,0.30135991439500387,0.0
6124,新疆,光伏,life_only,1.3333333333333333,20.0,True,55.0,660000.0,1.0,0.11,0.0,0.30135991439500387,0.0
6129,新疆,光伏,life_only,1.3333333333333333,20.0,True,55.0,660000.0,1.0,0.11,0.0,0.30135991439500387,0.0
6131,新疆,光伏,life_only,1.3333333333333333,20.0,True,55.0,660000.0,1.0,0.11,0.0,0.30135991439500387,0.0
6133,新疆,光伏,life_only,1.3333333333333333,20.0,True,55.0,660000.0,1.0,0.11,0.0,0.30135991439500387,0.0
6140,新疆,光伏,life_only,1.3333333333333333,20.0,True,55.0,660000.0,1.0,0.11,0.0,0.30135991439500387,0.0
6143,新疆,光伏,life_only,1.3333333333333333,20.0,True,55.0,660000.0,1.0,0.11,0.0,0.30135991439500387,0.0
6149,新疆,光伏,life_only,1.3333333333333333,20.0,True,55.0,660000.0,1.0,0.11,0.0,0.30135991439500387,0.0
6151,新疆,光伏,life_only,1.3333333333333333,20.0,True,55.0,660000.0,1.0,0.11,0.0,0.30135991439500387,0.0
6159,新疆,光伏,life_only,1.3333333333333333,20.0,True,55.0,660000.0,1.0,0.11,0.0,0.30135991439500387,0.0
6160,新疆,光伏,life_only,1.3333333333333333,20.0,True,55.0,660000.0,1.0,0.11,0.0,0.30135991439500387,0.0
6165,新疆,光伏,life_only,1.3333333333333333,20.0,True,55.0,660000.0,1.0,0.11,0.0,0.30135991439500387,0.0
6175,新疆,光伏,life_only,1.3333333333333333,20.0,True,55.0,660000.0,1.0,0.11,0.0,0.30135991439500387,0.0
6176,新疆,光伏,life_only,1.3333333333333333,20.0,True,55.0,660000.0,1.0,0.11,0.0,0.30135991439500387,0.0
6178,新疆,光伏,life_only,1.3333333333333333,20.0,True,55.0,660000.0,1.0,0.11,0.0,0.30135991439500387,0.0
6183,新疆,光伏,life_only,1.3333333333333333,20.0,True,55.0,660000.0,1.0,0.11,0.0,0.30135991439500387,0.0
6186,新疆,光伏,life_only,1.3333333333333333,20.0,True,55.0,660000.0,1.0,0.11,0.0,0.30135991439500387,0.0
6189,新疆,光伏,life_only,1.3333333333333333,20.0,True,55.0,660000.0,1.0,0.11,0.0,0.30135991439500387,0.0
6190,新疆,光伏,life_only,1.3333333333333333,20.0,True,55.0,660000.0,1.0,0.11,0.0,0.30135991439500387,0.0
6191,新疆,光伏,life_only,1.3333333333333333,20.0,True,55.0,660000.0,1.0,0.11,0.0,0.30135991439500387,0.0
6197,新疆,光伏,life_only,1.3333333333333333,20.0,True,55.0,660000.0,1.0,0.11,0.0,0.30135991439500387,0.0
6199,新疆,光伏,life_only,1.3333333333333333,20.0,True,55.0,660000.0,1.0,0.11,0.0,0.30135991439500387,0.0
6214,新疆,光伏,life_only,1.3333333333333333,20.0,True,55.0,660000.0,1.0,0.11,0.0,0.30135991439500387,0.0
6215,新疆,光伏,life_only,1.3333333333333333,20.0,True,55.0,660000.0,1.0,0.11,0.0,0.30135991439500387,0.0
6219,新疆,光伏,life_only,1.3333333333333333,20.0,True,55.0,660000.0,1.0,0.11,0.0,0.30135991439500387,0.0
6224,新疆,光伏,life_only,1.3333333333333333,20.0,True,55.0,660000.0,1.0,0.11,0.0,0.30135991439500387,0.0
6230,新疆,光伏,life_only,1.3333333333333333,20.0,True,55.0,660000.0,1.0,0.11,0.0,0.30135991439500387,0.0
6247,新疆,光伏,life_only,1.3333333333333333,20.0,True,55.0,660000.0,1.0,0.11,0.0,0.30135991439500387,0.0
6251,新疆,光伏,life_only,1.3333333333333333,20.0,True,55.0,660000.0,1.0,0.11,0.0,0.30135991439500387,0.0
6253,新疆,光伏,life_only,1.3333333333333333,20.0,True,55.0,660000.0,1.0,0.11,0.0,0.30135991439500387,0.0
6259,新疆,光伏,life_only,1.3333333333333333,20.0,True,55.0,660000.0,1.0,0.11,0.0,0.30135991439500387,0.0
6261,新疆,光伏,life_only,1.3333333333333333,20.0,True,55.0,660000.0,1.0,0.11,0.0,0.30135991439500387,0.0
6263,新疆,光伏,life_only,1.3333333333333333,20.0,True,55.0,660000.0,1.0,0.11,0.0,0.30135991439500387,0.0
6268,新疆,光伏,life_only,1.3333333333333333,20.0,True,55.0,660000.0,1.0,0.11,0.0,0.30135991439500387,0.0
6270,新疆,光伏,life_only,1.3333333333333333,20.0,True,55.0,660000.0,1.0,0.11,0.0,0.30135991439500387,0.0
6272,新疆,光伏,life_only,1.3333333333333333,20.0,True,55.0,660000.0,1.0,0.11,0.0,0.30135991439500387,0.0
6276,新疆,光伏,life_only,1.3333333333333333,20.0,True,55.0,660000.0,1.0,0.11,0.0,0.30135991439500387,0.0
6288,新疆,光伏,life_only,1.3333333333333333,20.0,True,55.0,660000.0,1.0,0.11,0.0,0.30135991439500387,0.0
6290,新疆,光伏,life_only,1.3333333333333333,20.0,True,55.0,660000.0,1.0,0.11,0.0,0.30135991439500387,0.0
6294,新疆,光伏,life_only,1.3333333333333333,20.0,True,55.0,660000.0,1.0,0.11,0.0,0.30135991439500387,0.0
6295,新疆,光伏,life_only,1.3333333333333333,20.0,True,55.0,660000.0,1.0,0.11,0.0,0.30135991439500387,0.0
6321,新疆,光伏,life_only,1.3333333333333333,20.0,True,55.0,660000.0,1.0,0.11,0.0,0.30135991439500387,0.0
6322,新疆,光伏,life_only,1.3333333333333333,20.0,True,55.0,660000.0,1.0,0.11,0.0,0.30135991439500387,0.0
6323,新疆,光伏,life_only,1.3333333333333333,20.0,True,55.0,660000.0,1.0,0.11,0.0,0.30135991439500387,0.0
6328,新疆,光伏,life_only,1.3333333333333333,20.0,True,55.0,660000.0,1.0,0.11,0.0,0.30135991439500387,0.0
6334,新疆,光伏,life_only,1.3333333333333333,20.0,True,55.0,660000.0,1.0,0.11,0.0,0.30135991439500387,0.0
6337,新疆,光伏,life_only,1.3333333333333333,20.0,True,55.0,660000.0,1.0,0.11,0.0,0.30135991439500387,0.0
6339,新疆,光伏,life_only,1.3333333333333333,20.0,True,55.0,660000.0,1.0,0.11,0.0,0.30135991439500387,0.0
6344,新疆,光伏,life_only,1.3333333333333333,20.0,True,55.0,660000.0,1.0,0.11,0.0,0.30135991439500387,0.0
6345,新疆,光伏,life_only,1.3333333333333333,20.0,True,55.0,660000.0,1.0,0.11,0.0,0.30135991439500387,0.0
6350,新疆,光伏,life_only,1.3333333333333333,20.0,True,55.0,660000.0,1.0,0.11,0.0,0.30135991439500387,0.0
6358,新疆,光伏,life_only,1.3333333333333333,20.0,True,55.0,660000.0,1.0,0.11,0.0,0.30135991439500387,0.0
6360,新疆,光伏,life_only,1.3333333333333333,20.0,True,55.0,660000.0,1.0,0.11,0.0,0.30135991439500387,0.0
6361,新疆,光伏,life_only,1.3333333333333333,20.0,True,55.0,660000.0,1.0,0.11,0.0,0.30135991439500387,0.0
6362,新疆,光伏,life_only,1.3333333333333333,20.0,True,55.0,660000.0,1.0,0.11,0.0,0.30135991439500387,0.0
6372,新疆,光伏,life_only,1.3333333333333333,20.0,True,55.0,660000.0,1.0,0.11,0.0,0.30135991439500387,0.0
6374,新疆,光伏,life_only,1.3333333333333333,20.0,True,55.0,660000.0,1.0,0.11,0.0,0.30135991439500387,0.0
6375,新疆,光伏,life_only,1.3333333333333333,20.0,True,55.0,660000.0,1.0,0.11,0.0,0.30135991439500387,0.0
6380,新疆,光伏,life_only,1.3333333333333333,20.0,True,55.0,660000.0,1.0,0.11,0.0,0.30135991439500387,0.0
6385,新疆,光伏,life_only,1.3333333333333333,20.0,True,55.0,660000.0,1.0,0.11,0.0,0.30135991439500387,0.0
6387,新疆,光伏,life_only,1.3333333333333333,20.0,True,55.0,660000.0,1.0,0.11,0.0,0.30135991439500387,0.0
6388,新疆,光伏,life_only,1.3333333333333333,20.0,True,55.0,660000.0,1.0,0.11,0.0,0.30135991439500387,0.0
6389,新疆,光伏,life_only,1.3333333333333333,20.0,True,55.0,660000.0,1.0,0.11,0.0,0.30135991439500387,0.0
6394,新疆,光伏,life_only,1.3333333333333333,20.0,True,55.0,660000.0,1.0,0.11,0.0,0.30135991439500387,0.0
6402,新疆,光伏,life_only,1.3333333333333333,20.0,True,55.0,660000.0,1.0,0.11,0.0,0.30135991439500387,0.0
6405,新疆,光伏,life_only,1.3333333333333333,20.0,True,55.0,660000.0,1.0,0.11,0.0,0.30135991439500387,0.0
6411,新疆,光伏,life_only,1.3333333333333333,20.0,True,55.0,660000.0,1.0,0.11,0.0,0.30135991439500387,0.0
6415,新疆,光伏,life_only,1.3333333333333333,20.0,True,55.0,660000.0,1.0,0.11,0.0,0.30135991439500387,0.0
6417,新疆,光伏,life_only,1.3333333333333333,20.0,True,55.0,660000.0,1.0,0.11,0.0,0.30135991439500387,0.0
6424,新疆,光伏,life_only,1.3333333333333333,20.0,True,55.0,660000.0,1.0,0.11,0.0,0.30135991439500387,0.0
6428,新疆,光伏,life_only,1.3333333333333333,20.0,True,55.0,660000.0,1.0,0.11,0.0,0.30135991439500387,0.0
6429,新疆,光伏,life_only,1.3333333333333333,20.0,True,55.0,660000.0,1.0,0.11,0.0,0.30135991439500387,0.0
6434,新疆,光伏,life_only,1.3333333333333333,20.0,True,55.0,660000.0,1.0,0.11,0.0,0.30135991439500387,0.0
6435,新疆,光伏,life_only,1.3333333333333333,20.0,True,55.0,660000.0,1.0,0.11,0.0,0.30135991439500387,0.0
6436,新疆,光伏,life_only,1.3333333333333333,20.0,True,55.0,660000.0,1.0,0.11,0.0,0.30135991439500387,0.0
6440,新疆,光伏,life_only,1.3333333333333333,20.0,True,55.0,660000.0,1.0,0.11,0.0,0.30135991439500387,0.0
6447,新疆,光伏,life_only,1.3333333333333333,20.0,True,55.0,660000.0,1.0,0.11,0.0,0.30135991439500387,0.0
6451,新疆,光伏,life_only,1.3333333333333333,20.0,True,55.0,660000.0,1.0,0.11,0.0,0.30135991439500387,0.0
6465,新疆,光伏,life_only,1.3333333333333333,20.0,True,55.0,660000.0,1.0,0.11,0.0,0.30135991439500387,0.0
6467,新疆,光伏,life_only,1.3333333333333333,20.0,True,55.0,660000.0,1.0,0.11,0.0,0.30135991439500387,0.0
6468,新疆,光伏,life_only,1.3333333333333333,20.0,True,55.0,660000.0,1.0,0.11,0.0,0.30135991439500387,0.0
6475,新疆,光伏,life_only,1.3333333333333333,20.0,True,55.0,660000.0,1.0,0.11,0.0,0.30135991439500387,0.0
6476,新疆,光伏,life_only,1.3333333333333333,20.0,True,55.0,660000.0,1.0,0.11,0.0,0.30135991439500387,0.0
6480,新疆,光伏,life_only,1.3333333333333333,20.0,True,55.0,660000.0,1.0,0.11,0.0,0.30135991439500387,0.0
6485,新疆,光伏,life_only,1.3333333333333333,20.0,True,55.0,660000.0,1.0,0.11,0.0,0.30135991439500387,0.0
6487,新疆,光伏,life_only,1.3333333333333333,20.0,True,55.0,660000.0,1.0,0.11,0.0,0.30135991439500387,0.0
6496,新疆,光伏,life_only,1.3333333333333333,20.0,True,55.0,660000.0,1.0,0.11,0.0,0.30135991439500387,0.0
6498,新疆,光伏,life_only,1.3333333333333333,20.0,True,55.0,660000.0,1.0,0.11,0.0,0.30135991439500387,0.0
6507,新疆,光伏,life_only,1.3333333333333333,20.0,True,55.0,660000.0,1.0,0.11,0.0,0.30135991439500387,0.0
6518,新疆,光伏,life_only,1.3333333333333333,20.0,True,55.0,660000.0,1.0,0.11,0.0,0.30135991439500387,0.0
6522,新疆,光伏,life_only,1.3333333333333333,20.0,True,55.0,660000.0,1.0,0.11,0.0,0.30135991439500387,0.0
6528,新疆,光伏,life_only,1.3333333333333333,20.0,True,55.0,660000.0,1.0,0.11,0.0,0.30135991439500387,0.0
6531,新疆,光伏,life_only,1.3333333333333333,20.0,True,55.0,660000.0,1.0,0.11,0.0,0.30135991439500387,0.0
6536,新疆,光伏,life_only,1.3333333333333333,20.0,True,55.0,660000.0,1.0,0.11,0.0,0.30135991439500387,0.0
6537,新疆,光伏,life_only,1.3333333333333333,20.0,True,55.0,660000.0,1.0,0.11,0.0,0.30135991439500387,0.0
6538,新疆,光伏,life_only,1.3333333333333333,20.0,True,55.0,660000.0,1.0,0.11,0.0,0.30135991439500387,0.0
6548,新疆,光伏,life_only,1.3333333333333333,20.0,True,55.0,660000.0,1.0,0.11,0.0,0.30135991439500387,0.0
6553,新疆,光伏,life_only,1.3333333333333333,20.0,True,55.0,660000.0,1.0,0.11,0.0,0.30135991439500387,0.0
6559,新疆,光伏,life_only,1.3333333333333333,20.0,True,55.0,660000.0,1.0,0.11,0.0,0.30135991439500387,0.0
6564,新疆,光伏,life_only,1.3333333333333333,20.0,True,55.0,660000.0,1.0,0.11,0.0,0.30135991439500387,0.0
6565,新疆,光伏,life_only,1.3333333333333333,20.0,True,55.0,660000.0,1.0,0.11,0.0,0.30135991439500387,0.0
6566,新疆,光伏,life_only,1.3333333333333333,20.0,True,55.0,660000.0,1.0,0.11,0.0,0.30135991439500387,0.0
6568,新疆,光伏,life_only,1.3333333333333333,20.0,True,55.0,660000.0,1.0,0.11,0.0,0.30135991439500387,0.0
6574,新疆,光伏,life_only,1.3333333333333333,20.0,True,55.0,660000.0,1.0,0.11,0.0,0.30135991439500387,0.0
6576,新疆,光伏,life_only,1.3333333333333333,20.0,True,55.0,660000.0,1.0,0.11,0.0,0.30135991439500387,0.0
6578,新疆,光伏,life_only,1.3333333333333333,20.0,True,55.0,660000.0,1.0,0.11,0.0,0.30135991439500387,0.0
6579,新疆,光伏,life_only,1.3333333333333333,20.0,True,55.0,660000.0,1.0,0.11,0.0,0.30135991439500387,0.0
6582,新疆,光伏,life_only,1.3333333333333333,20.0,True,55.0,660000.0,1.0,0.11,0.0,0.30135991439500387,0.0
6590,新疆,光伏,life_only,1.3333333333333333,20.0,True,55.0,660000.0,1.0,0.11,0.0,0.30135991439500387,0.0
6598,新疆,光伏,life_only,1.3333333333333333,20.0,True,55.0,660000.0,1.0,0.11,0.0,0.30135991439500387,0.0
6602,新疆,光伏,life_only,1.3333333333333333,20.0,True,55.0,660000.0,1.0,0.11,0.0,0.30135991439500387,0.0
6607,新疆,光伏,life_only,1.3333333333333333,20.0,True,55.0,660000.0,1.0,0.11,0.0,0.30135991439500387,0.0
6609,新疆,光伏,life_only,1.3333333333333333,20.0,True,55.0,660000.0,1.0,0.11,0.0,0.30135991439500387,0.0
6616,新疆,光伏,life_only,1.3333333333333333,20.0,True,55.0,660000.0,1.0,0.11,0.0,0.30135991439500387,0.0
6619,新疆,光伏,life_only,1.3333333333333333,20.0,True,55.0,660000.0,1.0,0.11,0.0,0.30135991439500387,0.0
6625,新疆,光伏,life_only,1.3333333333333333,20.0,True,55.0,660000.0,1.0,0.11,0.0,0.30135991439500387,0.0
6628,新疆,光伏,life_only,1.3333333333333333,20.0,True,55.0,660000.0,1.0,0.11,0.0,0.30135991439500387,0.0
6633,新疆,光伏,life_only,1.3333333333333333,20.0,True,55.0,660000.0,1.0,0.11,0.0,0.30135991439500387,0.0
6634,新疆,光伏,life_only,1.3333333333333333,20.0,True,55.0,660000.0,1.0,0.11,0.0,0.30135991439500387,0.0
6638,新疆,光伏,life_only,1.3333333333333333,20.0,True,55.0,660000.0,1.0,0.11,0.0,0.30135991439500387,0.0
6641,新疆,光伏,life_only,1.3333333333333333,20.0,True,55.0,660000.0,1.0,0.11,0.0,0.30135991439500387,0.0
6644,新疆,光伏,life_only,1.3333333333333333,20.0,True,55.0,660000.0,1.0,0.11,0.0,0.30135991439500387,0.0
6654,新疆,光伏,life_only,1.3333333333333333,20.0,True,55.0,660000.0,1.0,0.11,0.0,0.30135991439500387,0.0
6659,新疆,光伏,life_only,1.3333333333333333,20.0,True,55.0,660000.0,1.0,0.11,0.0,0.30135991439500387,0.0
6666,新疆,光伏,life_only,1.3333333333333333,20.0,True,55.0,660000.0,1.0,0.11,0.0,0.30135991439500387,0.0
6669,新疆,光伏,life_only,1.3333333333333333,20.0,True,55.0,660000.0,1.0,0.11,0.0,0.30135991439500387,0.0
6672,新疆,光伏,life_only,1.3333333333333333,20.0,True,55.0,660000.0,1.0,0.11,0.0,0.30135991439500387,0.0
6675,新疆,光伏,life_only,1.3333333333333333,20.0,True,55.0,660000.0,1.0,0.11,0.0,0.30135991439500387,0.0
6694,新疆,光伏,life_only,1.3333333333333333,20.0,True,55.0,660000.0,1.0,0.11,0.0,0.30135991439500387,0.0
6720,新疆,光伏,life_only,1.3333333333333333,20.0,True,55.0,660000.0,1.0,0.11,0.0,0.30135991439500387,0.0
6723,新疆,光伏,life_only,1.3333333333333333,20.0,True,55.0,660000.0,1.0,0.11,0.0,0.30135991439500387,0.0
6728,新疆,光伏,life_only,1.3333333333333333,20.0,True,55.0,660000.0,1.0,0.11,0.0,0.30135991439500387,0.0
6731,新疆,光伏,life_only,1.3333333333333333,20.0,True,55.0,660000.0,1.0,0.11,0.0,0.30135991439500387,0.0
6736,新疆,光伏,life_only,1.3333333333333333,20.0,True,55.0,660000.0,1.0,0.11,0.0,0.30135991439500387,0.0
6738,新疆,光伏,life_only,1.3333333333333333,20.0,True,55.0,660000.0,1.0,0.11,0.0,0.30135991439500387,0.0
6739,新疆,光伏,life_only,1.3333333333333333,20.0,True,55.0,660000.0,1.0,0.11,0.0,0.30135991439500387,0.0
6740,新疆,光伏,life_only,1.3333333333333333,20.0,True,55.0,660000.0,1.0,0.11,0.0,0.30135991439500387,0.0
6741,新疆,光伏,life_only,1.3333333333333333,20.0,True,55.0,660000.0,1.0,0.11,0.0,0.30135991439500387,0.0
6745,新疆,光伏,life_only,1.3333333333333333,20.0,True,55.0,660000.0,1.0,0.11,0.0,0.30135991439500387,0.0
6747,新疆,光伏,life_only,1.3333333333333333,20.0,True,55.0,660000.0,1.0,0.11,0.0,0.30135991439500387,0.0
6753,新疆,光伏,life_only,1.3333333333333333,20.0,True,55.0,660000.0,1.0,0.11,0.0,0.30135991439500387,0.0
6755,新疆,光伏,life_only,1.3333333333333333,20.0,True,55.0,660000.0,1.0,0.11,0.0,0.30135991439500387,0.0
6760,新疆,光伏,life_only,1.3333333333333333,20.0,True,55.0,660000.0,1.0,0.11,0.0,0.30135991439500387,0.0
6766,新疆,光伏,life_only,1.3333333333333333,20.0,True,55.0,660000.0,1.0,0.11,0.0,0.30135991439500387,0.0
6768,新疆,光伏,life_only,1.3333333333333333,20.0,True,55.0,660000.0,1.0,0.11,0.0,0.30135991439500387,0.0
6774,新疆,光伏,life_only,1.3333333333333333,20.0,True,55.0,660000.0,1.0,0.11,0.0,0.30135991439500387,0.0
6777,新疆,光伏,life_only,1.3333333333333333,20.0,True,55.0,660000.0,1.0,0.11,0.0,0.30135991439500387,0.0
6782,新疆,光伏,life_only,1.3333333333333333,20.0,True,55.0,660000.0,1.0,0.11,0.0,0.30135991439500387,0.0
6785,新疆,光伏,life_only,1.3333333333333333,20.0,True,55.0,660000.0,1.0,0.11,0.0,0.30135991439500387,0.0
6790,新疆,光伏,life_only,1.3333333333333333,20.0,True,55.0,660000.0,1.0,0.11,0.0,0.30135991439500387,0.0
6792,新疆,光伏,life_only,1.3333333333333333,20.0,True,55.0,660000.0,1.0,0.11,0.0,0.30135991439500387,0.0
6793,新疆,光伏,life_only,1.3333333333333333,20.0,True,55.0,660000.0,1.0,0.11,0.0,0.30135991439500387,0.0
6799,新疆,光伏,life_only,1.3333333333333333,20.0,True,55.0,660000.0,1.0,0.11,0.0,0.30135991439500387,0.0
6802,新疆,光伏,life_only,1.3333333333333333,20.0,True,55.0,660000.0,1.0,0.11,0.0,0.30135991439500387,0.0
6804,新疆,光伏,life_only,1.3333333333333333,20.0,True,55.0,660000.0,1.0,0.11,0.0,0.30135991439500387,0.0
6806,新疆,光伏,life_only,1.3333333333333333,20.0,True,55.0,660000.0,1.0,0.11,0.0,0.30135991439500387,0.0
6812,新疆,光伏,life_only,1.3333333333333333,20.0,True,55.0,660000.0,1.0,0.11,0.0,0.30135991439500387,0.0
6813,新疆,光伏,life_only,1.3333333333333333,20.0,True,55.0,660000.0,1.0,0.11,0.0,0.30135991439500387,0.0
6819,新疆,光伏,life_only,1.3333333333333333,20.0,True,55.0,660000.0,1.0,0.11,0.0,0.30135991439500387,0.0
6824,新疆,光伏,life_only,1.3333333333333333,20.0,True,55.0,660000.0,1.0,0.11,0.0,0.30135991439500387,0.0
6827,新疆,光伏,life_only,1.3333333333333333,20.0,True,55.0,660000.0,1.0,0.11,0.0,0.30135991439500387,0.0
6831,新疆,光伏,life_only,1.3333333333333333,20.0,True,55.0,660000.0,1.0,0.11,0.0,0.30135991439500387,0.0
6838,新疆,光伏,life_only,1.3333333333333333,20.0,True,55.0,660000.0,1.0,0.11,0.0,0.30135991439500387,0.0
6839,新疆,光伏,life_only,1.3333333333333333,20.0,True,55.0,660000.0,1.0,0.11,0.0,0.30135991439500387,0.0
6842,新疆,光伏,life_only,1.3333333333333333,20.0,True,55.0,660000.0,1.0,0.11,0.0,0.30135991439500387,0.0
6845,新疆,光伏,life_only,1.3333333333333333,20.0,True,55.0,660000.0,1.0,0.11,0.0,0.30135991439500387,0.0
685,甘肃,光伏,life_only,1.3333333333333333,20.0,True,55.0,660000.0,1.0,0.11,0.0,0.30135991439500387,0.0
6852,新疆,光伏,life_only,1.3333333333333333,20.0,True,55.0,660000.0,1.0,0.11,0.0,0.30135991439500387,0.0
6854,新疆,光伏,life_only,1.3333333333333333,20.0,True,55.0,660000.0,1.0,0.11,0.0,0.30135991439500387,0.0
6860,新疆,光伏,life_only,1.3333333333333333,20.0,True,55.0,660000.0,1.0,0.11,0.0,0.30135991439500387,0.0
6866,新疆,光伏,life_only,1.3333333333333333,20.0,True,55.0,660000.0,1.0,0.11,0.0,0.30135991439500387,0.0
6867,新疆,光伏,life_only,1.3333333333333333,20.0,True,55.0,660000.0,1.0,0.11,0.0,0.30135991439500387,0.0
6881,新疆,光伏,life_only,1.3333333333333333,20.0,True,55.0,660000.0,1.0,0.11,0.0,0.30135991439500387,0.0
6883,新疆,光伏,life_only,1.3333333333333333,20.0,True,55.0,660000.0,1.0,0.11,0.0,0.30135991439500387,0.0
6885,新疆,光伏,life_only,1.3333333333333333,20.0,True,55.0,660000.0,1.0,0.11,0.0,0.30135991439500387,0.0
6895,新疆,光伏,life_only,1.3333333333333333,20.0,True,55.0,660000.0,1.0,0.11,0.0,0.30135991439500387,0.0
6898,新疆,光伏,life_only,1.3333333333333333,20.0,True,55.0,660000.0,1.0,0.11,0.0,0.30135991439500387,0.0
6903,新疆,光伏,life_only,1.3333333333333333,20.0,True,55.0,660000.0,1.0,0.11,0.0,0.30135991439500387,0.0
6907,新疆,光伏,life_only,1.3333333333333333,20.0,True,55.0,660000.0,1.0,0.11,0.0,0.30135991439500387,0.0
6911,新疆,光伏,life_only,1.3333333333333333,20.0,True,55.0,660000.0,1.0,0.11,0.0,0.30135991439500387,0.0
6912,新疆,光伏,life_only,1.3333333333333333,20.0,True,55.0,660000.0,1.0,0.11,0.0,0.30135991439500387,0.0
6913,新疆,光伏,life_only,1.3333333333333333,20.0,True,55.0,660000.0,1.0,0.11,0.0,0.30135991439500387,0.0
6916,新疆,光伏,life_only,1.3333333333333333,20.0,True,55.0,660000.0,1.0,0.11,0.0,0.30135991439500387,0.0
6918,新疆,光伏,life_only,1.3333333333333333,20.0,True,55.0,660000.0,1.0,0.11,0.0,0.30135991439500387,0.0
6928,新疆,光伏,life_only,1.3333333333333333,20.0,True,55.0,660000.0,1.0,0.11,0.0,0.30135991439500387,0.0
6934,新疆,光伏,life_only,1.3333333333333333,20.0,True,55.0,660000.0,1.0,0.11,0.0,0.30135991439500387,0.0
6938,新疆,光伏,life_only,1.3333333333333333,20.0,True,55.0,660000.0,1.0,0.11,0.0,0.30135991439500387,0.0
6947,新疆,光伏,life_only,1.3333333333333333,20.0,True,55.0,660000.0,1.0,0.11,0.0,0.30135991439500387,0.0
6953,新疆,光伏,life_only,1.3333333333333333,20.0,True,55.0,660000.0,1.0,0.11,0.0,0.30135991439500387,0.0
6959,新疆,光伏,life_only,1.3333333333333333,20.0,True,55.0,660000.0,1.0,0.11,0.0,0.30135991439500387,0.0
6963,新疆,光伏,life_only,1.3333333333333333,20.0,True,55.0,660000.0,1.0,0.11,0.0,0.30135991439500387,0.0
697,甘肃,光伏,life_only,1.3333333333333333,20.0,True,55.0,660000.0,1.0,0.11,0.0,0.30135991439500387,0.0
6975,新疆,光伏,life_only,1.3333333333333333,20.0,True,55.0,660000.0,1.0,0.11,0.0,0.30135991439500387,0.0
6981,新疆,光伏,life_only,1.3333333333333333,20.0,True,55.0,660000.0,1.0,0.11,0.0,0.30135991439500387,0.0
6998,新疆,光伏,life_only,1.3333333333333333,20.0,True,55.0,660000.0,1.0,0.11,0.0,0.30135991439500387,0.0
6999,新疆,光伏,life_only,1.3333333333333333,20.0,True,55.0,660000.0,1.0,0.11,0.0,0.30135991439500387,0.0
7114,新疆,光伏,life_only,1.3333333333333333,20.0,True,55.0,660000.0,1.0,0.11,0.0,0.30135991439500387,0.0
724,甘肃,光伏,life_only,1.3333333333333333,20.0,True,55.0,660000.0,1.0,0.11,0.0,0.30135991439500387,0.0
7274,新疆,光伏,life_only,1.3333333333333333,20.0,True,55.0,660000.0,1.0,0.11,0.0,0.30135991439500387,0.0
7284,新疆,光伏,life_only,1.3333333333333333,20.0,True,55.0,660000.0,1.0,0.11,0.0,0.30135991439500387,0.0
7325,新疆,光伏,life_only,1.3333333333333333,20.0,True,55.0,660000.0,1.0,0.11,0.0,0.30135991439500387,0.0
7332,新疆,光伏,life_only,1.3333333333333333,20.0,True,55.0,660000.0,1.0,0.11,0.0,0.30135991439500387,0.0
7361,新疆,光伏,life_only,1.3333333333333333,20.0,True,55.0,660000.0,1.0,0.11,0.0,0.30135991439500387,0.0
770,甘肃,光伏,life_only,1.3333333333333333,20.0,True,55.0,660000.0,1.0,0.11,0.0,0.30135991439500387,0.0
782,甘肃,光伏,life_only,1.3333333333333333,20.0,True,55.0,660000.0,1.0,0.11,0.0,0.30135991439500387,0.0
810,甘肃,光伏,life_only,1.3333333333333333,20.0,True,55.0,660000.0,1.0,0.11,0.0,0.30135991439500387,0.0
814,甘肃,光伏,life_only,1.3333333333333333,20.0,True,55.0,660000.0,1.0,0.11,0.0,0.30135991439500387,0.0
816,甘肃,光伏,life_only,1.3333333333333333,20.0,True,55.0,660000.0,1.0,0.11,0.0,0.30135991439500387,0.0
8314,青海,光伏,life_only,1.3333333333333333,20.0,True,55.0,660000.0,1.0,0.11,0.0,0.30135991439500387,0.0
8326,青海,光伏,life_only,1.3333333333333333,20.0,True,55.0,660000.0,1.0,0.11,0.0,0.30135991439500387,0.0
886,甘肃,光伏,life_only,1.3333333333333333,20.0,True,55.0,660000.0,1.0,0.11,0.0,0.30135991439500387,0.0
895,甘肃,光伏,life_only,1.3333333333333333,20.0,True,55.0,660000.0,1.0,0.11,0.0,0.30135991439500387,0.0
931,甘肃,光伏,life_only,1.3333333333333333,20.0,True,55.0,660000.0,1.0,0.11,0.0,0.30135991439500387,0.0
935,甘肃,光伏,life_only,1.3333333333333333,20.0,True,55.0,660000.0,1.0,0.11,0.0,0.30135991439500387,0.0
943,甘肃,光伏,life_only,1.3333333333333333,20.0,True,55.0,660000.0,1.0,0.11,0.0,0.30135991439500387,0.0
954,甘肃,光伏,life_only,1.3333333333333333,20.0,True,55.0,660000.0,1.0,0.11,0.0,0.30135991439500387,0.0
957,甘肃,光伏,life_only,1.3333333333333333,20.0,True,55.0,660000.0,1.0,0.11,0.0,0.30135991439500387,0.0
963,甘肃,光伏,life_only,1.3333333333333333,20.0,True,55.0,660000.0,1.0,0.11,0.0,0.30135991439500387,0.0
W1057,广西,风电,life_only,1.3333333333333333,20.0,True,55.0,660000.0,1.0,0.11,0.0,0.30135991439500387,0.0
W1069,广西,风电,life_only,1.3333333333333333,20.0,True,55.0,660000.0,1.0,0.11,0.0,0.30135991439500387,0.0
W1073,广西,风电,life_only,1.3333333333333333,20.0,True,55.0,660000.0,1.0,0.11,0.0,0.30135991439500387,0.0
W113,甘肃,风电,life_only,1.3333333333333333,20.0,True,55.0,660000.0,1.0,0.11,0.0,0.30135991439500387,0.0
W1130,河北,风电,life_only,1.3333333333333333,20.0,True,55.0,660000.0,1.0,0.11,0.0,0.30135991439500387,0.0
W1134,河北,风电,life_only,1.3333333333333333,20.0,True,55.0,660000.0,1.0,0.11,0.0,0.30135991439500387,0.0
W114,甘肃,风电,life_only,1.3333333333333333,20.0,True,55.0,660000.0,1.0,0.11,0.0,0.30135991439500387,0.0
W115,甘肃,风电,life_only,1.3333333333333333,20.0,True,55.0,660000.0,1.0,0.11,0.0,0.30135991439500387,0.0
W116,甘肃,风电,life_only,1.3333333333333333,20.0,True,55.0,660000.0,1.0,0.11,0.0,0.30135991439500387,0.0
W117,甘肃,风电,life_only,1.3333333333333333,20.0,True,55.0,660000.0,1.0,0.11,0.0,0.30135991439500387,0.0
W1223,陕西,风电,life_only,1.3333333333333333,20.0,True,55.0,660000.0,1.0,0.11,0.0,0.30135991439500387,0.0
W123,甘肃,风电,life_only,1.3333333333333333,20.0,True,55.0,660000.0,1.0,0.11,0.0,0.30135991439500387,0.0
W127,甘肃,风电,life_only,1.3333333333333333,20.0,True,55.0,660000.0,1.0,0.11,0.0,0.30135991439500387,0.0
W1273,广西,风电,life_only,1.3333333333333333,20.0,True,55.0,660000.0,1.0,0.11,0.0,0.30135991439500387,0.0
W128,甘肃,风电,life_only,1.3333333333333333,20.0,True,55.0,660000.0,1.0,0.11,0.0,0.30135991439500387,0.0
W1280,河北,风电,life_only,1.3333333333333333,20.0,True,55.0,660000.0,1.0,0.11,0.0,0.30135991439500387,0.0
W1284,河北,风电,life_only,1.3333333333333333,20.0,True,55.0,660000.0,1.0,0.11,0.0,0.30135991439500387,0.0
W129,甘肃,风电,life_only,1.3333333333333333,20.0,True,55.0,660000.0,1.0,0.11,0.0,0.30135991439500387,0.0
W130,甘肃,风电,life_only,1.3333333333333333,20.0,True,55.0,660000.0,1.0,0.11,0.0,0.30135991439500387,0.0
W131,甘肃,风电,life_only,1.3333333333333333,20.0,True,55.0,660000.0,1.0,0.11,0.0,0.30135991439500387,0.0
W132,甘肃,风电,life_only,1.3333333333333333,20.0,True,55.0,660000.0,1.0,0.11,0.0,0.30135991439500387,0.0
W133,甘肃,风电,life_only,1.3333333333333333,20.0,True,55.0,660000.0,1.0,0.11,0.0,0.30135991439500387,0.0
W134,甘肃,风电,life_only,1.3333333333333333,20.0,True,55.0,660000.0,1.0,0.11,0.0,0.30135991439500387,0.0
W1340,河北,风电,life_only,1.3333333333333333,20.0,True,55.0,660000.0,1.0,0.11,0.0,0.30135991439500387,0.0
W1356,河北,风电,life_only,1.3333333333333333,20.0,True,55.0,660000.0,1.0,0.11,0.0,0.30135991439500387,0.0
W1358,河北,风电,life_only,1.3333333333333333,20.0,True,55.0,660000.0,1.0,0.11,0.0,0.30135991439500387,0.0
W136,甘肃,风电,life_only,1.3333333333333333,20.0,True,55.0,660000.0,1.0,0.11,0.0,0.30135991439500387,0.0
W1360,河北,风电,life_only,1.3333333333333333,20.0,True,55.0,660000.0,1.0,0.11,0.0,0.30135991439500387,0.0
W1362,河北,风电,life_only,1.3333333333333333,20.0,True,55.0,660000.0,1.0,0.11,0.0,0.30135991439500387,0.0
W1374,河北,风电,life_only,1.3333333333333333,20.0,True,55.0,660000.0,1.0,0.11,0.0,0.30135991439500387,0.0
W1376,河北,风电,life_only,1.3333333333333333,20.0,True,55.0,660000.0,1.0,0.11,0.0,0.30135991439500387,0.0
W138,甘肃,风电,life_only,1.3333333333333333,20.0,True,55.0,660000.0,1.0,0.11,0.0,0.30135991439500387,0.0
W1387,河北,风电,life_only,1.3333333333333333,20.0,True,55.0,660000.0,1.0,0.11,0.0,0.30135991439500387,0.0
W1389,河北,风电,life_only,1.3333333333333333,20.0,True,55.0,660000.0,1.0,0.11,0.0,0.30135991439500387,0.0
W139,甘肃,风电,life_only,1.3333333333333333,20.0,True,55.0,660000.0,1.0,0.11,0.0,0.30135991439500387,0.0
W140,甘肃,风电,life_only,1.3333333333333333,20.0,True,55.0,660000.0,1.0,0.11,0.0,0.30135991439500387,0.0
W141,甘肃,风电,life_only,1.3333333333333333,20.0,True,55.0,660000.0,1.0,0.11,0.0,0.30135991439500387,0.0
W1482,海南,风电,life_only,1.3333333333333333,20.0,True,55.0,660000.0,1.0,0.11,0.0,0.30135991439500387,0.0
W1483,海南,风电,life_only,1.3333333333333333,20.0,True,55.0,660000.0,1.0,0.11,0.0,0.30135991439500387,0.0
W1502,河北,风电,life_only,1.3333333333333333,20.0,True,55.0,660000.0,1.0,0.11,0.0,0.30135991439500387,0.0
W1509,河北,风电,life_only,1.3333333333333333,20.0,True,55.0,660000.0,1.0,0.11,0.0,0.30135991439500387,0.0
W1529,河北,风电,life_only,1.3333333333333333,20.0,True,55.0,660000.0,1.0,0.11,0.0,0.30135991439500387,0.0
W1603,广西,风电,life_only,1.3333333333333333,20.0,True,55.0,660000.0,1.0,0.11,0.0,0.30135991439500387,0.0
W1612,河北,风电,life_only,1.3333333333333333,20.0,True,55.0,660000.0,1.0,0.11,0.0,0.30135991439500387,0.0
W1686,广西,风电,life_only,1.3333333333333333,20.0,True,55.0,660000.0,1.0,0.11,0.0,0.30135991439500387,0.0
W1769,广西,风电,life_only,1.3333333333333333,20.0,True,55.0,660000.0,1.0,0.11,0.0,0.30135991439500387,0.0
W1774,广西,风电,life_only,1.3333333333333333,20.0,True,55.0,660000.0,1.0,0.11,0.0,0.30135991439500387,0.0
W1866,河北,风电,life_only,1.3333333333333333,20.0,True,55.0,660000.0,1.0,0.11,0.0,0.30135991439500387,0.0
W1875,河北,风电,life_only,1.3333333333333333,20.0,True,55.0,660000.0,1.0,0.11,0.0,0.30135991439500387,0.0
W1883,河北,风电,life_only,1.3333333333333333,20.0,True,55.0,660000.0,1.0,0.11,0.0,0.30135991439500387,0.0
W1887,河北,风电,life_only,1.3333333333333333,20.0,True,55.0,660000.0,1.0,0.11,0.0,0.30135991439500387,0.0
W1892,河北,风电,life_only,1.3333333333333333,20.0,True,55.0,660000.0,1.0,0.11,0.0,0.30135991439500387,0.0
W2206,黑龙江,风电,life_only,1.3333333333333333,20.0,True,55.0,660000.0,1.0,0.11,0.0,0.30135991439500387,0.0
W2208,黑龙江,风电,life_only,1.3333333333333333,20.0,True,55.0,660000.0,1.0,0.11,0.0,0.30135991439500387,0.0
W2214,黑龙江,风电,life_only,1.3333333333333333,20.0,True,55.0,660000.0,1.0,0.11,0.0,0.30135991439500387,0.0
W2237,黑龙江,风电,life_only,1.3333333333333333,20.0,True,55.0,660000.0,1.0,0.11,0.0,0.30135991439500387,0.0
W2263,河北,风电,life_only,1.3333333333333333,20.0,True,55.0,660000.0,1.0,0.11,0.0,0.30135991439500387,0.0
W2266,河北,风电,life_only,1.3333333333333333,20.0,True,55.0,660000.0,1.0,0.11,0.0,0.30135991439500387,0.0
W2269,黑龙江,风电,life_only,1.3333333333333333,20.0,True,55.0,660000.0,1.0,0.11,0.0,0.30135991439500387,0.0
W2282,黑龙江,风电,life_only,1.3333333333333333,20.0,True,55.0,660000.0,1.0,0.11,0.0,0.30135991439500387,0.0
W2377,河北,风电,life_only,1.3333333333333333,20.0,True,55.0,660000.0,1.0,0.11,0.0,0.30135991439500387,0.0
W2379,黑龙江,风电,life_only,1.3333333333333333,20.0,True,55.0,660000.0,1.0,0.11,0.0,0.30135991439500387,0.0
W2383,黑龙江,风电,life_only,1.3333333333333333,20.0,True,55.0,660000.0,1.0,0.11,0.0,0.30135991439500387,0.0
W2404,黑龙江,风电,life_only,1.3333333333333333,20.0,True,55.0,660000.0,1.0,0.11,0.0,0.30135991439500387,0.0
W2420,黑龙江,风电,life_only,1.3333333333333333,20.0,True,55.0,660000.0,1.0,0.11,0.0,0.30135991439500387,0.0
W2431,河北,风电,life_only,1.3333333333333333,20.0,True,55.0,660000.0,1.0,0.11,0.0,0.30135991439500387,0.0
W2436,河北,风电,life_only,1.3333333333333333,20.0,True,55.0,660000.0,1.0,0.11,0.0,0.30135991439500387,0.0
W2441,河北,风电,life_only,1.3333333333333333,20.0,True,55.0,660000.0,1.0,0.11,0.0,0.30135991439500387,0.0
W2455,河北,风电,life_only,1.3333333333333333,20.0,True,55.0,660000.0,1.0,0.11,0.0,0.30135991439500387,0.0
W2456,黑龙江,风电,life_only,1.3333333333333333,20.0,True,55.0,660000.0,1.0,0.11,0.0,0.30135991439500387,0.0
W2461,河北,风电,life_only,1.3333333333333333,20.0,True,55.0,660000.0,1.0,0.11,0.0,0.30135991439500387,0.0
W2465,河北,风电,life_only,1.3333333333333333,20.0,True,55.0,660000.0,1.0,0.11,0.0,0.30135991439500387,0.0
W2466,黑龙江,风电,life_only,1.3333333333333333,20.0,True,55.0,660000.0,1.0,0.11,0.0,0.30135991439500387,0.0
W2471,黑龙江,风电,life_only,1.3333333333333333,20.0,True,55.0,660000.0,1.0,0.11,0.0,0.30135991439500387,0.0
W2475,黑龙江,风电,life_only,1.3333333333333333,20.0,True,55.0,660000.0,1.0,0.11,0.0,0.30135991439500387,0.0
W2482,河北,风电,life_only,1.3333333333333333,20.0,True,55.0,660000.0,1.0,0.11,0.0,0.30135991439500387,0.0
W2488,河北,风电,life_only,1.3333333333333333,20.0,True,55.0,660000.0,1.0,0.11,0.0,0.30135991439500387,0.0
W2495,黑龙江,风电,life_only,1.3333333333333333,20.0,True,55.0,660000.0,1.0,0.11,0.0,0.30135991439500387,0.0
W2497,黑龙江,风电,life_only,1.3333333333333333,20.0,True,55.0,660000.0,1.0,0.11,0.0,0.30135991439500387,0.0
W2504,黑龙江,风电,life_only,1.3333333333333333,20.0,True,55.0,660000.0,1.0,0.11,0.0,0.30135991439500387,0.0
W2507,河北,风电,life_only,1.3333333333333333,20.0,True,55.0,660000.0,1.0,0.11,0.0,0.30135991439500387,0.0
W2515,河北,风电,life_only,1.3333333333333333,20.0,True,55.0,660000.0,1.0,0.11,0.0,0.30135991439500387,0.0
W2524,黑龙江,风电,life_only,1.3333333333333333,20.0,True,55.0,660000.0,1.0,0.11,0.0,0.30135991439500387,0.0
W2525,河北,风电,life_only,1.3333333333333333,20.0,True,55.0,660000.0,1.0,0.11,0.0,0.30135991439500387,0.0
W2553,黑龙江,风电,life_only,1.3333333333333333,20.0,True,55.0,660000.0,1.0,0.11,0.0,0.30135991439500387,0.0
W2567,黑龙江,风电,life_only,1.3333333333333333,20.0,True,55.0,660000.0,1.0,0.11,0.0,0.30135991439500387,0.0
W2577,黑龙江,风电,life_only,1.3333333333333333,20.0,True,55.0,660000.0,1.0,0.11,0.0,0.30135991439500387,0.0
W2590,黑龙江,风电,life_only,1.3333333333333333,20.0,True,55.0,660000.0,1.0,0.11,0.0,0.30135991439500387,0.0
W2604,黑龙江,风电,life_only,1.3333333333333333,20.0,True,55.0,660000.0,1.0,0.11,0.0,0.30135991439500387,0.0
W2610,黑龙江,风电,life_only,1.3333333333333333,20.0,True,55.0,660000.0,1.0,0.11,0.0,0.30135991439500387,0.0
W2622,黑龙江,风电,life_only,1.3333333333333333,20.0,True,55.0,660000.0,1.0,0.11,0.0,0.30135991439500387,0.0
W2626,黑龙江,风电,life_only,1.3333333333333333,20.0,True,55.0,660000.0,1.0,0.11,0.0,0.30135991439500387,0.0
W2638,黑龙江,风电,life_only,1.3333333333333333,20.0,True,55.0,660000.0,1.0,0.11,0.0,0.30135991439500387,0.0
W2648,黑龙江,风电,life_only,1.3333333333333333,20.0,True,55.0,660000.0,1.0,0.11,0.0,0.30135991439500387,0.0
W2655,黑龙江,风电,life_only,1.3333333333333333,20.0,True,55.0,660000.0,1.0,0.11,0.0,0.30135991439500387,0.0
W2670,黑龙江,风电,life_only,1.3333333333333333,20.0,True,55.0,660000.0,1.0,0.11,0.0,0.30135991439500387,0.0
W2693,黑龙江,风电,life_only,1.3333333333333333,20.0,True,55.0,660000.0,1.0,0.11,0.0,0.30135991439500387,0.0
W2703,黑龙江,风电,life_only,1.3333333333333333,20.0,True,55.0,660000.0,1.0,0.11,0.0,0.30135991439500387,0.0
W2708,黑龙江,风电,life_only,1.3333333333333333,20.0,True,55.0,660000.0,1.0,0.11,0.0,0.30135991439500387,0.0
W2736,黑龙江,风电,life_only,1.3333333333333333,20.0,True,55.0,660000.0,1.0,0.11,0.0,0.30135991439500387,0.0
W2751,黑龙江,风电,life_only,1.3333333333333333,20.0,True,55.0,660000.0,1.0,0.11,0.0,0.30135991439500387,0.0
W2766,黑龙江,风电,life_only,1.3333333333333333,20.0,True,55.0,660000.0,1.0,0.11,0.0,0.30135991439500387,0.0
W2780,河北,风电,life_only,1.3333333333333333,20.0,True,55.0,660000.0,1.0,0.11,0.0,0.30135991439500387,0.0
W2781,黑龙江,风电,life_only,1.3333333333333333,20.0,True,55.0,660000.0,1.0,0.11,0.0,0.30135991439500387,0.0
W2786,河北,风电,life_only,1.3333333333333333,20.0,True,55.0,660000.0,1.0,0.11,0.0,0.30135991439500387,0.0
W2790,黑龙江,风电,life_only,1.3333333333333333,20.0,True,55.0,660000.0,1.0,0.11,0.0,0.30135991439500387,0.0
W2792,河北,风电,life_only,1.3333333333333333,20.0,True,55.0,660000.0,1.0,0.11,0.0,0.30135991439500387,0.0
W2797,河北,风电,life_only,1.3333333333333333,20.0,True,55.0,660000.0,1.0,0.11,0.0,0.30135991439500387,0.0
W2803,黑龙江,风电,life_only,1.3333333333333333,20.0,True,55.0,660000.0,1.0,0.11,0.0,0.30135991439500387,0.0
W2813,黑龙江,风电,life_only,1.3333333333333333,20.0,True,55.0,660000.0,1.0,0.11,0.0,0.30135991439500387,0.0
W2820,黑龙江,风电,life_only,1.3333333333333333,20.0,True,55.0,660000.0,1.0,0.11,0.0,0.30135991439500387,0.0
W2822,黑龙江,风电,life_only,1.3333333333333333,20.0,True,55.0,660000.0,1.0,0.11,0.0,0.30135991439500387,0.0
W2824,黑龙江,风电,life_only,1.3333333333333333,20.0,True,55.0,660000.0,1.0,0.11,0.0,0.30135991439500387,0.0
W2833,黑龙江,风电,life_only,1.3333333333333333,20.0,True,55.0,660000.0,1.0,0.11,0.0,0.30135991439500387,0.0
W2843,黑龙江,风电,life_only,1.3333333333333333,20.0,True,55.0,660000.0,1.0,0.11,0.0,0.30135991439500387,0.0
W2845,黑龙江,风电,life_only,1.3333333333333333,20.0,True,55.0,660000.0,1.0,0.11,0.0,0.30135991439500387,0.0
W2869,黑龙江,风电,life_only,1.3333333333333333,20.0,True,55.0,660000.0,1.0,0.11,0.0,0.30135991439500387,0.0
W2877,黑龙江,风电,life_only,1.3333333333333333,20.0,True,55.0,660000.0,1.0,0.11,0.0,0.30135991439500387,0.0
W2902,黑龙江,风电,life_only,1.3333333333333333,20.0,True,55.0,660000.0,1.0,0.11,0.0,0.30135991439500387,0.0
W2907,黑龙江,风电,life_only,1.3333333333333333,20.0,True,55.0,660000.0,1.0,0.11,0.0,0.30135991439500387,0.0
W2911,黑龙江,风电,life_only,1.3333333333333333,20.0,True,55.0,660000.0,1.0,0.11,0.0,0.30135991439500387,0.0
W2919,黑龙江,风电,life_only,1.3333333333333333,20.0,True,55.0,660000.0,1.0,0.11,0.0,0.30135991439500387,0.0
W2924,黑龙江,风电,life_only,1.3333333333333333,20.0,True,55.0,660000.0,1.0,0.11,0.0,0.30135991439500387,0.0
W2934,黑龙江,风电,life_only,1.3333333333333333,20.0,True,55.0,660000.0,1.0,0.11,0.0,0.30135991439500387,0.0
W2966,黑龙江,风电,life_only,1.3333333333333333,20.0,True,55.0,660000.0,1.0,0.11,0.0,0.30135991439500387,0.0
W2967,黑龙江,风电,life_only,1.3333333333333333,20.0,True,55.0,660000.0,1.0,0.11,0.0,0.30135991439500387,0.0
W2970,黑龙江,风电,life_only,1.3333333333333333,20.0,True,55.0,660000.0,1.0,0.11,0.0,0.30135991439500387,0.0
W2972,黑龙江,风电,life_only,1.3333333333333333,20.0,True,55.0,660000.0,1.0,0.11,0.0,0.30135991439500387,0.0
W2975,黑龙江,风电,life_only,1.3333333333333333,20.0,True,55.0,660000.0,1.0,0.11,0.0,0.30135991439500387,0.0
W2978,黑龙江,风电,life_only,1.3333333333333333,20.0,True,55.0,660000.0,1.0,0.11,0.0,0.30135991439500387,0.0
W2979,黑龙江,风电,life_only,1.3333333333333333,20.0,True,55.0,660000.0,1.0,0.11,0.0,0.30135991439500387,0.0
W3240,内蒙古,风电,life_only,1.3333333333333333,20.0,True,55.0,660000.0,1.0,0.11,0.0,0.30135991439500387,0.0
W3243,湖南,风电,life_only,1.3333333333333333,20.0,True,55.0,660000.0,1.0,0.11,0.0,0.30135991439500387,0.0
W3274,内蒙古,风电,life_only,1.3333333333333333,20.0,True,55.0,660000.0,1.0,0.11,0.0,0.30135991439500387,0.0
W3282,内蒙古,风电,life_only,1.3333333333333333,20.0,True,55.0,660000.0,1.0,0.11,0.0,0.30135991439500387,0.0
W3410,湖南,风电,life_only,1.3333333333333333,20.0,True,55.0,660000.0,1.0,0.11,0.0,0.30135991439500387,0.0
W3447,湖南,风电,life_only,1.3333333333333333,20.0,True,55.0,660000.0,1.0,0.11,0.0,0.30135991439500387,0.0
W3449,湖南,风电,life_only,1.3333333333333333,20.0,True,55.0,660000.0,1.0,0.11,0.0,0.30135991439500387,0.0
W3459,湖南,风电,life_only,1.3333333333333333,20.0,True,55.0,660000.0,1.0,0.11,0.0,0.30135991439500387,0.0
W3463,湖南,风电,life_only,1.3333333333333333,20.0,True,55.0,660000.0,1.0,0.11,0.0,0.30135991439500387,0.0
W3983,湖南,风电,life_only,1.3333333333333333,20.0,True,55.0,660000.0,1.0,0.11,0.0,0.30135991439500387,0.0
W4047,内蒙古,风电,life_only,1.3333333333333333,20.0,True,55.0,660000.0,1.0,0.11,0.0,0.30135991439500387,0.0
W4050,内蒙古,风电,life_only,1.3333333333333333,20.0,True,55.0,660000.0,1.0,0.11,0.0,0.30135991439500387,0.0
W4054,内蒙古,风电,life_only,1.3333333333333333,20.0,True,55.0,660000.0,1.0,0.11,0.0,0.30135991439500387,0.0
W4062,内蒙古,风电,life_only,1.3333333333333333,20.0,True,55.0,660000.0,1.0,0.11,0.0,0.30135991439500387,0.0
W4101,内蒙古,风电,life_only,1.3333333333333333,20.0,True,55.0,660000.0,1.0,0.11,0.0,0.30135991439500387,0.0
W4230,内蒙古,风电,life_only,1.3333333333333333,20.0,True,55.0,660000.0,1.0,0.11,0.0,0.30135991439500387,0.0
W4253,内蒙古,风电,life_only,1.3333333333333333,20.0,True,55.0,660000.0,1.0,0.11,0.0,0.30135991439500387,0.0
W4268,内蒙古,风电,life_only,1.3333333333333333,20.0,True,55.0,660000.0,1.0,0.11,0.0,0.30135991439500387,0.0
W4304,内蒙古,风电,life_only,1.3333333333333333,20.0,True,55.0,660000.0,1.0,0.11,0.0,0.30135991439500387,0.0
W4313,内蒙古,风电,life_only,1.3333333333333333,20.0,True,55.0,660000.0,1.0,0.11,0.0,0.30135991439500387,0.0
W4386,内蒙古,风电,life_only,1.3333333333333333,20.0,True,55.0,660000.0,1.0,0.11,0.0,0.30135991439500387,0.0
W4461,内蒙古,风电,life_only,1.3333333333333333,20.0,True,55.0,660000.0,1.0,0.11,0.0,0.30135991439500387,0.0
W4475,内蒙古,风电,life_only,1.3333333333333333,20.0,True,55.0,660000.0,1.0,0.11,0.0,0.30135991439500387,0.0
W4484,内蒙古,风电,life_only,1.3333333333333333,20.0,True,55.0,660000.0,1.0,0.11,0.0,0.30135991439500387,0.0
W4505,内蒙古,风电,life_only,1.3333333333333333,20.0,True,55.0,660000.0,1.0,0.11,0.0,0.30135991439500387,0.0
W4510,内蒙古,风电,life_only,1.3333333333333333,20.0,True,55.0,660000.0,1.0,0.11,0.0,0.30135991439500387,0.0
W4517,内蒙古,风电,life_only,1.3333333333333333,20.0,True,55.0,660000.0,1.0,0.11,0.0,0.30135991439500387,0.0
W4522,内蒙古,风电,life_only,1.3333333333333333,20.0,True,55.0,660000.0,1.0,0.11,0.0,0.30135991439500387,0.0
W4534,内蒙古,风电,life_only,1.3333333333333333,20.0,True,55.0,660000.0,1.0,0.11,0.0,0.30135991439500387,0.0
W4548,内蒙古,风电,life_only,1.3333333333333333,20.0,True,55.0,660000.0,1.0,0.11,0.0,0.30135991439500387,0.0
W4551,内蒙古,风电,life_only,1.3333333333333333,20.0,True,55.0,660000.0,1.0,0.11,0.0,0.30135991439500387,0.0
W4588,内蒙古,风电,life_only,1.3333333333333333,20.0,True,55.0,660000.0,1.0,0.11,0.0,0.30135991439500387,0.0
W4603,内蒙古,风电,life_only,1.3333333333333333,20.0,True,55.0,660000.0,1.0,0.11,0.0,0.30135991439500387,0.0
W4611,内蒙古,风电,life_only,1.3333333333333333,20.0,True,55.0,660000.0,1.0,0.11,0.0,0.30135991439500387,0.0
W4721,内蒙古,风电,life_only,1.3333333333333333,20.0,True,55.0,660000.0,1.0,0.11,0.0,0.30135991439500387,0.0
W4736,内蒙古,风电,life_only,1.3333333333333333,20.0,True,55.0,660000.0,1.0,0.11,0.0,0.30135991439500387,0.0
W4753,内蒙古,风电,life_only,1.3333333333333333,20.0,True,55.0,660000.0,1.0,0.11,0.0,0.30135991439500387,0.0
W4783,内蒙古,风电,life_only,1.3333333333333333,20.0,True,55.0,660000.0,1.0,0.11,0.0,0.30135991439500387,0.0
W4791,内蒙古,风电,life_only,1.3333333333333333,20.0,True,55.0,660000.0,1.0,0.11,0.0,0.30135991439500387,0.0
W4807,内蒙古,风电,life_only,1.3333333333333333,20.0,True,55.0,660000.0,1.0,0.11,0.0,0.30135991439500387,0.0
W4808,内蒙古,风电,life_only,1.3333333333333333,20.0,True,55.0,660000.0,1.0,0.11,0.0,0.30135991439500387,0.0
W4814,内蒙古,风电,life_only,1.3333333333333333,20.0,True,55.0,660000.0,1.0,0.11,0.0,0.30135991439500387,0.0
W4815,内蒙古,风电,life_only,1.3333333333333333,20.0,True,55.0,660000.0,1.0,0.11,0.0,0.30135991439500387,0.0
W4832,内蒙古,风电,life_only,1.3333333333333333,20.0,True,55.0,660000.0,1.0,0.11,0.0,0.30135991439500387,0.0
W4837,内蒙古,风电,life_only,1.3333333333333333,20.0,True,55.0,660000.0,1.0,0.11,0.0,0.30135991439500387,0.0
W4852,内蒙古,风电,life_only,1.3333333333333333,20.0,True,55.0,660000.0,1.0,0.11,0.0,0.30135991439500387,0.0
W4875,内蒙古,风电,life_only,1.3333333333333333,20.0,True,55.0,660000.0,1.0,0.11,0.0,0.30135991439500387,0.0
W4888,内蒙古,风电,life_only,1.3333333333333333,20.0,True,55.0,660000.0,1.0,0.11,0.0,0.30135991439500387,0.0
W4968,内蒙古,风电,life_only,1.3333333333333333,20.0,True,55.0,660000.0,1.0,0.11,0.0,0.30135991439500387,0.0
W4991,内蒙古,风电,life_only,1.3333333333333333,20.0,True,55.0,660000.0,1.0,0.11,0.0,0.30135991439500387,0.0
W5005,青海,风电,life_only,1.3333333333333333,20.0,True,55.0,660000.0,1.0,0.11,0.0,0.30135991439500387,0.0
W5007,青海,风电,life_only,1.3333333333333333,20.0,True,55.0,660000.0,1.0,0.11,0.0,0.30135991439500387,0.0
W5009,青海,风电,life_only,1.3333333333333333,20.0,True,55.0,660000.0,1.0,0.11,0.0,0.30135991439500387,0.0
W5010,青海,风电,life_only,1.3333333333333333,20.0,True,55.0,660000.0,1.0,0.11,0.0,0.30135991439500387,0.0
W5014,青海,风电,life_only,1.3333333333333333,20.0,True,55.0,660000.0,1.0,0.11,0.0,0.30135991439500387,0.0
W5019,青海,风电,life_only,1.3333333333333333,20.0,True,55.0,660000.0,1.0,0.11,0.0,0.30135991439500387,0.0
W5021,青海,风电,life_only,1.3333333333333333,20.0,True,55.0,660000.0,1.0,0.11,0.0,0.30135991439500387,0.0
W5022,青海,风电,life_only,1.3333333333333333,20.0,True,55.0,660000.0,1.0,0.11,0.0,0.30135991439500387,0.0
W5025,青海,风电,life_only,1.3333333333333333,20.0,True,55.0,660000.0,1.0,0.11,0.0,0.30135991439500387,0.0
W503,甘肃,风电,life_only,1.3333333333333333,20.0,True,55.0,660000.0,1.0,0.11,0.0,0.30135991439500387,0.0
W5035,青海,风电,life_only,1.3333333333333333,20.0,True,55.0,660000.0,1.0,0.11,0.0,0.30135991439500387,0.0
W5112,辽宁,风电,life_only,1.3333333333333333,20.0,True,55.0,660000.0,1.0,0.11,0.0,0.30135991439500387,0.0
W5190,辽宁,风电,life_only,1.3333333333333333,20.0,True,55.0,660000.0,1.0,0.11,0.0,0.30135991439500387,0.0
W5243,辽宁,风电,life_only,1.3333333333333333,20.0,True,55.0,660000.0,1.0,0.11,0.0,0.30135991439500387,0.0
W5305,辽宁,风电,life_only,1.3333333333333333,20.0,True,55.0,660000.0,1.0,0.11,0.0,0.30135991439500387,0.0
W5423,辽宁,风电,life_only,1.3333333333333333,20.0,True,55.0,660000.0,1.0,0.11,0.0,0.30135991439500387,0.0
W5501,山东,风电,life_only,1.3333333333333333,20.0,True,55.0,660000.0,1.0,0.11,0.0,0.30135991439500387,0.0
W5754,青海,风电,life_only,1.3333333333333333,20.0,True,55.0,660000.0,1.0,0.11,0.0,0.30135991439500387,0.0
W5824,吉林,风电,life_only,1.3333333333333333,20.0,True,55.0,660000.0,1.0,0.11,0.0,0.30135991439500387,0.0
W583,甘肃,风电,life_only,1.3333333333333333,20.0,True,55.0,660000.0,1.0,0.11,0.0,0.30135991439500387,0.0
W584,甘肃,风电,life_only,1.3333333333333333,20.0,True,55.0,660000.0,1.0,0.11,0.0,0.30135991439500387,0.0
W585,甘肃,风电,life_only,1.3333333333333333,20.0,True,55.0,660000.0,1.0,0.11,0.0,0.30135991439500387,0.0
W5940,青海,风电,life_only,1.3333333333333333,20.0,True,55.0,660000.0,1.0,0.11,0.0,0.30135991439500387,0.0
W5948,吉林,风电,life_only,1.3333333333333333,20.0,True,55.0,660000.0,1.0,0.11,0.0,0.30135991439500387,0.0
W5967,辽宁,风电,life_only,1.3333333333333333,20.0,True,55.0,660000.0,1.0,0.11,0.0,0.30135991439500387,0.0
W6268,山西,风电,life_only,1.3333333333333333,20.0,True,55.0,660000.0,1.0,0.11,0.0,0.30135991439500387,0.0
W6270,山西,风电,life_only,1.3333333333333333,20.0,True,55.0,660000.0,1.0,0.11,0.0,0.30135991439500387,0.0
W6271,山西,风电,life_only,1.3333333333333333,20.0,True,55.0,660000.0,1.0,0.11,0.0,0.30135991439500387,0.0
W629,甘肃,风电,life_only,1.3333333333333333,20.0,True,55.0,660000.0,1.0,0.11,0.0,0.30135991439500387,0.0
W6339,山东,风电,life_only,1.3333333333333333,20.0,True,55.0,660000.0,1.0,0.11,0.0,0.30135991439500387,0.0
W6375,山东,风电,life_only,1.3333333333333333,20.0,True,55.0,660000.0,1.0,0.11,0.0,0.30135991439500387,0.0
W6384,山东,风电,life_only,1.3333333333333333,20.0,True,55.0,660000.0,1.0,0.11,0.0,0.30135991439500387,0.0
W6386,山东,风电,life_only,1.3333333333333333,20.0,True,55.0,660000.0,1.0,0.11,0.0,0.30135991439500387,0.0
W6452,山西,风电,life_only,1.3333333333333333,20.0,True,55.0,660000.0,1.0,0.11,0.0,0.30135991439500387,0.0
W6550,山西,风电,life_only,1.3333333333333333,20.0,True,55.0,660000.0,1.0,0.11,0.0,0.30135991439500387,0.0
W6710,山西,风电,life_only,1.3333333333333333,20.0,True,55.0,660000.0,1.0,0.11,0.0,0.30135991439500387,0.0
W6723,山西,风电,life_only,1.3333333333333333,20.0,True,55.0,660000.0,1.0,0.11,0.0,0.30135991439500387,0.0
W6906,山西,风电,life_only,1.3333333333333333,20.0,True,55.0,660000.0,1.0,0.11,0.0,0.30135991439500387,0.0
W6910,山东,风电,life_only,1.3333333333333333,20.0,True,55.0,660000.0,1.0,0.11,0.0,0.30135991439500387,0.0
W6914,山西,风电,life_only,1.3333333333333333,20.0,True,55.0,660000.0,1.0,0.11,0.0,0.30135991439500387,0.0
W6915,山西,风电,life_only,1.3333333333333333,20.0,True,55.0,660000.0,1.0,0.11,0.0,0.30135991439500387,0.0
W6918,山东,风电,life_only,1.3333333333333333,20.0,True,55.0,660000.0,1.0,0.11,0.0,0.30135991439500387,0.0
W6931,山东,风电,life_only,1.3333333333333333,20.0,True,55.0,660000.0,1.0,0.11,0.0,0.30135991439500387,0.0
W6937,山东,风电,life_only,1.3333333333333333,20.0,True,55.0,660000.0,1.0,0.11,0.0,0.30135991439500387,0.0
W6945,山东,风电,life_only,1.3333333333333333,20.0,True,55.0,660000.0,1.0,0.11,0.0,0.30135991439500387,0.0
W6954,山东,风电,life_only,1.3333333333333333,20.0,True,55.0,660000.0,1.0,0.11,0.0,0.30135991439500387,0.0
W6956,山东,风电,life_only,1.3333333333333333,20.0,True,55.0,660000.0,1.0,0.11,0.0,0.30135991439500387,0.0
W7010,新疆,风电,life_only,1.3333333333333333,20.0,True,55.0,660000.0,1.0,0.11,0.0,0.30135991439500387,0.0
W7013,新疆,风电,life_only,1.3333333333333333,20.0,True,55.0,660000.0,1.0,0.11,0.0,0.30135991439500387,0.0
W7016,新疆,风电,life_only,1.3333333333333333,20.0,True,55.0,660000.0,1.0,0.11,0.0,0.30135991439500387,0.0
W7058,山西,风电,life_only,1.3333333333333333,20.0,True,55.0,660000.0,1.0,0.11,0.0,0.30135991439500387,0.0
W7080,山西,风电,life_only,1.3333333333333333,20.0,True,55.0,660000.0,1.0,0.11,0.0,0.30135991439500387,0.0
W7118,山西,风电,life_only,1.3333333333333333,20.0,True,55.0,660000.0,1.0,0.11,0.0,0.30135991439500387,0.0
W7124,山西,风电,life_only,1.3333333333333333,20.0,True,55.0,660000.0,1.0,0.11,0.0,0.30135991439500387,0.0
W7125,山西,风电,life_only,1.3333333333333333,20.0,True,55.0,660000.0,1.0,0.11,0.0,0.30135991439500387,0.0
W7127,山西,风电,life_only,1.3333333333333333,20.0,True,55.0,660000.0,1.0,0.11,0.0,0.30135991439500387,0.0
W7194,新疆,风电,life_only,1.3333333333333333,20.0,True,55.0,660000.0,1.0,0.11,0.0,0.30135991439500387,0.0
W7196,山西,风电,life_only,1.3333333333333333,20.0,True,55.0,660000.0,1.0,0.11,0.0,0.30135991439500387,0.0
W7208,新疆,风电,life_only,1.3333333333333333,20.0,True,55.0,660000.0,1.0,0.11,0.0,0.30135991439500387,0.0
W7213,新疆,风电,life_only,1.3333333333333333,20.0,True,55.0,660000.0,1.0,0.11,0.0,0.30135991439500387,0.0
W7224,新疆,风电,life_only,1.3333333333333333,20.0,True,55.0,660000.0,1.0,0.11,0.0,0.30135991439500387,0.0
W7233,新疆,风电,life_only,1.3333333333333333,20.0,True,55.0,660000.0,1.0,0.11,0.0,0.30135991439500387,0.0
W7243,新疆,风电,life_only,1.3333333333333333,20.0,True,55.0,660000.0,1.0,0.11,0.0,0.30135991439500387,0.0
W7245,新疆,风电,life_only,1.3333333333333333,20.0,True,55.0,660000.0,1.0,0.11,0.0,0.30135991439500387,0.0
W7248,山西,风电,life_only,1.3333333333333333,20.0,True,55.0,660000.0,1.0,0.11,0.0,0.30135991439500387,0.0
W7253,山西,风电,life_only,1.3333333333333333,20.0,True,55.0,660000.0,1.0,0.11,0.0,0.30135991439500387,0.0
W7256,新疆,风电,life_only,1.3333333333333333,20.0,True,55.0,660000.0,1.0,0.11,0.0,0.30135991439500387,0.0
W7258,新疆,风电,life_only,1.3333333333333333,20.0,True,55.0,660000.0,1.0,0.11,0.0,0.30135991439500387,0.0
W7260,山西,风电,life_only,1.3333333333333333,20.0,True,55.0,660000.0,1.0,0.11,0.0,0.30135991439500387,0.0
W7268,新疆,风电,life_only,1.3333333333333333,20.0,True,55.0,660000.0,1.0,0.11,0.0,0.30135991439500387,0.0
W7269,山西,风电,life_only,1.3333333333333333,20.0,True,55.0,660000.0,1.0,0.11,0.0,0.30135991439500387,0.0
W7273,新疆,风电,life_only,1.3333333333333333,20.0,True,55.0,660000.0,1.0,0.11,0.0,0.30135991439500387,0.0
W7276,新疆,风电,life_only,1.3333333333333333,20.0,True,55.0,660000.0,1.0,0.11,0.0,0.30135991439500387,0.0
W7277,山西,风电,life_only,1.3333333333333333,20.0,True,55.0,660000.0,1.0,0.11,0.0,0.30135991439500387,0.0
W7285,新疆,风电,life_only,1.3333333333333333,20.0,True,55.0,660000.0,1.0,0.11,0.0,0.30135991439500387,0.0
W7287,新疆,风电,life_only,1.3333333333333333,20.0,True,55.0,660000.0,1.0,0.11,0.0,0.30135991439500387,0.0
W7371,山西,风电,life_only,1.3333333333333333,20.0,True,55.0,660000.0,1.0,0.11,0.0,0.30135991439500387,0.0
W7380,新疆,风电,life_only,1.3333333333333333,20.0,True,55.0,660000.0,1.0,0.11,0.0,0.30135991439500387,0.0
W7381,新疆,风电,life_only,1.3333333333333333,20.0,True,55.0,660000.0,1.0,0.11,0.0,0.30135991439500387,0.0
W7382,山西,风电,life_only,1.3333333333333333,20.0,True,55.0,660000.0,1.0,0.11,0.0,0.30135991439500387,0.0
W7383,新疆,风电,life_only,1.3333333333333333,20.0,True,55.0,660000.0,1.0,0.11,0.0,0.30135991439500387,0.0
W7399,新疆,风电,life_only,1.3333333333333333,20.0,True,55.0,660000.0,1.0,0.11,0.0,0.30135991439500387,0.0
W7408,山西,风电,life_only,1.3333333333333333,20.0,True,55.0,660000.0,1.0,0.11,0.0,0.30135991439500387,0.0
W7410,新疆,风电,life_only,1.3333333333333333,20.0,True,55.0,660000.0,1.0,0.11,0.0,0.30135991439500387,0.0
W7421,新疆,风电,life_only,1.3333333333333333,20.0,True,55.0,660000.0,1.0,0.11,0.0,0.30135991439500387,0.0
W7422,新疆,风电,life_only,1.3333333333333333,20.0,True,55.0,660000.0,1.0,0.11,0.0,0.30135991439500387,0.0
W7424,新疆,风电,life_only,1.3333333333333333,20.0,True,55.0,660000.0,1.0,0.11,0.0,0.30135991439500387,0.0
W7431,新疆,风电,life_only,1.3333333333333333,20.0,True,55.0,660000.0,1.0,0.11,0.0,0.30135991439500387,0.0
W7438,新疆,风电,life_only,1.3333333333333333,20.0,True,55.0,660000.0,1.0,0.11,0.0,0.30135991439500387,0.0
W7447,新疆,风电,life_only,1.3333333333333333,20.0,True,55.0,660000.0,1.0,0.11,0.0,0.30135991439500387,0.0
W7460,新疆,风电,life_only,1.3333333333333333,20.0,True,55.0,660000.0,1.0,0.11,0.0,0.30135991439500387,0.0
W7468,新疆,风电,life_only,1.3333333333333333,20.0,True,55.0,660000.0,1.0,0.11,0.0,0.30135991439500387,0.0
W7470,新疆,风电,life_only,1.3333333333333333,20.0,True,55.0,660000.0,1.0,0.11,0.0,0.30135991439500387,0.0
W7474,山西,风电,life_only,1.3333333333333333,20.0,True,55.0,660000.0,1.0,0.11,0.0,0.30135991439500387,0.0
W7477,新疆,风电,life_only,1.3333333333333333,20.0,True,55.0,660000.0,1.0,0.11,0.0,0.30135991439500387,0.0
W7480,新疆,风电,life_only,1.3333333333333333,20.0,True,55.0,660000.0,1.0,0.11,0.0,0.30135991439500387,0.0
W7487,新疆,风电,life_only,1.3333333333333333,20.0,True,55.0,660000.0,1.0,0.11,0.0,0.30135991439500387,0.0
W7492,山西,风电,life_only,1.3333333333333333,20.0,True,55.0,660000.0,1.0,0.11,0.0,0.30135991439500387,0.0
W7495,新疆,风电,life_only,1.3333333333333333,20.0,True,55.0,660000.0,1.0,0.11,0.0,0.30135991439500387,0.0
W7508,新疆,风电,life_only,1.3333333333333333,20.0,True,55.0,660000.0,1.0,0.11,0.0,0.30135991439500387,0.0
W7514,山西,风电,life_only,1.3333333333333333,20.0,True,55.0,660000.0,1.0,0.11,0.0,0.30135991439500387,0.0
W7515,山西,风电,life_only,1.3333333333333333,20.0,True,55.0,660000.0,1.0,0.11,0.0,0.30135991439500387,0.0
W7516,新疆,风电,life_only,1.3333333333333333,20.0,True,55.0,660000.0,1.0,0.11,0.0,0.30135991439500387,0.0
W7520,山西,风电,life_only,1.3333333333333333,20.0,True,55.0,660000.0,1.0,0.11,0.0,0.30135991439500387,0.0
W7521,山西,风电,life_only,1.3333333333333333,20.0,True,55.0,660000.0,1.0,0.11,0.0,0.30135991439500387,0.0
W7522,新疆,风电,life_only,1.3333333333333333,20.0,True,55.0,660000.0,1.0,0.11,0.0,0.30135991439500387,0.0
W7535,山西,风电,life_only,1.3333333333333333,20.0,True,55.0,660000.0,1.0,0.11,0.0,0.30135991439500387,0.0
W7545,新疆,风电,life_only,1.3333333333333333,20.0,True,55.0,660000.0,1.0,0.11,0.0,0.30135991439500387,0.0
W7546,新疆,风电,life_only,1.3333333333333333,20.0,True,55.0,660000.0,1.0,0.11,0.0,0.30135991439500387,0.0
W7552,新疆,风电,life_only,1.3333333333333333,20.0,True,55.0,660000.0,1.0,0.11,0.0,0.30135991439500387,0.0
W7559,新疆,风电,life_only,1.3333333333333333,20.0,True,55.0,660000.0,1.0,0.11,0.0,0.30135991439500387,0.0
W7560,新疆,风电,life_only,1.3333333333333333,20.0,True,55.0,660000.0,1.0,0.11,0.0,0.30135991439500387,0.0
W7567,新疆,风电,life_only,1.3333333333333333,20.0,True,55.0,660000.0,1.0,0.11,0.0,0.30135991439500387,0.0
W7568,新疆,风电,life_only,1.3333333333333333,20.0,True,55.0,660000.0,1.0,0.11,0.0,0.30135991439500387,0.0
W7571,山西,风电,life_only,1.3333333333333333,20.0,True,55.0,660000.0,1.0,0.11,0.0,0.30135991439500387,0.0
W7578,新疆,风电,life_only,1.3333333333333333,20.0,True,55.0,660000.0,1.0,0.11,0.0,0.30135991439500387,0.0
W7592,新疆,风电,life_only,1.3333333333333333,20.0,True,55.0,660000.0,1.0,0.11,0.0,0.30135991439500387,0.0
W7600,新疆,风电,life_only,1.3333333333333333,20.0,True,55.0,660000.0,1.0,0.11,0.0,0.30135991439500387,0.0
W7603,山西,风电,life_only,1.3333333333333333,20.0,True,55.0,660000.0,1.0,0.11,0.0,0.30135991439500387,0.0
W7606,新疆,风电,life_only,1.3333333333333333,20.0,True,55.0,660000.0,1.0,0.11,0.0,0.30135991439500387,0.0
W7611,山西,风电,life_only,1.3333333333333333,20.0,True,55.0,660000.0,1.0,0.11,0.0,0.30135991439500387,0.0
W7626,山西,风电,life_only,1.3333333333333333,20.0,True,55.0,660000.0,1.0,0.11,0.0,0.30135991439500387,0.0
W7639,山西,风电,life_only,1.3333333333333333,20.0,True,55.0,660000.0,1.0,0.11,0.0,0.30135991439500387,0.0
W7661,山西,风电,life_only,1.3333333333333333,20.0,True,55.0,660000.0,1.0,0.11,0.0,0.30135991439500387,0.0
W7664,新疆,风电,life_only,1.3333333333333333,20.0,True,55.0,660000.0,1.0,0.11,0.0,0.30135991439500387,0.0
W7672,新疆,风电,life_only,1.3333333333333333,20.0,True,55.0,660000.0,1.0,0.11,0.0,0.30135991439500387,0.0
W7680,新疆,风电,life_only,1.3333333333333333,20.0,True,55.0,660000.0,1.0,0.11,0.0,0.30135991439500387,0.0
W7683,新疆,风电,life_only,1.3333333333333333,20.0,True,55.0,660000.0,1.0,0.11,0.0,0.30135991439500387,0.0
W7693,山西,风电,life_only,1.3333333333333333,20.0,True,55.0,660000.0,1.0,0.11,0.0,0.30135991439500387,0.0
W7700,山西,风电,life_only,1.3333333333333333,20.0,True,55.0,660000.0,1.0,0.11,0.0,0.30135991439500387,0.0
W7725,新疆,风电,life_only,1.3333333333333333,20.0,True,55.0,660000.0,1.0,0.11,0.0,0.30135991439500387,0.0
W7727,新疆,风电,life_only,1.3333333333333333,20.0,True,55.0,660000.0,1.0,0.11,0.0,0.30135991439500387,0.0
W7735,新疆,风电,life_only,1.3333333333333333,20.0,True,55.0,660000.0,1.0,0.11,0.0,0.30135991439500387,0.0
W7754,山西,风电,life_only,1.3333333333333333,20.0,True,55.0,660000.0,1.0,0.11,0.0,0.30135991439500387,0.0
W7757,新疆,风电,life_only,1.3333333333333333,20.0,True,55.0,660000.0,1.0,0.11,0.0,0.30135991439500387,0.0
W7776,新疆,风电,life_only,1.3333333333333333,20.0,True,55.0,660000.0,1.0,0.11,0.0,0.30135991439500387,0.0
W7784,新疆,风电,life_only,1.3333333333333333,20.0,True,55.0,660000.0,1.0,0.11,0.0,0.30135991439500387,0.0
W7787,新疆,风电,life_only,1.3333333333333333,20.0,True,55.0,660000.0,1.0,0.11,0.0,0.30135991439500387,0.0
W7788,山西,风电,life_only,1.3333333333333333,20.0,True,55.0,660000.0,1.0,0.11,0.0,0.30135991439500387,0.0
W7789,山西,风电,life_only,1.3333333333333333,20.0,True,55.0,660000.0,1.0,0.11,0.0,0.30135991439500387,0.0
W7794,山西,风电,life_only,1.3333333333333333,20.0,True,55.0,660000.0,1.0,0.11,0.0,0.30135991439500387,0.0
W7799,山西,风电,life_only,1.3333333333333333,20.0,True,55.0,660000.0,1.0,0.11,0.0,0.30135991439500387,0.0
W7804,新疆,风电,life_only,1.3333333333333333,20.0,True,55.0,660000.0,1.0,0.11,0.0,0.30135991439500387,0.0
W7806,新疆,风电,life_only,1.3333333333333333,20.0,True,55.0,660000.0,1.0,0.11,0.0,0.30135991439500387,0.0
W7812,山西,风电,life_only,1.3333333333333333,20.0,True,55.0,660000.0,1.0,0.11,0.0,0.30135991439500387,0.0
W7816,新疆,风电,life_only,1.3333333333333333,20.0,True,55.0,660000.0,1.0,0.11,0.0,0.30135991439500387,0.0
W7828,新疆,风电,life_only,1.3333333333333333,20.0,True,55.0,660000.0,1.0,0.11,0.0,0.30135991439500387,0.0
W7838,山西,风电,life_only,1.3333333333333333,20.0,True,55.0,660000.0,1.0,0.11,0.0,0.30135991439500387,0.0
W7844,新疆,风电,life_only,1.3333333333333333,20.0,True,55.0,660000.0,1.0,0.11,0.0,0.30135991439500387,0.0
W7846,山西,风电,life_only,1.3333333333333333,20.0,True,55.0,660000.0,1.0,0.11,0.0,0.30135991439500387,0.0
W7850,山西,风电,life_only,1.3333333333333333,20.0,True,55.0,660000.0,1.0,0.11,0.0,0.30135991439500387,0.0
W7851,新疆,风电,life_only,1.3333333333333333,20.0,True,55.0,660000.0,1.0,0.11,0.0,0.30135991439500387,0.0
W7852,山西,风电,life_only,1.3333333333333333,20.0,True,55.0,660000.0,1.0,0.11,0.0,0.30135991439500387,0.0
W7865,新疆,风电,life_only,1.3333333333333333,20.0,True,55.0,660000.0,1.0,0.11,0.0,0.30135991439500387,0.0
W7877,山西,风电,life_only,1.3333333333333333,20.0,True,55.0,660000.0,1.0,0.11,0.0,0.30135991439500387,0.0
W7883,新疆,风电,life_only,1.3333333333333333,20.0,True,55.0,660000.0,1.0,0.11,0.0,0.30135991439500387,0.0
W7884,山西,风电,life_only,1.3333333333333333,20.0,True,55.0,660000.0,1.0,0.11,0.0,0.30135991439500387,0.0
W7890,新疆,风电,life_only,1.3333333333333333,20.0,True,55.0,660000.0,1.0,0.11,0.0,0.30135991439500387,0.0
W7927,新疆,风电,life_only,1.3333333333333333,20.0,True,55.0,660000.0,1.0,0.11,0.0,0.30135991439500387,0.0
W7935,山西,风电,life_only,1.3333333333333333,20.0,True,55.0,660000.0,1.0,0.11,0.0,0.30135991439500387,0.0
W7941,山西,风电,life_only,1.3333333333333333,20.0,True,55.0,660000.0,1.0,0.11,0.0,0.30135991439500387,0.0
W7948,山西,风电,life_only,1.3333333333333333,20.0,True,55.0,660000.0,1.0,0.11,0.0,0.30135991439500387,0.0
W7953,山西,风电,life_only,1.3333333333333333,20.0,True,55.0,660000.0,1.0,0.11,0.0,0.30135991439500387,0.0
W7958,山西,风电,life_only,1.3333333333333333,20.0,True,55.0,660000.0,1.0,0.11,0.0,0.30135991439500387,0.0
W7978,山西,风电,life_only,1.3333333333333333,20.0,True,55.0,660000.0,1.0,0.11,0.0,0.30135991439500387,0.0
W8000,新疆,风电,life_only,1.3333333333333333,20.0,True,55.0,660000.0,1.0,0.11,0.0,0.30135991439500387,0.0
W8045,云南,风电,life_only,1.3333333333333333,20.0,True,55.0,660000.0,1.0,0.11,0.0,0.30135991439500387,0.0
W8050,云南,风电,life_only,1.3333333333333333,20.0,True,55.0,660000.0,1.0,0.11,0.0,0.30135991439500387,0.0
W8096,云南,风电,life_only,1.3333333333333333,20.0,True,55.0,660000.0,1.0,0.11,0.0,0.30135991439500387,0.0
W8098,云南,风电,life_only,1.3333333333333333,20.0,True,55.0,660000.0,1.0,0.11,0.0,0.30135991439500387,0.0
W8111,云南,风电,life_only,1.3333333333333333,20.0,True,55.0,660000.0,1.0,0.11,0.0,0.30135991439500387,0.0
W8113,云南,风电,life_only,1.3333333333333333,20.0,True,55.0,660000.0,1.0,0.11,0.0,0.30135991439500387,0.0
W8153,云南,风电,life_only,1.3333333333333333,20.0,True,55.0,660000.0,1.0,0.11,0.0,0.30135991439500387,0.0
W8162,云南,风电,life_only,1.3333333333333333,20.0,True,55.0,660000.0,1.0,0.11,0.0,0.30135991439500387,0.0
W8182,云南,风电,life_only,1.3333333333333333,20.0,True,55.0,660000.0,1.0,0.11,0.0,0.30135991439500387,0.0
W8214,云南,风电,life_only,1.3333333333333333,20.0,True,55.0,660000.0,1.0,0.11,0.0,0.30135991439500387,0.0
W912,甘肃,风电,life_only,1.3333333333333333,20.0,True,55.0,660000.0,1.0,0.11,0.0,0.30135991439500387,0.0
W922,甘肃,风电,life_only,1.3333333333333333,20.0,True,55.0,660000.0,1.0,0.11,0.0,0.30135991439500387,0.0
W925,甘肃,风电,life_only,1.3333333333333333,20.0,True,55.0,660000.0,1.0,0.11,0.0,0.30135991439500387,0.0
W994,甘肃,风电,life_only,1.3333333333333333,20.0,True,55.0,660000.0,1.0,0.11,0.0,0.30135991439500387,0.0
11041,西藏,光伏,stack_cost_only,1.3333333333333335,20.0,True,55.0,60000.0,0.0,0.0,0.0,0.0,
11990,西藏,光伏,stack_cost_only,1.3333333333333335,20.0,True,55.0,60000.0,0.0,0.0,0.0,0.0,
175,甘肃,光伏,stack_cost_only,1.3333333333333335,20.0,True,55.0,60000.0,0.0,0.0,0.0,0.0,
179,甘肃,光伏,stack_cost_only,1.3333333333333335,20.0,True,55.0,60000.0,0.0,0.0,0.0,0.0,
1798,青海,光伏,stack_cost_only,1.3333333333333335,20.0,True,55.0,60000.0,0.0,0.0,0.0,0.0,
1800,青海,光伏,stack_cost_only,1.3333333333333335,20.0,True,55.0,60000.0,0.0,0.0,0.0,0.0,
181,甘肃,光伏,stack_cost_only,1.3333333333333335,20.0,True,55.0,60000.0,0.0,0.0,0.0,0.0,
199,甘肃,光伏,stack_cost_only,1.3333333333333335,20.0,True,55.0,60000.0,0.0,0.0,0.0,0.0,
4006,青海,光伏,stack_cost_only,1.3333333333333335,20.0,True,55.0,60000.0,0.0,0.0,0.0,0.0,
4126,青海,光伏,stack_cost_only,1.3333333333333335,20.0,True,55.0,60000.0,0.0,0.0,0.0,0.0,
413,甘肃,光伏,stack_cost_only,1.3333333333333335,20.0,True,55.0,60000.0,0.0,0.0,0.0,0.0,
4130,青海,光伏,stack_cost_only,1.3333333333333335,20.0,True,55.0,60000.0,0.0,0.0,0.0,0.0,
4132,青海,光伏,stack_cost_only,1.3333333333333335,20.0,True,55.0,60000.0,0.0,0.0,0.0,0.0,
4133,青海,光伏,stack_cost_only,1.3333333333333335,20.0,True,55.0,60000.0,0.0,0.0,0.0,0.0,
4136,青海,光伏,stack_cost_only,1.3333333333333335,20.0,True,55.0,60000.0,0.0,0.0,0.0,0.0,
4137,青海,光伏,stack_cost_only,1.3333333333333335,20.0,True,55.0,60000.0,0.0,0.0,0.0,0.0,
4138,青海,光伏,stack_cost_only,1.3333333333333335,20.0,True,55.0,60000.0,0.0,0.0,0.0,0.0,
4140,青海,光伏,stack_cost_only,1.3333333333333335,20.0,True,55.0,60000.0,0.0,0.0,0.0,0.0,
4143,青海,光伏,stack_cost_only,1.3333333333333335,20.0,True,55.0,60000.0,0.0,0.0,0.0,0.0,
4146,青海,光伏,stack_cost_only,1.3333333333333335,20.0,True,55.0,60000.0,0.0,0.0,0.0,0.0,
4149,青海,光伏,stack_cost_only,1.3333333333333335,20.0,True,55.0,60000.0,0.0,0.0,0.0,0.0,
4153,青海,光伏,stack_cost_only,1.3333333333333335,20.0,True,55.0,60000.0,0.0,0.0,0.0,0.0,
4155,青海,光伏,stack_cost_only,1.3333333333333335,20.0,True,55.0,60000.0,0.0,0.0,0.0,0.0,
4156,青海,光伏,stack_cost_only,1.3333333333333335,20.0,True,55.0,60000.0,0.0,0.0,0.0,0.0,
4157,青海,光伏,stack_cost_only,1.3333333333333335,20.0,True,55.0,60000.0,0.0,0.0,0.0,0.0,
4159,青海,光伏,stack_cost_only,1.3333333333333335,20.0,True,55.0,60000.0,0.0,0.0,0.0,0.0,
4160,青海,光伏,stack_cost_only,1.3333333333333335,20.0,True,55.0,60000.0,0.0,0.0,0.0,0.0,
4161,青海,光伏,stack_cost_only,1.3333333333333335,20.0,True,55.0,60000.0,0.0,0.0,0.0,0.0,
4163,青海,光伏,stack_cost_only,1.3333333333333335,20.0,True,55.0,60000.0,0.0,0.0,0.0,0.0,
4165,青海,光伏,stack_cost_only,1.3333333333333335,20.0,True,55.0,60000.0,0.0,0.0,0.0,0.0,
4167,青海,光伏,stack_cost_only,1.3333333333333335,20.0,True,55.0,60000.0,0.0,0.0,0.0,0.0,
4180,青海,光伏,stack_cost_only,1.3333333333333335,20.0,True,55.0,60000.0,0.0,0.0,0.0,0.0,
4182,青海,光伏,stack_cost_only,1.3333333333333335,20.0,True,55.0,60000.0,0.0,0.0,0.0,0.0,
4189,青海,光伏,stack_cost_only,1.3333333333333335,20.0,True,55.0,60000.0,0.0,0.0,0.0,0.0,
4190,青海,光伏,stack_cost_only,1.3333333333333335,20.0,True,55.0,60000.0,0.0,0.0,0.0,0.0,
4192,青海,光伏,stack_cost_only,1.3333333333333335,20.0,True,55.0,60000.0,0.0,0.0,0.0,0.0,
4197,青海,光伏,stack_cost_only,1.3333333333333335,20.0,True,55.0,60000.0,0.0,0.0,0.0,0.0,
4199,青海,光伏,stack_cost_only,1.3333333333333335,20.0,True,55.0,60000.0,0.0,0.0,0.0,0.0,
4204,青海,光伏,stack_cost_only,1.3333333333333335,20.0,True,55.0,60000.0,0.0,0.0,0.0,0.0,
4205,青海,光伏,stack_cost_only,1.3333333333333335,20.0,True,55.0,60000.0,0.0,0.0,0.0,0.0,
4208,青海,光伏,stack_cost_only,1.3333333333333335,20.0,True,55.0,60000.0,0.0,0.0,0.0,0.0,
4225,青海,光伏,stack_cost_only,1.3333333333333335,20.0,True,55.0,60000.0,0.0,0.0,0.0,0.0,
4228,青海,光伏,stack_cost_only,1.3333333333333335,20.0,True,55.0,60000.0,0.0,0.0,0.0,0.0,
4233,青海,光伏,stack_cost_only,1.3333333333333335,20.0,True,55.0,60000.0,0.0,0.0,0.0,0.0,
4242,青海,光伏,stack_cost_only,1.3333333333333335,20.0,True,55.0,60000.0,0.0,0.0,0.0,0.0,
4250,青海,光伏,stack_cost_only,1.3333333333333335,20.0,True,55.0,60000.0,0.0,0.0,0.0,0.0,
4256,青海,光伏,stack_cost_only,1.3333333333333335,20.0,True,55.0,60000.0,0.0,0.0,0.0,0.0,
4263,青海,光伏,stack_cost_only,1.3333333333333335,20.0,True,55.0,60000.0,0.0,0.0,0.0,0.0,
4268,青海,光伏,stack_cost_only,1.3333333333333335,20.0,True,55.0,60000.0,0.0,0.0,0.0,0.0,
4274,青海,光伏,stack_cost_only,1.3333333333333335,20.0,True,55.0,60000.0,0.0,0.0,0.0,0.0,
4283,青海,光伏,stack_cost_only,1.3333333333333335,20.0,True,55.0,60000.0,0.0,0.0,0.0,0.0,
4288,青海,光伏,stack_cost_only,1.3333333333333335,20.0,True,55.0,60000.0,0.0,0.0,0.0,0.0,
4291,青海,光伏,stack_cost_only,1.3333333333333335,20.0,True,55.0,60000.0,0.0,0.0,0.0,0.0,
4301,青海,光伏,stack_cost_only,1.3333333333333335,20.0,True,55.0,60000.0,0.0,0.0,0.0,0.0,
4317,青海,光伏,stack_cost_only,1.3333333333333335,20.0,True,55.0,60000.0,0.0,0.0,0.0,0.0,
4320,青海,光伏,stack_cost_only,1.3333333333333335,20.0,True,55.0,60000.0,0.0,0.0,0.0,0.0,
4326,青海,光伏,stack_cost_only,1.3333333333333335,20.0,True,55.0,60000.0,0.0,0.0,0.0,0.0,
4420,青海,光伏,stack_cost_only,1.3333333333333335,20.0,True,55.0,60000.0,0.0,0.0,0.0,0.0,
4434,青海,光伏,stack_cost_only,1.3333333333333335,20.0,True,55.0,60000.0,0.0,0.0,0.0,0.0,
4440,青海,光伏,stack_cost_only,1.3333333333333335,20.0,True,55.0,60000.0,0.0,0.0,0.0,0.0,
4446,青海,光伏,stack_cost_only,1.3333333333333335,20.0,True,55.0,60000.0,0.0,0.0,0.0,0.0,
4452,青海,光伏,stack_cost_only,1.3333333333333335,20.0,True,55.0,60000.0,0.0,0.0,0.0,0.0,
4463,青海,光伏,stack_cost_only,1.3333333333333335,20.0,True,55.0,60000.0,0.0,0.0,0.0,0.0,
4479,青海,光伏,stack_cost_only,1.3333333333333335,20.0,True,55.0,60000.0,0.0,0.0,0.0,0.0,
4490,青海,光伏,stack_cost_only,1.3333333333333335,20.0,True,55.0,60000.0,0.0,0.0,0.0,0.0,
4510,青海,光伏,stack_cost_only,1.3333333333333335,20.0,True,55.0,60000.0,0.0,0.0,0.0,0.0,
4516,青海,光伏,stack_cost_only,1.3333333333333335,20.0,True,55.0,60000.0,0.0,0.0,0.0,0.0,
4522,青海,光伏,stack_cost_only,1.3333333333333335,20.0,True,55.0,60000.0,0.0,0.0,0.0,0.0,
4543,青海,光伏,stack_cost_only,1.3333333333333335,20.0,True,55.0,60000.0,0.0,0.0,0.0,0.0,
459,甘肃,光伏,stack_cost_only,1.3333333333333335,20.0,True,55.0,60000.0,0.0,0.0,0.0,0.0,
4609,青海,光伏,stack_cost_only,1.3333333333333335,20.0,True,55.0,60000.0,0.0,0.0,0.0,0.0,
461,甘肃,光伏,stack_cost_only,1.3333333333333335,20.0,True,55.0,60000.0,0.0,0.0,0.0,0.0,
4615,青海,光伏,stack_cost_only,1.3333333333333335,20.0,True,55.0,60000.0,0.0,0.0,0.0,0.0,
4622,青海,光伏,stack_cost_only,1.3333333333333335,20.0,True,55.0,60000.0,0.0,0.0,0.0,0.0,
463,甘肃,光伏,stack_cost_only,1.3333333333333335,20.0,True,55.0,60000.0,0.0,0.0,0.0,0.0,
4631,青海,光伏,stack_cost_only,1.3333333333333335,20.0,True,55.0,60000.0,0.0,0.0,0.0,0.0,
464,甘肃,光伏,stack_cost_only,1.3333333333333335,20.0,True,55.0,60000.0,0.0,0.0,0.0,0.0,
4641,青海,光伏,stack_cost_only,1.3333333333333335,20.0,True,55.0,60000.0,0.0,0.0,0.0,0.0,
4642,青海,光伏,stack_cost_only,1.3333333333333335,20.0,True,55.0,60000.0,0.0,0.0,0.0,0.0,
4647,青海,光伏,stack_cost_only,1.3333333333333335,20.0,True,55.0,60000.0,0.0,0.0,0.0,0.0,
4648,青海,光伏,stack_cost_only,1.3333333333333335,20.0,True,55.0,60000.0,0.0,0.0,0.0,0.0,
4654,青海,光伏,stack_cost_only,1.3333333333333335,20.0,True,55.0,60000.0,0.0,0.0,0.0,0.0,
468,甘肃,光伏,stack_cost_only,1.3333333333333335,20.0,True,55.0,60000.0,0.0,0.0,0.0,0.0,
4682,青海,光伏,stack_cost_only,1.3333333333333335,20.0,True,55.0,60000.0,0.0,0.0,0.0,0.0,
4690,青海,光伏,stack_cost_only,1.3333333333333335,20.0,True,55.0,60000.0,0.0,0.0,0.0,0.0,
4705,青海,光伏,stack_cost_only,1.3333333333333335,20.0,True,55.0,60000.0,0.0,0.0,0.0,0.0,
4709,青海,光伏,stack_cost_only,1.3333333333333335,20.0,True,55.0,60000.0,0.0,0.0,0.0,0.0,
4710,青海,光伏,stack_cost_only,1.3333333333333335,20.0,True,55.0,60000.0,0.0,0.0,0.0,0.0,
4712,青海,光伏,stack_cost_only,1.3333333333333335,20.0,True,55.0,60000.0,0.0,0.0,0.0,0.0,
4716,青海,光伏,stack_cost_only,1.3333333333333335,20.0,True,55.0,60000.0,0.0,0.0,0.0,0.0,
4718,青海,光伏,stack_cost_only,1.3333333333333335,20.0,True,55.0,60000.0,0.0,0.0,0.0,0.0,
4722,青海,光伏,stack_cost_only,1.3333333333333335,20.0,True,55.0,60000.0,0.0,0.0,0.0,0.0,
4724,青海,光伏,stack_cost_only,1.3333333333333335,20.0,True,55.0,60000.0,0.0,0.0,0.0,0.0,
4744,青海,光伏,stack_cost_only,1.3333333333333335,20.0,True,55.0,60000.0,0.0,0.0,0.0,0.0,
4746,青海,光伏,stack_cost_only,1.3333333333333335,20.0,True,55.0,60000.0,0.0,0.0,0.0,0.0,
4752,青海,光伏,stack_cost_only,1.3333333333333335,20.0,True,55.0,60000.0,0.0,0.0,0.0,0.0,
4756,青海,光伏,stack_cost_only,1.3333333333333335,20.0,True,55.0,60000.0,0.0,0.0,0.0,0.0,
4757,青海,光伏,stack_cost_only,1.3333333333333335,20.0,True,55.0,60000.0,0.0,0.0,0.0,0.0,
4767,青海,光伏,stack_cost_only,1.3333333333333335,20.0,True,55.0,60000.0,0.0,0.0,0.0,0.0,
4795,青海,光伏,stack_cost_only,1.3333333333333335,20.0,True,55.0,60000.0,0.0,0.0,0.0,0.0,
4804,青海,光伏,stack_cost_only,1.3333333333333335,20.0,True,55.0,60000.0,0.0,0.0,0.0,0.0,
4811,青海,光伏,stack_cost_only,1.3333333333333335,20.0,True,55.0,60000.0,0.0,0.0,0.0,0.0,
4817,青海,光伏,stack_cost_only,1.3333333333333335,20.0,True,55.0,60000.0,0.0,0.0,0.0,0.0,
4824,青海,光伏,stack_cost_only,1.3333333333333335,20.0,True,55.0,60000.0,0.0,0.0,0.0,0.0,
4854,青海,光伏,stack_cost_only,1.3333333333333335,20.0,True,55.0,60000.0,0.0,0.0,0.0,0.0,
4865,青海,光伏,stack_cost_only,1.3333333333333335,20.0,True,55.0,60000.0,0.0,0.0,0.0,0.0,
4868,青海,光伏,stack_cost_only,1.3333333333333335,20.0,True,55.0,60000.0,0.0,0.0,0.0,0.0,
4874,青海,光伏,stack_cost_only,1.3333333333333335,20.0,True,55.0,60000.0,0.0,0.0,0.0,0.0,
4891,青海,光伏,stack_cost_only,1.3333333333333335,20.0,True,55.0,60000.0,0.0,0.0,0.0,0.0,
4897,青海,光伏,stack_cost_only,1.3333333333333335,20.0,True,55.0,60000.0,0.0,0.0,0.0,0.0,
4899,青海,光伏,stack_cost_only,1.3333333333333335,20.0,True,55.0,60000.0,0.0,0.0,0.0,0.0,
4905,青海,光伏,stack_cost_only,1.3333333333333335,20.0,True,55.0,60000.0,0.0,0.0,0.0,0.0,
4916,青海,光伏,stack_cost_only,1.3333333333333335,20.0,True,55.0,60000.0,0.0,0.0,0.0,0.0,
4931,青海,光伏,stack_cost_only,1.3333333333333335,20.0,True,55.0,60000.0,0.0,0.0,0.0,0.0,
4932,青海,光伏,stack_cost_only,1.3333333333333335,20.0,True,55.0,60000.0,0.0,0.0,0.0,0.0,
4933,青海,光伏,stack_cost_only,1.3333333333333335,20.0,True,55.0,60000.0,0.0,0.0,0.0,0.0,
4943,青海,光伏,stack_cost_only,1.3333333333333335,20.0,True,55.0,60000.0,0.0,0.0,0.0,0.0,
4944,青海,光伏,stack_cost_only,1.3333333333333335,20.0,True,55.0,60000.0,0.0,0.0,0.0,0.0,
4952,青海,光伏,stack_cost_only,1.3333333333333335,20.0,True,55.0,60000.0,0.0,0.0,0.0,0.0,
4956,青海,光伏,stack_cost_only,1.3333333333333335,20.0,True,55.0,60000.0,0.0,0.0,0.0,0.0,
4960,青海,光伏,stack_cost_only,1.3333333333333335,20.0,True,55.0,60000.0,0.0,0.0,0.0,0.0,
4966,青海,光伏,stack_cost_only,1.3333333333333335,20.0,True,55.0,60000.0,0.0,0.0,0.0,0.0,
4977,青海,光伏,stack_cost_only,1.3333333333333335,20.0,True,55.0,60000.0,0.0,0.0,0.0,0.0,
4980,青海,光伏,stack_cost_only,1.3333333333333335,20.0,True,55.0,60000.0,0.0,0.0,0.0,0.0,
4983,青海,光伏,stack_cost_only,1.3333333333333335,20.0,True,55.0,60000.0,0.0,0.0,0.0,0.0,
4992,青海,光伏,stack_cost_only,1.3333333333333335,20.0,True,55.0,60000.0,0.0,0.0,0.0,0.0,
4994,青海,光伏,stack_cost_only,1.3333333333333335,20.0,True,55.0,60000.0,0.0,0.0,0.0,0.0,
518,甘肃,光伏,stack_cost_only,1.3333333333333335,20.0,True,55.0,60000.0,0.0,0.0,0.0,0.0,
521,甘肃,光伏,stack_cost_only,1.3333333333333335,20.0,True,55.0,60000.0,0.0,0.0,0.0,0.0,
533,甘肃,光伏,stack_cost_only,1.3333333333333335,20.0,True,55.0,60000.0,0.0,0.0,0.0,0.0,
540,甘肃,光伏,stack_cost_only,1.3333333333333335,20.0,True,55.0,60000.0,0.0,0.0,0.0,0.0,
541,甘肃,光伏,stack_cost_only,1.3333333333333335,20.0,True,55.0,60000.0,0.0,0.0,0.0,0.0,
6017,新疆,光伏,stack_cost_only,1.3333333333333335,20.0,True,55.0,60000.0,0.0,0.0,0.0,0.0,
6030,新疆,光伏,stack_cost_only,1.3333333333333335,20.0,True,55.0,60000.0,0.0,0.0,0.0,0.0,
6031,新疆,光伏,stack_cost_only,1.3333333333333335,20.0,True,55.0,60000.0,0.0,0.0,0.0,0.0,
6032,新疆,光伏,stack_cost_only,1.3333333333333335,20.0,True,55.0,60000.0,0.0,0.0,0.0,0.0,
6036,新疆,光伏,stack_cost_only,1.3333333333333335,20.0,True,55.0,60000.0,0.0,0.0,0.0,0.0,
6037,新疆,光伏,stack_cost_only,1.3333333333333335,20.0,True,55.0,60000.0,0.0,0.0,0.0,0.0,
6057,新疆,光伏,stack_cost_only,1.3333333333333335,20.0,True,55.0,60000.0,0.0,0.0,0.0,0.0,
6059,新疆,光伏,stack_cost_only,1.3333333333333335,20.0,True,55.0,60000.0,0.0,0.0,0.0,0.0,
6060,新疆,光伏,stack_cost_only,1.3333333333333335,20.0,True,55.0,60000.0,0.0,0.0,0.0,0.0,
6063,新疆,光伏,stack_cost_only,1.3333333333333335,20.0,True,55.0,60000.0,0.0,0.0,0.0,0.0,
6066,新疆,光伏,stack_cost_only,1.3333333333333335,20.0,True,55.0,60000.0,0.0,0.0,0.0,0.0,
6067,新疆,光伏,stack_cost_only,1.3333333333333335,20.0,True,55.0,60000.0,0.0,0.0,0.0,0.0,
6068,新疆,光伏,stack_cost_only,1.3333333333333335,20.0,True,55.0,60000.0,0.0,0.0,0.0,0.0,
6069,新疆,光伏,stack_cost_only,1.3333333333333335,20.0,True,55.0,60000.0,0.0,0.0,0.0,0.0,
6070,新疆,光伏,stack_cost_only,1.3333333333333335,20.0,True,55.0,60000.0,0.0,0.0,0.0,0.0,
6076,新疆,光伏,stack_cost_only,1.3333333333333335,20.0,True,55.0,60000.0,0.0,0.0,0.0,0.0,
6081,新疆,光伏,stack_cost_only,1.3333333333333335,20.0,True,55.0,60000.0,0.0,0.0,0.0,0.0,
6082,新疆,光伏,stack_cost_only,1.3333333333333335,20.0,True,55.0,60000.0,0.0,0.0,0.0,0.0,
6083,新疆,光伏,stack_cost_only,1.3333333333333335,20.0,True,55.0,60000.0,0.0,0.0,0.0,0.0,
6086,新疆,光伏,stack_cost_only,1.3333333333333335,20.0,True,55.0,60000.0,0.0,0.0,0.0,0.0,
6089,新疆,光伏,stack_cost_only,1.3333333333333335,20.0,True,55.0,60000.0,0.0,0.0,0.0,0.0,
6098,新疆,光伏,stack_cost_only,1.3333333333333335,20.0,True,55.0,60000.0,0.0,0.0,0.0,0.0,
6101,新疆,光伏,stack_cost_only,1.3333333333333335,20.0,True,55.0,60000.0,0.0,0.0,0.0,0.0,
6102,新疆,光伏,stack_cost_only,1.3333333333333335,20.0,True,55.0,60000.0,0.0,0.0,0.0,0.0,
6104,新疆,光伏,stack_cost_only,1.3333333333333335,20.0,True,55.0,60000.0,0.0,0.0,0.0,0.0,
6106,新疆,光伏,stack_cost_only,1.3333333333333335,20.0,True,55.0,60000.0,0.0,0.0,0.0,0.0,
6111,新疆,光伏,stack_cost_only,1.3333333333333335,20.0,True,55.0,60000.0,0.0,0.0,0.0,0.0,
6112,新疆,光伏,stack_cost_only,1.3333333333333335,20.0,True,55.0,60000.0,0.0,0.0,0.0,0.0,
6114,新疆,光伏,stack_cost_only,1.3333333333333335,20.0,True,55.0,60000.0,0.0,0.0,0.0,0.0,
6117,甘肃,光伏,stack_cost_only,1.3333333333333335,20.0,True,55.0,60000.0,0.0,0.0,0.0,0.0,
6120,新疆,光伏,stack_cost_only,1.3333333333333335,20.0,True,55.0,60000.0,0.0,0.0,0.0,0.0,
6124,新疆,光伏,stack_cost_only,1.3333333333333335,20.0,True,55.0,60000.0,0.0,0.0,0.0,0.0,
6129,新疆,光伏,stack_cost_only,1.3333333333333335,20.0,True,55.0,60000.0,0.0,0.0,0.0,0.0,
6131,新疆,光伏,stack_cost_only,1.3333333333333335,20.0,True,55.0,60000.0,0.0,0.0,0.0,0.0,
6133,新疆,光伏,stack_cost_only,1.3333333333333335,20.0,True,55.0,60000.0,0.0,0.0,0.0,0.0,
6140,新疆,光伏,stack_cost_only,1.3333333333333335,20.0,True,55.0,60000.0,0.0,0.0,0.0,0.0,
6143,新疆,光伏,stack_cost_only,1.3333333333333335,20.0,True,55.0,60000.0,0.0,0.0,0.0,0.0,
6149,新疆,光伏,stack_cost_only,1.3333333333333335,20.0,True,55.0,60000.0,0.0,0.0,0.0,0.0,
6151,新疆,光伏,stack_cost_only,1.3333333333333335,20.0,True,55.0,60000.0,0.0,0.0,0.0,0.0,
6159,新疆,光伏,stack_cost_only,1.3333333333333335,20.0,True,55.0,60000.0,0.0,0.0,0.0,0.0,
6160,新疆,光伏,stack_cost_only,1.3333333333333335,20.0,True,55.0,60000.0,0.0,0.0,0.0,0.0,
6165,新疆,光伏,stack_cost_only,1.3333333333333335,20.0,True,55.0,60000.0,0.0,0.0,0.0,0.0,
6175,新疆,光伏,stack_cost_only,1.3333333333333335,20.0,True,55.0,60000.0,0.0,0.0,0.0,0.0,
6176,新疆,光伏,stack_cost_only,1.3333333333333335,20.0,True,55.0,60000.0,0.0,0.0,0.0,0.0,
6178,新疆,光伏,stack_cost_only,1.3333333333333335,20.0,True,55.0,60000.0,0.0,0.0,0.0,0.0,
6183,新疆,光伏,stack_cost_only,1.3333333333333335,20.0,True,55.0,60000.0,0.0,0.0,0.0,0.0,
6186,新疆,光伏,stack_cost_only,1.3333333333333335,20.0,True,55.0,60000.0,0.0,0.0,0.0,0.0,
6189,新疆,光伏,stack_cost_only,1.3333333333333335,20.0,True,55.0,60000.0,0.0,0.0,0.0,0.0,
6190,新疆,光伏,stack_cost_only,1.3333333333333335,20.0,True,55.0,60000.0,0.0,0.0,0.0,0.0,
6191,新疆,光伏,stack_cost_only,1.3333333333333335,20.0,True,55.0,60000.0,0.0,0.0,0.0,0.0,
6197,新疆,光伏,stack_cost_only,1.3333333333333335,20.0,True,55.0,60000.0,0.0,0.0,0.0,0.0,
6199,新疆,光伏,stack_cost_only,1.3333333333333335,20.0,True,55.0,60000.0,0.0,0.0,0.0,0.0,
6214,新疆,光伏,stack_cost_only,1.3333333333333335,20.0,True,55.0,60000.0,0.0,0.0,0.0,0.0,
6215,新疆,光伏,stack_cost_only,1.3333333333333335,20.0,True,55.0,60000.0,0.0,0.0,0.0,0.0,
6219,新疆,光伏,stack_cost_only,1.3333333333333335,20.0,True,55.0,60000.0,0.0,0.0,0.0,0.0,
6224,新疆,光伏,stack_cost_only,1.3333333333333335,20.0,True,55.0,60000.0,0.0,0.0,0.0,0.0,
6230,新疆,光伏,stack_cost_only,1.3333333333333335,20.0,True,55.0,60000.0,0.0,0.0,0.0,0.0,
6247,新疆,光伏,stack_cost_only,1.3333333333333335,20.0,True,55.0,60000.0,0.0,0.0,0.0,0.0,
6251,新疆,光伏,stack_cost_only,1.3333333333333335,20.0,True,55.0,60000.0,0.0,0.0,0.0,0.0,
6253,新疆,光伏,stack_cost_only,1.3333333333333335,20.0,True,55.0,60000.0,0.0,0.0,0.0,0.0,
6259,新疆,光伏,stack_cost_only,1.3333333333333335,20.0,True,55.0,60000.0,0.0,0.0,0.0,0.0,
6261,新疆,光伏,stack_cost_only,1.3333333333333335,20.0,True,55.0,60000.0,0.0,0.0,0.0,0.0,
6263,新疆,光伏,stack_cost_only,1.3333333333333335,20.0,True,55.0,60000.0,0.0,0.0,0.0,0.0,
6268,新疆,光伏,stack_cost_only,1.3333333333333335,20.0,True,55.0,60000.0,0.0,0.0,0.0,0.0,
6270,新疆,光伏,stack_cost_only,1.3333333333333335,20.0,True,55.0,60000.0,0.0,0.0,0.0,0.0,
6272,新疆,光伏,stack_cost_only,1.3333333333333335,20.0,True,55.0,60000.0,0.0,0.0,0.0,0.0,
6276,新疆,光伏,stack_cost_only,1.3333333333333335,20.0,True,55.0,60000.0,0.0,0.0,0.0,0.0,
6288,新疆,光伏,stack_cost_only,1.3333333333333335,20.0,True,55.0,60000.0,0.0,0.0,0.0,0.0,
6290,新疆,光伏,stack_cost_only,1.3333333333333335,20.0,True,55.0,60000.0,0.0,0.0,0.0,0.0,
6294,新疆,光伏,stack_cost_only,1.3333333333333335,20.0,True,55.0,60000.0,0.0,0.0,0.0,0.0,
6295,新疆,光伏,stack_cost_only,1.3333333333333335,20.0,True,55.0,60000.0,0.0,0.0,0.0,0.0,
6321,新疆,光伏,stack_cost_only,1.3333333333333335,20.0,True,55.0,60000.0,0.0,0.0,0.0,0.0,
6322,新疆,光伏,stack_cost_only,1.3333333333333335,20.0,True,55.0,60000.0,0.0,0.0,0.0,0.0,
6323,新疆,光伏,stack_cost_only,1.3333333333333335,20.0,True,55.0,60000.0,0.0,0.0,0.0,0.0,
6328,新疆,光伏,stack_cost_only,1.3333333333333335,20.0,True,55.0,60000.0,0.0,0.0,0.0,0.0,
6334,新疆,光伏,stack_cost_only,1.3333333333333335,20.0,True,55.0,60000.0,0.0,0.0,0.0,0.0,
6337,新疆,光伏,stack_cost_only,1.3333333333333335,20.0,True,55.0,60000.0,0.0,0.0,0.0,0.0,
6339,新疆,光伏,stack_cost_only,1.3333333333333335,20.0,True,55.0,60000.0,0.0,0.0,0.0,0.0,
6344,新疆,光伏,stack_cost_only,1.3333333333333335,20.0,True,55.0,60000.0,0.0,0.0,0.0,0.0,
6345,新疆,光伏,stack_cost_only,1.3333333333333335,20.0,True,55.0,60000.0,0.0,0.0,0.0,0.0,
6350,新疆,光伏,stack_cost_only,1.3333333333333335,20.0,True,55.0,60000.0,0.0,0.0,0.0,0.0,
6358,新疆,光伏,stack_cost_only,1.3333333333333335,20.0,True,55.0,60000.0,0.0,0.0,0.0,0.0,
6360,新疆,光伏,stack_cost_only,1.3333333333333335,20.0,True,55.0,60000.0,0.0,0.0,0.0,0.0,
6361,新疆,光伏,stack_cost_only,1.3333333333333335,20.0,True,55.0,60000.0,0.0,0.0,0.0,0.0,
6362,新疆,光伏,stack_cost_only,1.3333333333333335,20.0,True,55.0,60000.0,0.0,0.0,0.0,0.0,
6372,新疆,光伏,stack_cost_only,1.3333333333333335,20.0,True,55.0,60000.0,0.0,0.0,0.0,0.0,
6374,新疆,光伏,stack_cost_only,1.3333333333333335,20.0,True,55.0,60000.0,0.0,0.0,0.0,0.0,
6375,新疆,光伏,stack_cost_only,1.3333333333333335,20.0,True,55.0,60000.0,0.0,0.0,0.0,0.0,
6380,新疆,光伏,stack_cost_only,1.3333333333333335,20.0,True,55.0,60000.0,0.0,0.0,0.0,0.0,
6385,新疆,光伏,stack_cost_only,1.3333333333333335,20.0,True,55.0,60000.0,0.0,0.0,0.0,0.0,
6387,新疆,光伏,stack_cost_only,1.3333333333333335,20.0,True,55.0,60000.0,0.0,0.0,0.0,0.0,
6388,新疆,光伏,stack_cost_only,1.3333333333333335,20.0,True,55.0,60000.0,0.0,0.0,0.0,0.0,
6389,新疆,光伏,stack_cost_only,1.3333333333333335,20.0,True,55.0,60000.0,0.0,0.0,0.0,0.0,
6394,新疆,光伏,stack_cost_only,1.3333333333333335,20.0,True,55.0,60000.0,0.0,0.0,0.0,0.0,
6402,新疆,光伏,stack_cost_only,1.3333333333333335,20.0,True,55.0,60000.0,0.0,0.0,0.0,0.0,
6405,新疆,光伏,stack_cost_only,1.3333333333333335,20.0,True,55.0,60000.0,0.0,0.0,0.0,0.0,
6411,新疆,光伏,stack_cost_only,1.3333333333333335,20.0,True,55.0,60000.0,0.0,0.0,0.0,0.0,
6415,新疆,光伏,stack_cost_only,1.3333333333333335,20.0,True,55.0,60000.0,0.0,0.0,0.0,0.0,
6417,新疆,光伏,stack_cost_only,1.3333333333333335,20.0,True,55.0,60000.0,0.0,0.0,0.0,0.0,
6424,新疆,光伏,stack_cost_only,1.3333333333333335,20.0,True,55.0,60000.0,0.0,0.0,0.0,0.0,
6428,新疆,光伏,stack_cost_only,1.3333333333333335,20.0,True,55.0,60000.0,0.0,0.0,0.0,0.0,
6429,新疆,光伏,stack_cost_only,1.3333333333333335,20.0,True,55.0,60000.0,0.0,0.0,0.0,0.0,
6434,新疆,光伏,stack_cost_only,1.3333333333333335,20.0,True,55.0,60000.0,0.0,0.0,0.0,0.0,
6435,新疆,光伏,stack_cost_only,1.3333333333333335,20.0,True,55.0,60000.0,0.0,0.0,0.0,0.0,
6436,新疆,光伏,stack_cost_only,1.3333333333333335,20.0,True,55.0,60000.0,0.0,0.0,0.0,0.0,
6440,新疆,光伏,stack_cost_only,1.3333333333333335,20.0,True,55.0,60000.0,0.0,0.0,0.0,0.0,
6447,新疆,光伏,stack_cost_only,1.3333333333333335,20.0,True,55.0,60000.0,0.0,0.0,0.0,0.0,
6451,新疆,光伏,stack_cost_only,1.3333333333333335,20.0,True,55.0,60000.0,0.0,0.0,0.0,0.0,
6465,新疆,光伏,stack_cost_only,1.3333333333333335,20.0,True,55.0,60000.0,0.0,0.0,0.0,0.0,
6467,新疆,光伏,stack_cost_only,1.3333333333333335,20.0,True,55.0,60000.0,0.0,0.0,0.0,0.0,
6468,新疆,光伏,stack_cost_only,1.3333333333333335,20.0,True,55.0,60000.0,0.0,0.0,0.0,0.0,
6475,新疆,光伏,stack_cost_only,1.3333333333333335,20.0,True,55.0,60000.0,0.0,0.0,0.0,0.0,
6476,新疆,光伏,stack_cost_only,1.3333333333333335,20.0,True,55.0,60000.0,0.0,0.0,0.0,0.0,
6480,新疆,光伏,stack_cost_only,1.3333333333333335,20.0,True,55.0,60000.0,0.0,0.0,0.0,0.0,
6485,新疆,光伏,stack_cost_only,1.3333333333333335,20.0,True,55.0,60000.0,0.0,0.0,0.0,0.0,
6487,新疆,光伏,stack_cost_only,1.3333333333333335,20.0,True,55.0,60000.0,0.0,0.0,0.0,0.0,
6496,新疆,光伏,stack_cost_only,1.3333333333333335,20.0,True,55.0,60000.0,0.0,0.0,0.0,0.0,
6498,新疆,光伏,stack_cost_only,1.3333333333333335,20.0,True,55.0,60000.0,0.0,0.0,0.0,0.0,
6507,新疆,光伏,stack_cost_only,1.3333333333333335,20.0,True,55.0,60000.0,0.0,0.0,0.0,0.0,
6518,新疆,光伏,stack_cost_only,1.3333333333333335,20.0,True,55.0,60000.0,0.0,0.0,0.0,0.0,
6522,新疆,光伏,stack_cost_only,1.3333333333333335,20.0,True,55.0,60000.0,0.0,0.0,0.0,0.0,
6528,新疆,光伏,stack_cost_only,1.3333333333333335,20.0,True,55.0,60000.0,0.0,0.0,0.0,0.0,
6531,新疆,光伏,stack_cost_only,1.3333333333333335,20.0,True,55.0,60000.0,0.0,0.0,0.0,0.0,
6536,新疆,光伏,stack_cost_only,1.3333333333333335,20.0,True,55.0,60000.0,0.0,0.0,0.0,0.0,
6537,新疆,光伏,stack_cost_only,1.3333333333333335,20.0,True,55.0,60000.0,0.0,0.0,0.0,0.0,
6538,新疆,光伏,stack_cost_only,1.3333333333333335,20.0,True,55.0,60000.0,0.0,0.0,0.0,0.0,
6548,新疆,光伏,stack_cost_only,1.3333333333333335,20.0,True,55.0,60000.0,0.0,0.0,0.0,0.0,
6553,新疆,光伏,stack_cost_only,1.3333333333333335,20.0,True,55.0,60000.0,0.0,0.0,0.0,0.0,
6559,新疆,光伏,stack_cost_only,1.3333333333333335,20.0,True,55.0,60000.0,0.0,0.0,0.0,0.0,
6564,新疆,光伏,stack_cost_only,1.3333333333333335,20.0,True,55.0,60000.0,0.0,0.0,0.0,0.0,
6565,新疆,光伏,stack_cost_only,1.3333333333333335,20.0,True,55.0,60000.0,0.0,0.0,0.0,0.0,
6566,新疆,光伏,stack_cost_only,1.3333333333333335,20.0,True,55.0,60000.0,0.0,0.0,0.0,0.0,
6568,新疆,光伏,stack_cost_only,1.3333333333333335,20.0,True,55.0,60000.0,0.0,0.0,0.0,0.0,
6574,新疆,光伏,stack_cost_only,1.3333333333333335,20.0,True,55.0,60000.0,0.0,0.0,0.0,0.0,
6576,新疆,光伏,stack_cost_only,1.3333333333333335,20.0,True,55.0,60000.0,0.0,0.0,0.0,0.0,
6578,新疆,光伏,stack_cost_only,1.3333333333333335,20.0,True,55.0,60000.0,0.0,0.0,0.0,0.0,
6579,新疆,光伏,stack_cost_only,1.3333333333333335,20.0,True,55.0,60000.0,0.0,0.0,0.0,0.0,
6582,新疆,光伏,stack_cost_only,1.3333333333333335,20.0,True,55.0,60000.0,0.0,0.0,0.0,0.0,
6590,新疆,光伏,stack_cost_only,1.3333333333333335,20.0,True,55.0,60000.0,0.0,0.0,0.0,0.0,
6598,新疆,光伏,stack_cost_only,1.3333333333333335,20.0,True,55.0,60000.0,0.0,0.0,0.0,0.0,
6602,新疆,光伏,stack_cost_only,1.3333333333333335,20.0,True,55.0,60000.0,0.0,0.0,0.0,0.0,
6607,新疆,光伏,stack_cost_only,1.3333333333333335,20.0,True,55.0,60000.0,0.0,0.0,0.0,0.0,
6609,新疆,光伏,stack_cost_only,1.3333333333333335,20.0,True,55.0,60000.0,0.0,0.0,0.0,0.0,
6616,新疆,光伏,stack_cost_only,1.3333333333333335,20.0,True,55.0,60000.0,0.0,0.0,0.0,0.0,
6619,新疆,光伏,stack_cost_only,1.3333333333333335,20.0,True,55.0,60000.0,0.0,0.0,0.0,0.0,
6625,新疆,光伏,stack_cost_only,1.3333333333333335,20.0,True,55.0,60000.0,0.0,0.0,0.0,0.0,
6628,新疆,光伏,stack_cost_only,1.3333333333333335,20.0,True,55.0,60000.0,0.0,0.0,0.0,0.0,
6633,新疆,光伏,stack_cost_only,1.3333333333333335,20.0,True,55.0,60000.0,0.0,0.0,0.0,0.0,
6634,新疆,光伏,stack_cost_only,1.3333333333333335,20.0,True,55.0,60000.0,0.0,0.0,0.0,0.0,
6638,新疆,光伏,stack_cost_only,1.3333333333333335,20.0,True,55.0,60000.0,0.0,0.0,0.0,0.0,
6641,新疆,光伏,stack_cost_only,1.3333333333333335,20.0,True,55.0,60000.0,0.0,0.0,0.0,0.0,
6644,新疆,光伏,stack_cost_only,1.3333333333333335,20.0,True,55.0,60000.0,0.0,0.0,0.0,0.0,
6654,新疆,光伏,stack_cost_only,1.3333333333333335,20.0,True,55.0,60000.0,0.0,0.0,0.0,0.0,
6659,新疆,光伏,stack_cost_only,1.3333333333333335,20.0,True,55.0,60000.0,0.0,0.0,0.0,0.0,
6666,新疆,光伏,stack_cost_only,1.3333333333333335,20.0,True,55.0,60000.0,0.0,0.0,0.0,0.0,
6669,新疆,光伏,stack_cost_only,1.3333333333333335,20.0,True,55.0,60000.0,0.0,0.0,0.0,0.0,
6672,新疆,光伏,stack_cost_only,1.3333333333333335,20.0,True,55.0,60000.0,0.0,0.0,0.0,0.0,
6675,新疆,光伏,stack_cost_only,1.3333333333333335,20.0,True,55.0,60000.0,0.0,0.0,0.0,0.0,
6694,新疆,光伏,stack_cost_only,1.3333333333333335,20.0,True,55.0,60000.0,0.0,0.0,0.0,0.0,
6720,新疆,光伏,stack_cost_only,1.3333333333333335,20.0,True,55.0,60000.0,0.0,0.0,0.0,0.0,
6723,新疆,光伏,stack_cost_only,1.3333333333333335,20.0,True,55.0,60000.0,0.0,0.0,0.0,0.0,
6728,新疆,光伏,stack_cost_only,1.3333333333333335,20.0,True,55.0,60000.0,0.0,0.0,0.0,0.0,
6731,新疆,光伏,stack_cost_only,1.3333333333333335,20.0,True,55.0,60000.0,0.0,0.0,0.0,0.0,
6736,新疆,光伏,stack_cost_only,1.3333333333333335,20.0,True,55.0,60000.0,0.0,0.0,0.0,0.0,
6738,新疆,光伏,stack_cost_only,1.3333333333333335,20.0,True,55.0,60000.0,0.0,0.0,0.0,0.0,
6739,新疆,光伏,stack_cost_only,1.3333333333333335,20.0,True,55.0,60000.0,0.0,0.0,0.0,0.0,
6740,新疆,光伏,stack_cost_only,1.3333333333333335,20.0,True,55.0,60000.0,0.0,0.0,0.0,0.0,
6741,新疆,光伏,stack_cost_only,1.3333333333333335,20.0,True,55.0,60000.0,0.0,0.0,0.0,0.0,
6745,新疆,光伏,stack_cost_only,1.3333333333333335,20.0,True,55.0,60000.0,0.0,0.0,0.0,0.0,
6747,新疆,光伏,stack_cost_only,1.3333333333333335,20.0,True,55.0,60000.0,0.0,0.0,0.0,0.0,
6753,新疆,光伏,stack_cost_only,1.3333333333333335,20.0,True,55.0,60000.0,0.0,0.0,0.0,0.0,
6755,新疆,光伏,stack_cost_only,1.3333333333333335,20.0,True,55.0,60000.0,0.0,0.0,0.0,0.0,
6760,新疆,光伏,stack_cost_only,1.3333333333333335,20.0,True,55.0,60000.0,0.0,0.0,0.0,0.0,
6766,新疆,光伏,stack_cost_only,1.3333333333333335,20.0,True,55.0,60000.0,0.0,0.0,0.0,0.0,
6768,新疆,光伏,stack_cost_only,1.3333333333333335,20.0,True,55.0,60000.0,0.0,0.0,0.0,0.0,
6774,新疆,光伏,stack_cost_only,1.3333333333333335,20.0,True,55.0,60000.0,0.0,0.0,0.0,0.0,
6777,新疆,光伏,stack_cost_only,1.3333333333333335,20.0,True,55.0,60000.0,0.0,0.0,0.0,0.0,
6782,新疆,光伏,stack_cost_only,1.3333333333333335,20.0,True,55.0,60000.0,0.0,0.0,0.0,0.0,
6785,新疆,光伏,stack_cost_only,1.3333333333333335,20.0,True,55.0,60000.0,0.0,0.0,0.0,0.0,
6790,新疆,光伏,stack_cost_only,1.3333333333333335,20.0,True,55.0,60000.0,0.0,0.0,0.0,0.0,
6792,新疆,光伏,stack_cost_only,1.3333333333333335,20.0,True,55.0,60000.0,0.0,0.0,0.0,0.0,
6793,新疆,光伏,stack_cost_only,1.3333333333333335,20.0,True,55.0,60000.0,0.0,0.0,0.0,0.0,
6799,新疆,光伏,stack_cost_only,1.3333333333333335,20.0,True,55.0,60000.0,0.0,0.0,0.0,0.0,
6802,新疆,光伏,stack_cost_only,1.3333333333333335,20.0,True,55.0,60000.0,0.0,0.0,0.0,0.0,
6804,新疆,光伏,stack_cost_only,1.3333333333333335,20.0,True,55.0,60000.0,0.0,0.0,0.0,0.0,
6806,新疆,光伏,stack_cost_only,1.3333333333333335,20.0,True,55.0,60000.0,0.0,0.0,0.0,0.0,
6812,新疆,光伏,stack_cost_only,1.3333333333333335,20.0,True,55.0,60000.0,0.0,0.0,0.0,0.0,
6813,新疆,光伏,stack_cost_only,1.3333333333333335,20.0,True,55.0,60000.0,0.0,0.0,0.0,0.0,
6819,新疆,光伏,stack_cost_only,1.3333333333333335,20.0,True,55.0,60000.0,0.0,0.0,0.0,0.0,
6824,新疆,光伏,stack_cost_only,1.3333333333333335,20.0,True,55.0,60000.0,0.0,0.0,0.0,0.0,
6827,新疆,光伏,stack_cost_only,1.3333333333333335,20.0,True,55.0,60000.0,0.0,0.0,0.0,0.0,
6831,新疆,光伏,stack_cost_only,1.3333333333333335,20.0,True,55.0,60000.0,0.0,0.0,0.0,0.0,
6838,新疆,光伏,stack_cost_only,1.3333333333333335,20.0,True,55.0,60000.0,0.0,0.0,0.0,0.0,
6839,新疆,光伏,stack_cost_only,1.3333333333333335,20.0,True,55.0,60000.0,0.0,0.0,0.0,0.0,
6842,新疆,光伏,stack_cost_only,1.3333333333333335,20.0,True,55.0,60000.0,0.0,0.0,0.0,0.0,
6845,新疆,光伏,stack_cost_only,1.3333333333333335,20.0,True,55.0,60000.0,0.0,0.0,0.0,0.0,
685,甘肃,光伏,stack_cost_only,1.3333333333333335,20.0,True,55.0,60000.0,0.0,0.0,0.0,0.0,
6852,新疆,光伏,stack_cost_only,1.3333333333333335,20.0,True,55.0,60000.0,0.0,0.0,0.0,0.0,
6854,新疆,光伏,stack_cost_only,1.3333333333333335,20.0,True,55.0,60000.0,0.0,0.0,0.0,0.0,
6860,新疆,光伏,stack_cost_only,1.3333333333333335,20.0,True,55.0,60000.0,0.0,0.0,0.0,0.0,
6866,新疆,光伏,stack_cost_only,1.3333333333333335,20.0,True,55.0,60000.0,0.0,0.0,0.0,0.0,
6867,新疆,光伏,stack_cost_only,1.3333333333333335,20.0,True,55.0,60000.0,0.0,0.0,0.0,0.0,
6881,新疆,光伏,stack_cost_only,1.3333333333333335,20.0,True,55.0,60000.0,0.0,0.0,0.0,0.0,
6883,新疆,光伏,stack_cost_only,1.3333333333333335,20.0,True,55.0,60000.0,0.0,0.0,0.0,0.0,
6885,新疆,光伏,stack_cost_only,1.3333333333333335,20.0,True,55.0,60000.0,0.0,0.0,0.0,0.0,
6895,新疆,光伏,stack_cost_only,1.3333333333333335,20.0,True,55.0,60000.0,0.0,0.0,0.0,0.0,
6898,新疆,光伏,stack_cost_only,1.3333333333333335,20.0,True,55.0,60000.0,0.0,0.0,0.0,0.0,
6903,新疆,光伏,stack_cost_only,1.3333333333333335,20.0,True,55.0,60000.0,0.0,0.0,0.0,0.0,
6907,新疆,光伏,stack_cost_only,1.3333333333333335,20.0,True,55.0,60000.0,0.0,0.0,0.0,0.0,
6911,新疆,光伏,stack_cost_only,1.3333333333333335,20.0,True,55.0,60000.0,0.0,0.0,0.0,0.0,
6912,新疆,光伏,stack_cost_only,1.3333333333333335,20.0,True,55.0,60000.0,0.0,0.0,0.0,0.0,
6913,新疆,光伏,stack_cost_only,1.3333333333333335,20.0,True,55.0,60000.0,0.0,0.0,0.0,0.0,
6916,新疆,光伏,stack_cost_only,1.3333333333333335,20.0,True,55.0,60000.0,0.0,0.0,0.0,0.0,
6918,新疆,光伏,stack_cost_only,1.3333333333333335,20.0,True,55.0,60000.0,0.0,0.0,0.0,0.0,
6928,新疆,光伏,stack_cost_only,1.3333333333333335,20.0,True,55.0,60000.0,0.0,0.0,0.0,0.0,
6934,新疆,光伏,stack_cost_only,1.3333333333333335,20.0,True,55.0,60000.0,0.0,0.0,0.0,0.0,
6938,新疆,光伏,stack_cost_only,1.3333333333333335,20.0,True,55.0,60000.0,0.0,0.0,0.0,0.0,
6947,新疆,光伏,stack_cost_only,1.3333333333333335,20.0,True,55.0,60000.0,0.0,0.0,0.0,0.0,
6953,新疆,光伏,stack_cost_only,1.3333333333333335,20.0,True,55.0,60000.0,0.0,0.0,0.0,0.0,
6959,新疆,光伏,stack_cost_only,1.3333333333333335,20.0,True,55.0,60000.0,0.0,0.0,0.0,0.0,
6963,新疆,光伏,stack_cost_only,1.3333333333333335,20.0,True,55.0,60000.0,0.0,0.0,0.0,0.0,
697,甘肃,光伏,stack_cost_only,1.3333333333333335,20.0,True,55.0,60000.0,0.0,0.0,0.0,0.0,
6975,新疆,光伏,stack_cost_only,1.3333333333333335,20.0,True,55.0,60000.0,0.0,0.0,0.0,0.0,
6981,新疆,光伏,stack_cost_only,1.3333333333333335,20.0,True,55.0,60000.0,0.0,0.0,0.0,0.0,
6998,新疆,光伏,stack_cost_only,1.3333333333333335,20.0,True,55.0,60000.0,0.0,0.0,0.0,0.0,
6999,新疆,光伏,stack_cost_only,1.3333333333333335,20.0,True,55.0,60000.0,0.0,0.0,0.0,0.0,
7114,新疆,光伏,stack_cost_only,1.3333333333333335,20.0,True,55.0,60000.0,0.0,0.0,0.0,0.0,
724,甘肃,光伏,stack_cost_only,1.3333333333333335,20.0,True,55.0,60000.0,0.0,0.0,0.0,0.0,
7274,新疆,光伏,stack_cost_only,1.3333333333333335,20.0,True,55.0,60000.0,0.0,0.0,0.0,0.0,
7284,新疆,光伏,stack_cost_only,1.3333333333333335,20.0,True,55.0,60000.0,0.0,0.0,0.0,0.0,
7325,新疆,光伏,stack_cost_only,1.3333333333333335,20.0,True,55.0,60000.0,0.0,0.0,0.0,0.0,
7332,新疆,光伏,stack_cost_only,1.3333333333333335,20.0,True,55.0,60000.0,0.0,0.0,0.0,0.0,
7361,新疆,光伏,stack_cost_only,1.3333333333333335,20.0,True,55.0,60000.0,0.0,0.0,0.0,0.0,
770,甘肃,光伏,stack_cost_only,1.3333333333333335,20.0,True,55.0,60000.0,0.0,0.0,0.0,0.0,
782,甘肃,光伏,stack_cost_only,1.3333333333333335,20.0,True,55.0,60000.0,0.0,0.0,0.0,0.0,
810,甘肃,光伏,stack_cost_only,1.3333333333333335,20.0,True,55.0,60000.0,0.0,0.0,0.0,0.0,
814,甘肃,光伏,stack_cost_only,1.3333333333333335,20.0,True,55.0,60000.0,0.0,0.0,0.0,0.0,
816,甘肃,光伏,stack_cost_only,1.3333333333333335,20.0,True,55.0,60000.0,0.0,0.0,0.0,0.0,
8314,青海,光伏,stack_cost_only,1.3333333333333335,20.0,True,55.0,60000.0,0.0,0.0,0.0,0.0,
8326,青海,光伏,stack_cost_only,1.3333333333333335,20.0,True,55.0,60000.0,0.0,0.0,0.0,0.0,
886,甘肃,光伏,stack_cost_only,1.3333333333333335,20.0,True,55.0,60000.0,0.0,0.0,0.0,0.0,
895,甘肃,光伏,stack_cost_only,1.3333333333333335,20.0,True,55.0,60000.0,0.0,0.0,0.0,0.0,
931,甘肃,光伏,stack_cost_only,1.3333333333333335,20.0,True,55.0,60000.0,0.0,0.0,0.0,0.0,
935,甘肃,光伏,stack_cost_only,1.3333333333333335,20.0,True,55.0,60000.0,0.0,0.0,0.0,0.0,
943,甘肃,光伏,stack_cost_only,1.3333333333333335,20.0,True,55.0,60000.0,0.0,0.0,0.0,0.0,
954,甘肃,光伏,stack_cost_only,1.3333333333333335,20.0,True,55.0,60000.0,0.0,0.0,0.0,0.0,
957,甘肃,光伏,stack_cost_only,1.3333333333333335,20.0,True,55.0,60000.0,0.0,0.0,0.0,0.0,
963,甘肃,光伏,stack_cost_only,1.3333333333333335,20.0,True,55.0,60000.0,0.0,0.0,0.0,0.0,
W1057,广西,风电,stack_cost_only,1.3333333333333335,20.0,True,55.0,60000.0,0.0,0.0,0.0,0.0,
W1069,广西,风电,stack_cost_only,1.3333333333333335,20.0,True,55.0,60000.0,0.0,0.0,0.0,0.0,
W1073,广西,风电,stack_cost_only,1.3333333333333335,20.0,True,55.0,60000.0,0.0,0.0,0.0,0.0,
W113,甘肃,风电,stack_cost_only,1.3333333333333335,20.0,True,55.0,60000.0,0.0,0.0,0.0,0.0,
W1130,河北,风电,stack_cost_only,1.3333333333333335,20.0,True,55.0,60000.0,0.0,0.0,0.0,0.0,
W1134,河北,风电,stack_cost_only,1.3333333333333335,20.0,True,55.0,60000.0,0.0,0.0,0.0,0.0,
W114,甘肃,风电,stack_cost_only,1.3333333333333335,20.0,True,55.0,60000.0,0.0,0.0,0.0,0.0,
W115,甘肃,风电,stack_cost_only,1.3333333333333335,20.0,True,55.0,60000.0,0.0,0.0,0.0,0.0,
W116,甘肃,风电,stack_cost_only,1.3333333333333335,20.0,True,55.0,60000.0,0.0,0.0,0.0,0.0,
W117,甘肃,风电,stack_cost_only,1.3333333333333335,20.0,True,55.0,60000.0,0.0,0.0,0.0,0.0,
W1223,陕西,风电,stack_cost_only,1.3333333333333335,20.0,True,55.0,60000.0,0.0,0.0,0.0,0.0,
W123,甘肃,风电,stack_cost_only,1.3333333333333335,20.0,True,55.0,60000.0,0.0,0.0,0.0,0.0,
W127,甘肃,风电,stack_cost_only,1.3333333333333335,20.0,True,55.0,60000.0,0.0,0.0,0.0,0.0,
W1273,广西,风电,stack_cost_only,1.3333333333333335,20.0,True,55.0,60000.0,0.0,0.0,0.0,0.0,
W128,甘肃,风电,stack_cost_only,1.3333333333333335,20.0,True,55.0,60000.0,0.0,0.0,0.0,0.0,
W1280,河北,风电,stack_cost_only,1.3333333333333335,20.0,True,55.0,60000.0,0.0,0.0,0.0,0.0,
W1284,河北,风电,stack_cost_only,1.3333333333333335,20.0,True,55.0,60000.0,0.0,0.0,0.0,0.0,
W129,甘肃,风电,stack_cost_only,1.3333333333333335,20.0,True,55.0,60000.0,0.0,0.0,0.0,0.0,
W130,甘肃,风电,stack_cost_only,1.3333333333333335,20.0,True,55.0,60000.0,0.0,0.0,0.0,0.0,
W131,甘肃,风电,stack_cost_only,1.3333333333333335,20.0,True,55.0,60000.0,0.0,0.0,0.0,0.0,
W132,甘肃,风电,stack_cost_only,1.3333333333333335,20.0,True,55.0,60000.0,0.0,0.0,0.0,0.0,
W133,甘肃,风电,stack_cost_only,1.3333333333333335,20.0,True,55.0,60000.0,0.0,0.0,0.0,0.0,
W134,甘肃,风电,stack_cost_only,1.3333333333333335,20.0,True,55.0,60000.0,0.0,0.0,0.0,0.0,
W1340,河北,风电,stack_cost_only,1.3333333333333335,20.0,True,55.0,60000.0,0.0,0.0,0.0,0.0,
W1356,河北,风电,stack_cost_only,1.3333333333333335,20.0,True,55.0,60000.0,0.0,0.0,0.0,0.0,
W1358,河北,风电,stack_cost_only,1.3333333333333335,20.0,True,55.0,60000.0,0.0,0.0,0.0,0.0,
W136,甘肃,风电,stack_cost_only,1.3333333333333335,20.0,True,55.0,60000.0,0.0,0.0,0.0,0.0,
W1360,河北,风电,stack_cost_only,1.3333333333333335,20.0,True,55.0,60000.0,0.0,0.0,0.0,0.0,
W1362,河北,风电,stack_cost_only,1.3333333333333335,20.0,True,55.0,60000.0,0.0,0.0,0.0,0.0,
W1374,河北,风电,stack_cost_only,1.3333333333333335,20.0,True,55.0,60000.0,0.0,0.0,0.0,0.0,
W1376,河北,风电,stack_cost_only,1.3333333333333335,20.0,True,55.0,60000.0,0.0,0.0,0.0,0.0,
W138,甘肃,风电,stack_cost_only,1.3333333333333335,20.0,True,55.0,60000.0,0.0,0.0,0.0,0.0,
W1387,河北,风电,stack_cost_only,1.3333333333333335,20.0,True,55.0,60000.0,0.0,0.0,0.0,0.0,
W1389,河北,风电,stack_cost_only,1.3333333333333335,20.0,True,55.0,60000.0,0.0,0.0,0.0,0.0,
W139,甘肃,风电,stack_cost_only,1.3333333333333335,20.0,True,55.0,60000.0,0.0,0.0,0.0,0.0,
W140,甘肃,风电,stack_cost_only,1.3333333333333335,20.0,True,55.0,60000.0,0.0,0.0,0.0,0.0,
W141,甘肃,风电,stack_cost_only,1.3333333333333335,20.0,True,55.0,60000.0,0.0,0.0,0.0,0.0,
W1482,海南,风电,stack_cost_only,1.3333333333333335,20.0,True,55.0,60000.0,0.0,0.0,0.0,0.0,
W1483,海南,风电,stack_cost_only,1.3333333333333335,20.0,True,55.0,60000.0,0.0,0.0,0.0,0.0,
W1502,河北,风电,stack_cost_only,1.3333333333333335,20.0,True,55.0,60000.0,0.0,0.0,0.0,0.0,
W1509,河北,风电,stack_cost_only,1.3333333333333335,20.0,True,55.0,60000.0,0.0,0.0,0.0,0.0,
W1529,河北,风电,stack_cost_only,1.3333333333333335,20.0,True,55.0,60000.0,0.0,0.0,0.0,0.0,
W1603,广西,风电,stack_cost_only,1.3333333333333335,20.0,True,55.0,60000.0,0.0,0.0,0.0,0.0,
W1612,河北,风电,stack_cost_only,1.3333333333333335,20.0,True,55.0,60000.0,0.0,0.0,0.0,0.0,
W1686,广西,风电,stack_cost_only,1.3333333333333335,20.0,True,55.0,60000.0,0.0,0.0,0.0,0.0,
W1769,广西,风电,stack_cost_only,1.3333333333333335,20.0,True,55.0,60000.0,0.0,0.0,0.0,0.0,
W1774,广西,风电,stack_cost_only,1.3333333333333335,20.0,True,55.0,60000.0,0.0,0.0,0.0,0.0,
W1866,河北,风电,stack_cost_only,1.3333333333333335,20.0,True,55.0,60000.0,0.0,0.0,0.0,0.0,
W1875,河北,风电,stack_cost_only,1.3333333333333335,20.0,True,55.0,60000.0,0.0,0.0,0.0,0.0,
W1883,河北,风电,stack_cost_only,1.3333333333333335,20.0,True,55.0,60000.0,0.0,0.0,0.0,0.0,
W1887,河北,风电,stack_cost_only,1.3333333333333335,20.0,True,55.0,60000.0,0.0,0.0,0.0,0.0,
W1892,河北,风电,stack_cost_only,1.3333333333333335,20.0,True,55.0,60000.0,0.0,0.0,0.0,0.0,
W2206,黑龙江,风电,stack_cost_only,1.3333333333333335,20.0,True,55.0,60000.0,0.0,0.0,0.0,0.0,
W2208,黑龙江,风电,stack_cost_only,1.3333333333333335,20.0,True,55.0,60000.0,0.0,0.0,0.0,0.0,
W2214,黑龙江,风电,stack_cost_only,1.3333333333333335,20.0,True,55.0,60000.0,0.0,0.0,0.0,0.0,
W2237,黑龙江,风电,stack_cost_only,1.3333333333333335,20.0,True,55.0,60000.0,0.0,0.0,0.0,0.0,
W2263,河北,风电,stack_cost_only,1.3333333333333335,20.0,True,55.0,60000.0,0.0,0.0,0.0,0.0,
W2266,河北,风电,stack_cost_only,1.3333333333333335,20.0,True,55.0,60000.0,0.0,0.0,0.0,0.0,
W2269,黑龙江,风电,stack_cost_only,1.3333333333333335,20.0,True,55.0,60000.0,0.0,0.0,0.0,0.0,
W2282,黑龙江,风电,stack_cost_only,1.3333333333333335,20.0,True,55.0,60000.0,0.0,0.0,0.0,0.0,
W2377,河北,风电,stack_cost_only,1.3333333333333335,20.0,True,55.0,60000.0,0.0,0.0,0.0,0.0,
W2379,黑龙江,风电,stack_cost_only,1.3333333333333335,20.0,True,55.0,60000.0,0.0,0.0,0.0,0.0,
W2383,黑龙江,风电,stack_cost_only,1.3333333333333335,20.0,True,55.0,60000.0,0.0,0.0,0.0,0.0,
W2404,黑龙江,风电,stack_cost_only,1.3333333333333335,20.0,True,55.0,60000.0,0.0,0.0,0.0,0.0,
W2420,黑龙江,风电,stack_cost_only,1.3333333333333335,20.0,True,55.0,60000.0,0.0,0.0,0.0,0.0,
W2431,河北,风电,stack_cost_only,1.3333333333333335,20.0,True,55.0,60000.0,0.0,0.0,0.0,0.0,
W2436,河北,风电,stack_cost_only,1.3333333333333335,20.0,True,55.0,60000.0,0.0,0.0,0.0,0.0,
W2441,河北,风电,stack_cost_only,1.3333333333333335,20.0,True,55.0,60000.0,0.0,0.0,0.0,0.0,
W2455,河北,风电,stack_cost_only,1.3333333333333335,20.0,True,55.0,60000.0,0.0,0.0,0.0,0.0,
W2456,黑龙江,风电,stack_cost_only,1.3333333333333335,20.0,True,55.0,60000.0,0.0,0.0,0.0,0.0,
W2461,河北,风电,stack_cost_only,1.3333333333333335,20.0,True,55.0,60000.0,0.0,0.0,0.0,0.0,
W2465,河北,风电,stack_cost_only,1.3333333333333335,20.0,True,55.0,60000.0,0.0,0.0,0.0,0.0,
W2466,黑龙江,风电,stack_cost_only,1.3333333333333335,20.0,True,55.0,60000.0,0.0,0.0,0.0,0.0,
W2471,黑龙江,风电,stack_cost_only,1.3333333333333335,20.0,True,55.0,60000.0,0.0,0.0,0.0,0.0,
W2475,黑龙江,风电,stack_cost_only,1.3333333333333335,20.0,True,55.0,60000.0,0.0,0.0,0.0,0.0,
W2482,河北,风电,stack_cost_only,1.3333333333333335,20.0,True,55.0,60000.0,0.0,0.0,0.0,0.0,
W2488,河北,风电,stack_cost_only,1.3333333333333335,20.0,True,55.0,60000.0,0.0,0.0,0.0,0.0,
W2495,黑龙江,风电,stack_cost_only,1.3333333333333335,20.0,True,55.0,60000.0,0.0,0.0,0.0,0.0,
W2497,黑龙江,风电,stack_cost_only,1.3333333333333335,20.0,True,55.0,60000.0,0.0,0.0,0.0,0.0,
W2504,黑龙江,风电,stack_cost_only,1.3333333333333335,20.0,True,55.0,60000.0,0.0,0.0,0.0,0.0,
W2507,河北,风电,stack_cost_only,1.3333333333333335,20.0,True,55.0,60000.0,0.0,0.0,0.0,0.0,
W2515,河北,风电,stack_cost_only,1.3333333333333335,20.0,True,55.0,60000.0,0.0,0.0,0.0,0.0,
W2524,黑龙江,风电,stack_cost_only,1.3333333333333335,20.0,True,55.0,60000.0,0.0,0.0,0.0,0.0,
W2525,河北,风电,stack_cost_only,1.3333333333333335,20.0,True,55.0,60000.0,0.0,0.0,0.0,0.0,
W2553,黑龙江,风电,stack_cost_only,1.3333333333333335,20.0,True,55.0,60000.0,0.0,0.0,0.0,0.0,
W2567,黑龙江,风电,stack_cost_only,1.3333333333333335,20.0,True,55.0,60000.0,0.0,0.0,0.0,0.0,
W2577,黑龙江,风电,stack_cost_only,1.3333333333333335,20.0,True,55.0,60000.0,0.0,0.0,0.0,0.0,
W2590,黑龙江,风电,stack_cost_only,1.3333333333333335,20.0,True,55.0,60000.0,0.0,0.0,0.0,0.0,
W2604,黑龙江,风电,stack_cost_only,1.3333333333333335,20.0,True,55.0,60000.0,0.0,0.0,0.0,0.0,
W2610,黑龙江,风电,stack_cost_only,1.3333333333333335,20.0,True,55.0,60000.0,0.0,0.0,0.0,0.0,
W2622,黑龙江,风电,stack_cost_only,1.3333333333333335,20.0,True,55.0,60000.0,0.0,0.0,0.0,0.0,
W2626,黑龙江,风电,stack_cost_only,1.3333333333333335,20.0,True,55.0,60000.0,0.0,0.0,0.0,0.0,
W2638,黑龙江,风电,stack_cost_only,1.3333333333333335,20.0,True,55.0,60000.0,0.0,0.0,0.0,0.0,
W2648,黑龙江,风电,stack_cost_only,1.3333333333333335,20.0,True,55.0,60000.0,0.0,0.0,0.0,0.0,
W2655,黑龙江,风电,stack_cost_only,1.3333333333333335,20.0,True,55.0,60000.0,0.0,0.0,0.0,0.0,
W2670,黑龙江,风电,stack_cost_only,1.3333333333333335,20.0,True,55.0,60000.0,0.0,0.0,0.0,0.0,
W2693,黑龙江,风电,stack_cost_only,1.3333333333333335,20.0,True,55.0,60000.0,0.0,0.0,0.0,0.0,
W2703,黑龙江,风电,stack_cost_only,1.3333333333333335,20.0,True,55.0,60000.0,0.0,0.0,0.0,0.0,
W2708,黑龙江,风电,stack_cost_only,1.3333333333333335,20.0,True,55.0,60000.0,0.0,0.0,0.0,0.0,
W2736,黑龙江,风电,stack_cost_only,1.3333333333333335,20.0,True,55.0,60000.0,0.0,0.0,0.0,0.0,
W2751,黑龙江,风电,stack_cost_only,1.3333333333333335,20.0,True,55.0,60000.0,0.0,0.0,0.0,0.0,
W2766,黑龙江,风电,stack_cost_only,1.3333333333333335,20.0,True,55.0,60000.0,0.0,0.0,0.0,0.0,
W2780,河北,风电,stack_cost_only,1.3333333333333335,20.0,True,55.0,60000.0,0.0,0.0,0.0,0.0,
W2781,黑龙江,风电,stack_cost_only,1.3333333333333335,20.0,True,55.0,60000.0,0.0,0.0,0.0,0.0,
W2786,河北,风电,stack_cost_only,1.3333333333333335,20.0,True,55.0,60000.0,0.0,0.0,0.0,0.0,
W2790,黑龙江,风电,stack_cost_only,1.3333333333333335,20.0,True,55.0,60000.0,0.0,0.0,0.0,0.0,
W2792,河北,风电,stack_cost_only,1.3333333333333335,20.0,True,55.0,60000.0,0.0,0.0,0.0,0.0,
W2797,河北,风电,stack_cost_only,1.3333333333333335,20.0,True,55.0,60000.0,0.0,0.0,0.0,0.0,
W2803,黑龙江,风电,stack_cost_only,1.3333333333333335,2.2,False,55.0,60000.0,0.010000000000000009,0.001100000000000001,0.0,0.0,0.3970252062864267
W2813,黑龙江,风电,stack_cost_only,1.3333333333333335,20.0,True,55.0,60000.0,0.0,0.0,0.0,0.0,
W2820,黑龙江,风电,stack_cost_only,1.3333333333333335,20.0,True,55.0,60000.0,0.0,0.0,0.0,0.0,
W2822,黑龙江,风电,stack_cost_only,1.3333333333333335,20.0,True,55.0,60000.0,0.0,0.0,0.0,0.0,
W2824,黑龙江,风电,stack_cost_only,1.3333333333333335,20.0,True,55.0,60000.0,0.0,0.0,0.0,0.0,
W2833,黑龙江,风电,stack_cost_only,1.3333333333333335,20.0,True,55.0,60000.0,0.0,0.0,0.0,0.0,
W2843,黑龙江,风电,stack_cost_only,1.3333333333333335,20.0,True,55.0,60000.0,0.0,0.0,0.0,0.0,
W2845,黑龙江,风电,stack_cost_only,1.3333333333333335,20.0,True,55.0,60000.0,0.0,0.0,0.0,0.0,
W2869,黑龙江,风电,stack_cost_only,1.3333333333333335,20.0,True,55.0,60000.0,0.0,0.0,0.0,0.0,
W2877,黑龙江,风电,stack_cost_only,1.3333333333333335,20.0,True,55.0,60000.0,0.0,0.0,0.0,0.0,
W2902,黑龙江,风电,stack_cost_only,1.3333333333333335,20.0,True,55.0,60000.0,0.0,0.0,0.0,0.0,
W2907,黑龙江,风电,stack_cost_only,1.3333333333333335,20.0,True,55.0,60000.0,0.0,0.0,0.0,0.0,
W2911,黑龙江,风电,stack_cost_only,1.3333333333333335,20.0,True,55.0,60000.0,0.0,0.0,0.0,0.0,
W2919,黑龙江,风电,stack_cost_only,1.3333333333333335,20.0,True,55.0,60000.0,0.0,0.0,0.0,0.0,
W2924,黑龙江,风电,stack_cost_only,1.3333333333333335,20.0,True,55.0,60000.0,0.0,0.0,0.0,0.0,
W2934,黑龙江,风电,stack_cost_only,1.3333333333333335,20.0,True,55.0,60000.0,0.0,0.0,0.0,0.0,
W2966,黑龙江,风电,stack_cost_only,1.3333333333333335,20.0,True,55.0,60000.0,0.0,0.0,0.0,0.0,
W2967,黑龙江,风电,stack_cost_only,1.3333333333333335,20.0,True,55.0,60000.0,0.0,0.0,0.0,0.0,
W2970,黑龙江,风电,stack_cost_only,1.3333333333333335,20.0,True,55.0,60000.0,0.0,0.0,0.0,0.0,
W2972,黑龙江,风电,stack_cost_only,1.3333333333333335,20.0,True,55.0,60000.0,0.0,0.0,0.0,0.0,
W2975,黑龙江,风电,stack_cost_only,1.3333333333333335,20.0,True,55.0,60000.0,0.0,0.0,0.0,0.0,
W2978,黑龙江,风电,stack_cost_only,1.3333333333333335,20.0,True,55.0,60000.0,0.0,0.0,0.0,0.0,
W2979,黑龙江,风电,stack_cost_only,1.3333333333333335,20.0,True,55.0,60000.0,0.0,0.0,0.0,0.0,
W3240,内蒙古,风电,stack_cost_only,1.3333333333333335,20.0,True,55.0,60000.0,0.0,0.0,0.0,0.0,
W3243,湖南,风电,stack_cost_only,1.3333333333333335,20.0,True,55.0,60000.0,0.0,0.0,0.0,0.0,
W3274,内蒙古,风电,stack_cost_only,1.3333333333333335,20.0,True,55.0,60000.0,0.0,0.0,0.0,0.0,
W3282,内蒙古,风电,stack_cost_only,1.3333333333333335,20.0,True,55.0,60000.0,0.0,0.0,0.0,0.0,
W3410,湖南,风电,stack_cost_only,1.3333333333333335,20.0,True,55.0,60000.0,0.0,0.0,0.0,0.0,
W3447,湖南,风电,stack_cost_only,1.3333333333333335,20.0,True,55.0,60000.0,0.0,0.0,0.0,0.0,
W3449,湖南,风电,stack_cost_only,1.3333333333333335,20.0,True,55.0,60000.0,0.0,0.0,0.0,0.0,
W3459,湖南,风电,stack_cost_only,1.3333333333333335,20.0,True,55.0,60000.0,0.0,0.0,0.0,0.0,
W3463,湖南,风电,stack_cost_only,1.3333333333333335,20.0,True,55.0,60000.0,0.0,0.0,0.0,0.0,
W3983,湖南,风电,stack_cost_only,1.3333333333333335,20.0,True,55.0,60000.0,0.0,0.0,0.0,0.0,
W4047,内蒙古,风电,stack_cost_only,1.3333333333333335,20.0,True,55.0,60000.0,0.0,0.0,0.0,0.0,
W4050,内蒙古,风电,stack_cost_only,1.3333333333333335,20.0,True,55.0,60000.0,0.0,0.0,0.0,0.0,
W4054,内蒙古,风电,stack_cost_only,1.3333333333333335,20.0,True,55.0,60000.0,0.0,0.0,0.0,0.0,
W4062,内蒙古,风电,stack_cost_only,1.3333333333333335,20.0,True,55.0,60000.0,0.0,0.0,0.0,0.0,
W4101,内蒙古,风电,stack_cost_only,1.3333333333333335,20.0,True,55.0,60000.0,0.0,0.0,0.0,0.0,
W4230,内蒙古,风电,stack_cost_only,1.3333333333333335,20.0,True,55.0,60000.0,0.0,0.0,0.0,0.0,
W4253,内蒙古,风电,stack_cost_only,1.3333333333333335,20.0,True,55.0,60000.0,0.0,0.0,0.0,0.0,
W4268,内蒙古,风电,stack_cost_only,1.3333333333333335,20.0,True,55.0,60000.0,0.0,0.0,0.0,0.0,
W4304,内蒙古,风电,stack_cost_only,1.3333333333333335,20.0,True,55.0,60000.0,0.0,0.0,0.0,0.0,
W4313,内蒙古,风电,stack_cost_only,1.3333333333333335,20.0,True,55.0,60000.0,0.0,0.0,0.0,0.0,
W4386,内蒙古,风电,stack_cost_only,1.3333333333333335,20.0,True,55.0,60000.0,0.0,0.0,0.0,0.0,
W4461,内蒙古,风电,stack_cost_only,1.3333333333333335,20.0,True,55.0,60000.0,0.0,0.0,0.0,0.0,
W4475,内蒙古,风电,stack_cost_only,1.3333333333333335,20.0,True,55.0,60000.0,0.0,0.0,0.0,0.0,
W4484,内蒙古,风电,stack_cost_only,1.3333333333333335,20.0,True,55.0,60000.0,0.0,0.0,0.0,0.0,
W4505,内蒙古,风电,stack_cost_only,1.3333333333333335,20.0,True,55.0,60000.0,0.0,0.0,0.0,0.0,
W4510,内蒙古,风电,stack_cost_only,1.3333333333333335,20.0,True,55.0,60000.0,0.0,0.0,0.0,0.0,
W4517,内蒙古,风电,stack_cost_only,1.3333333333333335,20.0,True,55.0,60000.0,0.0,0.0,0.0,0.0,
W4522,内蒙古,风电,stack_cost_only,1.3333333333333335,20.0,True,55.0,60000.0,0.0,0.0,0.0,0.0,
W4534,内蒙古,风电,stack_cost_only,1.3333333333333335,20.0,True,55.0,60000.0,0.0,0.0,0.0,0.0,
W4548,内蒙古,风电,stack_cost_only,1.3333333333333335,20.0,True,55.0,60000.0,0.0,0.0,0.0,0.0,
W4551,内蒙古,风电,stack_cost_only,1.3333333333333335,20.0,True,55.0,60000.0,0.0,0.0,0.0,0.0,
W4588,内蒙古,风电,stack_cost_only,1.3333333333333335,20.0,True,55.0,60000.0,0.0,0.0,0.0,0.0,
W4603,内蒙古,风电,stack_cost_only,1.3333333333333335,20.0,True,55.0,60000.0,0.0,0.0,0.0,0.0,
W4611,内蒙古,风电,stack_cost_only,1.3333333333333335,20.0,True,55.0,60000.0,0.0,0.0,0.0,0.0,
W4721,内蒙古,风电,stack_cost_only,1.3333333333333335,20.0,True,55.0,60000.0,0.0,0.0,0.0,0.0,
W4736,内蒙古,风电,stack_cost_only,1.3333333333333335,20.0,True,55.0,60000.0,0.0,0.0,0.0,0.0,
W4753,内蒙古,风电,stack_cost_only,1.3333333333333335,20.0,True,55.0,60000.0,0.0,0.0,0.0,0.0,
W4783,内蒙古,风电,stack_cost_only,1.3333333333333335,20.0,True,55.0,60000.0,0.0,0.0,0.0,0.0,
W4791,内蒙古,风电,stack_cost_only,1.3333333333333335,20.0,True,55.0,60000.0,0.0,0.0,0.0,0.0,
W4807,内蒙古,风电,stack_cost_only,1.3333333333333335,20.0,True,55.0,60000.0,0.0,0.0,0.0,0.0,
W4808,内蒙古,风电,stack_cost_only,1.3333333333333335,20.0,True,55.0,60000.0,0.0,0.0,0.0,0.0,
W4814,内蒙古,风电,stack_cost_only,1.3333333333333335,20.0,True,55.0,60000.0,0.0,0.0,0.0,0.0,
W4815,内蒙古,风电,stack_cost_only,1.3333333333333335,20.0,True,55.0,60000.0,0.0,0.0,0.0,0.0,
W4832,内蒙古,风电,stack_cost_only,1.3333333333333335,20.0,True,55.0,60000.0,0.0,0.0,0.0,0.0,
W4837,内蒙古,风电,stack_cost_only,1.3333333333333335,20.0,True,55.0,60000.0,0.0,0.0,0.0,0.0,
W4852,内蒙古,风电,stack_cost_only,1.3333333333333335,20.0,True,55.0,60000.0,0.0,0.0,0.0,0.0,
W4875,内蒙古,风电,stack_cost_only,1.3333333333333335,20.0,True,55.0,60000.0,0.0,0.0,0.0,0.0,
W4888,内蒙古,风电,stack_cost_only,1.3333333333333335,20.0,True,55.0,60000.0,0.0,0.0,0.0,0.0,
W4968,内蒙古,风电,stack_cost_only,1.3333333333333335,20.0,True,55.0,60000.0,0.0,0.0,0.0,0.0,
W4991,内蒙古,风电,stack_cost_only,1.3333333333333335,20.0,True,55.0,60000.0,0.0,0.0,0.0,0.0,
W5005,青海,风电,stack_cost_only,1.3333333333333335,20.0,True,55.0,60000.0,0.0,0.0,0.0,0.0,
W5007,青海,风电,stack_cost_only,1.3333333333333335,20.0,True,55.0,60000.0,0.0,0.0,0.0,0.0,
W5009,青海,风电,stack_cost_only,1.3333333333333335,20.0,True,55.0,60000.0,0.0,0.0,0.0,0.0,
W5010,青海,风电,stack_cost_only,1.3333333333333335,20.0,True,55.0,60000.0,0.0,0.0,0.0,0.0,
W5014,青海,风电,stack_cost_only,1.3333333333333335,20.0,True,55.0,60000.0,0.0,0.0,0.0,0.0,
W5019,青海,风电,stack_cost_only,1.3333333333333335,20.0,True,55.0,60000.0,0.0,0.0,0.0,0.0,
W5021,青海,风电,stack_cost_only,1.3333333333333335,20.0,True,55.0,60000.0,0.0,0.0,0.0,0.0,
W5022,青海,风电,stack_cost_only,1.3333333333333335,20.0,True,55.0,60000.0,0.0,0.0,0.0,0.0,
W5025,青海,风电,stack_cost_only,1.3333333333333335,20.0,True,55.0,60000.0,0.0,0.0,0.0,0.0,
W503,甘肃,风电,stack_cost_only,1.3333333333333335,20.0,True,55.0,60000.0,0.0,0.0,0.0,0.0,
W5035,青海,风电,stack_cost_only,1.3333333333333335,20.0,True,55.0,60000.0,0.0,0.0,0.0,0.0,
W5112,辽宁,风电,stack_cost_only,1.3333333333333335,20.0,True,55.0,60000.0,0.0,0.0,0.0,0.0,
W5190,辽宁,风电,stack_cost_only,1.3333333333333335,20.0,True,55.0,60000.0,0.0,0.0,0.0,0.0,
W5243,辽宁,风电,stack_cost_only,1.3333333333333335,20.0,True,55.0,60000.0,0.0,0.0,0.0,0.0,
W5305,辽宁,风电,stack_cost_only,1.3333333333333335,20.0,True,55.0,60000.0,0.0,0.0,0.0,0.0,
W5423,辽宁,风电,stack_cost_only,1.3333333333333335,20.0,True,55.0,60000.0,0.0,0.0,0.0,0.0,
W5501,山东,风电,stack_cost_only,1.3333333333333335,20.0,True,55.0,60000.0,0.0,0.0,0.0,0.0,
W5754,青海,风电,stack_cost_only,1.3333333333333335,20.0,True,55.0,60000.0,0.0,0.0,0.0,0.0,
W5824,吉林,风电,stack_cost_only,1.3333333333333335,20.0,True,55.0,60000.0,0.0,0.0,0.0,0.0,
W583,甘肃,风电,stack_cost_only,1.3333333333333335,20.0,True,55.0,60000.0,0.0,0.0,0.0,0.0,
W584,甘肃,风电,stack_cost_only,1.3333333333333335,20.0,True,55.0,60000.0,0.0,0.0,0.0,0.0,
W585,甘肃,风电,stack_cost_only,1.3333333333333335,20.0,True,55.0,60000.0,0.0,0.0,0.0,0.0,
W5940,青海,风电,stack_cost_only,1.3333333333333335,20.0,True,55.0,60000.0,0.0,0.0,0.0,0.0,
W5948,吉林,风电,stack_cost_only,1.3333333333333335,20.0,True,55.0,60000.0,0.0,0.0,0.0,0.0,
W5967,辽宁,风电,stack_cost_only,1.3333333333333335,20.0,True,55.0,60000.0,0.0,0.0,0.0,0.0,
W6268,山西,风电,stack_cost_only,1.3333333333333335,20.0,True,55.0,60000.0,0.0,0.0,0.0,0.0,
W6270,山西,风电,stack_cost_only,1.3333333333333335,20.0,True,55.0,60000.0,0.0,0.0,0.0,0.0,
W6271,山西,风电,stack_cost_only,1.3333333333333335,20.0,True,55.0,60000.0,0.0,0.0,0.0,0.0,
W629,甘肃,风电,stack_cost_only,1.3333333333333335,20.0,True,55.0,60000.0,0.0,0.0,0.0,0.0,
W6339,山东,风电,stack_cost_only,1.3333333333333335,20.0,True,55.0,60000.0,0.0,0.0,0.0,0.0,
W6375,山东,风电,stack_cost_only,1.3333333333333335,20.0,True,55.0,60000.0,0.0,0.0,0.0,0.0,
W6384,山东,风电,stack_cost_only,1.3333333333333335,20.0,True,55.0,60000.0,0.0,0.0,0.0,0.0,
W6386,山东,风电,stack_cost_only,1.3333333333333335,20.0,True,55.0,60000.0,0.0,0.0,0.0,0.0,
W6452,山西,风电,stack_cost_only,1.3333333333333335,20.0,True,55.0,60000.0,0.0,0.0,0.0,0.0,
W6550,山西,风电,stack_cost_only,1.3333333333333335,20.0,True,55.0,60000.0,0.0,0.0,0.0,0.0,
W6710,山西,风电,stack_cost_only,1.3333333333333335,20.0,True,55.0,60000.0,0.0,0.0,0.0,0.0,
W6723,山西,风电,stack_cost_only,1.3333333333333335,20.0,True,55.0,60000.0,0.0,0.0,0.0,0.0,
W6906,山西,风电,stack_cost_only,1.3333333333333335,20.0,True,55.0,60000.0,0.0,0.0,0.0,0.0,
W6910,山东,风电,stack_cost_only,1.3333333333333335,20.0,True,55.0,60000.0,0.0,0.0,0.0,0.0,
W6914,山西,风电,stack_cost_only,1.3333333333333335,20.0,True,55.0,60000.0,0.0,0.0,0.0,0.0,
W6915,山西,风电,stack_cost_only,1.3333333333333335,20.0,True,55.0,60000.0,0.0,0.0,0.0,0.0,
W6918,山东,风电,stack_cost_only,1.3333333333333335,20.0,True,55.0,60000.0,0.0,0.0,0.0,0.0,
W6931,山东,风电,stack_cost_only,1.3333333333333335,20.0,True,55.0,60000.0,0.0,0.0,0.0,0.0,
W6937,山东,风电,stack_cost_only,1.3333333333333335,20.0,True,55.0,60000.0,0.0,0.0,0.0,0.0,
W6945,山东,风电,stack_cost_only,1.3333333333333335,20.0,True,55.0,60000.0,0.0,0.0,0.0,0.0,
W6954,山东,风电,stack_cost_only,1.3333333333333335,20.0,True,55.0,60000.0,0.0,0.0,0.0,0.0,
W6956,山东,风电,stack_cost_only,1.3333333333333335,20.0,True,55.0,60000.0,0.0,0.0,0.0,0.0,
W7010,新疆,风电,stack_cost_only,1.3333333333333335,20.0,True,55.0,60000.0,0.0,0.0,0.0,0.0,
W7013,新疆,风电,stack_cost_only,1.3333333333333335,20.0,True,55.0,60000.0,0.0,0.0,0.0,0.0,
W7016,新疆,风电,stack_cost_only,1.3333333333333335,20.0,True,55.0,60000.0,0.0,0.0,0.0,0.0,
W7058,山西,风电,stack_cost_only,1.3333333333333335,20.0,True,55.0,60000.0,0.0,0.0,0.0,0.0,
W7080,山西,风电,stack_cost_only,1.3333333333333335,20.0,True,55.0,60000.0,0.0,0.0,0.0,0.0,
W7118,山西,风电,stack_cost_only,1.3333333333333335,20.0,True,55.0,60000.0,0.0,0.0,0.0,0.0,
W7124,山西,风电,stack_cost_only,1.3333333333333335,20.0,True,55.0,60000.0,0.0,0.0,0.0,0.0,
W7125,山西,风电,stack_cost_only,1.3333333333333335,20.0,True,55.0,60000.0,0.0,0.0,0.0,0.0,
W7127,山西,风电,stack_cost_only,1.3333333333333335,20.0,True,55.0,60000.0,0.0,0.0,0.0,0.0,
W7194,新疆,风电,stack_cost_only,1.3333333333333335,20.0,True,55.0,60000.0,0.0,0.0,0.0,0.0,
W7196,山西,风电,stack_cost_only,1.3333333333333335,20.0,True,55.0,60000.0,0.0,0.0,0.0,0.0,
W7208,新疆,风电,stack_cost_only,1.3333333333333335,20.0,True,55.0,60000.0,0.0,0.0,0.0,0.0,
W7213,新疆,风电,stack_cost_only,1.3333333333333335,20.0,True,55.0,60000.0,0.0,0.0,0.0,0.0,
W7224,新疆,风电,stack_cost_only,1.3333333333333335,20.0,True,55.0,60000.0,0.0,0.0,0.0,0.0,
W7233,新疆,风电,stack_cost_only,1.3333333333333335,20.0,True,55.0,60000.0,0.0,0.0,0.0,0.0,
W7243,新疆,风电,stack_cost_only,1.3333333333333335,20.0,True,55.0,60000.0,0.0,0.0,0.0,0.0,
W7245,新疆,风电,stack_cost_only,1.3333333333333335,20.0,True,55.0,60000.0,0.0,0.0,0.0,0.0,
W7248,山西,风电,stack_cost_only,1.3333333333333335,20.0,True,55.0,60000.0,0.0,0.0,0.0,0.0,
W7253,山西,风电,stack_cost_only,1.3333333333333335,20.0,True,55.0,60000.0,0.0,0.0,0.0,0.0,
W7256,新疆,风电,stack_cost_only,1.3333333333333335,20.0,True,55.0,60000.0,0.0,0.0,0.0,0.0,
W7258,新疆,风电,stack_cost_only,1.3333333333333335,20.0,True,55.0,60000.0,0.0,0.0,0.0,0.0,
W7260,山西,风电,stack_cost_only,1.3333333333333335,20.0,True,55.0,60000.0,0.0,0.0,0.0,0.0,
W7268,新疆,风电,stack_cost_only,1.3333333333333335,20.0,True,55.0,60000.0,0.0,0.0,0.0,0.0,
W7269,山西,风电,stack_cost_only,1.3333333333333335,20.0,True,55.0,60000.0,0.0,0.0,0.0,0.0,
W7273,新疆,风电,stack_cost_only,1.3333333333333335,20.0,True,55.0,60000.0,0.0,0.0,0.0,0.0,
W7276,新疆,风电,stack_cost_only,1.3333333333333335,20.0,True,55.0,60000.0,0.0,0.0,0.0,0.0,
W7277,山西,风电,stack_cost_only,1.3333333333333335,20.0,True,55.0,60000.0,0.0,0.0,0.0,0.0,
W7285,新疆,风电,stack_cost_only,1.3333333333333335,20.0,True,55.0,60000.0,0.0,0.0,0.0,0.0,
W7287,新疆,风电,stack_cost_only,1.3333333333333335,20.0,True,55.0,60000.0,0.0,0.0,0.0,0.0,
W7371,山西,风电,stack_cost_only,1.3333333333333335,20.0,True,55.0,60000.0,0.0,0.0,0.0,0.0,
W7380,新疆,风电,stack_cost_only,1.3333333333333335,20.0,True,55.0,60000.0,0.0,0.0,0.0,0.0,
W7381,新疆,风电,stack_cost_only,1.3333333333333335,20.0,True,55.0,60000.0,0.0,0.0,0.0,0.0,
W7382,山西,风电,stack_cost_only,1.3333333333333335,20.0,True,55.0,60000.0,0.0,0.0,0.0,0.0,
W7383,新疆,风电,stack_cost_only,1.3333333333333335,20.0,True,55.0,60000.0,0.0,0.0,0.0,0.0,
W7399,新疆,风电,stack_cost_only,1.3333333333333335,20.0,True,55.0,60000.0,0.0,0.0,0.0,0.0,
W7408,山西,风电,stack_cost_only,1.3333333333333335,20.0,True,55.0,60000.0,0.0,0.0,0.0,0.0,
W7410,新疆,风电,stack_cost_only,1.3333333333333335,20.0,True,55.0,60000.0,0.0,0.0,0.0,0.0,
W7421,新疆,风电,stack_cost_only,1.3333333333333335,20.0,True,55.0,60000.0,0.0,0.0,0.0,0.0,
W7422,新疆,风电,stack_cost_only,1.3333333333333335,20.0,True,55.0,60000.0,0.0,0.0,0.0,0.0,
W7424,新疆,风电,stack_cost_only,1.3333333333333335,20.0,True,55.0,60000.0,0.0,0.0,0.0,0.0,
W7431,新疆,风电,stack_cost_only,1.3333333333333335,20.0,True,55.0,60000.0,0.0,0.0,0.0,0.0,
W7438,新疆,风电,stack_cost_only,1.3333333333333335,20.0,True,55.0,60000.0,0.0,0.0,0.0,0.0,
W7447,新疆,风电,stack_cost_only,1.3333333333333335,20.0,True,55.0,60000.0,0.0,0.0,0.0,0.0,
W7460,新疆,风电,stack_cost_only,1.3333333333333335,20.0,True,55.0,60000.0,0.0,0.0,0.0,0.0,
W7468,新疆,风电,stack_cost_only,1.3333333333333335,20.0,True,55.0,60000.0,0.0,0.0,0.0,0.0,
W7470,新疆,风电,stack_cost_only,1.3333333333333335,20.0,True,55.0,60000.0,0.0,0.0,0.0,0.0,
W7474,山西,风电,stack_cost_only,1.3333333333333335,20.0,True,55.0,60000.0,0.0,0.0,0.0,0.0,
W7477,新疆,风电,stack_cost_only,1.3333333333333335,20.0,True,55.0,60000.0,0.0,0.0,0.0,0.0,
W7480,新疆,风电,stack_cost_only,1.3333333333333335,20.0,True,55.0,60000.0,0.0,0.0,0.0,0.0,
W7487,新疆,风电,stack_cost_only,1.3333333333333335,20.0,True,55.0,60000.0,0.0,0.0,0.0,0.0,
W7492,山西,风电,stack_cost_only,1.3333333333333335,20.0,True,55.0,60000.0,0.0,0.0,0.0,0.0,
W7495,新疆,风电,stack_cost_only,1.3333333333333335,20.0,True,55.0,60000.0,0.0,0.0,0.0,0.0,
W7508,新疆,风电,stack_cost_only,1.3333333333333335,20.0,True,55.0,60000.0,0.0,0.0,0.0,0.0,
W7514,山西,风电,stack_cost_only,1.3333333333333335,20.0,True,55.0,60000.0,0.0,0.0,0.0,0.0,
W7515,山西,风电,stack_cost_only,1.3333333333333335,20.0,True,55.0,60000.0,0.0,0.0,0.0,0.0,
W7516,新疆,风电,stack_cost_only,1.3333333333333335,20.0,True,55.0,60000.0,0.0,0.0,0.0,0.0,
W7520,山西,风电,stack_cost_only,1.3333333333333335,20.0,True,55.0,60000.0,0.0,0.0,0.0,0.0,
W7521,山西,风电,stack_cost_only,1.3333333333333335,20.0,True,55.0,60000.0,0.0,0.0,0.0,0.0,
W7522,新疆,风电,stack_cost_only,1.3333333333333335,20.0,True,55.0,60000.0,0.0,0.0,0.0,0.0,
W7535,山西,风电,stack_cost_only,1.3333333333333335,20.0,True,55.0,60000.0,0.0,0.0,0.0,0.0,
W7545,新疆,风电,stack_cost_only,1.3333333333333335,20.0,True,55.0,60000.0,0.0,0.0,0.0,0.0,
W7546,新疆,风电,stack_cost_only,1.3333333333333335,20.0,True,55.0,60000.0,0.0,0.0,0.0,0.0,
W7552,新疆,风电,stack_cost_only,1.3333333333333335,20.0,True,55.0,60000.0,0.0,0.0,0.0,0.0,
W7559,新疆,风电,stack_cost_only,1.3333333333333335,20.0,True,55.0,60000.0,0.0,0.0,0.0,0.0,
W7560,新疆,风电,stack_cost_only,1.3333333333333335,20.0,True,55.0,60000.0,0.0,0.0,0.0,0.0,
W7567,新疆,风电,stack_cost_only,1.3333333333333335,20.0,True,55.0,60000.0,0.0,0.0,0.0,0.0,
W7568,新疆,风电,stack_cost_only,1.3333333333333335,20.0,True,55.0,60000.0,0.0,0.0,0.0,0.0,
W7571,山西,风电,stack_cost_only,1.3333333333333335,20.0,True,55.0,60000.0,0.0,0.0,0.0,0.0,
W7578,新疆,风电,stack_cost_only,1.3333333333333335,20.0,True,55.0,60000.0,0.0,0.0,0.0,0.0,
W7592,新疆,风电,stack_cost_only,1.3333333333333335,20.0,True,55.0,60000.0,0.0,0.0,0.0,0.0,
W7600,新疆,风电,stack_cost_only,1.3333333333333335,20.0,True,55.0,60000.0,0.0,0.0,0.0,0.0,
W7603,山西,风电,stack_cost_only,1.3333333333333335,20.0,True,55.0,60000.0,0.0,0.0,0.0,0.0,
W7606,新疆,风电,stack_cost_only,1.3333333333333335,20.0,True,55.0,60000.0,0.0,0.0,0.0,0.0,
W7611,山西,风电,stack_cost_only,1.3333333333333335,20.0,True,55.0,60000.0,0.0,0.0,0.0,0.0,
W7626,山西,风电,stack_cost_only,1.3333333333333335,20.0,True,55.0,60000.0,0.0,0.0,0.0,0.0,
W7639,山西,风电,stack_cost_only,1.3333333333333335,20.0,True,55.0,60000.0,0.0,0.0,0.0,0.0,
W7661,山西,风电,stack_cost_only,1.3333333333333335,20.0,True,55.0,60000.0,0.0,0.0,0.0,0.0,
W7664,新疆,风电,stack_cost_only,1.3333333333333335,20.0,True,55.0,60000.0,0.0,0.0,0.0,0.0,
W7672,新疆,风电,stack_cost_only,1.3333333333333335,20.0,True,55.0,60000.0,0.0,0.0,0.0,0.0,
W7680,新疆,风电,stack_cost_only,1.3333333333333335,20.0,True,55.0,60000.0,0.0,0.0,0.0,0.0,
W7683,新疆,风电,stack_cost_only,1.3333333333333335,20.0,True,55.0,60000.0,0.0,0.0,0.0,0.0,
W7693,山西,风电,stack_cost_only,1.3333333333333335,20.0,True,55.0,60000.0,0.0,0.0,0.0,0.0,
W7700,山西,风电,stack_cost_only,1.3333333333333335,20.0,True,55.0,60000.0,0.0,0.0,0.0,0.0,
W7725,新疆,风电,stack_cost_only,1.3333333333333335,20.0,True,55.0,60000.0,0.0,0.0,0.0,0.0,
W7727,新疆,风电,stack_cost_only,1.3333333333333335,20.0,True,55.0,60000.0,0.0,0.0,0.0,0.0,
W7735,新疆,风电,stack_cost_only,1.3333333333333335,20.0,True,55.0,60000.0,0.0,0.0,0.0,0.0,
W7754,山西,风电,stack_cost_only,1.3333333333333335,20.0,True,55.0,60000.0,0.0,0.0,0.0,0.0,
W7757,新疆,风电,stack_cost_only,1.3333333333333335,20.0,True,55.0,60000.0,0.0,0.0,0.0,0.0,
W7776,新疆,风电,stack_cost_only,1.3333333333333335,20.0,True,55.0,60000.0,0.0,0.0,0.0,0.0,
W7784,新疆,风电,stack_cost_only,1.3333333333333335,20.0,True,55.0,60000.0,0.0,0.0,0.0,0.0,
W7787,新疆,风电,stack_cost_only,1.3333333333333335,20.0,True,55.0,60000.0,0.0,0.0,0.0,0.0,
W7788,山西,风电,stack_cost_only,1.3333333333333335,20.0,True,55.0,60000.0,0.0,0.0,0.0,0.0,
W7789,山西,风电,stack_cost_only,1.3333333333333335,20.0,True,55.0,60000.0,0.0,0.0,0.0,0.0,
W7794,山西,风电,stack_cost_only,1.3333333333333335,20.0,True,55.0,60000.0,0.0,0.0,0.0,0.0,
W7799,山西,风电,stack_cost_only,1.3333333333333335,20.0,True,55.0,60000.0,0.0,0.0,0.0,0.0,
W7804,新疆,风电,stack_cost_only,1.3333333333333335,20.0,True,55.0,60000.0,0.0,0.0,0.0,0.0,
W7806,新疆,风电,stack_cost_only,1.3333333333333335,20.0,True,55.0,60000.0,0.0,0.0,0.0,0.0,
W7812,山西,风电,stack_cost_only,1.3333333333333335,20.0,True,55.0,60000.0,0.0,0.0,0.0,0.0,
W7816,新疆,风电,stack_cost_only,1.3333333333333335,20.0,True,55.0,60000.0,0.0,0.0,0.0,0.0,
W7828,新疆,风电,stack_cost_only,1.3333333333333335,20.0,True,55.0,60000.0,0.0,0.0,0.0,0.0,
W7838,山西,风电,stack_cost_only,1.3333333333333335,20.0,True,55.0,60000.0,0.0,0.0,0.0,0.0,
W7844,新疆,风电,stack_cost_only,1.3333333333333335,20.0,True,55.0,60000.0,0.0,0.0,0.0,0.0,
W7846,山西,风电,stack_cost_only,1.3333333333333335,20.0,True,55.0,60000.0,0.0,0.0,0.0,0.0,
W7850,山西,风电,stack_cost_only,1.3333333333333335,20.0,True,55.0,60000.0,0.0,0.0,0.0,0.0,
W7851,新疆,风电,stack_cost_only,1.3333333333333335,20.0,True,55.0,60000.0,0.0,0.0,0.0,0.0,
W7852,山西,风电,stack_cost_only,1.3333333333333335,20.0,True,55.0,60000.0,0.0,0.0,0.0,0.0,
W7865,新疆,风电,stack_cost_only,1.3333333333333335,20.0,True,55.0,60000.0,0.0,0.0,0.0,0.0,
W7877,山西,风电,stack_cost_only,1.3333333333333335,20.0,True,55.0,60000.0,0.0,0.0,0.0,0.0,
W7883,新疆,风电,stack_cost_only,1.3333333333333335,20.0,True,55.0,60000.0,0.0,0.0,0.0,0.0,
W7884,山西,风电,stack_cost_only,1.3333333333333335,20.0,True,55.0,60000.0,0.0,0.0,0.0,0.0,
W7890,新疆,风电,stack_cost_only,1.3333333333333335,20.0,True,55.0,60000.0,0.0,0.0,0.0,0.0,
W7927,新疆,风电,stack_cost_only,1.3333333333333335,20.0,True,55.0,60000.0,0.0,0.0,0.0,0.0,
W7935,山西,风电,stack_cost_only,1.3333333333333335,20.0,True,55.0,60000.0,0.0,0.0,0.0,0.0,
W7941,山西,风电,stack_cost_only,1.3333333333333335,20.0,True,55.0,60000.0,0.0,0.0,0.0,0.0,
W7948,山西,风电,stack_cost_only,1.3333333333333335,20.0,True,55.0,60000.0,0.0,0.0,0.0,0.0,
W7953,山西,风电,stack_cost_only,1.3333333333333335,20.0,True,55.0,60000.0,0.0,0.0,0.0,0.0,
W7958,山西,风电,stack_cost_only,1.3333333333333335,20.0,True,55.0,60000.0,0.0,0.0,0.0,0.0,
W7978,山西,风电,stack_cost_only,1.3333333333333335,20.0,True,55.0,60000.0,0.0,0.0,0.0,0.0,
W8000,新疆,风电,stack_cost_only,1.3333333333333335,20.0,True,55.0,60000.0,0.0,0.0,0.0,0.0,
W8045,云南,风电,stack_cost_only,1.3333333333333335,20.0,True,55.0,60000.0,0.0,0.0,0.0,0.0,
W8050,云南,风电,stack_cost_only,1.3333333333333335,20.0,True,55.0,60000.0,0.0,0.0,0.0,0.0,
W8096,云南,风电,stack_cost_only,1.3333333333333335,20.0,True,55.0,60000.0,0.0,0.0,0.0,0.0,
W8098,云南,风电,stack_cost_only,1.3333333333333335,20.0,True,55.0,60000.0,0.0,0.0,0.0,0.0,
W8111,云南,风电,stack_cost_only,1.3333333333333335,20.0,True,55.0,60000.0,0.0,0.0,0.0,0.0,
W8113,云南,风电,stack_cost_only,1.3333333333333335,20.0,True,55.0,60000.0,0.0,0.0,0.0,0.0,
W8153,云南,风电,stack_cost_only,1.3333333333333335,20.0,True,55.0,60000.0,0.0,0.0,0.0,0.0,
W8162,云南,风电,stack_cost_only,1.3333333333333335,20.0,True,55.0,60000.0,0.0,0.0,0.0,0.0,
W8182,云南,风电,stack_cost_only,1.3333333333333335,20.0,True,55.0,60000.0,0.0,0.0,0.0,0.0,
W8214,云南,风电,stack_cost_only,1.3333333333333335,20.0,True,55.0,60000.0,0.0,0.0,0.0,0.0,
W912,甘肃,风电,stack_cost_only,1.3333333333333335,20.0,True,55.0,60000.0,0.0,0.0,0.0,0.0,
W922,甘肃,风电,stack_cost_only,1.3333333333333335,20.0,True,55.0,60000.0,0.0,0.0,0.0,0.0,
W925,甘肃,风电,stack_cost_only,1.3333333333333335,20.0,True,55.0,60000.0,0.0,0.0,0.0,0.0,
W994,甘肃,风电,stack_cost_only,1.3333333333333335,20.0,True,55.0,60000.0,0.0,0.0,0.0,0.0,
11041,西藏,光伏,combined,1.3333333333333333,3.5,False,37.500000000000014,165000.0,0.0,0.0,0.04119912154922811,0.117534351049847,
11990,西藏,光伏,combined,1.3333333333333333,1.1,False,49.50000000000001,93000.0,0.505,0.05555,0.01150717712717586,0.049320160993943096,0.07230240030512014
175,甘肃,光伏,combined,1.3333333333333333,20.0,True,33.0,660000.0,0.0,0.0,0.054569036985107955,0.30135991439500387,
179,甘肃,光伏,combined,1.3333333333333333,20.0,True,33.0,660000.0,0.0,0.0,0.054569036985107955,0.30135991439500387,
1798,青海,光伏,combined,1.3333333333333333,20.0,True,33.0,660000.0,0.0,0.0,0.054569036985107955,0.30135991439500387,
1800,青海,光伏,combined,1.3333333333333333,20.0,True,33.0,660000.0,0.0,0.0,0.054569036985107955,0.30135991439500387,
181,甘肃,光伏,combined,1.3333333333333333,20.0,True,33.0,660000.0,0.0,0.0,0.054569036985107955,0.30135991439500387,
199,甘肃,光伏,combined,1.3333333333333333,20.0,True,33.0,660000.0,0.0,0.0,0.054569036985107955,0.30135991439500387,
4006,青海,光伏,combined,1.3333333333333333,20.0,True,33.0,660000.0,0.0,0.0,0.054569036985107955,0.30135991439500387,
4126,青海,光伏,combined,1.3333333333333333,20.0,True,33.0,660000.0,0.0,0.0,0.054569036985107955,0.30135991439500387,
413,甘肃,光伏,combined,1.3333333333333333,20.0,True,33.0,660000.0,0.0,0.0,0.054569036985107955,0.30135991439500387,
4130,青海,光伏,combined,1.3333333333333333,20.0,True,33.0,660000.0,0.0,0.0,0.054569036985107955,0.30135991439500387,
4132,青海,光伏,combined,1.3333333333333333,20.0,True,33.0,660000.0,0.0,0.0,0.054569036985107955,0.30135991439500387,
4133,青海,光伏,combined,1.3333333333333333,20.0,True,33.0,660000.0,0.0,0.0,0.054569036985107955,0.30135991439500387,
4136,青海,光伏,combined,1.3333333333333333,20.0,True,33.0,660000.0,0.0,0.0,0.054569036985107955,0.30135991439500387,
4137,青海,光伏,combined,1.3333333333333333,20.0,True,33.0,660000.0,0.0,0.0,0.054569036985107955,0.30135991439500387,
4138,青海,光伏,combined,1.3333333333333333,20.0,True,33.0,660000.0,0.0,0.0,0.054569036985107955,0.30135991439500387,
4140,青海,光伏,combined,1.3333333333333333,20.0,True,33.0,660000.0,0.0,0.0,0.054569036985107955,0.30135991439500387,
4143,青海,光伏,combined,1.3333333333333333,20.0,True,33.0,660000.0,0.0,0.0,0.054569036985107955,0.30135991439500387,
4146,青海,光伏,combined,1.3333333333333333,20.0,True,33.0,660000.0,0.0,0.0,0.054569036985107955,0.30135991439500387,
4149,青海,光伏,combined,1.3333333333333333,20.0,True,33.0,660000.0,0.0,0.0,0.054569036985107955,0.30135991439500387,
4153,青海,光伏,combined,1.3333333333333333,20.0,True,33.0,660000.0,0.0,0.0,0.054569036985107955,0.30135991439500387,
4155,青海,光伏,combined,1.3333333333333333,20.0,True,33.0,660000.0,0.0,0.0,0.054569036985107955,0.30135991439500387,
4156,青海,光伏,combined,1.3333333333333333,20.0,True,33.0,660000.0,0.0,0.0,0.054569036985107955,0.30135991439500387,
4157,青海,光伏,combined,1.3333333333333333,20.0,True,33.0,660000.0,0.0,0.0,0.054569036985107955,0.30135991439500387,
4159,青海,光伏,combined,1.3333333333333333,20.0,True,33.0,660000.0,0.0,0.0,0.054569036985107955,0.30135991439500387,
4160,青海,光伏,combined,1.3333333333333333,20.0,True,33.0,660000.0,0.0,0.0,0.054569036985107955,0.30135991439500387,
4161,青海,光伏,combined,1.3333333333333333,20.0,True,33.0,660000.0,0.0,0.0,0.054569036985107955,0.30135991439500387,
4163,青海,光伏,combined,1.3333333333333333,20.0,True,33.0,660000.0,0.0,0.0,0.054569036985107955,0.30135991439500387,
4165,青海,光伏,combined,1.3333333333333333,20.0,True,33.0,660000.0,0.0,0.0,0.054569036985107955,0.30135991439500387,
4167,青海,光伏,combined,1.3333333333333333,20.0,True,33.0,660000.0,0.0,0.0,0.054569036985107955,0.30135991439500387,
4180,青海,光伏,combined,1.3333333333333333,20.0,True,33.0,660000.0,0.0,0.0,0.054569036985107955,0.30135991439500387,
4182,青海,光伏,combined,1.3333333333333333,20.0,True,33.0,660000.0,0.0,0.0,0.054569036985107955,0.30135991439500387,
4189,青海,光伏,combined,1.3333333333333333,20.0,True,33.0,660000.0,0.0,0.0,0.054569036985107955,0.30135991439500387,
4190,青海,光伏,combined,1.3333333333333333,20.0,True,33.0,660000.0,0.0,0.0,0.054569036985107955,0.30135991439500387,
4192,青海,光伏,combined,1.3333333333333333,20.0,True,33.0,660000.0,0.0,0.0,0.054569036985107955,0.30135991439500387,
4197,青海,光伏,combined,1.3333333333333333,20.0,True,33.0,660000.0,0.0,0.0,0.054569036985107955,0.30135991439500387,
4199,青海,光伏,combined,1.3333333333333333,20.0,True,33.0,660000.0,0.0,0.0,0.054569036985107955,0.30135991439500387,
4204,青海,光伏,combined,1.3333333333333333,20.0,True,33.0,660000.0,0.0,0.0,0.054569036985107955,0.30135991439500387,
4205,青海,光伏,combined,1.3333333333333333,20.0,True,33.0,660000.0,0.0,0.0,0.054569036985107955,0.30135991439500387,
4208,青海,光伏,combined,1.3333333333333333,20.0,True,33.0,660000.0,0.0,0.0,0.054569036985107955,0.30135991439500387,
4225,青海,光伏,combined,1.3333333333333333,20.0,True,33.0,660000.0,0.0,0.0,0.054569036985107955,0.30135991439500387,
4228,青海,光伏,combined,1.3333333333333333,20.0,True,33.0,660000.0,0.0,0.0,0.054569036985107955,0.30135991439500387,
4233,青海,光伏,combined,1.3333333333333333,20.0,True,33.0,660000.0,0.0,0.0,0.054569036985107955,0.30135991439500387,
4242,青海,光伏,combined,1.3333333333333333,20.0,True,33.0,660000.0,0.0,0.0,0.054569036985107955,0.30135991439500387,
4250,青海,光伏,combined,1.3333333333333333,20.0,True,33.0,660000.0,0.0,0.0,0.054569036985107955,0.30135991439500387,
4256,青海,光伏,combined,1.3333333333333333,20.0,True,33.0,660000.0,0.0,0.0,0.054569036985107955,0.30135991439500387,
4263,青海,光伏,combined,1.3333333333333333,20.0,True,33.0,660000.0,0.0,0.0,0.054569036985107955,0.30135991439500387,
4268,青海,光伏,combined,1.3333333333333333,20.0,True,33.0,660000.0,0.0,0.0,0.054569036985107955,0.30135991439500387,
4274,青海,光伏,combined,1.3333333333333333,20.0,True,33.0,660000.0,0.0,0.0,0.054569036985107955,0.30135991439500387,
4283,青海,光伏,combined,1.3333333333333333,20.0,True,33.0,660000.0,0.0,0.0,0.054569036985107955,0.30135991439500387,
4288,青海,光伏,combined,1.3333333333333333,20.0,True,33.0,660000.0,0.0,0.0,0.054569036985107955,0.30135991439500387,
4291,青海,光伏,combined,1.3333333333333333,20.0,True,33.0,660000.0,0.0,0.0,0.054569036985107955,0.30135991439500387,
4301,青海,光伏,combined,1.3333333333333333,20.0,True,33.0,660000.0,0.0,0.0,0.054569036985107955,0.30135991439500387,
4317,青海,光伏,combined,1.3333333333333333,20.0,True,33.0,660000.0,0.0,0.0,0.054569036985107955,0.30135991439500387,
4320,青海,光伏,combined,1.3333333333333333,20.0,True,33.0,660000.0,0.0,0.0,0.054569036985107955,0.30135991439500387,
4326,青海,光伏,combined,1.3333333333333333,20.0,True,33.0,660000.0,0.0,0.0,0.054569036985107955,0.30135991439500387,
4420,青海,光伏,combined,1.3333333333333333,20.0,True,33.0,660000.0,0.0,0.0,0.054569036985107955,0.30135991439500387,
4434,青海,光伏,combined,1.3333333333333333,20.0,True,33.0,660000.0,0.0,0.0,0.054569036985107955,0.30135991439500387,
4440,青海,光伏,combined,1.3333333333333333,20.0,True,33.0,660000.0,0.0,0.0,0.054569036985107955,0.30135991439500387,
4446,青海,光伏,combined,1.3333333333333333,20.0,True,33.0,660000.0,0.0,0.0,0.054569036985107955,0.30135991439500387,
4452,青海,光伏,combined,1.3333333333333333,20.0,True,33.0,660000.0,0.0,0.0,0.054569036985107955,0.30135991439500387,
4463,青海,光伏,combined,1.3333333333333333,20.0,True,33.0,660000.0,0.0,0.0,0.054569036985107955,0.30135991439500387,
4479,青海,光伏,combined,1.3333333333333333,20.0,True,33.0,660000.0,0.0,0.0,0.054569036985107955,0.30135991439500387,
4490,青海,光伏,combined,1.3333333333333333,20.0,True,33.0,660000.0,0.0,0.0,0.054569036985107955,0.30135991439500387,
4510,青海,光伏,combined,1.3333333333333333,20.0,True,33.0,660000.0,0.0,0.0,0.054569036985107955,0.30135991439500387,
4516,青海,光伏,combined,1.3333333333333333,20.0,True,33.0,660000.0,0.0,0.0,0.054569036985107955,0.30135991439500387,
4522,青海,光伏,combined,1.3333333333333333,20.0,True,33.0,660000.0,0.0,0.0,0.054569036985107955,0.30135991439500387,
4543,青海,光伏,combined,1.3333333333333333,20.0,True,33.0,660000.0,0.0,0.0,0.054569036985107955,0.30135991439500387,
459,甘肃,光伏,combined,1.3333333333333333,20.0,True,33.0,660000.0,0.0,0.0,0.054569036985107955,0.30135991439500387,
4609,青海,光伏,combined,1.3333333333333333,20.0,True,33.0,660000.0,0.0,0.0,0.054569036985107955,0.30135991439500387,
461,甘肃,光伏,combined,1.3333333333333333,20.0,True,33.0,660000.0,0.0,0.0,0.054569036985107955,0.30135991439500387,
4615,青海,光伏,combined,1.3333333333333333,20.0,True,33.0,660000.0,0.0,0.0,0.054569036985107955,0.30135991439500387,
4622,青海,光伏,combined,1.3333333333333333,20.0,True,33.0,660000.0,0.0,0.0,0.054569036985107955,0.30135991439500387,
463,甘肃,光伏,combined,1.3333333333333333,20.0,True,33.0,660000.0,0.0,0.0,0.054569036985107955,0.30135991439500387,
4631,青海,光伏,combined,1.3333333333333333,20.0,True,33.0,660000.0,0.0,0.0,0.054569036985107955,0.30135991439500387,
464,甘肃,光伏,combined,1.3333333333333333,20.0,True,33.0,660000.0,0.0,0.0,0.054569036985107955,0.30135991439500387,
4641,青海,光伏,combined,1.3333333333333333,20.0,True,33.0,660000.0,0.0,0.0,0.054569036985107955,0.30135991439500387,
4642,青海,光伏,combined,1.3333333333333333,20.0,True,33.0,660000.0,0.0,0.0,0.054569036985107955,0.30135991439500387,
4647,青海,光伏,combined,1.3333333333333333,20.0,True,33.0,660000.0,0.0,0.0,0.054569036985107955,0.30135991439500387,
4648,青海,光伏,combined,1.3333333333333333,20.0,True,33.0,660000.0,0.0,0.0,0.054569036985107955,0.30135991439500387,
4654,青海,光伏,combined,1.3333333333333333,20.0,True,33.0,660000.0,0.0,0.0,0.054569036985107955,0.30135991439500387,
468,甘肃,光伏,combined,1.3333333333333333,20.0,True,33.0,660000.0,0.0,0.0,0.054569036985107955,0.30135991439500387,
4682,青海,光伏,combined,1.3333333333333333,20.0,True,33.0,660000.0,0.0,0.0,0.054569036985107955,0.30135991439500387,
4690,青海,光伏,combined,1.3333333333333333,20.0,True,33.0,660000.0,0.0,0.0,0.054569036985107955,0.30135991439500387,
4705,青海,光伏,combined,1.3333333333333333,20.0,True,33.0,660000.0,0.0,0.0,0.054569036985107955,0.30135991439500387,
4709,青海,光伏,combined,1.3333333333333333,20.0,True,33.0,660000.0,0.0,0.0,0.054569036985107955,0.30135991439500387,
4710,青海,光伏,combined,1.3333333333333333,20.0,True,33.0,660000.0,0.0,0.0,0.054569036985107955,0.30135991439500387,
4712,青海,光伏,combined,1.3333333333333333,20.0,True,33.0,660000.0,0.0,0.0,0.054569036985107955,0.30135991439500387,
4716,青海,光伏,combined,1.3333333333333333,20.0,True,33.0,660000.0,0.0,0.0,0.054569036985107955,0.30135991439500387,
4718,青海,光伏,combined,1.3333333333333333,20.0,True,33.0,660000.0,0.0,0.0,0.054569036985107955,0.30135991439500387,
4722,青海,光伏,combined,1.3333333333333333,20.0,True,33.0,660000.0,0.0,0.0,0.054569036985107955,0.30135991439500387,
4724,青海,光伏,combined,1.3333333333333333,20.0,True,33.0,660000.0,0.0,0.0,0.054569036985107955,0.30135991439500387,
4744,青海,光伏,combined,1.3333333333333333,20.0,True,33.0,660000.0,0.0,0.0,0.054569036985107955,0.30135991439500387,
4746,青海,光伏,combined,1.3333333333333333,20.0,True,33.0,660000.0,0.0,0.0,0.054569036985107955,0.30135991439500387,
4752,青海,光伏,combined,1.3333333333333333,20.0,True,33.0,660000.0,0.0,0.0,0.054569036985107955,0.30135991439500387,
4756,青海,光伏,combined,1.3333333333333333,20.0,True,33.0,660000.0,0.0,0.0,0.054569036985107955,0.30135991439500387,
4757,青海,光伏,combined,1.3333333333333333,20.0,True,33.0,660000.0,0.0,0.0,0.054569036985107955,0.30135991439500387,
4767,青海,光伏,combined,1.3333333333333333,20.0,True,33.0,660000.0,0.0,0.0,0.054569036985107955,0.30135991439500387,
4795,青海,光伏,combined,1.3333333333333333,20.0,True,33.0,660000.0,0.0,0.0,0.054569036985107955,0.30135991439500387,
4804,青海,光伏,combined,1.3333333333333333,20.0,True,33.0,660000.0,0.0,0.0,0.054569036985107955,0.30135991439500387,
4811,青海,光伏,combined,1.3333333333333333,20.0,True,33.0,660000.0,0.0,0.0,0.054569036985107955,0.30135991439500387,
4817,青海,光伏,combined,1.3333333333333333,20.0,True,33.0,660000.0,0.0,0.0,0.054569036985107955,0.30135991439500387,
4824,青海,光伏,combined,1.3333333333333333,20.0,True,33.0,660000.0,0.0,0.0,0.054569036985107955,0.30135991439500387,
4854,青海,光伏,combined,1.3333333333333333,20.0,True,33.0,660000.0,0.0,0.0,0.054569036985107955,0.30135991439500387,
4865,青海,光伏,combined,1.3333333333333333,20.0,True,33.0,660000.0,0.0,0.0,0.054569036985107955,0.30135991439500387,
4868,青海,光伏,combined,1.3333333333333333,20.0,True,33.0,660000.0,0.0,0.0,0.054569036985107955,0.30135991439500387,
4874,青海,光伏,combined,1.3333333333333333,20.0,True,33.0,660000.0,0.0,0.0,0.054569036985107955,0.30135991439500387,
4891,青海,光伏,combined,1.3333333333333333,20.0,True,33.0,660000.0,0.0,0.0,0.054569036985107955,0.30135991439500387,
4897,青海,光伏,combined,1.3333333333333333,20.0,True,33.0,660000.0,0.0,0.0,0.054569036985107955,0.30135991439500387,
4899,青海,光伏,combined,1.3333333333333333,20.0,True,33.0,660000.0,0.0,0.0,0.054569036985107955,0.30135991439500387,
4905,青海,光伏,combined,1.3333333333333333,20.0,True,33.0,660000.0,0.0,0.0,0.054569036985107955,0.30135991439500387,
4916,青海,光伏,combined,1.3333333333333333,20.0,True,33.0,660000.0,0.0,0.0,0.054569036985107955,0.30135991439500387,
4931,青海,光伏,combined,1.3333333333333333,20.0,True,33.0,660000.0,0.0,0.0,0.054569036985107955,0.30135991439500387,
4932,青海,光伏,combined,1.3333333333333333,20.0,True,33.0,660000.0,0.0,0.0,0.054569036985107955,0.30135991439500387,
4933,青海,光伏,combined,1.3333333333333333,20.0,True,33.0,660000.0,0.0,0.0,0.054569036985107955,0.30135991439500387,
4943,青海,光伏,combined,1.3333333333333333,20.0,True,33.0,660000.0,0.0,0.0,0.054569036985107955,0.30135991439500387,
4944,青海,光伏,combined,1.3333333333333333,20.0,True,33.0,660000.0,0.0,0.0,0.054569036985107955,0.30135991439500387,
4952,青海,光伏,combined,1.3333333333333333,20.0,True,33.0,660000.0,0.0,0.0,0.054569036985107955,0.30135991439500387,
4956,青海,光伏,combined,1.3333333333333333,20.0,True,33.0,660000.0,0.0,0.0,0.054569036985107955,0.30135991439500387,
4960,青海,光伏,combined,1.3333333333333333,20.0,True,33.0,660000.0,0.0,0.0,0.054569036985107955,0.30135991439500387,
4966,青海,光伏,combined,1.3333333333333333,20.0,True,33.0,660000.0,0.0,0.0,0.054569036985107955,0.30135991439500387,
4977,青海,光伏,combined,1.3333333333333333,20.0,True,33.0,660000.0,0.0,0.0,0.054569036985107955,0.30135991439500387,
4980,青海,光伏,combined,1.3333333333333333,20.0,True,33.0,660000.0,0.0,0.0,0.054569036985107955,0.30135991439500387,
4983,青海,光伏,combined,1.3333333333333333,20.0,True,33.0,660000.0,0.0,0.0,0.054569036985107955,0.30135991439500387,
4992,青海,光伏,combined,1.3333333333333333,20.0,True,33.0,660000.0,0.0,0.0,0.054569036985107955,0.30135991439500387,
4994,青海,光伏,combined,1.3333333333333333,20.0,True,33.0,660000.0,0.0,0.0,0.054569036985107955,0.30135991439500387,
518,甘肃,光伏,combined,1.3333333333333333,20.0,True,33.0,660000.0,0.0,0.0,0.054569036985107955,0.30135991439500387,
521,甘肃,光伏,combined,1.3333333333333333,20.0,True,33.0,660000.0,0.0,0.0,0.054569036985107955,0.30135991439500387,
533,甘肃,光伏,combined,1.3333333333333333,20.0,True,33.0,660000.0,0.0,0.0,0.054569036985107955,0.30135991439500387,
540,甘肃,光伏,combined,1.3333333333333333,20.0,True,33.0,660000.0,0.0,0.0,0.054569036985107955,0.30135991439500387,
541,甘肃,光伏,combined,1.3333333333333333,20.0,True,33.0,660000.0,0.0,0.0,0.054569036985107955,0.30135991439500387,
6017,新疆,光伏,combined,1.3333333333333333,20.0,True,33.0,660000.0,0.0,0.0,0.054569036985107955,0.30135991439500387,
6030,新疆,光伏,combined,1.3333333333333333,20.0,True,33.0,660000.0,0.0,0.0,0.054569036985107955,0.30135991439500387,
6031,新疆,光伏,combined,1.3333333333333333,20.0,True,33.0,660000.0,0.0,0.0,0.054569036985107955,0.30135991439500387,
6032,新疆,光伏,combined,1.3333333333333333,20.0,True,33.0,660000.0,0.0,0.0,0.054569036985107955,0.30135991439500387,
6036,新疆,光伏,combined,1.3333333333333333,20.0,True,33.0,660000.0,0.0,0.0,0.054569036985107955,0.30135991439500387,
6037,新疆,光伏,combined,1.3333333333333333,20.0,True,33.0,660000.0,0.0,0.0,0.054569036985107955,0.30135991439500387,
6057,新疆,光伏,combined,1.3333333333333333,20.0,True,33.0,660000.0,0.0,0.0,0.054569036985107955,0.30135991439500387,
6059,新疆,光伏,combined,1.3333333333333333,20.0,True,33.0,660000.0,0.0,0.0,0.054569036985107955,0.30135991439500387,
6060,新疆,光伏,combined,1.3333333333333333,20.0,True,33.0,660000.0,0.0,0.0,0.054569036985107955,0.30135991439500387,
6063,新疆,光伏,combined,1.3333333333333333,20.0,True,33.0,660000.0,0.0,0.0,0.054569036985107955,0.30135991439500387,
6066,新疆,光伏,combined,1.3333333333333333,20.0,True,33.0,660000.0,0.0,0.0,0.054569036985107955,0.30135991439500387,
6067,新疆,光伏,combined,1.3333333333333333,20.0,True,33.0,660000.0,0.0,0.0,0.054569036985107955,0.30135991439500387,
6068,新疆,光伏,combined,1.3333333333333333,20.0,True,33.0,660000.0,0.0,0.0,0.054569036985107955,0.30135991439500387,
6069,新疆,光伏,combined,1.3333333333333333,20.0,True,33.0,660000.0,0.0,0.0,0.054569036985107955,0.30135991439500387,
6070,新疆,光伏,combined,1.3333333333333333,20.0,True,33.0,660000.0,0.0,0.0,0.054569036985107955,0.30135991439500387,
6076,新疆,光伏,combined,1.3333333333333333,20.0,True,33.0,660000.0,0.0,0.0,0.054569036985107955,0.30135991439500387,
6081,新疆,光伏,combined,1.3333333333333333,20.0,True,33.0,660000.0,0.0,0.0,0.054569036985107955,0.30135991439500387,
6082,新疆,光伏,combined,1.3333333333333333,20.0,True,33.0,660000.0,0.0,0.0,0.054569036985107955,0.30135991439500387,
6083,新疆,光伏,combined,1.3333333333333333,20.0,True,33.0,660000.0,0.0,0.0,0.054569036985107955,0.30135991439500387,
6086,新疆,光伏,combined,1.3333333333333333,20.0,True,33.0,660000.0,0.0,0.0,0.054569036985107955,0.30135991439500387,
6089,新疆,光伏,combined,1.3333333333333333,20.0,True,33.0,660000.0,0.0,0.0,0.054569036985107955,0.30135991439500387,
6098,新疆,光伏,combined,1.3333333333333333,20.0,True,33.0,660000.0,0.0,0.0,0.054569036985107955,0.30135991439500387,
6101,新疆,光伏,combined,1.3333333333333333,20.0,True,33.0,660000.0,0.0,0.0,0.054569036985107955,0.30135991439500387,
6102,新疆,光伏,combined,1.3333333333333333,20.0,True,33.0,660000.0,0.0,0.0,0.054569036985107955,0.30135991439500387,
6104,新疆,光伏,combined,1.3333333333333333,20.0,True,33.0,660000.0,0.0,0.0,0.054569036985107955,0.30135991439500387,
6106,新疆,光伏,combined,1.3333333333333333,20.0,True,33.0,660000.0,0.0,0.0,0.054569036985107955,0.30135991439500387,
6111,新疆,光伏,combined,1.3333333333333333,20.0,True,33.0,660000.0,0.0,0.0,0.054569036985107955,0.30135991439500387,
6112,新疆,光伏,combined,1.3333333333333333,20.0,True,33.0,660000.0,0.0,0.0,0.054569036985107955,0.30135991439500387,
6114,新疆,光伏,combined,1.3333333333333333,20.0,True,33.0,660000.0,0.0,0.0,0.054569036985107955,0.30135991439500387,
6117,甘肃,光伏,combined,1.3333333333333333,20.0,True,33.0,660000.0,0.0,0.0,0.054569036985107955,0.30135991439500387,
6120,新疆,光伏,combined,1.3333333333333333,20.0,True,33.0,660000.0,0.0,0.0,0.054569036985107955,0.30135991439500387,
6124,新疆,光伏,combined,1.3333333333333333,20.0,True,33.0,660000.0,0.0,0.0,0.054569036985107955,0.30135991439500387,
6129,新疆,光伏,combined,1.3333333333333333,20.0,True,33.0,660000.0,0.0,0.0,0.054569036985107955,0.30135991439500387,
6131,新疆,光伏,combined,1.3333333333333333,20.0,True,33.0,660000.0,0.0,0.0,0.054569036985107955,0.30135991439500387,
6133,新疆,光伏,combined,1.3333333333333333,20.0,True,33.0,660000.0,0.0,0.0,0.054569036985107955,0.30135991439500387,
6140,新疆,光伏,combined,1.3333333333333333,20.0,True,33.0,660000.0,0.0,0.0,0.054569036985107955,0.30135991439500387,
6143,新疆,光伏,combined,1.3333333333333333,20.0,True,33.0,660000.0,0.0,0.0,0.054569036985107955,0.30135991439500387,
6149,新疆,光伏,combined,1.3333333333333333,20.0,True,33.0,660000.0,0.0,0.0,0.054569036985107955,0.30135991439500387,
6151,新疆,光伏,combined,1.3333333333333333,20.0,True,33.0,660000.0,0.0,0.0,0.054569036985107955,0.30135991439500387,
6159,新疆,光伏,combined,1.3333333333333333,20.0,True,33.0,660000.0,0.0,0.0,0.054569036985107955,0.30135991439500387,
6160,新疆,光伏,combined,1.3333333333333333,20.0,True,33.0,660000.0,0.0,0.0,0.054569036985107955,0.30135991439500387,
6165,新疆,光伏,combined,1.3333333333333333,20.0,True,33.0,660000.0,0.0,0.0,0.054569036985107955,0.30135991439500387,
6175,新疆,光伏,combined,1.3333333333333333,20.0,True,33.0,660000.0,0.0,0.0,0.054569036985107955,0.30135991439500387,
6176,新疆,光伏,combined,1.3333333333333333,20.0,True,33.0,660000.0,0.0,0.0,0.054569036985107955,0.30135991439500387,
6178,新疆,光伏,combined,1.3333333333333333,20.0,True,33.0,660000.0,0.0,0.0,0.054569036985107955,0.30135991439500387,
6183,新疆,光伏,combined,1.3333333333333333,20.0,True,33.0,660000.0,0.0,0.0,0.054569036985107955,0.30135991439500387,
6186,新疆,光伏,combined,1.3333333333333333,20.0,True,33.0,660000.0,0.0,0.0,0.054569036985107955,0.30135991439500387,
6189,新疆,光伏,combined,1.3333333333333333,20.0,True,33.0,660000.0,0.0,0.0,0.054569036985107955,0.30135991439500387,
6190,新疆,光伏,combined,1.3333333333333333,20.0,True,33.0,660000.0,0.0,0.0,0.054569036985107955,0.30135991439500387,
6191,新疆,光伏,combined,1.3333333333333333,20.0,True,33.0,660000.0,0.0,0.0,0.054569036985107955,0.30135991439500387,
6197,新疆,光伏,combined,1.3333333333333333,20.0,True,33.0,660000.0,0.0,0.0,0.054569036985107955,0.30135991439500387,
6199,新疆,光伏,combined,1.3333333333333333,20.0,True,33.0,660000.0,0.0,0.0,0.054569036985107955,0.30135991439500387,
6214,新疆,光伏,combined,1.3333333333333333,20.0,True,33.0,660000.0,0.0,0.0,0.054569036985107955,0.30135991439500387,
6215,新疆,光伏,combined,1.3333333333333333,20.0,True,33.0,660000.0,0.0,0.0,0.054569036985107955,0.30135991439500387,
6219,新疆,光伏,combined,1.3333333333333333,20.0,True,33.0,660000.0,0.0,0.0,0.054569036985107955,0.30135991439500387,
6224,新疆,光伏,combined,1.3333333333333333,20.0,True,33.0,660000.0,0.0,0.0,0.054569036985107955,0.30135991439500387,
6230,新疆,光伏,combined,1.3333333333333333,20.0,True,33.0,660000.0,0.0,0.0,0.054569036985107955,0.30135991439500387,
6247,新疆,光伏,combined,1.3333333333333333,20.0,True,33.0,660000.0,0.0,0.0,0.054569036985107955,0.30135991439500387,
6251,新疆,光伏,combined,1.3333333333333333,20.0,True,33.0,660000.0,0.0,0.0,0.054569036985107955,0.30135991439500387,
6253,新疆,光伏,combined,1.3333333333333333,20.0,True,33.0,660000.0,0.0,0.0,0.054569036985107955,0.30135991439500387,
6259,新疆,光伏,combined,1.3333333333333333,20.0,True,33.0,660000.0,0.0,0.0,0.054569036985107955,0.30135991439500387,
6261,新疆,光伏,combined,1.3333333333333333,20.0,True,33.0,660000.0,0.0,0.0,0.054569036985107955,0.30135991439500387,
6263,新疆,光伏,combined,1.3333333333333333,20.0,True,33.0,660000.0,0.0,0.0,0.054569036985107955,0.30135991439500387,
6268,新疆,光伏,combined,1.3333333333333333,20.0,True,33.0,660000.0,0.0,0.0,0.054569036985107955,0.30135991439500387,
6270,新疆,光伏,combined,1.3333333333333333,20.0,True,33.0,660000.0,0.0,0.0,0.054569036985107955,0.30135991439500387,
6272,新疆,光伏,combined,1.3333333333333333,20.0,True,33.0,660000.0,0.0,0.0,0.054569036985107955,0.30135991439500387,
6276,新疆,光伏,combined,1.3333333333333333,20.0,True,33.0,660000.0,0.0,0.0,0.054569036985107955,0.30135991439500387,
6288,新疆,光伏,combined,1.3333333333333333,20.0,True,33.0,660000.0,0.0,0.0,0.054569036985107955,0.30135991439500387,
6290,新疆,光伏,combined,1.3333333333333333,20.0,True,33.0,660000.0,0.0,0.0,0.054569036985107955,0.30135991439500387,
6294,新疆,光伏,combined,1.3333333333333333,20.0,True,33.0,660000.0,0.0,0.0,0.054569036985107955,0.30135991439500387,
6295,新疆,光伏,combined,1.3333333333333333,20.0,True,33.0,660000.0,0.0,0.0,0.054569036985107955,0.30135991439500387,
6321,新疆,光伏,combined,1.3333333333333333,20.0,True,33.0,660000.0,0.0,0.0,0.054569036985107955,0.30135991439500387,
6322,新疆,光伏,combined,1.3333333333333333,20.0,True,33.0,660000.0,0.0,0.0,0.054569036985107955,0.30135991439500387,
6323,新疆,光伏,combined,1.3333333333333333,20.0,True,33.0,660000.0,0.0,0.0,0.054569036985107955,0.30135991439500387,
6328,新疆,光伏,combined,1.3333333333333333,20.0,True,33.0,660000.0,0.0,0.0,0.054569036985107955,0.30135991439500387,
6334,新疆,光伏,combined,1.3333333333333333,20.0,True,33.0,660000.0,0.0,0.0,0.054569036985107955,0.30135991439500387,
6337,新疆,光伏,combined,1.3333333333333333,20.0,True,33.0,660000.0,0.0,0.0,0.054569036985107955,0.30135991439500387,
6339,新疆,光伏,combined,1.3333333333333333,20.0,True,33.0,660000.0,0.0,0.0,0.054569036985107955,0.30135991439500387,
6344,新疆,光伏,combined,1.3333333333333333,20.0,True,33.0,660000.0,0.0,0.0,0.054569036985107955,0.30135991439500387,
6345,新疆,光伏,combined,1.3333333333333333,20.0,True,33.0,660000.0,0.0,0.0,0.054569036985107955,0.30135991439500387,
6350,新疆,光伏,combined,1.3333333333333333,20.0,True,33.0,660000.0,0.0,0.0,0.054569036985107955,0.30135991439500387,
6358,新疆,光伏,combined,1.3333333333333333,20.0,True,33.0,660000.0,0.0,0.0,0.054569036985107955,0.30135991439500387,
6360,新疆,光伏,combined,1.3333333333333333,20.0,True,33.0,660000.0,0.0,0.0,0.054569036985107955,0.30135991439500387,
6361,新疆,光伏,combined,1.3333333333333333,20.0,True,33.0,660000.0,0.0,0.0,0.054569036985107955,0.30135991439500387,
6362,新疆,光伏,combined,1.3333333333333333,20.0,True,33.0,660000.0,0.0,0.0,0.054569036985107955,0.30135991439500387,
6372,新疆,光伏,combined,1.3333333333333333,20.0,True,33.0,660000.0,0.0,0.0,0.054569036985107955,0.30135991439500387,
6374,新疆,光伏,combined,1.3333333333333333,20.0,True,33.0,660000.0,0.0,0.0,0.054569036985107955,0.30135991439500387,
6375,新疆,光伏,combined,1.3333333333333333,20.0,True,33.0,660000.0,0.0,0.0,0.054569036985107955,0.30135991439500387,
6380,新疆,光伏,combined,1.3333333333333333,20.0,True,33.0,660000.0,0.0,0.0,0.054569036985107955,0.30135991439500387,
6385,新疆,光伏,combined,1.3333333333333333,20.0,True,33.0,660000.0,0.0,0.0,0.054569036985107955,0.30135991439500387,
6387,新疆,光伏,combined,1.3333333333333333,20.0,True,33.0,660000.0,0.0,0.0,0.054569036985107955,0.30135991439500387,
6388,新疆,光伏,combined,1.3333333333333333,20.0,True,33.0,660000.0,0.0,0.0,0.054569036985107955,0.30135991439500387,
6389,新疆,光伏,combined,1.3333333333333333,20.0,True,33.0,660000.0,0.0,0.0,0.054569036985107955,0.30135991439500387,
6394,新疆,光伏,combined,1.3333333333333333,20.0,True,33.0,660000.0,0.0,0.0,0.054569036985107955,0.30135991439500387,
6402,新疆,光伏,combined,1.3333333333333333,20.0,True,33.0,660000.0,0.0,0.0,0.054569036985107955,0.30135991439500387,
6405,新疆,光伏,combined,1.3333333333333333,20.0,True,33.0,660000.0,0.0,0.0,0.054569036985107955,0.30135991439500387,
6411,新疆,光伏,combined,1.3333333333333333,20.0,True,33.0,660000.0,0.0,0.0,0.054569036985107955,0.30135991439500387,
6415,新疆,光伏,combined,1.3333333333333333,20.0,True,33.0,660000.0,0.0,0.0,0.054569036985107955,0.30135991439500387,
6417,新疆,光伏,combined,1.3333333333333333,20.0,True,33.0,660000.0,0.0,0.0,0.054569036985107955,0.30135991439500387,
6424,新疆,光伏,combined,1.3333333333333333,20.0,True,33.0,660000.0,0.0,0.0,0.054569036985107955,0.30135991439500387,
6428,新疆,光伏,combined,1.3333333333333333,20.0,True,33.0,660000.0,0.0,0.0,0.054569036985107955,0.30135991439500387,
6429,新疆,光伏,combined,1.3333333333333333,20.0,True,33.0,660000.0,0.0,0.0,0.054569036985107955,0.30135991439500387,
6434,新疆,光伏,combined,1.3333333333333333,20.0,True,33.0,660000.0,0.0,0.0,0.054569036985107955,0.30135991439500387,
6435,新疆,光伏,combined,1.3333333333333333,20.0,True,33.0,660000.0,0.0,0.0,0.054569036985107955,0.30135991439500387,
6436,新疆,光伏,combined,1.3333333333333333,20.0,True,33.0,660000.0,0.0,0.0,0.054569036985107955,0.30135991439500387,
6440,新疆,光伏,combined,1.3333333333333333,20.0,True,33.0,660000.0,0.0,0.0,0.054569036985107955,0.30135991439500387,
6447,新疆,光伏,combined,1.3333333333333333,20.0,True,33.0,660000.0,0.0,0.0,0.054569036985107955,0.30135991439500387,
6451,新疆,光伏,combined,1.3333333333333333,20.0,True,33.0,660000.0,0.0,0.0,0.054569036985107955,0.30135991439500387,
6465,新疆,光伏,combined,1.3333333333333333,20.0,True,33.0,660000.0,0.0,0.0,0.054569036985107955,0.30135991439500387,
6467,新疆,光伏,combined,1.3333333333333333,20.0,True,33.0,660000.0,0.0,0.0,0.054569036985107955,0.30135991439500387,
6468,新疆,光伏,combined,1.3333333333333333,20.0,True,33.0,660000.0,0.0,0.0,0.054569036985107955,0.30135991439500387,
6475,新疆,光伏,combined,1.3333333333333333,20.0,True,33.0,660000.0,0.0,0.0,0.054569036985107955,0.30135991439500387,
6476,新疆,光伏,combined,1.3333333333333333,20.0,True,33.0,660000.0,0.0,0.0,0.054569036985107955,0.30135991439500387,
6480,新疆,光伏,combined,1.3333333333333333,20.0,True,33.0,660000.0,0.0,0.0,0.054569036985107955,0.30135991439500387,
6485,新疆,光伏,combined,1.3333333333333333,20.0,True,33.0,660000.0,0.0,0.0,0.054569036985107955,0.30135991439500387,
6487,新疆,光伏,combined,1.3333333333333333,20.0,True,33.0,660000.0,0.0,0.0,0.054569036985107955,0.30135991439500387,
6496,新疆,光伏,combined,1.3333333333333333,20.0,True,33.0,660000.0,0.0,0.0,0.054569036985107955,0.30135991439500387,
6498,新疆,光伏,combined,1.3333333333333333,20.0,True,33.0,660000.0,0.0,0.0,0.054569036985107955,0.30135991439500387,
6507,新疆,光伏,combined,1.3333333333333333,20.0,True,33.0,660000.0,0.0,0.0,0.054569036985107955,0.30135991439500387,
6518,新疆,光伏,combined,1.3333333333333333,20.0,True,33.0,660000.0,0.0,0.0,0.054569036985107955,0.30135991439500387,
6522,新疆,光伏,combined,1.3333333333333333,20.0,True,33.0,660000.0,0.0,0.0,0.054569036985107955,0.30135991439500387,
6528,新疆,光伏,combined,1.3333333333333333,20.0,True,33.0,660000.0,0.0,0.0,0.054569036985107955,0.30135991439500387,
6531,新疆,光伏,combined,1.3333333333333333,20.0,True,33.0,660000.0,0.0,0.0,0.054569036985107955,0.30135991439500387,
6536,新疆,光伏,combined,1.3333333333333333,20.0,True,33.0,660000.0,0.0,0.0,0.054569036985107955,0.30135991439500387,
6537,新疆,光伏,combined,1.3333333333333333,20.0,True,33.0,660000.0,0.0,0.0,0.054569036985107955,0.30135991439500387,
6538,新疆,光伏,combined,1.3333333333333333,20.0,True,33.0,660000.0,0.0,0.0,0.054569036985107955,0.30135991439500387,
6548,新疆,光伏,combined,1.3333333333333333,20.0,True,33.0,660000.0,0.0,0.0,0.054569036985107955,0.30135991439500387,
6553,新疆,光伏,combined,1.3333333333333333,20.0,True,33.0,660000.0,0.0,0.0,0.054569036985107955,0.30135991439500387,
6559,新疆,光伏,combined,1.3333333333333333,20.0,True,33.0,660000.0,0.0,0.0,0.054569036985107955,0.30135991439500387,
6564,新疆,光伏,combined,1.3333333333333333,20.0,True,33.0,660000.0,0.0,0.0,0.054569036985107955,0.30135991439500387,
6565,新疆,光伏,combined,1.3333333333333333,20.0,True,33.0,660000.0,0.0,0.0,0.054569036985107955,0.30135991439500387,
6566,新疆,光伏,combined,1.3333333333333333,20.0,True,33.0,660000.0,0.0,0.0,0.054569036985107955,0.30135991439500387,
6568,新疆,光伏,combined,1.3333333333333333,20.0,True,33.0,660000.0,0.0,0.0,0.054569036985107955,0.30135991439500387,
6574,新疆,光伏,combined,1.3333333333333333,20.0,True,33.0,660000.0,0.0,0.0,0.054569036985107955,0.30135991439500387,
6576,新疆,光伏,combined,1.3333333333333333,20.0,True,33.0,660000.0,0.0,0.0,0.054569036985107955,0.30135991439500387,
6578,新疆,光伏,combined,1.3333333333333333,20.0,True,33.0,660000.0,0.0,0.0,0.054569036985107955,0.30135991439500387,
6579,新疆,光伏,combined,1.3333333333333333,20.0,True,33.0,660000.0,0.0,0.0,0.054569036985107955,0.30135991439500387,
6582,新疆,光伏,combined,1.3333333333333333,20.0,True,33.0,660000.0,0.0,0.0,0.054569036985107955,0.30135991439500387,
6590,新疆,光伏,combined,1.3333333333333333,20.0,True,33.0,660000.0,0.0,0.0,0.054569036985107955,0.30135991439500387,
6598,新疆,光伏,combined,1.3333333333333333,20.0,True,33.0,660000.0,0.0,0.0,0.054569036985107955,0.30135991439500387,
6602,新疆,光伏,combined,1.3333333333333333,20.0,True,33.0,660000.0,0.0,0.0,0.054569036985107955,0.30135991439500387,
6607,新疆,光伏,combined,1.3333333333333333,20.0,True,33.0,660000.0,0.0,0.0,0.054569036985107955,0.30135991439500387,
6609,新疆,光伏,combined,1.3333333333333333,20.0,True,33.0,660000.0,0.0,0.0,0.054569036985107955,0.30135991439500387,
6616,新疆,光伏,combined,1.3333333333333333,20.0,True,33.0,660000.0,0.0,0.0,0.054569036985107955,0.30135991439500387,
6619,新疆,光伏,combined,1.3333333333333333,20.0,True,33.0,660000.0,0.0,0.0,0.054569036985107955,0.30135991439500387,
6625,新疆,光伏,combined,1.3333333333333333,20.0,True,33.0,660000.0,0.0,0.0,0.054569036985107955,0.30135991439500387,
6628,新疆,光伏,combined,1.3333333333333333,20.0,True,33.0,660000.0,0.0,0.0,0.054569036985107955,0.30135991439500387,
6633,新疆,光伏,combined,1.3333333333333333,20.0,True,33.0,660000.0,0.0,0.0,0.054569036985107955,0.30135991439500387,
6634,新疆,光伏,combined,1.3333333333333333,20.0,True,33.0,660000.0,0.0,0.0,0.054569036985107955,0.30135991439500387,
6638,新疆,光伏,combined,1.3333333333333333,20.0,True,33.0,660000.0,0.0,0.0,0.054569036985107955,0.30135991439500387,
6641,新疆,光伏,combined,1.3333333333333333,20.0,True,33.0,660000.0,0.0,0.0,0.054569036985107955,0.30135991439500387,
6644,新疆,光伏,combined,1.3333333333333333,20.0,True,33.0,660000.0,0.0,0.0,0.054569036985107955,0.30135991439500387,
6654,新疆,光伏,combined,1.3333333333333333,20.0,True,33.0,660000.0,0.0,0.0,0.054569036985107955,0.30135991439500387,
6659,新疆,光伏,combined,1.3333333333333333,20.0,True,33.0,660000.0,0.0,0.0,0.054569036985107955,0.30135991439500387,
6666,新疆,光伏,combined,1.3333333333333333,20.0,True,33.0,660000.0,0.0,0.0,0.054569036985107955,0.30135991439500387,
6669,新疆,光伏,combined,1.3333333333333333,20.0,True,33.0,660000.0,0.0,0.0,0.054569036985107955,0.30135991439500387,
6672,新疆,光伏,combined,1.3333333333333333,20.0,True,33.0,660000.0,0.0,0.0,0.054569036985107955,0.30135991439500387,
6675,新疆,光伏,combined,1.3333333333333333,20.0,True,33.0,660000.0,0.0,0.0,0.054569036985107955,0.30135991439500387,
6694,新疆,光伏,combined,1.3333333333333333,20.0,True,33.0,660000.0,0.0,0.0,0.054569036985107955,0.30135991439500387,
6720,新疆,光伏,combined,1.3333333333333333,20.0,True,33.0,660000.0,0.0,0.0,0.054569036985107955,0.30135991439500387,
6723,新疆,光伏,combined,1.3333333333333333,20.0,True,33.0,660000.0,0.0,0.0,0.054569036985107955,0.30135991439500387,
6728,新疆,光伏,combined,1.3333333333333333,20.0,True,33.0,660000.0,0.0,0.0,0.054569036985107955,0.30135991439500387,
6731,新疆,光伏,combined,1.3333333333333333,20.0,True,33.0,660000.0,0.0,0.0,0.054569036985107955,0.30135991439500387,
6736,新疆,光伏,combined,1.3333333333333333,20.0,True,33.0,660000.0,0.0,0.0,0.054569036985107955,0.30135991439500387,
6738,新疆,光伏,combined,1.3333333333333333,20.0,True,33.0,660000.0,0.0,0.0,0.054569036985107955,0.30135991439500387,
6739,新疆,光伏,combined,1.3333333333333333,20.0,True,33.0,660000.0,0.0,0.0,0.054569036985107955,0.30135991439500387,
6740,新疆,光伏,combined,1.3333333333333333,20.0,True,33.0,660000.0,0.0,0.0,0.054569036985107955,0.30135991439500387,
6741,新疆,光伏,combined,1.3333333333333333,20.0,True,33.0,660000.0,0.0,0.0,0.054569036985107955,0.30135991439500387,
6745,新疆,光伏,combined,1.3333333333333333,20.0,True,33.0,660000.0,0.0,0.0,0.054569036985107955,0.30135991439500387,
6747,新疆,光伏,combined,1.3333333333333333,20.0,True,33.0,660000.0,0.0,0.0,0.054569036985107955,0.30135991439500387,
6753,新疆,光伏,combined,1.3333333333333333,20.0,True,33.0,660000.0,0.0,0.0,0.054569036985107955,0.30135991439500387,
6755,新疆,光伏,combined,1.3333333333333333,20.0,True,33.0,660000.0,0.0,0.0,0.054569036985107955,0.30135991439500387,
6760,新疆,光伏,combined,1.3333333333333333,20.0,True,33.0,660000.0,0.0,0.0,0.054569036985107955,0.30135991439500387,
6766,新疆,光伏,combined,1.3333333333333333,20.0,True,33.0,660000.0,0.0,0.0,0.054569036985107955,0.30135991439500387,
6768,新疆,光伏,combined,1.3333333333333333,20.0,True,33.0,660000.0,0.0,0.0,0.054569036985107955,0.30135991439500387,
6774,新疆,光伏,combined,1.3333333333333333,20.0,True,33.0,660000.0,0.0,0.0,0.054569036985107955,0.30135991439500387,
6777,新疆,光伏,combined,1.3333333333333333,20.0,True,33.0,660000.0,0.0,0.0,0.054569036985107955,0.30135991439500387,
6782,新疆,光伏,combined,1.3333333333333333,20.0,True,33.0,660000.0,0.0,0.0,0.054569036985107955,0.30135991439500387,
6785,新疆,光伏,combined,1.3333333333333333,20.0,True,33.0,660000.0,0.0,0.0,0.054569036985107955,0.30135991439500387,
6790,新疆,光伏,combined,1.3333333333333333,20.0,True,33.0,660000.0,0.0,0.0,0.054569036985107955,0.30135991439500387,
6792,新疆,光伏,combined,1.3333333333333333,20.0,True,33.0,660000.0,0.0,0.0,0.054569036985107955,0.30135991439500387,
6793,新疆,光伏,combined,1.3333333333333333,20.0,True,33.0,660000.0,0.0,0.0,0.054569036985107955,0.30135991439500387,
6799,新疆,光伏,combined,1.3333333333333333,20.0,True,33.0,660000.0,0.0,0.0,0.054569036985107955,0.30135991439500387,
6802,新疆,光伏,combined,1.3333333333333333,20.0,True,33.0,660000.0,0.0,0.0,0.054569036985107955,0.30135991439500387,
6804,新疆,光伏,combined,1.3333333333333333,20.0,True,33.0,660000.0,0.0,0.0,0.054569036985107955,0.30135991439500387,
6806,新疆,光伏,combined,1.3333333333333333,20.0,True,33.0,660000.0,0.0,0.0,0.054569036985107955,0.30135991439500387,
6812,新疆,光伏,combined,1.3333333333333333,20.0,True,33.0,660000.0,0.0,0.0,0.054569036985107955,0.30135991439500387,
6813,新疆,光伏,combined,1.3333333333333333,20.0,True,33.0,660000.0,0.0,0.0,0.054569036985107955,0.30135991439500387,
6819,新疆,光伏,combined,1.3333333333333333,20.0,True,33.0,660000.0,0.0,0.0,0.054569036985107955,0.30135991439500387,
6824,新疆,光伏,combined,1.3333333333333333,20.0,True,33.0,660000.0,0.0,0.0,0.054569036985107955,0.30135991439500387,
6827,新疆,光伏,combined,1.3333333333333333,20.0,True,33.0,660000.0,0.0,0.0,0.054569036985107955,0.30135991439500387,
6831,新疆,光伏,combined,1.3333333333333333,20.0,True,33.0,660000.0,0.0,0.0,0.054569036985107955,0.30135991439500387,
6838,新疆,光伏,combined,1.3333333333333333,20.0,True,33.0,660000.0,0.0,0.0,0.054569036985107955,0.30135991439500387,
6839,新疆,光伏,combined,1.3333333333333333,20.0,True,33.0,660000.0,0.0,0.0,0.054569036985107955,0.30135991439500387,
6842,新疆,光伏,combined,1.3333333333333333,20.0,True,33.0,660000.0,0.0,0.0,0.054569036985107955,0.30135991439500387,
6845,新疆,光伏,combined,1.3333333333333333,20.0,True,33.0,660000.0,0.0,0.0,0.054569036985107955,0.30135991439500387,
685,甘肃,光伏,combined,1.3333333333333333,20.0,True,33.0,660000.0,0.0,0.0,0.054569036985107955,0.30135991439500387,
6852,新疆,光伏,combined,1.3333333333333333,20.0,True,33.0,660000.0,0.0,0.0,0.054569036985107955,0.30135991439500387,
6854,新疆,光伏,combined,1.3333333333333333,20.0,True,33.0,660000.0,0.0,0.0,0.054569036985107955,0.30135991439500387,
6860,新疆,光伏,combined,1.3333333333333333,20.0,True,33.0,660000.0,0.0,0.0,0.054569036985107955,0.30135991439500387,
6866,新疆,光伏,combined,1.3333333333333333,20.0,True,33.0,660000.0,0.0,0.0,0.054569036985107955,0.30135991439500387,
6867,新疆,光伏,combined,1.3333333333333333,20.0,True,33.0,660000.0,0.0,0.0,0.054569036985107955,0.30135991439500387,
6881,新疆,光伏,combined,1.3333333333333333,20.0,True,33.0,660000.0,0.0,0.0,0.054569036985107955,0.30135991439500387,
6883,新疆,光伏,combined,1.3333333333333333,20.0,True,33.0,660000.0,0.0,0.0,0.054569036985107955,0.30135991439500387,
6885,新疆,光伏,combined,1.3333333333333333,20.0,True,33.0,660000.0,0.0,0.0,0.054569036985107955,0.30135991439500387,
6895,新疆,光伏,combined,1.3333333333333333,20.0,True,33.0,660000.0,0.0,0.0,0.054569036985107955,0.30135991439500387,
6898,新疆,光伏,combined,1.3333333333333333,20.0,True,33.0,660000.0,0.0,0.0,0.054569036985107955,0.30135991439500387,
6903,新疆,光伏,combined,1.3333333333333333,20.0,True,33.0,660000.0,0.0,0.0,0.054569036985107955,0.30135991439500387,
6907,新疆,光伏,combined,1.3333333333333333,20.0,True,33.0,660000.0,0.0,0.0,0.054569036985107955,0.30135991439500387,
6911,新疆,光伏,combined,1.3333333333333333,20.0,True,33.0,660000.0,0.0,0.0,0.054569036985107955,0.30135991439500387,
6912,新疆,光伏,combined,1.3333333333333333,20.0,True,33.0,660000.0,0.0,0.0,0.054569036985107955,0.30135991439500387,
6913,新疆,光伏,combined,1.3333333333333333,20.0,True,33.0,660000.0,0.0,0.0,0.054569036985107955,0.30135991439500387,
6916,新疆,光伏,combined,1.3333333333333333,20.0,True,33.0,660000.0,0.0,0.0,0.054569036985107955,0.30135991439500387,
6918,新疆,光伏,combined,1.3333333333333333,20.0,True,33.0,660000.0,0.0,0.0,0.054569036985107955,0.30135991439500387,
6928,新疆,光伏,combined,1.3333333333333333,20.0,True,33.0,660000.0,0.0,0.0,0.054569036985107955,0.30135991439500387,
6934,新疆,光伏,combined,1.3333333333333333,20.0,True,33.0,660000.0,0.0,0.0,0.054569036985107955,0.30135991439500387,
6938,新疆,光伏,combined,1.3333333333333333,20.0,True,33.0,660000.0,0.0,0.0,0.054569036985107955,0.30135991439500387,
6947,新疆,光伏,combined,1.3333333333333333,20.0,True,33.0,660000.0,0.0,0.0,0.054569036985107955,0.30135991439500387,
6953,新疆,光伏,combined,1.3333333333333333,20.0,True,33.0,660000.0,0.0,0.0,0.054569036985107955,0.30135991439500387,
6959,新疆,光伏,combined,1.3333333333333333,20.0,True,33.0,660000.0,0.0,0.0,0.054569036985107955,0.30135991439500387,
6963,新疆,光伏,combined,1.3333333333333333,20.0,True,33.0,660000.0,0.0,0.0,0.054569036985107955,0.30135991439500387,
697,甘肃,光伏,combined,1.3333333333333333,20.0,True,33.0,660000.0,0.0,0.0,0.054569036985107955,0.30135991439500387,
6975,新疆,光伏,combined,1.3333333333333333,20.0,True,33.0,660000.0,0.0,0.0,0.054569036985107955,0.30135991439500387,
6981,新疆,光伏,combined,1.3333333333333333,20.0,True,33.0,660000.0,0.0,0.0,0.054569036985107955,0.30135991439500387,
6998,新疆,光伏,combined,1.3333333333333333,20.0,True,33.0,660000.0,0.0,0.0,0.054569036985107955,0.30135991439500387,
6999,新疆,光伏,combined,1.3333333333333333,20.0,True,33.0,660000.0,0.0,0.0,0.054569036985107955,0.30135991439500387,
7114,新疆,光伏,combined,1.3333333333333333,20.0,True,33.0,660000.0,0.0,0.0,0.054569036985107955,0.30135991439500387,
724,甘肃,光伏,combined,1.3333333333333333,20.0,True,33.0,660000.0,0.0,0.0,0.054569036985107955,0.30135991439500387,
7274,新疆,光伏,combined,1.3333333333333333,20.0,True,33.0,660000.0,0.0,0.0,0.054569036985107955,0.30135991439500387,
7284,新疆,光伏,combined,1.3333333333333333,20.0,True,33.0,660000.0,0.0,0.0,0.054569036985107955,0.30135991439500387,
7325,新疆,光伏,combined,1.3333333333333333,20.0,True,33.0,660000.0,0.0,0.0,0.054569036985107955,0.30135991439500387,
7332,新疆,光伏,combined,1.3333333333333333,20.0,True,33.0,660000.0,0.0,0.0,0.054569036985107955,0.30135991439500387,
7361,新疆,光伏,combined,1.3333333333333333,20.0,True,33.0,660000.0,0.0,0.0,0.054569036985107955,0.30135991439500387,
770,甘肃,光伏,combined,1.3333333333333333,20.0,True,33.0,660000.0,0.0,0.0,0.054569036985107955,0.30135991439500387,
782,甘肃,光伏,combined,1.3333333333333333,20.0,True,33.0,660000.0,0.0,0.0,0.054569036985107955,0.30135991439500387,
810,甘肃,光伏,combined,1.3333333333333333,20.0,True,33.0,660000.0,0.0,0.0,0.054569036985107955,0.30135991439500387,
814,甘肃,光伏,combined,1.3333333333333333,20.0,True,33.0,660000.0,0.0,0.0,0.054569036985107955,0.30135991439500387,
816,甘肃,光伏,combined,1.3333333333333333,20.0,True,33.0,660000.0,0.0,0.0,0.054569036985107955,0.30135991439500387,
8314,青海,光伏,combined,1.3333333333333333,20.0,True,33.0,660000.0,0.0,0.0,0.054569036985107955,0.30135991439500387,
8326,青海,光伏,combined,1.3333333333333333,20.0,True,33.0,660000.0,0.0,0.0,0.054569036985107955,0.30135991439500387,
886,甘肃,光伏,combined,1.3333333333333333,20.0,True,33.0,660000.0,0.0,0.0,0.054569036985107955,0.30135991439500387,
895,甘肃,光伏,combined,1.3333333333333333,20.0,True,33.0,660000.0,0.0,0.0,0.054569036985107955,0.30135991439500387,
931,甘肃,光伏,combined,1.3333333333333333,20.0,True,33.0,660000.0,0.0,0.0,0.054569036985107955,0.30135991439500387,
935,甘肃,光伏,combined,1.3333333333333333,20.0,True,33.0,660000.0,0.0,0.0,0.054569036985107955,0.30135991439500387,
943,甘肃,光伏,combined,1.3333333333333333,20.0,True,33.0,660000.0,0.0,0.0,0.054569036985107955,0.30135991439500387,
954,甘肃,光伏,combined,1.3333333333333333,20.0,True,33.0,660000.0,0.0,0.0,0.054569036985107955,0.30135991439500387,
957,甘肃,光伏,combined,1.3333333333333333,20.0,True,33.0,660000.0,0.0,0.0,0.054569036985107955,0.30135991439500387,
963,甘肃,光伏,combined,1.3333333333333333,20.0,True,33.0,660000.0,0.0,0.0,0.054569036985107955,0.30135991439500387,
W1057,广西,风电,combined,1.3333333333333333,20.0,True,33.0,660000.0,0.0,0.0,0.054569036985107955,0.30135991439500387,
W1069,广西,风电,combined,1.3333333333333333,20.0,True,33.0,660000.0,0.0,0.0,0.054569036985107955,0.30135991439500387,
W1073,广西,风电,combined,1.3333333333333333,20.0,True,33.0,660000.0,0.0,0.0,0.054569036985107955,0.30135991439500387,
W113,甘肃,风电,combined,1.3333333333333333,20.0,True,33.0,660000.0,0.0,0.0,0.054569036985107955,0.30135991439500387,
W1130,河北,风电,combined,1.3333333333333333,20.0,True,33.0,660000.0,0.0,0.0,0.054569036985107955,0.30135991439500387,
W1134,河北,风电,combined,1.3333333333333333,20.0,True,33.0,660000.0,0.0,0.0,0.054569036985107955,0.30135991439500387,
W114,甘肃,风电,combined,1.3333333333333333,20.0,True,33.0,660000.0,0.0,0.0,0.054569036985107955,0.30135991439500387,
W115,甘肃,风电,combined,1.3333333333333333,20.0,True,33.0,660000.0,0.0,0.0,0.054569036985107955,0.30135991439500387,
W116,甘肃,风电,combined,1.3333333333333333,20.0,True,33.0,660000.0,0.0,0.0,0.054569036985107955,0.30135991439500387,
W117,甘肃,风电,combined,1.3333333333333333,20.0,True,33.0,660000.0,0.0,0.0,0.054569036985107955,0.30135991439500387,
W1223,陕西,风电,combined,1.3333333333333333,20.0,True,33.0,660000.0,0.0,0.0,0.054569036985107955,0.30135991439500387,
W123,甘肃,风电,combined,1.3333333333333333,20.0,True,33.0,660000.0,0.0,0.0,0.054569036985107955,0.30135991439500387,
W127,甘肃,风电,combined,1.3333333333333333,20.0,True,33.0,660000.0,0.0,0.0,0.054569036985107955,0.30135991439500387,
W1273,广西,风电,combined,1.3333333333333333,20.0,True,33.0,660000.0,0.0,0.0,0.054569036985107955,0.30135991439500387,
W128,甘肃,风电,combined,1.3333333333333333,20.0,True,33.0,660000.0,0.0,0.0,0.054569036985107955,0.30135991439500387,
W1280,河北,风电,combined,1.3333333333333333,20.0,True,33.0,660000.0,0.0,0.0,0.054569036985107955,0.30135991439500387,
W1284,河北,风电,combined,1.3333333333333333,20.0,True,33.0,660000.0,0.0,0.0,0.054569036985107955,0.30135991439500387,
W129,甘肃,风电,combined,1.3333333333333333,20.0,True,33.0,660000.0,0.0,0.0,0.054569036985107955,0.30135991439500387,
W130,甘肃,风电,combined,1.3333333333333333,20.0,True,33.0,660000.0,0.0,0.0,0.054569036985107955,0.30135991439500387,
W131,甘肃,风电,combined,1.3333333333333333,20.0,True,33.0,660000.0,0.0,0.0,0.054569036985107955,0.30135991439500387,
W132,甘肃,风电,combined,1.3333333333333333,20.0,True,33.0,660000.0,0.0,0.0,0.054569036985107955,0.30135991439500387,
W133,甘肃,风电,combined,1.3333333333333333,20.0,True,33.0,660000.0,0.0,0.0,0.054569036985107955,0.30135991439500387,
W134,甘肃,风电,combined,1.3333333333333333,20.0,True,33.0,660000.0,0.0,0.0,0.054569036985107955,0.30135991439500387,
W1340,河北,风电,combined,1.3333333333333333,20.0,True,33.0,660000.0,0.0,0.0,0.054569036985107955,0.30135991439500387,
W1356,河北,风电,combined,1.3333333333333333,20.0,True,33.0,660000.0,0.0,0.0,0.054569036985107955,0.30135991439500387,
W1358,河北,风电,combined,1.3333333333333333,20.0,True,33.0,660000.0,0.0,0.0,0.054569036985107955,0.30135991439500387,
W136,甘肃,风电,combined,1.3333333333333333,20.0,True,33.0,660000.0,0.0,0.0,0.054569036985107955,0.30135991439500387,
W1360,河北,风电,combined,1.3333333333333333,20.0,True,33.0,660000.0,0.0,0.0,0.054569036985107955,0.30135991439500387,
W1362,河北,风电,combined,1.3333333333333333,20.0,True,33.0,660000.0,0.0,0.0,0.054569036985107955,0.30135991439500387,
W1374,河北,风电,combined,1.3333333333333333,20.0,True,33.0,660000.0,0.0,0.0,0.054569036985107955,0.30135991439500387,
W1376,河北,风电,combined,1.3333333333333333,20.0,True,33.0,660000.0,0.0,0.0,0.054569036985107955,0.30135991439500387,
W138,甘肃,风电,combined,1.3333333333333333,20.0,True,33.0,660000.0,0.0,0.0,0.054569036985107955,0.30135991439500387,
W1387,河北,风电,combined,1.3333333333333333,20.0,True,33.0,660000.0,0.0,0.0,0.054569036985107955,0.30135991439500387,
W1389,河北,风电,combined,1.3333333333333333,20.0,True,33.0,660000.0,0.0,0.0,0.054569036985107955,0.30135991439500387,
W139,甘肃,风电,combined,1.3333333333333333,20.0,True,33.0,660000.0,0.0,0.0,0.054569036985107955,0.30135991439500387,
W140,甘肃,风电,combined,1.3333333333333333,20.0,True,33.0,660000.0,0.0,0.0,0.054569036985107955,0.30135991439500387,
W141,甘肃,风电,combined,1.3333333333333333,20.0,True,33.0,660000.0,0.0,0.0,0.054569036985107955,0.30135991439500387,
W1482,海南,风电,combined,1.3333333333333333,3.4,False,38.000000000000014,162000.0,0.0,0.0,0.03980305688939201,0.11528404976045792,
W1483,海南,风电,combined,1.3333333333333333,3.4,False,38.000000000000014,162000.0,0.0,0.0,0.03980305688939201,0.11528404976045792,
W1502,河北,风电,combined,1.3333333333333333,20.0,True,33.0,660000.0,0.0,0.0,0.054569036985107955,0.30135991439500387,
W1509,河北,风电,combined,1.3333333333333333,20.0,True,33.0,660000.0,0.0,0.0,0.054569036985107955,0.30135991439500387,
W1529,河北,风电,combined,1.3333333333333333,20.0,True,33.0,660000.0,0.0,0.0,0.054569036985107955,0.30135991439500387,
W1603,广西,风电,combined,1.3333333333333333,20.0,True,33.0,660000.0,0.0,0.0,0.054569036985107955,0.30135991439500387,
W1612,河北,风电,combined,1.3333333333333333,20.0,True,33.0,660000.0,0.0,0.0,0.054569036985107955,0.30135991439500387,
W1686,广西,风电,combined,1.3333333333333333,20.0,True,33.0,660000.0,0.0,0.0,0.054569036985107955,0.30135991439500387,
W1769,广西,风电,combined,1.3333333333333333,2.7,False,41.500000000000014,141000.0,0.0,0.0,0.030464556120266773,0.09840363373347172,
W1774,广西,风电,combined,1.3333333333333333,2.7,False,41.500000000000014,141000.0,0.0,0.0,0.030464556120266773,0.09840363373347172,
W1866,河北,风电,combined,1.3333333333333333,20.0,True,33.0,660000.0,0.0,0.0,0.054569036985107955,0.30135991439500387,
W1875,河北,风电,combined,1.3333333333333333,20.0,True,33.0,660000.0,0.0,0.0,0.054569036985107955,0.30135991439500387,
W1883,河北,风电,combined,1.3333333333333333,20.0,True,33.0,660000.0,0.0,0.0,0.054569036985107955,0.30135991439500387,
W1887,河北,风电,combined,1.3333333333333333,20.0,True,33.0,660000.0,0.0,0.0,0.054569036985107955,0.30135991439500387,
W1892,河北,风电,combined,1.3333333333333333,20.0,True,33.0,660000.0,0.0,0.0,0.054569036985107955,0.30135991439500387,
W2206,黑龙江,风电,combined,1.3333333333333333,2.8,False,41.000000000000014,144000.0,0.0,0.0,0.031754668903146266,0.10094688001278906,
W2208,黑龙江,风电,combined,1.3333333333333333,2.8,False,41.000000000000014,144000.0,0.0,0.0,0.031754668903146266,0.10094688001278906,
W2214,黑龙江,风电,combined,1.3333333333333333,2.8,False,41.000000000000014,144000.0,0.0,0.0,0.031754668903146266,0.10094688001278906,
W2237,黑龙江,风电,combined,1.3333333333333333,20.0,True,33.0,660000.0,0.0,0.0,0.054569036985107955,0.30135991439500387,
W2263,河北,风电,combined,1.3333333333333333,20.0,True,33.0,660000.0,0.0,0.0,0.054569036985107955,0.30135991439500387,
W2266,河北,风电,combined,1.3333333333333333,20.0,True,33.0,660000.0,0.0,0.0,0.054569036985107955,0.30135991439500387,
W2269,黑龙江,风电,combined,1.3333333333333333,20.0,True,33.0,660000.0,0.0,0.0,0.054569036985107955,0.30135991439500387,
W2282,黑龙江,风电,combined,1.3333333333333333,20.0,True,33.0,660000.0,0.0,0.0,0.054569036985107955,0.30135991439500387,
W2377,河北,风电,combined,1.3333333333333333,3.1,False,39.500000000000014,153000.0,0.0,0.0,0.03571083052453017,0.10830325838668364,
W2379,黑龙江,风电,combined,1.3333333333333333,20.0,True,33.0,660000.0,0.0,0.0,0.054569036985107955,0.30135991439500387,
W2383,黑龙江,风电,combined,1.3333333333333333,20.0,True,33.0,660000.0,0.0,0.0,0.054569036985107955,0.30135991439500387,
W2404,黑龙江,风电,combined,1.3333333333333333,20.0,True,33.0,660000.0,0.0,0.0,0.054569036985107955,0.30135991439500387,
W2420,黑龙江,风电,combined,1.3333333333333333,20.0,True,33.0,660000.0,0.0,0.0,0.054569036985107955,0.30135991439500387,
W2431,河北,风电,combined,1.3333333333333333,20.0,True,33.0,660000.0,0.0,0.0,0.054569036985107955,0.30135991439500387,
W2436,河北,风电,combined,1.3333333333333333,20.0,True,33.0,660000.0,0.0,0.0,0.054569036985107955,0.30135991439500387,
W2441,河北,风电,combined,1.3333333333333333,20.0,True,33.0,660000.0,0.0,0.0,0.054569036985107955,0.30135991439500387,
W2455,河北,风电,combined,1.3333333333333333,20.0,True,33.0,660000.0,0.0,0.0,0.054569036985107955,0.30135991439500387,
W2456,黑龙江,风电,combined,1.3333333333333333,20.0,True,33.0,660000.0,0.0,0.0,0.054569036985107955,0.30135991439500387,
W2461,河北,风电,combined,1.3333333333333333,20.0,True,33.0,660000.0,0.0,0.0,0.054569036985107955,0.30135991439500387,
W2465,河北,风电,combined,1.3333333333333333,20.0,True,33.0,660000.0,0.0,0.0,0.054569036985107955,0.30135991439500387,
W2466,黑龙江,风电,combined,1.3333333333333333,3.1,False,39.500000000000014,153000.0,0.0,0.0,0.03571083052453017,0.10830325838668364,
W2471,黑龙江,风电,combined,1.3333333333333333,3.1,False,39.500000000000014,153000.0,0.0,0.0,0.03571083052453017,0.10830325838668364,
W2475,黑龙江,风电,combined,1.3333333333333333,3.1,False,39.500000000000014,153000.0,0.0,0.0,0.03571083052453017,0.10830325838668364,
W2482,河北,风电,combined,1.3333333333333333,20.0,True,33.0,660000.0,0.0,0.0,0.054569036985107955,0.30135991439500387,
W2488,河北,风电,combined,1.3333333333333333,20.0,True,33.0,660000.0,0.0,0.0,0.054569036985107955,0.30135991439500387,
W2495,黑龙江,风电,combined,1.3333333333333333,3.1,False,39.500000000000014,153000.0,0.0,0.0,0.03571083052453017,0.10830325838668364,
W2497,黑龙江,风电,combined,1.3333333333333333,3.1,False,39.500000000000014,153000.0,0.0,0.0,0.03571083052453017,0.10830325838668364,
W2504,黑龙江,风电,combined,1.3333333333333333,4.1,False,34.50000000000002,183000.0,0.0,0.0,0.04994116534169557,0.13031773364798638,
W2507,河北,风电,combined,1.3333333333333333,20.0,True,33.0,660000.0,0.0,0.0,0.054569036985107955,0.30135991439500387,
W2515,河北,风电,combined,1.3333333333333333,20.0,True,33.0,660000.0,0.0,0.0,0.054569036985107955,0.30135991439500387,
W2524,黑龙江,风电,combined,1.3333333333333333,2.0,False,45.00000000000001,120000.0,0.10000000000000009,0.01100000000000001,0.021802572213463822,0.07911634778317067,0.22348548390028578
W2525,河北,风电,combined,1.3333333333333333,20.0,True,33.0,660000.0,0.0,0.0,0.054569036985107955,0.30135991439500387,
W2553,黑龙江,风电,combined,1.3333333333333333,20.0,True,33.0,660000.0,0.0,0.0,0.054569036985107955,0.30135991439500387,
W2567,黑龙江,风电,combined,1.3333333333333333,20.0,True,33.0,660000.0,0.0,0.0,0.054569036985107955,0.30135991439500387,
W2577,黑龙江,风电,combined,1.3333333333333333,20.0,True,33.0,660000.0,0.0,0.0,0.054569036985107955,0.30135991439500387,
W2590,黑龙江,风电,combined,1.3333333333333333,20.0,True,33.0,660000.0,0.0,0.0,0.054569036985107955,0.30135991439500387,
W2604,黑龙江,风电,combined,1.3333333333333333,3.1,False,39.500000000000014,153000.0,0.0,0.0,0.03571083052453017,0.10830325838668364,
W2610,黑龙江,风电,combined,1.3333333333333333,3.0,False,40.000000000000014,150000.0,0.0,0.0,0.034377469677406514,0.10589495681214411,
W2622,黑龙江,风电,combined,1.3333333333333333,3.7,False,36.500000000000014,171000.0,0.0,0.0,0.044041685795762175,0.12192777418648859,
W2626,黑龙江,风电,combined,1.3333333333333333,4.1,False,34.50000000000002,183000.0,0.0,0.0,0.04994116534169557,0.13031773364798638,
W2638,黑龙江,风电,combined,1.3333333333333333,2.7,False,41.500000000000014,141000.0,0.0,0.0,0.030464556120266773,0.09840363373347172,
W2648,黑龙江,风电,combined,1.3333333333333333,4.1,False,34.50000000000002,183000.0,0.0,0.0,0.04994116534169557,0.13031773364798638,
W2655,黑龙江,风电,combined,1.3333333333333333,2.2,False,44.00000000000001,126000.0,0.010000000000000009,0.001100000000000001,0.024214423679230324,0.08491552825386917,0.3970252062864267
W2670,黑龙江,风电,combined,1.3333333333333333,20.0,True,33.0,660000.0,0.0,0.0,0.054569036985107955,0.30135991439500387,
W2693,黑龙江,风电,combined,1.3333333333333333,4.1,False,34.50000000000002,183000.0,0.0,0.0,0.04994116534169557,0.13031773364798638,
W2703,黑龙江,风电,combined,1.3333333333333333,4.1,False,34.50000000000002,183000.0,0.0,0.0,0.04994116534169557,0.13031773364798638,
W2708,黑龙江,风电,combined,1.3333333333333333,20.0,True,33.0,660000.0,0.0,0.0,0.054569036985107955,0.30135991439500387,
W2736,黑龙江,风电,combined,1.3333333333333333,2.1,False,44.500000000000014,123000.0,0.05500000000000005,0.006050000000000005,0.023002467171203356,0.08204741774436664,0.27284279629214747
W2751,黑龙江,风电,combined,1.3333333333333333,2.1,False,44.500000000000014,123000.0,0.05500000000000005,0.006050000000000005,0.023002467171203356,0.08204741774436664,0.27284279629214747
W2766,黑龙江,风电,combined,1.3333333333333333,2.1,False,44.500000000000014,123000.0,0.05500000000000005,0.006050000000000005,0.023002467171203356,0.08204741774436664,0.27284279629214747
W2780,河北,风电,combined,1.3333333333333333,20.0,True,33.0,660000.0,0.0,0.0,0.054569036985107955,0.30135991439500387,
W2781,黑龙江,风电,combined,1.3333333333333333,20.0,True,33.0,660000.0,0.0,0.0,0.054569036985107955,0.30135991439500387,
W2786,河北,风电,combined,1.3333333333333333,20.0,True,33.0,660000.0,0.0,0.0,0.054569036985107955,0.30135991439500387,
W2790,黑龙江,风电,combined,1.3333333333333333,20.0,True,33.0,660000.0,0.0,0.0,0.054569036985107955,0.30135991439500387,
W2792,河北,风电,combined,1.3333333333333333,20.0,True,33.0,660000.0,0.0,0.0,0.054569036985107955,0.30135991439500387,
W2797,河北,风电,combined,1.3333333333333333,20.0,True,33.0,660000.0,0.0,0.0,0.054569036985107955,0.30135991439500387,
W2803,黑龙江,风电,combined,1.3333333333333333,1.0,False,50.00000000000001,90000.0,0.55,0.060500000000000005,0.010415245157134101,0.04554733401221789,0.0635626396783594
W2813,黑龙江,风电,combined,1.3333333333333333,20.0,True,33.0,660000.0,0.0,0.0,0.054569036985107955,0.30135991439500387,
W2820,黑龙江,风电,combined,1.3333333333333333,2.1,False,44.500000000000014,123000.0,0.05500000000000005,0.006050000000000005,0.023002467171203356,0.08204741774436664,0.27284279629214747
W2822,黑龙江,风电,combined,1.3333333333333333,20.0,True,33.0,660000.0,0.0,0.0,0.054569036985107955,0.30135991439500387,
W2824,黑龙江,风电,combined,1.3333333333333333,2.7,False,41.500000000000014,141000.0,0.0,0.0,0.030464556120266773,0.09840363373347172,
W2833,黑龙江,风电,combined,1.3333333333333333,2.7,False,41.500000000000014,141000.0,0.0,0.0,0.030464556120266773,0.09840363373347172,
W2843,黑龙江,风电,combined,1.3333333333333333,20.0,True,33.0,660000.0,0.0,0.0,0.054569036985107955,0.30135991439500387,
W2845,黑龙江,风电,combined,1.3333333333333333,4.1,False,34.50000000000002,183000.0,0.0,0.0,0.04994116534169557,0.13031773364798638,
W2869,黑龙江,风电,combined,1.3333333333333333,20.0,True,33.0,660000.0,0.0,0.0,0.054569036985107955,0.30135991439500387,
W2877,黑龙江,风电,combined,1.3333333333333333,20.0,True,33.0,660000.0,0.0,0.0,0.054569036985107955,0.30135991439500387,
W2902,黑龙江,风电,combined,1.3333333333333333,20.0,True,33.0,660000.0,0.0,0.0,0.054569036985107955,0.30135991439500387,
W2907,黑龙江,风电,combined,1.3333333333333333,20.0,True,33.0,660000.0,0.0,0.0,0.054569036985107955,0.30135991439500387,
W2911,黑龙江,风电,combined,1.3333333333333333,20.0,True,33.0,660000.0,0.0,0.0,0.054569036985107955,0.30135991439500387,
W2919,黑龙江,风电,combined,1.3333333333333333,20.0,True,33.0,660000.0,0.0,0.0,0.054569036985107955,0.30135991439500387,
W2924,黑龙江,风电,combined,1.3333333333333333,20.0,True,33.0,660000.0,0.0,0.0,0.054569036985107955,0.30135991439500387,
W2934,黑龙江,风电,combined,1.3333333333333333,20.0,True,33.0,660000.0,0.0,0.0,0.054569036985107955,0.30135991439500387,
W2966,黑龙江,风电,combined,1.3333333333333333,20.0,True,33.0,660000.0,0.0,0.0,0.054569036985107955,0.30135991439500387,
W2967,黑龙江,风电,combined,1.3333333333333333,20.0,True,33.0,660000.0,0.0,0.0,0.054569036985107955,0.30135991439500387,
W2970,黑龙江,风电,combined,1.3333333333333333,20.0,True,33.0,660000.0,0.0,0.0,0.054569036985107955,0.30135991439500387,
W2972,黑龙江,风电,combined,1.3333333333333333,20.0,True,33.0,660000.0,0.0,0.0,0.054569036985107955,0.30135991439500387,
W2975,黑龙江,风电,combined,1.3333333333333333,20.0,True,33.0,660000.0,0.0,0.0,0.054569036985107955,0.30135991439500387,
W2978,黑龙江,风电,combined,1.3333333333333333,20.0,True,33.0,660000.0,0.0,0.0,0.054569036985107955,0.30135991439500387,
W2979,黑龙江,风电,combined,1.3333333333333333,20.0,True,33.0,660000.0,0.0,0.0,0.054569036985107955,0.30135991439500387,
W3240,内蒙古,风电,combined,1.3333333333333333,20.0,True,33.0,660000.0,0.0,0.0,0.054569036985107955,0.30135991439500387,
W3243,湖南,风电,combined,1.3333333333333333,3.3,False,38.500000000000014,159000.0,0.0,0.0,0.0384232489180073,0.11299634339877196,
W3274,内蒙古,风电,combined,1.3333333333333333,20.0,True,33.0,660000.0,0.0,0.0,0.054569036985107955,0.30135991439500387,
W3282,内蒙古,风电,combined,1.3333333333333333,20.0,True,33.0,660000.0,0.0,0.0,0.054569036985107955,0.30135991439500387,
W3410,湖南,风电,combined,1.3333333333333333,20.0,True,33.0,660000.0,0.0,0.0,0.054569036985107955,0.30135991439500387,
W3447,湖南,风电,combined,1.3333333333333333,20.0,True,33.0,660000.0,0.0,0.0,0.054569036985107955,0.30135991439500387,
W3449,湖南,风电,combined,1.3333333333333333,20.0,True,33.0,660000.0,0.0,0.0,0.054569036985107955,0.30135991439500387,
W3459,湖南,风电,combined,1.3333333333333333,20.0,True,33.0,660000.0,0.0,0.0,0.054569036985107955,0.30135991439500387,
W3463,湖南,风电,combined,1.3333333333333333,2.8,False,41.000000000000014,144000.0,0.0,0.0,0.031754668903146266,0.10094688001278906,
W3983,湖南,风电,combined,1.3333333333333333,20.0,True,33.0,660000.0,0.0,0.0,0.054569036985107955,0.30135991439500387,
W4047,内蒙古,风电,combined,1.3333333333333333,3.4,False,38.000000000000014,162000.0,0.0,0.0,0.03980305688939201,0.11528404976045792,
W4050,内蒙古,风电,combined,1.3333333333333333,20.0,True,33.0,660000.0,0.0,0.0,0.054569036985107955,0.30135991439500387,
W4054,内蒙古,风电,combined,1.3333333333333333,20.0,True,33.0,660000.0,0.0,0.0,0.054569036985107955,0.30135991439500387,
W4062,内蒙古,风电,combined,1.3333333333333333,3.4,False,38.000000000000014,162000.0,0.0,0.0,0.03980305688939201,0.11528404976045792,
W4101,内蒙古,风电,combined,1.3333333333333333,2.9,False,40.50000000000001,147000.0,0.0,0.0,0.03305886328035135,0.10344339213304021,
W4230,内蒙古,风电,combined,1.3333333333333333,2.9,False,40.50000000000001,147000.0,0.0,0.0,0.03305886328035135,0.10344339213304021,
W4253,内蒙古,风电,combined,1.3333333333333333,2.9,False,40.50000000000001,147000.0,0.0,0.0,0.03305886328035135,0.10344339213304021,
W4268,内蒙古,风电,combined,1.3333333333333333,20.0,True,33.0,660000.0,0.0,0.0,0.054569036985107955,0.30135991439500387,
W4304,内蒙古,风电,combined,1.3333333333333333,20.0,True,33.0,660000.0,0.0,0.0,0.054569036985107955,0.30135991439500387,
W4313,内蒙古,风电,combined,1.3333333333333333,1.5,False,47.50000000000001,105000.0,0.32500000000000007,0.03575000000000001,0.015975470009445214,0.06340287960938196,0.11614671252186093
W4386,内蒙古,风电,combined,1.3333333333333333,20.0,True,33.0,660000.0,0.0,0.0,0.054569036985107955,0.30135991439500387,
W4461,内蒙古,风电,combined,1.3333333333333333,20.0,True,33.0,660000.0,0.0,0.0,0.054569036985107955,0.30135991439500387,
W4475,内蒙古,风电,combined,1.3333333333333333,20.0,True,33.0,660000.0,0.0,0.0,0.054569036985107955,0.30135991439500387,
W4484,内蒙古,风电,combined,1.3333333333333333,20.0,True,33.0,660000.0,0.0,0.0,0.054569036985107955,0.30135991439500387,
W4505,内蒙古,风电,combined,1.3333333333333333,20.0,True,33.0,660000.0,0.0,0.0,0.054569036985107955,0.30135991439500387,
W4510,内蒙古,风电,combined,1.3333333333333333,20.0,True,33.0,660000.0,0.0,0.0,0.054569036985107955,0.30135991439500387,
W4517,内蒙古,风电,combined,1.3333333333333333,20.0,True,33.0,660000.0,0.0,0.0,0.054569036985107955,0.30135991439500387,
W4522,内蒙古,风电,combined,1.3333333333333333,20.0,True,33.0,660000.0,0.0,0.0,0.054569036985107955,0.30135991439500387,
W4534,内蒙古,风电,combined,1.3333333333333333,1.0,False,50.00000000000001,90000.0,0.55,0.060500000000000005,0.010415245157134101,0.04554733401221789,0.0635626396783594
W4548,内蒙古,风电,combined,1.3333333333333333,4.5,False,33.0,195000.0,0.0,0.0,0.054569036985107955,0.13823150649851002,
W4551,内蒙古,风电,combined,1.3333333333333333,20.0,True,33.0,660000.0,0.0,0.0,0.054569036985107955,0.30135991439500387,
W4588,内蒙古,风电,combined,1.3333333333333333,20.0,True,33.0,660000.0,0.0,0.0,0.054569036985107955,0.30135991439500387,
W4603,内蒙古,风电,combined,1.3333333333333333,20.0,True,33.0,660000.0,0.0,0.0,0.054569036985107955,0.30135991439500387,
W4611,内蒙古,风电,combined,1.3333333333333333,20.0,True,33.0,660000.0,0.0,0.0,0.054569036985107955,0.30135991439500387,
W4721,内蒙古,风电,combined,1.3333333333333333,20.0,True,33.0,660000.0,0.0,0.0,0.054569036985107955,0.30135991439500387,
W4736,内蒙古,风电,combined,1.3333333333333333,20.0,True,33.0,660000.0,0.0,0.0,0.054569036985107955,0.30135991439500387,
W4753,内蒙古,风电,combined,1.3333333333333333,20.0,True,33.0,660000.0,0.0,0.0,0.054569036985107955,0.30135991439500387,
W4783,内蒙古,风电,combined,1.3333333333333333,20.0,True,33.0,660000.0,0.0,0.0,0.054569036985107955,0.30135991439500387,
W4791,内蒙古,风电,combined,1.3333333333333333,20.0,True,33.0,660000.0,0.0,0.0,0.054569036985107955,0.30135991439500387,
W4807,内蒙古,风电,combined,1.3333333333333333,20.0,True,33.0,660000.0,0.0,0.0,0.054569036985107955,0.30135991439500387,
W4808,内蒙古,风电,combined,1.3333333333333333,20.0,True,33.0,660000.0,0.0,0.0,0.054569036985107955,0.30135991439500387,
W4814,内蒙古,风电,combined,1.3333333333333333,20.0,True,33.0,660000.0,0.0,0.0,0.054569036985107955,0.30135991439500387,
W4815,内蒙古,风电,combined,1.3333333333333333,20.0,True,33.0,660000.0,0.0,0.0,0.054569036985107955,0.30135991439500387,
W4832,内蒙古,风电,combined,1.3333333333333333,20.0,True,33.0,660000.0,0.0,0.0,0.054569036985107955,0.30135991439500387,
W4837,内蒙古,风电,combined,1.3333333333333333,20.0,True,33.0,660000.0,0.0,0.0,0.054569036985107955,0.30135991439500387,
W4852,内蒙古,风电,combined,1.3333333333333333,20.0,True,33.0,660000.0,0.0,0.0,0.054569036985107955,0.30135991439500387,
W4875,内蒙古,风电,combined,1.3333333333333333,3.9,False,35.500000000000014,177000.0,0.0,0.0,0.04695443861130888,0.1261860574758933,
W4888,内蒙古,风电,combined,1.3333333333333333,3.9,False,35.500000000000014,177000.0,0.0,0.0,0.04695443861130888,0.1261860574758933,
W4968,内蒙古,风电,combined,1.3333333333333333,20.0,True,33.0,660000.0,0.0,0.0,0.054569036985107955,0.30135991439500387,
W4991,内蒙古,风电,combined,1.3333333333333333,3.0,False,40.000000000000014,150000.0,0.0,0.0,0.034377469677406514,0.10589495681214411,
W5005,青海,风电,combined,1.3333333333333333,20.0,True,33.0,660000.0,0.0,0.0,0.054569036985107955,0.30135991439500387,
W5007,青海,风电,combined,1.3333333333333333,20.0,True,33.0,660000.0,0.0,0.0,0.054569036985107955,0.30135991439500387,
W5009,青海,风电,combined,1.3333333333333333,20.0,True,33.0,660000.0,0.0,0.0,0.054569036985107955,0.30135991439500387,
W5010,青海,风电,combined,1.3333333333333333,20.0,True,33.0,660000.0,0.0,0.0,0.054569036985107955,0.30135991439500387,
W5014,青海,风电,combined,1.3333333333333333,20.0,True,33.0,660000.0,0.0,0.0,0.054569036985107955,0.30135991439500387,
W5019,青海,风电,combined,1.3333333333333333,20.0,True,33.0,660000.0,0.0,0.0,0.054569036985107955,0.30135991439500387,
W5021,青海,风电,combined,1.3333333333333333,20.0,True,33.0,660000.0,0.0,0.0,0.054569036985107955,0.30135991439500387,
W5022,青海,风电,combined,1.3333333333333333,20.0,True,33.0,660000.0,0.0,0.0,0.054569036985107955,0.30135991439500387,
W5025,青海,风电,combined,1.3333333333333333,20.0,True,33.0,660000.0,0.0,0.0,0.054569036985107955,0.30135991439500387,
W503,甘肃,风电,combined,1.3333333333333333,20.0,True,33.0,660000.0,0.0,0.0,0.054569036985107955,0.30135991439500387,
W5035,青海,风电,combined,1.3333333333333333,20.0,True,33.0,660000.0,0.0,0.0,0.054569036985107955,0.30135991439500387,
W5112,辽宁,风电,combined,1.3333333333333333,1.3,False,48.50000000000001,99000.0,0.41500000000000004,0.04565,0.013720819729736045,0.05655157771527919,0.0920907881949925
W5190,辽宁,风电,combined,1.3333333333333333,20.0,True,33.0,660000.0,0.0,0.0,0.054569036985107955,0.30135991439500387,
W5243,辽宁,风电,combined,1.3333333333333333,20.0,True,33.0,660000.0,0.0,0.0,0.054569036985107955,0.30135991439500387,
W5305,辽宁,风电,combined,1.3333333333333333,20.0,True,33.0,660000.0,0.0,0.0,0.054569036985107955,0.30135991439500387,
W5423,辽宁,风电,combined,1.3333333333333333,20.0,True,33.0,660000.0,0.0,0.0,0.054569036985107955,0.30135991439500387,
W5501,山东,风电,combined,1.3333333333333333,1.3,False,48.50000000000001,99000.0,0.41500000000000004,0.04565,0.013720819729736045,0.05655157771527919,0.0920907881949925
W5754,青海,风电,combined,1.3333333333333333,20.0,True,33.0,660000.0,0.0,0.0,0.054569036985107955,0.30135991439500387,
W5824,吉林,风电,combined,1.3333333333333333,4.1,False,34.50000000000002,183000.0,0.0,0.0,0.04994116534169557,0.13031773364798638,
W583,甘肃,风电,combined,1.3333333333333333,20.0,True,33.0,660000.0,0.0,0.0,0.054569036985107955,0.30135991439500387,
W584,甘肃,风电,combined,1.3333333333333333,20.0,True,33.0,660000.0,0.0,0.0,0.054569036985107955,0.30135991439500387,
W585,甘肃,风电,combined,1.3333333333333333,20.0,True,33.0,660000.0,0.0,0.0,0.054569036985107955,0.30135991439500387,
W5940,青海,风电,combined,1.3333333333333333,20.0,True,33.0,660000.0,0.0,0.0,0.054569036985107955,0.30135991439500387,
W5948,吉林,风电,combined,1.3333333333333333,3.8,False,36.00000000000002,174000.0,0.0,0.0,0.045489059171820334,0.12407325508155065,
W5967,辽宁,风电,combined,1.3333333333333333,3.5,False,37.500000000000014,165000.0,0.0,0.0,0.04119912154922811,0.117534351049847,
W6268,山西,风电,combined,1.3333333333333333,20.0,True,33.0,660000.0,0.0,0.0,0.054569036985107955,0.30135991439500387,
W6270,山西,风电,combined,1.3333333333333333,20.0,True,33.0,660000.0,0.0,0.0,0.054569036985107955,0.30135991439500387,
W6271,山西,风电,combined,1.3333333333333333,20.0,True,33.0,660000.0,0.0,0.0,0.054569036985107955,0.30135991439500387,
W629,甘肃,风电,combined,1.3333333333333333,2.5,False,42.500000000000014,135000.0,0.0,0.0,0.027925310333144604,0.0931692276600562,
W6339,山东,风电,combined,1.3333333333333333,1.3,False,48.50000000000001,99000.0,0.41500000000000004,0.04565,0.013720819729736045,0.05655157771527919,0.0920907881949925
W6375,山东,风电,combined,1.3333333333333333,4.5,False,33.0,195000.0,0.0,0.0,0.054569036985107955,0.13823150649851002,
W6384,山东,风电,combined,1.3333333333333333,4.5,False,33.0,195000.0,0.0,0.0,0.054569036985107955,0.13823150649851002,
W6386,山东,风电,combined,1.3333333333333333,4.5,False,33.0,195000.0,0.0,0.0,0.054569036985107955,0.13823150649851002,
W6452,山西,风电,combined,1.3333333333333333,20.0,True,33.0,660000.0,0.0,0.0,0.054569036985107955,0.30135991439500387,
W6550,山西,风电,combined,1.3333333333333333,20.0,True,33.0,660000.0,0.0,0.0,0.054569036985107955,0.30135991439500387,
W6710,山西,风电,combined,1.3333333333333333,20.0,True,33.0,660000.0,0.0,0.0,0.054569036985107955,0.30135991439500387,
W6723,山西,风电,combined,1.3333333333333333,20.0,True,33.0,660000.0,0.0,0.0,0.054569036985107955,0.30135991439500387,
W6906,山西,风电,combined,1.3333333333333333,20.0,True,33.0,660000.0,0.0,0.0,0.054569036985107955,0.30135991439500387,
W6910,山东,风电,combined,1.3333333333333333,1.3,False,48.50000000000001,99000.0,0.41500000000000004,0.04565,0.013720819729736045,0.05655157771527919,0.0920907881949925
W6914,山西,风电,combined,1.3333333333333333,20.0,True,33.0,660000.0,0.0,0.0,0.054569036985107955,0.30135991439500387,
W6915,山西,风电,combined,1.3333333333333333,20.0,True,33.0,660000.0,0.0,0.0,0.054569036985107955,0.30135991439500387,
W6918,山东,风电,combined,1.3333333333333333,1.3,False,48.50000000000001,99000.0,0.41500000000000004,0.04565,0.013720819729736045,0.05655157771527919,0.0920907881949925
W6931,山东,风电,combined,1.3333333333333333,1.3,False,48.50000000000001,99000.0,0.41500000000000004,0.04565,0.013720819729736045,0.05655157771527919,0.0920907881949925
W6937,山东,风电,combined,1.3333333333333333,4.5,False,33.0,195000.0,0.0,0.0,0.054569036985107955,0.13823150649851002,
W6945,山东,风电,combined,1.3333333333333333,20.0,True,33.0,660000.0,0.0,0.0,0.054569036985107955,0.30135991439500387,
W6954,山东,风电,combined,1.3333333333333333,4.5,False,33.0,195000.0,0.0,0.0,0.054569036985107955,0.13823150649851002,
W6956,山东,风电,combined,1.3333333333333333,4.5,False,33.0,195000.0,0.0,0.0,0.054569036985107955,0.13823150649851002,
W7010,新疆,风电,combined,1.3333333333333333,20.0,True,33.0,660000.0,0.0,0.0,0.054569036985107955,0.30135991439500387,
W7013,新疆,风电,combined,1.3333333333333333,20.0,True,33.0,660000.0,0.0,0.0,0.054569036985107955,0.30135991439500387,
W7016,新疆,风电,combined,1.3333333333333333,20.0,True,33.0,660000.0,0.0,0.0,0.054569036985107955,0.30135991439500387,
W7058,山西,风电,combined,1.3333333333333333,20.0,True,33.0,660000.0,0.0,0.0,0.054569036985107955,0.30135991439500387,
W7080,山西,风电,combined,1.3333333333333333,20.0,True,33.0,660000.0,0.0,0.0,0.054569036985107955,0.30135991439500387,
W7118,山西,风电,combined,1.3333333333333333,20.0,True,33.0,660000.0,0.0,0.0,0.054569036985107955,0.30135991439500387,
W7124,山西,风电,combined,1.3333333333333333,20.0,True,33.0,660000.0,0.0,0.0,0.054569036985107955,0.30135991439500387,
W7125,山西,风电,combined,1.3333333333333333,20.0,True,33.0,660000.0,0.0,0.0,0.054569036985107955,0.30135991439500387,
W7127,山西,风电,combined,1.3333333333333333,20.0,True,33.0,660000.0,0.0,0.0,0.054569036985107955,0.30135991439500387,
W7194,新疆,风电,combined,1.3333333333333333,20.0,True,33.0,660000.0,0.0,0.0,0.054569036985107955,0.30135991439500387,
W7196,山西,风电,combined,1.3333333333333333,20.0,True,33.0,660000.0,0.0,0.0,0.054569036985107955,0.30135991439500387,
W7208,新疆,风电,combined,1.3333333333333333,20.0,True,33.0,660000.0,0.0,0.0,0.054569036985107955,0.30135991439500387,
W7213,新疆,风电,combined,1.3333333333333333,20.0,True,33.0,660000.0,0.0,0.0,0.054569036985107955,0.30135991439500387,
W7224,新疆,风电,combined,1.3333333333333333,20.0,True,33.0,660000.0,0.0,0.0,0.054569036985107955,0.30135991439500387,
W7233,新疆,风电,combined,1.3333333333333333,20.0,True,33.0,660000.0,0.0,0.0,0.054569036985107955,0.30135991439500387,
W7243,新疆,风电,combined,1.3333333333333333,20.0,True,33.0,660000.0,0.0,0.0,0.054569036985107955,0.30135991439500387,
W7245,新疆,风电,combined,1.3333333333333333,20.0,True,33.0,660000.0,0.0,0.0,0.054569036985107955,0.30135991439500387,
W7248,山西,风电,combined,1.3333333333333333,20.0,True,33.0,660000.0,0.0,0.0,0.054569036985107955,0.30135991439500387,
W7253,山西,风电,combined,1.3333333333333333,20.0,True,33.0,660000.0,0.0,0.0,0.054569036985107955,0.30135991439500387,
W7256,新疆,风电,combined,1.3333333333333333,20.0,True,33.0,660000.0,0.0,0.0,0.054569036985107955,0.30135991439500387,
W7258,新疆,风电,combined,1.3333333333333333,20.0,True,33.0,660000.0,0.0,0.0,0.054569036985107955,0.30135991439500387,
W7260,山西,风电,combined,1.3333333333333333,20.0,True,33.0,660000.0,0.0,0.0,0.054569036985107955,0.30135991439500387,
W7268,新疆,风电,combined,1.3333333333333333,20.0,True,33.0,660000.0,0.0,0.0,0.054569036985107955,0.30135991439500387,
W7269,山西,风电,combined,1.3333333333333333,20.0,True,33.0,660000.0,0.0,0.0,0.054569036985107955,0.30135991439500387,
W7273,新疆,风电,combined,1.3333333333333333,20.0,True,33.0,660000.0,0.0,0.0,0.054569036985107955,0.30135991439500387,
W7276,新疆,风电,combined,1.3333333333333333,20.0,True,33.0,660000.0,0.0,0.0,0.054569036985107955,0.30135991439500387,
W7277,山西,风电,combined,1.3333333333333333,20.0,True,33.0,660000.0,0.0,0.0,0.054569036985107955,0.30135991439500387,
W7285,新疆,风电,combined,1.3333333333333333,20.0,True,33.0,660000.0,0.0,0.0,0.054569036985107955,0.30135991439500387,
W7287,新疆,风电,combined,1.3333333333333333,20.0,True,33.0,660000.0,0.0,0.0,0.054569036985107955,0.30135991439500387,
W7371,山西,风电,combined,1.3333333333333333,20.0,True,33.0,660000.0,0.0,0.0,0.054569036985107955,0.30135991439500387,
W7380,新疆,风电,combined,1.3333333333333333,20.0,True,33.0,660000.0,0.0,0.0,0.054569036985107955,0.30135991439500387,
W7381,新疆,风电,combined,1.3333333333333333,20.0,True,33.0,660000.0,0.0,0.0,0.054569036985107955,0.30135991439500387,
W7382,山西,风电,combined,1.3333333333333333,20.0,True,33.0,660000.0,0.0,0.0,0.054569036985107955,0.30135991439500387,
W7383,新疆,风电,combined,1.3333333333333333,20.0,True,33.0,660000.0,0.0,0.0,0.054569036985107955,0.30135991439500387,
W7399,新疆,风电,combined,1.3333333333333333,20.0,True,33.0,660000.0,0.0,0.0,0.054569036985107955,0.30135991439500387,
W7408,山西,风电,combined,1.3333333333333333,20.0,True,33.0,660000.0,0.0,0.0,0.054569036985107955,0.30135991439500387,
W7410,新疆,风电,combined,1.3333333333333333,20.0,True,33.0,660000.0,0.0,0.0,0.054569036985107955,0.30135991439500387,
W7421,新疆,风电,combined,1.3333333333333333,20.0,True,33.0,660000.0,0.0,0.0,0.054569036985107955,0.30135991439500387,
W7422,新疆,风电,combined,1.3333333333333333,20.0,True,33.0,660000.0,0.0,0.0,0.054569036985107955,0.30135991439500387,
W7424,新疆,风电,combined,1.3333333333333333,20.0,True,33.0,660000.0,0.0,0.0,0.054569036985107955,0.30135991439500387,
W7431,新疆,风电,combined,1.3333333333333333,20.0,True,33.0,660000.0,0.0,0.0,0.054569036985107955,0.30135991439500387,
W7438,新疆,风电,combined,1.3333333333333333,20.0,True,33.0,660000.0,0.0,0.0,0.054569036985107955,0.30135991439500387,
W7447,新疆,风电,combined,1.3333333333333333,20.0,True,33.0,660000.0,0.0,0.0,0.054569036985107955,0.30135991439500387,
W7460,新疆,风电,combined,1.3333333333333333,20.0,True,33.0,660000.0,0.0,0.0,0.054569036985107955,0.30135991439500387,
W7468,新疆,风电,combined,1.3333333333333333,20.0,True,33.0,660000.0,0.0,0.0,0.054569036985107955,0.30135991439500387,
W7470,新疆,风电,combined,1.3333333333333333,20.0,True,33.0,660000.0,0.0,0.0,0.054569036985107955,0.30135991439500387,
W7474,山西,风电,combined,1.3333333333333333,20.0,True,33.0,660000.0,0.0,0.0,0.054569036985107955,0.30135991439500387,
W7477,新疆,风电,combined,1.3333333333333333,20.0,True,33.0,660000.0,0.0,0.0,0.054569036985107955,0.30135991439500387,
W7480,新疆,风电,combined,1.3333333333333333,20.0,True,33.0,660000.0,0.0,0.0,0.054569036985107955,0.30135991439500387,
W7487,新疆,风电,combined,1.3333333333333333,20.0,True,33.0,660000.0,0.0,0.0,0.054569036985107955,0.30135991439500387,
W7492,山西,风电,combined,1.3333333333333333,20.0,True,33.0,660000.0,0.0,0.0,0.054569036985107955,0.30135991439500387,
W7495,新疆,风电,combined,1.3333333333333333,20.0,True,33.0,660000.0,0.0,0.0,0.054569036985107955,0.30135991439500387,
W7508,新疆,风电,combined,1.3333333333333333,20.0,True,33.0,660000.0,0.0,0.0,0.054569036985107955,0.30135991439500387,
W7514,山西,风电,combined,1.3333333333333333,20.0,True,33.0,660000.0,0.0,0.0,0.054569036985107955,0.30135991439500387,
W7515,山西,风电,combined,1.3333333333333333,20.0,True,33.0,660000.0,0.0,0.0,0.054569036985107955,0.30135991439500387,
W7516,新疆,风电,combined,1.3333333333333333,20.0,True,33.0,660000.0,0.0,0.0,0.054569036985107955,0.30135991439500387,
W7520,山西,风电,combined,1.3333333333333333,20.0,True,33.0,660000.0,0.0,0.0,0.054569036985107955,0.30135991439500387,
W7521,山西,风电,combined,1.3333333333333333,20.0,True,33.0,660000.0,0.0,0.0,0.054569036985107955,0.30135991439500387,
W7522,新疆,风电,combined,1.3333333333333333,20.0,True,33.0,660000.0,0.0,0.0,0.054569036985107955,0.30135991439500387,
W7535,山西,风电,combined,1.3333333333333333,20.0,True,33.0,660000.0,0.0,0.0,0.054569036985107955,0.30135991439500387,
W7545,新疆,风电,combined,1.3333333333333333,20.0,True,33.0,660000.0,0.0,0.0,0.054569036985107955,0.30135991439500387,
W7546,新疆,风电,combined,1.3333333333333333,20.0,True,33.0,660000.0,0.0,0.0,0.054569036985107955,0.30135991439500387,
W7552,新疆,风电,combined,1.3333333333333333,20.0,True,33.0,660000.0,0.0,0.0,0.054569036985107955,0.30135991439500387,
W7559,新疆,风电,combined,1.3333333333333333,20.0,True,33.0,660000.0,0.0,0.0,0.054569036985107955,0.30135991439500387,
W7560,新疆,风电,combined,1.3333333333333333,20.0,True,33.0,660000.0,0.0,0.0,0.054569036985107955,0.30135991439500387,
W7567,新疆,风电,combined,1.3333333333333333,20.0,True,33.0,660000.0,0.0,0.0,0.054569036985107955,0.30135991439500387,
W7568,新疆,风电,combined,1.3333333333333333,20.0,True,33.0,660000.0,0.0,0.0,0.054569036985107955,0.30135991439500387,
W7571,山西,风电,combined,1.3333333333333333,20.0,True,33.0,660000.0,0.0,0.0,0.054569036985107955,0.30135991439500387,
W7578,新疆,风电,combined,1.3333333333333333,20.0,True,33.0,660000.0,0.0,0.0,0.054569036985107955,0.30135991439500387,
W7592,新疆,风电,combined,1.3333333333333333,20.0,True,33.0,660000.0,0.0,0.0,0.054569036985107955,0.30135991439500387,
W7600,新疆,风电,combined,1.3333333333333333,20.0,True,33.0,660000.0,0.0,0.0,0.054569036985107955,0.30135991439500387,
W7603,山西,风电,combined,1.3333333333333333,20.0,True,33.0,660000.0,0.0,0.0,0.054569036985107955,0.30135991439500387,
W7606,新疆,风电,combined,1.3333333333333333,20.0,True,33.0,660000.0,0.0,0.0,0.054569036985107955,0.30135991439500387,
W7611,山西,风电,combined,1.3333333333333333,20.0,True,33.0,660000.0,0.0,0.0,0.054569036985107955,0.30135991439500387,
W7626,山西,风电,combined,1.3333333333333333,20.0,True,33.0,660000.0,0.0,0.0,0.054569036985107955,0.30135991439500387,
W7639,山西,风电,combined,1.3333333333333333,20.0,True,33.0,660000.0,0.0,0.0,0.054569036985107955,0.30135991439500387,
W7661,山西,风电,combined,1.3333333333333333,20.0,True,33.0,660000.0,0.0,0.0,0.054569036985107955,0.30135991439500387,
W7664,新疆,风电,combined,1.3333333333333333,20.0,True,33.0,660000.0,0.0,0.0,0.054569036985107955,0.30135991439500387,
W7672,新疆,风电,combined,1.3333333333333333,20.0,True,33.0,660000.0,0.0,0.0,0.054569036985107955,0.30135991439500387,
W7680,新疆,风电,combined,1.3333333333333333,20.0,True,33.0,660000.0,0.0,0.0,0.054569036985107955,0.30135991439500387,
W7683,新疆,风电,combined,1.3333333333333333,20.0,True,33.0,660000.0,0.0,0.0,0.054569036985107955,0.30135991439500387,
W7693,山西,风电,combined,1.3333333333333333,20.0,True,33.0,660000.0,0.0,0.0,0.054569036985107955,0.30135991439500387,
W7700,山西,风电,combined,1.3333333333333333,20.0,True,33.0,660000.0,0.0,0.0,0.054569036985107955,0.30135991439500387,
W7725,新疆,风电,combined,1.3333333333333333,20.0,True,33.0,660000.0,0.0,0.0,0.054569036985107955,0.30135991439500387,
W7727,新疆,风电,combined,1.3333333333333333,20.0,True,33.0,660000.0,0.0,0.0,0.054569036985107955,0.30135991439500387,
W7735,新疆,风电,combined,1.3333333333333333,20.0,True,33.0,660000.0,0.0,0.0,0.054569036985107955,0.30135991439500387,
W7754,山西,风电,combined,1.3333333333333333,20.0,True,33.0,660000.0,0.0,0.0,0.054569036985107955,0.30135991439500387,
W7757,新疆,风电,combined,1.3333333333333333,20.0,True,33.0,660000.0,0.0,0.0,0.054569036985107955,0.30135991439500387,
W7776,新疆,风电,combined,1.3333333333333333,20.0,True,33.0,660000.0,0.0,0.0,0.054569036985107955,0.30135991439500387,
W7784,新疆,风电,combined,1.3333333333333333,20.0,True,33.0,660000.0,0.0,0.0,0.054569036985107955,0.30135991439500387,
W7787,新疆,风电,combined,1.3333333333333333,20.0,True,33.0,660000.0,0.0,0.0,0.054569036985107955,0.30135991439500387,
W7788,山西,风电,combined,1.3333333333333333,20.0,True,33.0,660000.0,0.0,0.0,0.054569036985107955,0.30135991439500387,
W7789,山西,风电,combined,1.3333333333333333,20.0,True,33.0,660000.0,0.0,0.0,0.054569036985107955,0.30135991439500387,
W7794,山西,风电,combined,1.3333333333333333,20.0,True,33.0,660000.0,0.0,0.0,0.054569036985107955,0.30135991439500387,
W7799,山西,风电,combined,1.3333333333333333,20.0,True,33.0,660000.0,0.0,0.0,0.054569036985107955,0.30135991439500387,
W7804,新疆,风电,combined,1.3333333333333333,20.0,True,33.0,660000.0,0.0,0.0,0.054569036985107955,0.30135991439500387,
W7806,新疆,风电,combined,1.3333333333333333,20.0,True,33.0,660000.0,0.0,0.0,0.054569036985107955,0.30135991439500387,
W7812,山西,风电,combined,1.3333333333333333,20.0,True,33.0,660000.0,0.0,0.0,0.054569036985107955,0.30135991439500387,
W7816,新疆,风电,combined,1.3333333333333333,20.0,True,33.0,660000.0,0.0,0.0,0.054569036985107955,0.30135991439500387,
W7828,新疆,风电,combined,1.3333333333333333,20.0,True,33.0,660000.0,0.0,0.0,0.054569036985107955,0.30135991439500387,
W7838,山西,风电,combined,1.3333333333333333,20.0,True,33.0,660000.0,0.0,0.0,0.054569036985107955,0.30135991439500387,
W7844,新疆,风电,combined,1.3333333333333333,20.0,True,33.0,660000.0,0.0,0.0,0.054569036985107955,0.30135991439500387,
W7846,山西,风电,combined,1.3333333333333333,20.0,True,33.0,660000.0,0.0,0.0,0.054569036985107955,0.30135991439500387,
W7850,山西,风电,combined,1.3333333333333333,20.0,True,33.0,660000.0,0.0,0.0,0.054569036985107955,0.30135991439500387,
W7851,新疆,风电,combined,1.3333333333333333,20.0,True,33.0,660000.0,0.0,0.0,0.054569036985107955,0.30135991439500387,
W7852,山西,风电,combined,1.3333333333333333,20.0,True,33.0,660000.0,0.0,0.0,0.054569036985107955,0.30135991439500387,
W7865,新疆,风电,combined,1.3333333333333333,20.0,True,33.0,660000.0,0.0,0.0,0.054569036985107955,0.30135991439500387,
W7877,山西,风电,combined,1.3333333333333333,20.0,True,33.0,660000.0,0.0,0.0,0.054569036985107955,0.30135991439500387,
W7883,新疆,风电,combined,1.3333333333333333,20.0,True,33.0,660000.0,0.0,0.0,0.054569036985107955,0.30135991439500387,
W7884,山西,风电,combined,1.3333333333333333,20.0,True,33.0,660000.0,0.0,0.0,0.054569036985107955,0.30135991439500387,
W7890,新疆,风电,combined,1.3333333333333333,20.0,True,33.0,660000.0,0.0,0.0,0.054569036985107955,0.30135991439500387,
W7927,新疆,风电,combined,1.3333333333333333,20.0,True,33.0,660000.0,0.0,0.0,0.054569036985107955,0.30135991439500387,
W7935,山西,风电,combined,1.3333333333333333,20.0,True,33.0,660000.0,0.0,0.0,0.054569036985107955,0.30135991439500387,
W7941,山西,风电,combined,1.3333333333333333,20.0,True,33.0,660000.0,0.0,0.0,0.054569036985107955,0.30135991439500387,
W7948,山西,风电,combined,1.3333333333333333,20.0,True,33.0,660000.0,0.0,0.0,0.054569036985107955,0.30135991439500387,
W7953,山西,风电,combined,1.3333333333333333,20.0,True,33.0,660000.0,0.0,0.0,0.054569036985107955,0.30135991439500387,
W7958,山西,风电,combined,1.3333333333333333,20.0,True,33.0,660000.0,0.0,0.0,0.054569036985107955,0.30135991439500387,
W7978,山西,风电,combined,1.3333333333333333,20.0,True,33.0,660000.0,0.0,0.0,0.054569036985107955,0.30135991439500387,
W8000,新疆,风电,combined,1.3333333333333333,20.0,True,33.0,660000.0,0.0,0.0,0.054569036985107955,0.30135991439500387,
W8045,云南,风电,combined,1.3333333333333333,20.0,True,33.0,660000.0,0.0,0.0,0.054569036985107955,0.30135991439500387,
W8050,云南,风电,combined,1.3333333333333333,20.0,True,33.0,660000.0,0.0,0.0,0.054569036985107955,0.30135991439500387,
W8096,云南,风电,combined,1.3333333333333333,20.0,True,33.0,660000.0,0.0,0.0,0.054569036985107955,0.30135991439500387,
W8098,云南,风电,combined,1.3333333333333333,20.0,True,33.0,660000.0,0.0,0.0,0.054569036985107955,0.30135991439500387,
W8111,云南,风电,combined,1.3333333333333333,20.0,True,33.0,660000.0,0.0,0.0,0.054569036985107955,0.30135991439500387,
W8113,云南,风电,combined,1.3333333333333333,20.0,True,33.0,660000.0,0.0,0.0,0.054569036985107955,0.30135991439500387,
W8153,云南,风电,combined,1.3333333333333333,20.0,True,33.0,660000.0,0.0,0.0,0.054569036985107955,0.30135991439500387,
W8162,云南,风电,combined,1.3333333333333333,20.0,True,33.0,660000.0,0.0,0.0,0.054569036985107955,0.30135991439500387,
W8182,云南,风电,combined,1.3333333333333333,20.0,True,33.0,660000.0,0.0,0.0,0.054569036985107955,0.30135991439500387,
W8214,云南,风电,combined,1.3333333333333333,20.0,True,33.0,660000.0,0.0,0.0,0.054569036985107955,0.30135991439500387,
W912,甘肃,风电,combined,1.3333333333333333,20.0,True,33.0,660000.0,0.0,0.0,0.054569036985107955,0.30135991439500387,
W922,甘肃,风电,combined,1.3333333333333333,20.0,True,33.0,660000.0,0.0,0.0,0.054569036985107955,0.30135991439500387,
W925,甘肃,风电,combined,1.3333333333333333,20.0,True,33.0,660000.0,0.0,0.0,0.054569036985107955,0.30135991439500387,
W994,甘肃,风电,combined,1.3333333333333333,20.0,True,33.0,660000.0,0.0,0.0,0.054569036985107955,0.30135991439500387,
